sample_index,time,ky_index,ky,log_amplitude,raw_amplitude,window_growth
0,0.0,0,0.1,-5.424189390856534,0.004408638396364129,
0,0.0,1,0.2,-5.474439671058523,0.004192577114235351,
0,0.0,2,0.3,-5.514137129565598,0.004029402691305122,
1,0.1,0,0.1,-5.358969370719301,0.004705753496565008,0.6522002013723327
1,0.1,1,0.2,-5.411052549734336,0.004466936063740784,0.6338712132418678
1,0.1,2,0.3,-5.458432643896426,0.004260227808757841,0.5570448566917197
2,0.2,0,0.1,-5.295180240033093,1.0658676162896346,0.6378913068620751
2,0.2,1,0.2,-5.348579389775832,1.0644658882258304,0.62473159958504
2,0.2,2,0.3,-5.402291493249231,1.057746974870165,0.5614115064719538
3,0.3,0,0.1,-5.2331995034505026,1.0639418493746853,0.6198073658259063
3,0.3,1,0.2,-5.2875033833561895,1.062979704398353,0.6107600641964251
3,0.3,2,0.3,-5.346371978684025,1.0575125659526157,0.5591951456520584
4,0.4,0,0.1,-5.173236826036235,1.0617969167993637,0.599626774142674
4,0.4,1,0.2,-5.228120339346957,1.061181642171114,0.593830440092322
4,0.4,2,0.3,-5.291143858988151,1.0567816598917283,0.5522811969587413
5,0.5,0,0.1,-5.1153864427956925,1.0595564564470425,0.578503832405426
5,0.5,1,0.2,-5.170592298701433,1.0592149713098615,0.5752804064552387
5,0.5,2,0.3,-5.236927700414531,1.0557127788614467,0.542161585736194
6,0.6,0,0.1,-5.059665112846437,1.057303003997533,0.5572132994925562
6,0.6,1,0.2,-5.114988048352036,1.0571792226311745,0.5560425034939788
6,0.6,2,0.3,-5.183929636305523,1.05442760386048,0.5299806410900844
7,0.7000000000000001,0,0.1,-5.006038955959538,1.0550900902529536,0.5362615688689849
7,0.7000000000000001,1,0.2,-5.06131286745548,1.0551418162676252,0.5367518089655561
7,0.7000000000000001,2,0.3,-5.1322702691305935,1.0530169892633672,0.5165936717492943
8,0.8,0,0.1,-4.954442116837092,1.0529511482202738,0.5159683912244618
8,0.8,1,0.2,-5.009529993945777,1.0531470515637589,0.5178287350970302
8,0.8,2,0.3,-5.082007855255559,1.0515470006971137,0.5026241387503473
9,0.9,0,0.1,-4.904789579723351,1.0509058821395076,0.4965253711374108
9,0.9,1,0.2,-4.959575952723341,1.051222782351781,0.4995404122243575
9,0.9,2,0.3,-5.033156491310343,1.0500642617309555,0.48851363945216175
10,1.0,0,0.1,-4.856985868537444,1.0489647350713387,0.4780371118590755
10,1.0,1,0.2,-4.911371421405544,1.0493852655277036,0.48204531317797017
10,1.0,2,0.3,-4.985700159364745,1.0486004097817423,0.4745633194559763
11,1.1,0,0.1,-4.8109308955656305,1.0471319733311895,0.4605497297181312
11,1.1,1,0.2,-4.864828881806651,1.0476426444185076,0.4654253959889317
11,1.1,2,0.3,-4.939603427281702,1.0471757015447551,0.4609673208304251
12,1.2,0,0.1,-4.766523866870395,1.0454077792669896,0.44407028695235223
12,1.2,1,0.2,-4.819857962436337,1.0459974412021817,0.4497091937031434
12,1.2,2,0.3,-4.894819472660659,1.0458018948335577,0.44783954621043404
13,1.3,0,0.1,-4.723665891278279,1.0437896407173306,0.4285797559211609
13,1.3,1,0.2,-4.776369120215276,1.0444483405233138,0.43488842221060825
13,1.3,2,0.3,-4.851295967842849,1.0444845444424244,0.4352350481781016
14,1.4000000000000001,0,0.1,-4.682261745621263,1.0422732506454386,0.41404145657016184
14,1.4000000000000001,1,0.2,-4.734276123425247,1.0429914690994513,0.420929967900285
14,1.4000000000000001,2,0.3,-4.808979255311309,1.0432248288114983,0.42316712531539974
15,1.5,0,0.1,-4.642221101173426,1.0408530782313137,0.4004064444783678
15,1.5,1,0.2,-4.693497665342708,1.0416213171978967,0.4077845808253949
15,1.5,2,0.3,-4.767817163199167,1.0420209952412804,0.4116209211214189
16,1.6,0,0.1,-4.603459402005985,1.0395227349987615,0.3876169916744129
16,1.6,1,0.2,-4.653958344290016,1.0403314050067098,0.395393210526915
16,1.6,2,0.3,-4.727760755606051,1.0408694854789156,0.4005640759311643
17,1.7,0,0.1,-4.565898498870509,1.0382752293732385,0.37560903135475826
17,1.7,1,0.2,-4.615589179874069,1.039114766276495,0.38369164415947005
17,1.7,2,0.3,-4.688765274259939,1.0397657852978333,0.38995481346111355
18,1.8,0,0.1,-4.529467079907126,1.037103175967874,0.3643141896338339
18,1.8,1,0.2,-4.578327789073822,1.0379642997006402,0.3726139080024723
18,1.8,2,0.3,-4.65079049842343,1.0387050320825042,0.37974775836508956
19,1.9000000000000001,0,0.1,-4.494100901132626,1.0359990001954307,0.35366178774499846
19,1.9000000000000001,1,0.2,-4.542118313993796,1.0368730228030458,0.3620947508002633
19,1.9000000000000001,2,0.3,-4.61380072183211,1.0376824121325496,0.36989776591320267
20,2.0,0,0.1,-4.4597428037824045,1.0349551550765983,0.3435809735022137
20,2.0,1,0.2,-4.506911171385385,1.0358342519871766,0.3520714260841111
20,2.0,2,0.3,-4.577764514267054,1.0366933819544564,0.3603620756505604
21,2.1,0,0.1,-4.426342508695703,1.033964347261154,0.33400295086701143
21,2.1,1,0.2,-4.472662679200402,1.034841724862193,0.34248492184982354
21,2.1,2,0.3,-4.5426543993225,1.0357337522852677,0.35110114944553816
22,2.2,0,0.1,-4.393856194399125,1.033019755445229,0.3248631429657853
22,2.2,1,0.2,-4.439334604845625,1.0338896762956404,0.3332807435477744
22,2.2,2,0.3,-4.508446539939431,1.034799677197638,0.34207859383069
23,2.3000000000000003,0,0.1,-4.362245888239634,1.0321152179826198,0.31610306159490315
23,2.3000000000000003,1,0.2,-4.40689367139349,1.0329728772000948,0.32440933452134474
23,2.3000000000000003,2,0.3,-4.475120482323583,1.0338875912121839,0.3332605761584781
24,2.4,0,0.1,-4.331478721566747,1.0312453676417292,0.3076716667288715
24,2.4,1,0.2,-4.375311050360691,1.0320866441375869,0.3158262103279974
24,2.4,2,0.3,-4.4426589710848745,1.0329941337142043,0.3246151123870889
25,2.5,0,0.1,-4.301526114577612,1.0304056987678263,0.2995260698913513
25,2.5,1,0.2,-4.344561862087567,1.0312268276669154,0.30749188273123423
25,2.5,2,0.3,-4.41104781802541,1.032116092081341,0.31611153059464464
26,2.6,0,0.1,-4.2723629604568245,1.0295925630417688,0.2916315412078771
26,2.6,1,0.2,-4.314624697199709,1.030389787261523,0.2993716488785833
26,2.6,2,0.3,-4.380275787226906,1.0312503837609392,0.30772030798503963
27,2.7,0,0.1,-4.243966871229574,1.0288031015548174,0.28396089227250315
27,2.7,1,0.2,-4.285481165577556,1.0295723600613236,0.2914353162215286
27,2.7,2,0.3,-4.350334451522145,1.0303940848376263,0.29941335704760846
28,2.8000000000000003,0,0.1,-4.216317531365943,1.0280351302701625,0.27649339863630806
28,2.8000000000000003,1,0.2,-4.257115473415455,1.0287718294352064,0.28365692162100914
28,2.8000000000000003,2,0.3,-4.321217979622621,1.0295445004957713,0.29116471899524016
29,2.9,0,0.1,-4.189396183560414,1.0272870012089246,0.2692134780552911
29,2.9,1,0.2,-4.229514024990618,1.027985897367571,0.2760144842483757
29,2.9,2,0.3,-4.29292282673317,1.0286992631780507,0.2829515288945138
30,3.0,0,0.1,-4.163185248914369,1.0265574621724478,0.26210934646045714
30,3.0,1,0.2,-4.202665044068663,1.0272126623399789,0.26848980921954513
30,3.0,2,0.3,-4.265447320623428,1.02785643859611,0.27475506109741565
31,3.1,0,0.1,-4.137668065180922,1.0258455339752028,0.2551718373344689
31,3.1,1,0.2,-4.176558210402747,1.0264506020966928,0.2610683366591624
31,3.1,2,0.3,-4.2387911554447015,1.02701461866062,0.2665616517872669
32,3.2,0,0.1,-4.1128287146792175,1.0251504173948136,0.24839350501704138
32,3.2,1,0.2,-4.151184309061857,1.0256985589024228,0.2537390134088999
32,3.2,2,0.3,-4.21295482295285,1.0261729835534703,0.25836332491851777
33,3.3000000000000003,0,0.1,-4.088651909072905,1.024471434172031,0.24176805606312057
33,3.3000000000000003,1,0.2,-4.126534893558067,1.0249557239425593,0.24649415503789718
33,3.3000000000000003,2,0.3,-4.187939022136593,1.0253313214682473,0.2501580081625663
34,3.4,0,0.1,-4.065122900821614,1.0238079991955913,0.235290082512912
34,3.4,1,0.2,-4.102601967015936,1.0242216175011511,0.2393292654213139
34,3.4,2,0.3,-4.1637440919922035,1.0244900024118184,0.24194930144389645
35,3.5,0,0.1,-4.04222739881939,1.0231596158293983,0.2289550200222388
35,3.5,1,0.2,-4.079377688111033,1.0234960623837335,0.2322427890490262
35,3.5,2,0.3,-4.140369508406641,1.0236499101942802,0.23374583585562528
36,3.6,0,0.1,-4.019951475914091,1.0225258838624256,0.2227592290529932
36,3.6,1,0.2,-4.056854109628473,1.0227791494604823,0.22523578482560128
36,3.6,2,0.3,-4.117813476296894,1.0228123428923137,0.2255603210974664
37,3.7,0,0.1,-3.9982814660414463,1.0219065097655347,0.2167000987264476
37,3.7,1,0.2,-4.03502295703751,1.0220711958270083,0.21831152590962669
37,3.7,2,0.3,-4.096072634709358,1.0219788957196605,0.21740841587535956
38,3.8000000000000003,0,0.1,-3.9772038565513266,1.021301311235864,0.210776094901197
38,3.8000000000000003,1,0.2,-4.013875452578535,1.0213726975539477,0.21147504458975044
38,3.8000000000000003,2,0.3,-4.075141878233996,1.021151341071388,0.20930756475362225
39,3.9,0,0.1,-3.956705185784664,1.0207102114802509,0.20498670766662636
39,3.9,1,0.2,-3.993402187424075,1.0206842800418503,0.20473265154460202
39,3.9,2,0.3,-4.055014285305982,1.020331518807663,0.20127592928013877
40,4.0,0,0.1,-3.9367719568663206,1.0201332223539454,0.19933228918343354
40,4.0,1,0.2,-3.9735930410683187,1.0200066494624422,0.19809146355756352
40,4.0,2,0.3,-4.0356811345454355,1.0195212463242564,0.1933315076054674
41,4.1,0,0.1,-3.917390576599299,1.0195704185165728,0.1938138026702159
41,4.1,1,0.2,-3.95443714380262,1.0193405486353952,0.19155897265698732
41,4.1,2,0.3,-4.017131985118813,1.018722253553798,0.18549149426622402
42,4.2,0,0.1,-3.898547324365842,1.0190219066902082,0.18843252233457075
42,4.2,1,0.2,-3.9359228754395597,1.0186867200578467,0.1851426836306026
42,4.2,2,0.3,-3.9993547961876144,1.0179361436801682,0.17777188931198745
43,4.3,0,0.1,-3.8802283513068208,1.018487794750354,0.18318973059021257
43,4.3,1,0.2,-3.9180378916888956,1.0180458778372838,0.17884983750664116
43,4.3,2,0.3,-3.982336063109208,1.017164376766788,0.1701873307840624
44,4.4,0,0.1,-3.862419705871492,1.0179681648963113,0.1780864543532869
44,4.4,1,0.2,-3.900769168916904,1.0174186891640769,0.1726872277199156
44,4.4,2,0.3,-3.96606095299642,1.016408271140012,0.16275110112787952
45,4.5,0,0.1,-3.8451073788824663,1.0174630538766507,0.1731232698902569
45,4.5,1,0.2,-3.884103058420273,1.016805764869205,0.16666110496630862
45,4.5,2,0.3,-3.950513428223263,1.0156690163509365,0.15547524773157184
46,4.6000000000000005,0,0.1,-3.8282773599134012,1.016972441608379,0.1683001896906502
46,4.6000000000000005,1,0.2,-3.8680253426677296,1.0162076576802173,0.1607771575254349
46,4.6000000000000005,2,0.3,-3.935676352321452,1.0149476917070883,0.1483707590181097
47,4.7,0,0.1,-3.811915697011529,1.0164962479179906,0.16361662901872412
47,4.7,1,0.2,-3.852521287965284,1.0156248661065903,0.15504054702445702
47,4.7,2,0.3,-3.921531577603165,1.0142452853853223,0.1414477471828684
48,4.8,0,0.1,-3.796008553302278,1.0160343358459871,0.15907143709251115
48,4.8,1,0.2,-3.837575690386167,1.015057841509683,0.14945597579116895
48,4.8,2,0.3,-3.9080600173132534,1.0135627106106628,0.13471560289911857
49,4.9,0,0.1,-3.7805422563044377,1.015586519166857,0.15466296997839996
49,4.9,1,0.2,-3.823172914249161,1.0145069958672677,0.14402776137006168
49,4.9,2,0.3,-3.8952417070561003,1.0129008169513185,0.12818310257153007
50,5.0,0,0.1,-3.76550333832255,1.0151525715363416,0.15038917981887998
50,5.0,1,0.2,-3.8092969246041912,1.0139727080259324,0.1387598964496966
50,5.0,2,0.3,-3.8830558608121706,1.0122603961785264,0.12185846243929753
51,5.1000000000000005,0,0.1,-3.7508785685716415,1.014732234941502,0.1462476975090824
51,5.1000000000000005,1,0.2,-3.7959313167976063,1.0134553268133566,0.1336560780658484
51,5.1000000000000005,2,0.3,-3.871480926349503,1.0116421832328086,0.11574934462667602
52,5.2,0,0.1,-3.7366549793425805,1.0143252257814854,0.14223589229061023
52,5.2,1,0.2,-3.783059347016054,1.012955170185691,0.12871969781552517
52,5.2,2,0.3,-3.8604946435797327,1.0110468535871346,0.10986282769770245
53,5.3,0,0.1,-3.7228198893032385,1.0139312377901208,0.13835090039342074
53,5.3,1,0.2,-3.770663967633095,1.0124725204996137,0.12395379382959026
53,5.3,2,0.3,-3.8500741077271474,1.0104750187187475,0.10420535852585326
54,5.4,0,0.1,-3.7093609268950427,1.013549941947952,0.13458962408195702
54,5.4,1,0.2,-3.758727870241564,1.0120076168732364,0.11936097391530723
54,5.4,2,0.3,-3.8401958373709077,1.0099272215203605,0.09878270356239618
55,5.5,0,0.1,-3.6962660558445655,1.013180984344686,0.13094871050477289
55,5.5,1,0.2,-3.7472335376498416,1.0115606462661733,0.1149433259172254
55,5.5,2,0.3,-3.830835845778481,1.0094039333047482,0.09359991592426764
56,5.6000000000000005,0,0.1,-3.6835236033354004,1.0128239834906527,0.12742452509164992
56,5.6000000000000005,1,0.2,-3.7361633042076714,1.011131735213206,0.11070233442170115
56,5.6000000000000005,2,0.3,-3.8219697127783925,1.0089055535738312,0.08866133000088491
57,5.7,0,0.1,-3.6711222897516094,1.0124785287327145,0.12401313583791085
57,5.7,1,0.2,-3.7254994220617768,1.0107209439903226,0.1066388214589468
57,5.7,2,0.3,-3.8135726540297035,1.0084324129342768,0.08397058748689042
58,5.8,0,0.1,-3.659051257520975,1.0121441811716243,0.1207103223063437
58,5.8,1,0.2,-3.7152241297857596,1.0103282643708176,0.10275292276017237
58,5.8,2,0.3,-3.8056195851904904,1.0079847784984854,0.07953068839213123
59,5.9,0,0.1,-3.647300095816347,1.011820477854334,0.11751161704628137
59,5.9,1,0.2,-3.7053197196419063,1.009953621148475,0.09904410143853185
59,5.9,2,0.3,-3.7980851802877917,1.0075628599503752,0.07534404902698592
60,6.0,0,0.1,-3.6358588579471984,1.0115069391600877,0.11441237869148453
60,6.0,1,0.2,-3.6957686006667316,1.0095968764744305,0.09551118975174722
60,6.0,2,0.3,-3.7909439264375147,1.0071668134097633,0.0714125385027711
61,6.1000000000000005,0,0.1,-3.6247180692283725,1.0112030784093096,0.11140788718825896
61,6.1000000000000005,1,0.2,-3.686553356705762,1.0092578350501624,0.09215243960969795
61,6.1000000000000005,2,0.3,-3.7841701805541796,1.0067967395884998,0.06773745883334978
62,6.2,0,0.1,-3.6138687247706844,1.0109084120167624,0.10849344457688076
62,6.2,1,0.2,-3.677656801055924,1.0089362476210124,0.08896555649837744
62,6.2,2,0.3,-3.7777382371420054,1.0064526727797445,0.06431943412174257
63,6.3,0,0.1,-3.6033022786342546,1.010622468172481,0.10566446136429912
63,6.3,1,0.2,-3.66906203189447,1.0086318102336955,0.08594769161454105
63,6.3,2,0.3,-3.771622418794578,1.006134558148051,0.06115818347427492
64,6.4,0,0.1,-3.5930106276483995,1.0103447921729214,0.10291650985854994
64,6.4,1,0.2,-3.6607524944901,1.0083441574360181,0.08309537404369971
64,6.4,2,0.3,-3.7657972017593506,1.0058422166046783,0.058252170352272835
65,6.5,0,0.1,-3.582986094464187,1.0100749471349466,0.10024533184212406
65,6.5,1,0.2,-3.65271205670044,1.008072848917903,0.08040437789659934
65,6.5,2,0.3,-3.7602373871635266,1.0055752990485887,0.05559814595824017
66,6.6000000000000005,0,0.1,-3.573221414721467,1.0098125097828694,0.09764679742719944
66,6.6000000000000005,1,0.2,-3.6449251031049617,1.0078173507678583,0.07786953595478388
66,6.6000000000000005,2,0.3,-3.7549183239925124,1.0053332345024508,0.053190631710142426
67,6.7,0,0.1,-3.5637097324488356,1.0095570620878036,0.09511682272631583
67,6.7,1,0.2,-3.6373766503118676,1.007577014182417,0.07548452793094045
67,6.7,2,0.3,-3.7498161829746035,1.0051151791040125,0.051021410179088636
68,6.8,0,0.1,-3.554444606093353,1.0093081805033208,0.09265126355482634
68,6.8,1,0.2,-3.630052481914483,1.0073510557210856,0.07324168397384616
68,6.8,2,0.3,-3.744908272063803,1.0049199744330444,0.04907910910800357
69,6.9,0,0.1,-3.545420025247522,1.0090654251506719,0.09024580845831083
69,6.9,1,0.2,-3.622939296991306,1.0071385437146523,0.07113184923177103
69,6.9,2,0.3,-3.7401733756076174,1.004746123791507,0.04734896456185719
70,7.0,0,0.1,-3.536630435701195,1.0088283314137048,0.08789589546327058
70,7.0,1,0.2,-3.6160248618588553,1.0069383950302697,0.06914435132450628
70,7.0,2,0.3,-3.7355920921392385,1.0045917935913091,0.04581283468378954
71,7.1000000000000005,0,0.1,-3.528070768419486,1.0085964059825672,0.08559667281708937
71,7.1000000000000005,1,0.2,-3.6092981518915206,1.0067493850953169,0.06726709967334674
71,7.1000000000000005,2,0.3,-3.7311471415313586,1.0044548440540282,0.04444950607879837
72,7.2,0,0.1,-3.519736466858461,1.0083691285378875,0.08334301561024689
72,7.2,1,0.2,-3.6027494692850475,1.00657017211212,0.06548682606473145
72,7.2,2,0.3,-3.7268236120300857,1.0043328894394086,0.0432352950127292
73,7.3,0,0.1,-3.511623506904678,1.0081459591935262,0.08112959953783279
73,7.3,1,0.2,-3.596370523944392,1.0063993341424469,0.06378945340655329
73,7.3,2,0.3,-3.7226091217862116,1.0042233836972836,0.04214490243874118
74,7.4,0,0.1,-3.503728404645426,1.0079263507616676,0.07895102259252121
74,7.4,1,0.2,-3.5901544680550703,1.0062354156577444,0.06216055889321803
74,7.4,2,0.3,-3.7184938774430094,1.0041237235886034,0.041152443432021846
75,7.5,0,0.1,-3.496048208900734,1.0077097640964678,0.07680195744691726
75,7.5,1,0.2,-3.5840958797683067,1.0060769786539068,0.06058588286763666
75,7.5,2,0.3,-3.714470622918795,1.00403135867741,0.04023254524214274
76,7.6000000000000005,0,0.1,-3.4885804775791796,1.007495684365718,0.07467731321554498
76,7.6000000000000005,1,0.2,-3.5781906969320714,1.0059226527992462,0.05905182836235281
76,7.6000000000000005,2,0.3,-3.7105344830438725,1.0039438966473881,0.03936139874922674
77,7.7,0,0.1,-3.481323239012566,1.0072836361416153,0.0725723856661367
77,7.7,1,0.2,-3.5724361069836603,1.0057711794077275,0.05754589948411069
77,7.7,2,0.3,-3.7066827173409402,1.0038591932858218,0.03851765702932233
78,7.8,0,0.1,-3.4742749410953286,1.0070731956301278,0.07048297917237292
78,7.8,1,0.2,-3.566830403154594,1.0056214451868266,0.05605703829066242
78,7.8,2,0.3,-3.702914407371325,1.003775418976471,0.037683099696153154
79,7.9,0,0.1,-3.46743439206146,1.0068639990291977,0.06840549033868512
79,7.9,1,0.2,-3.5613728194787053,1.0054725034152385,0.05457583675888748
79,7.9,2,0.3,-3.6992301056333794,1.0036910971204438,0.036843017379455195
80,8.0,0,0.1,-3.460800697013894,1.0066557467369848,0.06633695047566081
80,8.0,1,0.2,-3.556063357563727,1.0053235820870023,0.05309461914978294
80,8.0,2,0.3,-3.6956314746198267,1.0036051138602635,0.03598631013552746
81,8.1,0,0.1,-3.4543731939854134,1.00644820375363,0.0642750302848063
81,8.1,1,0.2,-3.550902616876316,1.0051740802470963,0.05160740687411032
81,8.1,2,0.3,-3.692120941650316,1.0035167021072506,0.035105329695106616
82,8.2,0,0.1,-3.44815139257744,1.0062411970187015,0.06221801407973371
82,8.2,1,0.2,-3.545891637870434,1.0050235549583508,0.05010979005882117
82,8.2,2,0.3,-3.6887013893974436,1.0034254055917082,0.034195522528723946
83,8.3,0,0.1,-3.442134917354395,1.0060346105621303,0.06016475223045074
83,8.3,1,0.2,-3.541031764271152,1.0048717019386313,0.048598735992819025
83,8.3,2,0.3,-3.685375894861105,1.0033310301277865,0.03325494536338744
84,8.4,0,0.1,-3.436323457394172,1.0058283792530427,0.0581145996022283
84,8.4,1,0.2,-3.536324527813686,1.0047183328993592,0.04707236457465863
84,8.4,2,0.3,-3.682147522231718,1.003233589436726,0.032283726293869226
85,8.5,0,0.1,-3.4307167228520843,1.0056224816944794,0.05606734542087841
85,8.5,1,0.2,-3.531771556202863,1.0045633521341648,0.04552971610823258
85,8.5,2,0.3,-3.6790191687630647,1.0031332518730138,0.031283534686532666
86,8.6,0,0.1,-3.4253144091242094,1.0054169325379592,0.054023137278749384
86,8.6,1,0.2,-3.5273745032701695,1.0044067341543537,0.0439705293269334
86,8.6,2,0.3,-3.6759934582514755,1.003030292593825,0.030257105115891855
87,8.700000000000001,0,0.1,-3.420116169141872,1.0052117742731288,0.05198239982337076
87,8.700000000000001,1,0.2,-3.523134999318382,1.0042485033618498,0.04239503951787455
87,8.700000000000001,2,0.3,-3.6730726743588655,1.0029250535377754,0.029207838926099267
88,8.8,0,0.1,-3.4151215943805524,1.005007068441389,0.049945747613198324
88,8.8,1,0.2,-3.5190546193369268,1.0040887160661265,0.04080379981455288
88,8.8,2,0.3,-3.6702587257572197,1.0028179114712443,0.02813948601645865
89,8.9,0,0.1,-3.4103302051996556,1.0048028862410006,0.047913891808968496
89,8.9,1,0.2,-3.51513486692026,1.003927444693494,0.03919752416666991
89,8.9,2,0.3,-3.667553136481508,1.002709252685525,0.02705589275711527
90,9.0,0,0.1,-3.405741451045747,1.0045992986087187,0.04588754153908708
90,9.0,1,0.2,-3.5113771720760796,1.003764763831043,0.03757694844180217
90,9.0,2,0.3,-3.6649570572815326,1.0025994519315764,0.02596079199975519
91,9.1,0,0.1,-3.4013547208015855,1.004396366029991,0.043867302441613784
91,9.1,1,0.2,-3.5077829014567645,1.0036007377558491,0.03594270619315067
91,9.1,2,0.3,-3.662471296386096,1.0024888529605651,0.02485760895436515
92,9.200000000000001,0,0.1,-3.3971693631502666,1.0041941284927542,0.04185357651318829
92,9.200000000000001,1,0.2,-3.5043533797466555,1.003435409248245,0.034295217101089695
92,9.200000000000001,2,0.3,-3.660096370208619,1.0023777485485166,0.02374926177476999
93,9.3,0,0.1,-3.3931847162936086,1.0039925961167688,0.03984646856658017
93,9.3,1,0.2,-3.5010899209320097,1.0032687896938208,0.032634588146458594
93,9.3,2,0.3,-3.6578325755830927,1.0022663589432443,0.02263794625526402
94,9.4,0,0.1,-3.389400145784213,1.0037917410393042,0.03784570509395748
94,9.4,1,0.2,-3.497993867979489,1.0031008506745192,0.030960529525208114
94,9.4,2,0.3,-3.6556800848443527,1.002154809009984,0.02152490738740028
95,9.5,0,0.1,-3.3858150886711087,1.0035914911168158,0.03585057113104208
95,9.5,1,0.2,-3.4950666391051457,1.0029315173922546,0.029272288743431678
95,9.5,2,0.3,-3.6536390634895994,1.0020431056566321,0.020410213547532658
96,9.6,0,0.1,-3.3824291016778303,1.003391725922723,0.03385986993278423
96,9.6,1,0.2,-3.4923097783987678,1.002760664341416,0.02756860706377938
96,9.6,2,0.3,-3.6517098076047074,1.0019311180963948,0.019292558848920185
97,9.700000000000001,0,0.1,-3.3792419107710723,1.003192275400011,0.03187190906757963
97,9.700000000000001,1,0.2,-3.4897250081488713,1.0025881136485373,0.02584770249896414
97,9.700000000000001,2,0.3,-3.6498928952531915,1.001818563936873,0.018169123515159057
98,9.8,0,0.1,-3.376253459265866,1.0029929213779627,0.02988451505206335
98,9.8,1,0.2,-3.487314279856198,1.002413636434568,0.02410728292673534
98,9.8,2,0.3,-3.648189343250883,1.0017050038713484,0.01703552002308323
99,9.9,0,0.1,-3.3734639515697458,1.0027934019929285,0.02789507696120196
99,9.9,1,0.2,-3.4850798206874924,1.0022369574330035,0.022344591687053574
99,9.9,2,0.3,-3.64660075878856,1.0015898469310445,0.015885844623233558
100,10.0,0,0.1,-3.3708738898101993,1.0025934188672518,0.025900617595464675
100,10.0,1,0.2,-3.4830241720625175,1.00205776291911,0.02055648624974989
100,10.0,2,0.3,-3.6451294746523755,1.0014723670056935,0.01471284136184364
101,10.1,0,0.1,-3.368484100929405,1.0023926467023183,0.023897888807944495
101,10.1,1,0.2,-3.4811502172369346,1.0018757117762376,0.01873954825582842
101,10.1,2,0.3,-3.6437786575056816,1.0013517299111219,0.013508171466938328
102,10.200000000000001,0,0.1,-3.366295752370931,1.0021907447407559,0.02188348558473909
102,10.200000000000001,1,0.2,-3.4794611951815586,1.0016904492565393,0.016890220553759976
102,10.200000000000001,2,0.3,-3.6425523807299376,1.0012270289605403,0.012262767757440333
103,10.3,0,0.1,-3.3643103552092093,1.0019873693676546,0.01985397161721643
103,10.3,1,0.2,-3.4779606987800795,1.0015016227094746,0.015004964014790954
103,10.3,2,0.3,-3.6414556563284606,1.0010973260236014,0.010967244014770155
104,10.4,0,0.1,-3.3625297544424586,1.0017821869776258,0.017806007667506903
104,10.4,1,0.2,-3.4766526563514337,1.00130889828927,0.013080424286457995
104,10.4,2,0.3,-3.6404944238784047,1.0009616945820274,0.009612324500558635
105,10.5,0,0.1,-3.3609561071118037,1.001574886163359,0.015736473306549092
105,10.5,1,0.2,-3.475541296682737,1.0011119774576942,0.011113596686969136
105,10.5,2,0.3,-3.6396754979505324,1.0008192613392628,0.008189259278723634
106,10.6,0,0.1,-3.359591849826797,1.0013651883073131,0.013642572850067806
106,10.6,1,0.2,-3.4746310990224116,1.0009106120159212,0.009101976603251882
106,10.6,2,0.3,-3.639006478366585,1.0006692434274649,0.006690195839471637
107,10.700000000000001,0,0.1,-3.35843965806022,1.0011528557945153,0.011521917665770879
107,10.700000000000001,1,0.2,-3.4739267306861756,1.0007046164618665,0.007043683362359843
107,10.700000000000001,2,0.3,-3.6384956298549405,1.0005109790169677,0.005108485116447275
108,10.8,0,0.1,-3.357502400117252,1.0009376973064485,0.009372579429678429
108,10.8,1,0.2,-3.473432975914647,1.0004938766884806,0.004937547715284669
108,10.8,2,0.3,-3.6381517390022076,1.000343949989971,0.0034389085273289887
109,10.9,0,0.1,-3.356783088904537,1.0007195699790659,0.007193112127148485
109,10.9,1,0.2,-3.4731546602501178,1.0002783543979272,0.0027831566452940592
109,10.9,2,0.3,-3.6379839569353347,1.000167796143071,0.0016778206687284639
110,11.0,0,0.1,-3.356284834483758,1.0004983785701316,0.004982544207790002
110,11.0,1,0.2,-3.4730965748739986,1.0000580870631073,0.0005808537611917706
110,11.0,2,0.3,-3.638001636042358,0.9999823210492514,-0.00017679107023216352
111,11.1,0,0.1,-3.356010799905552,1.0002740721291112,0.0027403457820618466
111,11.1,1,0.2,-3.4732634050320477,0.999833183757328,-0.001668301580490811
111,11.1,2,0.3,-3.638214168400504,0.9997874902252559,-0.0021253235814589007
112,11.200000000000001,0,0.1,-3.355964162052076,1.0000466389410376,0.0004663785347602745
112,11.200000000000001,1,0.2,-3.473659665912653,0.9996038176203679,-0.003962608806053979
112,11.200000000000001,2,0.3,-3.6386308325451666,0.9995834226477871,-0.004166641446627869
113,11.3,0,0.1,-3.356148078288015,0.9998161006756152,-0.001839162359389419
113,11.3,1,0.2,-3.4742896482473604,0.9993702160624993,-0.006299823347073486
113,11.3,2,0.3,-3.639260653857511,0.9993703769834661,-0.006298213123443497
114,11.4,0,0.1,-3.3565656587809625,0.999582506681652,-0.004175804929476016
114,11.4,1,0.2,-3.475157374642763,0.9991326499702777,-0.008677263954024492
114,11.4,2,0.3,-3.6401122822321352,0.9991487341578984,-0.008516283746242722
115,11.5,0,0.1,-3.3572199435635834,0.999345929214993,-0.0065428478262097535
115,11.5,1,0.2,-3.476266566430345,0.9988914231382504,-0.011091917875822905
115,11.5,2,0.3,-3.6411938888987123,0.9989189780590803,-0.010816066665770879
116,11.6,0,0.1,-3.3581138829157977,0.9991064600925331,-0.008939393522142711
116,11.6,1,0.2,-3.4776206198357658,0.9986468629112646,-0.013540534054206126
116,11.6,2,0.3,-3.642513082468276,0.9986816761837736,-0.01319193569563564
117,11.700000000000001,0,0.1,-3.359250319545898,0.9988642088694607,-0.011364366301003076
117,11.700000000000001,1,0.2,-3.479222589684411,0.9983993126201358,-0.016019698486453342
117,11.700000000000001,2,0.3,-3.6440768426827574,0.9984374618214492,-0.015637602144815466
118,11.8,0,0.1,-3.360631971379261,0.9986193022080962,-0.013816518333631449
118,11.8,1,0.2,-3.481075178770287,0.9981491258980677,-0.018525890858760507
118,11.8,2,0.3,-3.645891469227135,0.9981870188949337,-0.01814626544377702
119,11.9,0,0.1,-3.3622614144765457,0.998371883724361,-0.01629443097284528
119,11.9,1,0.2,-3.48318073142354,0.9978966624677779,-0.02105552653252748
119,11.9,2,0.3,-3.647962542541786,0.9979310698778616,-0.02071073314650736
120,12.0,0,0.1,-3.3641410665741613,0.9981221133420777,-0.018796520976156538
120,12.0,1,0.2,-3.48554123062217,0.9976422845887967,-0.023604991986299145
120,12.0,2,0.3,-3.650294893952115,0.9976703664078419,-0.02332351410329289
121,12.1,0,0.1,-3.3662731727777033,0.9978701651203683,-0.021321062035419912
121,12.1,1,0.2,-3.488158299021142,0.9973863531390798,-0.026170683989721426
121,12.1,2,0.3,-3.652892583532636,0.9974056814954226,-0.02597689580520877
122,12.200000000000001,0,0.1,-3.3686597958195934,0.9976162226785447,-0.02386623041890045
122,12.200000000000001,1,0.2,-3.4910332052736366,0.9971292223331056,-0.028749062524946058
122,12.200000000000001,2,0.3,-3.6557588856629635,0.9971378017916607,-0.028663021303274177
123,12.3,0,0.1,-3.371302813800027,0.997360471716468,-0.026430179804335468
123,12.3,1,0.2,-3.4941668777381913,0.9968712323622915,-0.03133672464554771
123,12.3,2,0.3,-3.6588962837816843,0.9968675183717504,-0.031373981187208355
124,12.4,0,0.1,-3.3742039283059624,0.9971030896601809,-0.02901114505935453
124,12.4,1,0.2,-3.497559927886827,0.9966126997409605,-0.033930501486354576
124,12.4,2,0.3,-3.662306476921869,0.9965956149643131,-0.03410193140184881
125,12.5,0,0.1,-3.377364685183065,0.9968442330562091,-0.03160756877102611
125,12.5,1,0.2,-3.501212685330521,0.9963539057592867,-0.03652757443694212
125,12.5,2,0.3,-3.665990400827592,0.9963228534170143,-0.0368392390572271
126,12.6,0,0.1,-3.3807865090766964,0.9965840238738363,-0.034218238936314496
126,12.6,1,0.2,-3.5051252453659467,0.9960950840550191,-0.03912560035425741
126,12.6,2,0.3,-3.6699482656239195,0.9960499572276383,-0.03957864796327662
127,12.700000000000001,0,0.1,-3.3844707513346166,0.996322536235495,-0.036842422579201374
127,12.700000000000001,1,0.2,-3.509297528466064,0.9958364087804861,-0.04172283100117132
127,12.700000000000001,2,0.3,-3.674179610246822,0.9957775949025741,-0.04231344622902473
128,12.8,0,0.1,-3.3884187492385194,0.9960597851939017,-0.03947997903902781
128,12.8,1,0.2,-3.513729349448143,0.9955779850449954,-0.04431820982079076
128,12.8,2,0.3,-3.6786833715152314,0.9955063654558852,-0.04503761268409361
129,12.9,0,0.1,-3.3926318931008606,0.9957957189770867,-0.042131438623411885
129,12.9,1,0.2,-3.5184204924815745,0.9953198431920165,-0.04691143033431561
129,12.9,2,0.3,-3.68345796341398,0.9952367883459391,-0.047745918987485314
130,13.0,0,0.1,-3.3971116967929893,0.9955302156612688,-0.044798036921287636
130,13.0,1,0.2,-3.523370786962126,0.9950619380339968,-0.049502944805515266
130,13.0,2,0.3,-3.688501360458661,0.994969299528606,-0.05043397044681282
131,13.1,0,0.1,-3.401859866931527,0.995263084601109,-0.04748170138537694
131,13.1,1,0.2,-3.5285801788143902,0.9948041534982508,-0.0520939185226423
131,13.1,2,0.3,-3.6938111784007868,0.9947042542232679,-0.05309817942125613
132,13.200000000000001,0,0.1,-3.406878366276951,0.9949940722833871,-0.05018499345423794
132,13.200000000000001,1,0.2,-3.534048792083738,0.9945463123762749,-0.054686132693476996
132,13.200000000000001,2,0.3,-3.69938474619515,0.9944419357179507,-0.05573567794363053
133,13.3,0,0.1,-3.4121694677806373,0.9947228717184332,-0.052911015036865204
133,13.3,1,0.2,-3.539776976669709,0.9942881901825368,-0.05728184585970928
133,13.3,2,0.3,-3.7052191649362314,0.9941825684271345,-0.05834418741081503
134,13.4,0,0.1,-3.4177357969264737,0.9944491341596569,-0.055663291458363434
134,13.4,1,0.2,-3.5457653395094324,0.9940295316676078,-0.05988362839723504
134,13.4,2,0.3,-3.711311351905904,0.9939263327736988,-0.06092186969672863
135,13.5,0,0.1,-3.4235803612662705,0.9941724819009126,-0.05844564339796875
135,13.5,1,0.2,-3.5520147581214965,0.9937700683891556,-0.06249418612064095
135,13.5,2,0.3,-3.7176580702970634,0.9936733794850107,-0.06346718391159212
136,13.6,0,0.1,-3.4297065670803457,0.9938925211235567,-0.06126205814075213
136,13.6,1,0.2,-3.5585263768326967,0.9935095359360154,-0.0651161871120023
136,13.6,2,0.3,-3.7242559469161556,0.9934238415779361,-0.06597876619092193
137,13.700000000000001,0,0.1,-3.436118223733305,0.9936088541580539,-0.06411656652959416
137,13.700000000000001,1,0.2,-3.565301586970065,0.9932476898522342,-0.06775210137368053
137,13.700000000000001,2,0.3,-3.7311014807388276,0.9931778434702206,-0.06845533822671959
138,13.8,0,0.1,-3.4428195365051626,0.9933210909518546,-0.06701312771857394
138,13.8,1,0.2,-3.5723419926872575,0.9929843198790343,-0.07040405717192691
138,13.8,2,0.3,-3.738191044452247,0.9929355079593427,-0.07089563713419203
139,13.9,0,0.1,-3.4498150885675782,0.9930288598538002,-0.06995552062415669
139,13.9,1,0.2,-3.5796493639578286,0.9927192626527307,-0.07307371270571154
139,13.9,2,0.3,-3.74552087931903,0.9926969628585299,-0.07329834866783207
140,14.0,0,0.1,-3.4571098125577393,0.9927318179310087,-0.07294723990161094
140,14.0,1,0.2,-3.5872255778133293,0.9924524133118902,-0.07576213855500695
140,14.0,2,0.3,-3.7530870814445363,0.9924623495272238,-0.0756620212550632
141,14.1,0,0.1,-3.4647089521269376,0.9924296608928126,-0.07599139569198358
141,14.1,1,0.2,-3.5950725484330177,0.9921837364825272,-0.07846970619688448
141,14.1,2,0.3,-3.760885575624438,0.9922318351835038,-0.07798494179901666
142,14.200000000000001,0,0.1,-3.472618014107975,0.9921221323561825,-0.07909061981037245
142,14.200000000000001,1,0.2,-3.6031921465164753,0.9919132768158987,-0.0811959808345752
142,14.200000000000001,2,0.3,-3.7689120721817346,0.9920056297548226,-0.08026496557296589
143,14.3,0,0.1,-3.4808427126376023,0.9918090317661404,-0.0822469852962729
143,14.3,1,0.2,-3.6115861087246404,0.9916411687279751,-0.08393962208165047
143,14.3,2,0.3,-3.7771620031236686,0.9917840063474486,-0.08249930941933965
144,14.4,0,0.1,-3.4893889076158655,0.9914902199358839,-0.08546194978263286
144,14.4,1,0.2,-3.6202559389457263,0.9913676443792714,-0.08669830221085947
144,14.4,2,0.3,-3.7856304367006914,0.9915673226024693,-0.08468433577022902
145,14.5,0,0.1,-3.4982625410696913,0.9911656210357177,-0.08873633453825779
145,14.5,1,0.2,-3.629202804639329,0.9910930384150258,-0.08946865693602955
145,14.5,2,0.3,-3.794311973684899,0.9913560387410245,-0.08681536984207514
146,14.6,0,0.1,-3.5074695760135657,0.9908352200219354,-0.09207034943874459
146,14.6,1,0.2,-3.6384274332796895,0.9908177877211563,-0.09224628640360366
146,14.6,2,0.3,-3.8032006336111834,0.9911507274247107,-0.08888659926284546
147,14.700000000000001,0,0.1,-3.5170159429659935,0.9904990549555889,-0.09546366952427696
147,14.700000000000001,1,0.2,-3.6479300155916765,0.9905424245500212,-0.09502582311986839
147,14.700000000000001,2,0.3,-3.8122897437583556,0.9909520709534976,-0.09089110147172046
148,14.8,0,0.1,-3.526907499176168,0.9901572043269871,-0.09891556210174492
148,14.8,1,0.2,-3.657710123451996,0.9902675618629747,-0.097801078603195
148,14.8,2,0.3,-3.821571846655691,0.9907608428414574,-0.09282102897335365
149,14.9,0,0.1,-3.5371500047859845,0.9898097702200387,-0.1024250560981658
149,14.9,1,0.2,-3.6677666506657087,0.9899938705723654,-0.10056527213712788
149,14.9,2,0.3,-3.8310386424628358,0.9905778732355821,-0.09466795807144857
150,15.0,0,0.1,-3.5477491187202594,0.9894568587456729,-0.10599113934274966
150,15.0,1,0.2,-3.678097784098148,0.9897220494226023,-0.10331133432439224
150,15.0,2,0.3,-3.8406809802132247,0.9904040005322027,-0.09642337750388953
151,15.1,0,0.1,-3.558710415331367,0.9890985595007683,-0.10961296611107713
151,15.1,1,0.2,-3.6887010107847504,0.9894527893630423,-0.10603226686602556
151,15.1,2,0.3,-3.8504889067457975,0.9902400143173977,-0.09807926532572821
152,15.200000000000001,0,0.1,-3.5700394210643327,0.9887349257978354,-0.11329005732965419
152,15.200000000000001,1,0.2,-3.6995731637763556,0.9891867352565014,-0.10872152991605001
152,15.200000000000001,2,0.3,-3.860451774891662,0.9900865968177182,-0.09962868145864193
153,15.3,0,0.1,-3.5817416689713713,0.9883659570861741,-0.11702247907038596
153,15.3,1,0.2,-3.710710505890234,0.9889244484737527,-0.1113734211387833
153,15.3,2,0.3,-3.8705584043272485,0.9899442709223448,-0.10106629435586748
154,15.4,0,0.1,-3.5938227679943062,0.9879915844606394,-0.12081099022935014
154,15.4,1,0.2,-3.722108846639559,0.9886663742221196,-0.11398340749325038
154,15.4,2,0.3,-3.880797280894252,0.9898133622885893,-0.10238876567003655
155,15.5,0,0.1,-3.6062884835848075,0.9876116595960219,-0.12465715590501292
155,15.5,1,0.2,-3.733763683891781,0.9884128172742251,-0.11654837252222314
155,15.5,2,0.3,-3.891156774503562,0.9896939811282409,-0.10359493609309693
156,15.6,0,0.1,-3.619144826311786,0.9872259470212861,-0.12856342726978598
156,15.6,1,0.2,-3.7456703587555933,0.988163929092076,-0.1190667486381218
156,15.6,2,0.3,-3.9016253530147775,0.9895860263456182,-0.1046857851121578
157,15.700000000000001,0,0.1,-3.632398145360296,0.9868341194745919,-0.13253319048509826
157,15.700000000000001,1,0.2,-3.7578242102567843,0.987919708238992,-0.12153851501190799
157,15.700000000000001,2,0.3,-3.9121917701651854,0.9894892113316387,-0.10566417150407698
158,15.8,0,0.1,-3.646055223976904,0.9864357561836352,-0.1365707861660819
158,15.8,1,0.2,-3.7702207158520675,0.9876800145596558,-0.12396505595283314
158,15.8,2,0.3,-3.922845209492754,0.9894031075727142,-0.10653439327568608
159,15.9,0,0.1,-3.660123373755774,0.9860303442231362,-0.1406814977886977
159,15.9,1,0.2,-3.7828556048822963,0.9874445960662072,-0.12634889030228846
159,15.9,2,0.3,-3.9335753724353757,0.9893271999015493,-0.10730162942621783
160,16.0,0,0.1,-3.6746105241329277,0.985617283461377,-0.1448715037715381
160,16.0,1,0.2,-3.7957249345955653,0.9872131260146999,-0.12869329713268973
160,16.0,2,0.3,-3.9443725061810673,0.9892609460830334,-0.10797133745691617
161,16.1,0,0.1,-3.689525302691833,0.9851958958395801,-0.14914778558905228
161,16.1,1,0.2,-3.8088251220583,0.9869852465190709,-0.13100187462734594
161,16.1,2,0.3,-3.9552273740855948,0.9892038335831292,-0.10854867904527345
162,16.2,0,0.1,-3.704877101163936,0.9847654396805051,-0.15351798472103323
162,16.2,1,0.2,-3.8221529296007004,0.986760614424987,-0.13327807542400655
162,16.2,2,0.3,-3.9661311774648342,0.98915542760834,-0.10903803379239695
163,16.3,0,0.1,-3.7206761216859277,0.9843251293275002,-0.15799020521991333
163,16.3,1,0.2,-3.835705405771481,0.9865389451732006,-0.13552476170780178
163,16.3,2,0.3,-3.9770754416293888,0.9891154064125903,-0.10944264164554363
164,16.4,0,0.1,-3.7369333982614608,0.9838741597160019,-0.16257276575533455
164,16.4,1,0.2,-3.8494797874567555,0.9863200510288103,-0.13774381685274967
164,16.4,2,0.3,-3.988051880970451,0.9890835819617841,-0.10976439341062307
165,16.5,0,0.1,-3.7536607896263585,0.9834117346275985,-0.1672739136489752
165,16.5,1,0.2,-3.8634733713207767,0.9861038712190916,-0.13993583864021075
165,16.5,2,0.3,-3.999052257949952,0.9890599059199887,-0.11000376979500913
166,16.6,0,0.1,-3.770870941767116,0.9829370965931317,-0.1721015214075703
166,16.6,1,0.2,-3.8776833637574804,0.9858904929770778,-0.1420999243670342
166,16.6,2,0.3,-4.010068249431748,0.9890444623623904,-0.11015991481795616
167,16.7,0,0.1,-3.7885772208932877,0.9824495559255878,-0.1770627912617233
167,16.7,1,0.2,-3.892106718105218,0.9856801639363265,-0.1442335434773798
167,16.7,2,0.3,-4.0210913313458745,0.9890374496344192,-0.11023081914127054
168,16.8,0,0.1,-3.80679362023984,0.9819485163476817,-0.182163993465518
168,16.8,1,0.2,-3.9067399662668425,0.9854732974782,-0.1463324816162427
168,16.8,2,0.3,-4.032112689475126,0.9890391545236858,-0.11021358129250934
169,16.9,0,0.1,-3.8255346461337316,0.9814334951965817,-0.18741025893892216
169,16.9,1,0.2,-3.92157904959328,0.9852704732944852,-0.1483908332643789
169,16.9,2,0.3,-4.043123160276152,0.9890499225762059,-0.11010470801026585
170,17.0,0,0.1,-3.844815189822407,0.9809041371734032,-0.19280543688675325
170,17.0,1,0.2,-3.9366191514940128,0.9850724355339494,-0.1504010190073247
170,17.0,2,0.3,-4.054113201110447,0.9890701290396279,-0.10990040834294511
171,17.1,0,0.1,-3.8646503913324293,0.9803602218791095,-0.19835201510021766
171,17.1,1,0.2,-3.951854532199184,0.9848800905475138,-0.15235380705170837
171,17.1,2,0.3,-4.065072884215106,0.9891001554189593,-0.10959683104659512
172,17.2,0,0.1,-3.8850555000527,0.9798016666974503,-0.20405108720271228
172,17.2,1,0.2,-3.9672783646593692,0.9846945056534204,-0.15423832460185743
172,17.2,2,0.3,-4.075991903670587,0.9891403766584471,-0.1091901945548136
173,17.3,0,0.1,-3.9060457340149255,0.979228527705554,-0.20990233962225138
173,17.3,1,0.2,-3.9828825697028147,0.9845169097789084,-0.15604205043445285
173,17.3,2,0.3,-4.086859580403574,0.9891911631220609,-0.10867676732986122
174,17.400000000000002,0,0.1,-3.9276361363556855,0.9786410020326669,-0.21590402340759732
174,17.400000000000002,1,0.2,-3.9986576480280056,0.984348696515586,-0.15775078325190647
174,17.400000000000002,2,0.3,-4.097664848047713,0.9892528995676843,-0.10805267644139095
175,17.5,0,0.1,-3.9498414236506076,0.9780394353710891,-0.2220528729492258
175,17.5,1,0.2,-4.014592506062153,0.9841914301316688,-0.15934858034147298
175,17.5,2,0.3,-4.108396203366332,0.9893260202522463,-0.10731355318619025
176,17.6,0,0.1,-3.972675817134946,0.9774243382098062,-0.22834393484338142
176,17.6,1,0.2,-4.030674271934813,0.9840468553158318,-0.16081765872659964
176,17.6,2,0.3,-4.119041609522179,0.989411055649703,-0.10645406155846819
177,17.7,0,0.1,-3.9961528445576096,0.9767964139422604,-0.23477027422663943
177,17.7,1,0.2,-4.04688809683109,0.9839169116292328,-0.16213824896277443
177,17.7,2,0.3,-4.129588348492611,0.9895086828700048,-0.10546738970432348
178,17.8,0,0.1,-4.020285097669595,0.9761566014722811,-0.24132253111985513
178,17.8,1,0.2,-4.0632169361586294,0.9838037534927663,-0.16328839327539357
178,17.8,2,0.3,-4.140022829079569,0.989619769750278,-0.10434480586957691
179,17.900000000000002,0,0.1,-4.045083928065387,0.9755061344736499,-0.2479883039579143
179,17.900000000000002,1,0.2,-4.079641304907251,0.9837097757786264,-0.16424368748621399
179,17.900000000000002,2,0.3,-4.150330367109727,0.9897454025880178,-0.10307538030158123
180,18.0,0,0.1,-4.070559062105768,0.9748466191610292,-0.25475134040381253
180,18.0,1,0.2,-4.096139002986618,0.9836376436438541,-0.16497698079367315
180,18.0,2,0.3,-4.160494962089019,0.989886889927519,-0.10164594979292335
181,18.1,0,0.1,-4.096718113747035,0.9741801323370336,-0.2615905164126671
181,18.1,1,0.2,-4.112684809676406,0.9835903233419268,-0.16545806689787432
181,18.1,2,0.3,-4.170499097690587,0.9900457393059897,-0.10004135601567513
182,18.2,0,0.1,-4.123565972118501,0.973509341554578,-0.26847858371466987
182,18.2,1,0.2,-4.129250151629343,0.9835711088338099,-0.1656534195293737
182,18.2,2,0.3,-4.1803235910358465,0.9902236093324551,-0.0982449334526002
183,18.3,0,0.1,-4.15110403854547,0.9728376493952652,-0.27538066426968266
183,18.3,1,0.2,-4.145802755533916,0.9835836376899599,-0.16552603904573124
183,18.3,2,0.3,-4.189947508311244,0.9904222444123558,-0.09623917275397216
184,18.400000000000002,0,0.1,-4.179329285417107,0.9721693640293796,-0.28225246871636456
184,18.400000000000002,1,0.2,-4.162306303411091,0.9836318895793519,-0.16503547877174662
184,18.400000000000002,2,0.3,-4.199348153854268,0.9906434023908911,-0.09400645543023645
185,18.5,0,0.1,-4.208233106924787,0.971509898330664,-0.28903821507680844
185,18.5,1,0.2,-4.1787201141228705,0.9837201618775092,-0.16413810711779847
185,18.5,2,0.3,-4.208501129364777,0.9908887854603339,-0.09152975510509283
186,18.6,0,0.1,-4.237799929370178,0.9708659998333161,-0.2956682244539046
186,18.6,1,0.2,-4.194998877651107,0.9838530194855862,-0.16278763528236642
186,18.6,2,0.3,-4.2173804522800715,0.9911599818531491,-0.08879322915294681
187,18.7,0,0.1,-4.268005546651616,0.9702460136891845,-0.30205617281438646
187,18.7,1,0.2,-4.211092468256477,0.984035219293591,-0.16093590605369978
187,18.7,2,0.3,-4.2259587195480295,0.9914584210842542,-0.08578267267958145
188,18.8,0,0.1,-4.2988151450329966,0.969660180368558,-0.30809598381380093
188,18.8,1,0.2,-4.226945858824799,0.9842716129794711,-0.15853390568321354
188,18.8,2,0.3,-4.234207305324052,0.9917853404623824,-0.08248585776022271
189,18.900000000000002,0,0.1,-4.330180981101022,0.9691209688117944,-0.3136583606802512
189,18.900000000000002,1,0.2,-4.242499152584315,0.9845670340747698,-0.1555329375951664
189,18.900000000000002,2,0.3,-4.242096586981137,0.9921417570474523,-0.07889281657084689
190,19.0,0,0.1,-4.3620396793331615,0.9686434434405783,-0.3185869823214006
190,19.0,1,0.2,-4.257687741685273,0.9849261757451004,-0.15188589100957875
190,19.0,2,0.3,-4.249596200454902,0.9925284384573445,-0.07499613473765425
191,19.1,0,0.1,-4.394309123434828,0.9682456588469227,-0.32269444101666417
191,19.1,1,0.2,-4.2724425968239705,0.9853534643359277,-0.14754855138697354
191,19.1,2,0.3,-4.2566753303013405,0.9929458681704014,-0.07079129846438448
192,19.2,0,0.1,-4.426884932585799,0.9679490676528194,-0.32575809150971385
192,19.2,1,0.2,-4.286690689662234,0.9858529308689712,-0.14248092838263862
192,19.2,2,0.3,-4.2633030398256055,0.9933942053007445,-0.06627709524265199
193,19.3,0,0.1,-4.459636545826107,0.9677789132058182,-0.32751613240307154
193,19.3,1,0.2,-4.300355550696849,0.9864280793581167,-0.13664861034614423
193,19.3,2,0.3,-4.26944864197987,0.9938732434330647,-0.061456021542642084
194,19.400000000000002,0,0.1,-4.492402992715067,0.9677645576199193,-0.32766446888959666
194,19.400000000000002,1,0.2,-4.3133579686045085,0.9870817483448822,-0.13002417907659583
194,19.400000000000002,2,0.3,-4.275082104203205,0.9943823759697316,-0.05633462223334638
195,19.5,0,0.1,-4.524988515026444,0.9679396658539207,-0.3258552231137804
195,19.5,1,0.2,-4.3256168408853695,0.9878159615888541,-0.12258872280861238
195,19.5,2,0.3,-4.280174473193322,0.994920575139433,-0.050923689901171104
196,19.6,0,0.1,-4.557158330980154,0.9683421281741315,-0.32169815953709147
196,19.6,1,0.2,-4.337050187228642,0.9886317659742185,-0.1143334634327237
196,19.6,2,0.3,-4.2846983021458005,0.9954863881491035,-0.04523828952478872
197,19.7,0,0.1,-4.588635004761877,0.9690135596119201,-0.31476673781724035
197,19.7,1,0.2,-4.347576334087667,0.9895290591528357,-0.10526146859025201
197,19.7,2,0.3,-4.2886280654025395,0.9960779481582355,-0.03929763256739078
198,19.8,0,0.1,-4.619096094553626,0.9699981741638891,-0.30461089791748563
198,19.8,1,0.2,-4.357115270279388,0.9905064151443931,-0.09538936191720501
198,19.8,2,0.3,-4.291940553546942,0.9966929920917086,-0.033124881444023896
199,19.900000000000002,0,0.1,-4.648173978927642,0.9713408092495788,-0.29077884374015406
199,19.900000000000002,1,0.2,-4.36559015947444,0.9915609214432461,-0.08474889195052228
199,19.900000000000002,2,0.3,-4.29461525310528,0.9973288742635151,-0.026746995583381734
200,20.0,0,0.1,-4.675458954319223,0.9730838970434371,-0.27284975391581284
200,20.0,1,0.2,-4.3729289783026895,0.992688044547329,-0.0733881882824965
200,20.0,2,0.3,-4.296634724824719,0.9979825660416093,-0.02019471719439324
201,20.1,0,0.1,-4.700506772518419,0.9752632755797259,-0.2504781819919586
201,20.1,1,0.2,-4.379066231550998,0.9938815412219443,-0.061372532483082956
201,20.1,2,0.3,-4.297984998568319,0.9986506374658183,-0.01350273743599731
202,20.2,0,0.1,-4.7228516354613985,0.9779029344093984,-0.22344862942980137
202,20.2,1,0.2,-4.38394468167166,0.9951334301901085,-0.04878450120662341
202,20.2,2,0.3,-4.29865599843011,0.9993292252082728,-0.006709998617911027
203,20.3,0,0.1,-4.742025170835468,0.9810091076881708,-0.19173535374069578
203,20.3,1,0.2,-4.387517020680952,0.9964340342023571,-0.0357233900929183
203,20.3,2,0.3,-4.29864199886436,1.0000139996637445,0.0001399956575021102
204,20.400000000000002,0,0.1,-4.757581012016074,0.9845645259711386,-0.15555841180605823
204,20.400000000000002,1,0.2,-4.389747409115458,0.9977720970335822,-0.022303884345058162
204,20.400000000000002,2,0.3,-4.297942094665941,1.000700149188516,0.006999041984192445
205,20.5,0,0.1,-4.769123358781747,0.9885240105669291,-0.11542346765672808
205,20.5,1,0.2,-4.390612808226407,0.9991349752388663,-0.008653991109488685
205,20.5,2,0.3,-4.296560649851209,1.0013823994491609,0.01381444814732043
206,20.6,0,0.1,-4.776336543520607,0.9928127678404386,-0.07213184738859799
206,20.6,1,0.2,-4.390104036539651,1.0005089011330222,0.00508771686755331
206,20.6,2,0.3,-4.294507678450361,1.0020550801894812,0.020529714008476738
207,20.7,0,0.1,-4.779011588047508,0.9973285302164665,-0.02675044526901317
207,20.7,1,0.2,-4.388226489101193,1.0018793111342854,0.01877547438458511
207,20.7,2,0.3,-4.291799107795321,1.0027122421466195,0.02708570655039879
208,20.8,0,0.1,-4.777065476445014,1.0019480065067115,0.019461116024945546
208,20.8,1,0.2,-4.385000467021921,1.003231231288668,0.032260220792714275
208,20.8,2,0.3,-4.288456882864981,1.0033478163916545,0.0334222493034004
209,20.900000000000002,0,0.1,-4.770549688294882,1.0065370620781091,0.06515788150131115
209,20.900000000000002,1,0.2,-4.380461077333689,1.0045497083251334,0.04539389688232134
209,20.900000000000002,2,0.3,-4.284508886161569,1.0039558003085536,0.03947996703412337
210,21.0,0,0.1,-4.759646357553428,1.0109629886783382,0.10903330741454785
210,21.0,1,0.2,-4.374657680178376,1.0058202694877423,0.05803397155313429
210,21.0,2,0.3,-4.279988666733188,1.0045304510307749,0.04520219428380753
211,21.1,0,0.1,-4.7446527497098305,1.0151065758749824,0.14993607843597054
211,21.1,1,0.2,-4.3676528828800025,1.0070293882757069,0.07004797298373233
211,21.1,2,0.3,-4.274934989208658,1.005066468891528,0.05053677524529938
212,21.2,0,0.1,-4.725956859422316,1.0188717527028437,0.1869589028751535
212,21.2,1,0.2,-4.3595211077903215,1.008164927775201,0.08131775089681166
212,21.2,2,0.3,-4.269391225398985,1.0055591589040365,0.05543763809672815
213,21.3,0,0.1,-4.704008198688219,1.0221913045721207,0.21948660734096537
213,21.3,1,0.2,-4.35034679023102,1.009216530603845,0.09174317559301184
213,21.3,2,0.3,-4.263404616079278,1.0060045648783702,0.0598660931970754
214,21.400000000000002,0,0.1,-4.6792880154072485,1.0250282603474408,0.247201832809699
214,21.400000000000002,1,0.2,-4.340222290121893,1.010175926268547,0.10124500109126655
214,21.400000000000002,2,0.3,-4.257025430572865,1.0063995758451343,0.0637918550641272
215,21.5,0,0.1,-4.65228241711961,1.0273735542800588,0.2700559828763862
215,21.5,1,0.2,-4.329245621375,1.0110371334062802,0.10976668746893971
215,21.5,2,0.3,-4.250306049911171,1.0067420063484105,0.06719380661693784
216,21.6,0,0.1,-4.623460601199366,1.0292411837420077,0.2882181592024361
216,21.6,1,0.2,-4.3175181133086875,1.0117965449017623,0.11727508066312009
216,21.6,2,0.3,-4.243299998861996,1.0070306508404014,0.07006051049175077
217,21.7,0,0.1,-4.593259068697388,1.0306622249614612,0.3020153250197908
217,21.7,1,0.2,-4.305142116789281,1.0124528960730872,0.12375996519406393
217,21.7,2,0.3,-4.236060954795825,1.0072653092857764,0.07239044066171528
218,21.8,0,0.1,-4.562071643709065,1.0316788481632526,0.3118742498832239
218,21.8,1,0.2,-4.292218855597868,1.013007127416964,0.12923261191413
218,21.8,2,0.3,-4.228641766809178,1.0074467783523342,0.07419187986647097
219,21.900000000000002,0,0.1,-4.530244462246879,1.0323390825574081,0.3182718146218599
219,21.900000000000002,1,0.2,-4.278846503666949,1.0134621617051356,0.13372351930919268
219,21.900000000000002,2,0.3,-4.221093524412225,1.0075768021921225,0.07548242396952069
220,22.0,0,0.1,-4.498074811310734,1.0326926877259897,0.32169650936145344
220,22.0,1,0.2,-4.265118545280952,1.0138226194785713,0.137279583859969
220,22.0,2,0.3,-4.21346471817224,1.007657979721401,0.07628806239985571
221,22.1,0,0.1,-4.465812689205191,1.032788186441824,0.3226212210554234
221,22.1,1,0.2,-4.251122451793384,1.0140944973579937,0.13996093487568273
221,22.1,2,0.3,-4.205800532216003,1.0076936310054656,0.07664185956237082
222,22.2,0,0.1,-4.433664106285953,1.0326709311681708,0.3214858291923918
222,22.2,1,0.2,-4.236938687492124,1.0142848311569634,0.14183764301259974
222,22.2,2,0.3,-4.198142299300531,1.007687632182057,0.07658232915472127
223,22.3,0,0.1,-4.401795356574923,1.0323819959771936,0.3186874971102903
223,22.3,1,0.2,-4.2226400401262465,1.0144013620003443,0.1429864736587729
223,22.3,2,0.3,-4.190527134277085,1.0076442341344558,0.07615165023445838
224,22.400000000000002,0,0.1,-4.37033770322242,1.0319576747224768,0.3145765335250283
224,22.400000000000002,1,0.2,-4.208291258251031,1.014452219789754,0.14348781875215064
224,22.400000000000002,2,0.3,-4.182987744068269,1.0075678829721857,0.07539390208815781
225,22.5,0,0.1,-4.339392102557493,1.0314293932871768,0.3094560066492735
225,22.5,1,0.2,-4.1939489672351,1.014445635144515,0.14342291015931735
225,22.5,2,0.3,-4.175552395539161,1.0074630593703273,0.07435348529108035
226,22.6,0,0.1,-4.309033731555111,1.0308238851561862,0.30358371002381823
226,22.6,1,0.2,-4.1796618277355115,1.0143896884722758,0.1428713949958806
226,22.6,2,0.3,-4.168245010362774,1.0073341492675683,0.07307385176386634
227,22.7,0,0.1,-4.279316183461395,1.0301635212065503,0.29717548093716595
227,22.7,1,0.2,-4.165470894317121,1.0142921027097873,0.1419093341839103
227,22.7,2,0.3,-4.161085350305829,1.00718535170089,0.07159660056945835
228,22.8,0,0.1,-4.250275263280581,1.029466719577549,0.2904092018081398
228,22.8,1,0.2,-4.151410127854403,1.0141600839870393,0.14060766462717722
228,22.8,2,0.3,-4.154089257552727,1.0070206225809581,0.0699609275310199
229,22.900000000000002,0,0.1,-4.221932357542594,1.0287483876710612,0.2834290573798585
229,22.900000000000002,1,0.2,-4.137507013970689,1.0140002116367504,0.13903113883713816
229,22.900000000000002,2,0.3,-4.147268921216748,1.0068436477970462,0.06820336335978797
230,23.0,0,0.1,-4.194297379121835,1.0280203663083858,0.2763497842076005
230,23.0,1,0.2,-4.123783241612865,1.0138183755974068,0.13723772357823918
230,23.0,2,0.3,-4.140633150401782,1.0066578363223353,0.06635770814965944
231,23.1,0,0.1,-4.167371303956087,1.0272918575761063,0.2692607516574747
231,23.1,1,0.2,-4.110255401103873,1.013619755747309,0.13527840508991837
231,23.1,2,0.3,-4.134187643233806,1.0064663241506064,0.06445507167976225
232,23.2,0,0.1,-4.141148326439588,1.0265698249454203,0.2622297751650005
232,23.2,1,0.2,-4.096935669171832,1.0134088347303685,0.13319731932041562
232,23.2,2,0.3,-4.127935248038746,1.0062719822185564,0.06252395195059846
233,23.3,0,0.1,-4.115617666442814,1.0258593586329028,0.2553065999677315
233,23.3,1,0.2,-4.083832458347611,1.0131894340800918,0.13103210824221093
233,23.3,2,0.3,-4.121876216400647,1.0060774246995776,0.06059031638098758
234,23.400000000000002,0,0.1,-4.090765064493349,1.025164002212026,0.24852601949465128
234,23.400000000000002,1,0.2,-4.070951018127498,1.0129647633608208,0.12881440220112766
234,23.400000000000002,2,0.3,-4.116008448571048,1.0058850169005944,0.058677678295992186
235,23.5,0,0.1,-4.0665740030356785,1.0244860389886188,0.24191061457670654
235,23.5,1,0.2,-4.058293983756596,1.012737473646402,0.12657034370901868
235,23.5,2,0.3,-4.1103277308723225,1.00569688357227,0.056807176987253676
236,23.6,0,0.1,-4.043026690977105,1.023826738951407,0.23547312058573075
236,23.6,1,0.2,-4.045861874164851,1.012509709509658,0.12432109591744835
236,23.6,2,0.3,-4.10482796381931,1.0055149185356382,0.054997670530125047
237,23.7,0,0.1,-4.020104846071745,1.023186569179064,0.22921844905360578
237,23.7,1,0.2,-4.0336535430007645,1.012283157028599,0.12208331164086855
237,23.7,2,0.3,-4.0995013797383395,1.0053407955516167,0.05326584080970534
238,23.8,0,0.1,-3.997790305480374,1.022565372208478,0.2231454059137063
238,23.8,1,0.2,-4.021666586239079,1.0120590882521117,0.11986956761685093
238,23.8,2,0.3,-4.094338749971793,1.005175979102273,0.051626297665467266
239,23.900000000000002,0,0.1,-3.9760654897247036,1.0219625177889426,0.21724815755670115
239,23.900000000000002,1,0.2,-4.009897707573007,1.0118384043975297,0.11768878666072179
239,23.900000000000002,2,0.3,-4.089329583824007,1.0050217329949138,0.050091661477854994
240,24.0,0,0.1,-3.9549137400576413,1.0213770335027872,0.21151749667062797
240,24.0,1,0.2,-3.998343040161889,1.0116216804362976,0.11554667411118015
240,24.0,2,0.3,-4.084462323297091,1.004879124880592,0.048672605269165434
241,24.1,0,0.1,-3.9343195448208226,1.0208077189394853,0.20594195236818422
241,24.1,1,0.2,-3.9869984216025416,1.011409212778971,0.1134461855934738
241,24.1,2,0.3,-4.07972453851114,1.0047490258338339,0.04737784785950371
242,24.2,0,0.1,-3.914268667288839,1.0202532466734924,0.20050877531983852
242,24.2,1,0.2,-3.9758596190387454,1.0112010700052239,0.11138802563796417
242,24.2,2,0.3,-4.075103128123698,1.0046321055736953,0.04621410387442558
243,24.3,0,0.1,-3.8947481860986235,1.0197122515673753,0.19520481190215377
243,24.3,1,0.2,-3.964922503227226,1.0109971447107218,0.10937115811519083
243,24.3,2,0.3,-4.070584527349355,1.0045288250448203,0.0451860077434312
244,24.400000000000002,0,0.1,-3.875746459526863,1.0191834083091802,0.1900172657176009
244,24.400000000000002,1,0.2,-3.954183173579876,1.010797203236964,0.10739329647350207
244,24.400000000000002,2,0.3,-4.066154924144951,1.0044394283985583,0.04429603204403713
245,24.5,0,0.1,-3.8572530261476716,1.0186654959575696,0.1849343337919191
245,24.5,1,0.2,-3.9436380397170443,1.010600929739452,0.10545133862831738
245,24.5,2,0.3,-4.061800482701282,1.0043639357996816,0.043544414436685705
246,24.6,0,0.1,-3.8392584560923955,1.018157447836122,0.17994570055275905
246,24.6,1,0.2,-3.9332838678486626,1.0104079617956743,0.10354171868381576
246,24.6,2,0.3,-4.057507573149424,1.0043021372879553,0.04292909551858176
247,24.7,0,0.1,-3.821754168513655,1.0176583854318664,0.17504287578740935
247,24.7,1,0.2,-3.923117801587432,1.0102179162674254,0.10166066261230838
247,24.7,2,0.3,-4.053263007252865,1.0042535868251772,0.04244565896558951
248,24.8,0,0.1,-3.804732231330431,1.0171676358732895,0.17021937183223848
248,24.8,1,0.2,-3.9131373663373994,1.0100304058985066,0.09980435250032418
248,24.8,2,0.3,-4.049054281021192,1.00421759535813,0.042087262316731724
249,24.900000000000002,0,0.1,-3.7881851585687905,1.0166847338178036,0.16547072761640122
249,24.900000000000002,1,0.2,-3.903340464477327,1.0098450486042956,0.09796901860072399
249,24.900000000000002,2,0.3,-4.044869825463238,1.0041932226163024,0.041844555579543766
250,25.0,0,0.1,-3.7721057186011717,1.016209409842291,0.16079439967619077
250,25.0,1,0.2,-3.8937253658459947,1.009661472201829,0.09615098631332347
250,25.0,2,0.3,-4.040699265049697,1.004179269303397,0.0417056041354078
251,25.1,0,0.1,-3.7564867636021515,1.0157415684093507,0.15618954999019996
251,25.1,1,0.2,-3.8842906953366647,1.009479317311968,0.09434670509329866
251,25.1,2,0.3,-4.036533679491157,1.0041742736695634,0.04165585558539794
252,25.2,0,0.1,-3.741321087047629,1.0152812589832625,0.15165676554523044
252,25.2,1,0.2,-3.875035417373657,1.009298240489178,0.09255277963007932
252,25.2,2,0.3,-4.0323658587306035,1.0041765182044307,0.04167820760553642
253,25.3,0,0.1,-3.726601312613128,1.0148286438359897,0.1471977443450069
253,25.3,1,0.2,-3.865958815994048,1.0091179186380625,0.09076601379608955
253,25.3,2,0.3,-4.0281905350574325,1.0041840524813634,0.04175323673170912
254,25.400000000000002,0,0.1,-3.7123198148308076,1.014383965588597,0.14281497782320038
254,25.400000000000002,1,0.2,-3.8570604691317767,1.0089380548417821,0.08898346862271074
254,25.400000000000002,2,0.3,-4.0240045718695585,1.0041947365691914,0.04185963187873949
255,25.5,0,0.1,-3.698468669635898,1.0139475167445589,0.13851145194910003
255,25.5,1,0.2,-3.84834021615959,1.0087583851382542,0.08720252972186779
255,25.5,2,0.3,-4.019807087517454,1.0042063061283182,0.04197484352104742
256,25.6,0,0.1,-3.6850396315635585,1.0135196125928772,0.13429038072339225
256,25.6,1,0.2,-3.839798118354365,1.0085786856273995,0.08542097805224959
256,25.6,2,0.3,-4.0155994956912044,1.004216456168889,0.04207591826249353
257,25.7,0,0.1,-3.6720241337578807,1.0131005680738816,0.13015497805678067
257,25.7,1,0.2,-3.8314344123865953,1.0083987794698241,0.08363705967769874
257,25.7,2,0.3,-4.011385450606959,1.0042229366576751,0.042140450842459216
258,25.8,0,0.1,-3.6594133069190695,1.0126906786282388,0.12610826838811026
258,25.8,1,0.2,-3.823249457100705,1.008218543609509,0.08184955285890244
258,25.8,2,0.3,-4.007170694360299,1.0042236508235363,0.04214756246659175
259,25.900000000000002,0,0.1,-3.647198013598357,1.012290204727022,0.12215293320712299
259,25.900000000000002,1,0.2,-3.815243673898892,1.008037915174115,0.08005783201812885
259,25.900000000000002,2,0.3,-4.002962813171662,1.004216746751403,0.04207881188637626
260,26.0,0,0.1,-3.6353688946440026,1.011899359670669,0.11829118954354709
260,26.0,1,0.2,-3.807417481260577,1.007856897331936,0.0782619263831491
260,26.0,2,0.3,-3.9987709168657184,1.004200694592803,0.041918963059433885
261,26.1,0,0.1,-3.623916424977701,1.0115183002646497,0.11452469666301483
261,26.1,1,0.2,-3.79977122459339,1.0076755639370465,0.07646256667187215
261,26.1,2,0.3,-3.99460526054403,1.0041743447280997,0.04165656321688468
262,26.2,0,0.1,-3.6128309762000295,1.0111471200388358,0.11085448777671716
262,26.2,1,0.2,-3.7923051038096394,1.0074940617571377,0.07466120783750689
262,26.2,2,0.3,-3.9904768288461963,1.0041369654115522,0.041284316978337
263,26.3,0,0.1,-3.6021028838127616,1.0107858447097204,0.10728092387267754
263,26.3,1,0.2,-3.7850191025765527,1.0073126087215474,0.07286001233086543
263,26.3,2,0.3,-3.9863969022706924,1.00408826080643,0.040799265755037645
264,26.400000000000002,0,0.1,-3.591722517153394,1.0104344295677008,0.10380366659367221
264,26.400000000000002,1,0.2,-3.777912924678088,1.0071314866947119,0.07106177898464582
264,26.400000000000002,2,0.3,-3.9823766231201057,1.0040283713134284,0.04020279150586724
265,26.5,0,0.1,-3.581680350490081,1.010092758427454,0.1004216666331347
265,26.5,1,0.2,-3.7709859438151976,1.0069510278871876,0.069269808628906
265,26.5,2,0.3,-3.9784265770525877,1.0039578577816426,0.039500460675180045
266,26.6,0,0.1,-3.5719670341009677,1.0097606437578708,0.09713316389113076
266,26.6,1,0.2,-3.7642371729960384,1.0067715950893108,0.06748770819159049
266,26.6,2,0.3,-3.974556405646929,1.0038776701897523,0.03870171405658541
267,26.7,0,0.1,-3.562573464487671,1.0094378276601366,0.09393569613296937
267,26.7,1,0.2,-3.7576652582113077,1.0065935572014293,0.06571914784730877
267,26.7,2,0.3,-3.970774465632683,1.0037891005734711,0.03781940014246113
268,26.8,0,0.1,-3.5534908530479576,1.009123983515631,0.0908261143971321
268,26.8,1,0.2,-3.7512684984836224,1.0064172626893844,0.06396759727685183
268,26.8,2,0.3,-3.967087550567249,1.0036937200974054,0.03686915065434118
269,26.900000000000002,0,0.1,-3.5447107924700907,1.0088187183661543,0.0878006057786683
269,26.900000000000002,1,0.2,-3.7450448910895946,1.0062430142779115,0.06223607394027742
269,26.900000000000002,2,0.3,-3.963500689537067,1.0035933015142786,0.03586861030182081
270,27.0,0,0.1,-3.5362253197767815,1.0085215763633746,0.08485472693309418
270,27.0,1,0.2,-3.738992197456679,1.0060710481958521,0.06052693632915625
270,27.0,2,0.3,-3.9600170339866607,1.0034897305307342,0.03483655550406158
271,27.1,0,0.1,-3.528026974386556,1.0082320438513852,0.08198345390225342
271,27.1,1,0.2,-3.7331080226316944,1.0059015205868127,0.058841748249846275
271,27.1,2,0.3,-3.9566378378557077,1.00338491205079,0.03379196130953007
272,27.2,0,0.1,-3.5201088489028765,1.0079495567433847,0.07918125483679708
272,27.2,1,0.2,-3.727389899824904,1.0057345024764457,0.057181228067905265
272,27.2,2,0.3,-3.953362528561159,1.0032806789808966,0.03275309294548626
273,27.3,0,0.1,-3.512464629771928,1.0076735107636599,0.07644219130948374
273,27.3,1,0.2,-3.7218353715589214,1.0055699832599283,0.05554528265982493
273,27.3,2,0.3,-3.9501888584331994,1.0031787115508604,0.03173670127959615
274,27.400000000000002,0,0.1,-3.505088624665453,1.007403274838135,0.07376005106474964
274,27.400000000000002,1,0.2,-3.716442060250534,1.0054078813937135,0.053933113083871956
274,27.400000000000002,2,0.3,-3.94711311964544,1.0030804737255372,0.030757387877593086
275,27.5,0,0.1,-3.497975773601203,1.0071382074725148,0.07112851064250121
275,27.5,1,0.2,-3.711207723200412,1.0052480601255855,0.05234337050122329
275,27.5,2,0.3,-3.9441304017459835,1.0029871706284679,0.02982717899456652
276,27.6,0,0.1,-3.491121641481137,1.0068776754425695,0.0685413212006604
276,27.6,1,0.2,-3.706130289402682,1.005090345808759,0.050774337977296635
276,27.6,2,0.3,-3.9412348700660327,1.0028997277808094,0.028955316799507833
277,27.7,0,0.1,-3.484522390869095,1.0066210736451724,0.06599250612041947
277,27.7,1,0.2,-3.701207877795049,1.004934546578588,0.04922411607633508
277,27.7,2,0.3,-3.9384200451069575,1.0028187902985561,0.028148249590752062
278,27.8,0,0.1,-3.478174735305027,1.0063678446247764,0.0634765556406771
278,27.8,1,0.2,-3.6964387982092655,1.004780469745492,0.04769079585783252
278,27.8,2,0.3,-3.9356790663715278,1.002744738652143,0.027409787354297388
279,27.900000000000002,0,0.1,-3.47207587504976,1.0061174961701578,0.06098860255267093
279,27.900000000000002,1,0.2,-3.6918215372508825,1.0046279369326907,0.0461726095838293
279,27.900000000000002,2,0.3,-3.9330049277513695,1.0026777173181054,0.02674138620158268
280,28.0,0,0.1,-3.4662234186366003,1.0058696154941196,0.05852456413159804
280,28.0,1,0.2,-3.6873547317534596,1.00447679654358,0.04466805497422938
280,28.0,2,0.3,-3.930390674669509,1.002617673221169,0.026142530818603075
281,28.1,0,0.1,-3.4606152947648656,1.0056238788365772,0.05608123871734625
281,28.1,1,0.2,-3.683037132561189,1.0043269334526936,0.043175991922707546
281,28.1,2,0.3,-3.927829555643083,1.0025644014934245,0.025611190264260477
282,28.2,0,0.1,-3.4552496597652906,1.0053800557997625,0.05365634999575101
282,28.2,1,0.2,-3.6788675614524555,1.0041782758645097,0.04169571108733372
282,28.2,2,0.3,-3.925315123485074,1.0025175959937422,0.025144321580091146
283,28.3,0,0.1,-3.450124806047389,1.005138008242788,0.05124853717901539
283,28.3,1,0.2,-3.674844864196815,1.0040307991624422,0.04022697255640249
283,28.3,2,0.3,-3.922841285078573,1.0024769008695573,0.02473838406500804
284,28.400000000000002,0,0.1,-3.4452390766413084,1.0048976840431068,0.04885729406080605
284,28.400000000000002,1,0.2,-3.6709678630767373,1.0038845264109648,0.03877001120077884
284,28.400000000000002,2,0.3,-3.920402304324255,1.0024419574874512,0.024389807543183303
285,28.5,0,0.1,-3.440590790274334,1.0046591064084371,0.046482863669746625
285,28.5,1,0.2,-3.6672353126171124,1.0037395251011254,0.03732550459624919
285,28.5,2,0.3,-3.9179927703718924,1.0024124392122682,0.024095339523624817
286,28.6,0,0.1,-3.436178180510244,1.0044223596621118,0.04412609764089685
286,28.6,1,0.2,-3.6636458625932087,1.003595899814399,0.035894500239037105
286,28.6,2,0.3,-3.9156075512823936,1.0023880659875932,0.023852190894988128
287,28.7,0,0.1,-3.4319993514608873,1.0041875725303973,0.04178829049356825
287,28.7,1,0.2,-3.6601980324713157,1.003453780725092,0.03447830121893054
287,28.7,2,0.3,-3.9132417594929083,1.0023685924830648,0.023657917894853112
288,28.8,0,0.1,-3.428052251557071,1.0039548999618013,0.039470999038164194
288,28.8,1,0.2,-3.656890201162598,1.003313308219936,0.03307831308717765
288,28.8,2,0.3,-3.9108907572063467,1.0023537680594585,0.023510022865615654
289,28.900000000000002,0,0.1,-3.424334665900832,1.0037245044488727,0.03717585656238978
289,28.900000000000002,1,0.2,-3.653720615290663,1.0031746143205307,0.03169585871934676
289,28.900000000000002,2,0.3,-3.9085502250733635,1.002343273316508,0.023405321329832085
290,29.0,0,0.1,-3.420844226832859,1.003496537744038,0.03490439067972936
290,29.0,1,0.2,-3.6506874180879643,1.0030378019999096,0.030331972026989652
290,29.0,2,0.3,-3.906216305822462,1.0023366449605526,0.02333919250901367
291,29.1,0,0.1,-3.417578441528188,1.0032711237913676,0.03265785304670874
291,29.1,1,0.2,-3.6477886995684012,1.0029029238664815,0.028987185195629848
291,29.1,2,0.3,-3.9038858174464033,1.0023332060748726,0.023304883760588372
292,29.2,0,0.1,-3.4145347346614874,1.0030483436455844,0.030437068667007
292,29.2,1,0.2,-3.6450225668028704,1.0027699620407164,0.027661327655308966
292,29.2,2,0.3,-3.9015565117340687,1.002332020652451,0.023293057123346336
293,29.3,0,0.1,-3.4117105034498865,1.002828223109699,0.028242312116008736
293,29.3,1,0.2,-3.642387230999435,1.0026388113532434,0.026353358034354082
293,29.3,2,0.3,-3.899227338022761,1.0023318883436039,0.02329173711307553
294,29.400000000000002,0,0.1,-3.4091031816973194,1.002610723772005,0.02607321752567023
294,29.400000000000002,1,0.2,-3.6398811057693807,1.002509268186888,0.02506125230054188
294,29.400000000000002,2,0.3,-3.8968986635260983,1.0023313879649711,0.023286744966628196
295,29.5,0,0.1,-3.406710308866695,1.0023957380357178,0.02392872830624666
295,29.5,1,0.2,-3.637502908664361,1.0023810272588647,0.02378197105019681
295,29.5,2,0.3,-3.894572403393196,1.0023289679753136,0.023262601329024298
296,29.6,0,0.1,-3.404529599754314,1.0021830885878307,0.021807091123808544
296,29.6,1,0.2,-3.6352517561546227,1.0022536882559763,0.022511525097383647
296,29.6,2,0.3,-3.8922520261386673,1.002323071413249,0.02320377254528572
297,29.7,0,0.1,-3.402559010106412,1.001972532535684,0.0197058964790213
297,29.7,1,0.2,-3.6331272411486166,1.0021267733870496,0.021245150060061235
297,29.7,2,0.3,-3.889942420782651,1.0023122745489983,0.02309605356016369
298,29.8,0,0.1,-3.4007967935698296,1.0017637701526116,0.017622165365822368
298,29.8,1,0.2,-3.6311294824070623,1.0019997555910687,0.0199775874155425
298,29.8,2,0.3,-3.8876496362468753,1.0022954149761996,0.022927845357756056
299,29.900000000000002,0,0.1,-3.3992415457593776,1.001556457835543,0.015552478104518876
299,29.900000000000002,1,0.2,-3.6292591371206675,1.001872095473121,0.01870345286394821
299,29.900000000000002,2,0.3,-3.8853805256004894,1.0022716870262771,0.022691106463858756
300,30.0,0,0.1,-3.3978922319729956,1.0013502245198047,0.013493137863820625
300,30.0,1,0.2,-3.627517371548051,1.0017432833273343,0.01741765572616442
300,30.0,2,0.3,-3.8831423425926044,1.0022406896092022,0.022381830078850785
301,30.1,0,0.1,-3.39674819616954,1.001144690462043,0.011440358034557733
301,30.1,1,0.2,-3.625905789596105,1.0016128812480203,0.016115819519461942
301,30.1,2,0.3,-3.8809423424956817,1.0022024218727792,0.022000000969226406
302,30.2,0,0.1,-3.3958091501721066,1.000939487039168,0.009390459974332388
302,30.2,1,0.2,-3.6244263248101922,1.0014805597338516,0.014794647859126858
302,30.2,2,0.3,-3.878787433301997,1.0021572326791681,0.02154909193684819
303,30.3,0,0.1,-3.3950751435557933,1.0007342760650915,0.0073400661631327704
303,30.3,1,0.2,-3.623081106383698,1.0013461236386592,0.013452184264943576
303,30.3,2,0.3,-3.8766839091024434,1.0021057381586826,0.021035241995534783
304,30.400000000000002,0,0.1,-3.3945465161706476,1.0005287671332255,0.005286273851456893
304,30.400000000000002,1,0.2,-3.621872313402795,1.0012095238656045,0.012087929809028003
304,30.400000000000002,2,0.3,-3.874637279177867,1.0020487257011161,0.020466299245764638
305,30.5,0,0.1,-3.3942238365698185,1.0003227316674914,0.0032267960082910797
305,30.5,1,0.2,-3.620802032756678,1.001070853600837,0.010702806461169397
305,30.5,2,0.3,-3.872652188608601,1.0019870621659333,0.019850905692658107
306,30.6,0,0.1,-3.3941078306002455,1.0001160126985256,0.0011600596957306144
306,30.6,1,0.2,-3.6198721346024674,1.0009303306435458,0.009298981542107267
306,30.6,2,0.3,-3.8707324129216762,1.0019216196360698,0.01919775686924891
307,30.7,0,0.1,-3.394199304947241,0.9999085298366548,-0.000914743469957477
307,30.7,1,0.2,-3.619084175248851,1.000788269875142,0.007879593536164355
307,30.7,2,0.3,-3.8688809025750173,1.001853225450288,0.018515103466590195
308,30.8,0,0.1,-3.394499070447808,0.9997002794246217,-0.002997655005669799
308,30.8,1,0.2,-3.618439331692914,1.00064505151224,0.0064484355593696
308,30.8,2,0.3,-3.867099852992455,1.0017826365934117,0.017810495825622854
309,30.900000000000002,0,0.1,-3.3950078695238846,0.9994913303402237,-0.0050879907607636445
309,30.900000000000002,1,0.2,-3.617938366097977,1.0005010910991576,0.005009655949370568
309,30.900000000000002,2,0.3,-3.865390780743437,1.0017105335453624,0.017090722490178158
310,31.0,0,0.1,-3.3957263112417344,0.9992818162996074,-0.007184417178498646
310,31.0,1,0.2,-3.617581613605432,1.0003568161362835,0.0035675249254475054
310,31.0,2,0.3,-3.8637545936903415,1.0016375263374724,0.016361870530956852
311,31.1,0,0.1,-3.396654816448595,0.9990719257207161,-0.009285052068603729
311,31.1,1,0.2,-3.6173689841194028,1.0002126520932808,0.002126294860294001
311,31.1,2,0.3,-3.8621916498943065,1.001564165829263,0.015629437960349213
312,31.2,0,0.1,-3.397793574375695,0.99886189021166,-0.011387579271003
312,31.2,1,0.2,-3.617299968606471,1.0000690178945568,0.0006901551293170419
312,31.2,2,0.3,-3.8607018049686004,1.0014909552960154,0.014898449257061725
313,31.3,0,0.1,-3.3991425112186247,0.9986519725634169,-0.01348936842929563
313,31.3,1,0.2,-3.6173736428249286,0.9999263284954211,-0.0007367421845749683
313,31.3,2,0.3,-3.8592844497871552,1.0014183601040216,0.014173551814451256
314,31.400000000000002,0,0.1,-3.400701270645332,0.998442454807786,-0.015587594267074456
314,31.400000000000002,1,0.2,-3.617588665410119,0.9997850005305086,-0.0021502258519045777
314,31.400000000000002,2,0.3,-3.857938540511106,1.001346815418422,0.01345909276049254
315,31.5,0,0.1,-3.402469205981464,0.9982336265409764,-0.017679353361317696
315,31.5,1,0.2,-3.61794327167332,0.999645456602169,-0.0035460626320117017
315,31.5,2,0.3,-3.856662621976534,1.0012767328649284,0.01275918534572123
316,31.6,0,0.1,-3.4044453839218014,0.9980257734136689,-0.019761779403375253
316,31.6,1,0.2,-3.618435268062877,0.9995081246208203,-0.004919963895568743
316,31.6,2,0.3,-3.8554548448344717,1.0012085067985994,0.012077771420621991
317,31.7,0,0.1,-3.406628599865948,0.9978191655383705,-0.02183215944146657
317,31.7,1,0.2,-3.6190620340482695,0.9993734303913782,-0.006267659853924768
317,31.7,2,0.3,-3.8543129772088394,1.00114251980468,0.011418676256323111
318,31.8,0,0.1,-3.409017405177492,0.997614045613311,-0.02388805311543917
318,31.8,1,0.2,-3.6198205378482577,0.9992417837913014,-0.007585037999881975
318,31.8,2,0.3,-3.8532344130515357,1.0010791460167967,0.010785641573036589
319,31.900000000000002,0,0.1,-3.411610146626136,0.9974106168024797,-0.0259274144864415
319,31.900000000000002,1,0.2,-3.6207073701994346,0.9991135607684136,-0.008868323511768013
319,31.900000000000002,2,0.3,-3.8522161811693985,1.0010187504562147,0.010182318821372183
320,32.0,0,0.1,-3.4144050178628325,0.9972090307798606,-0.027948712366963654
320,32.0,1,0.2,-3.6217187970324876,0.9989890844866645,-0.01011426833053019
320,32.0,2,0.3,-3.8512549601052286,1.000961683185192,0.009612210641698687
321,32.1,0,0.1,-3.417400121976494,0.9970093767360108,-0.02995104113661508
321,32.1,1,0.2,-3.6228508285156975,0.9988686090227159,-0.011320314832099337
321,32.1,2,0.3,-3.850347103861025,1.0009082684704216,0.009078562442037402
322,32.2,0,0.1,-3.4205935430874304,0.9968116724348715,-0.031934211109363
322,32.2,1,0.2,-3.6240992993807666,0.9987523081504549,-0.012484708650690558
322,32.2,2,0.3,-3.8494886815873555,1.000858790823519,0.008584222736693781
323,32.3,0,0.1,-3.4239834237513382,0.9966158584946974,-0.03389880663908078
323,32.3,1,0.2,-3.6254599543451898,0.9986402703068372,-0.013606549644232465
323,32.3,2,0.3,-3.8486755312601755,1.0008134810235363,0.008131503271800362
324,32.4,0,0.1,-3.427568043937767,0.9964217968946224,-0.0358462018642886
324,32.4,1,0.2,-3.626928532862239,0.9985324993166887,-0.014685785170493806
324,32.4,2,0.3,-3.847903324026245,1.0007725054626964,0.007722072339304443
325,32.5,0,0.1,-3.4313458967552215,0.9962292742906209,-0.03777852817454299
325,32.5,1,0.2,-3.628500848961194,0.9984289193424163,-0.015723160989548957
325,32.5,2,0.3,-3.847167633528318,1.0007359611845577,0.00735690497926978
326,32.6,0,0.1,-3.435315756087776,0.9960380101419926,-0.03969859332554503
326,32.6,1,0.2,-3.6301728638884248,0.9983293821109963,-0.01672014927230657
326,32.6,2,0.3,-3.846464004083125,1.000703877050462,0.00703629445192967
327,32.7,0,0.1,-3.4394767319219905,0.9958476690312167,-0.041609758342144275
327,32.7,1,0.2,-3.6319407508964203,0.9982336747837481,-0.017678870079955472
327,32.7,2,0.3,-3.845788013419958,1.0006762191963483,0.006759906631672489
328,32.8,0,0.1,-3.4438283102701654,0.9956578760500621,-0.043515783481751474
328,32.8,1,0.2,-3.6338009523494916,0.998141527649326,-0.018602014530714143
328,32.8,2,0.3,-3.845135329354878,1.0006528971096718,0.006526840650798265
329,32.9,0,0.1,-3.4483703760085165,0.9954682338425429,-0.045420657383509665
329,32.9,1,0.2,-3.6357502292001285,0.9980526217556466,-0.019492768506368108
329,32.9,2,0.3,-3.844501764161598,1.0006337659380995,0.006335651932798302
330,33.0,0,0.1,-3.4531032183570938,0.9952783399015396,-0.04732842348577226
330,33.0,1,0.2,-3.6377857021090962,0.997966597261184,-0.020354729089677438
330,33.0,2,0.3,-3.843883334056892,1.00061862137203,0.006184301047062936
331,33.1,0,0.1,-3.4580275198579677,0.9950878029948822,-0.04924301500873903
331,33.1,1,0.2,-3.6399048825651263,0.997883063421532,-0.021191804560300707
331,33.1,2,0.3,-3.843276332816725,1.0006071855027001,0.0060700124016665165
332,33.2,0,0.1,-3.463144330374214,0.9948962580593738,-0.05116810516246167
332,33.2,1,0.2,-3.6421056918745722,0.9978016106957135,-0.022008093094458524
332,33.2,2,0.3,-3.842677427287153,1.0005990849092978,0.0059890552957230486
333,33.3,0,0.1,-3.468455027787647,0.9947033794098018,-0.05310697413433232
333,33.3,1,0.2,-3.644386466217401,0.9977218246466943,-0.02280774342828936
333,33.3,2,0.3,-3.84208377845044,1.0005938250810578,0.005936488367131236
334,33.4,0,0.1,-3.473961266819787,0.9945088925166194,-0.05506239032139792
334,33.4,1,0.2,-3.646745947145476,0.9976433004590767,-0.02359480928074886
334,33.4,2,0.3,-3.841493185558775,1.000590767325985,0.005905928916649566
335,33.5,0,0.1,-3.4796649169560836,0.9943125847953534,-0.057036501362967305
335,33.5,1,0.2,-3.649183258617024,0.9975656563603899,-0.024373114715480967
335,33.5,2,0.3,-3.840904244055413,1.0005891149634603,0.005889415033619644
336,33.6,0,0.1,-3.485567990086406,0.9941143157730542,-0.0590307313032215
336,33.6,1,0.2,-3.651697873359982,0.9974885442522546,-0.025146147429579633
336,33.6,2,0.3,-3.840316502186123,1.0005879146233856,0.005877418692898845
337,33.7,0,0.1,-3.4916725584234842,0.9939140266827816,-0.06104568337078311
337,33.7,1,0.2,-3.654289572442545,0.9974116564700178,-0.025916990825627005
337,33.7,2,0.3,-3.839730597782817,1.0005860760788179,0.0058590440330607285
338,33.8,0,0.1,-3.497980663661423,0.993711749088245,-0.06308105237938924
338,33.8,1,0.2,-3.6569584019927195,0.9973347286093318,-0.02668829550174819
338,33.8,2,0.3,-3.839148356547428,1.000582410770719,0.005822412353891136
339,33.9,0,0.1,-3.5044942191796093,0.993507611701669,-0.0651355551818646
339,33.9,1,0.2,-3.6597046299835503,0.9972575394437241,-0.027462279908307574
339,33.9,2,0.3,-3.838572836405784,1.0005756857851362,0.005755201416439622
340,34.0,0,0.1,-3.511214908228437,0.9933018442737409,-0.06720689048827737
340,34.0,1,0.2,-3.662528704201098,0.9971799097288432,-0.028240742175475606
340,34.0,2,0.3,-3.83800830852333,1.0005646872583085,0.005645278824539721
341,34.1,0,0.1,-3.518144082192525,0.9930947774088186,-0.06929173964087888
341,34.1,1,0.2,-3.665431210538632,0.9971017018615593,-0.02902506337534264
341,34.1,2,0.3,-3.8374601731964577,1.0005482855804921,0.005481353268721378
342,34.2,0,0.1,-3.5252826639216157,0.992886837423929,-0.07138581729090442
342,34.2,1,0.2,-3.668412829306024,0.997022821843346,-0.02981618767391627
342,34.2,2,0.3,-3.836934816606317,1.0005254946140836,0.0052535659014062795
343,34.300000000000004,0,0.1,-3.5326310615040137,0.9926785358781446,-0.07348397582397921
343,34.300000000000004,1,0.2,-3.6714742868673604,0.9969432239212581,-0.030614575613365346
343,34.300000000000004,2,0.3,-3.8364394209671464,1.000495518367856,0.004953956391706634
344,34.4,0,0.1,-3.540189097603095,0.9924704540340866,-0.07558036099081886
344,34.4,1,0.2,-3.6746163008645887,0.996862916963017,-0.03142013997228422
344,34.4,2,0.3,-3.835981744903153,1.0004577808136632,0.004576760639936322
345,34.5,0,0.1,-3.5479559586058644,0.9922632231253502,-0.07766861002769132
345,34.5,1,0.2,-3.677839519393657,0.9967819704631922,-0.032232185290683266
345,34.5,2,0.3,-3.835569892482547,1.0004119372434583,0.004118524206058125
346,34.6,0,0.1,-3.555930166509509,0.9920575017497647,-0.07974207903644334
346,34.6,1,0.2,-3.681144457260008,0.9967005174293401,-0.033049378663507295
346,34.6,2,0.3,-3.8352120883562724,1.0003578681458063,0.003578041262746139
347,34.7,0,0.1,-3.564109574959884,0.9918539518930024,-0.08179408450374898
347,34.7,1,0.2,-3.6845314351352285,0.9966187514641359,-0.03386977875220639
347,34.7,2,0.3,-3.8349164735221146,1.0002956585325287,0.0029561483415773827
348,34.800000000000004,0,0.1,-3.572491389440735,0.9916532149876534,-0.0838181448085106
348,34.800000000000004,1,0.2,-3.6880005293491425,0.9965369161412472,-0.03469094213913899
348,34.800000000000004,2,0.3,-3.8346909322815543,1.0002255666768982,0.0022554124056028647
349,34.9,0,0.1,-3.5810722105242627,0.9914558890855353,-0.08580821083528133
349,34.9,1,0.2,-3.6915515406592645,0.9964552860743072,-0.03551011310122234
349,34.9,2,0.3,-3.8345429569221574,1.0001479863082903,0.0014797535939693194
350,35.0,0,0.1,-3.589848098444582,0.9912625077831855,-0.08775887920319345
350,35.0,1,0.2,-3.695183989440371,0.996374140580047,-0.03632448781106527
350,35.0,2,0.3,-3.834479553263731,1.0000634056684812,0.0006340365842660754
351,35.1,0,0.1,-3.5988146570118267,0.9910735211372295,-0.08966558567244359
351,35.1,1,0.2,-3.6988971424762904,0.9962937321922098,-0.03713153035919295
351,35.1,2,0.3,-3.8345071877783257,0.9999723658672349,-0.0002763451459486493
352,35.2,0,0.1,-3.6079671348804747,0.9908892785681955,-0.09152477868647904
352,35.2,1,0.2,-3.702690073337135,0.9962142532156409,-0.037929308608445914
352,35.2,2,0.3,-3.83463177541909,0.9998754201199535,-0.0012458764076450457
353,35.300000000000004,0,0.1,-3.6173005421758733,0.99071001375668,-0.09333407295398422
353,35.300000000000004,1,0.2,-3.7065617547559673,0.9961358038763303,-0.03871681418832152
353,35.300000000000004,2,0.3,-3.8348587061130153,0.9997730950528974,-0.002269306939250949
354,35.4,0,0.1,-3.6268097802201544,0.9905358317867574,-0.09509238044281705
354,35.4,1,0.2,-3.710511178042694,0.9960583654284041,-0.03949423286726764
354,35.4,2,0.3,-3.83519290649502,0.999665855456722,-0.0033420038200484238
355,35.5,0,0.1,-3.636489781412046,0.9903666992115173,-0.09680001191891248
355,35.5,1,0.2,-3.7145374918284784,0.9959817809479427,-0.04026313785784495
355,35.5,2,0.3,-3.835638931420063,0.9995540745292868,-0.004460249250430807
356,35.6,0,0.1,-3.646335655171709,0.9902024381676606,-0.0984587375966303
356,35.6,1,0.2,-3.718640150573109,0.9959057456623571,-0.041026587446303914
356,35.6,2,0.3,-3.836201076977716,0.9994380124165582,-0.0056214555765298525
357,35.7,0,0.1,-3.656342834392189,0.9900427259886394,-0.1000717922047997
357,35.7,1,0.2,-3.722819062356975,0.9958298077177447,-0.04178911783866142
357,35.7,2,0.3,-3.8368835035148607,0.9993178062628856,-0.006824265371445551
358,35.800000000000004,0,0.1,-3.666507215318669,0.9898871018156145,-0.1016438092647961
358,35.800000000000004,1,0.2,-3.727074725447596,0.9957533794117203,-0.042556630906211375
358,35.800000000000004,2,0.3,-3.837690354335339,0.999193474596118,-0.00806850820478366
359,35.9,0,0.1,-3.676825282567554,0.9897349813970535,-0.10318067248885542
359,35.9,1,0.2,-3.731408343836834,0.9956757581852118,-0.04333618389238205
359,35.9,2,0.3,-3.8386258542859153,0.9990649374930823,-0.009354999505762329
360,36.0,0,0.1,-3.6872942104642017,0.9895856805987371,-0.10468927896647735
360,36.0,1,0.2,-3.7358219132359265,0.9955961560850338,-0.044135693990922584
360,36.0,2,0.3,-3.839694373231588,0.9989320517174232,-0.010685189456727098
361,36.1,0,0.1,-3.6979119322989735,0.9894384472021998,-0.1061772183477168
361,36.1,1,0.2,-3.7403182707581397,0.9955137359596361,-0.044963575222131597
361,36.1,2,0.3,-3.840900442891027,0.9987946573502687,-0.01206069659438907
362,36.2,0,0.1,-3.7086771705953048,0.9892924995086461,-0.10765238296331095
362,36.2,1,0.2,-3.7449011036023907,0.9954276523108352,-0.045828328442509184
362,36.2,2,0.3,-3.8422487213820284,0.9986526300280851,-0.013482784910014787
363,36.300000000000004,0,0.1,-3.719589423973073,0.989147069281746,-0.109122533777682
363,36.300000000000004,1,0.2,-3.749574914370667,0.9953370944889545,-0.04673810768276376
363,36.300000000000004,2,0.3,-3.843743907139707,0.9985059314756533,-0.014951857576783533
364,36.4,0,0.1,-3.7306489094075124,0.9890014458448676,-0.11059485434439871
364,36.4,1,0.2,-3.754344943088062,0.9952413298022561,-0.04770028717395119
364,36.4,2,0.3,-3.8453906111207394,0.9983546510920643,-0.016467039810327093
365,36.5,0,0.1,-3.741856462218222,0.9888550178365267,-0.11207552810709683
365,36.5,1,0.2,-3.759217048402958,0.9951397441384647,-0.04872105314896055
365,36.5,2,0.3,-3.847193201762421,0.9981990330490661,-0.018025906416813973
366,36.6,0,0.1,-3.7532133995017585,0.9887073092839421,-0.113569372835361
366,36.6,1,0.2,-3.7641975526641698,0.995031877885163,-0.04980504261211589
366,36.6,2,0.3,-3.8491556397122846,0.9980394863724961,-0.01962437949863699
367,36.7,0,0.1,-3.7647213555008316,0.9885580072500368,-0.11507955999073008
367,36.7,1,0.2,-3.769293057439574,0.994917455287023,-0.050955047754043636
367,36.7,2,0.3,-3.851281318280059,0.9978765790869462,-0.02125678567774317
368,36.800000000000004,0,0.1,-3.7763820992505726,0.9884069792336138,-0.11660743749740744
368,36.800000000000004,1,0.2,-3.7745102374172457,0.9947964058689175,-0.05217179977671386
368,36.800000000000004,2,0.3,-3.853572921197356,0.9977110208001126,-0.022916029172969872
369,36.9,0,0.1,-3.7881973455922475,0.9882542795899856,-0.11815246341675639
369,36.9,1,0.2,-3.7798556214150922,0.9946688771454514,-0.053453839978468684
369,36.9,2,0.3,-3.8560323027624004,0.9975436402360354,-0.024593815650445782
370,37.0,0,0.1,-3.800168570317678,0.9881001453058362,-0.11971224725430492
370,37.0,1,0.2,-3.785335369366083,0.9945352384813594,-0.05479747950990632
370,37.0,2,0.3,-3.85866038850496,0.9973753646514697,-0.026280857425597562
371,37.1,0,0.1,-3.8122968389892553,0.9879449823438501,-0.12128268671576953
371,37.1,1,0.2,-3.79095505364061,0.9943960766135862,-0.056196842745270016
371,37.1,2,0.3,-3.8614570889237565,0.9972072067046198,-0.027967004187962764
372,37.2,0,0.1,-3.824582657169193,0.9877893443582606,-0.12285818179937727
372,37.2,1,0.2,-3.796719451964274,0.9942521839427902,-0.05764398323663851
372,37.2,2,0.3,-3.864421216024504,0.9970402615867071,-0.02964127100747629
373,37.300000000000004,0,0.1,-3.8370258477273778,0.9876339058311182,-0.12443190558184371
373,37.300000000000004,1,0.2,-3.8026323575958196,0.9941045411908825,-0.05912905631545589
373,37.300000000000004,2,0.3,-3.8675503929702915,0.9968757138256988,-0.03129176945787249
374,37.4,0,0.1,-3.849625458888218,0.987479431622154,-0.12599611160841123
374,37.4,1,0.2,-3.808696410522709,0.9939542963330307,-0.0606405292688973
374,37.4,2,0.3,-3.8708409509103188,0.996714850012398,-0.03290557940027493
375,37.5,0,0.1,-3.8623797049415685,0.9873267446520604,-0.12754246053350113
375,37.5,1,0.2,-3.814912951462243,0.9938027417731441,-0.06216540939533744
375,37.5,2,0.3,-3.874287812968619,0.996559071551322,-0.03446862058300088
376,37.6,0,0.1,-3.875285940176419,0.9871766930716649,-0.12906235234850166
376,37.6,1,0.2,-3.8212818987373094,0.9936512914803131,-0.06368947275066449
376,37.6,2,0.3,-3.8778843719808256,0.9964099008594006,-0.03596559012206628
377,37.7,0,0.1,-3.888340665569548,0.9870301179310138,-0.13054725393128833
377,37.7,1,0.2,-3.827801646959271,0.9935014592223815,-0.0651974822196157
377,37.7,2,0.3,-3.8816223743355764,0.9962689752792061,-0.037380023547508044
378,37.800000000000004,0,0.1,-3.90153956694876,0.9868878221485314,-0.13198901379212014
378,37.800000000000004,1,0.2,-3.834468986171978,0.9933548381779466,-0.06667339212706919
378,37.800000000000004,2,0.3,-3.8854918259901763,0.9961380250267927,-0.03869451654599788
379,37.9,0,0.1,-3.9148775825776903,0.986750541538663,-0.1333801562893098
379,37.9,1,0.2,-3.8412790408185886,0.9932130812268891,-0.0681005464661094
379,37.9,2,0.3,-3.889480937717684,0.9960188342094246,-0.03989111727508159
380,38.0,0,0.1,-3.928348997211008,0.9866189187782106,-0.13471414633317721
380,38.0,1,0.2,-3.8482252294863595,0.9930778803392014,-0.0694618866777076
380,38.0,2,0.3,-3.8935761248413527,0.9959131867204011,-0.04095187123668462
381,38.1,0,0.1,-3.9419475585392463,0.9864934814181842,-0.13598561328237918
381,38.1,1,0.2,-3.8552992484986848,0.9929509429649854,-0.07074019012325194
381,38.1,2,0.3,-3.8977620725666196,0.9958228011422212,-0.041859477252667546
382,38.2,0,0.1,-3.955666610567686,0.9863746252885367,-0.1371905202843962
382,38.2,1,0.2,-3.862491084465315,0.9928339634003345,-0.07191835966630208
382,38.2,2,0.3,-3.902021872292303,0.9957492603518975,-0.04259799725683184
383,38.300000000000004,0,0.1,-3.9694992369395146,0.9862626047995813,-0.13832626371828274
383,38.300000000000004,1,0.2,-3.8697890621680795,0.992728587872236,-0.07297977702764309
383,38.300000000000004,2,0.3,-3.9063372278495985,0.995693942210298,-0.04315355557295614
384,38.4,0,0.1,-3.98343840568658,0.9861575316365301,-0.13939168747066147
384,38.4,1,0.2,-3.8771799340181423,0.9926363734797216,-0.0739087185006324
384,38.4,2,0.3,-3.910688724327579,0.995657957564769,-0.04351496477980968
385,38.5,0,0.1,-3.997477105580672,0.9860593831307551,-0.14038699894092033
385,38.5,1,0.2,-3.884649015406565,0.9925587428829589,-0.0746908138842251
385,38.5,2,0.3,-3.9150561467399476,0.9956421009077305,-0.04367422412368365
386,38.6,0,0.1,-4.011608463369148,0.9859680211773448,-0.14131357788475873
386,38.6,1,0.2,-3.89218036663645,0.992496938331697,-0.07531351229884801
386,38.6,2,0.3,-3.9194188318865644,0.9956468175401283,-0.0436268514661669
387,38.7,0,0.1,-4.025825830869121,0.9858832219991274,-0.1421736749997284
387,38.7,1,0.2,-3.899757017295491,0.9924519798052569,-0.0757665065904101
387,38.7,2,0.3,-3.923756034840584,0.9956721891273519,-0.04337202954019786
388,38.800000000000004,0,0.1,-4.04012283124999,0.9858047164037876,-0.14297000380868471
388,38.800000000000004,1,0.2,-3.9073612238121243,0.992424632316628,-0.07604206516633186
388,38.800000000000004,2,0.3,-3.9280472918347673,0.9957179372927277,-0.04291256994183029
389,38.9,0,0.1,-4.054493354864089,0.9857322395181038,-0.143705236141
389,38.9,1,0.2,-3.9149747466243325,0.992415386638485,-0.07613522812208717
389,38.9,2,0.3,-3.932272763936982,0.9957834426442709,-0.04225472102214818
390,39.0,0,0.1,-4.0689314966390695,0.9856655883703853,-0.14438141774980168
390,39.0,1,0.2,-3.9225791308598223,0.9924244559440726,-0.07604384235489706
390,39.0,2,0.3,-3.9364135504274254,0.9958677747451105,-0.04140786490443412
391,39.1,0,0.1,-4.0834314292422,0.9856046851590504,-0.14499932603130333
391,39.1,1,0.2,-3.9301559742810315,0.9924517884980801,-0.07576843421209015
391,39.1,2,0.3,-3.940451966432972,0.9959697274304882,-0.04038416005546384
392,39.2,0,0.1,-4.097987208883109,0.9855496435939324,-0.1455577964090861
392,39.2,1,0.2,-3.9376871685283645,0.9924970941364115,-0.07531194247332955
392,39.2,2,0.3,-3.944371785008727,0.9960878538849196,-0.039198185757553516
393,39.300000000000004,0,0.1,-4.112592513669305,0.9855008353132747,-0.14605304786195608
393,39.300000000000004,1,0.2,-3.9451551038590087,0.9925598804132786,-0.07467935330644054
393,39.300000000000004,2,0.3,-3.948158448227732,0.9962204971493429,-0.03786663219004839
394,39.4,0,0.1,-4.1272403178108465,0.9854589530530714,-0.14647804141542708
394,39.4,1,0.2,-3.952542832658779,0.9926394933906688,-0.07387728799770764
394,39.4,2,0.3,-3.9517992538851003,0.9963658140394358,-0.03640805657368447
395,39.5,0,0.1,-4.14192250861781,0.9854250669883837,-0.14682190806963438
395,39.5,1,0.2,-3.9598341918913946,0.9927351582385036,-0.07291359232615487
395,39.5,2,0.3,-3.9552835236054915,0.99652179330357,-0.03484269720391126
396,39.6,0,0.1,-4.156629457032601,0.9854006705230326,-0.1470694841479038
396,39.6,1,0.2,-3.96701388841686,0.9928460159229745,-0.0717969652546547
396,39.6,2,0.3,-3.9586027546701477,0.9966862714930038,-0.033192310646561
397,39.7,0,0.1,-4.171349556201048,0.9853877118467697,-0.1472009916844709
397,39.7,1,0.2,-3.974067553267907,0.9929711538543073,-0.07053664851046537
397,39.7,2,0.3,-3.9617507527135825,0.9968569517071089,-0.03147998043434752
398,39.800000000000004,0,0.1,-4.186068746041565,0.9853886078877453,-0.14719189840516803
398,39.800000000000004,1,0.2,-3.980981771562155,0.9931096299174934,-0.06914218294248
398,39.800000000000004,2,0.3,-3.9647237370650403,0.9970314305902512,-0.029729843514578323
399,39.9,0,0.1,-4.2007700445901355,0.9854062379207219,-0.1470129854857122
399,39.9,1,0.2,-3.9877440942265623,0.9932604903874636,-0.06762322664407734
399,39.9,2,0.3,-3.967520406517578,0.9972072375843964,-0.027966694525380288
400,40.0,0,0.1,-4.215433108742424,0.9854439150535975,-0.14663064152288255
400,40.0,1,0.2,-3.9943430367895782,0.9934227826443928,-0.0659894256301587
400,40.0,2,0.3,-3.970141951929259,0.9973818878376972,-0.026215454116806553
401,40.1,0,0.1,-4.230033847609895,0.9855053350402643,-0.14600738867470722
401,40.1,1,0.2,-4.000768069714694,0.9935955634644936,-0.06425032925116
401,40.1,2,0.3,-3.972592003808266,0.997552947048422,-0.024500518790068967
402,40.2,0,0.1,-4.244544110918891,0.985594503219541,-0.14510263308996202
402,40.2,1,0.2,-4.007009604318566,0.9937779033114015,-0.06241534603871468
402,40.2,2,0.3,-3.9748765075733012,0.997718103727704,-0.022845037650353846
403,40.300000000000004,0,0.1,-4.258931472760596,0.9857156416740367,-0.143873618417041
403,40.300000000000004,1,0.2,-4.013058978026202,0.9939688869131632,-0.06049373707636277
403,40.300000000000004,2,0.3,-3.9770035254802076,0.9978752425926902,-0.02127017906906362
404,40.4,0,0.1,-4.273159127786035,0.9858730797525437,-0.1422765502544002
404,40.4,1,0.2,-4.018908442051407,0.9941676107804441,-0.058494640252048084
404,40.4,2,0.3,-3.978982970889282,0.9980225124009835,-0.019794454090745775
405,40.5,0,0.1,-4.287185913015119,0.9860711317679737,-0.1402678522908365
405,40.5,1,0.2,-4.02455115301231,0.9943731792306223,-0.05642710960903327
405,40.5,2,0.3,-3.9808262863178947,0.99815838243388,-0.018433154286125755
406,40.6,0,0.1,-4.300966464218039,0.9863139659286224,-0.13780551202920124
406,40.6,1,0.2,-4.0299811672524575,0.9945847016393168,-0.054300142401472525
406,40.6,2,0.3,-3.982546080694205,0.9982816836226319,-0.017197943763100666
407,40.7,0,0.1,-4.314451511681494,0.9866054684617646,-0.134850474634545
407,40.7,1,0.2,-4.035193433015569,0.9948012945239117,-0.05212265763111216
407,40.7,2,0.3,-3.9841557430603953,0.9983916324454465,-0.01609662366190511
408,40.800000000000004,0,0.1,-4.32758831625568,0.9869491066319712,-0.13136804574186015
408,40.800000000000004,1,0.2,-4.04018377195466,0.9950220921152841,-0.04990338939091217
408,40.800000000000004,2,0.3,-3.985669049794334,0.9984878377373119,-0.015133067339387692
409,40.9,0,0.1,-4.3403212428080975,0.9873477941898955,-0.1273292655241837
409,40.9,1,0.2,-4.044948838940825,0.9952462679344937,-0.04765066986165238
409,40.9,2,0.3,-3.987099780603512,0.9985702921982057,-0.014307308091777418
410,41.0,0,0.1,-4.352592464273895,0.9878037629421822,-0.12271221465797669
410,41.0,1,0.2,-4.049486048946971,0.9954730675814406,-0.04537210006145755
410,41.0,2,0.3,-3.988461355499623,0.99863935162643,-0.013615748961113089
411,41.1,0,0.1,-4.364342784952726,0.9883184447371071,-0.1175032067883014
411,41.1,1,0.2,-4.053793462627111,0.995701849920673,-0.04307413680139699
411,41.1,2,0.3,-3.9897665010109535,0.9986957058206615,-0.013051455113304114
412,41.2,0,0.1,-4.375512566177639,0.9888923691640784,-0.11169781224912809
412,41.2,1,0.2,-4.057869628003029,0.9959321309099948,-0.04076165375918648
412,41.2,2,0.3,-3.9910269493264643,0.9987403457158203,-0.012604483155107359
413,41.300000000000004,0,0.1,-4.386042730856711,0.9895250834111315,-0.10530164679072157
413,41.300000000000004,1,0.2,-4.061713383417936,0.9961636223571273,-0.03843755414906392
413,41.300000000000004,2,0.3,-3.992253169313414,0.9987745315135789,-0.012262199869494776
414,41.4,0,0.1,-4.39587581598845,0.9902151015791851,-0.09833085131739976
414,41.4,1,0.2,-4.065323634922545,0.9963962576178083,-0.036102515046094574
414,41.4,2,0.3,-3.993454124113585,0.9987997660574435,-0.012009548001713072
415,41.5,0,0.1,-4.404957034919552,0.9909598908012587,-0.0908121893110168
415,41.5,1,0.2,-4.0686991275526285,0.9966301979405371,-0.03375492630083473
415,41.5,2,0.3,-3.9946370472954946,0.9988177761959202,-0.01182923181909584
416,41.6,0,0.1,-4.413235305131236,0.9917559003112134,-0.08278270211683807
416,41.6,1,0.2,-4.0718382328483695,0.9968658165438832,-0.03139105295740974
416,41.6,2,0.3,-3.9958072293963784,0.9988305022952085,-0.011701821008838043
417,41.7,0,0.1,-4.420664194195891,0.9925986369270228,-0.0742888906465467
417,41.7,1,0.2,-4.074738773538647,0.9971036618137104,-0.02900540690277745
417,41.7,2,0.3,-3.9969678098889574,0.9988400927204966,-0.011605804925789278
418,41.800000000000004,0,0.1,-4.427202737573471,0.9934827863833282,-0.06538543377580104
418,41.800000000000004,1,0.2,-4.0773979007047325,0.9973444051808774,-0.026591271660851467
418,41.800000000000004,2,0.3,-3.9981195761577406,0.99884889675941,-0.011517662687832001
419,41.9,0,0.1,-4.432816087905539,0.9944023750810645,-0.05613350332067987
419,41.9,1,0.2,-4.079812030119015,0.9975887822526138,-0.024141294142828992
419,41.9,2,0.3,-3.999260779924929,0.9988594471581944,-0.011412037671885793
420,42.0,0,0.1,-4.437475966343979,0.9953509619502559,-0.046598784384403354
420,42.0,1,0.2,-4.081976834724414,0.9978375368941568,-0.02164804605398776
420,42.0,2,0.3,-4.000386990677219,0.9988744231850343,-0.011262107522900085
421,42.1,0,0.1,-4.441160901165589,0.9963218462189214,-0.0368493482161009
421,42.1,1,0.2,-4.083887281511431,0.9980913769548742,-0.01910446787016768
421,42.1,2,0.3,-4.001491012395461,0.9988965874895214,-0.011040217182420719
422,42.2,0,0.1,-4.443856255554196,0.9973082748176356,-0.026953543886065363
422,42.2,1,0.2,-4.085537695195653,0.9983509474995014,-0.01650413684221673
422,42.2,2,0.3,-4.00256289184815,0.9989286948048951,-0.010718794526889244
423,42.300000000000004,0,0.1,-4.445554062558331,0.9983036334548538,-0.01697807004135552
423,42.300000000000004,1,0.2,-4.086921829211896,0.9986168234554365,-0.013841340162432462
423,42.300000000000004,2,0.3,-4.0035900424658895,0.9989733767208889,-0.010271506177392663
424,42.4,0,0.1,-4.446252698450781,0.9993016080967826,-0.0069863589244971245
424,42.4,1,0.2,-4.0880329268093645,0.998889519442915,-0.011110975974686986
424,42.4,2,0.3,-4.004557497589069,0.9990330127106472,-0.00967455123179361
425,42.5,0,0.1,-4.445956434175244,1.0002963081661316,0.0029626427553707947
425,42.5,1,0.2,-4.088863760756445,0.9991695110998777,-0.008308339470808217
425,42.5,2,0.3,-4.0054482926594215,0.999109601569792,-0.008907950703527108
426,42.6,0,0.1,-4.444674907374798,1.0012823483068058,0.012815268004455578
426,42.6,1,0.2,-4.089406648001999,0.9994572600910632,-0.005428872455537282
426,42.6,2,0.3,-4.006243960986049,0.9992046481334771,-0.007956683266279073
427,42.7,0,0.1,-4.442422554894915,1.0022548909312012,0.022523524798829478
427,42.7,1,0.2,-4.089653443957975,0.9997532344956411,-0.002467959559755393
427,42.7,2,0.3,-4.006925115659604,0.9993190772596261,-0.00681154673554997
428,42.800000000000004,0,0.1,-4.439218038891951,1.0032096559532555,0.03204516002964074
428,42.800000000000004,1,0.2,-4.089595528294038,1.0000579173410815,0.0005791566393664655
428,42.800000000000004,2,0.3,-4.007472083768362,0.9994531814510289,-0.005469681087575317
429,42.9,0,0.1,-4.435083690662327,1.004142906437405,0.04134348229624565
429,42.9,1,0.2,-4.089223799033034,1.0003717983608875,0.0037172926100394912
429,42.9,2,0.3,-4.007865559231466,0.9996066019382139,-0.003934754631043315
430,43.0,0,0.1,-4.430044987101016,1.0050514191758675,0.05038703561311237
430,43.0,1,0.2,-4.088528693561787,1.0006953471130406,0.006951054712471717
430,43.0,2,0.3,-4.00808724607286,0.9997783377293187,-0.0022168684139333944
431,43.1,0,0.1,-4.424130067021784,1.0059324477602403,0.05914920079232027
431,43.1,1,0.2,-4.08750025371367,1.001028968873719,0.01028439848116832
431,43.1,2,0.3,-4.008120471814871,0.9999667748099574,-0.00033225742011033316
432,43.2,0,0.1,-4.41736928943604,1.0067836832334258,0.06760777585743132
432,43.2,1,0.2,-4.086128247624133,1.0013729477204834,0.013720060895367842
432,43.2,2,0.3,-4.007950757217205,1.0001697290000027,0.0016971459766601286
433,43.300000000000004,0,0.1,-4.409794833439138,1.0076032147535168,0.07574455996902321
433,43.300000000000004,1,0.2,-4.08440235431669,1.0017273835184892,0.017258933074435243
433,43.300000000000004,2,0.3,-4.007566330940661,1.0003845001777936,0.003844262765433316
434,43.4,0,0.1,-4.4014403389677845,1.0083894906508626,0.08354494471353865
434,43.4,1,0.2,-4.082312408980007,1.0020921307946686,0.020899453366826158
434,43.4,2,0.3,-4.00695857497073,1.0006079406910109,0.006077559699316016
435,43.5,0,0.1,-4.392340588266372,1.0091412793038892,0.09099750701411984
435,43.5,1,0.2,-4.07984869888947,1.0024667475181768,0.02463710090537106
435,43.5,2,0.3,-4.006122380361298,1.0008365443176113,0.008361946094312836
436,43.6,0,0.1,-4.382531228253687,1.0098576294863932,0.09809360012685037
436,43.6,1,0.2,-4.07700229320205,1.0028504605464337,0.028464056874195214
436,43.6,2,0.3,-4.0050563866135285,1.001066562121048,0.010659937477699293
437,43.7,0,0.1,-4.372048533250963,1.0105378309393045,0.10482695002724214
437,43.7,1,0.2,-4.073765385552756,1.0032421520919248,0.032369076492945834
437,43.7,2,0.3,-4.003763076016754,1.0012941472835841,0.012933105967744923
438,43.800000000000004,0,0.1,-4.360929205441612,1.0111813773044467,0.1111932780935094
438,43.800000000000004,1,0.2,-4.070131627265985,1.0036403683904958,0.03633758286770876
438,43.800000000000004,2,0.3,-4.002248699740159,1.0015155235233966,0.015143762765949871
439,43.9,0,0.1,-4.349210207370757,1.0117879345543983,0.11718998070855191
439,43.9,1,0.2,-4.0660964312467796,1.0040433483844378,0.040351960192055523
439,43.9,2,0.3,-4.000523026117707,1.0017271634540417,0.017256736224516716
440,44.0,0,0.1,-4.336928617676233,1.0123573181215029,0.12281589694523912
440,44.0,1,0.2,-4.061657231731497,1.004449067357821,0.04439199515282092
440,44.0,2,0.3,-3.998598921156154,1.0019259572393067,0.01924104961553458
441,44.1,0,0.1,-4.324121499214682,1.0128894808358457,0.12807118461551065
441,44.1,1,0.2,-4.056813691919331,1.004855288712219,0.048435398121666064
441,44.1,2,0.3,-3.996491792141565,1.0021093505710255,0.021071290145888412
442,44.2,0,0.1,-4.310825768793682,1.0133845116789286,0.1329573042099933
442,44.2,1,0.2,-4.051567858537808,1.0052596168568544,0.05245833381522328
442,44.2,2,0.3,-3.9942189417664236,1.0022754352575345,0.02272850375141434
443,44.300000000000004,0,0.1,-4.297078060330811,1.0138426427509732,0.13747708462870795
443,44.300000000000004,1,0.2,-4.045924268042822,1.0056595455523056,0.05643590494986225
443,44.300000000000004,2,0.3,-3.9917988879312944,1.0024229845290806,0.024200538351290758
444,44.4,0,0.1,-4.282914578215904,1.0142642594516236,0.14163482114907838
444,44.4,1,0.2,-4.039890012212056,1.0060524986279242,0.06034255830766343
444,44.4,2,0.3,-3.9892507014018195,1.0025514359161978,0.025481865294751164
445,44.5,0,0.1,-4.268370944028974,1.0146499074092243,0.1454363418693007
445,44.5,1,0.2,-4.033474770848265,1.0064358630988863,0.064152413637907
445,44.5,2,0.3,-3.986593401205014,1.0026608339483598,0.026573001968052855
446,44.6,0,0.1,-4.253482046135377,1.0150002896808852,0.1488889789359661
446,44.6,1,0.2,-4.026690816483589,1.0068070175066917,0.06783954364676507
446,44.6,2,0.3,-3.983845430155545,1.00275175018277,0.02747971049469072
447,44.7,0,0.1,-4.238281906465837,1.0153162493410004,0.1520013966953982
447,44.7,1,0.2,-4.019552991415237,1.0071633600603185,0.07137825068351487
447,44.7,2,0.3,-3.981024215600761,1.0028251979256668,0.028212145547840836
448,44.800000000000004,0,0.1,-4.222803580676929,1.0155987355183815,0.154783257889084
448,44.800000000000004,1,0.2,-4.012078652575463,1.0075023414338018,0.07474338839774113
448,44.800000000000004,2,0.3,-3.9781458081342795,1.0028825540588258,0.0287840746648134
449,44.9,0,0.1,-4.20707910617393,1.0158487546108375,0.15724474502999192
449,44.9,1,0.2,-4.00428757611583,1.007821505870453,0.0779107645963295
449,44.9,2,0.3,-3.975224586233751,1.0029254928269864,0.02921221900528514
450,45.0,0,0.1,-4.191139507267481,1.0160673119758379,0.1593959890644902
450,45.0,1,0.2,-3.9962018122423983,1.0081185419478367,0.08085763873431846
450,45.0,2,0.3,-3.9722730172101417,1.0029559291921841,0.029515690236094485
451,45.1,0,0.1,-4.175014858935215,1.016255352046327,0.16124648332265448
451,45.1,1,0.2,-3.987845482195017,1.0083913416281376,0.08356330047381336
451,45.1,2,0.3,-3.9693014716683273,1.0029759649596843,0.029715455418144042
452,45.2,0,0.1,-4.158734401773539,1.0164137059392584,0.16280457161676357
452,45.2,1,0.2,-3.9792445130364245,1.0086380637674186,0.08600969158592309
452,45.2,2,0.3,-3.9663180957733877,1.002987830589713,0.02983375894939535
453,45.300000000000004,0,0.1,-4.14232669250734,1.0165430549521968,0.1640770926619849
453,45.300000000000004,1,0.2,-3.970426311269196,1.008857196645722,0.08818201767228348
453,45.300000000000004,2,0.3,-3.963328749301938,1.0029938190231715,0.029893464714496186
454,45.4,0,0.1,-4.125819768483684,1.01664391602821,0.16506924023657327
454,45.4,1,0.2,-3.961419382127678,1.009047613583357,0.09006929141518306
454,45.4,2,0.3,-3.960337015856036,1.0029962131466506,0.029917334459021484
455,45.5,0,0.1,-4.10924130202014,1.016716651816276,0.16578466463543093
455,45.5,1,0.2,-3.9522529066395626,1.0092086162870022,0.09166475488115425
455,45.5,2,0.3,-3.957344285299013,1.0029972132458276,0.029927305570231617
456,45.6,0,0.1,-4.092618721705346,1.0167615040927145,0.1662258031479412
456,45.6,1,0.2,-3.9429562924444825,1.0093399619377748,0.09296614195079968
456,45.6,2,0.3,-3.9543499000975966,1.002998872850916,0.029943852014162182
457,45.7,0,0.1,-4.075979282397415,1.0167786458124297,0.16639439307930756
457,45.7,1,0.2,-3.933558716515808,1.009441871794529,0.09397575928674273
457,45.7,2,0.3,-3.9513513503894,1.0030030498552203,0.029985497081965313
458,45.800000000000004,0,0.1,-4.059350072747624,1.016768244567679,0.1662920964979063
458,45.800000000000004,1,0.2,-3.9240886783458784,1.009515020865217,0.09470038169929616
458,45.800000000000004,2,0.3,-3.948344500185966,1.003011375311811,0.03006850203433899
459,45.9,0,0.1,-4.0427579572391945,1.0167305291221993,0.16592115508430594
459,45.9,1,0.2,-3.9145735810643996,1.0095605097399893,0.09515097281479354
459,45.9,2,0.3,-3.9453238302323865,1.003025236774192,0.030206699535796962
460,46.0,0,0.1,-4.026229457569876,1.0166658510137372,0.16528499669318228
460,46.0,1,0.2,-3.9050393557132135,1.009579820868485,0.09534225351185951
460,46.0,2,0.3,-3.942282690358807,1.0030457688306906,0.030411398735794137
461,46.1,0,0.1,-4.00979058455665,1.0165747347364318,0.16438873013225874
461,46.1,1,0.2,-3.8955101408458486,1.009574762397799,0.09529214867364774
461,46.1,2,0.3,-3.939213562459029,1.0030738424948082,0.030691278997778244
462,46.2,0,0.1,-3.9934666358706314,1.0164579122819857,0.16323948686018264
462,46.2,1,0.2,-3.886008026058395,1.0095474032117813,0.09502114787453529
462,46.2,2,0.3,-3.9361083406759674,1.0031100479783988,0.03105221783061785
463,46.300000000000004,0,0.1,-3.9772819765962564,1.01631634031739,0.16184659274374838
463,46.300000000000004,1,0.2,-3.876552864255664,1.0095000030607795,0.09455161802730626
463,46.300000000000004,2,0.3,-3.932958635084999,1.0031546711255785,0.03149705590968343
464,46.4,0,0.1,-3.961259819080891,1.0161512005424937,0.16022157515366087
464,46.4,1,0.2,-3.867162153681543,1.0094349416419672,0.09390710574121643
464,46.4,2,0.3,-3.929756098495814,1.0032076701882044,0.03202536589185194
465,46.5,0,0.1,-3.9454220163411584,1.0159638854826523,0.15837802739732562
465,46.5,1,0.2,-3.8578509872878213,1.0093546501602706,0.09311166393721627
465,46.5,2,0.3,-3.926492764949642,1.0032686640158783,0.03263333546171985
466,46.6,0,0.1,-3.9297888800954626,1.0157559729932282,0.15633136245695622
466,46.6,1,0.2,-3.8486320641813467,1.0092615482634197,0.09218923106474411
466,46.6,2,0.3,-3.9231613771205254,1.0033369430687233,0.03331387829116525
467,46.7,0,0.1,-3.9143790309413413,1.0155291931157209,0.15409849154121028
467,46.7,1,0.2,-3.839515755922802,1.0091579883566064,0.09116308258544463
467,46.7,2,0.3,-3.9197556727628475,1.0034115103580663,0.034057043576777926
468,46.800000000000004,0,0.1,-3.8992092847897695,1.0152853907772854,0.15169746151571634
468,46.800000000000004,1,0.2,-3.8305102194704013,1.0090462082947054,0.09005536452400748
468,46.800000000000004,2,0.3,-3.9162706010158055,1.0034911516705212,0.03485071747041996
469,46.9,0,0.1,-3.88429457671556,1.0150264873597656,0.14914708074210428
469,46.9,1,0.2,-3.821621548501283,1.0089282925121952,0.08888670969118778
469,46.9,2,0.3,-3.9127024486182744,1.0035745258315039,0.035681523975312573
470,47.0,0,0.1,-3.869647921019829,1.0147544435582334,0.14646655695730773
470,47.0,1,0.2,-3.8128539554452567,1.0088061409751545,0.08767593056026132
470,47.0,2,0.3,-3.909048871680164,1.0036602593861328,0.036535769381104734
471,47.1,0,0.1,-3.855280404545386,1.0144712253235575,0.14367516474442582
471,47.1,1,0.2,-3.804209977445135,1.0086814450549466,0.08643978000121831
471,47.1,2,0.3,-3.905308845986639,1.0037470283168946,0.037400256935246644
472,47.2,0,0.1,-3.8412012091035104,1.0141787740943085,0.14079195441875547
472,47.2,1,0.2,-3.7956907002170976,1.008555669542275,0.08519277228037016
472,47.2,2,0.3,-3.90148256247805,1.003833613076687,0.038262835085891025
473,47.300000000000004,0,0.1,-3.8274176582208135,1.0138789819758511,0.13783550882696696
473,47.300000000000004,1,0.2,-3.7872959941404662,1.0084300404263078,0.08394706076631278
473,47.300000000000004,2,0.3,-3.8975713002955668,1.0039189211505688,0.03911262182483222
474,47.4,0,0.1,-3.813935283272826,1.0135736720040882,0.13482374947988307
474,47.4,1,0.2,-3.7790247567863906,1.0083055385436317,0.08271237354076115
474,47.4,2,0.3,-3.893577306044161,1.0040019808757499,0.039939942514057906
475,47.5,0,0.1,-3.800757904416462,1.013264583133399,0.13177378856363645
475,47.5,1,0.2,-3.7708751556606694,1.00818289951972,0.08149601125721047
475,47.5,2,0.3,-3.8895036963923846,1.0040819180775042,0.04073609651776553
476,47.6,0,0.1,-3.7878877225223095,1.0129533591375248,0.12870181894152383
476,47.6,1,0.2,-3.7628448645208694,1.0080626204075644,0.08030291139799914
476,47.6,2,0.3,-3.8853543861292184,1.004157930569648,0.04149310263166169
477,47.7,0,0.1,-3.7753254194408545,1.0126415402636708,0.1256230308145483
477,47.7,1,0.2,-3.754931286610256,1.0079449730295507,0.0791357791061331
477,47.7,2,0.3,-3.881134030715148,1.0042292736556166,0.042203554140702274
478,47.800000000000004,0,0.1,-3.7630702652452523,1.0123305563044438,0.12255154195602018
478,47.800000000000004,1,0.2,-3.747131758804054,1.0078300233552715,0.07799527806202078
478,47.800000000000004,2,0.3,-3.876847965691614,1.0042952633370552,0.042860650235340636
479,47.9,0,0.1,-3.7511202323485313,1.0120217198088994,0.11950032896721709
479,47.9,1,0.2,-3.739443732040816,1.0077176555212186,0.07688026763238202
479,47.9,2,0.3,-3.8725021270636266,1.004355295479031,0.043458386279875666
480,48.0,0,0.1,-3.73947211734395,1.0117162184649366,0.11648115004581351
480,48.0,1,0.2,-3.731864925311007,1.0076075985755164,0.0757880672980871
480,48.0,2,0.3,-3.868102945817866,1.0044088718486053,0.04399181245760379
481,48.1,0,0.1,-3.7281216718446135,1.0114151062169283,0.1135044549933612
481,48.1,1,0.2,-3.724393452498009,1.0074994539092523,0.07471472812998207
481,48.1,2,0.3,-3.863657222311344,1.0044556203961135,0.04445723506522218
482,48.2,0,0.1,-3.7170637433723592,1.011119293344172,0.11057928472254129
482,48.2,1,0.2,-3.7170279230548253,1.0073927216759049,0.07365529443183479
482,48.2,2,0.3,-3.8591719973900176,1.0044952985978943,0.04485224921326239
483,48.300000000000004,0,0.1,-3.7062924264672663,1.0108295363847515,0.10771316905092768
483,48.300000000000004,1,0.2,-3.709767518496041,1.0072868251987692,0.07260404558784192
483,48.300000000000004,2,0.3,-3.8546544424341955,1.0045277744905197,0.04517554955822003
484,48.4,0,0.1,-3.6958012228025208,1.0105464293007482,0.10491203664746138
484,48.4,1,0.2,-3.7026120468630745,1.0071811331904459,0.07155471632966888
484,48.4,2,0.3,-3.8501117879249107,1.004552988005523,0.04542654509285074
485,48.5,0,0.1,-3.6855832074613923,1.0102703975218363,0.10218015341128282
485,48.5,1,0.2,-3.695561976831427,1.0070749802806314,0.07050070031647493
485,48.5,2,0.3,-3.845551300323041,1.0045709024516989,0.045604876018696026
486,48.6,0,0.1,-3.675631196998852,1.0100016964068907,0.09952010462540209
486,48.6,1,0.2,-3.688618452340222,1.0069676866485213,0.06943524491204735
486,48.6,2,0.3,-3.840980303327986,1.0045814599377718,0.04570996995055078
487,48.7,0,0.1,-3.665937913801184,1.0097404152322023,0.09693283197667797
487,48.7,1,0.2,-3.6817832879849823,1.0068585774047365,0.0683516435523969
487,48.7,2,0.3,-3.836406226500753,1.0045845538848415,0.045740768272328106
488,48.800000000000004,0,0.1,-3.6564961408257695,1.0094864871300444,0.09441772975414463
488,48.800000000000004,1,0.2,-3.675058945281265,1.0067470018569462,0.06724342703717039
488,48.800000000000004,2,0.3,-3.8318366560016663,1.0045800269073912,0.045695704990866184
489,48.9,0,0.1,-3.6472988611666404,1.0092397046006294,0.0919727965912961
489,48.9,1,0.2,-3.6684484904090553,1.0066323521527556,0.0661045487221028
489,48.9,2,0.3,-3.827279361209227,1.0045676950533686,0.04557294792439751
490,49.0,0,0.1,-3.6383393780022226,1.0089997394691161,0.0895948316441762
490,49.0,1,0.2,-3.661955535037741,1.0065140803023698,0.06492955371314132
490,49.0,2,0.3,-3.822742277134303,1.0045473922246264,0.045370840749238604
491,49.1,0,0.1,-3.6296114121384973,1.0087661656122726,0.0872796586372525
491,49.1,1,0.2,-3.6555841629411665,1.0063917124635071,0.06371372096574478
491,49.1,2,0.3,-3.8182334333932926,1.004519023871406,0.04508843741010285
492,49.2,0,0.1,-3.621109176252731,1.0085384825463561,0.0850223588576592
492,49.2,1,0.2,-3.6493388458980482,1.0062648596977786,0.062453170431181704
492,49.2,2,0.3,-3.8137608323340957,1.0044826180677742,0.04472601059196826
493,49.300000000000004,0,0.1,-3.6128274267184053,1.0083161380889123,0.08281749534325804
493,49.300000000000004,1,0.2,-3.6432243524938337,1.00613322507778,0.061144934042144626
493,49.300000000000004,2,0.3,-3.8093322881105895,1.0044383647169544,0.044285442235060736
494,49.4,0,0.1,-3.604761495235866,1.0080985487451037,0.0806593148253977
494,49.4,1,0.2,-3.6372456528009014,1.0059966077891964,0.05978699692932639
494,49.4,2,0.3,-3.804955242830255,1.0043866385346234,0.04377045280334695
495,49.5,0,0.1,-3.5969073031945373,1.0078851171184515,0.07854192041328534
495,49.5,1,0.2,-3.6314078207200025,1.0058549054302144,0.05837832080898858
495,49.5,2,0.3,-3.800636575129666,1.0043280065849494,0.04318667700589024
496,49.6,0,0.1,-3.5892613616878832,1.0076752463575287,0.07645941506653989
496,49.6,1,0.2,-3.6257159344625705,1.0057081158196788,0.05691886257431918
496,49.6,2,0.3,-3.7963824123136267,1.0042632246122338,0.04254162816039237
497,49.7,0,0.1,-3.581820759486364,1.0074683522651116,0.07440602201519103
497,49.7,1,0.2,-3.6201749747732963,1.0055563391990399,0.05540959689274071
497,49.7,2,0.3,-3.7921979522250715,1.0041932271659015,0.0418446008855516
498,49.800000000000004,0,0.1,-3.5745831402751027,1.0072638740798772,0.07237619211261212
498,49.800000000000004,1,0.2,-3.6147897204598953,1.0053997808600872,0.053852543134009015
498,49.800000000000004,2,0.3,-3.788087297890587,1.0041191146625361,0.04110654334484595
499,49.9,0,0.1,-3.5675466693922404,1.0070612850112586,0.070364708828627
499,49.9,1,0.2,-3.6095646417660836,1.005238753223948,0.052250786938120214
499,49.9,2,0.3,-3.7840533081815755,1.004042137197442,0.04033989709011594
500,50.0,0,0.1,-3.5607099894842675,1.0068601033531617,0.06836679907972779
500,50.0,1,0.2,-3.604503793903958,1.0050736755832532,0.050608478621256114
500,50.0,2,0.3,-3.7800974710726574,1.0039636717599956,0.03955837108918058
501,50.1,0,0.1,-3.5540721641914486,1.0066599044806903,0.06637825292818883
501,50.1,1,0.2,-3.599610715164922,1.0049050693979111,0.04893078739035703
501,50.1,2,0.3,-3.7762198109045078,1.003885188019344,0.038776601681495555
502,50.2,0,0.1,-3.5476326093395465,1.0064603333627562,0.06439554851901971
502,50.2,1,0.2,-3.5948883358190518,1.0047335473521473,0.047223793458703194
502,50.2,2,0.3,-3.7724188449330676,1.0038081988036112,0.038009659714401414
503,50.300000000000004,0,0.1,-3.5413910121439183,1.006261116552928,0.062415971956281346
503,50.300000000000004,1,0.2,-3.590338904914072,1.0045597952771304,0.04549430904979548
503,50.300000000000004,2,0.3,-3.7686916051466817,1.003734194582645,0.037272397863858414
504,50.4,0,0.1,-3.5353472404767996,1.0060620721044131,0.06043771667119013
504,50.4,1,0.2,-3.5859639417640614,1.0043845472729238,0.04374963150010984
504,50.4,2,0.3,-3.7650337377065255,1.0036645656017669,0.03657867440156379
505,50.5,0,0.1,-3.5295012460319932,1.0058631156174977,0.05845994444806296
505,50.5,1,0.2,-3.5817642173895705,1.0042085555754439,0.04199724374490839
505,50.5,2,0.3,-3.7614396847642952,1.0036005192949902,0.03594052942230201
506,50.6,0,0.1,-3.523852966895566,1.0056642607403807,0.05648279136427101
506,50.6,1,0.2,-3.5777397687838945,1.004032557573358,0.04024448605675911
506,50.6,2,0.3,-3.7579029435434506,1.0035430028698442,0.03536741220844636
507,50.7,0,0.1,-3.51840223624495,1.005465612910372,0.05450730650616109
507,50.7,1,0.2,-3.5738899461911346,1.0038572426787071,0.038498225927598446
507,50.7,2,0.3,-3.7544163878751347,1.0034926407734943,0.034865556683158556
508,50.800000000000004,0,0.1,-3.51314870436512,1.0052673558761023,0.05253531879829612
508,50.800000000000004,1,0.2,-3.5702134911628227,1.0036832214787421,0.03676455028311879
508,50.800000000000004,2,0.3,-3.750972630170273,1.0034496942511464,0.03443757704861778
509,50.9,0,0.1,-3.508091780723347,1.0050697314604182,0.05056923641773302
509,50.9,1,0.2,-3.5667086414109073,1.0035109989196782,0.0350484975191565
509,50.9,2,0.3,-3.7475643985160794,1.0034140462796846,0.034082316541936546
510,51.0,0,0.1,-3.5032306014714005,1.004873013952903,0.04861179251946554
510,51.0,1,0.2,-3.563373257504213,1.0033409524889956,0.03335383906694253
510,51.0,2,0.3,-3.744184904369784,1.0033852110749326,0.03379494146295189
511,51.1,0,0.1,-3.498564025591603,1.0046774813020796,0.046665758797973966
511,51.1,1,0.2,-3.5602049660734694,1.0031733157708287,0.03168291430743552
511,51.1,2,0.3,-3.7408281801737986,1.0033623643036458,0.03356724195985491
512,51.2,0,0.1,-3.494090660247525,1.0044833857789457,0.04473365344077987
512,51.2,1,0.2,-3.5572013140151157,1.0030081675410454,0.030036520583535804
512,51.2,2,0.3,-3.7374893714586657,1.0033443887454407,0.033388087151328766
513,51.300000000000004,0,0.1,-3.489808913098984,1.004290926925014,0.04281747148540954
513,51.300000000000004,1,0.2,-3.5543599278213054,1.0028454267575895,0.028413861938103177
513,51.300000000000004,2,0.3,-3.7341649729845123,1.0033299304151877,0.03324398474153287
514,51.4,0,0.1,-3.485717066768709,1.0041002293635986,0.04091846330275272
514,51.4,1,0.2,-3.5516786713887503,1.0026848542153912,0.02681256432555276
514,51.4,2,0.3,-3.730853002174978,1.0033174614447902,0.033119708095343474
515,51.5,0,0.1,-3.481813368631087,1.0039113274915314,0.039036981376220914
515,51.5,1,0.2,-3.549155794538471,1.002526061982082,0.02522876850279374
515,51.5,2,0.3,-3.72755310539894,1.0033053474292861,0.03299896776037989
516,51.6,0,0.1,-3.4780961278586444,1.0037241582806147,0.037172407724423456
516,51.6,1,0.2,-3.546790063376286,1.0023685317121644,0.02365731162184714
516,51.6,2,0.3,-3.724266594213408,1.003291917684636,0.03286511185532202
517,51.7,0,0.1,-3.4745638113066413,1.0035385625342117,0.03532316552003095
517,51.7,1,0.2,-3.5445808630899753,1.0022116423672809,0.02209200286310744
517,51.7,2,0.3,-3.7209964104953817,1.0032755366021822,0.03270183718026185
518,51.800000000000004,0,0.1,-3.4712151303057133,1.0033542940968914,0.03348681000927952
518,51.800000000000004,1,0.2,-3.542528264354544,1.0020547067582775,0.0205259873543137
518,51.800000000000004,2,0.3,-3.7177470222578894,1.0032546732222234,0.03249388237492166
519,51.9,0,0.1,-3.4680491116230745,1.0031710358131674,0.03166018682638951
519,51.9,1,0.2,-3.5406330465246247,1.0018970148903248,0.018952178299193014
519,51.9,2,0.3,-3.714524256048092,1.0032279649040443,0.032227662097976284
520,52.0,0,0.1,-3.46506514753222,1.0029884205432313,0.029839640908546204
520,52.0,1,0.2,-3.538896674188734,1.0017378807032378,0.01736372335890721
520,52.0,2,0.3,-3.711335076619801,1.003194270271436,0.03189179428290733
521,52.1,0,0.1,-3.4622630218663746,1.0028060552895448,0.028021256658452166
521,52.1,1,0.2,-3.5373212280017086,1.0015766878543437,0.015754461870254085
521,52.1,2,0.3,-3.7081873290083815,1.0031527069711712,0.03147747611419627
522,52.2,0,0.1,-3.4596429109106426,1.0026235464462425,0.026201109557319652
522,52.2,1,0.2,-3.535909295259856,1.0014129299881795,0.014119327418526749
522,52.2,2,0.3,-3.7050894610910206,1.0031026712689464,0.030978679173609528
523,52.300000000000004,0,0.1,-3.4572053598495347,1.0024405243040153,0.02437551061107844
523,52.300000000000004,1,0.2,-3.53466382960393,1.0012462415703673,0.012454656559257416
523,52.300000000000004,2,0.3,-3.7020502454512174,1.0030438387380003,0.03039215639803096
524,52.4,0,0.1,-3.4549512371253335,1.0022566651687974,0.02254122724201352
524,52.4,1,0.2,-3.5335879918348976,1.0010764166900747,0.010758377690325895
524,52.4,2,0.3,-3.6990785178052636,1.002976147605776,0.02971727645953939
525,52.5,0,0.1,-3.452881670421902,1.0020717097347283,0.02069566703431362
525,52.5,1,0.2,-3.5326849847454427,1.0009034149231062,0.009030070894548863
525,52.5,2,0.3,-3.6961829459646194,1.0028997680579583,0.028955718406442208
526,52.6,0,0.1,-3.45099796903954,1.0018854766623355,0.018837013823622416
526,52.6,1,0.2,-3.5319578941591776,1.000727354980701,0.007270905862650675
526,52.6,2,0.3,-3.6933718392529746,1.0028150615770983,0.02811106711644711
527,52.7,0,0.1,-3.4493015381476284,1.001697870644829,0.016964308919113807
527,52.7,1,0.2,-3.5314095464450577,1.0005484980842116,0.005483477141199266
527,52.7,2,0.3,-3.6906530043924346,1.0027225342439505,0.02718834860539993
528,52.800000000000004,0,0.1,-3.4477937907646,1.0015088846055904,0.0150774738302848
528,52.800000000000004,1,0.2,-3.5310423902516463,1.0003672236034962,0.003671561934113169
528,52.800000000000004,2,0.3,-3.688033650657754,1.0026227872388742,0.0261935373468077
529,52.9,0,0.1,-3.446476063283502,1.0013185960654323,0.01317727481097894
529,52.9,1,0.2,-3.5308584076844642,1.0001839994930128,0.001839825671821165
529,52.9,2,0.3,-3.6855203445764615,1.0025164670826547,0.02513306081292442
530,53.0,0,0.1,-3.445349539906644,1.0011271581426544,0.011265233768580192
530,53.0,1,0.2,-3.530859058024051,0.9999993496606246,-6.503395866275149e-06
530,53.0,2,0.3,-3.68311901221439,1.0024042178698536,0.024013323620714837
531,53.1,0,0.1,-3.4444151904726104,1.000934786074447,0.009343494340336855
531,53.1,1,0.2,-3.531045255441718,0.9998138199159959,-0.0018619741766734157
531,53.1,2,0.3,-3.6808349846180364,1.0022866379743978,0.022840275963535668
532,53.2,0,0.1,-3.443673724900667,1.0007417405254926,0.0074146557194331225
532,53.2,1,0.2,-3.53141738082018,0.999627943851599,-0.003721253784618686
532,53.2,2,0.3,-3.6786730790407756,1.002164244180099,0.021619055772607833
533,53.300000000000004,0,0.1,-3.4431255659494417,1.0005483092177985,0.005481589512252782
533,53.300000000000004,1,0.2,-3.5319753263824616,0.9994422100603992,-0.005579455622814954
533,53.300000000000004,2,0.3,-3.6766377054196377,1.0020374464000814,0.02035373621137786
534,53.4,0,0.1,-3.4427708403532855,1.0003547885187205,0.0035472559615625583
534,53.4,1,0.2,-3.532718570069124,0.99925703245051,-0.007432436866623849
534,53.4,2,0.3,-3.6747329849538266,1.0019065355980945,0.019047204658112465
535,53.5,0,0.1,-3.4426093868592624,1.00016146652834,0.00161453494023076
535,53.5,1,0.2,-3.533646274390458,0.9990727258632817,-0.00927704321334031
535,53.5,2,0.3,-3.6729628665568836,1.0017716859813128,0.017701183969429404
536,53.6,0,0.1,-3.4426407784362163,0.9999686089157565,-0.0003139157695386485
536,53.6,1,0.2,-3.5347574020351384,0.9988894894290705,-0.011111276446804494
536,53.6,2,0.3,-3.6713312282033335,1.001632970199674,0.016316383535501567
537,53.7,0,0.1,-3.442864355117311,0.9997764483103092,-0.0022357668109451406
537,53.7,1,0.2,-3.5360508383393117,0.9987073998240314,-0.01293436304173205
537,53.7,2,0.3,-3.669841953949672,1.0014903837732871,0.01489274253661389
538,53.800000000000004,0,0.1,-3.4432792636437837,0.9995851775361666,-0.00414908526472851
538,53.800000000000004,1,0.2,-3.537525509446602,0.9985264156858606,-0.014746711072901387
538,53.800000000000004,2,0.3,-3.668498983043129,1.0013438730957969,0.013429709065428761
539,53.9,0,0.1,-3.4438845002803817,0.9993949464821497,-0.006052366365980955
539,53.9,1,0.2,-3.539180485178746,0.9983463929850241,-0.01654975732144331
539,53.9,2,0.3,-3.6673063336934115,1.0011933608387777,0.011926493497177016
540,54.0,0,0.1,-3.44467895376239,0.9992058620126049,-0.007944534820083391
540,54.0,1,0.2,-3.5410150575575434,0.9981671094204909,-0.01834572378797335
540,54.0,2,0.3,-3.6662681091215155,1.001038763713594,0.010382245718960478
541,54.1,0,0.1,-3.445661446138611,0.9990179901113874,-0.009824923762207088
541,54.1,1,0.2,-3.543028789416737,0.9979882943385056,-0.020137318591934843
541,54.1,2,0.3,-3.665388496026066,1.0008800000685023,0.008796130954493595
542,54.2,0,0.1,-3.4468307701028653,0.998831359428617,-0.011693239642544928
542,54.2,1,0.2,-3.545221532032753,0.997809659687875,-0.021927426160161766
542,54.2,2,0.3,-3.6646717650057266,1.000716987933393,0.007167310203395237
543,54.300000000000004,0,0.1,-3.4481857220943923,0.9986459655414717,-0.01354951991527001
543,54.300000000000004,1,0.2,-3.5475934153024125,0.9976309274228123,-0.023718832696592803
543,54.300000000000004,2,0.3,-3.6641222791577612,1.000549636842969,0.005494858479653175
544,54.4,0,0.1,-3.449725130895286,0.9984617754810582,-0.015394088008938475
544,54.4,1,0.2,-3.5501448177514847,0.9974518496117962,-0.025514024490724048
544,54.4,2,0.3,-3.6637445123577805,1.0003778381628443,0.0037776679998071587
545,54.5,0,0.1,-3.4514478816442455,0.9982787323343288,-0.017227507489594205
545,54.5,1,0.2,-3.552876325807636,0.9972722191176052,-0.027315080561511496
545,54.5,2,0.3,-3.663543074378078,1.0002014582696945,0.0020143797970239843
546,54.6,0,0.1,-3.453352935181602,0.9980967599253697,-0.019050535373565665
546,54.6,1,0.2,-3.5557886919476567,0.997091870684187,-0.02912366140020731
546,54.6,2,0.3,-3.663522737582347,1.0000203370025251,0.00020336795730990496
547,54.7,0,0.1,-3.4554393425531846,0.9979157676633449,-0.0208640737158247
547,54.7,1,0.2,-3.558882799649815,0.9969106741159868,-0.03094107702158189
547,54.7,2,0.3,-3.663688460210199,0.9998342911033843,-0.0016572262785174748
548,54.800000000000004,0,0.1,-3.457706254453598,0.9977356556039003,-0.02266911900413472
548,54.800000000000004,1,0.2,-3.5621596400990563,0.9967285225329452,-0.03276840449241323
548,54.800000000000004,2,0.3,-3.6640454039049395,0.9996431200020812,-0.0035694369474059177
549,54.9,0,0.1,-3.4601529254769785,0.9975563196366172,-0.024466710233805037
549,54.9,1,0.2,-3.565620302116977,0.9965453191712664,-0.03460662017920698
549,54.9,2,0.3,-3.664598946820436,0.9994466102611187,-0.005535429154966169
550,55.0,0,0.1,-3.462778713299765,0.9973776565426745,-0.026257878227866252
550,55.0,1,0.2,-3.569265973654405,0.9963609658546844,-0.03645671537427956
550,55.0,2,0.3,-3.6653546965481953,0.9992445357791379,-0.007557497277592588
551,55.1,0,0.1,-3.4655830733101003,0.9971995685339896,-0.028043600103350875
551,55.1,1,0.2,-3.5730979510235965,0.9961753552869064,-0.03831977369191665
551,55.1,2,0.3,-3.666318507623643,0.9990366532412636,-0.009638110754477265
552,55.2,0,0.1,-3.4685655496284222,0.9970219668458644,-0.029824763183218937
552,55.2,1,0.2,-3.57711765114113,0.9959883680628087,-0.04019700117533219
552,55.2,2,0.3,-3.6674965057589897,0.9988226954320899,-0.011779981353465639
553,55.300000000000004,0,0.1,-3.4717257638109884,0.9968447740382749,-0.03160214182566134
553,55.300000000000004,1,0.2,-3.5813266223037212,0.9957998741423031,-0.042089711625913864
553,55.300000000000004,2,0.3,-3.6688951156958947,0.9986023676621596,-0.013986099369049732
554,55.4,0,0.1,-3.4750634026791225,0.9966679248568501,-0.03337638868134286
554,55.4,1,0.2,-3.5857265500368323,0.9956097377678857,-0.04399927733111292
554,55.4,2,0.3,-3.6705210833044655,0.998375353560605,-0.01625967608570903
555,55.5,0,0.1,-3.478578206603285,0.9964913657686133,-0.035148039241623186
555,55.5,1,0.2,-3.590319255821786,0.9954178245611648,-0.04592705784953678
555,55.5,2,0.3,-3.6723814775304002,0.998141335234744,-0.01860394225934732
556,55.6,0,0.1,-3.4822699591910373,0.9963150535527272,-0.03691752587752398
556,55.6,1,0.2,-3.5951066875586877,0.9952240097486905,-0.047874317369015915
556,55.6,2,0.3,-3.674483656110196,0.9979000294500996,-0.021021785797956362
557,55.7,0,0.1,-3.486138478750187,0.996138953522946,-0.03868519559149631
557,55.7,1,0.2,-3.600090901193801,0.9950281869467293,-0.04984213635113406
557,55.7,2,0.3,-3.6768351818178973,0.9976512369629541,-0.023515257077013296
558,55.800000000000004,0,0.1,-3.490183611245071,0.9959630380328982,-0.04045132494883972
558,55.800000000000004,1,0.2,-3.6052740330188295,0.9948302774254218,-0.05183131825028313
558,55.800000000000004,2,0.3,-3.679443683165413,0.9973948978358904,-0.02608501347515853
559,55.9,0,0.1,-3.4944052238801477,0.9957872858451606,-0.04221612635076939
559,55.9,1,0.2,-3.6106582619406637,0.9946302400589581,-0.05384228921834517
559,55.9,2,0.3,-3.6823166633394755,0.9971311428840447,-0.028729801740625085
560,56.0,0,0.1,-3.498803198062482,0.9956116827439622,-0.043979741823342786
560,56.0,1,0.2,-3.6162457608387335,0.9944280821407121,-0.055874988980696746
560,56.0,2,0.3,-3.685461271178574,0.9968603312615978,-0.03144607839098379
561,56.1,0,0.1,-3.503377420400078,0.9954362234841615,-0.045742223375956806
561,56.1,1,0.2,-3.622038636265908,0.9942238709235709,-0.05792875427174244
561,56.1,2,0.3,-3.6888840554920512,0.9965830667352215,-0.03422784313477263
562,56.2,0,0.1,-3.5081277706094762,0.9952609148594246,-0.047503502093983345
562,56.2,1,0.2,-3.628038856369044,0.994017745267488,-0.060002201031363035
562,56.2,2,0.3,-3.692590727028383,0.9963001896905512,-0.03706671536331588
563,56.300000000000004,0,0.1,-3.5130541056908045,0.9950857794058334,-0.04926335081328156
563,56.300000000000004,1,0.2,-3.634248167986288,0.9938099263194268,-0.062093116172436076
563,56.300000000000004,2,0.3,-3.6965859502542986,0.9960127470605058,-0.03995223225915666
564,56.4,0,0.1,-3.518156240386693,0.9949108590852724,-0.05102134695888895
564,56.4,1,0.2,-3.6406680052385725,0.9936007258753794,-0.06419837252284931
564,56.4,2,0.3,-3.700873180641611,0.9957219466654873,-0.04287230387312734
565,56.5,0,0.1,-3.5234339246505644,0.9947362182432891,-0.052776842638712435
565,56.5,1,0.2,-3.6472993933054765,0.9933905510645241,-0.06631388066903904
565,56.5,2,0.3,-3.7054545543771202,0.9954291047490844,-0.04581373735509088
566,56.6,0,0.1,-3.528886819487035,0.9945619452085904,-0.05452894836470634
566,56.6,1,0.2,-3.6541428522046013,0.9931799042404522,-0.06843458899124757
566,56.6,2,0.3,-3.7103308288076566,0.9951355952944417,-0.04876274430536329
567,56.7,0,0.1,-3.5345144729935205,0.9943881520721695,-0.056276535064853396
567,56.7,1,0.2,-3.6611983061120736,0.9929693773744734,-0.07055453907472209
567,56.7,2,0.3,-3.71550136568948,0.994842807335171,-0.051705368818234884
568,56.800000000000004,0,0.1,-3.540316298666636,0.9942149724152274,-0.05801825673115519
568,56.800000000000004,1,0.2,-3.6684650040241085,0.9927596407003761,-0.07266697912034722
568,56.800000000000004,2,0.3,-3.720964146642731,0.9945521129016571,-0.05462780953250512
569,56.9,0,0.1,-3.5462915580202843,0.9940425570050729,-0.05975259353648516
569,56.9,1,0.2,-3.6759414574195852,0.9925514257598758,-0.07476453395477181
569,56.9,2,0.3,-3.726715811067998,0.9942648447296916,-0.05751664425267638
570,57.0,0,0.1,-3.552439349310572,0.993871067711726,-0.061477912902877754
570,57.0,1,0.2,-3.6836254001327666,0.9923455033058516,-0.07683942713181292
570,57.0,2,0.3,-3.7327517099975367,0.993982280513588,-0.06035898929538511
571,57.1,0,0.1,-3.558758603716274,0.9937006700910072,-0.06319254405701712
571,57.1,1,0.2,-3.6915137749421105,0.9921426567693709,-0.07888374809343789
571,57.1,2,0.3,-3.7390659731598133,0.993705629905321,-0.06314263162276477
572,57.2,0,0.1,-3.5652480897344376,0.9935315252209437,-0.0648948601816359
572,57.2,1,0.2,-3.6996027504039843,0.991943652265904,-0.080889754618737
572,57.2,2,0.3,-3.745651589244791,0.9934360215595024,-0.06585616084977448
573,57.300000000000004,0,0.1,-3.571906425873615,0.9933637814648544,-0.06658336139177118
573,57.300000000000004,1,0.2,-3.707887770108089,0.9917492064848707,-0.08285019704104328
573,57.300000000000004,2,0.3,-3.752500499962362,0.9931744896186898,-0.06848910717571224
574,57.4,0,0.1,-3.5787321010147317,0.9931975668685812,-0.0682567514111726
574,57.4,1,0.2,-3.716363634676438,0.9915599543016723,-0.08475864568349627
574,57.4,2,0.3,-3.7596037069748385,0.9929219611356751,-0.07103207012476757
575,57.5,0,0.1,-3.585723501112503,0.9930329828830765,-0.06991400097771006
575,57.5,1,0.2,-3.72502461440148,0.9913764185135138,-0.0866097972504175
575,57.5,2,0.3,-3.76695138805994,0.992679247129887,-0.07347681085101317
576,57.6,0,0.1,-3.592878940279423,0.9928701000368704,-0.07155439166920084
576,57.6,1,0.2,-3.7338645875016683,0.9911989845825462,-0.08839973100188343
576,57.6,2,0.3,-3.7745330163263446,0.9924470397812689,-0.0758162826640463
577,57.7,0,0.1,-3.6001966937821313,0.9927089560644016,-0.07317753502708142
577,57.7,1,0.2,-3.7428771958482807,0.991027883471054,-0.09012608346612311
577,57.7,2,0.3,-3.7823374752755017,0.99222591676721,-0.07804458949156934
578,57.800000000000004,0,0.1,-3.6076750301389646,0.9925495568256558,-0.07478336356833264
578,57.800000000000004,1,0.2,-3.7520560071654807,0.990863185379921,-0.09178811317199867
578,57.800000000000004,2,0.3,-3.790353163682483,0.992016351558724,-0.08015688406981411
579,57.9,0,0.1,-3.6153122393854034,0.9923918801350937,-0.07637209246439171
579,57.9,1,0.2,-3.761394670725217,0.9907048063366514,-0.09338663559736647
579,57.9,2,0.3,-3.798568087472872,0.9918187264881818,-0.08214923790389261
580,58.0,0,0.1,-3.6231066547055115,0.9922358823662959,-0.0779441532010805
580,58.0,1,0.2,-3.7708870530333325,0.9905525281381145,-0.09492382308115531
580,58.0,2,0.3,-3.8069699400207146,0.9916333443731838,-0.08401852547842528
581,58.1,0,0.1,-3.631056665025635,0.9920815074344594,-0.07950010320123434
581,58.1,1,0.2,-3.7805273413459815,0.9904060303056188,-0.09640288312648822
581,58.1,2,0.3,-3.815546176199835,0.9914604348264318,-0.08576236179120278
582,58.2,0,0.1,-3.6391607168169244,0.9919286975093725,-0.08104051791289253
582,58.2,1,0.2,-3.790310106172415,0.990264930759114,-0.0978276482643356
582,58.2,2,0.3,-3.824284087843304,0.9913001529574196,-0.0873791164346903
583,58.300000000000004,0,0.1,-3.647417304211324,0.9917774046063264,-0.08256587394399488
583,58.300000000000004,1,0.2,-3.800230318936098,0.990128830240633,-0.09920212763682681
583,58.300000000000004,2,0.3,-3.833170888373113,0.9911525703685938,-0.08886800529808488
584,58.4,0,0.1,-3.6558249475306934,0.9916276020676748,-0.08407643319369862
584,58.4,1,0.2,-3.8102833270338357,0.9899973544817408,-0.10053008097738253
584,58.4,2,0.3,-3.842193812451505,0.9910176603459512,-0.0902292407839285
585,58.5,0,0.1,-3.6643821613717478,0.9914792949013829,-0.08557213841054223
585,58.5,1,0.2,-3.8204647947307744,0.9898701879864276,-0.10181467696938584
585,58.5,2,0.3,-3.851340233475381,0.9908952802489183,-0.09146421023875509
586,58.6,0,0.1,-3.6730874143845655,0.9913325279916388,-0.08705253012817647
586,58.6,1,0.2,-3.8307706236273353,0.9897470941965837,-0.10305828896560806
586,58.6,2,0.3,-3.860597798772749,0.9907851540329502,-0.09257565297368188
587,58.7,0,0.1,-3.681939083738633,0.9911873913353768,-0.08851669354067544
587,58.7,1,0.2,-3.8411968698895427,0.9896279186343916,-0.10426246262207191
587,58.7,2,0.3,-3.8699545804170414,0.9906868568258058,-0.09356781644292189
588,58.800000000000004,0,0.1,-3.6909354079120105,0.9910440216721873,-0.0899632417337713
588,58.800000000000004,1,0.2,-3.8517396763769516,0.9895125741037528,-0.10542806487408757
588,58.800000000000004,2,0.3,-3.8793992389515255,0.9905998021707764,-0.09444658534483928
589,58.9,0,0.1,-3.700074441812696,0.9909026001414581,-0.0913903390068612
589,58.9,1,0.2,-3.8623952359710634,0.9894010097766314,-0.10655559594112402
589,58.9,2,0.3,-3.888921197534411,0.9905232317176101,-0.09521958582885945
590,59.0,0,0.1,-3.709354018318469,0.9907633458944534,-0.09279576505772581
590,59.0,1,0.2,-3.8731597980077552,0.9892931685274613,-0.10764562036691697
590,59.0,2,0.3,-3.8985108240442097,0.9904562073316867,-0.0958962650979864
591,59.1,0,0.1,-3.7187717200994674,0.9906265058853672,-0.09417701780998522
591,59.1,1,0.2,-3.8840297233955496,0.9891889387750967,-0.10869925387794256
591,59.1,2,0.3,-3.908159617433787,0.9903976068619617,-0.09648793389577333
592,59.2,0,0.1,-3.7283248650860785,0.9904923413418887,-0.09553144986610948
592,59.2,1,0.2,-3.8950015867345664,0.9890881080206338,-0.1097186333901663
592,59.2,2,0.3,-3.9178603915030594,0.9903461266591885,-0.0970077406927214
593,59.300000000000004,0,0.1,-3.7380105082013113,0.9903611116542824,-0.09685643115232652
593,59.300000000000004,1,0.2,-3.90607231667733,0.988990325072401,-0.11070729942763545
593,59.300000000000004,2,0.3,-3.9276074445833777,0.9903002954803725,-0.09747053080318174
594,59.4,0,0.1,-3.7478254610433894,0.9902330566090162,-0.09814952842078675
594,59.4,1,0.2,-3.9172393599912487,0.9888950766670745,-0.11167043313919235
594,59.4,2,0.3,-3.937396698636833,0.9902585047260171,-0.09789254053455766
595,59.5,0,0.1,-3.7577663301412674,0.9901083780198541,-0.09940869097877805
595,59.5,1,0.2,-3.928500851155642,0.9888016820632677,-0.11261491164393185
595,59.5,2,0.3,-3.9472257877947383,0.990219058460727,-0.09829089157905228
596,59.6,0,0.1,-3.7678295732780938,0.989987221871974,-0.1006324313682624
596,59.6,1,0.2,-3.939855768322851,0.9887093065897383,-0.1135491716720855
596,59.6,2,0.3,-3.957094076151435,0.9901802434277711,-0.0986828835669659
597,59.7,0,0.1,-3.778011572250374,0.9898696620929448,-0.10181998972280082
597,59.7,1,0.2,-3.9513040580872794,0.9886169925437548,-0.11448289764428414
597,59.7,2,0.3,-3.9670025886999936,0.99014041502872,-0.09908512548558372
598,59.800000000000004,0,0.1,-3.7883087193658977,0.989755687001438,-0.10297147115523618
598,59.800000000000004,1,0.2,-3.9628467152698295,0.9885237037124397,-0.11542657182549934
598,59.800000000000004,2,0.3,-3.9769538474353436,0.9900980912061866,-0.09951258735349935
599,59.9,0,0.1,-3.7987175140381857,0.9896451893657011,-0.10408794672288538
599,59.9,1,0.2,-3.9744858090177275,0.9884283784781817,-0.11639093747898728
599,59.9,2,0.3,-3.986951615381679,0.9900520435959942,-0.09997767946335792
600,60.0,0,0.1,-3.809234665059762,0.9895379608354417,-0.10517151021576093
600,60.0,1,0.2,-3.9862244519560504,0.9883299861308318,-0.11738642938322663
600,60.0,2,0.3,-3.9970005622886298,0.99000137505804,-0.10048946906950763
601,60.1,0,0.1,-3.819857193574499,0.9894336912996691,-0.10622528514736844
601,60.1,1,0.2,-3.998066713979654,0.9882275815873373,-0.11842262023603665
601,60.1,2,0.3,-4.007105874512263,0.9899455748896308,-0.10105312223632835
602,60.2,0,0.1,-3.8305825314569155,0.9893319734763677,-0.10725337882416433
602,60.2,1,0.2,-4.01001748587446,0.9881203549574202,-0.11950771894805809
602,60.2,2,0.3,-4.017272836321614,0.9898845470362458,-0.10166961809351027
603,60.300000000000004,0,0.1,-3.8414086097707534,0.9892323127665567,-0.10826078313837707
603,60.300000000000004,1,0.2,-4.022082300024478,0.988007673909042,-0.12064814150017972
603,60.300000000000004,2,0.3,-4.027506409908627,0.989818611262962,-0.10233573587012788
604,60.4,0,0.1,-3.852333932234649,0.9891341421179786,-0.10925322463896059
604,60.4,1,0.2,-4.034267116121274,0.9878891181783432,-0.12184816096796584
604,60.4,2,0.3,-4.037810837403431,0.9897484812308716,-0.10304427494805121
605,60.5,0,0.1,-3.863357629164545,0.9890368413609778,-0.11023696929896086
605,60.5,1,0.2,-4.046578079482851,0.9877645065280526,-0.1231096336157638
605,60.5,2,0.3,-4.048189281866924,0.9896752257596347,-0.1037844446349275
606,60.6,0,0.1,-3.8744794881602824,0.9889397602263574,-0.11121858995737208
606,60.6,1,0.2,-4.059021258879223,0.9876339168549024,-0.12443179396372452
606,60.6,2,0.3,-4.058643517548351,0.9896002199113436,-0.10454235681426412
607,60.7,0,0.1,-3.8856999587964944,0.9888422440624642,-0.1122047063621185
607,60.7,1,0.2,-4.071602370150699,0.9874977000513703,-0.12581111271475365
607,60.7,2,0.3,-4.0691736742929585,0.9895250912624834,-0.10530156744607516
608,60.800000000000004,0,0.1,-3.897020129674168,0.9887436611664147,-0.11320170877673624
608,60.800000000000004,1,0.2,-4.0843264916551565,0.9873564878728508,-0.12724121504457384
608,60.800000000000004,2,0.3,-4.07977803763485,0.9894516646969348,-0.1060436334189137
609,60.9,0,0.1,-3.9084416772754342,0.9886434306541791,-0.11421547601266663
609,60.9,1,0.2,-4.097197777650928,0.987211194748824,-0.1287128599577232
609,60.9,2,0.3,-4.090452904595749,0.9893819072328461,-0.10674866960899972
610,61.0,0,0.1,-3.9199667870221875,0.9885410499208543,-0.11525109746753084
610,61.0,1,0.2,-4.110219175814219,0.987063013458767,-0.13021398163290768
610,61.0,2,0.3,-4.101192494598438,0.9893178734985701,-0.10739590002688384
611,61.1,0,0.1,-3.9315980476702745,0.9884361209666501,-0.11631260648086895
611,61.1,1,0.2,-4.123392154795631,0.9869134049788237,-0.13172978981412156
611,61.1,2,0.3,-4.11198891407751,0.9892616526793577,-0.10796419479071796
612,61.2,0,0.1,-3.943338320622166,0.9883283751408568,-0.11740272951891229
612,61.2,1,0.2,-4.136716446710633,0.9867640835137376,-0.13324291915001207
612,61.2,2,0.3,-4.122832171586723,0.989215318697356,-0.1084325750921329
613,61.300000000000004,0,0.1,-3.9551905859249388,0.9882176961203996,-0.11852265302772667
613,61.300000000000004,1,0.2,-4.150189807648578,0.9866169985191117,-0.13473360937945408
613,61.300000000000004,2,0.3,-4.133710237439491,0.9891808863499639,-0.10878065852767473
614,61.4,0,0.1,-3.967157766722049,0.9881041411200768,-0.11967180797110691
614,61.4,1,0.2,-4.163807796906882,0.9864743160779887,-0.13617989258304483
614,61.4,2,0.3,-4.144609138871224,0.9891602764082063,-0.10898901431733507
615,61.5,0,0.1,-3.979242533891827,0.9879879603690747,-0.1208476716977796
615,61.5,1,0.2,-4.17756357321554,0.9863384020555376,-0.1375577630865779
615,61.5,2,0.3,-4.1555130794437805,0.9891552919028347,-0.10903940572556459
616,61.6,0,0.1,-3.99144709270589,0.9878696147553174,-0.12204558814062953
616,61.6,1,0.2,-4.191447704336328,0.9862118088998394,-0.13884131120787815
616,61.6,2,0.3,-4.166404570826964,0.9891676061610339,-0.10891491383183749
617,61.7,0,0.1,-4.00377295373158,0.9877497912538239,-0.1232586102568938
617,61.7,1,0.2,-4.205447985640114,0.9860972668699285,-0.14000281303785633
617,61.7,2,0.3,-4.177264566459438,0.9891987612279923,-0.10859995632473153
618,61.800000000000004,0,0.1,-4.016220690971142,0.9876294153846387,-0.1244773723956243
618,61.800000000000004,1,0.2,-4.21954926386195,0.9859976791141898,-0.14101278221835734
618,61.800000000000004,2,0.3,-4.1880725893551745,0.9892501739308079,-0.10808022895736637
619,61.9,0,0.1,-4.028789691356496,0.9875096595959817,-0.12569000385354737
619,61.9,1,0.2,-4.233733264137798,0.9859161187343904,-0.1418400027584879
619,61.9,2,0.3,-4.19880684929932,0.989323146634807,-0.10734259944146174
620,62.0,0,0.1,-4.041477901058734,0.9873919462604478,-0.12688209702237427
620,62.0,1,0.2,-4.247978421267915,0.9858558250497002,-0.14245157130116556
620,62.0,2,0.3,-4.209444346593124,0.9894188807961902,-0.10637497293804214
621,62.1,0,0.1,-4.05428157537493,0.9872779440122862,-0.12803674316196373
621,62.1,1,0.2,-4.262259719411006,0.9858201958653777,-0.1428129814309089
621,62.1,2,0.3,-4.219960959640217,0.9895384931817588,-0.10516613047092022
622,62.2,0,0.1,-4.067195039909704,0.9871695565010696,-0.12913464534773306
622,62.2,1,0.2,-4.276548547619951,0.9858127726023309,-0.142888282089453
622,62.2,2,0.3,-4.2303315123223335,0.989683036090968,-0.10370552682116804
623,62.300000000000004,0,0.1,-4.0802104710733476,0.9870689032809916,-0.1301543116364349
623,62.300000000000004,1,0.2,-4.29081258151292,0.9858372154587288,-0.1426403389296895
623,62.300000000000004,2,0.3,-4.2405298156769895,0.9898535230110417,-0.10198303354655847
624,62.4,0,0.1,-4.093317703357036,0.9869782934092176,-0.13107232283688786
624,62.4,1,0.2,-4.305015703887517,0.9858972661292607,-0.14203122374597674
624,62.4,2,0.3,-4.250528678866259,0.9900509592490824,-0.0999886318927036
625,62.5,0,0.1,-4.106504069354802,0.9869001932413641,-0.1318636599776627
625,62.5,1,0.2,-4.319117979289055,0.9859966958978091,-0.14102275401537212
625,62.5,2,0.3,-4.260299888588151,0.9902763734400238,-0.0977120972189191
626,62.6,0,0.1,-4.119754276203118,0.9868371907047093,-0.13250206848315382
626,62.6,1,0.2,-4.333075699373669,0.9861392372649775,-0.13957720084614403
626,62.6,2,0.3,-4.269814164544145,0.9905308415672591,-0.09514275955993277
627,62.7,0,0.1,-4.133050319300644,0.9867919588259443,-0.13296043097525778
627,62.7,1,0.2,-4.34684151695352,0.9863284980138785,-0.13765817579850986
627,62.7,2,0.3,-4.279041110170554,0.9908154920128247,-0.09226945626409003
628,62.800000000000004,0,0.1,-4.146371431278757,0.9867672213662354,-0.13321111978113176
628,62.800000000000004,1,0.2,-4.360364686031419,0.9865678581853741,-0.1352316907789833
628,62.800000000000004,2,0.3,-4.287949189612357,0.9911314799446667,-0.08908079441803148
629,62.9,0,0.1,-4.159694061687126,0.9867657230301689,-0.13322630408369432
629,62.9,1,0.2,-4.373591421798383,0.9868603531125159,-0.13226735766964956
629,62.9,2,0.3,-4.296505769838992,0.9914799231171589,-0.08556580226635677
630,63.0,0,0.1,-4.172991881155335,0.9867902059191944,-0.13297819468209215
630,63.0,1,0.2,-4.386465387472965,0.9872085493434483,-0.12873965674581805
630,63.0,2,0.3,-4.304677267038307,0.9918617987296706,-0.0817149719931442
631,63.1,0,0.1,-4.18623580317126,0.9868433928305391,-0.1324392201592487
631,63.1,1,0.2,-4.39892830367944,0.9876144243041953,-0.1246291620647515
631,63.1,2,0.3,-4.312429426747819,0.9922778107852095,-0.07752159709512153
632,63.2,0,0.1,-4.199394017168273,0.9869279768474282,-0.13158213997012594
632,63.2,1,0.2,-4.410920661658958,0.9880792637550508,-0.11992357979517194
632,63.2,2,0.3,-4.319727748020815,0.992728246800303,-0.07298321272996129
633,63.300000000000004,0,0.1,-4.212432028226091,0.9870466156212401,-0.13038011057818358
633,63.300000000000004,1,0.2,-4.422382506257377,0.9886035920953608,-0.11461844598419206
633,63.300000000000004,2,0.3,-4.326538036640711,0.9932128488415887,-0.06810288619895646
634,63.4,0,0.1,-4.225312701092821,0.9872019279682241,-0.1288067286673018
634,63.4,1,0.2,-4.433254241745886,0.9891871482451127,-0.10871735488509678
634,63.4,2,0.3,-4.3328270466001655,0.9937307244719965,-0.0628900995945472
635,63.5,0,0.1,-4.237996309070002,0.9873964899771611,-0.12683607977181308
635,63.5,1,0.2,-4.443477406853135,0.9898289138235645,-0.10223165107248487
635,63.5,2,0.3,-4.338563149110035,0.9942803175154807,-0.05736102509869586
636,63.6,0,0.1,-4.250440591209685,0.9876328277488082,-0.12444282139682451
636,63.6,1,0.2,-4.452995367852782,0.9905271914245933,-0.09517960999646612
636,63.6,2,0.3,-4.343716959540601,0.9948594476640634,-0.05153810430566101
637,63.7,0,0.1,-4.262600823969825,0.9879134040876274,-0.12160232760139604
637,63.7,1,0.2,-4.46175389113324,0.9912797208490893,-0.08758523280458216
637,63.7,2,0.3,-4.348261857431365,0.9954654145287755,-0.04544897890763557
638,63.800000000000004,0,0.1,-4.274429915797796,0.9882405968236224,-0.1182909182797137
638,63.800000000000004,1,0.2,-4.4697015777101115,0.9920838127798463,-0.07947686576871392
638,63.800000000000004,2,0.3,-4.352174351996494,0.9960951492696619,-0.03912494565128932
639,63.9,0,0.1,-4.285878535015413,0.9886166668407885,-0.11448619217617069
639,63.9,1,0.2,-4.476790167437694,0.9929364750649351,-0.07088589727583153
639,63.9,2,0.3,-4.355434271115925,0.9967453886477049,-0.03259919119431317
640,64.0,0,0.1,-4.296895282891958,0.9890437142546346,-0.11016747876545117
640,64.0,1,0.2,-4.4829747445346015,0.993834508035267,-0.06184577096907252
640,64.0,2,0.3,-4.358024779442151,0.9974128441449749,-0.025905083262260563
641,64.1,0,0.1,-4.307426924949471,0.9895236215091862,-0.10531642057513822
641,64.1,1,0.2,-4.488213892886425,0.9947745520493153,-0.05239148351824006
641,64.1,2,0.3,-4.3599322547726285,0.9980943427444291,-0.019074753304774126
642,64.2,0,0.1,-4.31741869431457,0.9900579825214182,-0.09991769365098194
642,64.2,1,0.2,-4.492469855691181,0.9957530809704027,-0.042559628047552346
642,64.2,2,0.3,-4.361146066846959,0.9987869242975761,-0.012138120743302524
643,64.3,0,0.1,-4.326814681159919,0.9906480175097566,-0.0939598684534957
643,64.3,1,0.2,-4.495708748627963,0.996766346618633,-0.03238892936782107
643,64.3,2,0.3,-4.361658307725063,0.9994878902948566,-0.005122408781037827
644,64.4,0,0.1,-4.335558321675017,0.9912944739423653,-0.0874364051509705
644,64.4,1,0.2,-4.497900861233302,0.9978102883188124,-0.0219211260533906
644,64.4,2,0.3,-4.361463519290512,1.0001948074070504,0.0019478843455099097
645,64.5,0,0.1,-4.343592998170228,0.9919975152435484,-0.08034676495211736
645,64.5,1,0.2,-4.499021062087238,0.9988804263368252,-0.011202008539364454
645,64.5,2,0.3,-4.360558454534021,1.0009054744511874,0.009050647564903773
646,64.6,0,0.1,-4.350862758409917,0.9927566005497294,-0.07269760239689363
646,64.6,1,0.2,-4.499049304698743,0.9999717577873145,-0.00028242611504582455
646,64.6,2,0.3,-4.358941898843375,1.0016178630211598,0.016165556906467624
647,64.7,0,0.1,-4.357313156708485,0.9935703608616048,-0.06450398298566978
647,64.7,1,0.2,-4.49797121624914,1.0010786697958511,0.010780884496027956
647,64.7,2,0.3,-4.356614568253505,1.0023300409259153,0.02327330589869249
648,64.8,0,0.1,-4.3628922114948585,0.9944364792379644,-0.05579054786373978
648,64.8,1,0.2,-4.495778741747397,1.0021948797314435,0.021924745017428828
648,64.8,2,0.3,-4.353579094328932,1.0030400856406139,0.030354739245732124
649,64.9,0,0.1,-4.367551464022301,0.9953515849515642,-0.046592525274423056
649,64.9,1,0.2,-4.492470810345337,1.0033134086449236,0.03307931402060478
649,64.9,2,0.3,-4.349840099113336,1.0037459939782691,0.03738995215596078
650,65.0,0,0.1,-4.371247111105476,0.9963111734158675,-0.03695647083175257
650,65.0,1,0.2,-4.488053985854323,1.004426593036995,0.04416824491013467
650,65.0,2,0.3,-4.345404356539001,1.0044455950427116,0.044357425743346855
651,65.1,0,0.1,-4.37394117206468,0.997309564766316,-0.02694060959204034
651,65.1,1,0.2,-4.482543057534614,1.005526141418442,0.055109283197095425
651,65.1,2,0.3,-4.340281027356746,1.0051364758752332,0.0512332918225529
652,65.2,0,0.1,-4.375602637734644,0.998339913800036,-0.016614656699641378
652,65.2,1,0.2,-4.475961519506689,1.0066032439426371,0.06581538027924488
652,65.2,2,0.3,-4.3344819429993535,1.0058159315975301,0.05799084357392242
653,65.3,0,0.1,-4.376208539092841,0.9993942821629648,-0.006059013581963047
653,65.3,1,0.2,-4.468341879691812,1.0076487431423282,0.0761963981487711
653,65.3,2,0.3,-4.328021901711969,1.0064809523586453,0.06460041287385122
654,65.4,0,0.1,-4.375744866604969,1.000463780000576,0.00463672487871452
654,65.4,1,0.2,-4.4597257359842475,1.0086533695112412,0.08616143707564182
654,65.4,2,0.3,-4.3209189311463465,1.0071282564939985,0.07102970565621652
655,65.5,0,0.1,-4.374207270514438,1.0015387787974976,0.015375960905315886
655,65.5,1,0.2,-4.450163562655313,1.0096080369771436,0.09562173328934709
655,65.5,2,0.3,-4.313194469131071,1.0077543726368747,0.07724462015275874
656,65.6,0,0.1,-4.3716014783332815,1.0026091902084782,0.02605792181156345
656,65.6,1,0.2,-4.4397141664033635,1.0105041818521634,0.10449396251950444
656,65.6,2,0.3,-4.304873421063651,1.0083557642126535,0.08321048067420318
657,65.7,0,0.1,-4.367943379258826,1.0036647980849325,0.036580990744555994
657,65.7,1,0.2,-4.428443798509173,1.0113341177601378,0.11270367894189376
657,65.7,2,0.3,-4.295984068518217,1.0089289801740589,0.0888935254543379
658,65.8,0,0.1,-4.363258745622534,1.0046956236871976,0.04684633636292279
658,65.8,1,0.2,-4.416424943361273,1.012091371818676,0.12018855147901036
658,65.8,2,0.3,-4.286557826561968,1.009470808897814,0.0942624195624884
659,65.9,0,0.1,-4.357582587097827,1.0056922984356198,0.056761585247060035
659,65.9,1,0.2,-4.403734837932737,1.0127709664995805,0.1269010542853513
659,65.9,2,0.3,-4.276628871894801,1.009978410282893,0.09928954667166187
660,66.0,0,0.1,-4.350958161558901,1.0066464155760912,0.06624425538926658
660,66.0,1,0.2,-4.39045380489843,1.0133696176843439,0.132810330343077
660,66.0,2,0.3,-4.26623368422695,1.0104494053359316,0.1039518766785156
661,66.1,0,0.1,-4.343435693868132,1.0075508325307703,0.07522467690769014
661,66.1,1,0.2,-4.376663498815419,1.0138858309546008,0.13790306083011467
661,66.1,2,0.3,-4.255410554019171,1.010881912158353,0.10823130207779645
662,66.2,0,0.1,-4.335070877078568,1.008399899621788,0.08364816789563531
662,66.2,1,0.2,-4.362445167934759,1.0143198921200796,0.14218330880659055
662,66.2,2,0.3,-4.244199107959808,1.0112745298538277,0.11211446059362128
663,66.3,0,0.1,-4.3259232467041535,1.0091895978150838,0.09147630374414982
663,66.3,1,0.2,-4.347878024814391,1.0146737610267444,0.1456714312036838
663,66.3,2,0.3,-4.232639889808114,1.011626284074602,0.11559218151694796
664,66.4,0,0.1,-4.316054525997802,1.0099175771150333,0.09868720706350634
664,66.4,1,0.2,-4.333037800508843,1.0149508871772241,0.14840224305546612
664,66.4,2,0.3,-4.220774012227832,1.0119365563843536,0.11865877580281446
665,66.5,0,0.1,-4.30552703805506,1.0105830969135416,0.1052748794274254
665,66.5,1,0.2,-4.317995534373992,1.0151559704281223,0.15042266134852122
665,66.5,2,0.3,-4.2086428709371875,1.012205022035474,0.12131141290644877
666,66.6,0,0.1,-4.294402269802502,1.0111868785942666,0.11124768252558781
666,66.6,1,0.2,-4.302816628743352,1.0152946903051603,0.15178905630641257
666,66.6,2,0.3,-4.196287892432329,1.0124316165470164,0.12354978504859374
667,66.7,0,0.1,-4.282739655363795,1.0117308878839493,0.11662614438706313
667,66.7,1,0.2,-4.2875601778395644,1.015373424661944,0.15256450903785831
667,66.7,2,0.3,-4.183750275964165,1.0126165418821276,0.1253761646816258
668,66.8,0,0.1,-4.270595624397022,1.0122180691144698,0.12144030966773102
668,66.8,1,0.2,-4.272278564527702,1.0153989742238465,0.15281613311863376
668,66.8,2,0.3,-4.171070691958977,1.0127603107635443,0.1267958400518926
669,66.9,0,0.1,-4.258022937430061,1.0126520554720777,0.1257268696696005
669,66.9,1,0.2,-4.257017306770779,1.0153783054246046,0.15261257756921806
669,66.9,2,0.3,-4.15828891198345,1.0128638160750456,0.1278177997552523
670,67.0,0,0.1,-4.245070307448251,1.0130368786478365,0.12952629981810862
670,67.0,1,0.2,-4.241815127098813,1.0153183205907246,0.1520217967196655
670,67.0,2,0.3,-4.145443366017803,1.012928404398383,0.12845545965648084
671,67.1,0,0.1,-4.2317822869962,1.0133766985459296,0.13288020452051663
671,67.1,1,0.2,-4.226704212251433,1.0152256619705982,0.15110914847380888
671,67.1,2,0.3,-4.132570645733832,1.0129559304112812,0.1287272028397164
672,67.2,0,0.1,-4.218199384223989,1.0136755694817052,0.13582902772210034
672,67.2,1,0.2,-4.211710626058302,1.0151065538974513,0.1499358619312968
672,67.2,2,0.3,-4.11970499191844,1.0129487724153177,0.12865653815390635
673,67.3,0,0.1,-4.204358360403584,1.0139372542539486,0.13841023820405315
673,67.3,1,0.2,-4.196854836753334,1.0149666850101409,0.14855789304968736
673,67.3,2,0.3,-4.106877815619708,1.012909797411888,0.12827176298733375
674,67.4,0,0.1,-4.190292655683762,1.0141650921826446,0.14065704719821293
674,67.4,1,0.2,-4.182152320682222,1.01481112970561,0.14702516071110583
674,67.4,2,0.3,-4.094117303798684,1.0128422745599905,0.12760511821022802
675,67.5,0,0.1,-4.176032889013789,1.0143619221361928,0.14259766669973672
675,67.5,1,0.2,-4.167614207956659,1.0146443050744254,0.14538112725563873
675,67.5,2,0.3,-4.081448151649227,1.0127497458491972,0.12669152149457127
676,67.6,0,0.1,-4.161607381670604,1.0145300570970641,0.14425507343186192
676,67.6,1,0.2,-4.153247941655886,1.0144699570591356,0.14366266300774128
676,67.6,2,0.3,-4.068891447925727,1.0126358701370815,0.12556703723500642
677,67.7,0,0.1,-4.147042660827473,1.0146713032085675,0.14564720843129744
677,67.7,1,0.2,-4.139057929607833,1.014291168171561,0.14190012048052159
677,67.7,2,0.3,-4.056464720499023,1.0125042600299612,0.12426727426703195
678,67.8,0,0.1,-4.132363909065845,1.0147870137064068,0.14678751761628864
678,67.8,1,0.2,-4.12504617504159,1.014110379296063,0.1401175456624317
678,67.8,2,0.3,-4.044182130979376,1.012358330302289,0.12282589519647923
679,67.9,0,0.1,-4.117595336499684,1.0148781667860678,0.1476857256615956
679,67.9,1,0.2,-4.111212877906615,1.013929419910007,0.13833297134974096
679,67.9,2,0.3,-4.032054792761072,1.0122011725538722,0.12127338218302551
680,68.0,0,0.1,-4.102760463071496,1.01494545631403,0.14834873428188855
680,68.0,1,0.2,-4.0975570013328495,1.0137495439406188,0.13655876573766323
680,68.0,2,0.3,-4.020091177937522,1.0120354651071906,0.11963614823550697
681,68.1,0,0.1,-4.087882308499663,1.0149893852647578,0.14878154571833904
681,68.1,1,0.2,-4.084076797413869,1.0135714715086344,0.13480203918981515
681,68.1,2,0.3,-4.008297575324372,1.0118634213459492,0.11793602613151104
682,68.2,0,0.1,-4.072983495429607,1.0150103536377557,0.1489881307005409
682,68.2,1,0.2,-4.070770284113504,1.0133954389407822,0.13306513300363784
682,68.2,2,0.3,-3.99667856323172,1.0116867750053802,0.11619012092650824
683,68.3,0,0.1,-4.058086277013161,1.0150087350491228,0.14897218416447047
683,68.3,1,0.2,-4.057635662272097,1.013221259890655,0.13134621841407537
683,68.3,2,0.3,-3.9852374650102016,1.0115067979055505,0.1144109822151916
684,68.4,0,0.1,-4.043212503250165,1.0149849388000294,0.1487377376299521
684,68.4,1,0.2,-4.044671660281061,1.0130483989780714,0.12964001991034874
684,68.4,2,0.3,-3.973976761228683,1.0113243441605015,0.11260703781517484
685,68.5,0,0.1,-4.028383541207452,1.0149394565979348,0.14828962042713512
685,68.5,1,0.2,-4.031877795419429,1.0128760564928654,0.12793864861633092
685,68.5,2,0.3,-3.9628984386497983,1.0111399144291304,0.11078322578885488
686,68.60000000000001,0,0.1,-4.013620163238879,1.014872894916083,0.14763377968571928
686,68.60000000000001,1,0.2,-4.019254545548586,1.0127032593951226,0.12623249870841657
686,68.60000000000001,2,0.3,-3.952004262652363,1.0109537336133276,0.10894175997434323
687,68.7,0,0.1,-3.9989424153083006,1.014785995032205,0.14677747930579024
687,68.7,1,0.2,-4.006803432111839,1.0125289512700728,0.1245111343674736
687,68.7,2,0.3,-3.941295966562265,1.0107658350908222,0.10708296090098544
688,68.8,0,0.1,-3.9843694752234424,1.0146796430715561,0.14572940084859037
688,68.8,1,0.2,-3.9945270234820707,1.0123520730462696,0.1227640862976934
688,68.8,2,0.3,-3.9307753586909944,1.010576144053526,0.10520607871271336
689,68.9,0,0.1,-3.969919508631326,1.0145548720437556,0.1444996659211527
689,68.9,1,0.2,-3.9824288745139795,1.0121716275917807,0.12098148968090107
689,68.9,2,0.3,-3.9204443555643844,1.0103845521857098,0.10331003126609069
690,69.0,0,0.1,-3.9556095293458,1.014412857180201,0.14309979285526722
690,69.0,1,0.2,-3.970513421833497,1.0119867244840668,0.1191545268048323
690,69.0,2,0.3,-3.9103049570826243,1.0101909763580328,0.1013939848176073
691,69.10000000000001,0,0.1,-3.941455270002105,1.0142549051675465,0.14154259343693756
691,69.10000000000001,1,0.2,-3.958785853976297,1.0117966053979774,0.11727567857198971
691,69.10000000000001,2,0.3,-3.900359184914384,1.0099953957387173,0.0994577216823926
692,69.2,0,0.1,-3.927471068915417,1.0140824374114112,0.13984201086688758
692,69.2,1,0.2,-3.9472519712274186,1.0116006544398655,0.1153388274887911
692,69.2,2,0.3,-3.890609007901049,1.0097978648515067,0.0975017701333558
693,69.3,0,0.1,-3.913669778948102,1.0138969674204268,0.13801289967315786
693,69.3,1,0.2,-3.9359180433092074,1.0113984002238319,0.11333927918211839
693,69.3,2,0.3,-3.881056276651719,1.009598504222694,0.09552731249330747
694,69.4,0,0.1,-3.900062703735081,1.01370007279056,0.1360707521301991
694,69.4,1,0.2,-3.924790665996753,1.0111895168448406,0.11127377312453329
694,69.4,2,0.3,-3.8717026837535653,1.009397474458245,0.09353592898152831
695,69.5,0,0.1,-3.8866595654769904,1.013493362963105,0.13403138258091346
695,69.5,1,0.2,-3.9138766124161384,1.0109738291299823,0.10914053580615322
695,69.5,2,0.3,-3.862549757121935,1.0091949427569273,0.09152926631630885
696,69.60000000000001,0,0.1,-3.873468506614776,1.0132784446936374,0.13191058862213487
696,69.60000000000001,1,0.2,-3.9031826726847183,1.0107513242781159,0.10693939731419165
696,69.60000000000001,2,0.3,-3.853598883951116,1.0089910520252174,0.0895087317081801
697,69.7,0,0.1,-3.860496125235814,1.0130568877391588,0.12972381378962466
697,69.7,1,0.2,-3.89271547711734,1.0105221682949113,0.10467195567379113
697,69.7,2,0.3,-3.8448513539528983,1.0087859014422647,0.08747529998218315
698,69.8,0,0.1,-3.847747541433858,1.0128301934300785,0.12748583801956595
698,69.8,1,0.2,-3.882481302753985,1.0102867226355432,0.10234174363355523
698,69.8,2,0.3,-3.8363084053171694,1.0085795437572758,0.08542948635729394
699,69.9,0,0.1,-3.8352264895608346,1.0125997684380024,0.1252105187302259
699,69.9,1,0.2,-3.87248586892228,1.0100455550356482,0.09995433831703907
699,69.9,2,0.3,-3.82797125643438,1.0083719996933416,0.08337148882788536
700,70.0,0,0.1,-3.8229354298381826,1.0123669052191762,0.12291059722652685
700,70.0,1,0.2,-3.8627341330703553,1.0097994389646128,0.09751735851925346
700,70.0,2,0.3,-3.8198411109037056,1.0081632849123017,0.08130145530675055
701,70.10000000000001,0,0.1,-3.810875672437723,1.0121327694822018,0.12059757400458475
701,70.10000000000001,1,0.2,-3.853230101592268,1.009549338203688,0.09504031478086616
701,70.10000000000001,2,0.3,-3.811919131386466,1.0079534414222886,0.0792197951723871
702,70.2,0,0.1,-3.7990475079352666,1.0118983938618658,0.11828164502457167
702,70.2,1,0.2,-3.843976670935809,1.0092963760076503,0.09253430656459198
702,70.2,2,0.3,-3.8042063871628455,1.0077425640502826,0.0771274422362111
703,70.3,0,0.1,-3.787450339743291,1.0116646760613162,0.11597168191976197
703,70.3,1,0.2,-3.834975511949913,1.0090417912383949,0.09001158985896553
703,70.3,2,0.3,-3.7967037882356873,1.0075308139403265,0.07502598927158637
704,70.4,0,0.1,-3.776082816278474,1.0114323792766928,0.11367523464816207
704,70.4,1,0.2,-3.826227006003674,1.0087868859653495,0.0874850594623858
704,70.4,2,0.3,-3.7894120233865154,1.0073184145014333,0.07291764849171312
705,70.5,0,0.1,-3.764942962646479,1.0112021328470697,0.11139853631995511
705,70.5,1,0.2,-3.817730236139558,1.0085329698682415,0.0849676986411611
705,70.5,2,0.3,-3.7823315196624168,1.007105629757242,0.07080503724099033
706,70.60000000000001,0,0.1,-3.7540283130008962,1.0109744317362452,0.10914649645581821
706,70.60000000000001,1,0.2,-3.809483031655163,1.0082813063592115,0.08247204484394384
706,70.60000000000001,2,0.3,-3.7754624365832816,1.0068927293420173,0.06869083079134555
707,70.7,0,0.1,-3.743336045101101,1.0107496344734996,0.1069226789979599
707,70.7,1,0.2,-3.801482060900962,1.0080330640561301,0.08000970754201486
707,70.7,2,0.3,-3.7688047012583823,1.0066799473112087,0.06657735324899706
708,70.8,0,0.1,-3.7328631178636034,1.0105279602912265,0.10472927237498082
708,70.8,1,0.2,-3.7937229650108426,1.0077892756801008,0.07759095890119913
708,70.8,2,0.3,-3.7623580825777725,1.006467442851262,0.06446618680610172
709,70.9,0,0.1,-3.7226064110642256,1.0103094871129543,0.10256706799376861
709,70.9,1,0.2,-3.78620052446785,1.0075508051780062,0.07522440542991918
709,70.9,2,0.3,-3.756122295687104,1.0062552698859573,0.06235786890667862
710,71.0,0,0.1,-3.7125628642238686,1.0100941525352534,0.10043546840357591
710,71.0,1,0.2,-3.7789088502381203,1.0073183232188043,0.07291674229730176
710,71.0,2,0.3,-3.7500971234881972,1.0060433600589016,0.06025172198907201
711,71.10000000000001,0,0.1,-3.7027296096371463,1.0098817598925802,0.09833254586721513
711,71.10000000000001,1,0.2,-3.771841591054318,1.007092291194478,0.0706725918380153
711,71.10000000000001,2,0.3,-3.7442825404693396,1.0058315205189532,0.058145830188571265
712,71.2,0,0.1,-3.6931040930012964,1.0096719909143999,0.0962551663585042
712,71.2,1,0.2,-3.764992147934776,1.0068729542036905,0.06849443119542666
712,71.2,2,0.3,-3.738678825414268,1.0056194452350367,0.056037150550717195
713,71.3,0,0.1,-3.683684174549785,1.0094644255245553,0.09419918451512113
713,71.3,1,0.2,-3.758353886233693,1.006660343795487,0.06638261701083104
713,71.3,2,0.3,-3.7332866525317616,1.0054067368120123,0.05392172882506903
714,71.4,0,0.1,-3.6744682041416907,1.0092585682228805,0.09215970408093291
714,71.4,1,0.2,-3.751920334846902,1.0064542911313967,0.064335513867907
714,71.4,2,0.3,-3.7281071542037685,1.0051929351180522,0.05179498327992696
715,71.5,0,0.1,-3.665455065307884,1.0090538794779966,0.09013138833807123
715,71.5,1,0.2,-3.7456853622312973,1.0062544505177167,0.06234972615604927
715,71.5,2,0.3,-3.723141952045793,1.0049775492009403,0.049652021579758614
716,71.60000000000001,0,0.1,-3.6566441855070133,1.0088498098543113,0.08810879800870057
716,71.60000000000001,1,0.2,-3.7396433201147805,1.0060603320706554,0.060420421165163066
716,71.60000000000001,2,0.3,-3.718393155975895,1.004760089471565,0.047487960698973486
717,71.7,0,0.1,-3.648035512382711,1.0086458343104072,0.08608673124302736
717,71.7,1,0.2,-3.7337891483205774,1.00587134094527,0.058541717942034444
717,71.7,2,0.3,-3.7138633336297704,1.0045400975003844,0.04529822346125014
718,71.8,0,0.1,-3.6396294582182054,1.0084414842439542,0.0840605416450616
718,71.8,1,0.2,-3.7281184377075056,1.0056868195277702,0.05670710613072106
718,71.8,2,0.3,-3.70955545508994,1.0043171707870868,0.04307878539830746
719,71.9,0,0.1,-3.6314268167299146,1.0082363753244223,0.08202641488290052
719,71.9,1,0.2,-3.7226274521679827,1.0055060886315865,0.05490985539522406
719,71.9,2,0.3,-3.7054728207454826,1.0040909796491302,0.04082634344456977
720,72.0,0,0.1,-3.6234286576582146,1.0080302297911878,0.07998159071700439
720,72.0,1,0.2,-3.7173131141058726,1.0053284842046555,0.05314338062110426
720,72.0,2,0.3,-3.701618982991999,1.0038612733349714,0.03853837753483577
721,72.10000000000001,0,0.1,-3.6156362053000546,1.007822892531533,0.07792452358159398
721,72.10000000000001,1,0.2,-3.712172960140676,1.0051533872205305,0.05140153965196076
721,72.10000000000001,2,0.3,-3.6979976747622754,1.0036278730884383,0.03621308229723532
722,72.2,0,0.1,-3.608050707315949,1.0076143407567468,0.07585497984106114
722,72.2,1,0.2,-3.7072050746218856,1.004980245921934,0.04967885518790743
722,72.2,2,0.3,-3.694612758569223,1.0033906514912114,0.033849161930523376
723,72.3,0,0.1,-3.6006733000299325,1.0074046873993874,0.07377407286016854
723,72.3,1,0.2,-3.7024080080269686,1.0048085909391886,0.04797066594917349
723,72.3,2,0.3,-3.6914682079097743,1.0031494999452744,0.031445506594491426
724,72.4,0,0.1,-3.593504876212227,1.007194178471031,0.07168423817704828
724,72.4,1,0.2,-3.697780686002541,1.0046380446115617,0.04627322024427332
724,72.4,2,0.3,-3.6885681280569753,1.0029042891524935,0.02900079852798695
725,72.5,0,0.1,-3.5865459611069763,1.0069831846188044,0.06958915105251103
725,72.5,1,0.2,-3.693322313427315,1.004468325904622,0.044583725752261084
725,72.5,2,0.3,-3.685916815787363,1.0026548301062619,0.026513122696122778
726,72.60000000000001,0,0.1,-3.579796602258602,1.0067721871005955,0.06749358848373667
726,72.60000000000001,1,0.2,-3.689032277076964,1.0042992517296863,0.04290036350350491
726,72.60000000000001,2,0.3,-3.6835188486589665,1.0024008445510997,0.023979671283964787
727,72.7,0,0.1,-3.5732562784261237,1.0065617584547055,0.0654032383247875
727,72.7,1,0.2,-3.6849100505757564,1.0041307345635744,0.04122226501207983
727,72.7,2,0.3,-3.6813791859416596,1.0021419534290712,0.021396627173070445
728,72.8,0,0.1,-3.5669238324287984,1.0063525383222776,0.06332445997325657
728,72.8,1,0.2,-3.680955106202643,1.003962775486079,0.03954944373113503
728,72.8,2,0.3,-3.679503257272352,1.001877689324276,0.018759286693078536
729,72.9,0,0.1,-3.5607974320142004,1.0061452051878614,0.061264004145974764
729,72.9,1,0.2,-3.677166839260185,1.0037954514951413,0.03788266942457717
729,72.9,2,0.3,-3.6778970132475113,1.001607534725742,0.01606244024840416
730,73.0,0,0.1,-3.554874561709983,1.005940445181311,0.05922870304217901
730,73.0,1,0.2,-3.6735445113951872,1.0036288964233413,0.03622327864998038
730,73.0,2,0.3,-3.6765669152711546,1.0013309829489931,0.013300979763567124
731,73.10000000000001,0,0.1,-3.549152047127213,1.0057389194467743,0.057225145827692454
731,73.10000000000001,1,0.2,-3.6700872188352665,1.0034632758892292,0.03457292559920482
731,73.10000000000001,2,0.3,-3.675519849685628,1.0010476139500715,0.01047065585526496
732,73.2,0,0.1,-3.5436261114306116,1.0055412318414545,0.055259356966018504
732,73.2,1,0.2,-3.666793889650838,1.0032987581511423,0.0329332918442856
732,73.2,2,0.3,-3.674762962063445,1.0007571741339003,0.007568876221828877
733,73.3,0,0.1,-3.5382924618507716,1.005347898810965,0.05333649579840253
733,73.3,1,0.2,-3.663663310996779,1.0031354840329696,0.03130578654059146
733,73.3,2,0.3,-3.6743034193420137,1.0004596483273642,0.004595427214315867
734,73.4,0,0.1,-3.533146402382661,1.0051593231743157,0.051460594681103144
734,73.4,1,0.2,-3.660694183393821,1.0029735398280586,0.02969127602957946
734,73.4,2,0.3,-3.674148117892546,1.0001553135093617,0.001553014494675021
735,73.5,0,0.1,-3.5281829673694594,1.0049757732616855,0.04963435013201794
735,73.5,1,0.2,-3.6578851953009015,1.0028129369965815,0.028089880929195662
735,73.5,2,0.3,-3.6743033627164245,0.9998447672259757,-0.001552448238784176
736,73.60000000000001,0,0.1,-3.523397069628442,1.0047973684415108,0.04785897741017156
736,73.60000000000001,1,0.2,-3.655235108340529,1.0026536015447873,0.02650086960372496
736,73.60000000000001,2,0.3,-3.674774545711964,0.9995289279937354,-0.004711829955392364
737,73.7,0,0.1,-3.5187836561771357,1.0046240716270298,0.04613413451306321
737,73.7,1,0.2,-3.6527428421659973,1.0024953744515555,0.02492266174531607
737,73.7,2,0.3,-3.6755658493397454,0.9992090093703697,-0.007913036277816149
738,73.8,0,0.1,-3.5143378644332848,1.0044556889374843,0.0444579174385121
738,73.8,1,0.2,-3.6504075483012564,1.0023380227873235,0.023352938647410944
738,73.8,2,0.3,-3.676679996925895,0.998886472845833,-0.011141475861498685
739,73.9,0,0.1,-3.5100551719153654,1.004291876351352,0.04282692517918986
739,73.9,1,0.2,-3.6482286641213117,1.0021812596730744,0.021788841799444212
739,73.9,2,0.3,-3.6781180637211675,0.9985629667272974,-0.0143806679527213
740,74.0,0,0.1,-3.5059315328748784,1.0041321529386802,0.04123639040487305
740,74.0,1,0.2,-3.6462059409464014,1.0020247702594272,0.02022723174910483
740,74.0,2,0.3,-3.6798793552315807,0.9982402586532486,-0.017612915104133656
741,74.10000000000001,0,0.1,-3.5019634958828143,1.0039759200741876,0.039680369920637115
741,74.10000000000001,1,0.2,-3.644339443359838,1.0018682405774444,0.0186649758656305
741,74.10000000000001,2,0.3,-3.681961352531971,0.9979201685526282,-0.020819973003900927
742,74.2,0,0.1,-3.498148297147623,1.0038224858702283,0.038151987351915335
742,74.2,1,0.2,-3.64262951978446,1.0017113863283085,0.017099235753784553
742,74.2,2,0.3,-3.684359719048463,0.9976045072665607,-0.02398366516492304
743,74.3,0,0.1,-3.4944839252797535,1.0036710938866134,0.03664371867869706
743,74.3,1,0.2,-3.6410767467546648,1.0015539792060615,0.015527730297951509
743,74.3,2,0.3,-3.6870683599079936,0.9972950241982673,-0.027086408595306408
744,74.4,0,0.1,-3.490969154380763,1.0035209549492774,0.03514770898990138
744,74.4,1,0.2,-3.6396818511474467,1.0013958689266025,0.013948956072179417
744,74.4,2,0.3,-3.6900795232733112,0.99699336564009,-0.03011163365317336
745,74.5,0,0.1,-3.487603543757748,1.0033712806496973,0.03365610623015072
745,74.5,1,0.2,-3.6384456160125223,1.0012369995885613,0.012362351349245052
745,74.5,2,0.3,-3.6933839328019333,0.9967010440239669,-0.03304409528622287
746,74.60000000000001,0,0.1,-3.4843874042406435,1.0032213168426474,0.032161395171043695
746,74.60000000000001,1,0.2,-3.6373687767292457,1.0010774192828675,0.010768392832764177
746,74.60000000000001,2,0.3,-3.6969709411817506,0.9964194172495162,-0.035870083798169854
747,74.7,0,0.1,-3.4813217329411152,1.0030703752755064,0.030656712995284573
747,74.7,1,0.2,-3.6364519150734647,1.0009172821019163,0.009168616557811392
747,74.7,2,0.3,-3.700828696384112,0.9961496763757648,-0.03857755202361754
748,74.8,0,0.1,-3.478408120198466,1.0029178614376049,0.029136127426496173
748,74.8,1,0.2,-3.6356953592828862,1.0007568420510968,0.007565557905784712
748,74.8,2,0.3,-3.704944314666108,0.9958928392682647,-0.04115618281996148
749,74.9,0,0.1,-3.4756486342174573,1.002763296867004,0.027594859810082674
749,74.9,1,0.2,-3.6350990981017333,1.0005964389801874,0.005962611811529175
749,74.9,2,0.3,-3.709304057209835,0.9956497473376412,-0.0435974254372658
750,75.0,0,0.1,-3.473045690302095,1.0026063345150842,0.02602943915362458
750,75.0,1,0.2,-3.634662715775475,1.0004364775548773,0.004363823262583359
750,75.0,2,0.3,-3.713893510188226,0.9954210624680633,-0.04589452978391234
751,75.10000000000001,0,0.1,-3.47060191243759,1.0024467663235113,0.02443777864504573
751,75.10000000000001,1,0.2,-3.634385352899979,1.0002774013441347,0.002773628754959331
751,75.10000000000001,2,0.3,-3.7186977703614934,0.9952072618256936,-0.04804260173266996
752,75.2,0,0.1,-3.468319995143648,1.0022845228487203,0.022819172939422448
752,75.2,1,0.2,-3.634265695020206,1.000119665039063,0.0011965787977308976
752,75.2,2,0.3,-3.7237016392911837,0.9950086295668065,-0.05003868929690576
753,75.3,0,0.1,-3.4662025729841166,1.0021196654809057,0.021174221595315994
753,75.3,1,0.2,-3.6343019873480755,0.9999637083306888,-0.0003629232786961574
753,75.3,2,0.3,-3.728889828282942,0.9948252464155626,-0.051881889917585085
754,75.4,0,0.1,-3.4642521039442546,1.0019523724419073,0.01950469039861791
754,75.4,1,0.2,-3.634492070595476,0.9998099348172753,-0.0019008324740042483
754,75.4,2,0.3,-3.73424717300681,0.9946569802546775,-0.05357344723867717
755,75.5,0,0.1,-3.4624707712454565,1.0017829202143813,0.017813326987982006
755,75.5,1,0.2,-3.6348334304329475,0.999658698419169,-0.003413598374715415
755,75.5,2,0.3,-3.7397588517940483,0.9945034826465152,-0.055116787872385525
756,75.60000000000001,0,0.1,-3.4608604062904567,1.0016116622889444,0.016103649549997504
756,75.60000000000001,1,0.2,-3.635323252073346,0.9995102983026368,-0.0048982164039830505
756,75.60000000000001,2,0.3,-3.7454105959583672,0.9943641968959935,-0.056517441643184244
757,75.7,0,0.1,-3.4594224335744213,1.0014390070945447,0.01437972716035489
757,75.7,1,0.2,-3.6359584721879608,0.9993649815949699,-0.0063522011461495664
757,75.7,2,0.3,-3.7511888757407026,0.9942383823679832,-0.057782797823356886
758,75.8,0,0.1,-3.4581578367900505,1.0012653967240492,0.012645967843708136
758,75.8,1,0.2,-3.636735822602214,0.9992229516443063,-0.007773504142534635
758,75.8,2,0.3,-3.757081043362662,0.9941251571541538,-0.05892167621959545
759,75.9,0,0.1,-3.457067144166881,1.0010912876446774,0.010906926231694272
759,75.9,1,0.2,-3.6376518634091908,0.99908437863032,-0.009160408069765254
759,75.9,2,0.3,-3.763075416543582,0.9940235572289169,-0.05994373180919709
760,76.0,0,0.1,-3.4561504303978925,1.0009171340794805,0.009167137689885495
760,76.0,1,0.2,-3.6387030064741395,0.9989494091924054,-0.010511430649487494
760,76.0,2,0.3,-3.7691612921728015,0.9939326058009658,-0.06085875629219819
761,76.10000000000001,0,0.1,-3.455407332307716,1.000743374255964,0.0074309809017630065
761,76.10000000000001,1,0.2,-3.6398855329813595,0.9988181724017302,-0.0118252650721996
761,76.10000000000001,2,0.3,-3.775328889960099,0.9938513828023403,-0.06167597787296948
762,76.2,0,0.1,-3.45483707561134,1.000570419323638,0.005702566963763691
762,76.2,1,0.2,-3.641195610130367,0.9986907806274353,-0.013100771490074015
762,76.2,2,0.3,-3.7815692380058032,0.9937790824873887,-0.06240348045704635
763,76.3,0,0.1,-3.4544385105502693,1.0003986444986779,0.00398565061070522
763,76.3,1,0.2,-3.642629312133982,0.9985673252561155,-0.014337020036153374
763,76.3,2,0.3,-3.7878740237504953,0.99371504771316,-0.06304785744692423
764,76.4,0,0.1,-3.4542101547057764,1.0002283819196733,0.0022835584449285846
764,76.4,1,0.2,-3.644182649516678,0.9984478684213953,-0.015533373826957861
764,76.4,2,0.3,-3.7942354419251263,0.9936587728088486,-0.06361418174630441
765,76.5,0,0.1,-3.454150241725525,1.0000599147750695,0.0005991298025121224
765,76.5,1,0.2,-3.6458516088544313,0.9983324326004119,-0.016689593377533344
765,76.5,2,0.3,-3.8006460736997365,0.9936098724867778,-0.06410631774610574
766,76.60000000000001,0,0.1,-3.4542567749584037,0.9998934724415848,-0.0010653323287844942
766,76.60000000000001,1,0.2,-3.647632203130732,0.9982209900412061,-0.017805942763005768
766,76.60000000000001,2,0.3,-3.8070988271232045,0.9935680208820628,-0.06452753423467411
767,76.7,0,0.1,-3.454527585036523,0.9997292265876202,-0.002708100781192589
767,76.7,1,0.2,-3.6495205312944456,0.9981134536062145,-0.018883281637137556
767,76.7,2,0.3,-3.813586958506974,0.9935328710938306,-0.0648813138377006
768,76.8,0,0.1,-3.4549603903033557,0.999567288379856,-0.004328052668327833
768,76.8,1,0.2,-3.6515128446336167,0.9980096699996867,-0.01992313339171161
768,76.8,2,0.3,-3.8201041793915165,0.9935039701389685,-0.06517220884542689
769,76.9,0,0.1,-3.4555528587449125,0.9994077070332144,-0.005924684415567533
769,76.9,1,0.2,-3.6536056171827624,0.997909415772506,-0.02092772549145571
769,76.9,2,0.3,-3.826644836927814,0.9934806860052549,-0.06540657536297065
770,77.0,0,0.1,-3.456302669843509,0.9992504699394988,-0.007498110985966626
770,77.0,1,0.2,-3.6557956173117145,0.9978123961717115,-0.02190000128952221
770,77.0,2,0.3,-3.833204140086939,0.9934621621117928,-0.06559303159125492
771,77.10000000000001,0,0.1,-3.4572075746411883,0.999095504505198,-0.00904904797679163
771,77.10000000000001,1,0.2,-3.658079977596736,0.9977182468803215,-0.022843602850211305
771,77.10000000000001,2,0.3,-3.8397783929538907,0.9934473102537481,-0.06574252866950897
772,77.2,0,0.1,-3.4582654523371237,0.998942681659414,-0.0105787769593541
772,77.2,1,0.2,-3.66045625984551,0.9976265388748511,-0.023762822487741992
772,77.2,2,0.3,-3.8463651914359844,0.9934348469243097,-0.06586798482094133
773,77.3,0,0.1,-3.4594743619624913,0.9987918208114999,-0.0120890962536764
773,77.3,1,0.2,-3.6629225117350233,0.9975367868110974,-0.02466251889513467
773,77.3,2,0.3,-3.852963541719761,0.9934233710282571,-0.06598350283776908
774,77.4,0,0.1,-3.4608325880342994,0.9986426958997605,-0.01358226071808017
774,77.4,1,0.2,-3.6654773111309784,0.9974484613265998,-0.02554799395954936
774,77.4,2,0.3,-3.859573867115992,0.9934114747429041,-0.06610325396230513
775,77.5,0,0.1,-3.462338679502235,0.9984950421186528,-0.01506091467935541
775,77.5,1,0.2,-3.6681197941094537,0.9973610053064161,-0.02642482978475397
775,77.5,2,0.3,-3.8661978828254524,0.9933978747217437,-0.06624015709460739
776,77.60000000000001,0,0.1,-3.463991481670262,0.9983485629572788,-0.0165280216802696
776,77.60000000000001,1,0.2,-3.670849663280693,0.9972738535333373,-0.027298691712391746
776,77.60000000000001,2,0.3,-3.872838333288486,0.9933815486066306,-0.06640450463032954
777,77.7,0,0.1,-3.4657901610140085,0.998202937310518,-0.017986793437466588
777,77.7,1,0.2,-3.6736671743243856,0.9971864544154323,-0.028175110436927046
777,77.7,2,0.3,-3.8794986016967052,0.9933618620206263,-0.06660268408219695
778,77.8,0,0.1,-3.4677342228854764,0.9980578265928503,-0.019440618714680055
778,77.8,1,0.2,-3.676573100529292,0.9970982919118132,-0.02905926204906427
778,77.8,2,0.3,-3.886182213873958,0.993338673481408,-0.06683612177253043
779,77.9,0,0.1,-3.4698235220154396,0.997912881936233,-0.020892991299630733
779,77.9,1,0.2,-3.679568677196583,0.9970089055957225,-0.029955766672908557
779,77.9,2,0.3,-3.8928922677128415,0.9933124083035678,-0.06710053838882996
780,78.0,0,0.1,-3.4720582655633403,0.9977677516324195,-0.022347435479007798
780,78.0,1,0.2,-3.682655529513575,0.9969179071131423,-0.030868523169924146
780,78.0,2,0.3,-3.899630824150609,0.9932840967219062,-0.06738556437767712
781,78.10000000000001,0,0.1,-3.474439008331658,0.9976220889521018,-0.023807427683173645
781,78.10000000000001,1,0.2,-3.685835588497182,0.9968249920483511,-0.03180058983606577
781,78.10000000000001,2,0.3,-3.906398296510297,0.9932553754117739,-0.06767472359687643
782,78.2,0,0.1,-3.4769666397668275,0.9974755603353934,-0.025276314351697964
782,78.2,1,0.2,-3.6891109996402593,0.9967299471641847,-0.03275411143077464
782,78.2,2,0.3,-3.913192872689641,0.9932284547620347,-0.06794576179344367
783,78.3,0,0.1,-3.4796423625897943,0.9973278537326776,-0.026757228229669493
783,78.3,1,0.2,-3.692484028083706,0.9966326538263791,-0.03373028443446749
783,78.3,2,0.3,-3.9200100001898144,0.9932060564010518,-0.06817127500173768
784,78.4,0,0.1,-3.4824676633546408,0.9971786866412684,-0.028253007648461982
784,78.4,1,0.2,-3.695956962888281,0.9965330888582232,-0.034729348045747045
784,78.4,2,0.3,-3.926841958380276,0.9931913265788634,-0.0683195819046109
785,78.5,0,0.1,-3.4854442758711635,0.9970278132022085,-0.029766125165228724
785,78.5,1,0.2,-3.699532021852486,0.9964313239503961,-0.03575058964205383
785,78.5,2,0.3,-3.9336775365448324,0.9931877312584977,-0.06835578164556766
786,78.60000000000001,0,0.1,-3.4885741391330827,0.9968750296540496,-0.03129863261918952
786,78.60000000000001,1,0.2,-3.7032112578303527,0.9963275241176204,-0.03679235977866255
786,78.60000000000001,2,0.3,-3.94050183070263,0.993198938458801,-0.06824294157797035
787,78.7,0,0.1,-3.491859352020783,0.9967201775196641,-0.03285212887700526
787,78.7,1,0.2,-3.7069964679207383,0.9962219447869103,-0.03785210090385897
787,78.7,2,0.3,-3.947296167196241,0.9932286928247531,-0.06794336493611328
788,78.8,0,0.1,-3.495302127454866,0.996563144122079,-0.034427754340830855
788,78.8,1,0.2,-3.7108891081482556,0.996114926275378,-0.038926402275174514
788,78.8,2,0.3,-3.9540381565918494,0.9932806868253312,-0.06741989395608822
789,78.9,0,0.1,-3.4989047487678273,0.9964038603412161,-0.036026213129611
789,78.9,1,0.2,-3.7148902179050425,0.9960068840179787,-0.04001109756786572
789,78.9,2,0.3,-3.9607018774004055,0.9933584325437196,-0.06663720808555472
790,79.0,0,0.1,-3.50266953081133,0.99624229586337,-0.03764782043502937
790,79.0,1,0.2,-3.7190003598169223,0.9958982931609822,-0.04110141911880095
790,79.0,2,0.3,-3.967258185314256,0.9934651377790956,-0.06556307913851019
791,79.10000000000001,0,0.1,-3.506598787780209,0.9960784524605363,-0.039292569688785785
791,79.10000000000001,1,0.2,-3.7232195811633346,0.9957896670628568,-0.042192213464119235
791,79.10000000000001,2,0.3,-3.9736751399065526,0.9936035900925643,-0.06416954592295973
792,79.2,0,0.1,-3.5106948090293733,0.9959123560041668,-0.04096021249164539
792,79.2,1,0.2,-3.727547402045802,0.9956815306388942,-0.0432782088246755
792,79.2,2,0.3,-3.9799185369856187,0.9937760524264315,-0.062433970790664255
793,79.3,0,0.1,-3.514959843433333,0.995744047938518,-0.042650344039601086
793,79.3,1,0.2,-3.7319828330568043,0.9955743909861616,-0.04435431011002663
793,79.3,2,0.3,-3.985952531047638,0.993984173919952,-0.06033994062019664
794,79.4,0,0.1,-3.5193960922243317,0.9955735768256727,-0.04436248790998198
794,79.4,1,0.2,-3.736524421559834,0.9954687089152592,-0.045415885030291606
794,79.4,2,0.3,-3.9917403286200797,0.9942289194607773,-0.0578779757244114
795,79.5,0,0.1,-3.5240057098269397,0.9954009903787747,-0.046096176026082916
795,79.5,1,0.2,-3.741170321510699,0.9953648755485557,-0.046458999508652156
795,79.5,2,0.3,-3.997244929889787,0.9945105212872558,-0.05504601269707845
796,79.60000000000001,0,0.1,-3.5287908119939546,0.9952263281952745,-0.047851021670144794
796,79.60000000000001,1,0.2,-3.7459183778697858,0.9952631978416023,-0.04748056359086523
796,79.60000000000001,2,0.3,-4.002429893080681,0.9948284555288787,-0.051849631908931236
797,79.7,0,0.1,-3.5337534904774834,0.9950496152602964,-0.049626784835291086
797,79.7,1,0.2,-3.750766213884647,0.9951638957765624,-0.048478360148614376
797,79.7,2,0.3,-4.00726009388204,0.9951814458590831,-0.04830200801359927
798,79.8,0,0.1,-3.538895833428397,0.9948708562599503,-0.0514234295091394
798,79.8,1,0.2,-3.755711308448545,0.9950671122865924,-0.04945094563898526
798,79.8,2,0.3,-4.011702451220153,0.9955674953361476,-0.04442357338113187
799,79.9,0,0.1,-3.5442199505867316,0.9946900308337648,-0.0532411715833402
799,79.9,1,0.2,-3.7607510516040366,0.9949729350428158,-0.050397431554909534
799,79.9,2,0.3,-4.015726591286422,0.99598394593533,-0.040241400662687124
800,80.0,0,0.1,-3.5497280020207143,0.9945070900685034,-0.0550805143398301
800,80.0,1,0.2,-3.7658827689281402,0.9948814274425557,-0.0513171732410396
800,80.0,2,0.3,-4.019305424463589,0.996427563213475,-0.03578833177166655
801,80.10000000000001,0,0.1,-3.5554222286792507,0.9943219547220313,-0.05694226658535986
801,80.10000000000001,1,0.2,-3.77110370956117,0.9947926647895181,-0.05220940633029246
801,80.10000000000001,2,0.3,-4.022415614965741,0.9968946411299311,-0.031101905021519563
802,80.2,0,0.1,-3.5613049824131906,0.9941345157811113,-0.05882753733940206
802,80.2,1,0.2,-3.7764109973853333,0.9947067709455524,-0.053072878241636444
802,80.2,2,0.3,-4.025037930622288,0.9973811196097141,-0.026223156565469523
803,80.3,0,0.1,-3.5673787525389766,0.9939446379283654,-0.06073770125786372
803,80.3,1,0.2,-3.781801549625176,0.9946239507155342,-0.05390552239842834
803,80.3,2,0.3,-4.027157469758577,0.9978827055006405,-0.021195391362890486
804,80.4,0,0.1,-3.5736461856469135,0.9937521662836093,-0.06267433107936336
804,80.4,1,0.2,-3.7872719712940275,0.994544513840843,-0.05470421668851233
804,80.4,2,0.3,-4.028763772415359,0.9983949867568419,-0.0160630265678194
805,80.5,0,0.1,-3.5801100953662215,0.9935569364051157,-0.0646390971930836
805,80.5,1,0.2,-3.7928184369534974,0.9944688875826608,-0.055464656594702386
805,80.5,2,0.3,-4.0298508325586155,0.9989135304925826,-0.010870601432567191
806,80.60000000000001,0,0.1,-3.586773459299634,0.9933587870487162,-0.06663363933411813
806,80.60000000000001,1,0.2,-3.79843657287155,0.9943976162943817,-0.05618135918052013
806,80.60000000000001,2,0.3,-4.030417034620626,0.9994339582001283,-0.005662020620106972
807,80.7,0,0.1,-3.593639401342404,0.9931575746850204,-0.06865942042770302
807,80.7,1,0.2,-3.8041213527355597,0.9943313479215988,-0.0568477986401016
807,80.7,2,0.3,-4.030465040124006,0.9999519956488664,-0.000480055033795806
808,80.8,0,0.1,-3.6007111590038154,0.9929531883780464,-0.07071757661412062
808,80.8,1,0.2,-3.809867018665712,0.9942708088403933,-0.05745665930152793
808,80.8,2,0.3,-4.030001647498667,1.0004635000082884,0.004633926253392581
809,80.9,0,0.1,-3.6079920369569027,0.9927455634277242,-0.07280877953086674
809,80.9,1,0.2,-3.8156670366254333,0.9942167696725747,-0.05800017959720576
809,80.9,2,0.3,-4.029037640878035,1.0009644714243597,0.009640066206317032
810,81.0,0,0.1,-3.6154853496001227,0.9925346922305486,-0.07493312643220378
810,81.0,1,0.2,-3.8215140918398056,0.9941700055450379,-0.058470552143726755
810,81.0,2,0.3,-4.027587633235479,1.0014510594119344,0.014500076425561772
811,81.10000000000001,0,0.1,-3.6231943566656004,0.9923206311202606,-0.07709007065477066
811,81.10000000000001,1,0.2,-3.8274001260227046,0.9941312545789228,-0.05886034182898512
811,81.10000000000001,2,0.3,-4.025669898182718,1.0019195750826686,0.019177350527604418
812,81.2,0,0.1,-3.6311221966451184,0.9921035024632054,-0.0792783997951841
812,81.2,1,0.2,-3.8333164146276597,0.9941011781673419,-0.05916288604955414
812,81.2,2,0.3,-4.0233061758801,1.002366518096573,0.023637223026186326
813,81.3,0,0.1,-3.639271822912717,0.9918834919085662,-0.08149626267599094
813,81.3,1,0.2,-3.839253679459116,0.9940803258945656,-0.059372648314565166
813,81.3,2,0.3,-4.02052143412105,1.0027886227540688,0.027847417590500162
814,81.4,0,0.1,-3.647645946899965,0.9916608413196849,-0.08374123987247191
814,81.4,1,0.2,-3.845202230117197,0.9940691069396642,-0.05948550658080468
814,81.4,2,0.3,-4.017343566940068,1.0031829219539397,0.031778671809818484
815,81.5,0,0.1,-3.656246991633152,0.9914358384317311,-0.08601044733187502
815,81.5,1,0.2,-3.851152126950432,0.9940677687494317,-0.05949896833235329
815,81.5,2,0.3,-4.013803019770947,1.0035468223098742,0.03540547169120979
816,81.60000000000001,0,0.1,-3.6650770575585137,0.9912088046128191,-0.08830065925360976
816,81.60000000000001,1,0.2,-3.857093358231158,0.9940763829332026,-0.05941231280725594
816,81.60000000000001,2,0.3,-4.009932340579928,1.0038781799442664,0.038706791910186916
817,81.7,0,0.1,-3.674137901089213,0.9909800822115201,-0.09060843530699873
817,81.7,1,0.2,-3.863016024710663,0.9940948379349567,-0.059226664795052376
817,81.7,2,0.3,-4.005765667962618,1.0041753652666083,0.041666726173102
818,81.8,0,0.1,-3.683430924926951,0.9907500228604217,-0.0929302383773853
818,81.8,1,0.2,-3.8689105250504032,0.994122838143428,-0.05894500339740707
818,81.8,2,0.3,-4.001338177228355,1.0044373065524987,0.04427490734262992
819,81.9,0,0.1,-3.6929571781160546,0.9905189778195145,-0.09526253189102794
819,81.9,1,0.2,-3.874767735470498,0.9941599095953717,-0.05857210420094405
819,81.9,2,0.3,-3.996685511904103,1.004663505777375,0.046526653242518395
820,82.0,0,0.1,-3.702717363079979,0.9902872910575438,-0.09760184963924723
820,82.0,1,0.2,-3.8805791761910036,0.994205413037109,-0.058114407205057644
820,82.0,2,0.3,-3.9918432298719457,1.004854024826119,0.048422820321574724
821,82.10000000000001,0,0.1,-3.7127118465883306,0.9900552953658716,-0.09994483508351007
821,82.10000000000001,1,0.2,-3.8863371561033992,0.994258565482691,-0.05757979912395192
821,82.10000000000001,2,0.3,-3.986846290726567,1.0050094446668898,0.0499693914537815
822,82.2,0,0.1,-3.7229406716512194,0.9898233114516752,-0.10228825062889384
822,82.2,1,0.2,-3.892034886148851,0.994318471233608,-0.05697730045452034
822,82.2,2,0.3,-3.9817286050796192,1.0051308033680495,0.05117685646948213
823,82.3,0,0.1,-3.7334035676286614,0.9895916497176124,-0.10462895977442584
823,82.3,1,0.2,-3.8976665517937796,0.9943841624572404,-0.05631665644928994
823,82.3,2,0.3,-3.976522659088922,1.0052195204733112,0.052059459906973096
824,82.4,0,0.1,-3.7440999562446757,0.9893606143257919,-0.10696388616013384
824,82.4,1,0.2,-3.9032273363902155,0.9944546479472932,-0.055607845964353565
824,82.4,2,0.3,-3.971259220021031,1.0052773152981838,0.052634390678907246
825,82.5,0,0.1,-3.755028951586363,0.9891305091558263,-0.10928995341687742
825,82.5,1,0.2,-3.9087133903739826,0.9945289669293226,-0.054860539837674256
825,82.5,2,0.3,-3.9659671222720716,1.0053061256329794,0.05292097748959747
826,82.60000000000001,0,0.1,-3.7661893524620877,0.9889016453633175,-0.11160400875723944
826,82.60000000000001,1,0.2,-3.914121746005627,0.9946062431932721,-0.05408355631643751
826,82.60000000000001,2,0.3,-3.9606731284794687,1.0053080317390757,0.05293993792602417
827,82.7,0,0.1,-3.777579625659301,0.9886743503717886,-0.11390273197213956
827,82.7,1,0.2,-3.9194501830454946,0.9946857338999502,-0.05328437039868154
827,82.7,2,0.3,-3.955401857168828,1.0052851889049819,0.05271271310640946
828,82.8,0,0.1,-3.7891978787113274,0.988448978228064,-0.11618253052027011
828,82.8,1,0.2,-3.9246970564043164,0.9947668674386211,-0.05246873358822089
828,82.8,2,0.3,-3.9501757665654122,1.0052397704352116,0.05226090603416131
829,82.9,0,0.1,-3.8010418208347962,0.9882259212677054,-0.11843942123467832
829,82.9,1,0.2,-3.929861101386573,0.994849265775725,-0.05164044982256314
829,82.9,2,0.3,-3.9450151835328864,1.0051739217765046,0.05160583032525427
830,83.0,0,0.1,-3.813108710845388,0.9880056229449938,-0.12066890010592488
830,83.0,1,0.2,-3.9349412348140786,0.9949327486268983,-0.05080133427505751
830,83.0,2,0.3,-3.939938366987485,1.005089725414594,0.050768165454016634
831,83.10000000000001,0,0.1,-3.825395291206111,0.987788591484489,-0.12286580360722006
831,83.10000000000001,1,0.2,-3.9399363706550306,0.9950173191034072,-0.04995135840951477
831,83.10000000000001,2,0.3,-3.934961596561651,1.0049891751176667,0.04976770425833463
832,83.2,0,0.1,-3.8378977079781236,0.9875754137463773,-0.1250241677201318
832,83.2,1,0.2,-3.944845266833577,0.9951031327613115,-0.04908896178546675
832,83.2,2,0.3,-3.930099279659323,1.0048741571477207,0.04862316902328355
833,83.3,0,0.1,-3.8506114173297976,0.987366768432976,-0.12713709351674762
833,83.3,1,0.2,-3.949666416093681,0.9951904538257644,-0.048211492601042925
833,83.3,2,0.3,-3.925364072986654,1.0047464354803644,0.047352066726691816
834,83.4,0,0.1,-3.863531080332235,0.9871634375814589,-0.12919663002436418
834,83.4,1,0.2,-3.9543979887912153,0.9952796035585243,-0.04731572697533922
834,83.4,2,0.3,-3.920767017447922,1.0046076382087048,0.0459705553873185
835,83.5,0,0.1,-3.876650448866813,0.9869663152657104,-0.13119368534578815
835,83.5,1,0.2,-3.9590378299601823,0.9953709062655148,-0.046398411689672486
835,83.5,2,0.3,-3.9163176870403817,1.0044592433746469,0.044493304075403944
836,83.60000000000001,0,0.1,-3.8899622463794574,0.9867764126182507,-0.13311797512643084
836,83.60000000000001,1,0.2,-3.9635835074922263,0.9954646384231474,-0.04545677532043658
836,83.60000000000001,2,0.3,-3.9120243522278804,1.0043025643782189,0.04293334812501015
837,83.7,0,0.1,-3.9034580477195493,0.9865948586853152,-0.1349580134009264
837,83.7,1,0.2,-3.9680324031774816,0.9955609859915394,-0.04448895685255558
837,83.7,2,0.3,-3.907894155862565,1.004138737380966,0.04130196365315765
838,83.8,0,0.1,-3.917128162232193,0.9864228971934865,-0.13670114512644438
838,83.8,1,0.2,-3.972381833982337,0.9956600142707785,-0.04349430804855528
838,83.8,2,0.3,-3.9039332954777795,1.003968714959146,0.039608603847856055
839,83.9,0,0.1,-3.930961523565819,0.9862618799345109,-0.13833361333624936
839,83.9,1,0.2,-3.97662918760427,0.9957616536276247,-0.042473536219325966
839,83.9,2,0.3,-3.9001472009525613,1.0037932708349657,0.03786094525217842
840,84.0,0,0.1,-3.9449455883787765,0.9861132580368724,-0.13984064812958236
840,84.0,1,0.2,-3.9807720544506306,0.9958657029878472,-0.04142866846361017
840,84.0,2,0.3,-3.896540692979376,1.0036130192483677,0.03606507973185496
841,84.10000000000001,0,0.1,-3.9590662444736355,0.9859785727614836,-0.14120656094857814
841,84.10000000000001,1,0.2,-3.9848083382003376,0.9959718510950194,-0.040362837497066484
841,84.10000000000001,2,0.3,-3.8931181072984584,1.0034284494150918,0.03422585680917286
842,84.2,0,0.1,-3.973307727143225,0.9858594475446706,-0.14241482669590166
842,84.2,1,0.2,-3.988736329401934,0.9960797132648503,-0.03927991201596594
842,84.2,2,0.3,-3.889883373476863,1.0032399712187166,0.03234733821595632
843,84.3,0,0.1,-3.987652540991619,0.9857575827888133,-0.14344813848394738
843,84.3,1,0.2,-3.992554731213441,0.9961888790147018,-0.03818401811507272
843,84.3,2,0.3,-3.8868400450594014,1.0030479640427736,0.030433284174617502
844,84.4,0,0.1,-4.002081383460475,0.9856747544190463,-0.14428842468855332
844,84.4,1,0.2,-3.9962626329799424,0.9962989640127539,-0.037079017665010594
844,84.4,2,0.3,-3.883991288698625,1.0028528179230625,0.028487563607761737
845,84.5,0,0.1,-4.016573065895973,0.9856128165964649,-0.14491682435498746
845,84.5,1,0.2,-3.9998594348959533,0.9964096588276742,-0.03596801916011066
845,84.5,2,0.3,-3.8813398506767456,1.0026549561923879,0.026514380218795437
846,84.60000000000001,0,0.1,-4.031104428237244,0.9855737083486856,-0.14531362341269377
846,84.60000000000001,1,0.2,-4.003344734107246,0.9965207673939785,-0.03485299211292739
846,84.60000000000001,2,0.3,-3.878888026860893,1.0024548319938695,0.02451823815852418
847,84.7,0,0.1,-4.045650244164126,0.985559463377661,-0.1454581592688336
847,84.7,1,0.2,-4.006718187765671,0.9966322300433376,-0.03373453658424644
847,84.7,2,0.3,-3.876637663846435,1.0022528969817321,0.022503630144582624
848,84.8,0,0.1,-4.0601831146072405,0.9855722220042795,-0.14532870443114848
848,84.8,1,0.2,-4.009979370585713,0.996744129060744,-0.032611828200421376
848,84.8,2,0.3,-3.8745902134895402,1.0020495478146125,0.02047450356894692
849,84.9,0,0.1,-4.0746733487074485,0.9856142440953237,-0.14490234100206764
849,84.9,1,0.2,-4.0131276429114715,0.9968566782869046,-0.03148272325758492
849,84.9,2,0.3,-3.8727468508106373,1.0018450627163207,0.018433626789027917
850,85.0,0,0.1,-4.089088832525599,0.9856879217917491,-0.14415483818151317
850,85.0,1,0.2,-4.016162040663754,0.9969702013795365,-0.030343977522823754
850,85.0,2,0.3,-3.8711086489160516,1.0016395444803514,0.016382018945858376
851,85.10000000000001,0,0.1,-4.103394887110209,0.9857957907674433,-0.14306054584608877
851,85.10000000000001,1,0.2,-4.0190811921230205,0.9970851051204799,-0.029191514592665512
851,85.10000000000001,2,0.3,-3.8696767880280007,1.0014328864903004,0.014318608880506845
852,85.2,0,0.1,-4.1175541191382345,0.9859405384515663,-0.14159232028026297
852,85.2,1,0.2,-4.021883260121401,0.9972018541299414,-0.028020679983803903
852,85.2,2,0.3,-3.8684527631102754,1.001224774341965,0.012240249177254
853,85.3,0,0.1,-4.131526269529565,0.9861250070759923,-0.13972150391331167
853,85.3,1,0.2,-4.024565903609724,0.997320951584235,-0.02682643488323297
853,85.3,2,0.3,-3.8674385492033765,1.0010147283957427,0.010142139068989885
854,85.4,0,0.1,-4.145268068418416,0.986352188617804,-0.13741798888850348
854,85.4,1,0.2,-4.027126250869511,0.9974429276337072,-0.025603472597868254
854,85.4,2,0.3,-3.8666366868644633,1.0008021839164662,0.00801862338913149
855,85.5,0,0.1,-4.158733108664701,0.9866252078890979,-0.13465040246285354
855,85.5,1,0.2,-4.02956087802688,0.9975683341436199,-0.0243462715736889
855,85.5,2,0.3,-3.866050261221429,1.0005865976241684,0.005864256430343828
856,85.60000000000001,0,0.1,-4.171871754421831,0.9869472894797828,-0.13138645757128964
856,85.60000000000001,1,0.2,-4.031865790169067,0.9976977421281263,-0.023049121421870024
856,85.60000000000001,2,0.3,-3.8656827643079823,1.00036756444871,0.003674969134465875
857,85.7,0,0.1,-4.1846311055339855,0.9873217043038359,-0.1275935111215515
857,85.7,1,0.2,-4.034036406748089,0.9978317375055652,-0.0217061657902219
857,85.7,2,0.3,-3.8655378476683224,1.0001449271405833,0.001449166396598838
858,85.8,0,0.1,-4.196955041862859,0.9877516923745316,-0.12323936328874109
858,85.8,1,0.2,-4.036067556419768,0.997970911716916,-0.02031149671679282
858,85.8,2,0.3,-3.865618986914062,0.99991886404596,-0.0008113924573960779
859,85.9,0,0.1,-4.208784373129224,0.9882403602009096,-0.11829331266364086
859,85.9,1,0.2,-4.037953487796966,0.9981158458739479,-0.018859313771980083
859,85.9,2,0.3,-3.865929089366367,0.9996899456244908,-0.003101024523050901
860,86.0,0,0.1,-4.220057118762787,0.9887905536878445,-0.11272745633563483
860,86.0,1,0.2,-4.039687901447428,0.9982670895756964,-0.017344136504614402
860,86.0,2,0.3,-3.8664700793232845,0.9994591563517643,-0.005409899569173457
861,86.10000000000001,0,0.1,-4.2307089382451615,0.9894047102538809,-0.10651819482373684
861,86.10000000000001,1,0.2,-4.041264005453031,0.9984251373940376,-0.015761040056031284
861,86.10000000000001,2,0.3,-3.86724249387139,0.9992278836872194,-0.007724145481055497
862,86.2,0,0.1,-4.240673725687812,0.9900846965495178,-0.0996478744265129
862,86.2,1,0.2,-4.042674593273361,0.9985904065910465,-0.014105878203301805
862,86.2,2,0.3,-3.8682451177327613,0.9989978785979927,-0.01002623861371234
863,86.3,0,0.1,-4.2498843735937255,0.9908316401783652,-0.09210647905913828
863,86.3,1,0.2,-4.043912139989075,0.9987632187294323,-0.012375467157142588
863,86.3,2,0.3,-3.869474680855148,0.9987711924806302,-0.012295631223869374
864,86.4,0,0.1,-4.258273700918575,0.9916457648797344,-0.0838932732484849
864,86.4,1,0.2,-4.044968912281298,0.9989437858949726,-0.010567722922231392
864,86.4,2,0.3,-3.870925639026399,0.9985500939596288,-0.014509581712508364
865,86.5,0,0.1,-4.265775530725367,0.9925262386862234,-0.07501829806793019
865,86.5,1,0.2,-4.045837088931555,0.9991322001060526,-0.008681766502567849
865,86.5,2,0.3,-3.872590056071725,0.9983369673285598,-0.016644170453258115
866,86.60000000000001,0,0.1,-4.272325893709125,0.9934710438774448,-0.06550362983756994
866,86.60000000000001,1,0.2,-4.046508891476133,0.9993284230642271,-0.006718025445779357
866,86.60000000000001,2,0.3,-3.874457605102256,0.998134193754079,-0.018675490305309423
867,86.7,0,0.1,-4.277864325990119,0.9944768765597066,-0.055384322809940253
867,86.7,1,0.2,-4.046976727553823,0.9995322733405438,-0.004678360776902135
867,86.7,2,0.3,-3.876515703849248,0.997944017686042,-0.02058098746992371
868,86.8,0,0.1,-4.282335222703728,0.9955390828670045,-0.04470896713609816
868,86.8,1,0.2,-4.047233350989201,0.9997434094895995,-0.0025662343537737123
868,86.8,2,0.3,-3.8787497933502624,0.9977684042195245,-0.022340895010143517
869,86.9,0,0.1,-4.285689202661923,0.9966516383495994,-0.03353979958194911
869,86.9,1,0.2,-4.047272041797801,0.9999613099398788,-0.0003869080860052446
869,86.9,2,0.3,-3.881143759082173,0.9976088975187551,-0.02393965731910326
870,87.0,0,0.1,-4.287884433442246,0.9978071769765844,-0.021952307803224796
870,87.0,1,0.2,-4.047086806028161,1.0001852529268445,0.001852357696403678
870,87.0,2,0.3,-3.8836804795409905,0.9974664942976382,-0.025367204588177317
871,87.10000000000001,0,0.1,-4.288887860879245,0.9989970758279675,-0.010034274369993523
871,87.10000000000001,1,0.2,-4.046672590557014,1.0004143012702216,0.00414215471146804
871,87.10000000000001,2,0.3,-3.8863424713608845,0.9973415481385203,-0.026619918198937893
872,87.2,0,0.1,-4.2886762830048,1.0002116002586223,0.002115778744453798
872,87.2,1,0.2,-4.04602550312568,1.000647296837572,0.006470874313340515
872,87.2,2,0.3,-3.8891125855665556,0.9972337190203767,-0.02770114205671239
873,87.3,0,0.1,-4.287237207558538,1.001440111412217,0.014390754462621766
873,87.3,1,0.2,-4.045143024571223,1.0008828680532234,0.008824785544572724
873,87.3,2,0.3,-3.8919746998409606,0.9971419776698535,-0.028621142744051326
874,87.4,0,0.1,-4.284569436052005,1.0026713331754744,0.02667771506532851
874,87.4,1,0.2,-4.044024199317481,1.0011194513721997,0.011188252537416444
874,87.4,2,0.3,-3.894914349227049,0.9970646671524289,-0.029396493860882326
875,87.5,0,0.1,-4.280683327409178,1.0038936693537608,0.03886108642827012
875,87.5,1,0.2,-4.042669791766992,1.0013553251746277,0.013544075504895108
875,87.5,2,0.3,-3.8979192432139262,0.9969996161883953,-0.030048939868773702
876,87.60000000000001,0,0.1,-4.275600710775774,1.005095555040358,0.05082616633403269
876,87.60000000000001,1,0.2,-4.0410823993861005,1.0015886529550966,0.01587392380890982
876,87.60000000000001,2,0.3,-3.900979629472554,0.9969442919498063,-0.03060386258627551
877,87.7,0,0.1,-4.269354439113243,1.0062658202982067,0.06246271662531022
877,87.7,1,0.2,-4.039266516618349,1.0018175324812761,0.01815882767752012
877,87.7,2,0.3,-3.9040884808470766,0.9968959760999825,-0.031088513745227243
878,87.8,0,0.1,-4.261987600188482,1.007394040838979,0.07366838924761396
878,87.8,1,0.2,-4.03722854604799,1.0020400486438263,0.020379705703589317
878,87.8,2,0.3,-3.9072414991967848,0.9968519471924623,-0.03153018349708338
879,87.9,0,0.1,-4.253552426132856,1.0084708503777446,0.08435174055625608
879,87.9,1,0.2,-4.034976753938926,1.0022543292969646,0.022517921090637074
879,87.9,2,0.3,-3.9104369444090215,0.9968096547891108,-0.03195445212236419
880,88.0,0,0.1,-4.244108963344529,1.0094881929747859,0.09443462788327399
880,88.0,1,0.2,-4.032521166866879,1.0024586044953248,0.024555870720474333
880,88.0,2,0.3,-3.9136753077658084,0.99676687448629,-0.03238363356787139
881,88.10000000000001,0,0.1,-4.233723578341126,1.0104395002880178,0.10385385003402806
881,88.10000000000001,1,0.2,-4.029873405953817,1.0026512693277858,0.026477609130617325
881,88.10000000000001,2,0.3,-3.916958855849623,0.9967218368646699,-0.03283548083814201
882,88.2,0,0.1,-4.222467380780923,1.0113197869194528,0.11256197560202992
882,88.2,1,0.2,-4.027046456788718,1.002830948753879,0.02826949165098452
882,88.2,2,0.3,-3.9202910755659954,0.9966733259662256,-0.033322197163727314
883,88.3,0,0.1,-4.21041464237528,1.0121256653524708,0.12052738405643712
883,88.3,1,0.2,-4.02405437759346,1.0029965599320059,0.02992079195258405
883,88.3,2,0.3,-3.9236760543068585,0.9966207438409148,-0.03384978740863268
884,88.4,0,0.1,-4.197641281278788,1.012855288932995,0.1277336109649132
884,88.4,1,0.2,-4.020911955588499,1.0031473645888622,0.03142422004960908
884,88.4,2,0.3,-3.9271178329115908,0.9965641375259661,-0.03441778604731977
885,88.5,0,0.1,-4.184223468048394,1.0135082360592667,0.13417813230394468
885,88.5,1,0.2,-4.01763433052321,1.0032830023516282,0.03277625065289245
885,88.5,2,0.3,-3.9306197728429364,0.996504184708836,-0.035019399313458204
886,88.60000000000001,0,0.1,-4.170236393860982,1.0140853509765817,0.1398707418741077
886,88.60000000000001,1,0.2,-4.01423661260816,1.0034034967016068,0.03397717915049435
886,88.60000000000001,2,0.3,-3.934183981538362,0.9964421355567356,-0.03564208695425426
887,88.7,0,0.1,-4.1557532264472234,1.0145885566582837,0.14483167413759482
887,88.7,1,0.2,-4.01073352695021,1.0035092286335427,0.035030856579505214
887,88.7,2,0.3,-3.9378108391180895,0.9963797115240901,-0.036268575797275666
888,88.8,0,0.1,-4.140844265526868,1.01502065386314,0.1490896092035672
888,88.8,1,0.2,-4.0071391159753365,1.003600878616801,0.03594410974873545
888,88.8,2,0.3,-3.9414986635978058,0.9963189671935823,-0.036878244797164825
889,88.9,0,0.1,-4.125576298074199,1.015385118326957,0.15267967452667483
889,88.9,1,0.2,-4.003466524538026,1.0036793436647702,0.036725914373102665
889,88.9,2,0.3,-3.9452435396874184,0.996262127213955,-0.03744876089612284
890,89.0,0,0.1,-4.110012144593626,1.0156859057542644,0.15564153480573492
890,89.0,1,0.2,-3.9997278805001604,1.0037456414850905,0.03738644037865714
890,89.0,2,0.3,-3.9490393191503355,0.9962114154016963,-0.037957794629173085
891,89.10000000000001,0,0.1,-4.0942103805349905,1.0159272721439299,0.15801764058634302
891,89.10000000000001,1,0.2,-3.995934269069429,1.0038008162824965,0.03793611430730991
891,89.10000000000001,2,0.3,-3.952877781309722,0.9961688953196762,-0.03838462159385997
892,89.2,0,0.1,-4.078225211765633,1.0161136150789547,0.15985168769358202
892,89.2,1,0.2,-3.9920957854577312,1.003845860024977,0.03838483611698025
892,89.2,2,0.3,-3.9567489244682275,0.9961363400568577,-0.03871143158505894
893,89.3,0,0.1,-4.062106479484661,1.0162493398453212,0.16118732280973297
893,89.3,1,0.2,-3.9882216405889244,1.003881659068605,0.038741448688071035
893,89.3,2,0.3,-3.960641346557233,0.996115143566429,-0.03892422089005753
894,89.4,0,0.1,-4.045899768091555,1.0163387524931122,0.16206711393104317
894,89.4,1,0.2,-3.9843202906550443,1.0039089701059631,0.03901349933879695
894,89.4,2,0.3,-3.9645426687932144,0.9961062780346988,-0.039013222359810536
895,89.5,0,0.1,-4.029646589348153,1.0163859801592072,0.16253178743403077
895,89.5,1,0.2,-3.9803995636057268,1.0039284231544374,0.039207270493177855
895,89.5,2,0.3,-3.968439959925845,0.9961102934501472,-0.038972911326309305
896,89.60000000000001,0,0.1,-4.0133846176865475,1.0163949171972853,0.1626197166160409
896,89.60000000000001,1,0.2,-3.9764667627820276,1.0039405444328882,0.03932800823698843
896,89.60000000000001,2,0.3,-3.972320128974458,0.9961273490802961,-0.038801690486126604
897,89.7,0,0.1,-3.9971479545400825,1.016369194076643,0.16236663146465916
897,89.7,1,0.2,-3.972528737343777,1.0039457896489674,0.03938025438250616
897,89.7,2,0.3,-3.9761702676605264,0.9961572635948993,-0.03850138686068535
898,89.8,0,0.1,-3.980967403724254,1.016312164832413,0.16180550815829284
898,89.8,1,0.2,-3.968591918081892,1.0039445787140147,0.03936819261885607
898,89.8,2,0.3,-3.9799779360699543,0.9961995715678706,-0.03807668409428139
899,89.9,0,0.1,-3.964870744602672,1.0162269082592317,0.16096659121580942
899,89.9,1,0.2,-3.9646623234751295,1.0039373255868715,0.03929594606762008
899,89.9,2,0.3,-3.9837313933070533,0.9962535781783866,-0.03753457237098647
900,90.0,0,0.1,-3.948882994392772,1.0161162381192224,0.1598775020990086
900,90.0,1,0.2,-3.9607455435190686,1.0039244605631483,0.03916779956061101
900,90.0,2,0.3,-3.987419777805891,0.9963184092360657,-0.03688384498837781
901,90.10000000000001,0,0.1,-3.933026654902327,1.0159827183264796,0.15856339490443608
901,90.10000000000001,1,0.2,-3.9568467083928556,1.0039064454711628,0.03898835126212697
901,90.10000000000001,2,0.3,-3.991033240505875,0.9963930579998915,-0.036134626999838854
902,90.2,0,0.1,-3.9173219418270637,1.0158286801874334,0.15704713075264115
902,90.2,1,0.2,-3.952970446938914,1.0038837838718504,0.03876261453941819
902,90.2,2,0.3,-3.9945630308924884,0.9964764320000802,-0.035297903866135856
903,90.3,0,0.1,-3.901786996330376,1.015656240049937,0.1553494549668865
903,90.3,1,0.2,-3.9491208380439575,1.0038570281566421,0.03849608894956665
903,90.3,2,0.3,-3.9980015340509087,0.9965674017236409,-0.0343850315842051
904,90.4,0,0.1,-3.886438079092981,1.0154673168606316,0.15348917237393533
904,90.4,1,0.2,-3.945301357718885,1.0038267838356274,0.03819480325072296
904,90.4,2,0.3,-4.001342258608905,0.9966648494534829,-0.03340724557996103
905,90.5,0,0.1,-3.8712897467097402,1.0152636499239152,0.1514833238324173
905,90.5,1,0.2,-3.9415148263904443,1.003793709295197,0.037865313284408605
905,90.5,2,0.3,-4.004579781105798,0.9967677126279302,-0.03237522496893425
906,90.60000000000001,0,0.1,-3.85635500968491,1.0150468174787548,0.14934737024829006
906,90.60000000000001,1,0.2,-3.937763363940916,1.0037585079923914,0.03751462449527967
906,90.60000000000001,2,0.3,-4.007709660135155,0.9968750139358855,-0.031298790293560856
907,90.7,0,0.1,-3.8416454707889334,1.0148182565714698,0.14709538895977428
907,90.7,1,0.2,-3.934048362880319,1.0037219102302453,0.037150010605972894
907,90.7,2,0.3,-4.010728340285216,0.9969858714837356,-0.030186801500617418
908,90.8,0,0.1,-3.8271714425227636,1.0145792842260937,0.14474028266170547
908,90.8,1,0.2,-3.93037049107274,1.003684643477328,0.03677871807578934
908,90.8,2,0.3,-4.013633067942828,0.9970994869819897,-0.029047276576116818
909,90.9,0,0.1,-3.812942043033357,1.014331119292244,0.142293994894055
909,90.9,1,0.2,-3.9267297335656357,1.0036473931151533,0.03640757507104154
909,90.9,2,0.3,-4.016421836186708,0.997215116757983,-0.0278876824387962
910,91.0,0,0.1,-3.7989652709755015,1.0140749037917292,0.13976772057856207
910,91.0,1,0.2,-3.923125478208352,1.0036107584962681,0.0360425535728413
910,91.0,2,0.3,-4.019093364360943,0.9973320371814679,-0.02671528174235479
911,91.10000000000001,0,0.1,-3.785248061292788,1.013811722258619,0.13717209682712447
911,91.10000000000001,1,0.2,-3.919556642922052,1.0035752111615097,0.03568835286299394
911,91.10000000000001,2,0.3,-4.021647102169821,0.9974495202055591,-0.025537378088775806
912,91.2,0,0.1,-3.7717963253743347,1.0135426175661577,0.1345173591845393
912,91.2,1,0.2,-3.916021835499566,1.0035410622219088,0.035348074224861095
912,91.2,2,0.3,-4.0240832328463165,0.997566834281677,-0.024361306764958676
913,91.3,0,0.1,-3.7586149802112474,1.0132686020594976,0.13181345163088082
913,91.3,1,0.2,-3.912519531613764,1.0035084441182838,0.03502303885802171
913,91.3,2,0.3,-4.026402640150825,0.9976832804422189,-0.02319407304508435
914,91.4,0,0.1,-3.7457079717822555,1.0129906633865844,0.1290700842899085
914,91.4,1,0.2,-3.9090482546898304,1.0034773087830733,0.0347127692393349
914,91.4,2,0.3,-4.028606803455447,0.9977982640795366,-0.02204163304621954
915,91.5,0,0.1,-3.7330782978256893,1.0127097651085704,0.1262967395656683
915,91.5,1,0.2,-3.9056067427995678,1.0034474406917038,0.03441511890262845
915,91.5,2,0.3,-4.030697595192275,0.9979113924457266,-0.020907917368281428
916,91.60000000000001,0,0.1,-3.720728034434323,1.0124268428282954,0.12350263391365081
916,91.60000000000001,1,0.2,-3.902194091959993,1.0034184805621673,0.034126508395743584
916,91.60000000000001,2,0.3,-4.032676973632694,0.9980225792372119,-0.019793784404187865
917,91.7,0,0.1,-3.7086583696955273,1.0121427970736636,0.12069664738796579
917,91.7,1,0.2,-3.898809870518314,1.003389954384421,0.033842214416794615
917,91.7,2,0.3,-4.034546586863733,0.9981321334070956,-0.018696132310395082
918,91.8,0,0.1,-3.6968696461265793,1.0118584844316338,0.11788723568948671
918,91.8,1,0.2,-3.895454203812927,1.0033613032579396,0.03355666705387086
918,91.8,2,0.3,-4.036307325216149,0.9982408108379843,-0.01760738352415736
919,91.9,0,0.1,-3.685361412181562,1.0115747084258375,0.11508233945016229
919,91.9,1,0.2,-3.892127830617807,1.0033319117137942,0.033263731951197965
919,91.9,2,0.3,-4.037958873994138,0.9983498142782057,-0.016515487779889794
920,92.0,0,0.1,-3.6741324818584746,1.0112922113989795,0.1122893032308811
920,92.0,1,0.2,-3.8888321325853905,1.003301134816202,0.03295698032416548
920,92.0,2,0.3,-4.039499322810405,0.9984607370660019,-0.015404488162672246
921,92.10000000000001,0,0.1,-3.6631810005683536,1.0110116682728896,0.1095148129012009
921,92.10000000000001,1,0.2,-3.8855691356904667,1.0032683262642874,0.032629968949235415
921,92.10000000000001,2,0.3,-4.040924881541535,0.9985754568950486,-0.014255587311299172
922,92.2,0,0.1,-3.652504515007841,1.0107336826057176,0.10676485560513423
922,92.2,1,0.2,-3.8823414800535994,1.003232870126005,0.03227655636867516
922,92.2,2,0.3,-4.042229737948299,0.9986959945481928,-0.013048564067635514
923,92.3,0,0.1,-3.6421000447799856,1.010458784936701,0.1040447022785577
923,92.3,1,0.2,-3.8791523532129366,1.00319421751583,0.03189126840662929
923,92.3,2,0.3,-4.043406072208144,0.9988243573500852,-0.011763342598457129
924,92.4,0,0.1,-3.631964153843099,1.010187433074066,0.10135890936885629
924,92.4,1,0.2,-3.876005383173026,1.0031519269485103,0.03146970039910444
924,92.4,2,0.3,-4.044444223347654,0.9989623875529544,-0.010381511395091362
925,92.5,0,0.1,-3.622093020401159,1.0099200137820523,0.09871133441940688
925,92.5,1,0.2,-3.8729044916587863,1.0031057042516376,0.031008915142398216
925,92.5,2,0.3,-4.045332985488149,0.9991116326915965,-0.00888762140495431
926,92.60000000000001,0,0.1,-3.6124825044382645,1.0096568452686696,0.09610515962893709
926,92.60000000000001,1,0.2,-3.8698537140794875,1.003055435937218,0.030507775792984644
926,92.60000000000001,2,0.3,-4.0460600000787155,0.9992732496205087,-0.007270145905663929
927,92.7,0,0.1,-3.6031282126171327,1.0093981799495804,0.0935429182113232
927,92.7,1,0.2,-3.866856999038915,1.0030012096796859,0.029967150405726988
927,92.7,2,0.3,-4.046612204399184,0.9994479481162768,-0.005522043204689056
928,92.8,0,0.1,-3.5940255606158553,1.009144207129594,0.09102652001277874
928,92.8,1,0.2,-3.863918004826097,1.002943317290439,0.029389942128183473
928,92.8,2,0.3,-4.046976295868645,0.9996359748037953,-0.0036409146946072405
929,92.9,0,0.1,-3.585169833121023,1.00889505545641,0.08855727494831678
929,92.9,1,0.2,-3.8610399116312815,1.0028822388813041,0.028780931948151112
929,92.9,2,0.3,-4.047139174895164,0.9998371342375502,-0.0016287902651866693
930,93.0,0,0.1,-3.5765562416269794,1.0086507952157582,0.08613591494043994
930,93.0,1,0.2,-3.8582252656825275,1.0028186107836585,0.028146459487540732
930,93.0,2,0.3,-4.047088335115293,1.0000508410722337,0.0005083977987041811
931,93.10000000000001,0,0.1,-3.5681799799478107,1.0084114407133598,0.08376261679168003
931,93.10000000000001,1,0.2,-3.855475865706839,1.0027531830420615,0.027493999756884477
931,93.10000000000001,2,0.3,-4.046812178335227,1.0002761949148602,0.0027615678006662624
932,93.2,0,0.1,-3.5600362769967746,1.0081769530984004,0.08143702951036522
932,93.2,1,0.2,-3.8527926946873596,1.00268677394454,0.026831710194793884
932,93.2,2,0.3,-4.0463002420639,1.000512067333064,0.005119362713266476
933,93.3,0,0.1,-3.5521204460093565,1.007947244009548,0.07915830987418554
933,93.3,1,0.2,-3.8501758928610315,1.0026202286406736,0.026168018263283233
933,93.3,2,0.3,-4.045543339836171,1.0007571887505056,0.007569022277289936
934,93.4,0,0.1,-3.544427929065542,1.0077221803656207,0.07692516943813797
934,93.4,1,0.2,-3.8476247630937888,1.0025543866677906,0.025511297672424816
934,93.4,2,0.3,-4.04453362750242,1.0010102222648631,0.010097123337508257
935,93.5,0,0.1,-3.536954335578581,1.0075015904893772,0.07473593486961397
935,93.5,1,0.2,-3.845137798187812,1.002490059968437,0.024869649059768042
935,93.5,2,0.3,-4.04326462033687,1.0012698126958492,0.01269007165550634
936,93.60000000000001,0,0.1,-3.5296954734143458,1.0072852715662588,0.07258862164234706
936,93.60000000000001,1,0.2,-3.8427127212304715,1.0024280198348856,0.02425076957340415
936,93.60000000000001,2,0.3,-4.04173119355905,1.0015346030778405,0.015334267778194046
937,93.7,0,0.1,-3.522647371510513,1.0070729982303013,0.0704810190383305
937,93.7,1,0.2,-3.840346533708524,1.0023689891529346,0.023661875219477504
937,93.7,2,0.3,-4.039929600123351,1.0018032172801759,0.018015934356992915
938,93.8,0,0.1,-3.515806293267171,1.0068645318713054,0.06841078243342513
938,93.8,1,0.2,-3.8380355701476514,1.0023136358953217,0.023109635608725903
938,93.8,2,0.3,-4.0378575329363136,1.0020742154017435,0.020720671870374584
939,93.9,0,0.1,-3.5091687405353245,1.0066596301045254,0.06637552731845953
939,93.9,1,0.2,-3.8357755609071305,1.0022625649863781,0.022600092405207512
939,93.9,2,0.3,-4.035514244455367,1.002346036127156,0.023432884809462484
940,94.0,0,0.1,-3.5027314486649797,1.0064580557641605,0.06437291870345174
940,94.0,1,0.2,-3.8335617054759354,1.0022163078185398,0.02213855431195137
940,94.0,2,0.3,-4.032900717587545,1.002616945106404,0.026135268678226062
941,94.10000000000001,0,0.1,-3.4964913737014722,1.0062595847911004,0.062400749635068926
941,94.10000000000001,1,0.2,-3.831388757110361,1.0021753109288067,0.021729483655741712
941,94.10000000000001,2,0.3,-4.030019862429609,1.0028850088088872,0.028808551579355454
942,94.2,0,0.1,-3.49044567334789,1.006064012484584,0.06045700353582439
942,94.2,1,0.2,-3.8292511167420615,1.0021399267503355,0.02137640368299675
942,94.2,2,0.3,-4.026876698834424,1.0031481085134164,0.031431635951852506
943,94.3,0,0.1,-3.4845916836683277,1.0058711577613888,0.05853989679562743
943,94.3,1,0.2,-3.827142931125345,1.0021104094024567,0.0210818561671656
943,94.3,2,0.3,-4.023478479380966,1.0034039999471256,0.033982194534580554
944,94.4,0,0.1,-3.4789268936461744,1.0056808652851459,0.056647900221528824
944,94.4,1,0.2,-3.8250581885471284,1.002086917164914,0.02084742578216492
944,94.4,2,0.3,-4.01983471316498,1.0036504128025219,0.03643766215985744
945,94.5,0,0.1,-3.473448919626995,1.0054930055537747,0.054779740191797995
945,94.5,1,0.2,-3.822990805947515,1.0020695211084718,0.02067382599613705
945,94.5,2,0.3,-4.015957066988549,1.0038851739732646,0.038776461764309364
946,94.60000000000001,0,0.1,-3.468155481399682,1.0053074732249823,0.05293438227312201
946,94.60000000000001,1,0.2,-3.820934704026287,1.0020582171482422,0.020561019212277844
946,94.60000000000001,2,0.3,-4.011859143180452,1.0041063317790178,0.040979238080970204
947,94.7,0,0.1,-3.463044381267802,1.005124184085795,0.05111100131880721
947,94.7,1,0.2,-3.818883871044155,1.0020529373784346,0.020508329821319393
947,94.7,2,0.3,-4.007556156726031,1.004312257593726,0.04302986454420644
948,94.8,0,0.1,-3.458113487018567,1.0049430711143348,0.04930894249235265
948,94.8,1,0.2,-3.8168324202349786,1.0020535564740307,0.02051450809176575
948,94.8,2,0.3,-4.003064552688733,1.0045017064103359,0.04491604037298458
949,94.9,0,0.1,-3.4533607192918594,1.004764080041741,0.04752767726707002
949,94.9,1,0.2,-3.8147746486361447,1.002059890263804,0.020577715988337374
949,94.9,2,0.3,-3.9984016135956804,1.004673827510977,0.04662939093052423
950,95.0,0,0.1,-3.448784043548576,1.0045871647191553,0.04576675743283503
950,95.0,1,0.2,-3.8127051057547976,1.0020716858632919,0.020695428813472038
950,95.0,2,0.3,-3.993585103765023,1.0048281278594258,0.048165098306574526
951,95.10000000000001,0,0.1,-3.444381466664954,1.0044122824631898,0.04402576883621625
951,95.10000000000001,1,0.2,-3.810618678596666,1.0020886052618296,0.020864271581316093
951,95.10000000000001,2,0.3,-3.9886329847837363,1.0049644009881062,0.04952118981286468
952,95.2,0,0.1,-3.4401510381264826,1.0042393894329666,0.04230428538471794
952,95.2,1,0.2,-3.808510695757572,1.0021102061969112,0.02107982839093867
952,95.2,2,0.3,-3.9835632173533386,1.0050826404465023,0.05069767430397953
953,95.3,0,0.1,-3.436090855815416,1.004068436018004,0.04060182311066871
953,95.3,1,0.2,-3.8063770486364157,1.0021359249659263,0.021336471211565004
953,95.3,2,0.3,-3.978393644658743,1.005182957990999,0.05169572694596019
954,95.4,0,0.1,-3.4321990764118673,1.0038993622106915,0.03891779403548347
954,95.4,1,0.2,-3.8042143236404353,1.0021650653725775,0.02162724995980174
954,95.4,2,0.3,-3.9731419362162184,1.005265522835775,0.05251708442524091
955,95.5,0,0.1,-3.428473930389673,1.0037320930021303,0.03725146022194304
955,95.5,1,0.2,-3.802019936505543,1.002196796564426,0.021943871348925198
955,95.5,2,0.3,-3.967825562223206,1.0053305309860667,0.05316373993012516
956,95.60000000000001,0,0.1,-3.424913741432311,1.0035665339576336,0.03560188957361684
956,95.60000000000001,1,0.2,-3.799792258959814,1.0022301606628716,0.022276775457286447
956,95.60000000000001,2,0.3,-3.962461767895454,1.0053782052267257,0.05363794327751568
957,95.7,0,0.1,-3.4215169498023896,1.0034025672643008,0.033967916299217624
957,95.7,1,0.2,-3.7975307286980837,1.0022640894501564,0.022615302617305
957,95.7,2,0.3,-3.957067523979954,1.0054088190446924,0.053942439155004476
958,95.8,0,0.1,-3.41828213879305,1.0032400486565496,0.03234811009339828
958,95.8,1,0.2,-3.7952359353374754,1.002297428414141,0.022947933606084686
958,95.8,2,0.3,-3.9516594407703267,1.0054227332893388,0.054080832096275754
959,95.9,0,0.1,-3.415208062930993,1.0030788056786228,0.03074075862056618
959,95.9,1,0.2,-3.7929096768911887,1.0023289662847699,0.023262584462864458
959,95.9,2,0.3,-3.9462536450840457,1.0054204333639938,0.05405795686280507
960,96.0,0,0.1,-3.4122936761734346,1.0029186377112829,0.029143867575586724
960,96.0,1,0.2,-3.7905549827529863,1.0023574686076928,0.02354694138202574
960,96.0,2,0.3,-3.940865629749655,1.0054025567938174,0.053880153343909006
961,96.10000000000001,0,0.1,-3.409538158035061,1.0027593180679357,0.02755518138373368
961,96.10000000000001,1,0.2,-3.7881761000863974,1.0023817144530103,0.023788826665887188
961,96.10000000000001,2,0.3,-3.9355100913040966,1.0053699049769667,0.053555384455581265
962,96.2,0,0.1,-3.40694093547073,1.0026005982687078,0.025972225643312953
962,96.2,1,0.2,-3.785778441169627,1.0024005355995529,0.023976589167703764
962,96.2,2,0.3,-3.9302007733377806,1.0053234373720281,0.053093179663162536
963,96.3,0,0.1,-3.404501698468462,1.0024422143611802,0.0243923700226803
963,96.3,1,0.2,-3.7833684902310645,1.0024128572045097,0.02409950938562803
963,96.3,2,0.3,-3.924950330979464,1.0052642500857776,0.05250442358316697
964,96.4,0,0.1,-3.4022204076784686,1.0022838949137056,0.022812907899932008
964,96.4,1,0.2,-3.780953670151256,1.002417738106181,0.02414820079808216
964,96.4,2,0.3,-3.9197702277979145,1.0051935431127577,0.05180103181549269
965,96.5,0,0.1,-3.4000972929817794,1.0021253701005746,0.02123114696689253
965,96.5,1,0.2,-3.7785421723029677,1.002414407847907,0.024114978482884502
965,96.5,2,0.3,-3.9146706713984516,1.0051125812681372,0.05099556399463202
966,96.60000000000001,0,0.1,-3.398132842621034,1.0019663811574664,0.019644503607450504
966,96.60000000000001,1,0.2,-3.776142756460234,1.0024022967446264,0.023994158427334163
966,96.60000000000001,2,0.3,-3.9096605893002883,1.005022653545371,0.0501008209816291
967,96.7,0,0.1,-3.396327783294664,1.0018066894266175,0.01805059326370198
967,96.7,1,0.2,-3.77376453139343,1.0023810552872272,0.02378225066804209
967,96.7,2,0.3,-3.904747642802273,1.0049250348079604,0.04912946498015382
968,96.8,0,0.1,-3.3946830523709983,1.0016460842354142,0.01644730923665887
968,96.8,1,0.2,-3.7714167295287897,1.00235056010962,0.023478018646404756
968,96.8,2,0.3,-3.899938273504528,1.0048209528767245,0.048093692977453875
969,96.9,0,0.1,-3.3931997640367912,1.0014843889504579,0.014832883342069515
969,96.9,1,0.2,-3.7691084900506056,1.0023109055138169,0.02308239478183952
969,96.9,2,0.3,-3.8952377747789066,1.004711563399458,0.047004987256209926
970,97.0,0,0.1,-3.3918791716963104,1.0013214647065167,0.013205923404809502
970,97.0,1,0.2,-3.766848663645722,1.0022623817370804,0.022598264048837753
970,97.0,2,0.3,-3.8906503787085986,1.0045979342798126,0.04587396070308264
971,97.10000000000001,0,0.1,-3.3907226292388577,1.0011572115105853,0.01156542457452571
971,97.10000000000001,1,0.2,-3.7646456489021465,1.0022054431635097,0.02203014743575239
971,97.10000000000001,2,0.3,-3.8861793480635405,1.0044810406153073,0.044710306450577796
972,97.2,0,0.1,-3.3897315538648987,1.0009915666514417,0.009910753739590947
972,97.2,1,0.2,-3.7625072658984866,1.0021406709751577,0.02138383003659993
972,97.2,2,0.3,-3.881827063194656,1.0043617698160794,0.043522848688846406
973,97.3,0,0.1,-3.388907392987155,1.0008245005916396,0.008241608777437761
973,97.3,1,0.2,-3.760440667811747,1.00206873497234,0.020665980867399302
973,97.3,2,0.3,-3.8775950957555905,1.0042409348587484,0.04231967439065861
974,97.4,0,0.1,-3.388251597301684,1.0006560107664755,0.006557956854708609
974,97.4,1,0.2,-3.758452287483821,1.0019903584669703,0.019883803279257508
974,97.4,2,0.3,-3.8734842649905628,1.0041192918198325,0.04110830765027367
975,97.5,0,0.1,-3.3877656014749196,1.0004861139418701,0.004859958267644792
975,97.5,1,0.2,-3.7565478135587886,1.0019062885873071,0.019044739250323434
975,97.5,2,0.3,-3.8694946774516454,1.0039975565374306,0.03989587538917543
976,97.60000000000001,0,0.1,-3.3874508130643677,1.0003148379616227,0.003147884105518537
976,97.60000000000001,1,0.2,-3.754732190246619,1.0018172725541583,0.018156233121694017
976,97.60000000000001,2,0.3,-3.8656257562697878,1.0038764151187802,0.038689211818573356
977,97.7,0,0.1,-3.3873086093655065,1.0001422138102867,0.0014220369886120663
977,97.7,1,0.2,-3.7530096356481386,1.0017240390478788,0.017225545984805725
977,97.7,2,0.3,-3.861876269930743,1.0037565244566409,0.03749486339044807
978,97.8,0,0.1,-3.3873403409694625,0.9999682688994859,-0.00031731603955977434
978,97.8,1,0.2,-3.751383675163204,1.0016272830754132,0.016259604849345556
978,97.8,2,0.3,-3.858244371392623,1.0036385018734104,0.036318985381204996
979,97.9,0,0.1,-3.387547340058652,0.9997930223336436,-0.002069990891895125
979,97.9,1,0.2,-3.74985718795508,1.0015276528827763,0.015264872081240752
979,97.9,2,0.3,-3.8547276554503584,1.0035229068428593,0.03516715942264137
980,98.0,0,0.1,-3.3879309309904246,0.9996164826298226,-0.0038359093177267006
980,98.0,1,0.2,-3.7484324650952865,1.001425738259571,0.01424722859793529
980,98.0,2,0.3,-3.851323235718473,1.0034102213505876,0.034044197318856266
981,98.10000000000001,0,0.1,-3.3884924406184913,0.9994386479889619,-0.005615096280666219
981,98.10000000000001,1,0.2,-3.7471112775958093,1.0013220606521722,0.013211874994770707
981,98.10000000000001,2,0.3,-3.8480278339329193,1.0033008375914327,0.03295401785553483
982,98.2,0,0.1,-3.3892332061132024,0.9992595088043132,-0.007407654947111796
982,98.2,1,0.2,-3.7458949512412745,1.0012170663794422,0.01216326354534905
982,98.2,2,0.3,-3.8448378659377505,1.0031950613575213,0.031899679951689776
983,98.3,0,0.1,-3.390154578718645,0.9990790517279635,-0.009213726054425022
983,98.3,1,0.2,-3.744784443517861,1.00111112456543,0.011105077234133197
983,98.3,2,0.3,-3.8417495035755644,1.0030931362664766,0.0308836236218619
984,98.4,0,0.1,-3.3912579227991433,0.9988972643797809,-0.011033440804982978
984,98.4,1,0.2,-3.7437804167000954,1.001004531021422,0.010040268177657052
984,98.4,2,0.3,-3.8387586921210133,1.0029952883932434,0.029908114545509016
985,98.5,0,0.1,-3.3925446104905834,0.9987141397362493,-0.012866876914402092
985,98.5,1,0.2,-3.7428833008931086,1.000897518335735,0.008971158069868656
985,98.5,2,0.3,-3.835861109962087,1.002901784207724,0.02897582158926491
986,98.60000000000001,0,0.1,-3.394016013071503,0.9985296794011158,-0.014714025809195863
986,98.60000000000001,1,0.2,-3.7420933418121374,1.0007902711808228,0.007899590809711692
986,98.60000000000001,2,0.3,-3.8330520701897046,1.0028129888214166,0.028090397723820985
987,98.7,0,0.1,-3.39567349062207,0.9983438953067504,-0.016574775505669825
987,98.7,1,0.2,-3.7414106301833634,1.0006829447294017,0.006827116287740186
987,98.7,2,0.3,-3.830326379984804,1.002729408275783,0.0272569020490081
988,98.8,0,0.1,-3.3975183815400825,0.9981568098471679,-0.018448909180125365
988,98.8,1,0.2,-3.7408351123870203,1.0005756834384851,0.005755177963431606
988,98.8,2,0.3,-3.827678189243884,1.0026517002953264,0.02648190740920304
989,98.9,0,0.1,-3.3995519930363627,0.9979684548905986,-0.020336114962800564
989,98.9,1,0.2,-3.74036658466313,1.000468637500148,0.004685277238900154
989,98.9,2,0.3,-3.8251008704587823,1.0025806429263384,0.025773187851012593
990,99.0,0,0.1,-3.401775592958388,0.9977788704449062,-0.022235999220253808
990,99.0,1,0.2,-3.740004675220363,1.0003619749398904,0.0036190944276717043
990,99.0,2,0.3,-3.8225869739875313,1.0025170589584849,0.02513896471251141
991,99.10000000000001,0,0.1,-3.404190402403934,0.9975881038612844,-0.024148094455458565
991,99.10000000000001,1,0.2,-3.7397488195119943,1.0002558884422321,0.0025585570836870225
991,99.10000000000001,2,0.3,-3.8201282949000106,1.0024617041176331,0.024586790875205225
992,99.2,0,0.1,-3.4067975878403436,0.9973962103197773,-0.02607185436409735
992,99.2,1,0.2,-3.739598233686072,1.000150597164537,0.00150585825922542
992,99.2,2,0.3,-3.81771607037785,1.0024151362765308,0.02412224522160637
993,99.3,0,0.1,-3.409598251069805,0.9972032549690962,-0.028006632294614236
993,99.3,1,0.2,-3.739551890024362,1.000046344735594,0.00046343661709971477
993,99.3,2,0.3,-3.8153413034105137,1.0023775889598272,0.023747669673365408
994,99.4,0,0.1,-3.412593415519498,0.9970093165804235,-0.02995164449693022
994,99.4,1,0.2,-3.7396084965208725,0.9999433951056068,-0.0005660649651062017
994,99.4,2,0.3,-3.812995184172954,1.0023488735288422,0.023461192375593628
995,99.5,0,0.1,-3.4157840080002915,0.9968144920504026,-0.03190592480793523
995,99.5,1,0.2,-3.73976648113338,0.9998420278664042,-0.001579846125077201
995,99.5,2,0.3,-3.810669560420909,1.0023283301125483,0.023256237520451684
996,99.60000000000001,0,0.1,-3.4191708361413955,0.9966189006919753,-0.03386828141103737
996,99.60000000000001,1,0.2,-3.740023980075444,0.9997425342079436,-0.002574989420635945
996,99.60000000000001,2,0.3,-3.80835739707246,1.0023148384594915,0.02312163348449106
997,99.7,0,0.1,-3.4227545629306664,0.9964226870954214,-0.03583726789271084
997,99.7,1,0.2,-3.740378828984265,0.9996452140426068,-0.0035484890882122385
997,99.7,2,0.3,-3.8060531654051775,1.0023068884492923,0.023042316672824616
998,99.8,0,0.1,-3.426535680875896,0.9962260214800572,-0.037811179452298324
998,99.8,1,0.2,-3.740828555836845,0.9995503742593826,-0.004497268525800713
998,99.8,2,0.3,-3.80375311384423,1.0023026987086754,0.02300051560947611
999,99.9,0,0.1,-3.4305144889757404,0.9960290968695091,-0.039788080998440715
999,99.9,1,0.2,-3.741370374843367,0.9994583277508896,-0.005418190065217913
999,99.9,2,0.3,-3.801455392366798,1.0023003632624004,0.02297721477431817
1000,100.0,0,0.1,-3.434691075764248,0.9958321230201167,-0.041765867885079785
1000,100.0,1,0.2,-3.742001180906529,0.9993693928531546,-0.006308060631621618
1000,100.0,2,0.3,-3.799160026438137,1.002298002297792,0.022953659286609945
1001,100.10000000000001,0,0.1,-3.439065311122616,0.9956353176749696,-0.04374235358367411
1001,100.10000000000001,1,0.2,-3.742717544348595,0.9992838930849655,-0.00716363442065876
1001,100.10000000000001,2,0.3,-3.7968687588261187,1.002293894571626,0.022912676120181708
1002,100.2,0,0.1,-3.4436368484384317,0.9954388962556905,-0.045715373158159815
1002,100.2,1,0.2,-3.743515705389564,0.9992021574048253,-0.007981610409691264
1002,100.2,2,0.3,-3.794584794057341,1.0022865750031598,0.022839647687776986
1003,100.3,0,0.1,-3.448405137262615,0.9952430614173958,-0.047682888241838355
1003,100.3,1,0.2,-3.744391567426805,0.9991245214179538,-0.008758620372409319
1003,100.3,2,0.3,-3.7923124879702734,1.0022748897311171,0.022723060870678727
1004,100.4,0,0.1,-3.4533694451600523,0.995047993913935,-0.04964307897436647
1004,100.4,1,0.2,-3.7453406877989934,0.9990513299000863,-0.009491203721884467
1004,100.4,2,0.3,-3.790057023459297,1.0022580099844385,0.02255464510976054
1005,100.5,0,0.1,-3.4585288862574233,0.9948538459577664,-0.051594410973712805
1005,100.5,1,0.2,-3.746358264761859,0.9989829405930062,-0.010175769628655873
1005,100.5,2,0.3,-3.787824104974452,1.002235413303889,0.022329184848454302
1006,100.60000000000001,0,0.1,-3.4638824532723205,0.9946607377863724,-0.053535670148967415
1006,100.60000000000001,1,0.2,-3.747439120147488,0.9989197285281588,-0.010808553856288728
1006,100.60000000000001,2,0.3,-3.7856196919933907,1.0022068444857086,0.02204412981061033
1007,100.7,0,0.1,-3.4694290496531086,0.9944687575843856,-0.05546596380788453
1007,100.7,1,0.2,-3.74857767873528,0.9988620893241181,-0.011385585877921692
1007,100.7,2,0.3,-3.783449779246514,1.002172268711312,0.021699127468767357
1008,100.8,0,0.1,-3.4751675188296582,0.9942779643881675,-0.05738469176549958
1008,100.8,1,0.2,-3.7497679475978827,0.9988104392264135,-0.01190268862602718
1008,100.8,2,0.3,-3.7813202220106334,1.0021318263533439,0.02129557235880718
1009,100.9,0,0.1,-3.4810966683236817,0.9940883932245801,-0.0592914949402295
1009,100.9,1,0.2,-3.7510035012166942,0.9987652093632934,-0.012355536188114526
1009,100.9,2,0.3,-3.7792365999368713,1.0020857943226886,0.02083622073761937
1010,101.0,0,0.1,-3.4872152873876505,0.9939000615663506,-0.0611861906396917
1010,101.0,1,0.2,-3.75227748042339,0.9987268319603074,-0.01273979206695658
1010,101.0,2,0.3,-3.7772041126422002,1.0020345541970528,0.02032487294671208
1011,101.10000000000001,0,0.1,-3.4935221577271225,0.9937129762221177,-0.06306870339471433
1011,101.10000000000001,1,0.2,-3.753582614593104,0.9986957171474848,-0.01305134169714228
1011,101.10000000000001,2,0.3,-3.775227503290487,1.0019785641317112,0.01976609351712897
1012,101.2,0,0.1,-3.500016057558291,0.9935271399682546,-0.06493899831168917
1012,101.2,1,0.2,-3.7549112764632273,0.9986722204102653,-0.013286618701232244
1012,101.2,2,0.3,-3.773311010496325,1.0019183304402353,0.019164927941625033
1013,101.3,0,0.1,-3.5066957596878603,0.9933425574905801,-0.06679702129569634
1013,101.3,1,0.2,-3.756255577190143,0.9986566024405515,-0.013443007269159023
1013,101.3,2,0.3,-3.77145835200736,1.001854375721021,0.01852658488964759
1014,101.4,0,0.1,-3.513560024486486,0.9931592404541433,-0.06864264798625311
1014,101.4,1,0.2,-3.7576075058324734,0.9986489848015135,-0.013519286423301316
1014,101.4,2,0.3,-3.7696727443381004,1.001787202815928,0.017856076692595733
1015,101.5,0,0.1,-3.5206075886307295,0.9929772116986599,-0.07047564144243747
1015,101.5,1,0.2,-3.7589591127704205,0.9986493060713206,-0.013516069379471909
1015,101.5,2,0.3,-3.7679569604467904,1.0017172566907053,0.01715783891310094
1016,101.60000000000001,0,0.1,-3.527837150404956,0.992796508643766,-0.07229561774225784
1016,101.60000000000001,1,0.2,-3.760302731337485,0.9986572836842234,-0.013436185670644384
1016,101.60000000000001,2,0.3,-3.76631342328355,1.0016448885106726,0.016435371632404758
1017,101.7,0,0.1,-3.5352473522615386,0.992617185997598,-0.07410201856583121
1017,101.7,1,0.2,-3.7616312270044583,0.9986723863927478,-0.01328495666973315
1017,101.7,2,0.3,-3.7647443278904102,1.0015703270674363,0.015690953931396304
1018,101.8,0,0.1,-3.542836761272515,0.9924393178343929,-0.0758940901097692
1018,101.8,1,0.2,-3.76293825962746,0.9986938211721169,-0.013070326230018768
1018,101.8,2,0.3,-3.7632517801859473,1.0014936621081525,0.01492547704463028
1019,101.9,0,0.1,-3.550603848061447,0.9922629990860699,-0.07767086788931236
1019,101.9,1,0.2,-3.7642185421343015,0.9987205367051624,-0.012802825068413145
1019,101.9,2,0.3,-3.7618379378067734,1.0014148423255105,0.014138423791737369
1020,102.0,0,0.1,-3.558546964745011,0.9920883465073819,-0.07943116683564629
1020,102.0,1,0.2,-3.7654680787957773,0.998751243684401,-0.012495366614758295
1020,102.0,2,0.3,-3.760505137981708,1.0013336883974715,0.013327998250654763
1021,102.10000000000001,0,0.1,-3.566664322303849,0.9919154992245057,-0.0811735755883733
1021,102.10000000000001,1,0.2,-3.766684367729771,0.9987844504455946,-0.012162889339938438
1021,102.10000000000001,2,0.3,-3.759255999275581,1.0012499192048305,0.012491387061269777
1022,102.2,0,0.1,-3.5749539676330517,0.9917446190354603,-0.08289645329202983
1022,102.2,1,0.2,-3.7678665550131445,0.9988185112247303,-0.011821872833733376
1022,102.2,2,0.3,-3.7580934875286736,1.0011631877256073,0.011625117469074681
1023,102.3,0,0.1,-3.5834137603291385,0.9915758906546619,-0.08459792696087247
1023,102.3,1,0.2,-3.769015531077393,0.9988516837560193,-0.01148976064248751
1023,102.3,2,0.3,-3.757020940581956,1.0010731223308844,0.010725469467174951
1024,102.4,0,0.1,-3.5920413491261933,0.9914095220447884,-0.08627588797054095
1024,102.4,1,0.2,-3.7701339633555255,0.9988821929341403,-0.011184322781322576
1024,102.4,2,0.3,-3.7560420506550294,1.0009793691960422,0.00978889926926657
1025,102.5,0,0.1,-3.600834147887331,0.9912457448424451,-0.0879279876113831
1025,102.5,1,0.2,-3.7712262621020285,0.9989082975946255,-0.010922987465030242
1025,102.5,2,0.3,-3.75516080707104,1.0008816319932026,0.00881243583989605
1026,102.60000000000001,0,0.1,-3.6097893112558945,0.9910848146812561,-0.08955163368562627
1026,102.60000000000001,1,0.2,-3.7722984789430285,0.9989283577780866,-0.010722168409999152
1026,102.60000000000001,2,0.3,-3.7543814052822766,1.000779705601263,0.0077940178876316785
1027,102.7,0,0.1,-3.6189037104842128,0.9909270110030363,-0.09114399228318766
1027,102.7,1,0.2,-3.773358140344155,0.9989408998417559,-0.010596614011265151
1027,102.7,2,0.3,-3.75370813094823,1.000673501034085,0.006732743340465524
1028,102.8,0,0.1,-3.62817391051993,0.9907726358008514,-0.0927020003571774
1028,102.8,1,0.2,-3.7744140212410096,0.998944676349234,-0.010558808968546596
1028,102.8,2,0.3,-3.7531452302758304,1.0005630591307138,0.005629006723997563
1029,102.9,0,0.1,-3.6375961500012504,0.9906220107293515,-0.09422239481319568
1029,102.9,1,0.2,-3.7754758678599116,0.9989387169407301,-0.010618466189019831
1029,102.9,2,0.3,-3.752696779883338,1.0004485509614025,0.004484503924921563
1030,103.0,0,0.1,-3.647166326210057,0.9904754721903917,-0.0957017620880728
1030,103.0,1,0.2,-3.7765540831981865,0.9989223657270265,-0.010782153382749628
1030,103.0,2,0.3,-3.7523665707418448,1.0003302636665334,0.003302091414934171
1031,103.10000000000001,0,0.1,-3.656879987078419,0.9903333643498581,-0.09713660868361067
1031,103.10000000000001,1,0.2,-3.7776593931852562,0.9988953006430147,-0.011053099870696083
1031,103.10000000000001,2,0.3,-3.752158020693078,1.00020857179684,0.0020855004876672465
1032,103.2,0,0.1,-3.6667323319217666,0.9901960305055506,-0.09852344843348187
1032,103.2,1,0.2,-3.778802515237516,0.9988575310628662,-0.011431220522598136
1032,103.2,2,0.3,-3.7520741280100456,1.0000838962021221,0.0008389268303244301
1033,103.3,0,0.1,-3.676718221665429,0.9900638037046688,-0.0998588974366278
1033,103.3,1,0.2,-3.7799938525987598,0.9988093719993865,-0.011913373612438393
1033,103.3,2,0.3,-3.7521174740593364,0.9999566548901357,-0.000433460492907958
1034,103.4,0,0.1,-3.6868321980444505,0.9899369978845001,-0.1011397637902081
1034,103.4,1,0.2,-3.7812432365484296,0.9987513962055187,-0.012493839496697846
1034,103.4,2,0.3,-3.752290276424891,0.9998272125639144,-0.0017280236555448829
1035,103.5,0,0.1,-3.6970685097989557,0.9898159009775275,-0.10236311754505815
1035,103.5,1,0.2,-3.7825597338312806,0.9986843689195374,-0.013164972828510672
1035,103.5,2,0.3,-3.752594485568003,0.9996958371237975,-0.0030420914311203927
1036,103.60000000000001,0,0.1,-3.707421142529376,0.9897007713220763,-0.10352632730419314
1036,103.60000000000001,1,0.2,-3.78395152887739,0.9986091730514326,-0.013917950461091934
1036,103.60000000000001,2,0.3,-3.753031909516674,0.9995626717072367,-0.004374239486710412
1037,103.7,0,0.1,-3.717883847887724,0.9895918383526937,-0.10462705358348741
1037,103.7,1,0.2,-3.7854258807315446,0.9985267344686006,-0.0147435185415476
1037,103.7,2,0.3,-3.753604343852286,0.9994277294736641,-0.005724343356119702
1038,103.8,0,0.1,-3.7284501673690564,0.9894893079741399,-0.10566319481332954
1038,103.8,1,0.2,-3.7869891448963333,0.9984379570961686,-0.0156326416478878
1038,103.8,2,0.3,-3.7543136800531545,0.9992909153185803,-0.007093362008685892
1039,103.9,0,0.1,-3.739113446226163,0.9893933723595078,-0.10663278857105475
1039,103.9,1,0.2,-3.788646842497312,0.9983436756207893,-0.01657697600978417
1039,103.9,2,0.3,-3.7551619653272423,0.9991520744181508,-0.008482852740877954
1040,104.0,0,0.1,-3.7498668339235905,0.989304223286723,-0.1075338769742834
1040,104.0,1,0.2,-3.790403754947411,0.9982446300171204,-0.01756912450099446
1040,104.0,2,0.3,-3.756151391945656,0.9990110627027073,-0.009894266184136698
1041,104.10000000000001,0,0.1,-3.7607032689175646,0.9892220676569657,-0.10836434993973096
1041,104.10000000000001,1,0.2,-3.792264022467075,0.9981414617055182,-0.01860267519663791
1041,104.10000000000001,2,0.3,-3.757284203371189,0.9988678299631162,-0.011328114255330235
1042,104.2,0,0.1,-3.7716154471576657,0.989147143603952,-0.10912178240101776
1042,104.2,1,0.2,-3.794231229192372,0.9980347269576606,-0.019672067252970445
1042,104.2,2,0.3,-3.758562516848496,0.9987225032173319,-0.012783134773069643
1043,104.3,0,0.1,-3.78259577528738,0.9890797356322535,-0.10980328129714681
1043,104.3,1,0.2,-3.796308464934539,0.9979249202189255,-0.02077235742167123
1043,104.3,2,0.3,-3.75998807558855,0.9985754568861376,-0.014255587400540925
1044,104.4,0,0.1,-3.793636310832577,0.9890201874903023,-0.11040535545196076
1044,104.4,1,0.2,-3.798498362001028,0.9978124990087198,-0.021898970664889016
1044,104.4,2,0.3,-3.7615619559481037,0.9984273575406185,-0.015738803595536133
1045,104.5,0,0.1,-3.804728692536035,0.9889689119223704,-0.11092381703458906
1045,104.5,1,0.2,-3.800803112742688,0.997697903157081,-0.023047507416597203
1045,104.5,2,0.3,-3.763284263942268,0.9982791743271224,-0.017223079941644938
1046,104.60000000000001,0,0.1,-3.8158640643389665,0.9889263969643384,-0.111353718029305
1046,104.60000000000001,1,0.2,-3.8032244779577,0.9975815639250907,-0.024213652150118104
1046,104.60000000000001,2,0.3,-3.765153859482203,0.9981321510651553,-0.018695955399346615
1047,104.7,0,0.1,-3.827032996336633,0.9888932089587786,-0.11168931997667299
1047,104.7,1,0.2,-3.8057637971238383,0.9974639021775253,-0.025393191661386205
1047,104.7,2,0.3,-3.767168145221907,0.9979877415723929,-0.020142857397039728
1048,104.8,0,0.1,-3.838225405433682,0.9888699928871575,-0.1119240909704963
1048,104.8,1,0.2,-3.808422008855489,0.9973453181847066,-0.02658211731650857
1048,104.8,2,0.3,-3.7693229501362064,0.9978475150111814,-0.021548049142997686
1049,104.9,0,0.1,-3.8494304775431285,0.9888574708934613,-0.11205072109445369
1049,104.9,1,0.2,-3.8111996851153274,0.9972261779134892,-0.027776762598381428
1049,104.9,2,0.3,-3.7716125271428145,0.9977130420755818,-0.022895770066078392
1050,105.0,0,0.1,-3.860636592192786,0.9888564399703226,-0.1120611464965801
1050,105.0,1,0.2,-3.8140970771989364,0.997106801305892,-0.028973920836092276
1050,105.0,2,0.3,-3.7740296710692203,0.9975857750136684,-0.024171439264059333
1051,105.10000000000001,0,0.1,-3.871831249518203,0.9888677696840864,-0.11194657325415958
1051,105.10000000000001,1,0.2,-3.8171141669968374,0.9969874570436307,-0.030170897979006833
1051,105.10000000000001,2,0.3,-3.7765659501565585,0.9974669345509974,-0.025362790873380062
1052,105.2,0,0.1,-3.8830009990159247,0.9888924005388561,-0.11169749497722506
1052,105.2,1,0.2,-3.8202507146774245,0.9968683661462625,-0.0313654768058731
1052,105.2,2,0.3,-3.779212033042469,0.9973574149055799,-0.026460828859106562
1053,105.3,0,0.1,-3.8941313692568045,0.9889313431534468,-0.1113037024088045
1053,105.3,1,0.2,-3.823506294100973,0.9967497142289493,-0.03255579423548668
1053,105.3,2,0.3,-3.7819580852099968,0.9972577147848541,-0.027460521675279244
1054,105.4,0,0.1,-3.9052067981103904,0.9889856779059777,-0.11075428853584979
1054,105.4,1,0.2,-3.826880309545783,0.9966316701490765,-0.033740154448095756
1054,105.4,2,0.3,-3.7847942049033696,0.9971678982946887,-0.028361196933725876
1055,105.5,0,0.1,-3.9162105639203157,0.989056554169367,-0.11003765809925974
1055,105.5,1,0.2,-3.83037199072307,0.9965144076526219,-0.03491681177287574
1055,105.5,2,0.3,-3.78771086833548,0.9970875858983849,-0.02916663432110666
1056,105.60000000000001,0,0.1,-3.927124719409194,0.9891451878159057,-0.10914155488877376
1056,105.60000000000001,1,0.2,-3.833980366443132,0.9963981266442645,-0.036083757200612555
1056,105.60000000000001,2,0.3,-3.790699356779904,0.9970159726420924,-0.029884884444235323
1057,105.7,0,0.1,-3.9379300316896124,0.9892528554111171,-0.10805312280418981
1057,105.7,1,0.2,-3.8377042197913522,0.9962830715951676,-0.03723853348220663
1057,105.7,2,0.3,-3.7937521425697276,0.9969518692225924,-0.030527857898238822
1058,105.8,0,0.1,-3.9486059333442243,0.9893808835261373,-0.10675901654612459
1058,105.8,1,0.2,-3.841542028923393,0.996169545845418,-0.038378091320410104
1058,105.8,2,0.3,-3.7968632158024223,0.996893761140972,-0.03111073232694838
1059,105.9,0,0.1,-3.9591304908071985,0.9895306319076643,-0.10524557462973307
1059,105.9,1,0.2,-3.8454918978075425,0.9960579215874623,-0.03949868884149162
1059,105.9,2,0.3,-3.8000283377047106,0.996839881815522,-0.03165121902288078
1060,106.0,0,0.1,-3.9694803969576182,0.9897034698240849,-0.1034990615042034
1060,106.0,1,0.2,-3.849551481027276,0.9959486457490645,-0.040595832197338845
1060,106.0,2,0.3,-3.8032452097729497,0.996788296520997,-0.03216872068239246
1061,106.10000000000001,0,0.1,-3.9796309947495474,0.9899007456567562,-0.10150597791928306
1061,106.10000000000001,1,0.2,-3.853717906766787,0.99584224177052,-0.04166425739510515
1061,106.10000000000001,2,0.3,-3.80651355025415,0.9967369947295391,-0.032683404812001146
1062,106.2,0,0.1,-3.9895563378320715,0.9901237505770701,-0.09925343082524694
1062,106.2,1,0.2,-3.857987702723016,0.995739306662475,-0.042697959562290264
1062,106.2,2,0.3,-3.809835072029821,0.9966839883753983,-0.03321521775670988
1063,106.3,0,0.1,-3.9992292926001123,0.9903736777796344,-0.09672954768041303
1063,106.3,1,0.2,-3.8623567308313502,0.9956405022105093,-0.043690281083346424
1063,106.3,2,0.3,-3.8132133593961806,0.9966274126258614,-0.033782873663598924
1064,106.4,0,0.1,-4.008621684239086,0.9906515791002275,-0.09392391638972518
1064,106.4,1,0.2,-3.866820137804383,0.9955465392243922,-0.04463406973032555
1064,106.4,2,0.3,-3.816653646197899,0.9965656242044588,-0.034402868017179684
1065,106.5,0,0.1,-4.017704487412857,0.99095832088156,-0.0908280317377182
1065,106.5,1,0.2,-3.8713723287614323,0.9954581545599956,-0.045521909570494325
1065,106.5,2,0.3,-3.820162504241176,0.996497290805192,-0.035088580432775844
1066,106.60000000000001,0,0.1,-4.026448060575791,0.9912945407081949,-0.08743573162933203
1066,106.60000000000001,1,0.2,-3.8760069699632727,0.9953760821749638,-0.046346412018399216
1066,106.60000000000001,2,0.3,-3.8237474581039455,0.9964214644122993,-0.03584953862768941
1067,106.7,0,0.1,-4.03482242160557,0.9916606062539162,-0.08374361029779763
1067,106.7,1,0.2,-3.8807170235826915,0.9953010212885041,-0.04710053619419165
1067,106.7,2,0.3,-3.827416548985312,0.9963376320077711,-0.036690908813665636
1068,106.8,0,0.1,-4.0427975615016996,0.9920565771600589,-0.07975139896129867
1068,106.8,1,0.2,-3.8854948128769613,0.9952336061853768,-0.04777789294270023
1068,106.8,2,0.3,-3.831177874485783,0.9962457394236868,-0.03761325500471582
1069,106.9,0,0.1,-4.050343792047823,0.992482170765752,-0.0754623054612249
1069,106.9,1,0.2,-3.890332111007946,0.9951743827533897,-0.04837298130984134
1069,106.9,2,0.3,-3.8350391318890082,0.9961461876656168,-0.038612574032247424
1070,107.0,0,0.1,-4.05743212227747,0.9929367327299335,-0.07088330229648013
1070,107.0,1,0.2,-3.8952202423326057,0.9951237961470006,-0.048881313246600944
1070,107.0,2,0.3,-3.839007189132524,0.9960398050927902,-0.039680572435159024
1071,107.10000000000001,0,0.1,-4.064034657040239,0.9934192140777289,-0.06602534762767723
1071,107.10000000000001,1,0.2,-3.9001501824505187,0.99508219209166,-0.04929940117912614
1071,107.10000000000001,2,0.3,-3.843087700803659,0.9959278023043453,-0.04080511671134531
1072,107.2,0,0.1,-4.070125008848438,0.9939281567906855,-0.060903518082001805
1072,107.2,1,0.2,-3.9051126433823407,0.9950498317350621,-0.04962460931822237
1072,107.2,2,0.3,-3.8472847778156094,0.9958117184064527,-0.041970770119508394
1073,107.3,0,0.1,-4.075678711676081,0.9944616904701225,-0.05553702827642542
1073,107.3,1,0.2,-3.910098133002042,0.9950269173069086,-0.049854896197015275
1073,107.3,2,0.3,-3.851600711203966,0.9956933668675776,-0.04315933388356698
1074,107.4,0,0.1,-4.080673622942629,0.995017542558853,-0.04994911266547959
1074,107.4,1,0.2,-3.915096982582046,0.9950136238755929,-0.04998849580003757
1074,107.4,2,0.3,-3.856035745050518,0.9955747863929955,-0.04435033846551816
1075,107.5,0,0.1,-4.085090298181408,0.9955930639277827,-0.04416675238778896
1075,107.5,1,0.2,-3.9200993418685677,0.9950101316759206,-0.050023592865218805
1075,107.5,2,0.3,-3.860587892509988,0.9954581978600168,-0.04552147459470116
1076,107.60000000000001,0,0.1,-4.088912322503759,0.9961852703162206,-0.03822024322351354
1076,107.60000000000001,1,0.2,-3.9250951461997707,0.9950166539442519,-0.049958043312026315
1076,107.60000000000001,2,0.3,-3.865252792644257,0.9953459636130323,-0.046649001342685036
1077,107.7,0,0.1,-4.092126584353681,0.9967908983594624,-0.032142618499222
1077,107.7,1,0.2,-3.930074063794563,0.9950334566700825,-0.04978917594792359
1077,107.7,2,0.3,-3.8700236131167975,0.9952405418151238,-0.04770820472541009
1078,107.8,0,0.1,-4.094723480259093,0.9974064731118001,-0.025968959054118255
1078,107.8,1,0.2,-3.9350254329869876,0.9950608686296922,-0.04951369192425063
1078,107.8,2,0.3,-3.874891012326922,0.9951444273813828,-0.04867399210124745
1079,107.9,0,0.1,-4.096697043944674,0.9980283825107047,-0.019735636855811572
1079,107.9,1,0.2,-3.939938198956157,0.9950992819279901,-0.049127659691690334
1079,107.9,2,0.3,-3.8798431811405862,0.9950600729582052,-0.049521688136638035
1080,108.0,0,0.1,-4.098044998531123,0.9986529534962703,-0.013479545864490617
1080,108.0,1,0.2,-3.944800857930623,0.9951491446116634,-0.04862658974466082
1080,108.0,2,0.3,-3.884865986058082,0.9949897882739205,-0.05022804917495912
1081,108.10000000000001,0,0.1,-4.098768735681309,0.999276524684375,-0.007237371501859707
1081,108.10000000000001,1,0.2,-3.9496014146078147,0.9952109475787075,-0.048005566771914046
1081,108.10000000000001,2,0.3,-3.8899432305860575,0.9949356228917996,-0.05077244527975211
1082,108.2,0,0.1,-4.09887322960743,0.9998955115331797,-0.001044939261207804
1082,108.2,1,0.2,-3.9543273561811856,0.9952852081173292,-0.04725941573371186
1082,108.2,2,0.3,-3.895057039627284,0.9948992442201208,-0.05113809041226893
1083,108.3,0,0.1,-4.098366896261703,1.0005064615540937,0.0050633334572761195
1083,108.3,1,0.2,-3.9589656441931904,0.9953724522339686,-0.04638288012005096
1083,108.3,2,0.3,-3.9001883546914566,0.9948818276435706,-0.05131315064172817
1084,108.4,0,0.1,-4.09726140866099,1.0011060988773628,0.011054876007125127
1084,108.4,1,0.2,-3.9635027234638267,0.9954731977251283,-0.045370792706359034
1084,108.4,2,0.3,-3.905317509112243,0.9948839772307337,-0.05129154420786104
1085,108.5,0,0.1,-4.095571478434429,1.0016913589633556,0.01689930226561483
1085,108.5,1,0.2,-3.9679245455346295,0.995587939790705,-0.044218220708030234
1085,108.5,2,0.3,-3.9104248364952996,0.9949056928378345,-0.05107327383056705
1086,108.60000000000001,0,0.1,-4.0933146119211345,1.0022594151534767,0.0225686651329385
1086,108.60000000000001,1,0.2,-3.972216602502526,0.9957171407448703,-0.04292056967896219
1086,108.60000000000001,2,0.3,-3.915491256316217,0.9949463928367499,-0.05066419820916946
1087,108.7,0,0.1,-4.090510847160789,1.0028076989847823,0.028037647603459875
1087,108.7,1,0.2,-3.976363966144254,0.9958612247936365,-0.041473636417281995
1087,108.7,2,0.3,-3.920498780593246,0.9950049924713076,-0.0500752427702917
1088,108.8,0,0.1,-4.087182476471256,1.0033339158656838,0.03328370689533256
1088,108.8,1,0.2,-3.980351327407511,0.996020577706313,-0.03987361263257277
1088,108.8,2,0.3,-3.9254308954415866,0.9950800280584916,-0.04932114848341054
1089,108.9,0,0.1,-4.083353758288684,1.0038360570872429,0.038287181825712516
1089,108.9,1,0.2,-3.9841630331961033,0.9961955495405964,-0.03811705788591921
1089,108.9,2,0.3,-3.9302727893415916,0.9951698091723009,-0.04841893900004588
1090,109.0,0,0.1,-4.079050621553554,1.0043124085224966,0.04303136735130298
1090,109.0,1,0.2,-3.987783121057037,0.9963864567573805,-0.036200878609340244
1090,109.0,2,0.3,-3.935011422508164,0.9952725764425068,-0.04738633166572462
1091,109.10000000000001,0,0.1,-4.074300365933798,1.004761555970081,0.047502556197556556
1091,109.10000000000001,1,0.2,-3.9911953573850156,0.996593578734398,-0.034122363279782
1091,109.10000000000001,2,0.3,-3.939635454256154,0.995386642627591,-0.04624031747989804
1092,109.2,0,0.1,-4.06913136127372,1.005182387012545,0.05169004660078374
1092,109.2,1,0.2,-3.9943832898696496,0.9968171435766495,-0.03187932484634185
1092,109.2,2,0.3,-3.9441350633290786,0.9955104990015025,-0.04499609072924827
1093,109.3,0,0.1,-4.063572749600734,1.005574089419824,0.05558611672986085
1093,109.3,1,0.2,-3.9973303284207145,0.997057299704331,-0.029470385510649854
1093,109.3,2,0.3,-3.94850170664215,0.9956428766120936,-0.043666433130715984
1094,109.4,0,0.1,-4.0576541527289285,1.0059361463719936,0.059185968718051214
1094,109.4,1,0.2,-4.000019869057394,0.9973140729373947,-0.02689540636679359
1094,109.4,2,0.3,-3.952727863509915,0.9957827607663073,-0.04226156867764703
1095,109.5,0,0.1,-4.051405388062935,1.0062683289255083,0.06248764665994244
1095,109.5,1,0.2,-4.002435471255665,0.9975873130209099,-0.024156021982709983
1095,109.5,2,0.3,-3.956806805882286,0.9959293652138408,-0.040789423723712845
1096,109.60000000000001,0,0.1,-4.044856194830186,1.0065706860934294,0.06549193232748049
1096,109.60000000000001,1,0.2,-4.004561091215442,0.9978766375704957,-0.02125619959777044
1096,109.60000000000001,2,0.3,-3.960732422655822,0.9960820783872797,-0.03925616773535644
1097,109.7,0,0.1,-4.038035972852902,1.0068435326557275,0.06820221977284323
1097,109.7,1,0.2,-4.0063813629777405,0.9981813839275919,-0.01820271762298479
1097,109.7,2,0.3,-3.9644991108319756,0.9962403968952115,-0.037666881761537686
1098,109.8,0,0.1,-4.030973536199338,1.0070874344731622,0.0706243665356472
1098,109.8,1,0.2,-4.00788190885869,0.9985005793751179,-0.015005458809494741
1098,109.8,2,0.3,-3.9681017312505538,0.9964038612323829,-0.036026204185783776
1099,109.9,0,0.1,-4.023696884543731,1.0073031908182928,0.07276651655606249
1099,109.9,1,0.2,-4.009049653131502,0.9988329372752143,-0.011677442728118662
1099,109.9,2,0.3,-3.9715356143193974,0.9965720059649419,-0.03433883068843331
1100,110.0,0,0.1,-4.016232995580312,1.007491813213916,0.07463888963419299
1100,110.0,1,0.2,-4.00987311050869,0.9991768815707948,-0.008234573771881883
1100,110.0,2,0.3,-3.9747965931533487,0.9967443323827029,-0.03260978833951452
1101,110.10000000000001,0,0.1,-4.008607642075713,1.007654500551044,0.07625353504598269
1101,110.10000000000001,1,0.2,-4.010342624565249,0.999530596147918,-0.0046951405655888834
1101,110.10000000000001,2,0.3,-3.9778810384572734,0.9969203067104601,-0.03084445303924447
1102,110.2,0,0.1,-4.000845236855472,1.0077926107930255,0.07762405220241406
1102,110.2,1,0.2,-4.010450539844237,0.9998920905436555,-0.0010791527898846357
1102,110.2,2,0.3,-3.9807858712202773,0.9970993821814627,-0.029048327630040713
1103,110.3,0,0.1,-3.992968708113047,1.0079076301984848,0.07876528742425397
1103,110.3,1,0.2,-4.010191302539143,1.0002592709099887,0.002592373050944877
1103,110.3,2,0.3,-3.9835085351905573,0.9972810391177505,-0.027226639702801363
1104,110.4,0,0.1,-3.9849994060254312,1.0080011414985928,0.07969302087615246
1104,110.4,1,0.2,-4.009561495192977,1.0006300057164557,0.006298073461658578
1104,110.4,2,0.3,-3.986046920161387,0.9974648340040582,-0.025383849708295936
1105,110.5,0,0.1,-3.976957040068596,1.0080747926527545,0.08042365956835619
1105,110.5,1,0.2,-4.008559818009251,1.0010021790298642,0.010016771837256258
1105,110.5,2,0.3,-3.9883992379789217,0.9976504467139121,-0.023523178175347773
1106,110.60000000000001,0,0.1,-3.9688596450529805,1.0081302675861272,0.0809739501561488
1106,110.60000000000001,1,0.2,-4.007187031676345,1.0013737290353908,0.013727863329061557
1106,110.60000000000001,2,0.3,-3.9905638642054297,0.9978377148873254,-0.021646262265078528
1107,110.7,0,0.1,-3.960723573107625,1.0081692597236986,0.08136071945355834
1107,110.7,1,0.2,-4.005445874387904,1.0017426739829323,0.0174115728844103
1107,110.7,2,0.3,-3.9925391675824757,0.9980266462507563,-0.019753033770461018
1108,110.8,0,0.1,-3.95256350882482,1.0081934483509536,0.08160064282805488
1108,110.8,1,0.2,-4.003340960886154,1.0021071303873528,0.02104913501750025
1108,110.8,2,0.3,-3.994323354833637,0.9982174034647264,-0.017841872511615745
1109,110.9,0,0.1,-3.9443925054805087,1.0082044771014176,0.08171003344310726
1109,110.9,1,0.2,-4.000878666503019,1.0024653283195868,0.024622943831349563
1109,110.9,2,0.3,-3.995914358299577,0.9984102615091256,-0.01591003465939742
1110,111.0,0,0.1,-3.936222041366674,1.0082039334469834,0.08170464113835173
1110,111.0,1,0.2,-3.9980669966266023,1.002815626327373,0.0281166987641706
1110,111.0,2,0.3,-3.997309787697389,0.9986055437610792,-0.013954293978120884
1111,111.10000000000001,0,0.1,-3.928062096343418,1.008193328114265,0.08159945023255426
1111,111.10000000000001,1,0.2,-3.99491544279981,1.0031565251936923,0.03151553826792062
1111,111.10000000000001,2,0.3,-3.9985069556019233,0.9988035484150816,-0.011971679045340668
1112,111.2,0,0.1,-3.9199212492494384,1.008174073893246,0.08140847093979904
1112,111.2,1,0.2,-3.9914348300982474,1.003486677067814,0.03480612701562722
1112,111.2,2,0.3,-3.9995029712564825,0.9990044802043915,-0.00996015654559258
1113,111.3,0,0.1,-3.9118067964416756,1.0081474642093569,0.08114452807763256
1113,111.3,1,0.2,-3.9876371644761908,1.0038048858913078,0.0379766562205685
1113,111.3,2,0.3,-4.00029488247406,0.9992084022613561,-0.00791911217577868
1114,111.4,0,0.1,-3.903724890365032,1.008114652838865,0.08081906076643029
1114,111.4,1,0.2,-3.9835354908443836,1.004110097007807,0.04101673631806785
1114,111.4,2,0.3,-4.000879834601705,0.9994152189234967,-0.005849521276450388
1115,111.5,0,0.1,-3.895680694884248,1.0080766369514171,0.08044195480784401
1115,111.5,1,0.2,-3.9791437708063335,1.0044013777733438,0.04391720038050356
1115,111.5,2,0.3,-4.001255212091784,0.9996246929552367,-0.0037537749007834267
1116,111.60000000000001,0,0.1,-3.887678551612792,1.0080342459929843,0.08002143271455192
1116,111.60000000000001,1,0.2,-3.974476782830866,1.004677895325405,0.04666987975467098
1116,111.60000000000001,2,0.3,-4.001418733759933,0.9998364917007897,-0.00163521668149244
1117,111.7,0,0.1,-3.8797221492672813,1.0079881386276928,0.07956402345511213
1117,111.7,1,0.2,-3.9695500386582254,1.0049389005322709,0.04926744172640887
1117,111.7,2,0.3,-4.001368486506157,1.0000502485161897,0.0005024725377556224
1118,111.8,0,0.1,-3.8718146867636154,1.0079388090547075,0.07907462503666368
1118,111.8,1,0.2,-3.96437970087608,1.0051837270442598,0.051703377821457785
1118,111.8,2,0.3,-4.001102900881195,1.0002656208959466,0.0026558562496249837
1119,111.9,0,0.1,-3.863959020775109,1.00788660268897,0.07855665988505618
1119,111.9,1,0.2,-3.9589824812592185,1.0054118108455354,0.053972196168609994
1119,111.9,2,0.3,-4.000620690435348,1.0004823267279948,0.004822104458472453
1120,112.0,0,0.1,-3.8561577899180115,1.0078317397425571,0.07801230857098052
1120,112.0,1,0.2,-3.9533755002239377,1.0056227295736062,0.05606981035281108
1120,112.0,2,0.3,-3.9999207899805835,1.0007001454422397,0.006999004547641306
1121,112.10000000000001,0,0.1,-3.8484135104053308,1.0077743440044302,0.07744279512680091
1121,112.10000000000001,1,0.2,-3.947576095332436,1.0058162539958948,0.057994048915012746
1121,112.10000000000001,2,0.3,-3.9990023316497187,1.000918880242877,0.009184583308647127
1122,112.2,0,0.1,-3.840728641422237,1.0077144733754395,0.07684868983094166
1122,112.2,1,0.2,-3.9416015796549266,1.0059923986926795,0.05974515677509624
1122,112.2,2,0.3,-3.997864690406557,1.0011382886024252,0.011376412431616892
1123,112.3,0,0.1,-3.8331056219736714,1.0076521486317218,0.07623019448566015
1123,112.3,1,0.2,-3.9354689655324875,1.006151457099636,0.06132614122439499
1123,112.3,2,0.3,-3.9965076140276303,1.0013579976237619,0.013570763789268686
1124,112.4,0,0.1,-3.8255468838887596,1.0075873774593311,0.07558738084911165
1124,112.4,1,0.2,-3.929194681623538,1.0062940084591323,0.0627428390894904
1124,112.4,2,0.3,-3.9949314308796042,1.001577425977574,0.01576183148025966
1125,112.5,0,0.1,-3.8180548475449356,1.0075201718683464,0.0749203634382443
1125,112.5,1,0.2,-3.9227943173314683,1.0064208903917435,0.06400364292069946
1125,112.5,2,0.3,-3.9931373079276375,1.0017957333534924,0.017941229519667833
1126,112.60000000000001,0,0.1,-3.8106319074655235,1.0074505583931939,0.074229400794115
1126,112.60000000000001,1,0.2,-3.9162824267983884,1.006533138989739,0.06511890533079323
1126,112.60000000000001,2,0.3,-3.991127517000352,1.0020118119107624,0.020097909272854216
1127,112.7,0,0.1,-3.803280414306982,1.0073785817241536,0.07351493158541862
1127,112.7,1,0.2,-3.909672414968125,1.0066319061724978,0.06610011830264038
1127,112.7,2,0.3,-3.988905663187331,1.0022243239593,0.02221853813020884
1128,112.8,0,0.1,-3.796002658192221,1.0073043033441376,0.07277756114761638
1128,112.8,1,0.2,-3.9029765133539676,1.0067183692824753,0.0669590161415761
1128,112.8,2,0.3,-3.986476836137814,1.0024317790394095,0.024288270495175505
1129,112.9,0,0.1,-3.788800856316563,1.0072277972177504,0.07201801875657052
1129,112.9,1,0.2,-3.8962058370704713,1.0067936491301337,0.0677067628349568
1129,112.9,2,0.3,-3.983847660585893,1.0026326348650114,0.026291755519205463
1130,113.0,0,0.1,-3.7816771457273943,1.0071491445743612,0.07123710589169235
1130,113.0,1,0.2,-3.889370501542304,1.0068587497516814,0.06835335528167563
1130,113.0,2,0.3,-3.981026241941456,1.002825402591934,0.028214186444370175
1131,113.10000000000001,0,0.1,-3.7746335805413667,1.007068429434663,0.07043565186027066
1131,113.10000000000001,1,0.2,-3.882479770167401,1.0069145270895699,0.0689073137490256
1131,113.10000000000001,2,0.3,-3.9780220207681385,1.003008738368165,0.03004221173317411
1132,113.2,0,0.1,-3.7676721318360524,1.006985735914697,0.06961448705314628
1132,113.2,1,0.2,-3.8755422042886285,1.006961686536221,0.06937565878772872
1132,113.2,2,0.3,-3.9748455618796847,1.0031815091799205,0.031764588884539285
1133,113.3,0,0.1,-3.7607946880769707,1.0069011476850593,0.06877443759082116
1133,113.3,1,0.2,-3.868565793252046,1.0070008028815782,0.06976411036582816
1133,113.3,2,0.3,-3.97150830736898,1.0033428293443605,0.033372545107048464
1134,113.4,0,0.1,-3.7540030541070606,1.0068147494168214,0.06791633969909537
1134,113.4,1,0.2,-3.8615580526208073,1.0070323523027638,0.0700774063123817
1134,113.4,2,0.3,-3.968022318678577,1.0034920718154927,0.034859886904029885
1135,113.5,0,0.1,-3.7472989472389804,1.0067266296962134,0.06704106868080588
1135,113.5,1,0.2,-3.8545260895782123,1.0070567453500787,0.07031963042595413
1135,113.5,2,0.3,-3.964400023715953,1.0036288634015684,0.036222949626238794
1136,113.60000000000001,0,0.1,-3.7406839896424273,1.0066368847509568,0.06614957596552498
1136,113.60000000000001,1,0.2,-3.847476643301614,1.0070743521127232,0.07049446276597603
1136,113.60000000000001,2,0.3,-3.9606539750583574,1.0037530738673885,0.03746048657595438
1137,113.7,0,0.1,-3.7341596968447854,1.00654562235743,0.06524292797642255
1137,113.7,1,0.2,-3.8404161128320715,1.0070855147810158,0.07060530469542982
1137,113.7,2,0.3,-3.9567966182079974,1.003864806026259,0.03857356850360147
1138,113.8,0,0.1,-3.7277274626735406,1.0064529654150305,0.06432234171245198
1138,113.8,1,0.2,-3.833350585358276,1.0070905472041898,0.07065527473796031
1138,113.8,2,0.3,-3.952840066814919,1.0039643888755998,0.03956551393078603
1139,113.9,0,0.1,-3.721388541344764,1.0063590548096184,0.06338921328776241
1139,113.9,1,0.2,-3.826285874812261,1.0070897244842805,0.07064710546014494
1139,113.9,2,0.3,-3.948795884796255,1.0040523707579603,0.04044182018663733
1140,114.0,0,0.1,-3.7151440276713386,1.006264051295412,0.062445136734256224
1140,114.0,1,0.2,-3.819227575904366,1.0070832674101122,0.07058298907895068
1140,114.0,2,0.3,-3.9446748814209744,1.0041295063859896,0.041210033752807754
1141,114.10000000000001,0,0.1,-3.7089948365660526,1.0061681361933257,0.06149191105285476
1141,114.10000000000001,1,0.2,-3.8121811339148897,1.0070713265767612,0.07046441989475859
1141,114.10000000000001,2,0.3,-3.9404869317112374,1.0041967314259717,0.04187949709736658
1142,114.2,0,0.1,-3.70294168316815,1.0060715107522005,0.06053153397902811
1142,114.2,1,0.2,-3.805151926896827,1.0070539698808079,0.07029207018063266
1142,114.2,2,0.3,-3.936240838065693,1.0042551210737471,0.042460936455446435
1143,114.3,0,0.1,-3.6969850650155833,1.0059743940797512,0.059566181525671
1143,114.3,1,0.2,-3.7981453548345527,1.007031175516698,0.07006572062274462
1143,114.3,2,0.3,-3.93194424812401,1.0043058335181245,0.04296589941683382
1144,114.4,0,0.1,-3.6911252476817435,1.0058770196478244,0.05859817333839279
1144,114.4,1,0.2,-3.7911669294666512,1.0070028313168768,0.06978425367900902
1144,114.4,2,0.3,-3.9276036385462256,1.0043500436685004,0.0434060957778389
1145,114.5,0,0.1,-3.6853622551526795,1.0057796305166864,0.0576299252906442
1145,114.5,1,0.2,-3.7842223583010064,1.0069687406164125,0.06944571165645236
1145,114.5,2,0.3,-3.923224366130919,1.0043888754417223,0.043792724153066946
1146,114.60000000000001,0,0.1,-3.679695865916628,1.0056824735852488,0.05666389236051078
1146,114.60000000000001,1,0.2,-3.777317616299324,1.0069286346920352,0.06904742001681752
1146,114.60000000000001,2,0.3,-3.9188107789955136,1.0044233413561947,0.04413587135405252
1147,114.7,0,0.1,-3.674125615288207,1.0055857933199472,0.05570250628421075
1147,114.7,1,0.2,-3.770458998651675,1.006882191830284,0.06858617647649225
1147,114.7,2,0.3,-3.9143663737933774,1.0044542962187366,0.04444405202136434
1148,114.8,0,0.1,-3.668650803953161,1.0054898255020286,0.05474811335046548
1148,114.8,1,0.2,-3.7636531483155444,1.0068290627657572,0.06805850336131179
1148,114.8,2,0.3,-3.9098939816516847,1.0044824082137944,0.04472392141692959
1149,114.9,0,0.1,-3.663270512184368,1.0053947915312056,0.053802917687923855
1149,114.9,1,0.2,-3.7569070531268145,1.0067689013441994,0.06746095188729354
1149,114.9,2,0.3,-3.9053959658478816,1.0045081470613786,0.04498015803802662
1150,115.0,0,0.1,-3.6579836187404697,1.0053008937268357,0.05286893443898622
1150,115.0,1,0.2,-3.750228009770445,1.0067013979077408,0.06679043356370087
1150,115.0,2,0.3,-3.900874417126873,1.0045317863465852,0.04521548721008885
1151,115.10000000000001,0,0.1,-3.652788823189282,1.0052083118963444,0.051947955511870716
1151,115.10000000000001,1,0.2,-3.743623555754496,1.006626311514827,0.06604454015948105
1151,115.10000000000001,2,0.3,-3.8963313362438705,1.0045534163206062,0.045430808830020944
1152,115.2,0,0.1,-3.647684670333431,1.0051172012349001,0.05104152855851597
1152,115.2,1,0.2,-3.7371013751840056,1.0065434963066826,0.06522180570490847
1152,115.2,2,0.3,-3.891768796148327,1.004572964329237,0.04562540095543614
1153,115.3,0,0.1,-3.6426695755430702,1.0050276914272114,0.05015094790360949
1153,115.3,1,0.2,-3.730669188489772,1.006452917631653,0.06432186694233986
1153,115.3,2,0.3,-3.8871890773294444,1.004590221758495,0.0457971881888301
1154,115.4,0,0.1,-3.6377418500696344,1.004939886680097,0.04927725473435475
1154,115.4,1,0.2,-3.7243346390610284,1.006354655118051,0.06334549428743134
1154,115.4,2,0.3,-3.882594769437997,1.0046048779050476,0.045943078914470435
1155,115.5,0,0.1,-3.63289972575577,1.0048538663422704,0.04842124313864824
1155,115.5,1,0.2,-3.7181051899618796,1.0062488924700503,0.06229449099149152
1155,115.5,2,0.3,-3.877988831521986,1.0046165615523945,0.04605937916011089
1156,115.60000000000001,0,0.1,-3.6281413789040986,1.00476968576174,0.047583468516707965
1156,115.60000000000001,1,0.2,-3.7119880412488384,1.00613589667576,0.06117148713040621
1156,115.60000000000001,2,0.3,-3.8733746035758347,1.0046248898884909,0.04614227946151012
1157,115.7,0,0.1,-3.6234649533763923,1.0046873770702671,0.04676425527706573
1157,115.7,1,0.2,-3.7059900733724205,1.006015991703167,0.05997967876418272
1157,115.7,2,0.3,-3.868755764782454,1.00462952207106,0.04618838793381026
1158,115.8,0,0.1,-3.6188685832477834,1.004606949640696,0.04596370128609179
1158,115.8,1,0.2,-3.7001178160060126,1.0058895328685404,0.05872257366408174
1158,115.8,2,0.3,-3.86413623910496,1.0046302121353552,0.0461952567749417
1159,115.9,0,0.1,-3.614350415541795,1.0045283900152688,0.045181677059878446
1159,115.9,1,0.2,-3.694377436040917,1.005756887517593,0.057403799650951985
1159,115.9,2,0.3,-3.859520055946335,1.0046268541455272,0.046161831586247155
1160,116.0,0,0.1,-3.609908633731881,1.0044516611446048,0.04441781809914311
1160,116.0,1,0.2,-3.6887747349232356,1.005618425600398,0.05602701117681671
1160,116.0,2,0.3,-3.854911180780188,1.0046195123668604,0.04608875166147093
1161,116.10000000000001,0,0.1,-3.60554148281418,1.0043767008181614,0.04367150917700862
1161,116.10000000000001,1,0.2,-3.6833151448837818,1.0054745207606588,0.054595900394533776
1161,116.10000000000001,2,0.3,-3.8503133360418866,1.004608431044933,0.04597844738301101
1162,116.2,0,0.1,-3.6012472968140563,1.0043034192284945,0.0429418600012379
1162,116.2,1,0.2,-3.6780037159421615,1.005325559587217,0.053114289416205905
1162,116.2,2,0.3,-3.845729834660915,1.0045940216905698,0.04583501380971893
1163,116.3,0,0.1,-3.59702452954489,1.0042316957140291,0.04222767269166612
1163,116.3,1,0.2,-3.6728450900011063,1.0051719545611209,0.051586259410554995
1163,116.3,2,0.3,-3.8411634468610854,1.0045768296363737,0.045663877998299116
1164,116.4,0,0.1,-3.5928717892431554,1.0041613748759852,0.041527403017341605
1164,116.4,1,0.2,-3.667843463469224,1.005014155545638,0.050016265318819815
1164,116.4,2,0.3,-3.8366163158018973,1.0045574849471692,0.045471310591876375
1165,116.5,0,0.1,-3.588787877323428,1.004092262451754,0.04083911919727578
1165,116.5,1,0.2,-3.663002544142939,1.0048526555065718,0.04840919326285329
1165,116.5,2,0.3,-3.832089930672439,1.0045366446843536,0.04526385129458612
1166,116.60000000000001,0,0.1,-3.5847718309286964,1.004024121515455,0.040160463947312895
1166,116.60000000000001,1,0.2,-3.6583255104044525,1.0046879881321464,0.0467703373848587
1166,116.60000000000001,2,0.3,-3.8275851586707836,1.0045149337400907,0.04504772001654948
1167,116.7,0,0.1,-3.5808229682402213,1.003956669719657,0.03948862688475387
1167,116.7,1,0.2,-3.6538149807207376,1.0045207174343533,0.0451052968371516
1167,116.7,2,0.3,-3.823102331299813,1.004492890272721,0.04482827370970976
1168,116.8,0,0.1,-3.5769409347480514,1.0038895783441506,0.03882033492170088
1168,116.8,1,0.2,-3.649472999305105,1.004351421474848,0.04341981415632715
1168,116.8,2,0.3,-3.818641376262163,1.0044709199096788,0.04460955037650014
1169,116.9,0,0.1,-3.5731257479891867,1.003822473848122,0.03815186758864394
1169,116.9,1,0.2,-3.6453010405602617,1.0041806734796848,0.041719587448430843
1169,116.9,2,0.3,-3.814201983828063,1.0044492611349665,0.04439392434099586
1170,117.0,0,0.1,-3.569377837759346,1.0037549424279908,0.037479102298407695
1170,117.0,1,0.2,-3.6413000317068085,1.0040090235748016,0.04001008853453453
1170,117.0,2,0.3,-3.8097837952443263,1.0044279631689361,0.04418188583737133
1171,117.10000000000001,0,0.1,-3.565698078593176,1.0036865377919508,0.03679759166170046
1171,117.10000000000001,1,0.2,-3.6374703907631556,1.0038369833885152,0.03829640943652574
1171,117.10000000000001,2,0.3,-3.8053865998696836,1.004406877224017,0.04397195374642296
1172,117.2,0,0.1,-3.5620878114326073,1.0036167920248584,0.03610267160568653
1172,117.2,1,0.2,-3.633812076229066,1.0036650143342056,0.0365831453408981
1172,117.2,2,0.3,-3.801010526985548,1.0043856618733489,0.043760728841360216
1173,117.3,0,0.1,-3.5585488518488853,1.0035452290948568,0.0353895958372228
1173,117.3,1,0.2,-3.630324645283011,1.0034935191086485,0.034874309460552796
1173,117.3,2,0.3,-3.7966562179795917,1.0043638027840287,0.04354309005956373
1174,117.4,0,0.1,-3.555083482881615,1.0034713803001332,0.03465368967270048
1174,117.4,1,0.2,-3.627007318411297,1.0033228352898909,0.033173268717134274
1174,117.4,2,0.3,-3.792324965634173,1.0043406457757347,0.04331252345418499
1175,117.5,0,0.1,-3.5516944314062644,1.00339480080339,0.03389051475350706
1175,117.5,1,0.2,-3.623859049348238,1.0031532300669315,0.03148269063059496
1175,117.5,2,0.3,-3.788018810386566,1.0043154400566079,0.04306155247607158
1176,117.60000000000001,0,0.1,-3.5483848278338583,1.0033150863572553,0.03309603572405779
1176,117.60000000000001,1,0.2,-3.6208785993916726,1.002984895913424,0.02980449956565069
1176,117.60000000000001,2,0.3,-3.7837405889293407,1.0042873861114565,0.042782214572248636
1177,117.7,0,0.1,-3.545158149799326,1.003231889363688,0.03226678034532432
1177,117.7,1,0.2,-3.6180646143589907,1.0028179480049402,0.028139850326819805
1177,117.7,2,0.3,-3.7794939377058068,1.004255681024455,0.04246651223534201
1178,117.8,0,0.1,-3.542018151262175,1.0031449334964608,0.03139998537151368
1178,117.8,1,0.2,-3.6154157009567633,1.0026524248731767,0.026489134022275436
1178,117.8,2,0.3,-3.775283261080387,1.0042195539797578,0.0421067662541998
1179,117.9,0,0.1,-3.538968779117766,1.0030540262091023,0.03049372144408664
1179,117.9,1,0.2,-3.6129304978179344,1.0024882938159392,0.024852031388287277
1179,117.9,2,0.3,-3.7711136790511435,1.004178286830649,0.04169582029243202
1180,118.0,0,0.1,-3.536014080017548,1.0029590685259906,0.02954699100218229
1180,118.0,1,0.2,-3.610607735681686,1.0023254618380695,0.02322762136248401
1180,118.0,2,0.3,-3.766990970387779,1.004131218717532,0.041227086633648505
1181,118.10000000000001,0,0.1,-3.53315810064336,1.0028600615685765,0.028559793741875568
1181,118.10000000000001,1,0.2,-3.608446281707247,1.0021637916000008,0.02161453974438825
1181,118.10000000000001,2,0.3,-3.76292152315643,1.0040777386751154,0.04069447231348375
1182,118.2,0,0.1,-3.530404785176418,1.0027571093210657,0.027533154669422865
1182,118.2,1,0.2,-3.6064451648322566,1.002003120445601,0.020011168749906078
1182,118.2,2,0.3,-3.758912296471733,1.0040172743854265,0.04009226684697392
1183,118.3,0,0.1,-3.527757874114966,1.0026504172233528,0.026469110614521348
1183,118.3,1,0.2,-3.6046035820045517,1.0018432795827725,0.01841582827705073
1183,118.3,2,0.3,-3.7549707873354023,1.0039492870990794,0.03941509136330847
1184,118.4,0,0.1,-3.525220808862064,1.0025402863263995,0.025370652529017657
1184,118.4,1,0.2,-3.6029208882442116,1.0016841102838991,0.016826937603398824
1184,118.4,2,0.3,-3.751104987892696,1.0038732812833637,0.03865799442706156
1185,118.5,0,0.1,-3.5227966465443235,1.0024271029749419,0.024241623177407013
1185,118.5,1,0.2,-3.6013965759281135,1.0015254746706388,0.015243123160982619
1185,118.5,2,0.3,-3.7473233145774865,1.0037888328639206,0.037816733152096146
1186,118.60000000000001,0,0.1,-3.520487989257661,1.0023113242878985,0.02308657286662433
1186,118.60000000000001,1,0.2,-3.600030249732492,1.0013672600445236,0.013663261956214867
1186,118.60000000000001,2,0.3,-3.7436344933688432,1.0036956332831974,0.03688821208642908
1187,118.7,0,0.1,-3.5182969313244374,1.0021934600547322,0.021910579332235083
1187,118.7,1,0.2,-3.5988216030663174,1.0012093773739157,0.01208646666174553
1187,118.7,2,0.3,-3.740047394589419,1.0035935401178537,0.035870987794244066
1188,118.8,0,0.1,-3.5162250271989226,1.0020740520020095,0.020719041255149517
1188,118.8,1,0.2,-3.5977703998550434,1.0010517559190222,0.01051203211274003
1188,118.8,2,0.3,-3.736570823918073,1.0034826209525407,0.03476570671346411
1189,118.9,0,0.1,-3.514273281447541,1.00195365164686,0.019517457513814063
1189,118.9,1,0.2,-3.596876462890673,1.0008943366451064,0.008939369643704913
1189,118.9,2,0.3,-3.733213289514312,1.003363177235964,0.03357534403760345
1190,119.0,0,0.1,-3.5124421608828214,1.0018327980897417,0.018311205647197834
1190,119.0,1,0.2,-3.596139667524242,1.000737066866813,0.007367953664308288
1190,119.0,2,0.3,-3.729982773936782,1.0032357393165876,0.032305155775304746
1191,119.10000000000001,0,0.1,-3.5107316276020595,1.0017119970773196,0.017105332807617266
1191,119.10000000000001,1,0.2,-3.595559937984313,1.0005798976155766,0.005797295399289698
1191,119.10000000000001,2,0.3,-3.7268865405705176,1.0031010316477154,0.030962333662640364
1192,119.2,0,0.1,-3.5091411905300576,1.0015917024878076,0.01590437072001995
1192,119.2,1,0.2,-3.595137243424789,1.0004227839074578,0.004226945595240635
1192,119.2,2,0.3,-3.7239309965608984,1.0029599159358946,0.02955544009619339
1193,119.3,0,0.1,-3.507669972215209,1.0014723010874467,0.01471218314848505
1193,119.3,1,0.2,-3.5948715918181975,1.0002656868951045,0.0026565160659154773
1193,119.3,2,0.3,-3.721121619593443,1.002813326965073,0.028093769674556943
1194,119.4,0,0.1,-3.5063167871498844,1.0013541010333467,0.013531850653246648
1194,119.4,1,0.2,-3.59476302148315,1.0001085762290198,0.0010857033504762155
1194,119.4,2,0.3,-3.718462938443582,1.0026622185768579,0.0265868114986056
1195,119.5,0,0.1,-3.5050802277836723,1.0012373242209753,0.012365593662121014
1195,119.5,1,0.2,-3.594811591632842,0.9999514310298188,-0.0004857014969195382
1195,119.5,2,0.3,-3.715958542374179,1.0025075346888077,0.025043960694032565
1196,119.60000000000001,0,0.1,-3.5039587546133846,1.0011221022564696,0.011214731702876722
1196,119.60000000000001,1,0.2,-3.595017374195322,0.9997942386092988,-0.0020578256248036573
1196,119.60000000000001,2,0.3,-3.7136110869723487,1.0023502128324884,0.02347455401830145
1197,119.7,0,0.1,-3.5029507871631154,1.001008475620185,0.010079674502692666
1197,119.7,1,0.2,-3.59538044893566,0.9996369911633198,-0.0036307474033760844
1197,119.7,2,0.3,-3.7114222665828303,1.0021912176055732,0.021888203895185223
1198,119.8,0,0.1,-3.5020547931865353,1.0008963954990946,0.008959939765800739
1198,119.8,1,0.2,-3.59590090267793,0.9994796816702857,-0.0052045374227030665
1198,119.8,2,0.3,-3.7093927357652343,1.0020315917092442,0.020295308175960525
1199,119.9,0,0.1,-3.501269373913544,1.0007857277954766,0.007854192729914052
1199,119.9,1,0.2,-3.596578831632963,0.9993223007868821,-0.006779289550328782
1199,119.9,2,0.3,-3.707521980806928,1.0018725059120617,0.018707549583061936
1200,120.0,0,0.1,-3.500593343535199,1.0006762589383829,0.0067603037834511005
1200,120.0,1,0.2,-3.59741434413902,0.9991648364373277,-0.008355125060571154
1200,120.0,2,0.3,-3.705808161860694,1.0017152883732483,0.01713818946234111
1201,120.10000000000001,0,0.1,-3.500025801329539,1.0005677032882094,0.005675422056596395
1201,120.10000000000001,1,0.2,-3.5984075601301098,0.9990072770846559,-0.009932159910896174
1201,120.10000000000001,2,0.3,-3.7042479609732384,1.0015614186340875,0.01560200887455432
1202,120.2,0,0.1,-3.499566194880951,1.0004597120838146,0.004596064485880275
1202,120.2,1,0.2,-3.599558603719809,0.9988496186068769,-0.01151043589699151
1202,120.2,2,0.3,-3.7028364767750457,1.0014124808108595,0.014114841981927832
1203,120.3,0,0.1,-3.4992143727860543,1.0003518839915486,0.0035182209489683426
1203,120.3,1,0.2,-3.600867586421561,0.9986918736424172,-0.013089827017523559
1203,120.3,2,0.3,-3.701567201327071,1.0012700813189777,0.012692754479749102
1204,120.4,0,0.1,-3.498970625150389,1.0002437773445338,0.0024374763566512724
1204,120.4,1,0.2,-3.6023345803740434,0.9985340815571598,-0.014669939524821622
1204,120.4,2,0.3,-3.7004321002028315,1.0011357455953438,0.01135101124239216
1205,120.5,0,0.1,-3.4988357101567424,1.0001349240950839,0.0013491499364671413
1205,120.5,1,0.2,-3.6039595829609588,0.998376317014906,-0.016250025869154285
1205,120.5,2,0.3,-3.6994217976198374,1.0010108131105633,0.010103025829942288
1206,120.60000000000001,0,0.1,-3.49881086511567,1.0000248453497131,0.00024845041072472197
1206,120.60000000000001,1,0.2,-3.6057424758719145,0.9982186954984821,-0.017828929109556392
1206,120.60000000000001,2,0.3,-3.698525849872156,1.0008963492287577,0.008959477476814595
1207,120.7,0,0.1,-3.4988978007543854,0.9999130681400775,-0.0008693563871542903
1207,120.7,1,0.2,-3.607682982592226,0.9980613748455941,-0.019405067203114294
1207,120.7,2,0.3,-3.6977330774901196,1.000793086709119,0.007927723820362782
1208,120.8,0,0.1,-3.4990986780846898,0.9997991428441957,-0.0020087733030439456
1208,120.8,1,0.2,-3.609780628458049,0.9979045526557577,-0.020976458658231806
1208,120.8,2,0.3,-3.6970319224160715,1.0007014009407273,0.007011550740481497
1209,120.9,0,0.1,-3.4994160679895736,0.9996826604579635,-0.003173899048838087
1209,120.9,1,0.2,-3.6120347069456233,0.9977484600396349,-0.022540784875742258
1209,120.9,2,0.3,-3.6964108010561616,1.0006213142957252,0.006211213599098289
1210,121.0,0,0.1,-3.499852894610564,0.9995632687738671,-0.004368266209904518
1210,121.0,1,0.2,-3.614444255090062,0.9975933524864871,-0.024095481444389704
1210,121.0,2,0.3,-3.695858434568056,1.0005525190705669,0.005523664881055582
1211,121.10000000000001,0,0.1,-3.500412364596372,0.9994406864883424,-0.005594699858079777
1211,121.10000000000001,1,0.2,-3.617008040135555,0.9974394986445624,-0.025637850454927093
1211,121.10000000000001,2,0.3,-3.695364149657266,1.0004944070897064,0.004942849107902459
1212,121.2,0,0.1,-3.5010978851623853,0.9993147143495272,-0.0068552056601327025
1212,121.2,1,0.2,-3.6197245588366793,0.9972871676969906,-0.027165187011243697
1212,121.2,2,0.3,-3.694918151851541,1.0004460972775338,0.004459978057247658
1213,121.3,0,0.1,-3.5019129745897013,0.9991852426678359,-0.008150894273160533
1213,121.3,1,0.2,-3.6225920501934246,0.9971366159697496,-0.028674913567454073
1213,121.3,2,0.3,-3.69451177558403,1.0004064588495325,0.00406376267510856
1214,121.4,0,0.1,-3.5028611691706844,0.9990522548134498,-0.00948194580982972
1214,121.4,1,0.2,-3.625608521604853,0.9969880735673782,-0.030164714114279883
1214,121.4,2,0.3,-3.694137710896449,1.000374134658501,0.0037406468758135612
1215,121.5,0,0.1,-3.5039459306427485,0.9989158266689779,-0.010847614720642168
1215,121.5,1,0.2,-3.6287717872577527,0.9968417322006603,-0.03163265652900107
1215,121.5,2,0.3,-3.6937901973446547,1.0003475739416234,0.0034751355179409612
1216,121.60000000000001,0,0.1,-3.505170557858325,0.9987761223343278,-0.012246272155763748
1216,121.60000000000001,1,0.2,-3.6320795159637362,0.9966977358019159,-0.03307728705983222
1216,121.60000000000001,2,0.3,-3.6934651658204385,1.0003250843526854,0.0032503152421622943
1217,121.7,0,0.1,-3.506538105886346,0.9986333866396676,-0.013675480280209373
1217,121.7,1,0.2,-3.6355292838028572,0.9965561757732921,-0.03449767839121184
1217,121.7,2,0.3,-3.6931603029817865,1.00030490931405,0.0030486283865195987
1218,121.8,0,0.1,-3.5080513150375743,0.9984879351724661,-0.0151320915122852
1218,121.8,1,0.2,-3.6391186252468186,0.9964170925418132,-0.03589341443961595
1218,121.8,2,0.3,-3.6928750140979663,1.0002853295825642,0.002852888838203056
1219,121.9,0,0.1,-3.509712551575337,0.9983401425518843,-0.01661236537762481
1219,121.9,1,0.2,-3.642845075466483,0.9962804843794681,-0.03726450219664239
1219,121.9,2,0.3,-3.692610269275635,1.0002647798703348,0.00264744822331386
1220,122.0,0,0.1,-3.5115237612239425,0.9981904296017652,-0.01811209648605697
1220,122.0,1,0.2,-3.6467061967525374,0.9961463232582269,-0.038611212860544225
1220,122.0,2,0.3,-3.6923683334323973,1.000241965112074,0.0024193584323752002
1221,122.10000000000001,0,0.1,-3.5134864360918363,0.9980392499189751,-0.019626748678936427
1221,122.10000000000001,1,0.2,-3.65069958360058,0.9960145761179555,-0.03993386848042061
1221,122.10000000000001,2,0.3,-3.6921523981119213,1.0002159586361854,0.002159353204760166
1222,122.2,0,0.1,-3.5156015953080146,0.9978870761567421,-0.02115159216178451
1222,122.2,1,0.2,-3.6548228438427586,0.99588522872392,-0.04123260242179029
1222,122.2,2,0.3,-3.6919661485864066,1.0001862668710346,0.001862495255147251
1223,122.3,0,0.1,-3.517869779501537,0.9977343861925086,-0.022681841935222782
1223,122.3,1,0.2,-3.6590735566671135,0.9957583086682844,-0.042507128243552045
1223,122.3,2,0.3,-3.6918133087196243,1.0001528515473896,0.0015283986678228149
1224,122.4,0,0.1,-3.520291059171519,0.997581649263239,-0.02421279669982084
1224,122.4,1,0.2,-3.6634492116301534,0.9956339042674242,-0.04375654963039448
1224,122.4,2,0.3,-3.6916972068038563,1.0001161086558565,0.0011610191576804216
1225,122.5,0,0.1,-3.5228650569196,0.997429312143629,-0.02573997748081127
1225,122.5,1,0.2,-3.6679471350214015,0.9955121771167236,-0.044979233912483596
1225,122.5,2,0.3,-3.6916203985661906,1.000076811187494,0.0007680823766565307
1226,122.60000000000001,0,0.1,-3.525590983376423,0.9972777855070878,-0.02725926456822892
1226,122.60000000000001,1,0.2,-3.6725644106384836,0.9953933676127703,-0.04617275617081746
1226,122.60000000000001,2,0.3,-3.6915843714363326,1.0000360277788427,0.00036027129858059705
1227,122.7,0,0.1,-3.5284676864005973,0.9971274307211677,-0.02876703024174251
1227,122.7,1,0.2,-3.67729780110328,0.9952777943734887,-0.04733390464796641
1227,122.7,2,0.3,-3.691589340762834,0.9999950306858456,-4.969326501403087e-05
1228,122.8,0,0.1,-3.5314937127478836,0.996978547455795,-0.03026026347286498
1228,122.8,1,0.2,-3.6821436737322655,0.9951658496692175,-0.04845872628985779
1228,122.8,2,0.3,-3.6916341375335393,0.9999552042326552,-0.00044796770705349037
1229,122.9,0,0.1,-3.5346673809148674,0.9968313625944367,-0.031736681669835634
1229,122.9,1,0.2,-3.6870979324925406,0.9950579933379513,-0.04954258760274687
1229,122.9,2,0.3,-3.691716180532022,0.9999179603669519,-0.0008204299848290486
1230,123.0,0,0.1,-3.537986863289991,0.9966860210153422,-0.03319482375123883
1230,123.0,1,0.2,-3.6921559556768644,0.9949547470751146,-0.05058023184324088
1230,123.0,2,0.3,-3.69183152405478,0.9998846631290507,-0.0011534352275788906
1231,123.10000000000001,0,0.1,-3.541450275138226,0.9965425788445059,-0.034634118482347695
1231,123.10000000000001,1,0.2,-3.6973125383681884,0.9948566896580798,-0.05156582691323579
1231,123.10000000000001,2,0.3,-3.6919749738458054,0.9998565604974038,-0.0014344979102530629
1232,123.2,0,0.1,-3.545055767346042,0.9964009997746068,-0.03605492207815902
1232,123.2,1,0.2,-3.702561839825921,0.9947644520492064,-0.05249301457732912
1232,123.2,2,0.3,-3.6921402662620144,0.99983472124383,-0.0016529241620900465
1233,123.3,0,0.1,-3.5488016193010634,0.9962611549966814,-0.037458519550217416
1233,123.3,1,0.2,-3.70789733831452,0.9946787100024365,-0.053354984885992364
1233,123.3,2,0.3,-3.692320306381509,0.999819976086755,-0.0018004011949469458
1234,123.4,0,0.1,-3.5526863278201977,0.996122827199823,-0.03884708519133919
1234,123.4,1,0.2,-3.713311798790989,0.9946001712950296,-0.05414460476468524
1234,123.4,2,0.3,-3.6925074583380795,0.9998128655552647,-0.0018715195657035902
1235,123.5,0,0.1,-3.5567086877276357,0.995985718946525,-0.040223599074382735
1235,123.5,1,0.2,-3.7187972611731386,0.9945295552944422,-0.05485462382149953
1235,123.5,2,0.3,-3.692693875709836,0.9998136000028821,-0.0018641737175651935
1236,123.60000000000001,0,0.1,-3.5608678595933174,0.9958494655106956,-0.041591718656813555
1236,123.60000000000001,1,0.2,-3.7243450575937356,0.9944675641830039,-0.05547796420596522
1236,123.60000000000001,2,0.3,-3.692871852919916,0.9998220386269242,-0.0017797721007982307
1237,123.7,0,0.1,-3.565163420357932,0.9957136519605325,-0.04295560764614925
1237,123.7,1,0.2,-3.7299458654855737,0.9944148473916342,-0.05600807891838463
1237,123.7,2,0.3,-3.6930341728209366,0.9998376932721414,-0.001623199010207891
1238,123.8,0,0.1,-3.56959539317035,0.9955778338860639,-0.0443197281241828
1238,123.8,1,0.2,-3.7355897995587823,0.9943719630012948,-0.056439340732089435
1238,123.8,2,0.3,-3.693174423361515,0.9998597592940686,-0.001402505405785428
1239,123.9,0,0.1,-3.5741642537909253,0.9954415607458122,-0.045688606205747655
1239,123.9,1,0.2,-3.7412665404281364,0.9943393413781202,-0.05676740869353618
1239,123.9,2,0.3,-3.693287258902082,0.9998871708251232,-0.0011283554056705928
1240,124.0,0,0.1,-3.578870912348344,0.9953044004029159,-0.04706658557419187
1240,124.0,1,0.2,-3.7469654920477926,0.9943172566005544,-0.056989516196564914
1240,124.0,2,0.3,-3.693368589217013,0.9999186729922895,-0.0008133031493074334
1241,124.10000000000001,0,0.1,-3.5837166709727786,0.9951659631226597,-0.04845758624433958
1241,124.10000000000001,1,0.2,-3.7526759556262284,0.994305810127168,-0.057104635784352556
1241,124.10000000000001,2,0.3,-3.6934156897695742,0.9999529005566522,-0.0004710055256129262
1242,124.2,0,0.1,-3.588703159672955,0.9950259231954398,-0.049864887001767666
1242,124.2,1,0.2,-3.75838730552603,0.9943049288530749,-0.057113498998021456
1242,124.2,2,0.3,-3.6934272377258437,0.9999884521104078,-0.00011547956269453808
1243,124.3,0,0.1,-3.59383225452842,0.9948840364913196,-0.05129094855465269
1243,124.3,1,0.2,-3.764089153433615,0.9943143767756571,-0.05701847907585091
1243,124.3,2,0.3,-3.6934032865180435,1.0000239514946327,0.00023951207800189362
1244,124.4,0,0.1,-3.599105983568072,0.9947401526558522,-0.052737290396516145
1244,124.4,1,0.2,-3.769771490669634,0.9943337767061478,-0.056823372360183685
1244,124.4,2,0.3,-3.69334519554383,1.000058092661527,0.0005809097421360436
1245,124.5,0,0.1,-3.604526426388401,0.9945942212725993,-0.05420442820329138
1245,124.5,1,0.2,-3.775424803989999,0.9943626365846259,-0.0565331332036566
1245,124.5,2,0.3,-3.6932555302528502,1.0000896693110322,0.0008966529097965091
1246,124.60000000000001,0,0.1,-3.6100956135216924,0.9944462920405684,-0.0556918713329099
1246,124.60000000000001,1,0.2,-3.7810401661459765,0.9944003745206027,-0.05615362155976876
1246,124.60000000000001,2,0.3,-3.693137942517824,1.0001175946487348,0.0011758773502633765
1247,124.7,0,0.1,-3.6158154308272894,0.9942965097054022,-0.057198173055973335
1247,124.7,1,0.2,-3.786609307219069,0.9944463378449633,-0.055691410730930146
1247,124.7,2,0.3,-3.692997034142501,1.0001409183033743,0.0014090837532299806
1248,124.8,0,0.1,-3.621687532918718,0.9941451050029773,-0.058721020914290774
1248,124.8,1,0.2,-3.7921246749984876,0.9944998139377113,-0.055153677794187256
1248,124.8,2,0.3,-3.692838200390507,1.0001588463667423,0.0015883375199400099
1249,124.9,0,0.1,-3.6277132681281237,0.9939923831226444,-0.060257352094050115
1249,124.9,1,0.2,-3.797579491766514,0.9945600337304407,-0.05454816768025929
1249,124.9,2,0.3,-3.692667447819096,1.0001707671504607,0.0017075257141073374
1250,125.0,0,0.1,-3.633893616052824,0.9938387111414345,-0.06180347924700587
1250,125.0,1,0.2,-3.8029678110119574,0.9946261717077253,-0.053883192454436686
1250,125.0,2,0.3,-3.692491182554978,1.0001762807997523,0.0017626526411796853
1251,125.10000000000001,0,0.1,-3.6402291375882996,0.9936845055647259,-0.06335521535475135
1251,125.10000000000001,1,0.2,-3.808284571862007,0.9946973481071935,-0.053167608500492756
1251,125.10000000000001,2,0.3,-3.6923159710138007,1.000175226891616,0.0017521154117748521
1252,125.2,0,0.1,-3.6467199366782848,0.9935302206435502,-0.06490799089985547
1252,125.2,1,0.2,-3.8135256430534055,0.994772639259278,-0.05241071191398681
1252,125.2,2,0.3,-3.692148283147568,1.0001677019266288,0.0016768786623267817
1253,125.3,0,0.1,-3.6533656328119206,0.9933763376679119,-0.06645696133636236
1253,125.3,1,0.2,-3.8186878438591094,0.994851100455106,-0.05162200805704247
1253,125.3,2,0.3,-3.6919942360532434,1.0001540589601876,0.0015404709432465845
1254,125.4,0,0.1,-3.6601653434408905,0.9932233550936586,-0.0679971062896931
1254,125.4,1,0.2,-3.823768928020451,0.994931802711119,-0.05081084161341132
1254,125.4,2,0.3,-3.6918593606849144,1.0001348844644202,0.001348753683290012
1255,125.5,0,0.1,-3.667117675761896,0.9930717792318113,-0.06952332321005845
1255,125.5,1,0.2,-3.828767519132532,0.995013881054731,-0.049985911120814026
1255,125.5,2,0.3,-3.6917484147807826,1.000110952058856,0.0011094590413174919
1256,125.60000000000001,0,0.1,-3.674220727488456,0.9929221153224834,-0.07103051726559623
1256,125.60000000000001,1,0.2,-3.833682991838674,0.9950965884596178,-0.04915472706141369
1256,125.60000000000001,2,0.3,-3.691665260539224,1.0000831576989684,0.0008315424155868458
1257,125.7,0,0.1,-3.6814720961657015,0.9927748590626405,-0.07251368677245708
1257,125.7,1,0.2,-3.838515301405895,0.9951793472566364,-0.04832309567221413
1257,125.7,2,0.3,-3.6916128170319835,1.0000524448824253,0.0005244350724043244
1258,125.8,0,0.1,-3.688868896228555,0.9926304889375182,-0.07396800062854124
1258,125.8,1,0.2,-3.8432647729203397,0.9952617893905524,-0.04749471514444984
1258,125.8,2,0.3,-3.691593086869657,1.0000197303569673,0.00019730162326593315
1259,125.9,0,0.1,-3.696407782465541,0.9924894598883942,-0.075388862369852
1259,125.9,1,0.2,-3.847931868432366,0.9953437784550412,-0.04667095512025867
1259,125.9,2,0.3,-3.6916072467344287,0.9999858402354787,-0.00014159864771822088
1260,126.0,0,0.1,-3.7040849780218137,0.9923521988392576,-0.076771955562731
1260,126.0,1,0.2,-3.8525169542453988,0.9954254096459364,-0.04585085813033002
1260,126.0,2,0.3,-3.6916557843117475,0.9999514636006106,-0.0004853757731871076
1261,126.10000000000001,0,0.1,-3.711896304775428,0.9922191023770363,-0.07811326753613512
1261,126.10000000000001,1,0.2,-3.857020090358253,0.995506987802414,-0.04503136112854083
1261,126.10000000000001,2,0.3,-3.6917386612642717,0.9999171264816754,-0.000828769525242841
1262,126.2,0,0.1,-3.719837214012342,0.992090536491896,-0.07940909236914713
1262,126.2,1,0.2,-3.861440860063684,0.9955889875135292,-0.04420769705430845
1262,126.2,2,0.3,-3.6918554833682506,0.9998831847194576,-0.001168221039789041
1263,126.3,0,0.1,-3.7279028158467233,0.9919668378582905,-0.08065601834381667
1263,126.3,1,0.2,-3.865778251068506,0.9956720018904152,-0.04337391004822579
1263,126.3,2,0.3,-3.692005663751919,0.9998498308928407,-0.0015018038366854968
1264,126.4,0,0.1,-3.7360879066740624,0.9918483158209677,-0.08185090827338394
1264,126.4,1,0.2,-3.8700305920210414,0.9957566874474413,-0.042523409525348756
1264,126.4,2,0.3,-3.6921885714794165,0.9998171089991011,-0.0018290772749727897
1265,126.5,0,0.1,-3.7443869948740014,0.9917352541634351,-0.08299088199939436
1265,126.5,1,0.2,-3.8741955418435396,0.9958437115521112,-0.04164949822498502
1265,126.5,2,0.3,-3.6924036634098485,0.9997849312001789,-0.0021509193043202203
1266,126.60000000000001,0,0.1,-3.752794325715921,0.9916279119289874,-0.08407330841918974
1266,126.60000000000001,1,0.2,-3.8782701250871954,0.9959337066075975,-0.040745832436553796
1266,126.60000000000001,2,0.3,-3.6926506006328985,0.9997530932634365,-0.002469372230500045
1267,126.7,0,0.1,-3.7613039067242724,0.9915265229935605,-0.08509581008351792
1267,126.7,1,0.2,-3.8822508050627538,0.9960272324285773,-0.03980679975558625
1267,126.7,2,0.3,-3.6929293510648025,0.9997212884153882,-0.0027875043190396715
1268,126.8,0,0.1,-3.7699095345194356,0.9914312946302503,-0.0860562779516365
1268,126.8,1,0.2,-3.886133587164865,0.9961247461496431,-0.03882782102111236
1268,126.8,2,0.3,-3.6932402773532096,0.9996891220441618,-0.0031092628840713836
1269,126.9,0,0.1,-3.778604823420403,0.9913424057890402,-0.0869528890096675
1269,126.9,1,0.2,-3.889914146291167,0.9962265781901696,-0.037805591263017184
1269,126.9,2,0.3,-3.6935842054656556,0.9996561310240474,-0.00343928112445961
1270,127.0,0,0.1,-3.7873832350913976,0.9912600060869191,-0.08778411670995079
1270,127.0,1,0.2,-3.893587973059758,0.9963329134762813,-0.03673826768591169
1270,127.0,2,0.3,-3.6939624661420494,0.9996218108551566,-0.0037826067639381497
1271,127.10000000000001,0,0.1,-3.7962381075384926,0.9911842164750393,-0.08854872447094175
1271,127.10000000000001,1,0.2,-3.8971505326019775,0.9964437788438327,-0.0356255954221943
1271,127.10000000000001,2,0.3,-3.694376900573078,0.9995856514350577,-0.004144344310285855
1272,127.2,0,0.1,-3.805162681105576,0.9911151322326885,-0.08924573567084046
1272,127.2,1,0.2,-3.9005974269477317,0.9965590393749671,-0.03446894345754377
1272,127.2,2,0.3,-3.694829824251379,0.9995471788761444,-0.004529236783011017
1273,127.3,0,0.1,-3.814150118961555,0.9910528284430498,-0.08987437855979397
1273,127.3,1,0.2,-3.9039245484267053,0.9966784072564031,-0.033271214789738164
1273,127.3,2,0.3,-3.6953239487682126,0.9995059975425807,-0.004941245168335332
1274,127.4,0,0.1,-3.8231935199183225,0.9909973676056194,-0.09043400956766706
1274,127.4,1,0.2,-3.907128208901054,0.9968014657701586,-0.032036604743483396
1274,127.4,2,0.3,-3.6958622689998326,0.9994618246367193,-0.005383202316199916
1275,127.5,0,0.1,-3.8322859221012187,0.9909488087092487,-0.09092402182896714
1275,127.5,1,0.2,-3.910205230004853,0.9969277080738012,-0.03077021103799102
1275,127.5,2,0.3,-3.6964479303913804,0.9994145100746096,-0.005856613915478426
1276,127.60000000000001,0,0.1,-3.841420296726224,0.9909072170406005,-0.09134374625004436
1276,127.60000000000001,1,0.2,-3.913152984204144,0.9970565861622981,-0.029477541992910236
1276,127.60000000000001,2,0.3,-3.6970840954870567,0.999364037214435,-0.006361650956762679
1277,127.7,0,0.1,-3.850589531730044,0.9908726742417351,-0.09169235003820464
1277,127.7,1,0.2,-3.915969385349739,0.9971875611913956,-0.028164011455948313
1277,127.7,2,0.3,-3.6977738287057833,0.9993105045925513,-0.006897332187266018
1278,127.8,0,0.1,-3.8597864050682866,0.9908452885498431,-0.0919687333824334
1278,127.8,1,0.2,-3.9186528387626787,0.9973201438297727,-0.02683453412940004
1278,127.8,2,0.3,-3.6985200131594334,0.9992540938727377,-0.007461844536500875
1279,127.9,0,0.1,-3.8690035471503723,0.9908252055640308,-0.09217142082084898
1279,127.9,1,0.2,-3.9212021717130927,0.9974539138391968,-0.02549332950413823
1279,127.9,2,0.3,-3.6993253041777443,0.999195033141481,-0.00805291018310881
1280,128.0,0,0.1,-3.8782333913292737,0.9908126200862732,-0.09229844178901905
1280,128.0,1,0.2,-3.923616571883303,0.997588512149574,-0.024144001702103554
1280,128.0,2,0.3,-3.70019211362258,0.999133566125947,-0.00866809444835908
1281,128.1,0,0.1,-3.8874681109635607,0.9908077894353242,-0.09234719634287539
1281,128.1,1,0.2,-3.9258955611827564,0.9977236056250174,-0.022789892994536005
1281,128.1,2,0.3,-3.7011226101992096,0.9990699362010671,-0.009304965766295222
1282,128.2,0,0.1,-3.896699541692952,0.9908110481132725,-0.09231430729392001
1282,128.2,1,0.2,-3.928039024018946,0.9978588327398219,-0.021434628361897242
1282,128.2,2,0.3,-3.7021187166704275,0.9990043894781467,-0.009961064712178957
1283,128.3,0,0.1,-3.905919088469398,0.9908228229351119,-0.09219546776443667
1283,128.3,1,0.2,-3.9300472941371374,0.9979937451069777,-0.020082701181909232
1283,128.3,2,0.3,-3.7031820867914873,0.9989371950565986,-0.01063370121059595
1284,128.4,0,0.1,-3.9151176185813537,0.9908436469447752,-0.09198530111956228
1284,128.4,1,0.2,-3.9319212860134996,0.9981277629500662,-0.018739918763622753
1284,128.4,2,0.3,-3.7043140527178338,0.998868674505411,-0.011319659263465209
1285,128.5,0,0.1,-3.924285344140269,0.990874169910573,-0.0916772555891584
1285,128.5,1,0.2,-3.9336626404930017,0.9982601607985364,-0.017413544795022873
1285,128.5,2,0.3,-3.7055155455116817,0.9987992287096296,-0.012014927938480264
1286,128.6,0,0.1,-3.9334116997792954,0.9909151631435398,-0.09126355639026937
1286,128.6,1,0.2,-3.935273844812325,0.9983900929735281,-0.01611204319323359
1286,128.6,2,0.3,-3.7067870037587287,0.9987293497135243,-0.012714582470470694
1287,128.7,0,0.1,-3.9424852230626537,0.9909675169088501,-0.09073523283358825
1287,128.7,1,0.2,-3.936758287630101,0.9985166584224868,-0.01484442817775906
1287,128.7,2,0.3,-3.7081282944242853,0.9986596084627256,-0.013412906655566256
1288,128.8,0,0.1,-3.9514934458150974,0.9910322297266909,-0.0900822275244168
1288,128.8,1,0.2,-3.938120220733267,0.9986389939068333,-0.013619331031657035
1288,128.8,2,0.3,-3.7095386729494244,0.9985906155912377,-0.014103785251388236
1289,128.9,0,0.1,-3.960422803987437,0.9911103901493623,-0.08929358172340038
1289,128.9,1,0.2,-3.939364618146668,0.9987563765279965,-0.012443974134011701
1289,128.9,2,0.3,-3.71101680496854,0.9985229598799608,-0.014781320191158138
1290,129.0,0,0.1,-3.9692585718414928,0.9912031528270071,-0.08835767854056323
1290,129.0,1,0.2,-3.94049694546037,0.9988683135269673,-0.011323273137021172
1290,129.0,2,0.3,-3.7125608608308425,0.9984571355786547,-0.01544055862302417
1291,129.1,0,0.1,-3.9779848235593565,0.9913117115108415,-0.08726251717864171
1291,129.1,1,0.2,-3.941522871350058,0.9989746001923554,-0.010259258896879203
1291,129.1,2,0.3,-3.7141686791552058,0.9983934735230738,-0.016078183243633883
1292,129.2,0,0.1,-3.986584422473705,0.9914372718693796,-0.08599598914349071
1292,129.2,1,0.2,-3.9424479643776205,0.9990753347390743,-0.009250930275626594
1292,129.2,2,0.3,-3.715837980849479,0.9983320908148529,-0.016693016942733566
1293,129.3,0,0.1,-3.9950390356441843,0.9915810265606799,-0.0845461317047732
1293,129.3,1,0.2,-3.9432774184915513,0.9991708897880424,-0.008294541139306834
1293,129.3,2,0.3,-3.717566604214344,0.9982728698439813,-0.017286233648646187
1294,129.4,0,0.1,-4.003329169998026,0.9917441340480239,-0.08290134353842432
1294,129.4,1,0.2,-3.9440158406604566,0.9992618503976505,-0.00738422168905337
1294,129.4,2,0.3,-3.719352727562067,0.998215470821315,-0.017861233477228695
1295,129.5,0,0.1,-4.011434225960759,0.991927701443401,-0.0810505596273316
1295,129.5,1,0.2,-3.9446671171919285,0.9993489355030548,-0.006512765314719375
1295,129.5,2,0.3,-3.721195048920633,0.9981593746737223,-0.018423213585664282
1296,129.6,0,0.1,-4.0193325653442065,0.992132770539602,-0.07898339383447978
1296,129.6,1,0.2,-3.945234356736044,0.9994329213058198,-0.005672395441154488
1296,129.6,2,0.3,-3.7230929015400966,0.9981039471640646,-0.018978526194636216
1297,129.7,0,0.1,-4.027001591875097,0.9923603054226694,-0.07669026530890735
1297,129.7,1,0.2,-3.945719893064418,0.9995145815253144,-0.004855363283740309
1297,129.7,2,0.3,-3.725046296245735,0.9980485119281282,-0.019533947056383782
1298,129.8,0,0.1,-4.034417844636247,0.9926111797839052,-0.07416252761148191
1298,129.8,1,0.2,-3.9461253231914535,0.9995946520486526,-0.00405430127035441
1298,129.8,2,0.3,-3.727055893837643,0.9979924202973911,-0.020095975919076508
1299,129.9,0,0.1,-4.041557106375764,0.9928861622507567,-0.07139261739518027
1299,129.9,1,0.2,-3.9464515573409678,0.9996738190590597,-0.003262341495142892
1299,129.9,2,0.3,-3.729122919903862,0.9979351087609927,-0.020670260662188977
1300,130.0,0,0.1,-4.048394529805342,0.9931858985656086,-0.06837423429577993
1300,130.0,1,0.2,-3.94669886491824,0.9997527230007255,-0.0024730757727244052
1300,130.0,2,0.3,-3.73124903911661,0.9978761393777441,-0.021261192127483106
1301,130.1,0,0.1,-4.054904785573829,0.9935108900335212,-0.0651025576848722
1301,130.1,1,0.2,-3.9468669112669668,0.9998319677702702,-0.0016804634872658998
1301,130.1,2,0.3,-3.733436206448628,0.9978152227756116,-0.021871673320183048
1302,130.2,0,0.1,-4.061062235682632,0.9938614681378154,-0.0615745010880388
1302,130.2,1,0.2,-3.9469547892467705,0.9999121258813529,-0.000878779798037016
1302,130.2,2,0.3,-3.73568651020182,0.9977522262821601,-0.02250303753192146
1303,130.3,0,0.1,-4.066841135908762,0.99423776549914,-0.057789002261281655
1303,130.3,1,0.2,-3.9469610542390066,0.9999937350273888,-6.264992236103236e-05
1303,130.3,2,0.3,-3.738002018259247,0.997687170663423,-0.023155080574261144
1304,130.4,0,0.1,-4.0722158704680265,0.9946396834839095,-0.05374734559265043
1304,130.4,1,0.2,-3.9468837698968926,1.0000772873286257,0.0007728434211396346
1304,130.4,2,0.3,-3.740384636227357,0.9976202182131213,-0.023826179681104807
1305,130.5,0,0.1,-4.077161221664695,0.9950668569197951,-0.049453511966686715
1305,130.5,1,0.2,-3.946720566066367,1.0001632171489954,0.0016320383052549165
1305,130.5,2,0.3,-3.7428359848624724,0.9975516534663832,-0.02451348635115342
1306,130.6,0,0.1,-4.081652676411719,0.9955186167516464,-0.04491454747024093
1306,130.6,1,0.2,-3.9464687029124454,1.0002518948741088,0.0025186315392168633
1306,130.6,2,0.3,-3.74535730398655,0.9974818567313093,-0.025213191240777467
1307,130.7,0,0.1,-4.085666769909265,0.9959939522067542,-0.04014093497546562
1307,130.7,1,0.2,-3.946125130030653,1.0003436319097152,0.0034357288179267262
1307,130.7,2,0.3,-3.747949389800293,0.9974112707399049,-0.025920858137432976
1308,130.8,0,0.1,-4.089181464097612,0.9964914751194123,-0.035146941883460237
1308,130.8,1,0.2,-3.945686528917974,1.0004386973122108,0.004386011126785829
1308,130.8,2,0.3,-3.7506125707632285,0.9973403621574636,-0.0266318096293478
1309,130.9,0,0.1,-4.092176554612019,0.9970093902945957,-0.0299509051440711
1309,130.9,1,0.2,-3.9451493323183806,1.0005373409155278,0.0053719659959353405
1309,130.9,2,0.3,-3.7533467232751483,0.9972695818788195,-0.027341525119199295
1310,131.0,0,0.1,-4.094634095066532,0.997545476825828,-0.02457540454512992
1310,131.0,1,0.2,-3.9445097230166093,1.0006398138954182,0.006396093017713519
1310,131.0,2,0.3,-3.756151322553029,0.9971993299365248,-0.028045992778810633
1311,131.1,0,0.1,-4.096538822178916,0.9980970857291299,-0.019047271123843162
1311,131.1,1,0.2,-3.9437636242781053,1.0007463771394018,0.0074609873850399544
1311,131.1,2,0.3,-3.7590255177049188,0.9971299313925512,-0.028741951518897437
1312,131.2,0,0.1,-4.097878560431958,0.9986611587956025,-0.013397382530425312
1312,131.2,1,0.2,-3.9429067005263505,1.0008572910158111,0.008569237517548832
1312,131.2,2,0.3,-3.7619682150109015,0.997061628183825,-0.029426973059829005
1313,131.3,0,0.1,-4.0986445816792685,0.9992342720720645,-0.007660212473100038
1313,131.3,1,0.2,-3.9419343872491237,1.0009727861270217,0.009723132772265785
1313,131.3,2,0.3,-3.764978151626699,0.996994588701973,-0.030099366157967194
1314,131.4,0,0.1,-4.098831894243996,0.9998127049771757,-0.0018731256472738166
1314,131.4,1,0.2,-3.9408419629193476,1.001093021242575,0.010924243297761382
1314,131.4,2,0.3,-3.7680539442098984,0.9969289328207791,-0.030757925831996297
1315,131.5,0,0.1,-4.098439438150734,1.0003925331142294,0.003924560932615729
1315,131.5,1,0.2,-3.939624664758629,1.0012180393688515,0.012172981607188741
1315,131.5,2,0.3,-3.7711941028615934,0.996864766489893,-0.031401586516952136
1316,131.6,0,0.1,-4.097470168173641,1.0009697398710435,0.009692699770936227
1316,131.6,1,0.2,-3.938277838170374,1.0013477339664991,0.013468265882551
1316,131.6,2,0.3,-3.774397008526458,0.9968022181656426,-0.0320290566486499
1317,131.7,0,0.1,-4.095931013833338,1.0015403394462865,0.015391543403025829
1317,131.7,1,0.2,-3.9367971008508134,1.0014818341523721,0.014807373195605275
1317,131.7,2,0.3,-3.7776608591547185,0.996741469942112,-0.03263850628260475
1318,131.8,0,0.1,-4.093832714360064,1.0021005024441751,0.02098299473273413
1318,131.8,1,0.2,-3.9351785001246458,1.0016199113673627,0.01618600726167228
1318,131.8,2,0.3,-3.7809835942453627,0.9966827790845254,-0.03322735090643424
1319,131.9,0,0.1,-4.091189535775,1.0026466748613294,0.026431785850641713
1319,131.9,1,0.2,-3.9334186468484194,1.0017614027268054,0.017598532762265084
1319,131.9,2,0.3,-3.784362807657304,0.9966264897038766,-0.03379213411941443
1320,132.0,0,0.1,-4.088018885471124,1.003175682132202,0.031706503038766015
1320,132.0,1,0.2,-3.931514819502568,1.0019056407757694,0.019038273458514804
1320,132.0,2,0.3,-3.7877956551314496,0.9965730380101622,-0.03432847474145823
1321,132.1,0,0.1,-4.084340846086878,1.0036848116714694,0.036780393842461435
1321,132.1,1,0.2,-3.9294650439831487,1.0020518777453777,0.020497755194194334
1321,132.1,2,0.3,-3.7912787576071008,0.9965229564890704,-0.034831024756513985
1322,132.2,0,0.1,-4.080177654519638,1.0041718696879658,0.0416319156723978
1322,132.2,1,0.2,-3.92726816352783,1.0021992953652852,0.021968804553186422
1322,132.2,2,0.3,-3.7948080967467317,0.9964768816571645,-0.03529339139631139
1323,132.3,0,0.1,-4.075553153482727,1.0046352105441767,0.04624501036910204
1323,132.3,1,0.2,-3.924923915564078,1.0023469978614041,0.023442479637515667
1323,132.3,2,0.3,-3.798378897535971,0.9964355669383488,-0.03570800789238403
1324,132.4,0,0.1,-4.070492242278292,1.0050737392469429,0.05060911204435147
1324,132.4,1,0.2,-3.922433026792959,1.002493993611957,0.0249088877111939
1324,132.4,2,0.3,-3.8019854957007033,0.9963998977986387,-0.036065981647326155
1325,132.5,0,0.1,-4.06502035088798,1.0054868895315947,0.054718913903129884
1325,132.5,1,0.2,-3.9197973261514885,1.002639177154084,0.026357006414704898
1325,132.5,2,0.3,-3.805621194580199,0.9963709022713202,-0.0363569887949587
1326,132.6,0,0.1,-4.059162957641524,1.0058745813169865,0.05857393246455955
1326,132.6,1,0.2,-3.9170198614531695,1.0027813254269125,0.027774646983191233
1326,132.6,2,0.3,-3.809278124959901,0.9963497480468718,-0.036569303797022584
1327,132.7,0,0.1,-4.052945166187654,1.0062371620457746,0.062177914538702674
1327,132.7,1,0.2,-3.914104994528283,1.0029191192801608,0.029148669248867935
1327,132.7,2,0.3,-3.8129471291529113,0.9963377183786462,-0.036690041930105145
1328,132.8,0,0.1,-4.046391352769736,1.0065753366471284,0.06553813417916673
1328,132.8,1,0.2,-3.911058445853381,1.003051194120644,0.03046548674901146
1328,132.8,2,0.3,-3.81661769433112,0.9963361631114288,-0.03670565178207905
1329,132.9,0,0.1,-4.039524890289951,1.0068900906830422,0.0686646247978512
1329,132.9,1,0.2,-3.9078872649610497,1.0031762144057783,0.031711808923315515
1329,132.9,2,0.3,-3.8202779578594965,0.9963464270705642,-0.03660263528376659
1330,133.0,0,0.1,-4.0323679515809925,1.0071826108027904,0.07156938708959133
1330,133.0,1,0.2,-3.90459971630089,1.0032929585750845,0.03287548660159976
1330,133.0,2,0.3,-3.8239147990880658,0.996369764068593,-0.03636841228569428
1331,133.1,0,0.1,-4.024941390806088,1.007454206071493,0.07426560774904867
1331,133.1,1,0.2,-3.9012050878869435,1.0034003966901852,0.03394628413946525
1331,133.1,2,0.3,-3.827514019477326,0.9964072490404831,-0.035992203892602874
1332,133.2,0,0.1,-4.017264698972538,1.0077062331771844,0.076766918335509
1332,133.2,1,0.2,-3.8977134467352172,1.0034977440316475,0.034916411517264864
1332,133.2,2,0.3,-3.831060599146966,0.9964597020156764,-0.03546579669640539
1333,133.3,0,0.1,-4.009356027087968,1.0079400280373927,0.07908671884567986
1333,133.3,1,0.2,-3.894135375755511,1.0035844799172724,0.035780709797053806
1333,133.3,2,0.3,-3.8345390063310894,0.9965276354658499,-0.03478407184122387
1334,133.4,0,0.1,-4.001232268401472,1.0081568459510566,0.08123758686496636
1334,133.4,1,0.2,-3.8904817283123654,1.0036603301492373,0.036536474431458764
1334,133.4,2,0.3,-3.837933529443616,0.9966112317675213,-0.03394523112526941
1335,133.5,0,0.1,-3.9929091893700424,1.0083578121489989,0.08323079031429732
1335,133.5,1,0.2,-3.8867634288880684,1.0037252208756187,0.03718299424297234
1335,133.5,2,0.3,-3.841228600668217,0.9967103515647924,-0.03295071224601119
1336,133.6,0,0.1,-3.984401597462538,1.0085438843148584,0.08507591907504647
1336,133.6,1,0.2,-3.882991333813065,1.0037792183794088,0.03772095075003749
1336,133.6,2,0.3,-3.8444090846726797,0.9968245683770299,-0.031804840044628725
1337,133.7,0,0.1,-3.9757235327392793,1.0087158282861,0.08678064723259431
1337,133.7,1,0.2,-3.879176149444541,1.0038224714486446,0.03815184368524122
1337,133.7,2,0.3,-3.8474605144016016,0.9969532211509594,-0.030514297289220907
1338,133.8,0,0.1,-3.9668884694838225,1.0088742076228818,0.08835063255454789
1338,133.8,1,0.2,-3.8753283914362218,1.0038551701328027,0.038477580083182826
1338,133.8,2,0.3,-3.850369265601769,0.9970954751178422,-0.02908751200166875
1339,133.9,0,0.1,-3.957909514202607,1.0090193870211808,0.08978955281215906
1339,133.9,1,0.2,-3.871458361635923,1.0038775280353038,0.03870029800298933
1339,133.9,2,0.3,-3.85312267077179,0.9972503819733501,-0.027534051700210293
1340,134.0,0,0.1,-3.94879958719666,1.0091515486851184,0.09109927005947667
1340,134.0,1,0.2,-3.8675761201715275,1.0038897871253223,0.03882241464395751
1340,134.0,2,0.3,-3.8557090804494663,0.9974169321980603,-0.025864096776763518
1341,134.1,0,0.1,-3.939571576688228,1.009270719870462,0.09228010508432219
1341,134.1,1,0.2,-3.8636914383477143,1.003892236980208,0.03884681823813406
1341,134.1,2,0.3,-3.8581178849304396,0.9975940943604925,-0.02408804480973496
1342,134.2,0,0.1,-3.9302384570449647,1.00937680901801,0.09333119643264084
1342,134.2,1,0.2,-3.859813729926026,1.003885236460358,0.03877708421688773
1342,134.2,2,0.3,-3.8603395129680362,0.9977808379514641,-0.022216280375967498
1343,134.3,0,0.1,-3.9208133657276965,1.0094696473620206,0.09425091317266066
1343,134.3,1,0.2,-3.8559519701407274,1.0038692259874171,0.03861759785297469
1343,134.3,2,0.3,-3.862365426005907,0.9979761377388155,-0.02025913037870347
1344,134.4,0,0.1,-3.9113096368377085,1.0095490327261187,0.09503728889988501
1344,134.4,1,0.2,-3.8521146197800675,1.003844722416259,0.03837350360660126
1344,134.4,2,0.3,-3.864188126789372,0.9981789593268268,-0.018227007834649072
1345,134.5,0,0.1,-3.9017407921815432,1.0096147724252005,0.09568844656165798
1345,134.5,1,0.2,-3.8483095737118336,1.00381229444658,0.03805046068234169
1345,134.5,2,0.3,-3.865801198940587,0.9983882281504135,-0.016130721512151808
1346,134.6,0,0.1,-3.8921204933038154,1.0096667227039124,0.09620298877728409
1346,134.6,1,0.2,-3.8445441492339545,1.0037725225949734,0.037654244778793006
1346,134.6,2,0.3,-3.8671993882353077,0.9986027877165293,-0.013981892947208769
1347,134.7,0,0.1,-3.8824624597994695,1.0097048228195447,0.09658033504346458
1347,134.7,1,0.2,-3.8408251212863207,1.0037259521131323,0.03719027947634002
1347,134.7,2,0.3,-3.8683787264075695,0.9988213569737029,-0.011793381722618571
1348,134.8,0,0.1,-3.8727803604053914,1.009729122556869,0.09682099394075847
1348,134.8,1,0.2,-3.8371588016538034,1.003673048803592,0.036663196325164564
1348,134.8,2,0.3,-3.869336685128203,0.9990424999753392,-0.00957958720633427
1349,134.9,0,0.1,-3.863087684016907,1.0097398025126312,0.0969267638848514
1349,134.9,1,0.2,-3.8335511507041478,1.0036141663550895,0.03607650949655855
1349,134.9,2,0.3,-3.8700723337343406,0.9992646219169576,-0.007356486061374375
1350,135.0,0,0.1,-3.853397598066289,1.009737186847799,0.09690085950618262
1350,135.0,1,0.2,-3.830007905026985,1.0035495303926987,0.03543245677162889
1350,135.0,2,0.3,-3.870586462950016,0.999486002926103,-0.005141292156754255
1351,135.1,0,0.1,-3.8437228018019716,1.0097217484009915,0.09674796264318103
1351,135.1,1,0.2,-3.826534703352999,1.0034792402279349,0.03473201673986213
1351,135.1,2,0.3,-3.870881632099499,0.9997048744086442,-0.002951691494832599
1352,135.2,0,0.1,-3.8340753819915743,1.0096941061784486,0.09647419810397843
1352,135.2,1,0.2,-3.82313719578598,1.0034032856376798,0.033975075670193686
1352,135.2,2,0.3,-3.8709621019515406,0.9999195333855705,-0.0008046985204135839
1353,135.3,0,0.1,-3.8244666783978873,1.009655015399351,0.09608703593684745
1353,135.3,1,0.2,-3.8198211262030703,1.0033215738241164,0.03316069582908777
1353,135.3,2,0.3,-3.870833629843004,1.0001284803614312,0.0012847210853636347
1354,135.4,0,0.1,-3.8149071659172753,1.0096053505668663,0.09559512480612586
1354,135.4,1,0.2,-3.8165923829160184,1.0032339612930146,0.03228743287052099
1354,135.4,2,0.3,-3.8705031257932254,1.0003305586722595,0.003305040497787647
1355,135.5,0,0.1,-3.8054063593798735,1.009546082472203,0.09500806537402358
1355,135.5,1,0.2,-3.813457016923831,1.0031402863932153,0.03135365992187734
1355,135.5,2,0.3,-3.8699781931851613,1.0005250704092965,0.005249326080641069
1356,135.6,0,0.1,-3.79597274561053,1.0094782505553717,0.0943361376934391
1356,135.6,1,0.2,-3.8104212296397098,1.0030403999528508,0.030357872841213
1356,135.6,2,0.3,-3.869266599343154,1.0007118470849705,0.007115938420075145
1357,135.7,0,0.1,-3.7866137454878164,1.0094029325118163,0.09359000122714266
1357,135.7,1,0.2,-3.807491332946684,1.0029341930352633,0.029298966930257353
1357,135.7,2,0.3,-3.868375734649467,1.000891261631502,0.008908646936869831
1358,135.8,0,0.1,-3.777335706612784,1.0093212132990759,0.09278038875030092
1358,135.8,1,0.2,-3.8046736844816382,1.0028216217673955,0.028176484650453113
1358,135.8,2,0.3,-3.8673121205881533,1.0010641798993427,0.010636140613133695
1359,135.9,0,0.1,-3.768143925119038,1.0092341556490767,0.09191781493746631
1359,135.9,1,0.2,-3.8019746009720756,1.0027027293148314,0.026990835095627587
1359,135.9,2,0.3,-3.8660810172997966,1.0012318614070854,0.012311032883568085
1360,136.0,0,0.1,-3.7590426934611423,1.0091427737993162,0.09101231657896298
1360,136.0,1,0.2,-3.799400252827979,1.002577664623594,0.02574348144096885
1360,136.0,2,0.3,-3.8646861629480957,1.001395827613499,0.013948543517009153
1361,136.1,0,0.1,-3.750035369978908,1.0090480114919942,0.09007323482234832
1361,136.1,1,0.2,-3.7969565441460693,1.0024466969716448,0.02443708681909712
1361,136.1,2,0.3,-3.86312965552073,1.0015577194137917,0.015565074273658826
1362,136.2,0,0.1,-3.7411244657633227,1.0089507245129574,0.08910904215585776
1362,136.2,1,0.2,-3.7946489834969914,1.0023102251162317,0.0230756064907802
1362,136.2,2,0.3,-3.8614119680591554,1.0017191635317038,0.017176874615746216
1363,136.3,0,0.1,-3.7323117447609,1.0088516673518566,0.0881272100242047
1363,136.3,1,0.2,-3.7924825517775944,1.0021687801281773,0.02166431719396518
1363,136.3,2,0.3,-3.859532074885001,1.0018816612811046,0.018798931741539515
1364,136.4,0,0.1,-3.723598333885054,1.0087514831398112,0.08713410875846923
1364,136.4,1,0.2,-3.790461573506997,1.0020230218236095,0.020209782705974438
1364,136.4,2,0.3,-3.857487660894249,1.0020465052299117,0.02044413990752175
1365,136.5,0,0.1,-3.7149848407938917,1.0086506959616186,0.08613493091162595
1365,136.5,1,0.2,-3.7885895970030012,1.00187372974585,0.01871976503995949
1365,136.5,2,0.3,-3.8552753874948693,1.002214722281709,0.022122733993798084
1366,136.6,0,0.1,-3.70647147759184,1.0085497049354752,0.08513363202052245
1366,136.6,1,0.2,-3.786869287065274,1.0017217905197662,0.017203099377273025
1366,136.6,2,0.3,-3.852891194352958,1.0023870375905028,0.023841931419116526
1367,136.70000000000002,0,0.1,-3.698058188783502,1.0084487799853095,0.08413288808336225
1367,136.70000000000002,1,0.2,-3.7853023316101426,1.0015681837713188,0.015669554551310572
1367,136.70000000000002,2,0.3,-3.8503306221740132,1.0025638532437564,0.025605721789439824
1368,136.8,0,0.1,-3.6897447813055657,1.0083480598096386,0.08313407477936548
1368,136.8,1,0.2,-3.7838893617746168,1.001413968547732,0.014129698355259372
1368,136.8,2,0.3,-3.84758914538021,1.0027452380776811,0.02741476793803588
1369,136.9,0,0.1,-3.6815310535376167,1.0082475529768002,0.08213727767949508
1369,136.9,1,0.2,-3.7826298838530197,1.0012602713970014,0.01259477921597157
1369,136.9,2,0.3,-3.8446625035764526,1.002930928600834,0.029266418037574016
1370,137.0,0,0.1,-3.6734169191422668,1.0081471432027413,0.08114134395350375
1370,137.0,1,0.2,-3.781522221282376,1.0011082762553933,0.011076625706439377
1370,137.0,2,0.3,-3.841547017944402,1.0031203438012881,0.03115485632050951
1371,137.1,0,0.1,-3.665402520755222,1.008046599644884,0.0801439838704533
1371,137.1,1,0.2,-3.780563465647897,1.0009592153875808,0.009587556344788351
1371,137.1,2,0.3,-3.838239875441242,1.0033126171323907,0.03307142503160076
1372,137.20000000000002,0,0.1,-3.657488328224127,1.0079455925333658,0.07914192531093243
1372,137.20000000000002,1,0.2,-3.779749436972223,1.0008143600869364,0.008140286756737428
1372,137.20000000000002,2,0.3,-3.8347393625655157,1.0035066468261584,0.035005128757253735
1373,137.3,0,0.1,-3.6496752164263913,1.0078437138027614,0.07813111797736028
1373,137.3,1,0.2,-3.7790746549194374,1.0006750097694117,0.006747820527857435
1373,137.3,2,0.3,-3.8310450333420625,1.0037011616688356,0.03694329223453462
1374,137.4,0,0.1,-3.6419645186504384,1.0077405017599728,0.0771069777595334
1374,137.4,1,0.2,-3.7785323236012625,1.0005424784063932,0.005423313181749686
1374,137.4,2,0.3,-3.8271578033155484,1.0038947951043766,0.03887230026514253
1375,137.5,0,0.1,-3.634358052922772,1.0076354683773503,0.07606465727666645
1375,137.5,1,0.2,-3.778114333218063,1.0004180777533525,0.0041799038319958615
1375,137.5,2,0.3,-3.8230799712202588,1.0040861577656368,0.040778320952899
1376,137.6,0,0.1,-3.6268581202496115,1.0075281276108472,0.07499932673161051
1376,137.6,1,0.2,-3.777811281796381,1.0003030973464029,0.003030514216817609
1376,137.6,2,0.3,-3.8188151799223884,1.0042738984623938,0.04264791297870627
1377,137.70000000000002,0,0.1,-3.619467475276352,1.007418023195834,0.07390644973258016
1377,137.70000000000002,1,0.2,-3.77761251990949,1.0001987816413436,0.0019876188689100715
1377,137.70000000000002,2,0.3,-3.8143683353612508,1.0044567464463539,0.04446844561136631
1378,137.8,0,0.1,-3.6121892712010335,1.0073047545768352,0.07278204075318731
1378,137.8,1,0.2,-3.7775062206020276,1.000106304957434,0.0010629930746253785
1378,137.8,2,0.3,-3.809745504605218,1.004633532522596,0.046228307560330216
1379,137.9,0,0.1,-3.605026981882912,1.0071879998577136,0.0716228931812198
1379,137.9,1,0.2,-3.777479475817229,1.0000267451424434,0.00026744784798361917
1379,137.9,2,0.3,-3.8049538114404613,1.004803191684907,0.04791693164756967
1380,138.0,0,0.1,-3.597984305040659,1.0070675348120905,0.07042676842253526
1380,138.0,1,0.2,-3.777518419392429,0.9999610571830915,-0.00038943575199736893
1380,138.0,2,0.3,-3.8000013414400664,1.004964753749876,0.04952470000395175
1381,138.1,0,0.1,-3.591065051352472,1.006943247030739,0.06919253688187192
1381,138.1,1,0.2,-3.7776083750848324,0.9999100483534885,-0.0008995569240344793
1381,138.1,2,0.3,-3.7948970606383177,1.0051173298355307,0.051042808017490296
1382,138.20000000000002,0,0.1,-3.5842730252263797,1.006815144245527,0.06792026126090765
1382,138.20000000000002,1,0.2,-3.7777340261682286,0.9998743568103706,-0.0012565108339621018
1382,138.20000000000002,2,0.3,-3.789650745357123,1.0052601012912505,0.05246315281193376
1383,138.3,0,0.1,-3.5776119039701952,1.006683355866107,0.06661121256184833
1383,138.3,1,0.2,-3.777879601162431,0.999854435601323,-0.0014557499420232152
1383,138.3,2,0.3,-3.7842729172419385,1.005392314589751,0.05377828115184919
1384,138.4,0,0.1,-3.571085122894367,1.0065481269260614,0.06526781075828418
1384,138.4,1,0.2,-3.7780290686864637,0.9998505436456809,-0.0014946752403278436
1384,138.4,2,0.3,-3.7787747776701885,1.0055132820802803,0.054981395717502504
1385,138.5,0,0.1,-3.5646957742680083,1.0064098040567127,0.06389348626359234
1385,138.5,1,0.2,-3.778166333811174,0.9998627442957158,-0.0013726512471024747
1385,138.5,2,0.3,-3.7731681385261377,1.0056223857600732,0.05606639144051114
1386,138.6,0,0.1,-3.55844652774209,1.006268813806006,0.0624924652591865
1386,138.6,1,0.2,-3.778275429039427,0.9998909107224149,-0.0010909522825298178
1386,138.6,2,0.3,-3.767465350119032,1.0057190802598535,0.05702788407106021
1387,138.70000000000002,0,0.1,-3.5523395786607757,1.006125634512482,0.06106949081312984
1387,138.70000000000002,1,0.2,-3.778340695213035,0.999934735956182,-0.0006526617360823232
1387,138.70000000000002,2,0.3,-3.7616792298465533,1.0058028921989068,0.057861202724773964
1388,138.8,0,0.1,-3.54637662857943,1.0059807638581348,0.0596295008134618
1388,138.8,1,0.2,-3.7783469507926557,0.9999937444399454,-6.255579620529161e-05
1388,138.8,2,0.3,-3.7558229957733382,1.0058734153347642,0.058562340732154494
1389,138.9,0,0.1,-3.5405588994865425,1.0058346849443558,0.05817729092887689
1389,138.9,1,0.2,-3.778279651190769,1.000067301866556,0.0006729960188689815
1389,138.9,2,0.3,-3.749910207358368,1.005930303452277,0.05912788414970452
1390,139.0,0,0.1,-3.5348871800708594,1.0056878340677715,0.0567171941568333
1390,139.0,1,0.2,-3.778125042065259,1.0001546210781165,0.0015460912550980578
1390,139.0,2,0.3,-3.7439547119337178,1.0059732646448498,0.059554954246506864
1391,139.1,0,0.1,-3.529361899382398,1.0055405732039784,0.05525280688461679
1391,139.1,1,0.2,-3.777870310780907,1.0002547637311208,0.0025473128435217545
1391,139.1,2,0.3,-3.737970591671461,1.0060020608783287,0.05984120262257149
1392,139.20000000000002,0,0.1,-3.523983220900289,1.0053931695424847,0.05378678482107822
1392,139.20000000000002,1,0.2,-3.777503738247392,1.0003666397294366,0.00366572533514825
1392,139.20000000000002,2,0.3,-3.731972103176146,1.0060165154542393,0.05998488495313449
1393,139.3,0,0.1,-3.518751148708075,1.0052457833841453,0.052320721922141857
1393,139.3,1,0.2,-3.777014849452607,1.0004890083203895,0.00488888794785175
1393,139.3,2,0.3,-3.7259736014778824,1.006016528736624,0.0599850169826411
1394,139.4,0,0.1,-3.5136656373371444,1.0050984645323904,0.05085511370931007
1394,139.4,1,0.2,-3.776394556379223,1.0006204854949161,0.006202930733838838
1394,139.4,2,0.3,-3.719989442203257,1.0060021001248522,0.05984159274625596
1395,139.5,0,0.1,-3.508726697770738,1.0049511562326048,0.04938939566406845
1395,139.5,1,0.2,-3.7756352831918694,1.0007595615082068,0.00759273187353625
1395,139.5,2,0.3,-3.7140338593906135,1.0059733525548387,0.059555828126439725
1396,139.6,0,0.1,-3.5039344937892065,1.0048037049553633,0.04792203981531624
1396,139.6,1,0.2,-3.774731062085759,1.0009046300372602,0.00904221106110599
1396,139.6,2,0.3,-3.7081208206479457,1.0059305552645255,0.059130387426681336
1397,139.70000000000002,0,0.1,-3.499289424843147,1.0046558740024154,0.046450689460584824
1397,139.70000000000002,1,0.2,-3.773677589830965,1.0010540273515989,0.010534722547934463
1397,139.70000000000002,2,0.3,-3.702263864989482,1.0058741411584442,0.05856955658462227
1398,139.8,0,0.1,-3.494792193520863,1.004507359043611,0.04497231322284445
1398,139.8,1,0.2,-3.772472239668419,1.0012060768890105,0.012053501625462612
1398,139.8,2,0.3,-3.6964759310152524,1.005804716427028,0.05787933974230049
1399,139.9,0,0.1,-3.4904438570926644,1.004357804161033,0.043483364281986764
1399,139.9,1,0.2,-3.7711140296281065,1.0013591328253006,0.013582100403125236
1399,139.9,2,0.3,-3.690769184015742,1.0057230614996457,0.05706746999510561
1400,140.0,0,0.1,-3.4862458634079587,1.0042068176034582,0.04197993684705875
1400,140.0,1,0.2,-3.769603554678407,1.0015116162915703,0.015104749496997775
1400,140.0,2,0.3,-3.6851548505262017,1.0056301233959093,0.05614333489540754
1401,140.1,0,0.1,-3.482200071627721,1.0040539870441856,0.04045791780238125
1401,140.1,1,0.2,-3.767942894436454,1.0016620399017824,0.01660660241952977
1401,140.1,2,0.3,-3.6796430685014894,1.005526999841506,0.055117820247126775
1402,140.20000000000002,0,0.1,-3.478308758085637,1.0038988945327727,0.03891313542082834
1402,140.20000000000002,1,0.2,-3.7661355091272917,1.0018090196144485,0.018073853091618353
1402,140.20000000000002,2,0.3,-3.674242761190925,1.0054149152540452,0.054003073105631724
1403,140.3,0,0.1,-3.4745746072531576,1.0037411314599003,0.03734150832479734
1403,140.3,1,0.2,-3.7641861338116094,1.00195127658297,0.019493753156823997
1403,140.3,2,0.3,-3.6689615431202958,1.0052951882852064,0.052812180706295016
1404,140.4,0,0.1,-3.471000687591295,1.0035803137277606,0.035739196618626935
1404,140.4,1,0.2,-3.7621006755484454,1.002087634343693,0.020854582631640937
1404,140.4,2,0.3,-3.6638056670054673,1.005169190516718,0.051558761148287766
1405,140.5,0,0.1,-3.4675904121744847,1.0034160970218975,0.03410275416810576
1405,140.5,1,0.2,-3.7598861119638496,1.0022170175416778,0.02214563584595945
1405,140.5,2,0.3,-3.6587800202502248,1.0050382965000686,0.05025646755242816
1406,140.6,0,0.1,-3.4643474844177438,1.003248191735655,0.03242927756741139
1406,140.6,1,0.2,-3.7575503847826535,1.0023384571169767,0.023357271811962562
1406,140.6,2,0.3,-3.653888178186201,1.0049038266576906,0.048918420640238776
1407,140.70000000000002,0,0.1,-3.461275829962547,1.0030763768196622,0.03071654455196272
1407,140.70000000000002,1,0.2,-3.7551022799239666,1.0024511039142212,0.02448104858686294
1407,140.70000000000002,2,0.3,-3.6491325179360468,1.0047669863496047,0.04755660250153311
1408,140.8,0,0.1,-3.458379516640177,1.0029005116900844,0.028963133223697795
1408,140.8,1,0.2,-3.7525512874159817,1.0025542490579291,0.025509925079851066
1408,140.8,2,0.3,-3.6445143917736593,1.004628806141181,0.04618126162387699
1409,140.9,0,0.1,-3.455662665275749,1.0027205453496753,0.027168513644283843
1409,140.9,1,0.2,-3.749907439067753,1.002647346397364,0.02643848348228656
1409,140.9,2,0.3,-3.6400343527334558,1.0044900894181945,0.044800390402038086
1410,141.0,0,0.1,-3.453129354792819,1.0025365220253035,0.02533310482930295
1410,141.0,1,0.2,-3.7471811279386817,1.0027300308949023,0.027263111290715566
1410,141.0,2,0.3,-3.6356924190231137,1.0043513735619731,0.0434193371034233
1411,141.1,0,0.1,-3.450783525554343,1.0023485828486294,0.023458292384758384
1411,141.1,1,0.2,-3.744382919110435,1.0028021274687753,0.0279820882824671
1411,141.1,2,0.3,-3.6314883587008353,1.0042129097807484,0.04204060322278619
1412,141.20000000000002,0,0.1,-3.4486288851123867,1.002156963347716,0.02154640441955856
1412,141.20000000000002,1,0.2,-3.7415233642910977,1.0028636472461296,0.028595548193368785
1412,141.20000000000002,2,0.3,-3.6274219730910855,1.0040746645737295,0.040663856097488876
1413,141.3,0,0.1,-3.446668820551048,1.001961986743543,0.019600645613390148
1413,141.3,1,0.2,-3.7386128324326013,1.0029147715686186,0.02910531858496489
1413,141.3,2,0.3,-3.623493357106926,1.0039363431115935,0.03928615984159613
1414,141.4,0,0.1,-3.444906321412283,1.0017640532532794,0.01762499138764906
1414,141.4,1,0.2,-3.735661365037399,1.002955827263376,0.029514673952026352
1414,141.4,2,0.3,-3.619703117062799,1.0037974320875764,0.03790240044127417
1415,141.5,0,0.1,-3.443343916792379,1.001563625809917,0.015624046199041786
1415,141.5,1,0.2,-3.7326785594179737,1.002987258610475,0.029828056194253803
1415,141.5,2,0.3,-3.6160525312535468,1.0036572573134566,0.03650585809252357
1416,141.6,0,0.1,-3.4419836295659008,1.0013612128367986,0.013602872264782625
1416,141.6,1,0.2,-3.729673477664147,1.0030096015383068,0.030050817538269145
1416,141.6,2,0.3,-3.6125436447764105,1.0035150498260128,0.035088864771364074
1417,141.70000000000002,0,0.1,-3.440826949808608,1.0011573489693197,0.011566797572923483
1417,141.70000000000002,1,0.2,-3.7266545752006177,1.0030234639386326,0.030189024635285187
1417,141.70000000000002,2,0.3,-3.609179296898206,1.0033700136486194,0.03364347878203623
1418,141.8,0,0.1,-3.439874828352235,1.0009525748678965,0.009521214563732991
1418,141.8,1,0.2,-3.723629641655229,1.0030295132734925,0.030249335453890802
1418,141.8,2,0.3,-3.6059630858876393,1.0032213885664152,0.032162110105670876
1419,141.9,0,0.1,-3.4391276900694874,1.000747417460078,0.007471382827475706
1419,141.9,1,0.2,-3.7206057484033264,1.0030284698289662,0.030238932519026148
1419,141.9,2,0.3,-3.6028992819535754,1.003068502178278,0.030638039340639765
1420,142.0,0,0.1,-3.4385854650844725,1.0005423720155553,0.005422249850149138
1420,142.0,1,0.2,-3.7175892007595532,1.0030211020019448,0.03016547643773298
1420,142.0,2,0.3,-3.599992703220002,1.002910806929076,0.02906578733573527
1421,142.1,0,0.1,-3.4382476348179494,1.000337887337594,0.0033783026652313953
1421,142.1,1,0.2,-3.714585496926521,1.0030082194714722,0.030037038330325602
1421,142.1,2,0.3,-3.5972485721197347,1.0027478996743804,0.027441311002675446
1422,142.20000000000002,0,0.1,-3.438113288815821,1.0001343550269568,0.001343460021283299
1422,142.20000000000002,1,0.2,-3.711599299002634,1.0029906610543986,0.029861979238863117
1422,142.20000000000002,2,0.3,-3.5946723699040737,1.0025795234760562,0.02576202215660431
1423,142.3,0,0.1,-3.4381811878490023,0.9999321032719061,-0.000678990331812773
1423,142.3,1,0.2,-3.708634422583955,1.0029692760117765,0.029648764186790987
1423,142.3,2,0.3,-3.5922697049909966,1.0024055536254919,0.02402664913077194
1424,142.4,0,0.1,-3.438449828904276,0.9997313950255035,-0.0026864105527392573
1424,142.4,1,0.2,-3.7056938505221058,1.0029448997848285,0.029405720618493343
1424,142.4,2,0.3,-3.5900462066876733,1.002225972108837,0.02223498303323483
1425,142.5,0,0.1,-3.43891750838007,0.9995324298692054,-0.004676794757938739
1425,142.5,1,0.2,-3.7027797737550143,1.0029183268161141,0.02914076767091599
1425,142.5,2,0.3,-3.588007449836267,1.0020408365292346,0.02038756851406314
1426,142.6,0,0.1,-3.439582380905458,0.9993353484533725,-0.006648725253879762
1426,142.6,1,0.2,-3.699893658850551,1.0028902837437026,0.02886114904463608
1426,142.6,2,0.3,-3.586158908950673,1.0018502504905595,0.018485408855940463
1427,142.70000000000002,0,0.1,-3.440442512469017,0.9991402382435592,-0.008601315635588235
1427,142.70000000000002,1,0.2,-3.6970363391122762,1.0028614057670882,0.02857319738273983
1427,142.70000000000002,2,0.3,-3.584505933590375,1.0016543422771256,0.016529753602979164
1428,142.8,0,0.1,-3.441495927695482,0.9989471394205797,-0.010534152264650197
1428,142.8,1,0.2,-3.6942081245648546,1.002832217719238,0.028282145474218198
1428,142.8,2,0.3,-3.583053731385737,1.0014532571608676,0.014522022046380138
1429,142.9,0,0.1,-3.4427406518960493,0.9987560501472837,-0.012447242005673861
1429,142.9,1,0.2,-3.691408926038525,1.0028031199406098,0.02799198526329753
1429,142.9,2,0.3,-3.5818073425106607,1.0012471659404987,0.012463888750762916
1430,143.0,0,0.1,-3.44417474879187,0.9985669309297398,-0.014340968958209393
1430,143.0,1,0.2,-3.6886383894780463,1.0027743780437324,0.02770536560478811
1430,143.0,2,0.3,-3.580771590293134,1.0010362887940922,0.010357522175268896
1431,143.1,0,0.1,-3.4457963545497803,0.9983797083342976,-0.016216057579102418
1431,143.1,1,0.2,-3.6858960377103673,1.0027461154539519,0.027423517676791635
1431,143.1,2,0.3,-3.5799509971762755,1.0008209298955033,0.008205931168583836
1432,143.20000000000002,0,0.1,-3.447603708085559,0.998194278744106,-0.018073535357783554
1432,143.20000000000002,1,0.2,-3.6831814174077655,1.0027183082206395,0.027146203026012162
1432,143.20000000000002,2,0.3,-3.5793496627093018,1.0006015153047905,0.006013344669736097
1433,143.3,0,0.1,-3.4495951766914956,0.9980105130519796,-0.01991468605936688
1433,143.3,1,0.2,-3.680494248410983,1.002690782671518,0.026871689967828266
1433,143.3,2,0.3,-3.5789711092666563,1.0003786251030422,0.0037855344264550103
1434,143.4,0,0.1,-3.4517692751821434,0.9978282631496861,-0.021740984906478814
1434,143.4,1,0.2,-3.6778345709996842,1.002663217491059,0.02659677411298729
1434,143.4,2,0.3,-3.5788181099403493,1.0001530110313008,0.0015299932630697714
1435,143.5,0,0.1,-3.4541246761557924,0.9976473708065792,-0.023554009736491917
1435,143.5,1,0.2,-3.6752028846967537,1.0026351522290724,0.026316863029306855
1435,143.5,2,0.3,-3.5788925196731607,0.999925593035524,-0.0007440973281136888
1436,143.6,0,0.1,-3.456660208801292,0.9974676791023278,-0.025355326454998047
1436,143.6,1,0.2,-3.672600270629292,1.0026060038075442,0.026026140674619093
1436,143.6,2,0.3,-3.579195133740069,0.9996974317161099,-0.003026140669084748
1437,143.70000000000002,0,0.1,-3.459374844006422,0.9972890460851451,-0.027146352051293166
1437,143.70000000000002,1,0.2,-3.670028489140717,1.0025750913553972,0.02571781488574258
1437,143.70000000000002,2,0.3,-3.5797255964058485,0.999469678004666,-0.005304626657792647
1438,143.8,0,0.1,-3.46226766431493,0.9971113598643595,-0.028928203085080685
1438,143.8,1,0.2,-3.6674900456740227,1.0025416680422015,0.02538443466694551
1438,143.8,2,0.3,-3.580482377128785,0.9992435055633716,-0.007567807229365439
1439,143.9,0,0.1,-3.4653378184294468,0.9969345539891927,-0.030701541145170066
1439,143.9,1,0.2,-3.664988220797057,1.00250495705233,0.025018248769656283
1439,143.9,2,0.3,-3.581462823010273,0.9990200345985345,-0.009804458814879903
1440,144.0,0,0.1,-3.4685844613183745,0.99675862175708,-0.032466428889279156
1440,144.0,1,0.2,-3.662527063978509,1.0024641879511784,0.024611568185483334
1440,144.0,2,0.3,-3.5826632858690504,0.9988002574085134,-0.01200462858777464
1441,144.1,0,0.1,-3.4720066823962297,0.9965836280464629,-0.03422221077855364
1441,144.1,1,0.2,-3.6601113544265567,1.002418629729232,0.024157095519524982
1441,144.1,2,0.3,-3.584079312161752,0.9985849757994769,-0.014160262927017359
1442,144.20000000000002,0,0.1,-3.4756034255588744,0.9964097173700975,-0.03596743162643871
1442,144.20000000000002,1,0.2,-3.6577465350860745,1.0023676177312,0.023648193404816227
1442,144.20000000000002,2,0.3,-3.585705875681176,0.9983747586180733,-0.016265635194235482
1443,144.3,0,0.1,-3.4793734059386106,0.9962371170744065,-0.037699803797364075
1443,144.3,1,0.2,-3.655438627198377,1.002310573157111,0.023079078876976557
1443,144.3,2,0.3,-3.5875376278243136,0.9981699244909369,-0.018317521431377923
1444,144.4,0,0.1,-3.4833150289935957,0.9960661349447846,-0.03941623054985357
1444,144.4,1,0.2,-3.653194132587495,1.0022470153745051,0.022444946108822916
1444,144.4,2,0.3,-3.589569138905738,0.9979705510405684,-0.02031511081424524
1445,144.5,0,0.1,-3.487426317878843,0.9958971508928183,-0.04111288885247489
1445,144.5,1,0.2,-3.651019929433364,1.0021765684477077,0.02174203154131095
1445,144.5,2,0.3,-3.591795106499418,0.9977765080349539,-0.02225967593680116
1446,144.6,0,0.1,-3.491704854906404,0.9957306028722078,-0.04278537027561112
1446,144.6,1,0.2,-3.6489231653801424,1.0020989638001503,0.020967640532215753
1446,144.6,2,0.3,-3.594210512518971,0.9975875087263292,-0.02415406019553283
1447,144.70000000000002,0,0.1,-3.4961477422703084,0.9955669676598373,-0.04442887363903625
1447,144.70000000000002,1,0.2,-3.6469111500725457,1.0020140407685874,0.02012015307596191
1447,144.70000000000002,2,0.3,-3.596810718638903,0.9974031714878749,-0.02600206119931356
1448,144.8,0,0.1,-3.500751586116019,0.9954067375986999,-0.04603843845710815
1448,144.8,1,0.2,-3.6449912480623885,1.001921746202055,0.019199020101573466
1448,144.8,2,0.3,-3.599591498419626,0.9972230830060226,-0.027807797807228224
1449,144.9,0,0.1,-3.505512506560137,0.9952503947735474,-0.047609204441181815
1449,144.9,1,0.2,-3.6431707726006275,1.0018221335332214,0.018204754617611098
1449,144.9,2,0.3,-3.6025490127996567,0.9970468547572996,-0.029575143800310583
1450,145.0,0,0.1,-3.510426174554218,0.9950983843240531,-0.04913667994081385
1450,145.0,1,0.2,-3.6414568809540184,1.001715361198328,0.017138916466091645
1450,145.0,2,0.3,-3.605679742295677,0.9968741661272784,-0.0313072949602029
1451,145.1,0,0.1,-3.5154878747140104,0.9949510886576431,-0.05061700159792636
1451,145.1,1,0.2,-3.6398564722455298,1.001601690045969,0.01600408708488745
1451,145.1,2,0.3,-3.6089803934570064,0.9967047899996104,-0.033006511613297915
1452,145.20000000000002,0,0.1,-3.520692591584457,0.9948088042004517,-0.05204716870445363
1452,145.20000000000002,1,0.2,-3.6383760891447743,1.0014814794087363,0.014803831007551525
1452,145.20000000000002,2,0.3,-3.6124477984215613,0.9965385995420155,-0.034674049645540994
1453,145.3,0,0.1,-3.5260351154309277,0.9946717220530774,-0.0534252384647113
1453,145.3,1,0.2,-3.637021824939469,1.0013551816351747,0.013542642053053437
1453,145.3,2,0.3,-3.616078824834917,0.9963755577915001,-0.03631026413356093
1454,145.4,0,0.1,-3.531510162623402,0.9945399135623401,-0.05475047192474359
1454,145.4,1,0.2,-3.635799237712798,1.0012233348910986,0.01222587226671193
1454,145.4,2,0.3,-3.6198703093723217,0.9962156940647087,-0.03791484537404737
1455,145.5,0,0.1,-3.537112505019971,0.9944133214585169,-0.05602342396569745
1455,145.5,1,0.2,-3.6347132737492935,1.0010865538358766,0.010859639635044167
1455,145.5,2,0.3,-3.623819022441246,0.9960590728470389,-0.039487130689244164
1456,145.6,0,0.1,-3.5428371024000658,0.9942917569053726,-0.0572459738009489
1456,145.6,1,0.2,-3.633768203043881,1.0009455174254478,0.009450707054124412
1456,145.6,2,0.3,-3.6279216653453608,0.9959057614380181,-0.04102642904115117
1457,145.70000000000002,0,0.1,-3.548679231855521,0.9941749025988685,-0.05842129455453819
1457,145.70000000000002,1,0.2,-3.63296757082758,1.000800952807827,0.008006322163008185
1457,145.70000000000002,2,0.3,-3.6321748953063433,0.9957558022117281,-0.042532299609815735
1458,145.8,0,0.1,-3.554634608043351,0.994062321914558,-0.05955376187830269
1458,145.8,1,0.2,-3.632314170005112,1.0006536143352864,0.00653400822468379
1458,145.8,2,0.3,-3.6365753691784883,0.9956091940266937,-0.044004738721452885
1459,145.9,0,0.1,-3.560699488318316,0.9939534739871962,-0.06064880274965557
1459,145.9,1,0.2,-3.631810039782861,1.0005042573172478,0.00504130222250627
1459,145.9,2,0.3,-3.641119794077814,0.9954658853755044,-0.045444248993258635
1460,146.0,0,0.1,-3.566870757051467,0.9938477344344243,-0.06171268733151343
1460,146.0,1,0.2,-3.6314564950108705,1.0003536072763093,0.003535447719906971
1460,146.0,2,0.3,-3.645804972726728,0.9953257796799827,-0.04685178648914423
1461,146.1,0,0.1,-3.5731459840185544,0.9937444211493769,-0.06275226967087734
1461,146.1,1,0.2,-3.631254188579571,1.000202326896626,0.002023064312997151
1461,146.1,2,0.3,-3.6506278329312964,0.9951887511116233,-0.04822860204568621
1462,146.20000000000002,0,0.1,-3.579523452739393,0.9936428241707935,-0.06377468720837214
1462,146.20000000000002,1,0.2,-3.631203205752268,1.0000509841269496,0.000509828273029695
1462,146.20000000000002,2,0.3,-3.6555854337603435,0.9950546677912623,-0.04957600829045932
1463,146.3,0,0.1,-3.5860021561455526,0.9935422381436505,-0.06478703406159893
1463,146.3,1,0.2,-3.631303185218927,0.9999000255311216,-0.000999794666589672
1463,146.3,2,0.3,-3.6606749449571883,0.9949234184208221,-0.05089511196845043
1464,146.4,0,0.1,-3.5925817589192426,0.9934419954175057,-0.06579602773690338
1464,146.4,1,0.2,-3.6315534579170734,0.9997497586174524,-0.0025027269814660615
1464,146.4,2,0.3,-3.665893600083324,0.9947949383976095,-0.052186551261360264
1465,146.5,0,0.1,-3.5992625281110064,0.9933414975328566,-0.06680769191764238
1465,146.5,1,0.2,-3.631953192328876,0.9996003454713527,-0.003997344118027662
1465,146.5,2,0.3,-3.6712386271435022,0.9946692321803046,-0.053450270601785574
1466,146.6,0,0.1,-3.6060452359127995,0.9932402428422826,-0.06782707801793406
1466,146.6,1,0.2,-3.6325015347752645,0.9994518078658556,-0.005483424463883813
1466,146.6,2,0.3,-3.6767071624515926,0.9945463899123587,-0.054685353080906385
1467,146.70000000000002,0,0.1,-3.612931040377357,0.993137848366277,-0.068858044645561
1467,146.70000000000002,1,0.2,-3.6331977353416174,0.9993040417250305,-0.006962005663527309
1467,146.70000000000002,2,0.3,-3.682296154031235,0.9944265977773464,-0.05588991579641051
1468,146.8,0,0.1,-3.6199213511045953,0.9930340646645354,-0.0699031072723861
1468,146.8,1,0.2,-3.634041253936698,0.9991568370667196,-0.008435185950808534
1468,146.8,2,0.3,-3.688002259989148,0.9943101429440127,-0.05706105957913423
1469,146.9,0,0.1,-3.627017687256113,0.9929287833878504,-0.07096336151517905
1469,146.9,1,0.2,-3.635031845485969,0.9990098989245715,-0.009905915492707815
1469,146.9,2,0.3,-3.693821745438527,0.9941974149562876,-0.05819485449379489
1470,147.0,0,0.1,-3.6342215346964455,0.9928220380729127,-0.07203847440333054
1470,147.0,1,0.2,-3.6361696270383717,0.9988628654756123,-0.011377815524028037
1470,147.0,2,0.3,-3.6997503793075537,0.9940889058015366,-0.05928633869026871
1471,147.1,0,0.1,-3.6415342077865733,0.992713999448282,-0.07312673090128258
1471,147.1,1,0.2,-3.637455131479557,0.9987153214657083,-0.01285504441185543
1471,147.1,2,0.3,-3.705783330489828,0.993985210526454,-0.0603295118227488
1472,147.20000000000002,0,0.1,-3.648956719720236,0.9926049668787368,-0.07422511933660925
1472,147.20000000000002,1,0.2,-3.6388893520590586,0.998566807423314,-0.014342205795011623
1472,147.20000000000002,2,0.3,-3.7119150619976624,0.993887029193029,-0.06131731507832799
1473,147.3,0,0.1,-3.6564896637047726,0.9924953575288405,-0.07532943984537062
1473,147.3,1,0.2,-3.640473779330738,0.9984168272705458,-0.015844272716792687
1473,147.3,2,0.3,-3.7181392225795284,0.9937951693805525,-0.06224160581866388
1474,147.4,0,0.1,-3.6641331060942264,0.9923856944338564,-0.07643442389454237
1474,147.4,1,0.2,-3.642210428395705,0.9982648580374579,-0.017366490649673872
1474,147.4,2,0.3,-3.7244485377999,0.9937105467152126,-0.06309315220371839
1475,147.5,0,0.1,-3.6718864919723644,0.9922765940860361,-0.0775338587813845
1475,147.5,1,0.2,-3.644101850961626,0.9981103650465195,-0.018914225659211158
1475,147.5,2,0.3,-3.730834706502523,0.993634179533927,-0.06386168702623349
1476,147.6,0,0.1,-3.67974856363642,0.9921687535850316,-0.07862071664055839
1476,147.6,1,0.2,-3.6461511250623926,0.9979528242278088,-0.020492741007666126
1476,147.6,2,0.3,-3.737288313030774,0.9935671732647934,-0.06453606528251588
1477,147.70000000000002,0,0.1,-3.687717292736884,0.9920629370524494,-0.0796872910046261
1477,147.70000000000002,1,0.2,-3.6483618161483737,0.9977917506918873,-0.022106910859806508
1477,147.70000000000002,2,0.3,-3.743798769325153,0.9935106908088839,-0.0651045629437726
1478,147.8,0,0.1,-3.695789827163136,0.9919599609808916,-0.08072534426252458
1478,147.8,1,0.2,-3.650737906651239,0.997626730165677,-0.023760905028652708
1478,147.8,2,0.3,-3.7503543027110933,0.9934659072458704,-0.06555533385940766
1479,147.9,0,0.1,-3.7039624538165965,0.9918606784678825,-0.08172626653460767
1479,147.9,1,0.2,-3.6532836961812274,0.9974574482440305,-0.025457895299886627
1479,147.9,2,0.3,-3.7569420037395305,0.9934339503037262,-0.06587701028437573
1480,148.0,0,0.1,-3.712230577994697,0.991765962750931,-0.08268124178100882
1480,148.0,1,0.2,-3.6560036797736193,0.9972837122113782,-0.027199835923920494
1480,148.0,2,0.3,-3.763547943387442,0.9934158316051643,-0.06605939647911828
1481,148.1,0,0.1,-3.720588719229971,0.9916766909156135,-0.08358141235274483
1481,148.1,1,0.2,-3.6589024154926477,0.9971054615587769,-0.028987357190285983
1481,148.1,2,0.3,-3.77015736069656,0.9934123768474716,-0.06609417309118391
1482,148.20000000000002,0,0.1,-3.72903052229979,0.9915937288948018,-0.0844180306981709
1482,148.20000000000002,1,0.2,-3.661984394044678,0.9969227658685482,-0.030819785520297058
1482,148.20000000000002,2,0.3,-3.776754911885791,0.9934241648677716,-0.06597551189229388
1483,148.3,0,0.1,-3.737548781086221,0.9915179187837665,-0.08518258786431461
1483,148.3,1,0.2,-3.6652539214341084,0.9967358116948988,-0.032695273894305016
1483,148.3,2,0.3,-3.783324962165177,0.9934514853118338,-0.0657005027938677
1484,148.4,0,0.1,-3.746135472375821,0.9914500690522369,-0.08586691289600479
1484,148.4,1,0.2,-3.6687150215840068,0.9965448825529906,-0.03461100149898508
1484,148.4,2,0.3,-3.789851894148935,0.9934943221701898,-0.06526931983758126
1485,148.5,0,0.1,-3.754781796778958,0.9913909475605198,-0.08646324403137443
1485,148.5,1,0.2,-3.6723713604165615,0.9963503374348973,-0.03656338832554992
1485,148.5,2,0.3,-3.796320403722192,0.9935523661988296,-0.0646850957325721
1486,148.6,0,0.1,-3.763478224732396,0.991341276598667,-0.08696427953438551
1486,148.6,1,0.2,-3.6762261876361886,0.9961525930890882,-0.03854827219627263
1486,148.6,2,0.3,-3.8027157562680265,0.9936250541953153,-0.0639535254583504
1487,148.70000000000002,0,0.1,-3.7722145467973225,0.9913017287081245,-0.08736322064924597
1487,148.70000000000002,1,0.2,-3.6802822887083786,0.9959521137952332,-0.04056101072189088
1487,148.70000000000002,2,0.3,-3.8090239827996273,0.993711628557315,-0.06308226531599356
1488,148.8,0,0.1,-3.780979928758533,0.9912729220012638,-0.0876538196121107
1488,148.8,1,0.2,-3.684541938055504,0.9957494100912467,-0.04259649347125436
1488,148.8,2,0.3,-3.815232005023131,0.9938112077325504,-0.062080222235042705
1489,148.9,0,0.1,-3.7897629728862015,0.9912554141285245,-0.08783044127668893
1489,148.9,1,0.2,-3.689006845342376,0.9955450455932625,-0.044649072868725756
1489,148.9,2,0.3,-3.8213276881919094,0.9939228578154178,-0.06095683168778523
1490,149.0,0,0.1,-3.798551786747793,0.9912496948650342,-0.08788813861591971
1490,149.0,1,0.2,-3.6936780892961596,0.9953396493379126,-0.04671243953783754
1490,149.0,2,0.3,-3.8272998283382025,0.9940456576347636,-0.05972140146293443
1491,149.1,0,0.1,-3.8073340599889263,0.9912561782742705,-0.08782273241133842
1491,149.1,1,0.2,-3.6985560368366954,0.9951339303245191,-0.048779475405361095
1491,149.1,2,0.3,-3.833138084439386,0.994178753397932,-0.05838256101183935
1492,149.20000000000002,0,0.1,-3.8160971476692174,0.9912751962624237,-0.08763087680289111
1492,149.20000000000002,1,0.2,-3.7036402484461965,0.9949286911183497,-0.050842116094999654
1492,149.20000000000002,2,0.3,-3.8388328660152378,0.994321402955715,-0.05694781575850387
1493,149.3,0,0.1,-3.8248281564492914,0.9913069957905765,-0.08731008780074542
1493,149.3,1,0.2,-3.7089293730858075,0.9947248381522873,-0.05289124639611254
1493,149.3,2,0.3,-3.8443751837259237,0.9944730125972289,-0.05542317710686233
1494,149.4,0,0.1,-3.8335140277549065,0.9913517418946354,-0.08685871305615539
1494,149.4,1,0.2,-3.7144210374596387,0.9945233872495401,-0.05491664373831508
1494,149.4,2,0.3,-3.8497564669214457,0.9946331699717426,-0.05381283195522308
1495,149.5,0,0.1,-3.8421416105807,0.9914095279647535,-0.08627582825794057
1495,149.5,1,0.2,-3.720111735329847,0.9943254634799306,-0.056906978702085845
1495,149.5,2,0.3,-3.8549683501428245,0.9948016750769952,-0.05211883221379073
1496,149.6,0,0.1,-3.850697716273849,0.9914803936076954,-0.08556105693149393
1496,149.6,1,0.2,-3.7259967233472744,0.9941322946052593,-0.05884988017427763
1496,149.6,2,0.3,-3.860002431929801,0.9949785679672082,-0.050340817869767934
1497,149.70000000000002,0,0.1,-3.8591691486228843,0.9915643491225922,-0.08471432349033431
1497,149.70000000000002,1,0.2,-3.7320699307708254,0.9939451972233919,-0.06073207423549616
1497,149.70000000000002,2,0.3,-3.864850014196306,0.9951641482977972,-0.04847582266503955
1498,149.8,0,0.1,-3.8675427047322484,0.9916614044621046,-0.08373556109364554
1498,149.8,1,0.2,-3.7383238914076995,0.9937655546711001,-0.06253960636874467
1498,149.8,2,0.3,-3.869501837594507,0.9953589795745972,-0.046518233982014025
1499,149.9,0,0.1,-3.8758051451039557,0.9917715997726705,-0.08262440371707783
1499,149.9,1,0.2,-3.744749706593697,0.9935947862138563,-0.06425815185997862
1499,149.9,2,0.3,-3.873947835288493,0.9955638711227658,-0.04445997693985934
1500,150.0,0,0.1,-3.8839431345613957,0.9918950343356194,-0.08137989457440505
1500,150.0,1,0.2,-3.7513370472863725,0.9934343082735696,-0.065873406926759
1500,150.0,2,0.3,-3.878176931750527,0.9957798335733129,-0.042290964620341945
1501,150.1,0,0.1,-3.891943158640453,0.9920318909498677,-0.08000024079057877
1501,150.1,1,0.2,-3.758074200709854,0.9932854903146614,-0.06737153423482073
1501,150.1,2,0.3,-3.8821769126919583,0.9960080083264781,-0.0399998094143173
1502,150.20000000000002,0,0.1,-3.899791422477831,0.9921824533737981,-0.07848263837376016
1502,150.20000000000002,1,0.2,-3.7649481622972565,0.9931496100454594,-0.06873961587400715
1502,150.20000000000002,2,0.3,-3.885934386669952,0.9962495764939346,-0.037574739779926765
1503,150.3,0,0.1,-3.9074737408763403,0.9923471151885211,-0.0768231839850974
1503,150.3,1,0.2,-3.771944767480603,0.9930278140748733,-0.06996605183346948
1503,150.3,2,0.3,-3.88943484958708,0.9965056565607714,-0.03500462917128221
1504,150.4,0,0.1,-3.914975429130678,0.9925263791807587,-0.07501688254338372
1504,150.4,1,0.2,-3.7790488514536955,0.9929210903826021,-0.07104083973092883
1504,150.4,2,0.3,-3.8926628527725606,0.9967772012153551,-0.0322800318548096
1505,150.5,0,0.1,-3.922281204471552,0.992720846964147,-0.07305775340874258
1505,150.5,1,0.2,-3.7862444200774537,0.9928302574984803,-0.07195568623758551
1505,150.5,2,0.3,-3.8956022664289502,0.9970649021902102,-0.029394136563897784
1506,150.6,0,0.1,-3.9293751077646752,0.9929311990459143,-0.07093903293123609
1506,150.6,1,0.2,-3.793514813216995,0.992755972234422,-0.07270393139541889
1506,150.6,2,0.3,-3.898236624963119,0.9973691083432736,-0.026343585341687514
1507,150.70000000000002,0,0.1,-3.936240454463092,0.9931581659559505,-0.0686534669841498
1507,150.70000000000002,1,0.2,-3.8008428439470343,0.9926987538212122,-0.07328030730037514
1507,150.70000000000002,2,0.3,-3.9005495395064447,0.9976897581825241,-0.02312914543325302
1508,150.8,0,0.1,-3.9428598227566103,0.9934024914655912,-0.06619368293518878
1508,150.8,1,0.2,-3.8082109031162013,0.9926590184348506,-0.0736805916916736
1508,150.8,2,0.3,-3.9025251644068835,0.9980263253618944,-0.019756249004389007
1509,150.9,0,0.1,-3.9492150853417534,0.9936648893831704,-0.06355262585143434
1509,150.9,1,0.2,-3.815601027424761,0.9926371155168856,-0.07390124308560318
1509,150.9,2,0.3,-3.904148706084412,0.9983777755533048,-0.016235416775286317
1510,151.0,0,0.1,-3.9552874892168948,0.9939459959067956,-0.060724038751417526
1510,151.0,1,0.2,-3.822994938251043,0.9926333568859722,-0.07393910826282356
1510,151.0,2,0.3,-3.9054069617367992,0.9987425356193471,-0.012582556523873127
1511,151.1,0,0.1,-3.9610577854421907,0.9942463199585045,-0.057702962252962293
1511,151.1,1,0.2,-3.8303740654718705,0.9926480316943543,-0.07379127220827872
1511,151.1,2,0.3,-3.9062888704773,0.9991184800267183,-0.008819087405008088
1512,151.20000000000002,0,0.1,-3.966506408064885,0.9945661941989107,-0.054486226226929495
1512,151.20000000000002,1,0.2,-3.837719573421605,0.9926814043586109,-0.07345507949732984
1512,151.20000000000002,2,0.3,-3.906786051105719,0.9995029429453891,-0.004971806284189675
1513,151.3,0,0.1,-3.9716136986728783,0.994905729425555,-0.0510729060799371
1513,151.3,1,0.2,-3.845012403977543,0.9927336976051867,-0.07292830555938294
1513,151.3,2,0.3,-3.906893291478556,0.9998927653772061,-0.0010724037283705355
1514,151.4,0,0.1,-3.976360170612572,0.9952647747571636,-0.04746471939694178
1514,151.4,1,0.2,-3.852233345028548,0.9928050673045733,-0.07220941051005314
1514,151.4,2,0.3,-3.906608948260709,1.0002843836472117,0.0028434321784722113
1515,151.5,0,0.1,-3.9807268050397138,0.9956428854593065,-0.043666344271418286
1515,151.5,1,0.2,-3.8593631230924847,0.9928955785056583,-0.07129778063937181
1515,151.5,2,0.3,-3.9059352164657457,1.000673958803207,0.0067373179496325545
1516,151.6,0,0.1,-3.9846953697703262,0.9960392996155694,-0.03968564730612693
1516,151.6,1,0.2,-3.866382509238456,0.9930051922030305,-0.07019386145971707
1516,151.6,2,0.3,-3.9048782376731825,1.0010575375915094,0.01056978792563228
1517,151.70000000000002,0,0.1,-3.9882487512922156,0.9964529242670618,-0.03553381521888524
1517,151.70000000000002,1,0.2,-3.873272420461144,0.9931337697977185,-0.0688991122268655
1517,151.70000000000002,2,0.3,-3.903448033441181,1.0014312274618251,0.014302042320012498
1518,151.8,0,0.1,-3.991371290071845,0.9968823312742893,-0.031225387796298243
1518,151.8,1,0.2,-3.8800139962785276,0.9932810976246793,-0.06741575817383821
1518,151.8,2,0.3,-3.901658272651465,1.0017913633674929,0.017897607897162566
1519,151.9,0,0.1,-3.9940491091803247,0.9973257630509377,-0.02677819108479681
1519,151.9,1,0.2,-3.886588633383154,0.9934469285339368,-0.06574637104626842
1519,151.9,2,0.3,-3.8995259028837292,1.002134644884992,0.021323697677356857
1520,152.0,0,0.1,-3.9962704260642665,0.9977811484146667,-0.02221316883941908
1520,152.0,1,0.2,-3.892977969077035,0.9936310327081498,-0.06389335693881479
1520,152.0,2,0.3,-3.897070690804642,1.0024582285804753,0.02455212079087194
1521,152.1,0,0.1,-3.998025836962617,0.9982461289342156,-0.01755410898350729
1521,152.1,1,0.2,-3.899163815203237,0.9938332468309627,-0.06185846126202229
1521,152.1,2,0.3,-3.894314721048983,1.0027597709314797,0.0275596975565955
1522,152.20000000000002,0,0.1,-3.999308563178472,0.9987180961257669,-0.012827262158544987
1522,152.20000000000002,1,0.2,-3.905128055954766,0.9940535100248413,-0.059642407515276594
1522,152.20000000000002,2,0.3,-3.8912818962674782,1.0030374284474433,0.03032824781503883
1523,152.3,0,0.1,-4.000114648473127,0.9991942395048187,-0.008060852946548028
1523,152.3,1,0.2,-3.9108525328773114,0.9942918766753281,-0.05724476922545622
1523,152.3,2,0.3,-3.8879974653630476,1.0032898305575912,0.03284430904430833
1524,152.4,0,0.1,-4.000443097627348,0.9996716047792975,-0.0032844915422105196
1524,152.4,1,0.2,-3.9163189466779227,0.9945484998522015,-0.054664138006116136
1524,152.4,2,0.3,-3.8844875874374254,1.0035160447599831,0.035098779256223844
1525,152.5,0,0.1,-4.000295947996678,1.0001471604577081,0.001471496306697601
1525,152.5,1,0.2,-3.9215088070000355,0.9948235837353203,-0.051898603221130664
1525,152.5,2,0.3,-3.88077892157855,1.0037155514696134,0.03708665858875404
1526,152.6,0,0.1,-3.999678268756922,1.0006178700428605,0.006176792397561211
1526,152.6,1,0.2,-3.9264034578641414,0.9951173084193066,-0.048946508641061766
1526,152.6,2,0.3,-3.8768982223849116,1.0038882388566543,0.03880699193638869
1527,152.70000000000002,0,0.1,-3.9985980863193653,1.0010807660447207,0.010801824375563415
1527,152.70000000000002,1,0.2,-3.930984198451612,0.9954297350032689,-0.04580740587469669
1527,152.70000000000002,2,0.3,-3.872871920702208,1.0040344181247491,0.04026301682702433
1528,152.8,0,0.1,-3.9970662386857567,1.001533021511519,0.015318476336086722
1528,152.8,1,0.2,-3.9352325073021537,0.9957607024480603,-0.04248308850541857
1528,152.8,2,0.3,-3.8687256780432495,1.0041548502152795,0.041462426589589235
1529,152.9,0,0.1,-3.9950961657620034,1.0019720147924138,0.019700729237533975
1529,152.9,1,0.2,-3.9391303641730704,0.9961097299125766,-0.03897856870916926
1529,152.9,2,0.3,-3.8644839184451616,1.0042507685938262,0.04241759598088165
1530,153.0,0,0.1,-3.9927036462934717,1.0023953838271242,0.023925194685318313
1530,153.0,1,0.2,-3.9426606494818737,0.996475938821904,-0.03530285308803483
1530,153.0,2,0.3,-3.8601693583466616,1.0043238812136042,0.04314560098500198
1531,153.1,0,0.1,-3.9899064946657528,1.0028010673063978,0.027971516277191445
1531,153.1,1,0.2,-3.945807588438305,0.9968580074659097,-0.031469389564315456
1531,153.1,2,0.3,-3.8558025685808195,1.0043763380857145,0.04366789765842398
1532,153.20000000000002,0,0.1,-3.986724232060118,1.0031873313785766,0.031822626056340876
1532,153.20000000000002,1,0.2,-3.9485571978562604,0.9972541672957316,-0.02749609417954698
1532,153.20000000000002,2,0.3,-3.851401609161071,1.0044106578639225,0.04400959419747495
1533,153.3,0,0.1,-3.983177746301087,1.0035527819806036,0.03546485759031028
1533,153.3,1,0.2,-3.9508976902651196,0.9976622444079161,-0.023404924088593845
1533,153.3,2,0.3,-3.8469817756658458,1.0044296153653909,0.04419833495225485
1534,153.4,0,0.1,-3.979288953313007,1.0038963641545837,0.03888792988080202
1534,153.4,1,0.2,-3.9528197937117975,0.9980797426111913,-0.01922103446677979
1534,153.4,2,0.3,-3.8425554864030236,1.0044360997504862,0.044262892628224325
1535,153.5,0,0.1,-3.975080470684918,1.0042173507271543,0.042084826280895
1535,153.5,1,0.2,-3.954316956749452,0.998503957151821,-0.014971630376546549
1535,153.5,2,0.3,-3.8381323245941585,1.0044329584277432,0.044231618088652905
1536,153.6,0,0.1,-3.9705753107925394,1.0045153233821902,0.04505159892378686
1536,153.6,1,0.2,-3.9553854251283735,0.9989321022301727,-0.010684683789215551
1536,153.6,2,0.3,-3.833719232850319,1.004422843773466,0.04413091743839888
1537,153.70000000000002,0,0.1,-3.9657965976587075,1.0047901493930502,0.04778713133830849
1537,153.70000000000002,1,0.2,-3.9560241966061187,0.9993614324933225,-0.006387714777450139
1537,153.70000000000002,2,0.3,-3.829320841431578,1.0044080785396534,0.04398391418740099
1538,153.8,0,0.1,-3.9607673086830277,1.0050419570777585,0.05029288975680066
1538,153.8,1,0.2,-3.9562348789431065,0.9997893398549771,-0.002106823369878561
1538,153.8,2,0.3,-3.8249398996182427,1.0043905521679308,0.043809418133353976
1539,153.9,0,0.1,-3.955510039954525,1.0052711124151061,0.0525726872850315
1539,153.9,1,0.2,-3.956021489287944,1.0002134124243542,0.002133896551623892
1539,153.9,2,0.3,-3.820577772267273,1.0043716552774549,0.043621273509699944
1540,154.0,0,0.1,-3.950046792427066,1.0054781982783831,0.054632475274590586
1540,154.0,1,0.2,-3.9553902375859926,1.0006314509832372,0.006312517019515877
1540,154.0,2,0.3,-3.8162349614606006,1.0043522544752634,0.04342810806672562
1541,154.1,0,0.1,-3.9443987760040007,1.0056639965389766,0.05648016423065771
1541,154.1,1,0.2,-3.9543493312432667,1.00104144827375,0.010409063427259705
1541,154.1,2,0.3,-3.811911615410124,1.004332705193757,0.04323346050476819
1542,154.20000000000002,0,0.1,-3.9385862295646414,1.0058294720651852,0.05812546439357923
1542,154.20000000000002,1,0.2,-3.9529088244762876,1.001441544795221,0.014405067669788274
1542,154.20000000000002,2,0.3,-3.807607992331618,1.0043128969633026,0.04303623078504869
1543,154.3,0,0.1,-3.9326282569467854,1.0059757566380725,0.05957972617856361
1543,154.3,1,0.2,-3.9510805172862997,1.0018299795626264,0.018283071899879363
1543,154.3,2,0.3,-3.8033248545579865,1.0042923235181465,0.04283137773631895
1544,154.4,0,0.1,-3.926542681414494,1.0061041302667213,0.060855755322916226
1544,154.4,1,0.2,-3.9488778908097952,1.0022050540402136,0.02202626476504613
1544,154.4,2,0.3,-3.7990637765256867,1.0042701693336267,0.042610780323000454
1545,154.5,0,0.1,-3.9203459235594122,1.0062159974796068,0.06196757855082244
1545,154.5,1,0.2,-3.9463160527745376,1.0025651223463428,0.025618380352578143
1545,154.5,2,0.3,-3.7948273584099734,1.0042454044203721,0.042364181157135326
1546,154.6,0,0.1,-3.914052909240305,1.0063128569351691,0.06293014319107473
1546,154.6,1,0.2,-3.9434116622352025,1.0029086123678277,0.029043905393352762
1546,154.6,2,0.3,-3.7906193443002207,1.0042168802330218,0.042080141097529285
1547,154.70000000000002,0,0.1,-3.9076770145172817,1.0063962640075765,0.06375894723022017
1547,154.70000000000002,1,0.2,-3.940182807476906,1.003234073124759,0.03228854758295861
1547,154.70000000000002,2,0.3,-3.786444649349627,1.004183421128377,0.04174694950592911
1548,154.8,0,0.1,-3.9012300533154995,1.0064677875877295,0.06446961201782486
1548,154.8,1,0.2,-3.9366488230861014,1.0035402362761607,0.035339843908046356
1548,154.8,2,0.3,-3.7823093040686517,1.0041439076199457,0.0413534528097538
1549,154.9,0,0.1,-3.894722310850855,1.0065289638300552,0.06507742464644843
1549,154.9,1,0.2,-3.9328300478083933,1.0038260760904483,0.03818775277708348
1549,154.9,2,0.3,-3.7782203259816587,1.0040973493639915,0.04088978086993277
1550,155.0,0,0.1,-3.888162622117134,1.0065812506124836,0.06559688733721299
1550,155.0,1,0.2,-3.9287475392975444,1.0040908533007469,0.04082508510849135
1550,155.0,2,0.3,-3.774185529704585,1.0040429470260894,0.04034796277073712
1551,155.1,0,0.1,-3.8815584906748355,1.0066259868037557,0.06604131442299031
1551,155.1,1,0.2,-3.9244227712453914,1.0043341333575628,0.043247680521532286
1551,155.1,2,0.3,-3.7702132868409994,1.0039801426767982,0.03972242863585999
1552,155.20000000000002,0,0.1,-3.8749162393797243,1.0066643599695952,0.06642251295109691
1552,155.20000000000002,1,0.2,-3.9198773405253777,1.0045557768601772,0.045454307200126436
1552,155.20000000000002,2,0.3,-3.7663122476697137,1.0039086581286558,0.03901039171284816
1553,155.3,0,0.1,-3.868241182207907,1.0066973850181777,0.06675057171817868
1553,155.3,1,0.2,-3.915132707053391,1.0047559070680205,0.047446334719872175
1553,155.3,2,0.3,-3.7624910378955034,1.0038285199044943,0.03821209774210516
1554,155.4,0,0.1,-3.8615378053551948,1.0067258947705704,0.06703376852712432
1554,155.4,1,0.2,-3.9102099792838416,1.0049348643006697,0.04922727769549442
1554,155.4,2,0.3,-3.758757945765437,1.0037400687973044,0.03733092130066441
1555,155.5,0,0.1,-3.85480994633211,1.0067505419071512,0.06727859023085198
1555,155.5,1,0.2,-3.905129746993548,1.0050931585505536,0.05080232290293929
1555,155.5,2,0.3,-3.755120617071966,1.0036439518011886,0.03637328693471205
1556,155.6,0,0.1,-3.8480609615297126,1.0067718105215797,0.06748984802397767
1556,155.6,1,0.2,-3.899911953642568,1.00523142974168,0.05217793350980345
1556,155.6,2,0.3,-3.751585777001803,1.0035410949851942,0.0353484007016356
1557,155.70000000000002,0,0.1,-3.8412938751727426,1.0067900348213936,0.06767086356968448
1557,155.70000000000002,1,0.2,-3.894575795493313,1.0053504207991184,0.05336158149253597
1557,155.70000000000002,2,0.3,-3.748158997381078,1.0034326577424342,0.034267796207242386
1558,155.8,0,0.1,-3.834511505146205,1.006805422385199,0.06782370026538084
1558,155.8,1,0.2,-3.889139634554838,1.005450963672542,0.054361609384752964
1558,155.8,2,0.3,-3.7448445248713385,1.003319971447429,0.03314472509739563
1559,155.9,0,0.1,-3.8277165634499877,1.0068180796899622,0.0679494169621758
1559,155.9,1,0.2,-3.8836209164169295,1.0055339743147864,0.055187181379089206
1559,155.9,2,0.3,-3.7416451800383688,1.0032044681989978,0.03199344832969868
1560,156.0,0,0.1,-3.8209117308071856,1.006828038123058,0.0680483264280246
1560,156.0,1,0.2,-3.87803609016084,1.0056004504708782,0.05584826256089899
1560,156.0,2,0.3,-3.7385623297501804,1.0030876071581212,0.030828502881885076
1561,156.1,0,0.1,-3.81409970627138,1.0068352791486193,0.06812024535805815
1561,156.1,1,0.2,-3.8724005334833964,1.0056514662994605,0.05635556677443852
1561,156.1,2,0.3,-3.7355959275868362,1.0029708062879665,0.029664021633443748
1562,156.20000000000002,0,0.1,-3.807283233751794,1.006839757545571,0.0681647251958473
1562,156.20000000000002,1,0.2,-3.8667284901235157,1.0056881598545628,0.056720433598794064
1562,156.20000000000002,2,0.3,-3.7327446106972064,1.002855385759926,0.028513168896291585
1563,156.3,0,0.1,-3.8004651084298486,1.0068414216540726,0.06818125321945644
1563,156.3,1,0.2,-3.8610330277878187,1.0057117123170436,0.0569546233569739
1563,156.3,2,0.3,-3.730005838385913,1.00274252617439,0.027387723112936472
1564,156.4,0,0.1,-3.793648167186717,1.0068402294751824,0.06816941243131978
1564,156.4,1,0.2,-3.855326023265599,1.0057233204962068,0.05707004522219941
1564,156.4,2,0.3,-3.7273760584163087,1.0026332408740892,0.026297799696043785
1565,156.5,0,0.1,-3.7868352683107105,1.0068361594655646,0.06812898876006944
1565,156.5,1,0.2,-3.8496181783276913,1.0057241657222182,0.05707844937908094
1565,156.5,2,0.3,-3.7248508911968545,1.002528358139501,0.025251672194543155
1566,156.6,0,0.1,-3.780029266626754,1.006829215147158,0.06806001683957007
1566,156.6,1,0.2,-3.8439190666262504,1.0057153825336116,0.056991117014412083
1566,156.6,2,0.3,-3.722425328200101,1.0024285070545302,0.024255629967534765
1567,156.70000000000002,0,0.1,-3.7732329904156012,1.0068194233046235,0.06796276211151095
1567,156.70000000000002,1,0.2,-3.838237209217975,1.0056980297752658,0.05681857408274245
1567,156.70000000000002,2,0.3,-3.720093946965124,1.0023341010174145,0.023313812349766955
1568,156.8,0,0.1,-3.766449225756257,1.0068068265100498,0.06783764659344657
1568,156.8,1,0.2,-3.8325801749964534,1.0056730654551027,0.05657034221521739
1568,156.8,2,0.3,-3.717851148630767,1.0022453152878625,0.022427983343572707
1569,156.9,0,0.1,-3.7596807121325213,1.0067914717803759,0.06768513623736035
1569,156.9,1,0.2,-3.8269547020571366,1.0056413256245558,0.05625472939317131
1569,156.9,2,0.3,-3.7156914235758243,1.0021620589409808,0.021597250549426746
1570,157.0,0,0.1,-3.7529301504997643,1.0067733980311873,0.06750561632757386
1570,157.0,1,0.2,-3.8213668361913045,1.0056035071084501,0.05587865865832471
1570,157.0,2,0.3,-3.713609646025213,1.0020839459539468,0.020817775506115705
1571,157.1,0,0.1,-3.7462002220137243,1.006752625342259,0.06729928486040421
1571,157.1,1,0.2,-3.8158220825754814,1.0055601542131687,0.055447536158233876
1571,157.1,2,0.3,-3.711601390386593,1.0020102735345655,0.0200825563861973
1572,157.20000000000002,0,0.1,-3.7394936129644316,1.006729148711824,0.0670660904929113
1572,157.20000000000002,1,0.2,-3.8103255658136783,1.0055116503246486,0.05496516761801822
1572,157.20000000000002,2,0.3,-3.7096632526673825,1.0019400171221042,0.019381377192102568
1573,157.3,0,0.1,-3.7328130398138923,1.0067029379548478,0.06680573150539651
1573,157.3,1,0.2,-3.804882191806286,1.005458216085792,0.05443374007392564
1573,157.3,2,0.3,-3.70779315214103,1.0018718502548944,0.01870100526352498
1574,157.4,0,0.1,-3.7261612680731684,1.006673943908506,0.06651771740724333
1574,157.4,1,0.2,-3.7994968029522718,1.0053999161271996,0.05385388854014601
1574,157.4,2,0.3,-3.7059905837958738,1.0018041939480824,0.018025683451564547
1575,157.5,0,0.1,-3.719541120174848,1.006642109513718,0.06620147898320926
1575,157.5,1,0.2,-3.7941743167216964,1.005336675823881,0.0532248623057571
1575,157.5,2,0.3,-3.704256792438064,1.0017352952430616,0.017337913578098094
1576,157.6,0,0.1,-3.712955470186039,1.0066073830643114,0.06585649988809214
1576,157.6,1,0.2,-3.7889198374267106,1.0052683082820826,0.052544792949860905
1576,157.6,2,0.3,-3.7025948448261654,1.0016633294122181,0.016619476118987342
1577,157.70000000000002,0,0.1,-3.70640722650611,1.0065697303018497,0.06548243679927633
1577,157.70000000000002,1,0.2,-3.7837387325193927,1.005194550041536,0.05181104907316646
1577,157.70000000000002,2,0.3,-3.7010095858841523,1.0015865161292044,0.01585258942012752
1578,157.8,0,0.1,-3.6998993067747294,1.0065291422541751,0.065079197313808
1578,157.8,1,0.2,-3.778636667912547,1.0051151023020959,0.05102064606845881
1578,157.8,2,0.3,-3.699507477042988,1.0015032375717376,0.015021088411645032
1579,157.9,0,0.1,-3.6934346113097334,1.0064856367106614,0.0646469546499643
1579,157.9,1,0.2,-3.773619601126692,1.0050296733392448,0.05017066785855403
1579,157.9,2,0.3,-3.6980963270070037,1.0014121461767092,0.014111500359842124
1580,158.0,0,0.1,-3.687016001997993,1.0064392527281958,0.06418609311740574
1580,158.0,1,0.2,-3.7686937356668664,1.004938017479969,0.049258654598259316
1580,158.0,2,0.3,-3.6967849359143194,1.0013122513419832,0.013113910926843744
1581,158.1,0,0.1,-3.6806462925687637,1.0063900391702614,0.06369709429229793
1581,158.1,1,0.2,-3.763865444023774,1.0048399666256984,0.0482829164309245
1581,158.1,2,0.3,-3.695582681764997,1.0012029771465554,0.012022541493226919
1582,158.20000000000002,0,0.1,-3.6743282538891635,1.0063380395859585,0.06318038679598799
1582,158.20000000000002,1,0.2,-3.7591411693720804,1.0047354516312952,0.04724274651692709
1582,158.20000000000002,2,0.3,-3.694499082619839,1.0010841864508269,0.0108359914515763
1583,158.3,0,0.1,-3.668064634942381,1.0062832764288314,0.06263618946782758
1583,158.3,1,0.2,-3.7545273170652536,1.0046245125119464,0.046138523068271334
1583,158.3,2,0.3,-3.6935433694397575,1.0009561700194471,0.009557131800815287
1584,158.4,0,0.1,-3.661858197210964,1.00622573757317,0.062064377314173996
1584,158.4,1,0.2,-3.7500301464571377,1.0045072980557839,0.044971706081160856
1584,158.4,2,0.3,-3.6927241027946165,1.000819602335726,0.008192666451410278
1585,158.5,0,0.1,-3.655711757940098,1.006165367389026,0.061464392708664606
1585,158.5,1,0.2,-3.745655671774112,1.004384056664352,0.043744746830259015
1585,158.5,2,0.3,-3.6920488622838574,1.000675468536954,0.00675240510759106
1586,158.6,0,0.1,-3.6496282366055826,1.0061020635319775,0.060835213345157416
1586,158.6,1,0.2,-3.741409578218823,1.0042551209831079,0.04246093555289285
1586,158.6,2,0.3,-3.6915240305776957,1.000524969454419,0.005248317061617179
1587,158.70000000000002,0,0.1,-3.6436106989427035,1.0060356794139427,0.06017537662877678
1587,158.70000000000002,1,0.2,-3.7372971566892286,1.0041208891384932,0.04112421529593521
1587,158.70000000000002,2,0.3,-3.691154684755036,1.0003694140392265,0.003693458226598216
1588,158.8,0,0.1,-3.637662393889409,1.0059660313495085,0.05948305053295027
1588,158.8,1,0.2,-3.7333232578062434,1.0039818052887677,0.03973898882985387
1588,158.8,2,0.3,-3.690944596604917,1.0002101102201797,0.0021008815011881537
1589,158.9,0,0.1,-3.6317867803482433,1.0058929088152648,0.05875613541165837
1589,158.9,1,0.2,-3.729492263578,1.0038383418665557,0.038309942282437295
1589,158.9,2,0.3,-3.6908963317716785,1.0000482659980041,0.00048264833238501027
1590,159.0,0,0.1,-3.625987542315279,1.0058160861668797,0.057992380329644454
1590,159.0,1,0.2,-3.7258080731079715,1.0036909854418323,0.03684190470028646
1590,159.0,2,0.3,-3.6910114265766114,0.9998849118182199,-0.0011509480493288693
1591,159.1,0,0.1,-3.6202685922884528,1.0057353344405209,0.05718950026826755
1591,159.1,1,0.2,-3.7222740973677024,1.0035402275950005,0.035339757402692365
1591,159.1,2,0.3,-3.6912906128732006,0.9997208526722785,-0.0027918629658920035
1592,159.20000000000002,0,0.1,-3.6146340637563315,1.005650432344141,0.05634528532120038
1592,159.20000000000002,1,0.2,-3.718893257311705,1.003386561541732,0.03380840055996823
1592,159.20000000000002,2,0.3,-3.6917340571155237,0.999556654064543,-0.004434442423230203
1593,159.3,0,0.1,-3.609088293977966,1.005561176026251,0.05545769778365943
1593,159.3,1,0.2,-3.715667979640841,1.0032304844751823,0.03225277670863852
1593,159.3,2,0.3,-3.692341581037847,0.999392660582969,-0.0060752392232336205
1594,159.4,0,0.1,-3.6036357983344924,1.0054673875515634,0.054524956434736975
1594,159.4,1,0.2,-3.7126001854196233,1.0030725047176225,0.03067794221218009
1594,159.4,2,0.3,-3.69311283798736,0.9992290403926809,-0.00771256949513121
1595,159.5,0,0.1,-3.5982812374576483,1.0053689221592812,0.05354560876844466
1595,159.5,1,0.2,-3.7096912685174463,1.0029131519063785,0.02908916902177149
1595,159.5,2,0.3,-3.694047429802608,0.9990658447796593,-0.009345918152479624
1596,159.6,0,0.1,-3.593029378279056,1.0052656743655586,0.05251859178592465
1596,159.6,1,0.2,-3.706942063307767,1.0027529877398447,0.02749205209679296
1596,159.6,2,0.3,-3.6951449619034773,0.9989030699672036,-0.01097532100869332
1597,159.70000000000002,0,0.1,-3.587885050166015,1.005157582888132,0.05144328113040049
1597,159.70000000000002,1,0.2,-3.7043528038865494,1.0025926144484467,0.025892594212172045
1597,159.70000000000002,2,0.3,-3.6964050461328255,0.9987407093434265,-0.012600842293479152
1598,159.8,0,0.1,-3.582853097386206,1.0050446343162398,0.05031952779809343
1598,159.8,1,0.2,-3.7019230798077736,1.0024326782504482,0.024297240787759793
1598,159.8,2,0.3,-3.697827269235433,0.9985787877773805,-0.014222231026073926
1599,159.9,0,0.1,-3.5779383291891373,1.0049268654806127,0.04914768197068766
1599,159.9,1,0.2,-3.6996517955050736,1.0022738656228256,0.022712843027000898
1599,159.9,2,0.3,-3.6994111479505856,0.9984173749587629,-0.015838787151528436
1600,160.0,0,0.1,-3.5731454687268,1.0048043645899263,0.04792860462337784
1600,160.0,1,0.2,-3.6975371417884486,1.0021168911736666,0.021146537166251235
1600,160.0,2,0.3,-3.7011560891751247,0.9982565803002803,-0.01744941224539264
1601,160.1,0,0.1,-3.5684791018448427,1.0046772713266776,0.04666366881957361
1601,160.1,1,0.2,-3.695576587854903,1.0019624770760118,0.019605539335457726
1601,160.1,2,0.3,-3.7030613666152026,0.9980965364488141,-0.019052774400779543
1602,160.20000000000002,0,0.1,-3.563943626533636,1.0045457761465295,0.045354753112055404
1602,160.20000000000002,1,0.2,-3.6937669011048606,1.0018113252213332,0.01809686750041927
1602,160.20000000000002,2,0.3,-3.7051261159844278,0.9979373807594408,-0.020647493692247134
1603,160.3,0,0.1,-3.5595432036806947,1.0044101189306478,0.0440042285294176
1603,160.3,1,0.2,-3.692104199844194,1.0016640843148368,0.016627012606665714
1603,160.3,2,0.3,-3.7073493417829058,0.9977792437375462,-0.022232257984781276
1604,160.4,0,0.1,-3.555281709867885,1.0042705868896766,0.04261493812810067
1604,160.4,1,0.2,-3.690584040900372,1.001521314971137,0.015201589438223782
1604,160.4,2,0.3,-3.7097299223836124,0.9976222507341055,-0.023805806007068074
1605,160.5,0,0.1,-3.5511626933995197,1.0041275112761117,0.04119016468365334
1605,160.5,1,0.2,-3.689201540549725,1.0013834564448056,0.013825003506467657
1605,160.5,2,0.3,-3.7122665980393474,0.9974665389872128,-0.025366756557351544
1606,160.6,0,0.1,-3.547189335495535,1.0039812621558413,0.03973357903985123
1606,160.6,1,0.2,-3.6879515232113333,1.0012507989357011,0.012500173383918779
1606,160.6,2,0.3,-3.714957928772458,0.9973122876506296,-0.02691330733110828
1607,160.70000000000002,0,0.1,-3.543364419455245,1.0038322403669815,0.038249160402888026
1607,160.70000000000002,1,0.2,-3.6868286884190042,1.001123465407318,0.011228347923288529
1607,160.70000000000002,2,0.3,-3.717802215031294,0.9971597548910217,-0.028442862588351686
1608,160.8,0,0.1,-3.539690311295916,1.003680865968485,0.036741081593294346
1608,160.8,1,0.2,-3.6858277830361525,1.001001406455806,0.01000905382851748
1608,160.8,2,0.3,-3.7207973818181954,0.9970093142502051,-0.029951667869016523
1609,160.9,0,0.1,-3.5361689555684253,1.0035275629844187,0.035213557274908824
1609,160.9,1,0.2,-3.6849437630621424,1.000884410834835,0.008840199740101588
1609,160.9,2,0.3,-3.7239408347953002,0.996861482498372,-0.031434529771050115
1610,161.0,0,0.1,-3.532801889493787,1.0033727410091193,0.03367066074638295
1610,161.0,1,0.2,-3.6841719283365992,1.0007721326666137,0.0077183472554325176
1610,161.0,2,0.3,-3.727229303014431,0.9967169328704243,-0.032884682191307225
1611,161.1,0,0.1,-3.5295902771607897,1.0032167750853263,0.03211612332997676
1611,161.1,1,0.2,-3.6835080146189245,1.0006641341571685,0.006639137176747511
1611,161.1,2,0.3,-3.7306586863768976,0.996576490256441,-0.03429383362466982
1612,161.20000000000002,0,0.1,-3.526534963407408,1.0030599859816103,0.030553137533810552
1612,161.20000000000002,1,0.2,-3.682948231336991,1.0005599399898344,0.005597832819333852
1612,161.20000000000002,2,0.3,-3.7342239264104,0.9964411078885497,-0.035652400335016377
1613,161.3,0,0.1,-3.523636544517214,1.0029026233673557,0.02898418890193875
1613,161.3,1,0.2,-3.6824892397591937,1.0004590969305498,0.004589915777973003
1613,161.3,2,0.3,-3.737918916749207,0.9963118277378343,-0.03694990338807035
1614,161.4,0,0.1,-3.5208954504722283,1.0027448542782005,0.02741094044986059
1614,161.4,1,0.2,-3.6821280748330727,1.0003612301540252,0.0036116492612105863
1614,161.4,2,0.3,-3.74173646545673,0.996189728867766,-0.03817548707523372
1615,161.5,0,0.1,-3.5183120317087133,1.002586758665271,0.025834187635151242
1615,161.5,1,0.2,-3.681862023191193,1.0002660870367563,0.0026605164187955403
1615,161.5,2,0.3,-3.7456683157601844,0.9960758692991951,-0.03931850303454666
1616,161.6,0,0.1,-3.515886642505105,1.0024283328393424,0.02425389203608268
1616,161.6,1,0.2,-3.681688478106696,1.0001735601443167,0.0017354508449730509
1616,161.6,2,0.3,-3.7497052255327885,0.9959712275940309,-0.04036909772604299
1617,161.70000000000002,0,0.1,-3.513619713463179,1.00226950046828,0.022669290419256423
1617,161.70000000000002,1,0.2,-3.681604797611101,1.0000836839969052,0.0008368049559502084
1617,161.70000000000002,2,0.3,-3.7538370995295747,0.9958766504498886,-0.04131873996785222
1618,161.8,0,0.1,-3.511511806941976,1.0021101297179766,0.02107906521203193
1618,161.8,1,0.2,-3.6816081930248368,0.9999966045920287,-3.395413735951729e-05
1618,161.8,2,0.3,-3.7580531625112967,0.9957928121347465,-0.04216062981722297
1619,161.9,0,0.1,-3.5095636514579467,1.0019500543718336,0.019481554840293788
1619,161.9,1,0.2,-3.681695671046773,0.9999125258041542,-0.0008747802193643182
1619,161.9,2,0.3,-3.7623421565914734,0.9957201905193438,-0.042889940801769326
1620,162.0,0,0.1,-3.507776153523024,1.001789096461669,0.017874979349229343
1620,162.0,1,0.2,-3.681864043648098,0.9998316415725459,-0.0016837260132486055
1620,162.0,2,0.3,-3.766692543088424,0.9956590627268279,-0.04350386496950767
1621,162.1,0,0.1,-3.506150387685904,1.0016270881108702,0.016257658371198004
1621,162.1,1,0.2,-3.682110007802181,0.9997540660926199,-0.0024596415408285896
1621,162.1,2,0.3,-3.7710926884689155,0.9956095210760577,-0.044001453804918544
1622,162.20000000000002,0,0.1,-3.504687567304228,1.0014638908253026,0.014628203816756674
1622,162.20000000000002,1,0.2,-3.6824302839206204,0.9996797751644815,-0.0032027611843947136
1622,162.20000000000002,2,0.3,-3.7755310159672537,0.9955715073217225,-0.04438327498337159
1623,162.3,0,0.1,-3.5033889996264014,1.0012994111819098,0.012985676778268413
1623,162.3,1,0.2,-3.6828217904892515,0.9996085700600651,-0.003915065686310949
1623,162.3,2,0.3,-3.7799961089958245,0.9955448606790517,-0.04465093028571042
1624,162.4,0,0.1,-3.5022560291313374,1.0011336125485886,0.01132970495064065
1624,162.4,1,0.2,-3.683281825262804,0.9995400710262198,-0.00460034773552413
1624,162.4,2,0.3,-3.7844767587810924,0.9955293733503398,-0.044806497852681086
1625,162.5,0,0.1,-3.501289972963093,1.000966522950805,0.009660561682443553
1625,162.5,1,0.2,-3.6838082220577504,0.9994737417275396,-0.00526396794946512
1625,162.5,2,0.3,-3.788961955523487,0.9955248467312521,-0.04485196742394925
1626,162.6,0,0.1,-3.500492051990062,1.0007982393966572,0.00797920973031153
1626,162.6,1,0.2,-3.684399456973115,0.9994089398295581,-0.00591234915364536
1626,162.6,2,0.3,-3.79344082837257,0.995531142344078,-0.04478872849083248
1627,162.70000000000002,0,0.1,-3.4998633207788954,1.0006289289040644,0.006287312111664348
1627,162.70000000000002,1,0.2,-3.685054687702075,0.9993449838878172,-0.006552307289598611
1627,162.70000000000002,2,0.3,-3.7979025434704976,0.9955482235662232,-0.04461715097926573
1628,162.8,0,0.1,-3.4994045997552594,1.0004588262522143,0.004587210236360034
1628,162.8,1,0.2,-3.685773722312537,0.9992812238329762,-0.007190346104622289
1628,162.8,2,0.3,-3.8023361707522225,0.995576186734458,-0.044336272817251686
1629,162.9,0,0.1,-3.4991164130227066,1.0002882282623384,0.002881867325528362
1629,162.9,1,0.2,-3.6865569267544607,0.9992171021826203,-0.007832044419236352
1629,162.9,2,0.3,-3.8067305294790996,0.9956152823401606,-0.04394358726877351
1630,163.0,0,0.1,-3.4989989355737348,1.0001174843497176,0.0011747744897184333
1630,163.0,1,0.2,-3.6874050907756035,0.9991521955682899,-0.00848164021142898
1630,163.0,2,0.3,-3.8110740207763163,0.9956659280186011,-0.0434349129721692
1631,163.1,0,0.1,-3.4990519537084306,0.9999469832707406,-0.0005301813469582885
1631,163.1,1,0.2,-3.6883192779675573,0.9990862305498492,-0.00914187191953849
1631,163.1,2,0.3,-3.8153544542610045,0.9957287145135995,-0.0428043348468845
1632,163.20000000000002,0,0.1,-3.499274842128439,0.99977713641777,-0.0022288842000856494
1632,163.20000000000002,1,0.2,-3.6893006864630036,0.9990190729283673,-0.009814084954460334
1632,163.20000000000002,2,0.3,-3.8195588764726054,0.9958044039974299,-0.04204422211599933
1633,163.3,0,0.1,-3.4996665602379373,0.9996083586020239,-0.003917181094981404
1633,163.3,1,0.2,-3.6903505426602905,0.9989506947089228,-0.010498561972869844
1633,163.3,2,0.3,-3.8236734117330116,0.9958939178422944,-0.04114535260406405
1634,163.4,0,0.1,-3.5002256686526345,0.9994410478572866,-0.005591084146972276
1634,163.4,1,0.2,-3.6914700425150753,0.9988811265514019,-0.011194998547848304
1634,163.4,2,0.3,-3.8276831306302332,0.9959983092917507,-0.04009718897221909
1635,163.5,0,0.1,-3.5009503649593157,0.9992755662222654,-0.007246963066811908
1635,163.5,1,0.2,-3.6926603452255398,0.9988104054188162,-0.011903027104645646
1635,163.5,2,0.3,-3.8315719658511807,0.9961187165064278,-0.03888835220947628
1636,163.6,0,0.1,-3.501838535691085,0.9991122235751092,-0.008881707317694392
1636,163.6,1,0.2,-3.6939226144689083,0.998738527083358,-0.012622692433686574
1636,163.6,2,0.3,-3.835322697355886,0.9962562937027378,-0.03750731504705609
1637,163.70000000000002,0,0.1,-3.5028878196665185,0.9989512663305047,-0.010492839754332297
1637,163.70000000000002,1,0.2,-3.6952580943565696,0.9986654114687636,-0.01335479887660947
1637,163.70000000000002,2,0.3,-3.838917026883185,0.9964121223427126,-0.03594329527298061
1638,163.8,0,0.1,-3.504095676640749,0.9987928721913989,-0.012078569742307164
1638,163.8,1,0.2,-3.696668202061061,0.9985908860302317,-0.014101077044915391
1638,163.8,2,0.3,-3.842335754522225,0.9965871095564729,-0.03418727639040248
1639,163.9,0,0.1,-3.5054594548783866,0.9986371512853008,-0.01363778237637525
1639,163.9,1,0.2,-3.698154617111856,0.998514689116905,-0.01486415050795027
1639,163.9,2,0.3,-3.8455590581360592,0.9967818856522351,-0.03223303613834455
1640,164.0,0,0.1,-3.50697645185546,0.9984841530812224,-0.01516996977073501
1640,164.0,1,0.2,-3.6997193485813855,0.9984364920844953,-0.01564731469529601
1640,164.0,2,0.3,-3.84856686193258,0.9969967151135183,-0.030078037965208294
1641,164.1,0,0.1,-3.508643963713755,0.9983338776671463,-0.016675118582952623
1641,164.1,1,0.2,-3.701364765289209,0.9983559362480868,-0.01645416707823793
1641,164.1,2,0.3,-3.8513392666836546,0.9972314348138814,-0.027724047510748105
1642,164.20000000000002,0,0.1,-3.5104593210471777,0.9981862894310619,-0.018153573334221164
1642,164.20000000000002,1,0.2,-3.703093579972962,0.9982726788555445,-0.01728814683752462
1642,164.20000000000002,2,0.3,-3.853857004410096,0.9974854291168705,-0.02517737726440799
1643,164.3,0,0.1,-3.512419910719585,0.9980413310280842,-0.019605896724074205
1643,164.3,1,0.2,-3.704908785202243,0.9981864412593425,-0.01815205229280906
1643,164.3,2,0.3,-3.8561018773196425,0.9977576449332122,-0.022448729095466857
1644,164.4,0,0.1,-3.514523185306913,0.9978989357447502,-0.02103274587328072
1644,164.4,1,0.2,-3.706813545694855,0.9980970524124222,-0.019047604926122313
1644,164.4,2,0.3,-3.858057145244497,0.998046642366228,-0.019552679248545646
1645,164.5,0,0.1,-3.5167666631026533,0.9977590369196486,-0.022434777957404284
1645,164.5,1,0.2,-3.708811057717309,0.9980044816769856,-0.01997512022454131
1645,164.5,2,0.3,-3.8597078365878947,0.9983506702982379,-0.016506913433978858
1646,164.6,0,0.1,-3.519147922235777,0.9976215738152985,-0.023812591331237275
1646,164.6,1,0.2,-3.7109043906146097,0.997908856595963,-0.02093332897300856
1646,164.6,2,0.3,-3.8610409719735115,0.9986677528446072,-0.013331353856168219
1647,164.70000000000002,0,0.1,-3.521664592296095,0.9974864940988399,-0.025166700603177324
1647,164.70000000000002,1,0.2,-3.713096327636613,0.9978104635176868,-0.021919370220028777
1647,164.70000000000002,2,0.3,-3.8620457037028424,0.9989957728445916,-0.010047317293306815
1648,164.8,0,0.1,-3.5243143460695108,0.9973537537254274,-0.02649753773415737
1648,164.8,1,0.2,-3.7153892228493994,0.9977097314634942,-0.02292895212786436
1648,164.8,2,0.3,-3.862713384406667,0.9993325421453367,-0.006676807038244295
1649,164.9,0,0.1,-3.527094892794895,0.9972233154142128,-0.027805467253842392
1649,164.9,1,0.2,-3.7177848881772015,0.9976072019882126,-0.023956653278022464
1649,164.9,2,0.3,-3.863037582928606,0.999675854024723,-0.003241985219393413
1650,165.0,0,0.1,-3.5300039730607895,0.997095147007949,-0.029090802658948135
1650,165.0,1,0.2,-3.720284520056124,0.9975034895994522,-0.024996318789224682
1650,165.0,2,0.3,-3.8630140644026407,1.000023518802528,0.00023518525965383845
1651,165.1,0,0.1,-3.5330393543491674,0.9969692208238392,-0.030353812883780532
1651,165.1,1,0.2,-3.7228886696576886,0.9973992382545429,-0.026041496015648907
1651,165.1,2,0.3,-3.8626407463628967,1.0003733877315955,0.0037331803974407396
1652,165.20000000000002,0,0.1,-3.536198825523952,0.996845514701974,-0.03159471174783938
1652,165.20000000000002,1,0.2,-3.725597255163991,0.9972950794017679,-0.027085855063016476
1652,165.20000000000002,2,0.3,-3.861917636291011,1.0007233715790027,0.007231100718854709
1653,165.3,0,0.1,-3.5394801883692986,0.9967240149419495,-0.032813628453467115
1653,165.3,1,0.2,-3.7284096100677164,0.9971915960616199,-0.028123549037257157
1653,165.3,2,0.3,-3.8608467510100937,1.0010714588832959,0.010708852809174272
1654,165.4,0,0.1,-3.5428812446061215,0.9966047208037379,-0.03401056236823157
1654,165.4,1,0.2,-3.7313245585497685,0.9970892958552648,-0.02914948482052259
1654,165.4,2,0.3,-3.859432016541014,1.0014157356779814,0.014147344690798841
1655,165.5,0,0.1,-3.5463997775510867,0.9964876498385091,-0.0351853294496538
1655,165.5,1,0.2,-3.734340507841249,0.9969885941148753,-0.030159492914806955
1655,165.5,2,0.3,-3.8576791486617155,1.0017544050502207,0.017528678792985027
1656,165.6,0,0.1,-3.5500335285545357,0.9963728430802244,-0.036337510034491885
1656,165.6,1,0.2,-3.737455547852888,0.9968898066916339,-0.03115040011639269
1656,165.6,2,0.3,-3.8555955181564467,1.0020858027717814,0.02083630505268837
1657,165.70000000000002,0,0.1,-3.5537801693578137,0.9962603690981161,-0.03746640803277171
1657,165.70000000000002,1,0.2,-3.7406675496917643,0.9967931511204488,-0.032120018388754244
1657,165.70000000000002,2,0.3,-3.8531900084129793,1.0024084053033306,0.0240550974346688
1658,165.8,0,0.1,-3.557637272355554,0.996150326069399,-0.03857102997740333
1658,165.8,1,0.2,-3.743974256329511,0.9966987544955339,-0.033067066377469805
1658,165.8,2,0.3,-3.850472874467499,1.0027208286995417,0.027171339454802757
1659,165.9,0,0.1,-3.56160228129293,0.9960428413316708,-0.03965008937376394
1659,165.9,1,0.2,-3.7473733601267236,0.99660666661617,-0.033991037972127255
1659,165.9,2,0.3,-3.8474556106030726,1.0030218203866312,0.030172638644267495
1660,166.0,0,0.1,-3.5656724850990167,0.9959380682466391,-0.04070203806086923
1660,166.0,1,0.2,-3.7508625629455112,0.9965168773756348,-0.03489202818787816
1660,166.0,2,0.3,-3.8441508284542394,1.0033102489619088,0.03304782148833418
1661,166.1,0,0.1,-3.5698449973544903,0.9958361805792649,-0.041725122554738966
1661,166.1,1,0.2,-3.754439615318959,0.996429337656965,-0.035770523734479455
1661,166.1,2,0.3,-3.8405721409763918,1.0035850986254296,0.03578687477847823
1662,166.20000000000002,0,0.1,-3.5741167433741223,0.9957373649095875,-0.04271746019631012
1662,166.20000000000002,1,0.2,-3.7581023319382028,0.9963439829452414,-0.03662716619242945
1662,166.20000000000002,2,0.3,-3.836734042171591,1.0038454737382412,0.03838098804799921
1663,166.3,0,0.1,-3.5784844561490003,0.9956418118106334,-0.04367712774878267
1663,166.3,1,0.2,-3.7618485819288354,0.9962607584493424,-0.03746249990632879
1663,166.3,2,0.3,-3.832651770601982,1.0040906153902431,0.040822715696091735
1664,166.4,0,0.1,-3.5829446815510813,0.9955497066313818,-0.04460225402081162
1664,166.4,1,0.2,-3.765676254187111,0.9961796439415342,-0.03827672258275734
1664,166.4,2,0.3,-3.8283411479172957,1.004319926782666,0.04310622684686539
1665,166.5,0,0.1,-3.5874937923582824,0.9954612207250015,-0.045491108072013654
1665,166.5,1,0.2,-3.7695832002745675,0.9961006760966901,-0.03906946087456786
1665,166.5,2,0.3,-3.823818391678064,1.0045329993377556,0.04522756239232075
1666,166.6,0,0.1,-3.5921280098992976,0.9953765038769053,-0.04634217541015492
1666,166.6,1,0.2,-3.773567159553976,0.9960239661579948,-0.039839592794088705
1666,166.6,2,0.3,-3.819099912760652,1.0047296284684686,0.04718478917412219
1667,166.70000000000002,0,0.1,-3.5968434315119304,0.995295678533716,-0.04715421612631759
1667,166.70000000000002,1,0.2,-3.7776256727624427,0.9959497114259072,-0.04058513208465585
1667,166.70000000000002,2,0.3,-3.814202118464893,1.0049098080959404,0.04897794295757981
1668,166.8,0,0.1,-3.601636061610101,0.995218836228191,-0.04792630098170931
1668,166.8,1,0.2,-3.78175599053014,0.9958782002633068,-0.0413031776769769
1668,166.8,2,0.3,-3.8091412497000037,1.0050736965920708,0.050608687648894916
1669,166.9,0,0.1,-3.6065018440052623,0.9951460363470847,-0.04865782395161499
1669,166.9,1,0.2,-3.785954982281233,0.9958098116886028,-0.041989917510931896
1669,166.9,2,0.3,-3.803933281632345,1.0052215531066002,0.05207968067659182
1670,167.0,0,0.1,-3.6114366932583053,0.9950773071107039,-0.04934849253043275
1670,167.0,1,0.2,-3.7902190487931016,0.9957450117117733,-0.04264066511868745
1670,167.0,2,0.3,-3.798593910838486,1.005353650637911,0.05339370793859236
1671,167.1,0,0.1,-3.616436523257409,0.99501264834571,-0.04999829999104151
1671,167.1,1,0.2,-3.794544039175947,0.9956843489190789,-0.04324990382845752
1671,167.1,2,0.3,-3.793138639149014,1.0054701787791551,0.05455271689472107
1672,167.20000000000002,0,0.1,-3.6214972718968994,0.994952035374254,-0.05060748639489092
1672,167.20000000000002,1,0.2,-3.7989251711213257,0.9956284512130475,-0.04381131945377595
1672,167.20000000000002,2,0.3,-3.78758294755971,1.0055711530636218,0.05555691589302983
1673,167.3,0,0.1,-3.62661492158876,0.9948954231670455,-0.051176496918608615
1673,167.3,1,0.2,-3.8033569527987545,0.9955780241758407,-0.044317816774291106
1673,167.3,2,0.3,-3.7819425364531996,1.005656348175019,0.056404111065105775
1674,167.4,0,0.1,-3.6317855162264294,0.9948427498771852,-0.0517059463766974
1674,167.4,1,0.2,-3.807833106164744,0.9955338496778698,-0.04476153365989865
1674,167.4,2,0.3,-3.7762335946490864,1.0057252688676728,0.057089418041135126
1675,167.5,0,0.1,-3.6370051759436994,0.994793939035936,-0.05219659717270306
1675,167.5,1,0.2,-3.812346494471658,0.9954967817239048,-0.045133883069142025
1675,167.5,2,0.3,-3.7704730523787475,1.0057771660993904,0.057605422703391695
1676,167.6,0,0.1,-3.642270111357319,0.9947489000672148,-0.05264935413619686
1676,167.6,1,0.2,-3.816889060596096,0.9954677357242135,-0.04542566124438077
1676,167.6,2,0.3,-3.7646787735433973,1.0058110981385135,0.05794278835350549
1677,167.70000000000002,0,0.1,-3.6475766387761515,0.994707527326171,-0.05306527418831434
1677,167.70000000000002,1,0.2,-3.8214517862398028,0.9954476677754944,-0.04562725643705818
1677,167.70000000000002,2,0.3,-3.758869650191897,1.0058260290284244,0.05809123351498979
1678,167.8,0,0.1,-3.652921197028926,0.9946696984887142,-0.05344558252774993
1678,167.8,1,0.2,-3.8260246838790444,0.9954375421377616,-0.045728976392418845
1678,167.8,2,0.3,-3.753065575170306,1.0058209512996155,0.058040750215914115
1679,167.9,0,0.1,-3.658300365185177,0.9946352736621825,-0.0537916815625103
1679,167.9,1,0.2,-3.8305968327287885,0.9954382875112177,-0.04572148849744367
1679,167.9,2,0.3,-3.747287284572143,1.0057950171206644,0.057782905981630335
1680,168.0,0,0.1,-3.6637108787696313,0.9946040968822502,-0.054105135844547424
1680,168.0,1,0.2,-3.835156466784086,0.9954507452947233,-0.045596340552978384
1680,168.0,2,0.3,-3.7415560770570724,1.0057476623051143,0.057312075150711614
1681,168.1,0,0.1,-3.669149640493359,0.994576001564022,-0.054387617237277905
1681,168.1,1,0.2,-3.8396911177546524,0.9954756150356989,-0.04534650970566636
1681,168.1,2,0.3,-3.735893429982117,1.0056787101664628,0.056626470749557734
1682,168.20000000000002,0,0.1,-3.6746137205078964,0.9945508209183483,-0.054640800145363336
1682,168.20000000000002,1,0.2,-3.844187809503689,0.9955134032322982,-0.04496691749035752
1682,168.20000000000002,2,0.3,-3.730320541283968,1.0055884461288869,0.05572888698147492
1683,168.3,0,0.1,-3.680100341149008,0.9945284033723387,-0.054866206411120284
1683,168.3,1,0.2,-3.848633294705108,0.9955643813419803,-0.044454852014188834
1683,168.3,2,0.3,-3.7248578309166427,1.0054776581757252,0.05462710367325796
1684,168.4,0,0.1,-3.6856068423245767,0.9945086318126825,-0.05506501175568925
1684,168.4,1,0.2,-3.853014319906508,0.9956285574903955,-0.04381025201400295
1684,168.4,2,0.3,-3.719524436954445,1.0053476418263383,0.05333393962198089
1685,168.5,0,0.1,-3.6911306261005987,0.9944914442658748,-0.05523783776022343
1685,168.5,1,0.2,-3.857317902601434,0.9957056644470439,-0.043035826949265006
1685,168.5,2,0.3,-3.7143377401546362,1.0052001709971083,0.05186696799808949
1686,168.6,0,0.1,-3.6966690823289814,0.9944768527445824,-0.05538456228382986
1686,168.6,1,0.2,-3.8615316032758065,0.9957951645062039,-0.04213700674372562
1686,168.6,2,0.3,-3.7093129476957514,1.0050374378998794,0.050247924588851606
1687,168.70000000000002,0,0.1,-3.702219500752246,0.9944649566898163,-0.05550418423263163
1687,168.70000000000002,1,0.2,-3.8656437762699745,0.9958962704116523,-0.041121729941670605
1687,168.70000000000002,2,0.3,-3.704462762450776,1.0048619664327105,0.048501852449740555
1688,168.8,0,0.1,-3.7077789781736574,0.9944559478744214,-0.05559477421411923
1688,168.8,1,0.2,-3.869643785114982,0.9960079805342934,-0.04000008845007624
1688,168.8,2,0.3,-3.699797158581346,1.0046765047456265,0.04665603869430422
1689,168.9,0,0.1,-3.7133443312757572,0.9944501047859795,-0.0556535310210014
1689,168.9,1,0.2,-3.87352217034301,0.9961291259943515,-0.0387838522802819
1689,168.9,2,0.3,-3.6953232772730478,1.0044839040565665,0.04473881308298543
1690,169.0,0,0.1,-3.7189120259849235,0.9944477761773132,-0.055676947091666096
1690,169.0,1,0.2,-3.8772707605585226,0.9962584269778568,-0.037485902155129834
1690,169.0,2,0.3,-3.691045447976613,1.0042869922693982,0.04277829296434964
1691,169.1,0,0.1,-3.724478132737332,0.9944493553186332,-0.05566106752408967
1691,169.1,1,0.2,-3.88088272101557,0.9963945548254494,-0.03611960457047686
1691,169.1,2,0.3,-3.68696533086927,1.004088452117231,0.04080117107343249
1692,169.20000000000002,0,0.1,-3.7300383138322593,0.9944552481023547,-0.05560181094925799
1692,169.20000000000002,1,0.2,-3.8843525383786286,0.9965361954966893,-0.03469817363057725
1692,169.20000000000002,2,0.3,-3.6830821662517095,1.0038907138697841,0.0388316461755967
1693,169.3,0,0.1,-3.7355878448593964,0.9944658391745588,-0.055495310271374935
1693,169.3,1,0.2,-3.8876759457936885,0.9966821089905835,-0.033234074150600645
1693,169.3,2,0.3,-3.679393107581726,1.003695871622136,0.03689058669983801
1694,169.4,0,0.1,-3.741121667786185,0.9944814604664437,-0.05533822926789037
1694,169.4,1,0.2,-3.8908497983847883,0.996831178754711,-0.03173852591099993
1694,169.4,2,0.3,-3.675893608338887,1.003505629639334,0.03499499242838965
1695,169.5,0,0.1,-3.746634469548893,0.9945023658441269,-0.055128017627080556
1695,169.5,1,0.2,-3.8938719147639156,0.9969824456177914,-0.03022116379127476
1695,169.5,2,0.3,-3.672577830193888,1.0033212814182162,0.033157781449994705
1696,169.6,0,0.1,-3.7521207775876158,0.9945287142643423,-0.05486308038723165
1696,169.6,1,0.2,-3.8967409036949925,0.9971351226846664,-0.02868988931077062
1696,169.6,2,0.3,-3.669439041624149,1.0031437197245157,0.031387885697388825
1697,169.70000000000002,0,0.1,-3.7575750630379563,0.9945605621579168,-0.05454285450339306
1697,169.70000000000002,1,0.2,-3.899455995392245,0.9972885908306554,-0.027150916972520856
1697,169.70000000000002,2,0.3,-3.66646998183144,1.0029734718161754,0.029690597927085526
1698,169.8,0,0.1,-3.762991843164185,0.994597864173657,-0.05416780126229123
1698,169.8,1,0.2,-3.902016893412287,0.9974423782819374,-0.025608980200419254
1698,169.8,2,0.3,-3.6636631732936373,1.002810751312895,0.028068085378027338
1699,169.9,0,0.1,-3.768365776642058,0.9946404802715708,-0.05373933477873155
1699,169.9,1,0.2,-3.9044236561153167,0.9975961312281902,-0.02406762703029889
1699,169.9,2,0.3,-3.661011175596224,1.002655517353993,0.026519976974134617
1700,170.0,0,0.1,-3.7736917477969634,0.994688186683568,-0.05325971154905709
1700,170.0,1,0.2,-3.906676607746681,0.9977495843593167,-0.022529516313644252
1700,170.0,2,0.3,-3.658506781294379,1.0025075329168174,0.025043943018451566
1701,170.1,0,0.1,-3.778964938170229,0.9947406884890799,-0.05273190373265757
1701,170.1,1,0.2,-3.908776270656836,0.9979025398400656,-0.02099662910155184
1701,170.1,2,0.3,-3.6561431598697474,1.0023664169798618,0.0236362142463178
1702,170.20000000000002,0,0.1,-3.7841808852914167,0.9947976323108721,-0.05215947121186706
1702,170.20000000000002,1,0.2,-3.9107233045267367,0.9980548603709617,-0.019470338699001402
1702,170.20000000000002,2,0.3,-3.6539139576981396,1.002231688690076,0.02229202171607207
1703,170.3,0,0.1,-3.7893355290581803,0.9948586186120197,-0.05154643766763849
1703,170.3,1,0.2,-3.912518437564884,0.9982064772494609,-0.017951330381472584
1703,170.3,2,0.3,-3.6518133607518943,1.002102804745639,0.021005969462454338
1704,170.4,0,0.1,-3.7944252457999657,0.9949232139193679,-0.050897167417856666
1704,170.4,1,0.2,-3.914162379080394,0.9983574090161769,-0.016439415155101545
1704,170.4,2,0.3,-3.6498361238491848,1.0019791929245547,0.019772369027096795
1705,170.5,0,0.1,-3.799446869340025,0.9949909637331,-0.05021623540059591
1705,170.5,1,0.2,-3.9156557116311026,0.9985077819155194,-0.014933325507087996
1705,170.5,2,0.3,-3.6479775673976276,1.001860284638077,0.018585564515572976
1706,170.6,0,0.1,-3.8043976977085516,0.9950614067825352,-0.049508283685269536
1706,170.6,1,0.2,-3.9169987717387396,0.9986578413939537,-0.013430601076370383
1706,170.6,2,0.3,-3.6462335413560036,1.0017455477395392,0.017440260416240354
1707,170.70000000000002,0,0.1,-3.8092754840698757,0.9951340907194345,-0.04877786361322968
1707,170.70000000000002,1,0.2,-3.9181915378624925,0.9988079449390213,-0.01192766123752693
1707,170.70000000000002,2,0.3,-3.644600357433269,1.0016345182939232,0.016331839227344443
1708,170.8,0,0.1,-3.8140784111533867,0.9952085885271844,-0.048029270835113165
1708,170.8,1,0.2,-3.9192335499956545,0.9989585305729622,-0.010420121331620772
1708,170.8,2,0.3,-3.6430746942182104,1.0015268276312752,0.015256632150585127
1709,170.9,0,0.1,-3.8188050499563233,0.9952845141752978,-0.04726638802936824
1709,170.9,1,0.2,-3.920123884987538,0.999110061238714,-0.00890334991883674
1709,170.9,2,0.3,-3.641653484875454,1.0014222197393596,0.014212093427566606
1710,171.0,0,0.1,-3.823454305362851,0.995361535651451,-0.046492554065278725
1710,171.0,1,0.2,-3.9208612051649263,0.9992629515763397,-0.007373201773881874
1710,171.0,2,0.3,-3.640333801548408,1.0013205544922663,0.013196833270457592
1711,171.1,0,0.1,-3.828025353070167,0.995439383631154,-0.0457104770731646
1711,171.1,1,0.2,-3.9214438863693815,0.9994174885212708,-0.0058268120445518195
1711,171.1,2,0.3,-3.639112752951311,1.0012217943804504,0.012210485970972212
1712,171.20000000000002,0,0.1,-3.8325175732978813,0.9955178547016597,-0.04492220227713206
1712,171.20000000000002,1,0.2,-3.921870217738952,0.9995737594967345,-0.004263313695703904
1712,171.20000000000002,2,0.3,-3.637987410643421,1.0011259757431332,0.0112534230788982
1713,171.3,0,0.1,-3.8369304868177876,0.9955968090760445,-0.04412913519906499
1713,171.3,1,0.2,-3.9221386525695494,0.9997316011948083,-0.0026843483059747902
1713,171.3,2,0.3,-3.6369547749402638,1.001033169054975,0.010326357031572062
1714,171.4,0,0.1,-3.841263697795989,0.9956761638345872,-0.043332109782017424
1714,171.4,1,0.2,-3.92224808020267,0.9998905783538646,-0.00109427633120613
1714,171.4,2,0.3,-3.6360117841403454,1.0009434355555318,0.009429907999183843
1715,171.5,0,0.1,-3.845516846014941,0.9957558836068325,-0.042531482189523045
1715,171.5,1,0.2,-3.922198084917755,1.0000499965347003,0.0004999528491511924
1715,171.5,2,0.3,-3.6351553623259045,1.0008567886483168,0.008564218144409485
1716,171.6,0,0.1,-3.84968956870505,0.9958359710208634,-0.04172722690108947
1716,171.6,1,0.2,-3.9219891597413836,1.000208947002756,0.0020892517637128927
1716,171.6,2,0.3,-3.634382493338298,1.0007731677277996,0.0077286898760635615
1717,171.70000000000002,0,0.1,-3.8537814700302038,0.9959164590958469,-0.04091901325152982
1717,171.70000000000002,1,0.2,-3.9216228501293973,1.000366376711545,0.0036630961198627627
1717,171.70000000000002,2,0.3,-3.633690303310092,1.000692429647008,0.006921900282062612
1718,171.8,0,0.1,-3.857792094743573,0.995997407100808,-0.040106247133693325
1718,171.8,1,0.2,-3.9211018129464534,1.000521172946395,0.005210371829438583
1718,171.8,2,0.3,-3.6330761323808827,1.0006143595707915,0.006141709292091585
1719,171.9,0,0.1,-3.861720901967703,0.9960789004416906,-0.03928807224130139
1719,171.9,1,0.2,-3.9204297880143675,1.0006722507914323,0.006720249320859954
1719,171.9,2,0.3,-3.6325375781122364,1.0005386993150338,0.005385542686462714
1720,172.0,0,0.1,-3.8655672355009947,0.9961610541326884,-0.03846333533292109
1720,172.0,1,0.2,-3.919611490812785,1.0008186320980799,0.008182972015827093
1720,172.0,2,0.3,-3.6320724980618766,1.0004651882168547,0.004650800503598605
1721,172.1,0,0.1,-3.869330288306209,0.996244018605182,-0.03763052805214376
1721,172.1,1,0.2,-3.918652444225996,1.0009595066190191,0.009590465867890797
1721,172.1,2,0.3,-3.631678965904734,1.0003936096010806,0.003935321571426844
1722,172.20000000000002,0,0.1,-3.87300906052516,0.9963279861734993,-0.03678772218950462
1722,172.20000000000002,1,0.2,-3.917558773606392,1.0010942688954014,0.010936706196036107
1722,172.20000000000002,2,0.3,-3.631355183192134,1.0003238351358803,0.0032378271259984456
1723,172.3,0,0.1,-3.876602312072132,0.9964131964559573,-0.03593251546971858
1723,172.3,1,0.2,-3.916336992393545,1.0012225278915747,0.012217812128470645
1723,172.3,2,0.3,-3.631099356269037,1.0002558596495954,0.0025582692309723885
1724,172.4,0,0.1,-3.8801085122418026,0.9964999393725601,-0.03506200169671047
1724,172.4,1,0.2,-3.9149938049380792,1.0013440899357573,0.01343187455465765
1724,172.4,2,0.3,-3.630909554255232,1.0001898200273467,0.0018980201380492914
1725,172.5,0,0.1,-3.8835257896250894,0.9965885548637103,-0.03417277383286982
1725,172.5,1,0.2,-3.913535949129534,1.0014589189969203,0.01457855808545266
1725,172.5,2,0.3,-3.6307835688125865,1.0001259933791447,0.001259854426454226
1726,172.6,0,0.1,-3.886851885917171,0.9966794290385659,-0.033260962920815484
1726,172.6,1,0.2,-3.9119700942937214,1.0015670814266335,0.01565854835812708
1726,172.6,2,0.3,-3.63071879923462,1.0000647716755606,0.0006476957796630969
1727,172.70000000000002,0,0.1,-3.8900841170062903,0.9967729869463078,-0.032322310891187846
1727,172.70000000000002,1,0.2,-3.9103028003681892,1.0016686846328478,0.016672939255318413
1727,172.70000000000002,2,0.3,-3.6307121867378735,1.0000066125186091,6.612496746603742e-05
1728,172.8,0,0.1,-3.893219344183794,0.996869682514883,-0.03135227177503986
1728,172.8,1,0.2,-3.9085405338129933,1.0017638202594479,0.017622665551960574
1728,172.8,2,0.3,-3.630760219190374,0.9999519687010395,-0.0004803245250029338
1729,172.9,0,0.1,-3.8962539575384003,0.9969699864304669,-0.030346133546063695
1729,172.9,1,0.2,-3.9066897257190965,1.0018525218963403,0.018508080938969215
1729,172.9,2,0.3,-3.630859021474437,0.9999012025967217,-0.0009880228406312092
1730,173.0,0,0.1,-3.899183872668529,0.9970743728823467,-0.029299151301286908
1730,173.0,1,0.2,-3.9047568499708865,1.0019347449566607,0.019328757482101045
1730,173.0,2,0.3,-3.631004537236283,0.9998544948250591,-0.0014551576184596842
1731,173.1,0,0.1,-3.902004540804145,0.9971833062111003,-0.028206681356161493
1731,173.1,1,0.2,-3.902748495705784,1.0020103723593194,0.020083542651027107
1731,173.1,2,0.3,-3.6311927955962164,0.9998117593595597,-0.0018825835993353485
1732,173.20000000000002,0,0.1,-3.904710971312682,0.9972972285727509,-0.027064305085365233
1732,173.20000000000002,1,0.2,-3.9006714096002373,1.0020792447431917,0.02077086105546105
1732,173.20000000000002,2,0.3,-3.6314202429875357,0.9997725784728775,-0.0022744739131925033
1733,173.3,0,0.1,-3.9072977644588214,0.9974165497201953,-0.02586793146139557
1733,173.3,1,0.2,-3.8985324895566555,1.0021412091648498,0.021389200435818594
1733,173.3,2,0.3,-3.6316841078860445,0.9997361699107717,-0.0026386489850872942
1734,173.4,0,0.1,-3.9097591513566483,0.9975416398310771,-0.024613868978270736
1734,173.4,1,0.2,-3.896338720896379,1.0021961767313388,0.02193768660276554
1734,173.4,2,0.3,-3.6319827573184993,0.9997013951588479,-0.0029864943245485084
1735,173.5,0,0.1,-3.912089037515497,0.9976728259192214,-0.023298861588486812
1735,173.5,1,0.2,-3.894097057032299,1.0022441782709872,0.022416638640804395
1735,173.5,2,0.3,-3.6323160009123403,0.9996668119256382,-0.0033324359384103394
1736,173.6,0,0.1,-3.914281046455512,0.9978103917571448,-0.02192008940015047
1736,173.6,1,0.2,-3.8918142563345195,1.0022854082711046,0.022828006977794378
1736,173.6,2,0.3,-3.6326853021093655,0.9996307669862682,-0.003693011970251835
1737,173.70000000000002,0,0.1,-3.9163285606812406,0.9979545805016183,-0.020475142257283314
1737,173.70000000000002,1,0.2,-3.8894966934151545,1.002320250544153,0.023175629193644968
1737,173.70000000000002,2,0.3,-3.633093866810425,0.9995915187501325,-0.0040856470105934
1738,173.8,0,0.1,-3.9182247588016574,0.9981055985274595,-0.018961981204169667
1738,173.8,1,0.2,-3.887150165209853,1.0023492834572814,0.0234652820530159
1738,173.8,2,0.3,-3.6335465954146704,0.9995473738618855,-0.004527286042455261
1739,173.9,0,0.1,-3.919962649509421,0.9982636185498578,-0.01737890707763522
1739,173.9,1,0.2,-3.8847797101552297,1.002373266804476,0.02370455054623434
1739,173.9,2,0.3,-3.6340499020586146,0.9994968199935979,-0.005033066439441855
1740,174.0,0,0.1,-3.921535105036694,0.9984287801331607,-0.015724555272732317
1740,174.0,1,0.2,-3.882389453746805,1.0023931153486867,0.02390256408424965
1740,174.0,2,0.3,-3.6346114214803755,0.9994386382007656,-0.005615194217610017
1741,174.1,0,0.1,-3.9229348980715963,0.9986011862183972,-0.01399793034902421
1741,174.1,1,0.2,-3.8799824877939946,1.0024098650208788,0.024069659528104505
1741,174.1,2,0.3,-3.6352396363647297,0.9993719824013014,-0.00628214884354197
1742,174.20000000000002,0,0.1,-3.924154746511638,0.9987808952726305,-0.012198484400413602
1742,174.20000000000002,1,0.2,-3.8775607857540444,1.0024246367288379,0.024217020399496293
1742,174.20000000000002,2,0.3,-3.635943464425617,0.9992964195679825,-0.007038280608873747
1743,174.3,0,0.1,-3.9251873696473334,0.998967909836106,-0.010326231356954683
1743,174.3,1,0.2,-3.8751251539571667,1.0024386003576204,0.02435631796877807
1743,174.3,2,0.3,-3.6367318445155354,0.9992119306000123,-0.007883800899182617
1744,174.4,0,0.1,-3.9260255575437335,0.9991621632849492,-0.008381878964001587
1744,174.4,1,0.2,-3.872675218597124,1.0024529389040056,0.024499353600428157
1744,174.4,2,0.3,-3.637613355786948,0.9991188771455085,-0.008815112714124997
1745,174.5,0,0.1,-3.926662252986312,0.9993635072049541,-0.006366954425787525
1745,174.5,1,0.2,-3.8702094502328324,1.002468810871297,0.024657683642918274
1745,174.5,2,0.3,-3.638595895356719,0.9990179429641829,-0.009825395697711795
1746,174.6,0,0.1,-3.9270906430670105,0.999571701665231,-0.004283900806983065
1746,174.6,1,0.2,-3.8677252296788054,1.0024873087866617,0.024842205540271136
1746,174.6,2,0.3,-3.6396864302415564,0.998910059532233,-0.010905348848374083
1747,174.70000000000002,0,0.1,-3.927304256011584,0.9997864098690471,-0.0021361294457328955
1747,174.70000000000002,1,0.2,-3.8652189598939226,1.0025094131044536,0.025062697848822053
1747,174.70000000000002,2,0.3,-3.6408908302983853,0.9987963249418276,-0.012044000568287064
1748,174.8,0,0.1,-3.9272970586840272,1.0000071973534572,7.197327556607701e-05
1748,174.8,1,0.2,-3.862686226677002,1.002535943295213,0.025327332169206348
1748,174.8,2,0.3,-3.6422137814423543,0.9986779235701184,-0.013229511439690398
1749,174.9,0,0.1,-3.927063551443327,1.0002335345056381,0.0023350724070027246
1749,174.9,1,0.2,-3.860122006483968,1.0025675106174896,0.02564220193034185
1749,174.9,2,0.3,-3.6436587726000624,0.9985560523393398,-0.01444991157708213
1750,175.0,0,0.1,-3.9265988592973167,1.0004648001321317,0.004646921460103302
1750,175.0,1,0.2,-3.857520913394998,1.0026044788665367,0.02601093088970311
1750,175.0,2,0.3,-3.645228145228532,0.9984318581927976,-0.015693726284694346
1751,175.1,0,0.1,-3.925898820828795,1.0007002835526368,0.007000384685218862
1751,175.1,1,0.2,-3.8548774708464824,1.0026469395234412,0.026434425485157124
1751,175.1,2,0.3,-3.6469231902942147,0.9983063907118541,-0.016950450656830617
1752,175.20000000000002,0,0.1,-3.9249600782110163,1.000939183374538,0.00938742617778274
1752,175.20000000000002,1,0.2,-3.852186389065395,1.0026947059919502,0.026910817810866225
1752,175.20000000000002,2,0.3,-3.6487442742664142,0.9981805731951179,-0.018210839721990748
1753,175.3,0,0.1,-3.9237801719483563,1.0011806026259087,0.011799062626601358
1753,175.3,1,0.2,-3.84944282762671,1.002747328447588,0.027435614386851943
1753,175.3,2,0.3,-3.650690973439174,0.9980551944171255,-0.019466991727600243
1754,175.4,0,0.1,-3.9223576423385986,1.0014235418849433,0.014225296097577198
1754,175.4,1,0.2,-3.8466426247020564,1.0028041271548889,0.0280020292465382
1754,175.4,2,0.3,-3.652762195710771,0.9979309212291079,-0.020712222715971795
1755,175.5,0,0.1,-3.9206921362047735,1.0016668938594808,0.016655061338251956
1755,175.5,1,0.2,-3.8437824798081297,1.002864239010659,0.02860144893926882
1755,175.5,2,0.3,-3.6549562717910864,0.9978083291452036,-0.021940760803153127
1756,175.6,0,0.1,-3.9187845129341206,1.0019094439414584,0.01907623270653078
1756,175.6,1,0.2,-3.8408600837645848,1.0029266704056414,0.029223960435451054
1756,175.6,2,0.3,-3.6572710041033507,0.9976879446147195,-0.02314732312264443
1757,175.70000000000002,0,0.1,-3.9166369394652896,1.0021498811564133,0.021475734688304996
1757,175.70000000000002,1,0.2,-3.837874196343233,1.002990349623304,0.029858874213510727
1757,175.70000000000002,2,0.3,-3.6597036708466706,0.997570289792514,-0.02432666743319325
1758,175.8,0,0.1,-3.914252960872851,1.0023868225289154,0.02383978592438798
1758,175.8,1,0.2,-3.83482467718563,1.0030541736712895,0.030495191576031602
1758,175.8,2,0.3,-3.662250993144282,0.99745591937472,-0.025473222976117097
1759,175.9,0,0.1,-3.911637532647864,1.0026188514411287,0.026154282249872086
1759,175.9,1,0.2,-3.8317124781603162,1.0031170469446258,0.031121990253139657
1759,175.9,2,0.3,-3.6649090824888115,0.9973454402469367,-0.02658089344529531
1760,176.0,0,0.1,-3.9087970031369252,1.0028445676374573,0.028405295109387666
1760,176.0,1,0.2,-3.8285396055189014,1.003177911529655,0.03172872641415039
1760,176.0,2,0.3,-3.6676733912604282,0.9972395084117746,-0.027643087716168652
1761,176.1,0,0.1,-3.905739039626949,1.003062643849944,0.030579635099765096
1761,176.1,1,0.2,-3.8253090588603182,1.003235770498211,0.03230546658583317
1761,176.1,2,0.3,-3.670538689089114,0.9971388032192947,-0.028652978286857717
1762,176.20000000000002,0,0.1,-3.9024724983155052,1.0032718822714188,0.03266541311442918
1762,176.20000000000002,1,0.2,-3.8220247522527115,1.0032897058518593,0.03284306607605955
1762,176.20000000000002,2,0.3,-3.6734990818051703,0.9970439849255486,-0.029603927160557417
1763,176.3,0,0.1,-3.8990072455104015,1.00347126373473,0.03465252805103988
1763,176.3,1,0.2,-3.8186914219655343,1.003338892010549,0.033333302871773836
1763,176.3,2,0.3,-3.6765480789204172,0.9969556463559484,-0.0304899711524715
1764,176.4,0,0.1,-3.895353943399012,1.0036599835535125,0.036533021113897966
1764,176.4,1,0.2,-3.815314525630833,1.0033826044725838,0.03376896334701588
1764,176.4,2,0.3,-3.6796787027350866,0.9968742714782927,-0.03130623814669509
1765,176.5,0,0.1,-3.891523817454175,1.003837470250759,0.03830125944837222
1765,176.5,1,0.2,-3.811900139041045,1.0034202222475206,0.03414386589788182
1765,176.5,2,0.3,-3.6828836207679636,0.9968002122347626,-0.03204918032877218
1766,176.6,0,0.1,-3.88752842341366,1.0040033862677722,0.039953940405153036
1766,176.6,1,0.2,-3.8084548583482625,1.0034512224940735,0.03445280692782689
1766,176.6,2,0.3,-3.6861552765160495,0.9967336902858646,-0.032716557480860414
1767,176.70000000000002,0,0.1,-3.883379429886944,1.0041576125162797,0.041489935267148836
1767,176.70000000000002,1,0.2,-3.804985716061505,1.003475166725391,0.03469142286756643
1767,176.70000000000002,2,0.3,-3.689485993592564,0.9966748236084157,-0.033307170765139095
1768,176.8,0,0.1,-3.87908842871364,1.0043002207011233,0.042910011733041875
1768,176.8,1,0.2,-3.80150011806473,1.003491679757611,0.03485597996775368
1768,176.8,2,0.3,-3.6928680352149494,0.9966236710384156,-0.033820416223855045
1769,176.9,0,0.1,-3.8746667802930275,1.0044314383318538,0.04421648420612796
1769,176.9,1,0.2,-3.798005805611535,1.003500424680225,0.034943124531949574
1769,176.9,2,0.3,-3.6962936129863513,0.9965802828262444,-0.03425577771402039
1770,177.0,0,0.1,-3.87012549634078,1.0045516112092996,0.04541283952247879
1770,177.0,1,0.2,-3.7945108413542616,1.0035010787661083,0.03494964257273668
1770,177.0,2,0.3,-3.6997548526308153,0.9965447435404047,-0.03461239644464184
1771,177.1,0,0.1,-3.865475158775865,1.0046611671652403,0.04650337564915217
1771,177.1,1,0.2,-3.7910236130342496,1.003493315774748,0.03487228320012224
1771,177.1,2,0.3,-3.7032437359835413,0.9965171957290079,-0.03488883352726212
1772,177.20000000000002,0,0.1,-3.86072587112934,1.0047605833882622,0.04749287646523634
1772,177.20000000000002,1,0.2,-3.7875528438984496,1.0034767992293327,0.034707691357992336
1772,177.20000000000002,2,0.3,-3.706752044876082,0.9964978380325636,-0.035083088925397035
1773,177.3,0,0.1,-3.855887237952634,1.0048503582657227,0.0483863317670635
1773,177.3,1,0.2,-3.7841075964859,1.0034511890989837,0.03445247412549897
1773,177.3,2,0.3,-3.710271331878039,0.9964868984303125,-0.035192870019573386
1774,177.4,0,0.1,-3.850968367770789,1.004930987683771,0.04918870181845505
1774,177.4,1,0.2,-3.780697256896683,1.003416161413525,0.034103395892170756
1774,177.4,2,0.3,-3.7137929354107335,0.9964845900404568,-0.03521603532694795
1775,177.5,0,0.1,-3.8459778955920707,1.0050029453253335,0.04990472178718459
1775,177.5,1,0.2,-3.777331490028579,1.0033714374215448,0.033657668681043834
1775,177.5,2,0.3,-3.7173080446100624,0.9964910615645923,-0.03515109199329047
1776,177.6,0,0.1,-3.840924021320793,1.0050666666351062,0.05053874271278079
1776,177.6,1,0.2,-3.7740201618251543,1.003316816707067,0.0331132820342469
1776,177.6,2,0.3,-3.7208078057330516,0.996506355902846,-0.03499761122989419
1777,177.70000000000002,0,0.1,-3.8358145603249247,1.005122536551898,0.05109460995867014
1777,177.70000000000002,1,0.2,-3.7707732310896964,1.0032522077248522,0.0324693073545716
1777,177.70000000000002,2,0.3,-3.724283450349817,0.9965303884443699,-0.03475644616764404
1778,177.8,0,0.1,-3.8306570018838983,1.005170881540603,0.05157558441026682
1778,177.8,1,0.2,-3.7676006194696905,1.0031776496787774,0.03172611620006108
1778,177.8,2,0.3,-3.727726418803811,0.9965629517655682,-0.03442968453994251
1779,177.9,0,0.1,-3.8254585705431725,1.0052119666288528,0.051984313407261354
1779,177.9,1,0.2,-3.7645120725659518,1.0030933213788584,0.03088546903738896
1779,177.9,2,0.3,-3.731128451855328,0.9966037473060775,-0.034020330515171775
1780,178.0,0,0.1,-3.820226284917039,1.0052459979377155,0.05232285626133613
1780,178.0,1,0.2,-3.761517026967041,1.0029995352290773,0.029950455989108987
1780,178.0,2,0.3,-3.734481628860942,0.9966524386139254,-0.03353177005614518
1781,178.1,0,0.1,-3.814967008560317,1.0052731306277851,0.05259276356722375
1781,178.1,1,0.2,-3.7586244971158913,1.0028967172520404,0.028925298511499033
1781,178.1,2,0.3,-3.7377783407520835,0.9967087162968095,-0.032967118911415225
1782,178.20000000000002,0,0.1,-3.8096874883478304,1.0052934814380343,0.052795202124854765
1782,178.20000000000002,1,0.2,-3.7558429925911456,1.002785376497594,0.02781504524745049
1782,178.20000000000002,2,0.3,-3.7410111981336476,0.9967723626751126,-0.03232857381563357
1783,178.3,0,0.1,-3.804394377290501,1.0053071443186072,0.05293111057329848
1783,178.3,1,0.2,-3.753180471361011,1.0026660688876576,0.026625212301347026
1783,178.3,2,0.3,-3.7441728865726738,0.9968433044345104,-0.0316168843902638
1784,178.4,0,0.1,-3.7990942405930164,1.0053142072696593,0.053001366974848266
1784,178.4,1,0.2,-3.750644328814788,1.002539361276208,0.025361425462230636
1784,178.4,2,0.3,-3.7472559905611798,0.9969216438959355,-0.030831039885061504
1785,178.5,0,0.1,-3.7937935456179552,1.0053147685141952,0.05300694975061439
1785,178.5,1,0.2,-3.7482414169269935,1.002405801194351,0.0240291188779476
1785,178.5,2,0.3,-3.750252813435888,0.9970076631166033,-0.029968228747085417
1786,178.6,0,0.1,-3.7884986378836842,1.0053089505323949,0.05294907734271294
1786,178.6,1,0.2,-3.745978083688949,1.0022658965101992,0.022633332380445247
1786,178.6,2,0.3,-3.7531552222322584,0.9971017991200247,-0.029024087963704356
1787,178.70000000000002,0,0.1,-3.783215706052148,1.0052969111222765,0.05282931831534963
1787,178.70000000000002,1,0.2,-3.7438602206497262,1.0021201072952122,0.021178630392224188
1787,178.70000000000002,2,0.3,-3.7559545441918285,0.9972045924886944,-0.027993219595694747
1788,178.8,0,0.1,-3.7779507390337304,1.0052788513133606,0.0526496701841802
1788,178.8,1,0.2,-3.741893306409218,1.001968849885197,0.019669142405082114
1788,178.8,2,0.3,-3.7586415359960506,0.9973166149271133,-0.026869918042222024
1789,178.9,0,0.1,-3.772709478026657,1.005255020443976,0.05241261007073859
1789,178.9,1,0.2,-3.7400824361708684,1.0018125108540241,0.018108702383497963
1789,178.9,2,0.3,-3.7612064385672617,0.9974383839808929,-0.025649025712112597
1790,179.0,0,0.1,-3.767497365814913,1.0052257188981852,0.052121122117439654
1790,179.0,1,0.2,-3.738432331541524,1.0016514668011274,0.016501046293445447
1790,179.0,2,0.3,-3.7636391204147457,0.9975702747250487,-0.02432681847484158
1791,179.1,0,0.1,-3.762319495269365,1.0051912988839704,0.05177870545548596
1791,179.1,1,0.2,-3.736947329839462,1.0014861048630872,0.014850017020618679
1791,179.1,2,0.3,-3.7659293021238414,0.9977124387562055,-0.022901817090958034
1792,179.20000000000002,0,0.1,-3.757180558918234,1.0051521633323734,0.05138936351129772
1792,179.20000000000002,1,0.2,-3.735631357175172,1.0013168389362719,0.013159726642900998
1792,179.20000000000002,2,0.3,-3.768066844960068,0.9978647400815608,-0.02137542836225983
1793,179.3,0,0.1,-3.7520848016848705,1.0051087626857462,0.050957572333637076
1793,179.3,1,0.2,-3.734487893409177,1.0011441177699398,0.011434637659948994
1793,179.3,2,0.3,-3.7700420790369145,0.9980267154142043,-0.01975234076846745
1794,179.4,0,0.1,-3.747035979269053,1.0050615891964039,0.05048822415817898
1794,179.4,1,0.2,-3.7335199389011513,1.0009684231271792,0.009679545080257252
1794,179.4,2,0.3,-3.7718461422934273,0.9981975630874479,-0.01804063256512936
1795,179.5,0,0.1,-3.7420373249055308,1.0050111684788021,0.049986543635223764
1795,179.5,1,0.2,-3.7327299923445323,1.000790258646573,0.007899465566190594
1795,179.5,2,0.3,-3.773471301431678,0.9983761607177728,-0.01625159138250879
1796,179.6,0,0.1,-3.7370915271088307,1.004958048442702,0.04945797796700294
1796,179.6,1,0.2,-3.732120046136497,1.0006101322630494,0.0060994620803537375
1796,179.6,2,0.3,-3.774911230033102,0.9985611075983541,-0.014399286014238052
1797,179.70000000000002,0,0.1,-3.73220072035974,1.0049027862662914,0.048908067490895914
1797,179.70000000000002,1,0.2,-3.7316916014567387,1.0004285364752894,0.004284446797581246
1797,179.70000000000002,2,0.3,-3.7761612264825613,0.9987507844706859,-0.01249996449459161
1798,179.8,0,0.1,-3.7273664895427956,1.0048459345626761,0.04834230816944726
1798,179.8,1,0.2,-3.7314457007006383,1.0002459309921696,0.0024590075610043957
1798,179.8,2,0.3,-3.7772183634618366,0.9989434215931744,-0.010571369792754016
1799,179.9,0,0.1,-3.722589887528215,1.0047880281634616,0.047766020145807934
1799,179.9,1,0.2,-3.7313829713667834,1.0000627313013806,0.0006272933385487535
1799,179.9,2,0.3,-3.778081569571738,0.9991371663453162,-0.008632061099014756
1800,180.0,0,0.1,-3.7178714639505652,1.0047295728669716,0.047184235776501125
1800,180.0,1,0.2,-3.7315036738437564,0.9998793048072779,-0.0012070247697294053
1800,180.0,2,0.3,-3.7787516501443137,0.9993301438812744,-0.00670080572575709
1801,180.1,0,0.1,-3.7132113023260747,1.004671037064881,0.046601616244908314
1801,180.1,1,0.2,-3.7318077460635077,0.9996959740055207,-0.0030407221975138963
1801,180.1,2,0.3,-3.7792312572116016,0.9995205079257968,-0.004796070672879177
1802,180.20000000000002,0,0.1,-3.708609062419193,1.0046128464780482,0.046022399068806424
1802,180.20000000000002,1,0.2,-3.732294840248264,0.9995130244263571,-0.004870941847560098
1802,180.20000000000002,2,0.3,-3.779524817652376,0.9997064826438756,-0.0029356044077426522
1803,180.3,0,0.1,-3.70406402527015,1.0045553814962622,0.0454503714904301
1803,180.3,1,0.2,-3.732964349948487,0.9993307143713872,-0.006695097002232079
1803,180.3,2,0.3,-3.7796384246213237,0.9998863994840794,-0.0011360696894780566
1804,180.4,0,0.1,-3.69957513936193,1.0044989760487495,0.04488885908220641
1804,180.4,1,0.2,-3.733815427996456,0.9991492840162308,-0.008510780479689601
1804,180.4,2,0.3,-3.779579692215949,1.0000587341301561,0.0005873240537468739
1805,180.5,0,0.1,-3.695141067695911,1.004443916707617,0.04434071666018976
1805,180.5,1,0.2,-3.734846996865731,0.9989689630149834,-0.010315688692750822
1805,180.5,2,0.3,-3.7793575690192807,1.0002221478678521,0.002221231966683794
1806,180.6,0,0.1,-3.6907602366477668,1.0043904409164257,0.043808310481446004
1806,180.6,1,0.2,-3.7360577518603093,0.9987899776735263,-0.012107549945784135
1806,180.6,2,0.3,-3.7789821044264884,1.000375535088445,0.003754645927922731
1807,180.70000000000002,0,0.1,-3.6864308880317513,1.0043387337847363,0.043293486160144314
1807,180.70000000000002,1,0.2,-3.737446155033835,0.9986125602122528,-0.013884031735253051
1807,180.70000000000002,2,0.3,-3.7784641634438,1.0005180751372795,0.005179409826884184
1808,180.8,0,0.1,-3.6821511356207783,1.004288923630171,0.04279752410973247
1808,180.8,1,0.2,-3.7390104149729653,0.9984369628777641,-0.0156425993913043
1808,180.8,2,0.3,-3.777815090778368,1.000649283358677,0.0064907266543205245
1809,180.9,0,0.1,-3.6779190264837474,1.0042410771576558,0.042321091370312224
1809,180.9,1,0.2,-3.740748446118785,0.9982634783556653,-0.017380311458198173
1809,180.9,2,0.3,-3.7770463323624552,1.0007690539863996,0.007687584159126619
1810,181.0,0,0.1,-3.673732606154839,1.004195195627917,0.04186420328908607
1810,181.0,1,0.2,-3.7426578024480737,0.9980924653319229,-0.019093563292887892
1810,181.0,2,0.3,-3.7761690302031448,1.000877687101412,0.008773021593105277
1811,181.1,0,0.1,-3.6695899852217595,1.0041512134482578,0.041426209330797235
1811,181.1,1,0.2,-3.7447355845857317,0.9979243749573979,-0.020777821376581976
1811,181.1,2,0.3,-3.7751936127637964,1.0009758933136514,0.00975417439348425
1812,181.20000000000002,0,0.1,-3.6654894038107204,1.0041090002985045,0.04100581411038151
1812,181.20000000000002,1,0.2,-3.7469783261238065,0.9977597715276584,-0.022427415380742895
1812,181.20000000000002,2,0.3,-3.774129406533069,1.0010647726991069,0.010642062307273182
1813,181.3,0,0.1,-3.661429289956241,1.0040683672829078,0.040601138544798056
1813,181.3,1,0.2,-3.7493818723400985,0.9975993399880768,-0.02403546216292044
1813,181.3,2,0.3,-3.7729842943461396,1.0011457680782219,0.011451121869293186
1814,181.4,0,0.1,-3.6574083080932676,1.0040290768568492,0.04020981862973511
1814,181.4,1,0.2,-3.7519412702552226,0.9974438745512766,-0.025593979151243073
1814,181.4,2,0.3,-3.7717644425565107,1.0012205961114466,0.012198517896289812
1815,181.5,0,0.1,-3.65342539481213,1.0039908556212902,0.03982913281137761
1815,181.5,1,0.2,-3.7546506907520976,0.9972942466701261,-0.02709420496875102
1815,181.5,2,0.3,-3.770474113166968,1.0012911622226806,0.012903293895428393
1816,181.6,0,0.1,-3.6494797803231207,1.0039534086734347,0.03945614489009543
1816,181.6,1,0.2,-3.7575033999138827,0.997151355946553,-0.028527091617853117
1816,181.6,2,0.3,-3.769115569742428,1.0013594666626968,0.013585434245398592
1817,181.70000000000002,0,0.1,-3.6455709954599733,1.0039164341258942,0.039087848631464965
1817,181.70000000000002,1,0.2,-3.7604917879135424,0.9970160727871317,-0.029883879996590458
1817,181.70000000000002,2,0.3,-3.7676890786001853,1.001427509064694,0.014264911422424784
1818,181.8,0,0.1,-3.64169886521111,1.0038796366306308,0.03872130248863346
1818,181.8,1,0.2,-3.7636074514632583,0.9968891850930747,-0.03115663549715996
1818,181.8,2,0.3,-3.766193000403968,1.0014971978795102,0.01496078196217528
1819,181.9,0,0.1,-3.6378634905205347,1.0038427391522309,0.03835374690575706
1819,181.9,1,0.2,-3.766841313053377,0.9967713617082815,-0.03233861590118809
1819,181.9,2,0.3,-3.764623962467433,1.001570269520608,0.01569037936534823
1820,182.0,0,0.1,-3.634065220420342,1.0038054926695978,0.0379827010019284
1820,182.0,1,0.2,-3.7701837505125804,0.9966631422665216,-0.033424374592036746
1820,182.0,2,0.3,-3.7629770989650653,1.001648220326798,0.016468635023679616
1821,182.1,0,0.1,-3.6303046165624226,1.0037676838007792,0.03760603857919645
1821,182.1,1,0.2,-3.773624706789044,0.9965649570291648,-0.03440956276463876
1821,182.1,2,0.3,-3.761246344680372,1.0017322529043464,0.017307542846932575
1822,182.20000000000002,0,0.1,-3.6265824121104333,1.0037291404580548,0.03722204451988495
1822,182.20000000000002,1,0.2,-3.7771537537817967,0.9964771727748174,-0.035290469927518914
1822,182.20000000000002,2,0.3,-3.759424767517086,1.0018232372428015,0.018215771632857113
1823,182.3,0,0.1,-3.622899466936939,1.003689735549705,0.036829451734943106
1823,182.3,1,0.2,-3.780760095005987,0.9964001538142018,-0.036063412241904395
1823,182.3,2,0.3,-3.7575049253157635,1.0019216862782847,0.01919842201322573
1824,182.4,0,0.1,-3.6192567212688713,1.0036493885297049,0.036427456680680884
1824,182.4,1,0.2,-3.784432507341538,0.9963343227234699,-0.03672412335551143
1824,182.4,2,0.3,-3.7554792331477804,1.0020277452684454,0.020256921679832104
1825,182.5,0,0.1,-3.6156551503368153,1.0036080643818452,0.036015709320562465
1825,182.5,1,0.2,-3.7881592382600884,0.9962802047246856,-0.03726730918550681
1825,182.5,2,0.3,-3.7533403278929325,1.00214119434445,0.021389052548480662
1826,182.6,0,0.1,-3.6120957230854076,1.0035657695353202,0.03559427251407879
1826,182.6,1,0.2,-3.7919278876766076,0.9962384430302471,-0.03768649416519435
1826,182.6,2,0.3,-3.7510814173713274,1.0022614637821443,0.022589105216052237
1827,182.70000000000002,0,0.1,-3.608579368387482,1.0035225443259557,0.035163546979247506
1827,182.70000000000002,1,0.2,-3.795725309775064,0.9962097789907649,-0.03797422098455375
1827,182.70000000000002,2,0.3,-3.7486966015726453,1.0023876617337728,0.023848157986815628
1828,182.8,0,0.1,-3.6051069522571266,1.003478451951519,0.03472416130355624
1828,182.8,1,0.2,-3.7995375684566493,0.9961949987512095,-0.038122586815856285
1828,182.8,2,0.3,-3.746181153740191,1.0025186142257625,0.02515447832454641
1829,182.9,0,0.1,-3.6016792691222546,1.0034335643584456,0.034276831348722676
1829,182.9,1,0.2,-3.8033499712221785,0.9961948552155154,-0.038124027655295156
1829,182.9,2,0.3,-3.743531749498678,1.0026529170144969,0.0264940424151276
1830,183.0,0,0.1,-3.598297049255022,1.0033879460267379,0.03382219867232831
1830,183.0,1,0.2,-3.8071471928937375,0.9962099786580203,-0.03797221671559153
1830,183.0,2,0.3,-3.74074663323265,1.002788998305476,0.02785116266028334
1831,183.1,0,0.1,-3.594960983056592,1.003341637060469,0.03336066198430044
1831,183.1,1,0.2,-3.81091348611591,0.9962407903643999,-0.03766293222172693
1831,183.1,2,0.3,-3.7378257129046166,1.0029251903722889,0.02920920328033538
1832,183.20000000000002,0,0.1,-3.5916717612449562,1.0032946372375835,0.03289221811635075
1832,183.20000000000002,1,0.2,-3.814632963418636,0.9962874313847535,-0.037194773027251916
1832,183.20000000000002,2,0.3,-3.7347705777204867,1.003059806865955,0.030551351841292256
1833,183.3,0,0.1,-3.5884301283481412,1.0032468926706166,0.0324163289681519
1833,183.3,1,0.2,-3.8182899280194436,0.9963497139506825,-0.03656964600807763
1833,183.3,2,0.3,-3.7315844375549485,1.00319122130509,0.03186140165538379
1834,183.4,0,0.1,-3.585236945499976,1.0031982864873545,0.031931828481652366
1834,183.4,1,0.2,-3.8218692280845303,0.996427097993591,-0.0357930006508698
1834,183.4,2,0.3,-3.728271988590109,1.003317941186472,0.033124489648394755
1835,183.5,0,0.1,-3.582093257552111,1.0031486345169536,0.03143687947865194
1835,183.5,1,0.2,-3.82535661084183,0.9965186910992756,-0.03487382757300071
1835,183.5,2,0.3,-3.724839215635284,1.003438671667621,0.03432772954825331
1836,183.6,0,0.1,-3.5790003590468618,1.0030976864507688,0.030928985052495844
1836,183.6,1,0.2,-3.8287390567127,0.9966232681548884,-0.03382445870869969
1836,183.6,2,0.3,-3.721293147288728,1.0035523630852405,0.03546068346556221
1837,183.70000000000002,0,0.1,-3.5759598536453034,1.0030451324264165,0.030405054015576218
1837,183.70000000000002,1,0.2,-3.832005077343361,0.9967393070130757,-0.03266020630660428
1837,183.70000000000002,2,0.3,-3.717641584593424,1.0036582377727115,0.036515626953033696
1838,183.8,0,0.1,-3.572973702112079,1.0029906145249983,0.029861515332247377
1838,183.8,1,0.2,-3.835144963644245,0.9968650379868581,-0.03139886300883977
1838,183.8,2,0.3,-3.7138928263498747,1.0037557936263026,0.03748758243549357
1839,183.9,0,0.1,-3.5700442548263247,1.0029337423094453,0.029294472857543385
1839,183.9,1,0.2,-3.838150970493615,0.9969985066655345,-0.030060068493701953
1839,183.9,2,0.3,-3.710055414271534,1.003844784371229,0.0383741207834087
1840,184.0,0,0.1,-3.56717426591418,1.0028741112730895,0.028699889121447907
1840,184.0,1,0.2,-3.8410174246552917,0.9971376501954667,-0.02866454161676909
1840,184.0,2,0.3,-3.7061379185765277,1.00392517911124,0.03917495695006546
1841,184.1,0,0.1,-3.5643668873882066,1.0028113229033238,0.02807378525973618
1841,184.1,1,0.2,-3.843740743412982,0.997280386110895,-0.027233187576906508
1841,184.1,2,0.3,-3.702148779682286,1.0039971060993738,0.03989138894241911
1842,184.20000000000002,0,0.1,-3.561625643046218,1.0027450049877578,0.027412443419881232
1842,184.20000000000002,1,0.2,-3.846319355029392,0.997424710146732,-0.02578611616409123
1842,184.20000000000002,2,0.3,-3.698096215034583,1.0040607873917968,0.040525646477020616
1843,184.3,0,0.1,-3.558954383237413,1.002674830802264,0.026712598088051563
1843,184.3,1,0.2,-3.848753519100817,0.9975687961036007,-0.024341640714250764
1843,184.3,2,0.3,-3.69398819261634,1.0041164719086078,0.04108022418243496
1844,184.4,0,0.1,-3.556357222845136,1.0026005359349712,0.025971603922771237
1844,184.4,1,0.2,-3.851045054588436,0.9977110880754478,-0.022915354876193086
1844,184.4,2,0.3,-3.6898324652898467,1.0041643743353534,0.041557273264934
1845,184.5,0,0.1,-3.553838465847382,1.0025219317310619,0.025187569977542002
1845,184.5,1,0.2,-3.853196993935758,0.9978503744141659,-0.02151939347322285
1845,184.5,2,0.3,-3.6856366537285705,1.0042046263026245,0.04195811561276369
1846,184.6,0,0.1,-3.551402520484095,1.002438914688742,0.024359453632870894
1846,184.6,1,0.2,-3.8552131907465923,0.9979858343486542,-0.020161968108342067
1846,184.6,2,0.3,-3.681408361036877,1.0042372445337928,0.04228292691693687
1847,184.70000000000002,0,0.1,-3.549053809299433,1.0023514715674673,0.023487111846613107
1847,184.70000000000002,1,0.2,-3.857097913698521,0.9981170520230871,-0.01884722951928113
1847,184.70000000000002,2,0.3,-3.677155299750248,1.0042621183873655,0.04253061286627978
1848,184.8,0,0.1,-3.5467966781134694,1.0022596804241863,0.022571311859637296
1848,184.8,1,0.2,-3.8588554593591393,0.9982439979183203,-0.017575456606185758
1848,184.8,2,0.3,-3.6728854119807552,1.0042790167288609,0.04269887769493129
1849,184.9,0,0.1,-3.5446353073707195,1.0021637081882193,0.021613707427500357
1849,184.9,1,0.2,-3.8604898114079216,0.9983669827772365,-0.016343520487823546
1849,184.9,2,0.3,-3.668606965930348,1.0042876116675814,0.042784460504073016
1850,185.0,0,0.1,-3.5425736284568012,1.002063805635178,0.02061678913918403
1850,185.0,1,0.2,-3.8620043648463227,0.9984865929188448,-0.015145534384012088
1850,185.0,2,0.3,-3.664328616421745,1.0042875147118482,0.04278349508603417
1851,185.1,0,0.1,-3.5406152466740606,1.0019603006647744,0.019583817827407705
1851,185.1,1,0.2,-3.8634017233599676,0.9986036173371722,-0.013973585136449435
1851,185.1,2,0.3,-3.6600594227866745,1.0042783196244678,0.042691936350707435
1852,185.20000000000002,0,0.1,-3.538763371839194,1.0018535906140413,0.018518748348661747
1852,185.20000000000002,1,0.2,-3.8646835684538314,0.9987189761186318,-0.012818450938635734
1852,185.20000000000002,2,0.3,-3.6558088234924253,1.0042596459047264,0.042505992942482355
1853,185.3,0,0.1,-3.537020757081706,1.0017441339929374,0.017426147574882582
1853,185.3,1,0.2,-3.865850592095088,0.9988336570660066,-0.011670236412567144
1853,185.3,2,0.3,-3.6515865723062904,1.004231177447225,0.04222251186135191
1854,185.4,0,0.1,-3.5353896464541488,1.0016324416120592,0.016311106275571457
1854,185.4,1,0.2,-3.8669024811188577,0.9989486640175597,-0.010518890237696853
1854,185.4,2,0.3,-3.6474026447402816,1.0041926924105091,0.04183927566008954
1855,185.5,0,0.1,-3.5338717323593647,1.0015190667094998,0.015179140947841648
1855,185.5,1,0.2,-3.8678379412596846,0.9990649772656081,-0.00935460140826958
1855,185.5,2,0.3,-3.643267125438874,1.004144082361518,0.04135519301407666
1856,185.6,0,0.1,-3.5324681243814986,1.0014045934965838,0.014036079778661746
1856,185.6,1,0.2,-3.868654750303814,0.9991835244535703,-0.008168090441294427
1856,185.6,2,0.3,-3.639190086967912,1.0040853608987514,0.04077038470962312
1857,185.70000000000002,0,0.1,-3.531179331622758,1.0012896236090212,0.01288792758740316
1857,185.70000000000002,1,0.2,-3.8693498322380893,0.999305159579212,-0.006950819342750965
1857,185.70000000000002,2,0.3,-3.6351814685150092,1.004016663710384,0.040086184529019894
1858,185.8,0,0.1,-3.5300052608325627,1.001174760281116,0.011740707901953364
1858,185.8,1,0.2,-3.8699193464158,0.9994306479647063,-0.0056951417771070505
1858,185.8,2,0.3,-3.6312509601024514,1.0039382429910368,0.03930508412558044
1859,185.9,0,0.1,-3.5289452322713557,1.0010605905900536,0.010600285612070761
1859,185.9,1,0.2,-3.870358787263024,0.9995606556927633,-0.004394408472241623
1859,185.9,2,0.3,-3.627407895024836,1.003850459121107,0.03843065077615778
1860,186.0,0,0.1,-3.527998014307847,1.0009476667161215,0.009472179635086602
1860,186.0,1,0.2,-3.8706630910686806,0.9996957424900503,-0.0030430380565650904
1860,186.0,2,0.3,-3.6236611512692507,1.0037537715743745,0.0374674375558536
1861,186.1,0,0.1,-3.5271618762950925,1.0008364876735911,0.008361380127546645
1861,186.1,1,0.2,-3.870826747383697,0.999836357075948,-0.0016365631501625664
1861,186.1,2,0.3,-3.62001906223889,1.003648729495888,0.03642089030360769
1862,186.20000000000002,0,0.1,-3.5264346575447214,1.000727483238036,0.007272187503709072
1862,186.20000000000002,1,0.2,-3.870843913854748,0.9999828336762916,-0.0001716647105131806
1862,186.20000000000002,2,0.3,-3.61648933825599,1.0035359607945136,0.035297239828993875
1863,186.3,0,0.1,-3.5258138485533754,1.0006210017331312,0.006208089913460133
1863,186.3,1,0.2,-3.8707085349083705,1.0001353881105206,0.0013537894637761442
1863,186.3,2,0.3,-3.6130790025979276,1.003416157468941,0.034103356580625625
1864,186.4,0,0.1,-3.5252966793809026,1.000517302927506,0.005171691724728272
1864,186.4,1,0.2,-3.870414466108625,1.000294112042214,0.0029406879974571147
1864,186.4,2,0.3,-3.609794348334139,1.0032900546517889,0.03284654263788953
1865,186.5,0,0.1,-3.524880209515838,1.0004165566006795,0.004164698650646296
1865,186.5,1,0.2,-3.86995560651792,1.0004589648828712,0.004588595907049337
1865,186.5,2,0.3,-3.6066409239292,1.003158401678121,0.031534244049391105
1866,186.6,0,0.1,-3.524561413828188,1.0003188465083954,0.00318795687650049
1866,186.6,1,0.2,-3.86932604040681,1.0006297643294493,0.006295661111100162
1866,186.6,2,0.3,-3.603623555551519,1.0030219252157115,0.030173683776812447
1867,186.70000000000002,0,0.1,-3.5243372602620457,1.0002241786904302,0.0022415356614219795
1867,186.70000000000002,1,0.2,-3.868520187094768,1.0008061780990603,0.008058533120418987
1867,186.70000000000002,2,0.3,-3.600746411789045,1.0028812867129238,0.028771437624730674
1868,186.8,0,0.1,-3.52420477654914,1.00013249248926,0.0013248371290553649
1868,186.8,1,0.2,-3.8675329541534205,1.0009877204161917,0.009872329413474495
1868,186.8,2,0.3,-3.5980131121135686,1.0027370385447418,0.02733299675476686
1869,186.9,0,0.1,-3.5241611050950183,1.0000436724077337,0.00043671454121876603
1869,186.9,1,0.2,-3.8663598858299,1.001173756637286,0.01173068323520332
1869,186.9,2,0.3,-3.5954268746223037,1.0025895846883723,0.025862374912650005
1870,187.0,0,0.1,-3.524203546924405,0.999957559071255,-0.000424418293865105
1870,187.0,1,0.2,-3.864997296691162,1.001363517885104,0.013625891387381791
1870,187.0,2,0.3,-3.592990692409065,1.0024391521163787,0.02436182213238741
1871,187.1,0,0.1,-3.524329596837593,0.9998739580307685,-0.0012604991318810482
1871,187.1,1,0.2,-3.863442381138045,1.0015561250611187,0.015549155531170197
1871,187.1,2,0.3,-3.590707522620521,1.0022857782054608,0.02283169788544056
1872,187.20000000000002,0,0.1,-3.5245369725101994,0.9997926458282421,-0.002073756726063775
1872,187.20000000000002,1,0.2,-3.8616932927750973,1.0017506189102228,0.017490883629474506
1872,187.20000000000002,2,0.3,-3.588580468933545,1.0021293174704482,0.021270536869754823
1873,187.3,0,0.1,-3.524823640111263,0.9997133734841671,-0.0028666760106378884
1873,187.3,1,0.2,-3.85974919285724,1.0019459909053272,0.019440999178575998
1873,187.3,2,0.3,-3.5866129375501217,1.001969468243365,0.019675313834236492
1874,187.4,0,0.1,-3.525187838232111,0.9996358681912373,-0.003641981208480012
1874,187.4,1,0.2,-3.857610272601886,1.0021412093770752,0.021389202553537927
1874,187.4,2,0.3,-3.5848087490154943,1.0018058170620046,0.01804188534627485
1875,187.5,0,0.1,-3.525628100753117,0.9995598343803164,-0.0044026252100606575
1875,187.5,1,0.2,-3.8552777582400983,1.0023352367897012,0.023325143617879622
1875,187.5,2,0.3,-3.583172192855875,1.0016378960484857,0.01636556159619311
1876,187.6,0,0.1,-3.5261432780353994,0.9994849553987479,-0.005151772822822602
1876,187.6,1,0.2,-3.852753908877403,1.0025270369515988,0.025238493626954843
1876,187.6,2,0.3,-3.5817080184192873,1.0014652468633207,0.01464174436587834
1877,187.70000000000002,0,0.1,-3.526732554807704,0.9994108968171532,-0.005892767723046691
1877,187.70000000000002,1,0.2,-3.850042015089703,1.0027155742979568,0.02711893787699365
1877,187.70000000000002,2,0.3,-3.580421362378749,1.001287484137542,0.012866560405379441
1878,187.8,0,0.1,-3.527395462545724,0.9993373119367708,-0.006629077380196179
1878,187.8,1,0.2,-3.8471464013961976,1.002899810032184,0.028956136935056033
1878,187.8,2,0.3,-3.5793176200991095,1.0011043516273164,0.011037422796396707
1879,187.9,0,0.1,-3.528131884110819,0.9992638495267155,-0.007364215650951664
1879,187.9,1,0.2,-3.8440724299706632,1.003078700920566,0.030739714255345135
1879,187.9,2,0.3,-3.578402273615483,1.0009157655410703,0.009153464836267299
1880,188.0,0,0.1,-3.5289420488935686,0.9991901633121283,-0.00810164782749691
1880,188.0,1,0.2,-3.8408264981768814,1.0032512055349112,0.03245931793782038
1880,188.0,2,0.3,-3.577680692726066,1.000721841291537,0.00721580889417025
1881,188.1,0,0.1,-3.5298265175494556,0.9991159223712223,-0.008844686558871443
1881,188.1,1,0.2,-3.8374160203852177,1.0034163000881033,0.034104777916638955
1881,188.1,2,0.3,-3.577157927369161,1.0005229020225275,0.005227653569046828
1882,188.20000000000002,0,0.1,-3.5307861564093783,0.9990408214461935,-0.009596388599224553
1882,188.20000000000002,1,0.2,-3.8338493857331812,1.0035730026619447,0.03566634652035627
1882,188.20000000000002,2,0.3,-3.57683850901688,1.0003194693717548,0.0031941835228092527
1883,188.3,0,0.1,-3.531822102580343,0.9989645902360244,-0.010359461709646444
1883,188.3,1,0.2,-3.8301358875266893,1.0037204017837857,0.037134982064921274
1883,188.3,2,0.3,-3.5767262764898127,1.0001122388253731,0.0011223252706749703
1884,188.4,0,0.1,-3.532935721453085,0.9988870009706436,-0.01113618872742147
1884,188.4,1,0.2,-3.8262856253448536,1.0038576839634816,0.03850262181835925
1884,188.4,2,0.3,-3.5768242377661013,0.9999020435217607,-0.0009796127628858844
1885,188.5,0,0.1,-3.534128558719226,0.9988078738814415,-0.011928372661410126
1885,188.5,1,0.2,-3.822309385696687,1.0039841553771707,0.03976239648166628
1885,188.5,2,0.3,-3.5771344745365496,0.9996898113480025,-0.003102367704484087
1886,188.6,0,0.1,-3.5354022890812957,0.9987270804881433,-0.012737303620698638
1886,188.6,1,0.2,-3.8182185096747663,1.0040992550772303,0.04090876021921163
1886,188.6,2,0.3,-3.5776580910327564,0.999476520566987,-0.0052361649620683215
1887,188.70000000000002,0,0.1,-3.5367586637035013,0.9986445448380945,-0.013563746222053055
1887,188.70000000000002,1,0.2,-3.8140247557499807,1.0042025600166673,0.0419375392478465
1887,188.70000000000002,2,0.3,-3.5783952036406546,0.9992631589928626,-0.007371126078979374
1888,188.8,0,0.1,-3.5381994582300704,0.9985602429195561,-0.01440794526569171
1888,188.8,1,0.2,-3.8097401630902885,1.0042937846501117,0.04284592659692409
1888,188.8,2,0.3,-3.579344963583587,0.9990506909362884,-0.009497599429325028
1889,188.9,0,0.1,-3.539726423017548,0.998474200430096,-0.015269647874776894
1889,188.9,1,0.2,-3.8053769169556593,1.0043727789526795,0.04363246134629487
1889,188.9,2,0.3,-3.580505601988511,0.9988400348753258,-0.011606384049241518
1890,189.0,0,0.1,-3.5413412371677127,0.9983864889606836,-0.01614814150164715
1890,189.0,1,0.2,-3.8009472146139065,1.0044395279760256,0.044297023417530244
1890,189.0,2,0.3,-3.581874485239723,0.9986320532421004,-0.01368883251212061
1891,189.1,0,0.1,-3.543045468017232,0.9982972205272644,-0.017042308495193028
1891,189.1,1,0.2,-3.7964631293336577,1.0044941538344423,0.0448408528024905
1891,189.1,2,0.3,-3.5834481687723874,0.9984275540579892,-0.015736835326643835
1892,189.20000000000002,0,0.1,-3.544840537873122,0.9982065403184013,-0.017950698558895445
1892,189.20000000000002,1,0.2,-3.791936471957879,1.0045369181657955,0.0452665737577748
1892,189.20000000000002,2,0.3,-3.5852224392476932,0.9982273026120555,-0.01774270475305469
1893,189.3,0,0.1,-3.5467276998606057,0.9981146175830777,-0.018871619874839502
1893,189.3,1,0.2,-3.7873786538307814,1.0045682207785975,0.04557818127098027
1893,189.3,2,0.3,-3.587192338091475,0.99803204013354,-0.019698988437820707
1894,189.4,0,0.1,-3.5487080246381613,0.9980216347718286,-0.01980324777555721
1894,189.4,1,0.2,-3.7828005599676375,1.0045885893451756,0.04578093863144155
1894,189.4,2,0.3,-3.5893521632645413,0.9978425055710209,-0.02159825173066244
1895,189.5,0,0.1,-3.550782399328381,0.9979277753380464,-0.02074374690219767
1895,189.5,1,0.2,-3.778212445404104,1.0045986560768818,0.04588114563533624
1895,189.5,2,0.3,-3.591695450416637,0.9976594562020026,-0.023432871520957743
1896,189.6,0,0.1,-3.5529515392739173,0.9978332109384093,-0.021691399455364812
1896,189.6,1,0.2,-3.7736238689566273,1.0045991200849778,0.045885764474771606
1896,189.6,2,0.3,-3.5942149388126334,0.9974836828510266,-0.025194883959966153
1897,189.70000000000002,0,0.1,-3.5552160122020227,0.9977380890565027,-0.02264472928104873
1897,189.70000000000002,1,0.2,-3.769043676309709,1.0045906977616192,0.045801926469171826
1897,189.70000000000002,2,0.3,-3.5969025311890666,0.9973160159666488,-0.026875923764325124
1898,189.8,0,0.1,-3.557576273197584,0.9976425222302785,-0.023602609955616593
1898,189.8,1,0.2,-3.7644800386812904,1.004574066881696,0.04563637628418864
1898,189.8,2,0.3,-3.599749259598614,0.9971573196795903,-0.028467284095474117
1899,189.9,0,0.1,-3.5600327077271214,0.9975465800368949,-0.024564345295373942
1899,189.9,1,0.2,-3.759940545599412,1.0045498121891954,0.045394930818785456
1899,189.9,2,0.3,-3.60274527093245,0.9970084722294003,-0.02996011333836261
1900,190.0,0,0.1,-3.5625856790231074,0.9974502847637681,-0.02552971295986118
1900,190.0,1,0.2,-3.755432342452918,1.0045183803822342,0.045082031464945056
1900,190.0,2,0.3,-3.605879845797346,0.9968703327857569,-0.031345748648965006
1901,190.1,0,0.1,-3.565235575596598,0.9973536113032472,-0.02649896573490613
1901,190.1,1,0.2,-3.7509622973585905,1.0044800506487712,0.04470045094327611
1901,190.1,2,0.3,-3.6091414624654536,0.9967436966253256,-0.03261616668107611
1902,190.20000000000002,0,0.1,-3.5679828545967145,0.9972564913173408,-0.027472790001159958
1902,190.20000000000002,1,0.2,-3.746537178849669,1.0044349238036927,0.04425118508920682
1902,190.20000000000002,2,0.3,-3.612517913593098,0.9966292426733812,-0.0337645112764363
1903,190.3,0,0.1,-3.570828077192443,0.997158821213992,-0.028452225957288864
1903,190.3,1,0.2,-3.742163826350596,1.0043829295613134,0.043733524990730285
1903,190.3,2,0.3,-3.6159964775118425,0.9965274792754806,-0.03478563918744657
1904,190.4,0,0.1,-3.5737719330464404,0.9970604730407249,-0.029438558539973132
1904,190.4,1,0.2,-3.737849298826908,1.0043238484979433,0.04314527523688461
1904,190.4,2,0.3,-3.619564138722624,0.9964386953309001,-0.03567661210781761
1905,190.5,0,0.1,-3.576815252150426,0.9969613070974064,-0.03043319103985982
1905,190.5,1,0.2,-3.7336009921767275,1.004257343497445,0.042483066501806305
1905,190.5,2,0.3,-3.6232078447696483,0.9963629241945258,-0.03643706047024449
1906,190.6,0,0.1,-3.5799590036337072,0.996861184929107,-0.03143751483281233
1906,190.6,1,0.2,-3.729426721422754,1.0041829951572536,0.04174270753973601
1906,190.6,2,0.3,-3.6269147802158375,0.9962999267571451,-0.037069354461893744
1907,190.70000000000002,0,0.1,-3.583204282475913,0.9967599813833379,-0.032452788422051966
1907,190.70000000000002,1,0.2,-3.7253347683589495,1.0041003365347656,0.04091953063803679
1907,190.70000000000002,2,0.3,-3.6306726343016966,0.9962491978117064,-0.03757854085858304
1908,190.8,0,0.1,-3.5865522862089545,0.9966575945819874,-0.03348003733041528
1908,190.8,1,0.2,-3.7213338983246866,1.0040088841990915,0.040008700342630876
1908,190.8,2,0.3,-3.6344698380698035,0.9962099964936181,-0.037972037681070984
1909,190.9,0,0.1,-3.590004284569494,0.9965539529358761,-0.03451998360539862
1909,190.9,1,0.2,-3.7174333511439586,1.0039081642151968,0.039005471807282976
1909,190.9,2,0.3,-3.6382957497012822,0.9961813978436538,-0.03825911631478935
1910,191.0,0,0.1,-3.5935615855798884,0.9964490186889334,-0.035573010103944
1910,191.0,1,0.2,-3.7136428113537474,1.0037977329719707,0.03790539790211372
1910,191.0,2,0.3,-3.6421407731681597,0.9961623591706837,-0.03845023466877647
1911,191.1,0,0.1,-3.5972255016352976,0.9963427878949515,-0.03663916055409486
1911,191.1,1,0.2,-3.7099723622046383,1.0036771934966577,0.036704491491092874
1911,191.1,2,0.3,-3.645996403900432,0.9961517926682043,-0.03855630732272572
1912,191.20000000000002,0,0.1,-3.600997318822883,0.9962352871799306,-0.03771817187584711
1912,191.20000000000002,1,0.2,-3.706432427005009,1.0035462081700235,0.03539935199628447
1912,191.20000000000002,2,0.3,-3.6498552042926606,0.9961486352107609,-0.03858800392227757
1913,191.3,0,0.1,-3.604878271891064,0.9961265680972684,-0.03880953068181146
1913,191.3,1,0.2,-3.703033700409821,1.0034045088152952,0.033987265951884435
1913,191.3,2,0.3,-3.6537107196874903,0.9961519075618116,-0.03855515394829864
1914,191.4,0,0.1,-3.6088695260650594,0.9960167002946576,-0.03991254173995489
1914,191.4,1,0.2,-3.6997870712116585,1.0032519052069404,0.03246629198162505
1914,191.4,2,0.3,-3.6575573504665746,0.9961607580280505,-0.03846630779084533
1915,191.5,0,0.1,-3.6129721653786855,0.9959057650138066,-0.04102639313626322
1915,191.5,1,0.2,-3.6967035369870467,1.0030882932065064,0.030835342246120032
1915,191.5,2,0.3,-3.661390197281794,0.9961744891665775,-0.03832846815219555
1916,191.6,0,0.1,-3.6171871855507196,0.9957938505576799,-0.04215020172034362
1916,191.6,1,0.2,-3.693794109618691,1.0029136638597531,0.029094273683558092
1916,191.6,2,0.3,-3.6652048944278537,0.9961925695680571,-0.0381469714605997
1917,191.70000000000002,0,0.1,-3.621515487938891,0.9956810512126729,-0.04328302388170517
1917,191.70000000000002,1,0.2,-3.6910697095362908,1.002728114632846,0.027244000823996497
1917,191.70000000000002,2,0.3,-3.668997441901895,0.996214635151112,-0.0379254747404059
1918,191.8,0,0.1,-3.625957870056544,0.9955674706664434,-0.044423821176529404
1918,191.8,1,0.2,-3.6885410460054477,1.0025318632969444,0.025286635308431664
1918,191.8,2,0.3,-3.672764041365927,0.9962404852738146,-0.0376659946403212
1919,191.9,0,0.1,-3.6305150078164163,0.9954532302369662,-0.045571377598728015
1919,191.9,1,0.2,-3.6862184815081562,1.0023252637395303,0.02322564497291645
1919,191.9,2,0.3,-3.676500936655784,0.9962700782142243,-0.03736895289857091
1920,192.0,0,0.1,-3.6351874252583944,0.9953384813192699,-0.04672417441978371
1920,192.0,1,0.2,-3.6841118805438438,1.0021088214070457,0.02106600964312597
1920,192.0,2,0.3,-3.6802042569283,0.9963035285609212,-0.037033202725165075
1921,192.1,0,0.1,-3.639975449046175,0.995223420525615,-0.047880237877809206
1921,192.1,1,0.2,-3.6822304469159497,1.001883204634645,0.01881433627894165
1921,192.1,2,0.3,-3.683869860586522,0.9963411064654792,-0.03665603658222091
1922,192.20000000000002,0,0.1,-3.6448791473014857,0.9951083052444503,-0.04903698255309447
1922,192.20000000000002,1,0.2,-3.68058255806003,1.0016492473708851,0.016478888559193355
1922,192.20000000000002,2,0.3,-3.6874931805787043,0.9963832363107824,-0.03623319992181415
1923,192.3,0,0.1,-3.649898255008217,0.9949934669676765,-0.050191077067317034
1923,192.3,1,0.2,-3.679175609046155,1.0014079392309791,0.014069490138749164
1923,192.3,2,0.3,-3.691069075703316,0.9964304907743231,-0.03575895124612075
1924,192.4,0,0.1,-3.6550320907525102,0.9948793198678859,-0.0513383574429345
1924,192.4,1,0.2,-3.6780158812120476,1.001160400578474,0.01159727834107626
1924,192.4,2,0.3,-3.694591697001634,0.996483575853213,-0.0352262129831813
1925,192.5,0,0.1,-3.660279471430564,0.9947663627743859,-0.05247380678054046
1925,192.5,1,0.2,-3.677108449865137,1.000907843187298,0.009074313469104549
1925,192.5,2,0.3,-3.6980543820122094,0.9965433031694452,-0.03462685010575425
1926,192.6,0,0.1,-3.6656386323159014,0.9946551737986354,-0.05359160885337693
1926,192.6,1,0.2,-3.6764571416881484,1.0006515203242146,0.006513081769888111
1926,192.6,2,0.3,-3.701449591696693,0.9966105475224325,-0.03395209684484006
1927,192.70000000000002,0,0.1,-3.671107159311111,0.9945463981799042,-0.05468526995208478
1927,192.70000000000002,1,0.2,-3.6760645458258043,1.000392672938186,0.003925958623439914
1927,192.70000000000002,2,0.3,-3.7047689047252983,0.9966861898006645,-0.03319313028604354
1928,192.8,0,0.1,-3.6766819383830995,0.9944407311734137,-0.05574779071988762
1928,192.8,1,0.2,-3.675932074396007,1.0001324802045246,0.0013247142979722823
1928,192.8,2,0.3,-3.7080030814268135,0.9967710476143155,-0.03234176701515341
1929,192.9,0,0.1,-3.682359124454584,0.9943388986962258,-0.056771860714846974
1929,192.9,1,0.2,-3.676060060178652,0.9998720224071861,-0.0012798578264484224
1929,192.9,2,0.3,-3.7111422052501304,0.9968657980743765,-0.031391238233171144
1930,193.0,0,0.1,-3.688134128976651,0.9942416387627871,-0.05775004522067357
1930,193.0,1,0.2,-3.676447873367493,0.9996122620009735,-0.0038781318884109055
1930,193.0,2,0.3,-3.7141759034205295,0.9969708988420708,-0.030336981703992853
1931,193.1,0,0.1,-3.694001622704249,0.9941496863958779,-0.05867493727598539
1931,193.1,1,0.2,-3.6770940369332883,0.9993540451529238,-0.006461635657953136
1931,193.1,2,0.3,-3.7170936410945163,0.9970865147857207,-0.02917737673987008
1932,193.20000000000002,0,0.1,-3.699955548433016,0.9940637637623075,-0.059539257287654974
1932,193.20000000000002,1,0.2,-3.6779963218755545,0.9990981219943921,-0.009022849422659797
1932,193.20000000000002,2,0.3,-3.719885075344384,0.9972124581800549,-0.027914342498671956
1933,193.3,0,0.1,-3.705989138007681,0.993984575974062,-0.060335895746653864
1933,193.3,1,0.2,-3.6791518089522097,0.9988451802414863,-0.01155487076655314
1933,193.3,2,0.3,-3.72254044754077,0.9973481501859297,-0.026553721963861587
1934,193.4,0,0.1,-3.7120949288429537,0.9939128116254216,-0.061057908352729756
1934,193.4,1,0.2,-3.6805569110243055,0.9985958846216315,-0.01405102072095845
1934,193.4,2,0.3,-3.7250509861451406,0.9974926101620873,-0.025105386043705918
1935,193.5,0,0.1,-3.7182647772431983,0.9938491460300678,-0.061698484002449434
1935,193.5,1,0.2,-3.682207358133794,0.9983509141293545,-0.01650447109488789
1935,193.5,2,0.3,-3.7274092876777623,0.9976444770757432,-0.023583015326217545
1936,193.6,0,0.1,-3.724489868444156,0.9937942445362248,-0.06225091200957954
1936,193.6,1,0.2,-3.684098154110776,0.9981109904516304,-0.01890795976981715
1936,193.6,2,0.3,-3.729609642688145,0.9978020639961536,-0.022003550103827516
1937,193.70000000000002,0,0.1,-3.7307607258795588,0.9937487633565985,-0.06270857435401474
1937,193.70000000000002,1,0.2,-3.6862235176861513,0.9978768934105331,-0.02125363575375033
1937,193.70000000000002,2,0.3,-3.7316482765244148,0.9979634427663057,-0.02038633836269435
1938,193.8,0,0.1,-3.7370672240855147,0.9937133460160905,-0.06306498205956326
1938,193.8,1,0.2,-3.688576822374779,0.9976494621620114,-0.023533046886276228
1938,193.8,2,0.3,-3.733523481510795,0.9981265521120121,-0.01875204986380492
1939,193.9,0,0.1,-3.7433986104682258,0.9936886146104519,-0.06331386382711383
1939,193.9,1,0.2,-3.691150548195477,0.997429583372008,-0.025737258206982937
1939,193.9,2,0.3,-3.7352356269494402,0.998289319446205,-0.017121454386451605
1940,194.0,0,0.1,-3.749743540726733,0.9936751563064142,-0.06344930258507825
1940,194.0,1,0.2,-3.693936255537614,0.9972181691401438,-0.027857073421372808
1940,194.0,2,0.3,-3.736787044649022,0.9984497851267486,-0.015514176995817579
1941,194.1,0,0.1,-3.7560901311900494,0.9936735066035111,-0.06346590463316565
1941,194.1,1,0.2,-3.696924588218097,0.9970161279412415,-0.029883326804831002
1941,194.1,2,0.3,-3.738181798621776,0.9986062182445146,-0.01394753972753983
1942,194.20000000000002,0,0.1,-3.762426029084709,0.9936841315825067,-0.06335897894658052
1942,194.20000000000002,1,0.2,-3.700105309771031,0.9968243315829058,-0.03180721552933084
1942,194.20000000000002,2,0.3,-3.7394253565418487,0.998757214977663,-0.012435579200726302
1943,194.3,0,0.1,-3.768738499308289,0.9937074115601953,-0.06312470223580306
1943,194.3,1,0.2,-3.7034673745416766,0.9966435806405971,-0.03362064770646014
1943,194.3,2,0.3,-3.7405241865265006,0.99890177350795,-0.010988299846520014
1944,194.4,0,0.1,-3.77501452415253,0.9937436282637231,-0.06276024844241414
1944,194.4,1,0.2,-3.706999032985099,0.9964745705272352,-0.035316584434223815
1944,194.4,2,0.3,-3.741485305692276,0.9990393425613133,-0.009611191657752918
1945,194.5,0,0.1,-3.781240910976233,0.9937929569546314,-0.06226386823703488
1945,194.5,1,0.2,-3.7106879682038785,0.9963178605438001,-0.03688935218779875
1945,194.5,2,0.3,-3.7423158074829077,0.9991698429805291,-0.008305017906318685
1946,194.6,0,0.1,-3.787404402254661,0.9938554640702386,-0.0616349127842843
1946,194.6,1,0.2,-3.714521457799622,0.9961738488452226,-0.03833489595743918
1946,194.6,2,0.3,-3.7430223941428733,0.999293662913603,-0.007065866599656314
1947,194.70000000000002,0,0.1,-3.7934917826989327,0.9939311101173454,-0.06087380444270211
1947,194.70000000000002,1,0.2,-3.7184865515821435,0.9960427568222752,-0.03965093782520399
1947,194.70000000000002,2,0.3,-3.7436109399890274,0.9994116273129803,-0.005885458461539533
1948,194.8,0,0.1,-3.79948997904538,0.9940197569195844,-0.05998196346447834
1948,194.8,1,0.2,-3.722570252170133,0.9959246263784545,-0.04083700587989691
1948,194.8,2,0.3,-3.74408611075888,0.9995249421058986,-0.004751707698527333
1949,194.9,0,0.1,-3.8053861493661287,0.9941211779785549,-0.058961703207488524
1949,194.9,1,0.2,-3.72675968307918,0.9958193325144336,-0.04189430909047125
1949,194.9,2,0.3,-3.744451063855275,0.9996351134908859,-0.003649530963949695
1950,195.0,0,0.1,-3.811167760043866,0.9942350706694425,-0.0578161067773741
1950,195.0,1,0.2,-3.7310422286891445,0.9957266114120343,-0.042825456099649044
1950,195.0,2,0.3,-3.7447072525778005,0.999743844091003,-0.002561887225254335
1951,195.1,0,0.1,-3.8168226496425315,0.9943610691936143,-0.0565488959866599
1951,195.1,1,0.2,-3.7354056333162085,0.9956461011919682,-0.04363404627064219
1951,195.1,2,0.3,-3.7448543529810046,0.9998529104155297,-0.0014710040320410071
1952,195.20000000000002,0,0.1,-3.822339079650476,0.9944987575522011,-0.05516430007943185
1952,195.20000000000002,1,0.2,-3.739838052516909,0.9955773894718841,-0.044324192006993585
1952,195.20000000000002,2,0.3,-3.7448903237999627,0.999964029827984,-0.0003597081895811164
1953,195.3,0,0.1,-3.8277057724437102,0.9946476821756902,-0.05366692793234623
1953,195.3,1,0.2,-3.744328057796368,0.995520059724637,-0.044900052794594525
1953,195.3,2,0.3,-3.74481159795558,1.000078728943343,0.0007872584438262557
1954,195.4,0,0.1,-3.8329119368797553,0.9948073641504918,-0.05206164436045342
1954,195.4,1,0.2,-3.7488646043388183,0.9954737280419005,-0.0453654654245054
1954,195.4,2,0.3,-3.7446133898756733,1.0001982277244263,0.001982080799067922
1955,195.5,0,0.1,-3.8379472818179825,0.9949773111595795,-0.05035344938227501
1955,195.5,1,0.2,-3.75343697811771,0.9954380636081573,-0.045723737788921186
1955,195.5,2,0.3,-3.7442900888181514,1.0003233533249412,0.003233010575218926
1956,195.6,0,0.1,-3.84280201773298,0.9951570292687516,-0.04854735914997575
1956,195.6,1,0.2,-3.7580347419291384,0.9954127897241878,-0.04597763811428552
1956,195.6,2,0.3,-3.743835697690686,1.0004544943787521,0.004543911274655069
1957,195.70000000000002,0,0.1,-3.847466846606457,0.995346034542176,-0.0466482887347635
1957,195.70000000000002,1,0.2,-3.762647698538331,0.9953976667338623,-0.046129566091915375
1957,195.70000000000002,2,0.3,-3.7432442722849526,1.0005916003322222,0.0059142540573318015
1958,195.8,0,0.1,-3.851932940584784,0.9955438641891653,-0.04466093978327011
1958,195.8,1,0.2,-3.7672658834642094,0.995392462493237,-0.046181849258786614
1958,195.8,2,0.3,-3.74251031885103,1.0007342228436518,0.007339534339228377
1959,195.9,0,0.1,-3.8561919105499762,0.9957500865856355,-0.04258969965192503
1959,195.9,1,0.2,-3.771879591384979,0.9953969188803523,-0.04613707920769801
1959,195.9,2,0.3,-3.741629118130546,1.0008815890919083,0.008812007204839713
1960,196.0,0,0.1,-3.860235766762971,0.9959643091632967,-0.04043856212995197
1960,196.0,1,0.2,-3.7764794309705447,0.9954107234742074,-0.045998395855660186
1960,196.0,2,0.3,-3.7405969590738875,1.0010326919161339,0.010321590566584913
1961,196.1,0,0.1,-3.8640568749846294,0.9961861829226558,-0.03821108221658371
1961,196.1,1,0.2,-3.781056395530312,0.9954334937806215,-0.04576964559767565
1961,196.1,2,0.3,-3.7394112819412966,1.0011863803256147,0.011856771325909463
1962,196.20000000000002,0,0.1,-3.8676479127389225,0.9964154023106381,-0.035910377542923304
1962,196.20000000000002,1,0.2,-3.785601933050179,0.9954647778003284,-0.04545537519866049
1962,196.20000000000002,2,0.3,-3.7380707445370427,1.0013414363261548,0.013405374042535783
1963,196.3,0,0.1,-3.8710018313491252,0.9966516994921779,-0.03353918610202924
1963,196.3,1,0.2,-3.7901079997458456,0.9955040703910211,-0.045060666956667
1963,196.3,2,0.3,-3.736575234021673,1.0014966293488934,0.01495510515369865
1964,196.4,0,0.1,-3.8741118297248818,0.9968948326597237,-0.031099983757567166
1964,196.4,1,0.2,-3.794567085693967,0.9955508410150831,-0.04459085948121531
1964,196.4,2,0.3,-3.7349258488417276,1.0016507461638406,0.016493851799453778
1965,196.5,0,0.1,-3.8769713453446455,0.9971445689008482,-0.028595156197638822
1965,196.5,1,0.2,-3.7989722079008734,0.9956045661126245,-0.04405122206906837
1965,196.5,2,0.3,-3.7331248714844074,1.0018026000910638,0.018009773573203127
1966,196.6,0,0.1,-3.879574066361225,0.997400663125137,-0.026027210165794713
1966,196.6,1,0.2,-3.8033168733153353,0.9956647589907507,-0.04344665414462126
1966,196.6,2,0.3,-3.731175745206447,1.0019510270593377,0.019491262779603998
1967,196.70000000000002,0,0.1,-3.8819139663812474,0.9976628354120672,-0.023399000200220687
1967,196.70000000000002,1,0.2,-3.8075950199243733,0.9957309916239548,-0.04278146609037052
1967,196.70000000000002,2,0.3,-3.7290830594537203,1.0020948769477842,0.020926857527263327
1968,196.8,0,0.1,-3.8839853605955823,0.9979307496421481,-0.02071394214335005
1968,196.8,1,0.2,-3.81180094702241,0.995802905426017,-0.042059270980370385
1968,196.8,2,0.3,-3.7268525418719514,1.0022330070366903,0.022305175817690804
1969,196.9,0,0.1,-3.885782979112167,0.9982039962318686,-0.01797618516584989
1969,196.9,1,0.2,-3.8159292458018146,0.9958802109317639,-0.041282987794046946
1969,196.9,2,0.3,-3.7244910509608626,1.0023642814269105,0.023614909110888604
1970,197.0,0,0.1,-3.8873020511672305,0.9984820811508827,-0.015190720550633838
1970,197.0,1,0.2,-3.8199747392285217,0.9959626785582079,-0.04045493426707355
1970,197.0,2,0.3,-3.72200656248147,1.002487577378476,0.024844884793925628
1971,197.1,0,0.1,-3.8885383928614754,0.9987644222612786,-0.012363416942449837
1971,197.1,1,0.2,-3.8239324368787098,0.9960501237135574,-0.03957697650188277
1971,197.1,2,0.3,-3.7194081435096216,1.0026017977883186,0.02598418971848796
1972,197.20000000000002,0,0.1,-3.8894884914218926,0.9990503526403136,-0.009500985604169515
1972,197.20000000000002,1,0.2,-3.827797507152437,0.9961423894964434,-0.03865070273726188
1972,197.20000000000002,2,0.3,-3.7167059089554195,1.0027058888808698,0.027022345542014287
1973,197.3,0,0.1,-3.890149580615686,0.9993391292775223,-0.006610891937933004
1973,197.3,1,0.2,-3.8315652667547866,0.9962393294977244,-0.03767759602349977
1973,197.3,2,0.3,-3.7139109552691494,1.0027988632107894,0.027949536862702996
1974,197.4,0,0.1,-3.89051970438712,0.9996299447159191,-0.003701237714342153
1974,197.4,1,0.2,-3.8352311856469052,0.996340792385039,-0.03665918892118855
1974,197.4,2,0.3,-3.7110352647534515,1.0028798292799865,0.028756905156980785
1975,197.5,0,0.1,-3.8905977683707986,0.9999219390632349,-0.0007806398367860456
1975,197.5,1,0.2,-3.8387909044221393,0.9964466095124433,-0.03559718775234291
1975,197.5,2,0.3,-3.7080915723175347,1.002948029352968,0.02943692435916912
1976,197.6,0,0.1,-3.8903835809410388,1.0002142103695253,0.0021418742975988334
1976,197.6,1,0.2,-3.8422402596894294,0.996556586924383,-0.034493552672902626
1976,197.6,2,0.3,-3.7050931862436247,1.0030028857295452,0.02998386073910179
1977,197.70000000000002,0,0.1,-3.889877886350378,1.0005058224757266,0.0050569459066085055
1977,197.70000000000002,1,0.2,-3.845575311204146,0.9966705035923473,-0.03335051514716044
1977,197.70000000000002,2,0.3,-3.702053757118612,1.0030440528730469,0.03039429125011958
1978,197.8,0,0.1,-3.889082392098729,1.000795810741117,0.007954942516486438
1978,197.8,1,0.2,-3.848792362339462,0.9967881180290465,-0.03217051135315968
1978,197.8,2,0.3,-3.698986995191136,1.003071469252688,0.0306676192747641
1979,197.9,0,0.1,-3.887999791171961,1.0010831871506813,0.01082600926768213
1979,197.9,1,0.2,-3.8518879637503964,0.9969091850228755,-0.030956014109346324
1979,197.9,2,0.3,-3.6959063453859824,1.0030853998832878,0.0308064980515361
1980,198.0,0,0.1,-3.8866337777480235,1.0013669468452482,0.013660134239375732
1980,198.0,1,0.2,-3.854858889776006,0.9970334828079287,-0.029709260256096128
1980,198.0,2,0.3,-3.692824639078153,1.003086459646257,0.030817063078296212
1981,198.1,0,0.1,-3.884989053108067,1.0016460779413616,0.016447246399567784
1981,198.1,1,0.2,-3.8577020791800067,0.9971608486311201,-0.028431894040010182
1981,198.1,2,0.3,-3.6897537497837134,1.003075609305276,0.03070889294439724
1982,198.20000000000002,0,0.1,-3.8830713174636866,1.001919575675424,0.019177356443798112
1982,198.20000000000002,1,0.2,-3.8604145366322227,0.9972912179366362,-0.02712457452215316
1982,198.20000000000002,2,0.3,-3.6867042835913613,1.0030541205442751,0.030494661923514417
1983,198.3,0,0.1,-3.88088724360507,1.0021864606852788,0.02184073858616866
1983,198.3,1,0.2,-3.862993198443202,0.9974246600814289,-0.025786618109796898
1983,198.3,2,0.3,-3.683685332910733,1.0030235123015154,0.03018950680628579
1984,198.4,0,0.1,-3.8784444296895346,1.0024458000164493,0.024428139155353856
1984,198.4,1,0.2,-3.865434774214103,0.9975614024508771,-0.02441575770901011
1984,198.4,2,0.3,-3.6807043140554474,1.0029854665104097,0.029810188552856248
1985,198.5,0,0.1,-3.8757513307550275,1.0026967285830453,0.026930989345072407
1985,198.5,1,0.2,-3.867735583451459,0.9977018355954104,-0.023008092373558917
1985,198.5,2,0.3,-3.677766897099128,1.0029417353928214,0.029374169563196054
1986,198.6,0,0.1,-3.8728171710484767,1.0029384685664064,0.02934159706551032
1986,198.6,1,0.2,-3.869891410984233,0.9978464945943999,-0.02155827532774113
1986,198.6,2,0.3,-3.674877023306924,1.0028940535027802,0.028898737922042315
1987,198.70000000000002,0,0.1,-3.869651841360322,1.003170344634095,0.03165329688153919
1987,198.70000000000002,1,0.2,-3.871897405867333,0.9979960157799506,-0.020059948830999253
1987,198.70000000000002,2,0.3,-3.672036994500618,1.002844065508662,0.028400288063050932
1988,198.8,0,0.1,-3.866265786780525,1.003391793738479,0.033860545797972076
1988,198.8,1,0.2,-3.873748044900848,0.9981510723430254,-0.018506390335147834
1988,198.8,2,0.3,-3.6692476125065623,1.0027932759397358,0.027893819940560314
1989,198.9,0,0.1,-3.862669890469947,1.0036023693021263,0.035958963105782
1989,198.9,1,0.2,-3.875437174472294,0.9983122962050217,-0.016891295714463867
1989,198.9,2,0.3,-3.666508346456996,1.002743021266875,0.027392660495665803
1990,199.0,0,0.1,-3.8588753583334165,1.003801740488155,0.037945321365306865
1990,199.0,1,0.2,-3.876958134492114,0.9984801960536831,-0.015209600198199145
1990,199.0,2,0.3,-3.6638175105420916,1.0026944594632603,0.02690835914904419
1991,199.1,0,0.1,-3.8548936082813494,1.0039896877506196,0.03981750052067361
1991,199.1,1,0.2,-3.878303957520265,0.9986550821855291,-0.013458230281511928
1991,199.1,2,0.3,-3.661172442780921,1.0026485690392601,0.026450677611708332
1992,199.20000000000002,0,0.1,-3.850736166538565,1.0041660958925915,0.04157441742783373
1992,199.20000000000002,1,0.2,-3.8794676265261057,0.9988370077943879,-0.01163669005840264
1992,199.20000000000002,2,0.3,-3.6585696837181314,1.002606149180741,0.02602759062788914
1993,199.3,0,0.1,-3.846414572558509,1.0043309455336735,0.043215939800565165
1993,199.3,1,0.2,-3.8804423674404416,0.9990257339912734,-0.009747409143359696
1993,199.3,2,0.3,-3.6560051600734598,1.0025678148482888,0.025645236446717803
1994,199.4,0,0.1,-3.8419402936595963,1.0044843034300184,0.04474278898912753
1994,199.4,1,0.2,-3.8812219485252926,0.9992207227095335,-0.007795810848510331
1994,199.4,2,0.3,-3.6534743806584675,1.0025339845404675,0.025307794149923898
1995,199.5,0,0.1,-3.837324650402334,1.004626311746266,0.04615643257262643
1995,199.5,1,0.2,-3.881800957825097,0.9994211582937323,-0.005790092998046221
1995,199.5,2,0.3,-3.650972650091022,1.0025048625065731,0.02501730567445879
1996,199.6,0,0.1,-3.8325787536889484,1.0047571763180796,0.047458967133858145
1996,199.6,1,0.2,-3.882175032396389,0.9996259953858775,-0.003740745712917039
1996,199.6,2,0.3,-3.648495301043107,1.0024804202126594,0.024773490479149972
1997,199.70000000000002,0,0.1,-3.8277134542879625,1.004877154188015,0.04865299400984795
1997,199.70000000000002,1,0.2,-3.882341018250834,0.9998340279204444,-0.0016598585444512317
1997,199.70000000000002,2,0.3,-3.6460379398116647,1.0024603830182535,0.02457361231441687
1998,199.8,0,0.1,-3.822739304790973,1.0049865411160015,0.04974149496989993
1998,199.8,1,0.2,-3.88229704749069,1.000043971726872,0.0004397076014406559
1998,199.8,2,0.3,-3.6435966948541596,1.0024442272222955,0.02441244957505223
1999,199.9,0,0.1,-3.8176665329500814,1.0050856601318703,0.05072771840891677
1999,199.9,1,0.2,-3.8820425283460107,1.000254551537425,0.0025451914467923614
1999,199.9,2,0.3,-3.641168454960742,1.0024311904556487,0.0242823989341781
2000,200.0,0,0.1,-3.8125050242008616,1.0051748522832151,0.05161508749220128
2000,200.0,1,0.2,-3.8815780538964746,1.000464582334496,0.004644744495361494
2000,200.0,2,0.3,-3.6387510833784953,1.0024202957807467,0.024173715822467787
