ky,z_index,z,phi_real,phi_imag,growth_rate,frequency,normalization,source
0.1,0,-0.5,0.22008917712513057,-1.0707679783139428,-0.1238540171183172,-0.03633446383777644,unit_mode_chain_amplitude,stellarator-linear-scan:stella-geometry
0.1,1,-0.49609375,0.19208479930616484,-0.6785941858306495,-0.1238540171183172,-0.03633446383777644,unit_mode_chain_amplitude,stellarator-linear-scan:stella-geometry
0.1,2,-0.4921875,0.4123252807830103,-0.24715086161514932,-0.1238540171183172,-0.03633446383777644,unit_mode_chain_amplitude,stellarator-linear-scan:stella-geometry
0.1,3,-0.48828125,0.42065331029587116,0.271263116397447,-0.1238540171183172,-0.03633446383777644,unit_mode_chain_amplitude,stellarator-linear-scan:stella-geometry
0.1,4,-0.484375,0.5778930882225924,0.8631667000025482,-0.1238540171183172,-0.03633446383777644,unit_mode_chain_amplitude,stellarator-linear-scan:stella-geometry
0.1,5,-0.48046875,0.4995256754116142,1.2530252114931746,-0.1238540171183172,-0.03633446383777644,unit_mode_chain_amplitude,stellarator-linear-scan:stella-geometry
0.1,6,-0.4765625,0.22133894291010933,1.4846569121112108,-0.1238540171183172,-0.03633446383777644,unit_mode_chain_amplitude,stellarator-linear-scan:stella-geometry
0.1,7,-0.47265625,-0.03885048500491498,1.8358849046730386,-0.1238540171183172,-0.03633446383777644,unit_mode_chain_amplitude,stellarator-linear-scan:stella-geometry
0.1,8,-0.46875,0.014267720540581886,1.7822080133502103,-0.1238540171183172,-0.03633446383777644,unit_mode_chain_amplitude,stellarator-linear-scan:stella-geometry
0.1,9,-0.46484375,-0.019887546189220374,1.8967036940220685,-0.1238540171183172,-0.03633446383777644,unit_mode_chain_amplitude,stellarator-linear-scan:stella-geometry
0.1,10,-0.4609375,-0.01825998373709407,1.0944885732842904,-0.1238540171183172,-0.03633446383777644,unit_mode_chain_amplitude,stellarator-linear-scan:stella-geometry
0.1,11,-0.45703125,-0.03875530313322578,-0.11581631491733997,-0.1238540171183172,-0.03633446383777644,unit_mode_chain_amplitude,stellarator-linear-scan:stella-geometry
0.1,12,-0.453125,0.19172048910519235,0.1618866179944125,-0.1238540171183172,-0.03633446383777644,unit_mode_chain_amplitude,stellarator-linear-scan:stella-geometry
0.1,13,-0.44921875,0.2644584685859997,0.11964125276267538,-0.1238540171183172,-0.03633446383777644,unit_mode_chain_amplitude,stellarator-linear-scan:stella-geometry
0.1,14,-0.4453125,0.4990610397764934,0.15961227993265137,-0.1238540171183172,-0.03633446383777644,unit_mode_chain_amplitude,stellarator-linear-scan:stella-geometry
0.1,15,-0.44140625,0.6237186882573911,-0.1446163470439043,-0.1238540171183172,-0.03633446383777644,unit_mode_chain_amplitude,stellarator-linear-scan:stella-geometry
0.1,16,-0.4375,0.799896702447966,-0.16185917289224805,-0.1238540171183172,-0.03633446383777644,unit_mode_chain_amplitude,stellarator-linear-scan:stella-geometry
0.1,17,-0.43359375,0.6883296505158292,-0.43572289500959693,-0.1238540171183172,-0.03633446383777644,unit_mode_chain_amplitude,stellarator-linear-scan:stella-geometry
0.1,18,-0.4296875,0.7211726121986278,-0.4996105646458341,-0.1238540171183172,-0.03633446383777644,unit_mode_chain_amplitude,stellarator-linear-scan:stella-geometry
0.1,19,-0.42578125,0.490276285432463,-0.5682538069907982,-0.1238540171183172,-0.03633446383777644,unit_mode_chain_amplitude,stellarator-linear-scan:stella-geometry
0.1,20,-0.421875,0.45883754222748924,-0.4089579248506936,-0.1238540171183172,-0.03633446383777644,unit_mode_chain_amplitude,stellarator-linear-scan:stella-geometry
0.1,21,-0.41796875,0.27418283291572637,-0.5500415905947034,-0.1238540171183172,-0.03633446383777644,unit_mode_chain_amplitude,stellarator-linear-scan:stella-geometry
0.1,22,-0.4140625,-0.11068141710009703,-0.5188878683016981,-0.1238540171183172,-0.03633446383777644,unit_mode_chain_amplitude,stellarator-linear-scan:stella-geometry
0.1,23,-0.41015625,-0.576698978163928,-0.7076626494888236,-0.1238540171183172,-0.03633446383777644,unit_mode_chain_amplitude,stellarator-linear-scan:stella-geometry
0.1,24,-0.40625,-0.4750671945998844,-0.577022056321229,-0.1238540171183172,-0.03633446383777644,unit_mode_chain_amplitude,stellarator-linear-scan:stella-geometry
0.1,25,-0.40234375,-0.4550313810946483,-0.21008760071650215,-0.1238540171183172,-0.03633446383777644,unit_mode_chain_amplitude,stellarator-linear-scan:stella-geometry
0.1,26,-0.3984375,-0.6333990531396098,0.08696579452105511,-0.1238540171183172,-0.03633446383777644,unit_mode_chain_amplitude,stellarator-linear-scan:stella-geometry
0.1,27,-0.39453125,-1.1345879503089369,-0.0851580702929814,-0.1238540171183172,-0.03633446383777644,unit_mode_chain_amplitude,stellarator-linear-scan:stella-geometry
0.1,28,-0.390625,-1.2808062294500469,-0.11889518877057377,-0.1238540171183172,-0.03633446383777644,unit_mode_chain_amplitude,stellarator-linear-scan:stella-geometry
0.1,29,-0.38671875,-1.2019103514330003,-0.27098421975547965,-0.1238540171183172,-0.03633446383777644,unit_mode_chain_amplitude,stellarator-linear-scan:stella-geometry
0.1,30,-0.3828125,-0.958512845292541,-0.5069187821545657,-0.1238540171183172,-0.03633446383777644,unit_mode_chain_amplitude,stellarator-linear-scan:stella-geometry
0.1,31,-0.37890625,-0.6912466967833554,-0.5018691688555269,-0.1238540171183172,-0.03633446383777644,unit_mode_chain_amplitude,stellarator-linear-scan:stella-geometry
0.1,32,-0.375,-0.4461518365960459,0.06645035462852529,-0.1238540171183172,-0.03633446383777644,unit_mode_chain_amplitude,stellarator-linear-scan:stella-geometry
0.1,33,-0.37109375,-0.39458827230806015,0.12818847143710174,-0.1238540171183172,-0.03633446383777644,unit_mode_chain_amplitude,stellarator-linear-scan:stella-geometry
0.1,34,-0.3671875,-0.3377289930540987,0.09615995356375823,-0.1238540171183172,-0.03633446383777644,unit_mode_chain_amplitude,stellarator-linear-scan:stella-geometry
0.1,35,-0.36328125,-0.41858110629141215,0.043398117111000035,-0.1238540171183172,-0.03633446383777644,unit_mode_chain_amplitude,stellarator-linear-scan:stella-geometry
0.1,36,-0.359375,-0.11057137150572284,0.1167588598801493,-0.1238540171183172,-0.03633446383777644,unit_mode_chain_amplitude,stellarator-linear-scan:stella-geometry
0.1,37,-0.35546875,-0.04276336799801356,0.06963021889496138,-0.1238540171183172,-0.03633446383777644,unit_mode_chain_amplitude,stellarator-linear-scan:stella-geometry
0.1,38,-0.3515625,-0.1608802294303657,0.08350932403072414,-0.1238540171183172,-0.03633446383777644,unit_mode_chain_amplitude,stellarator-linear-scan:stella-geometry
0.1,39,-0.34765625,-0.09196127142101038,-0.25021327165227747,-0.1238540171183172,-0.03633446383777644,unit_mode_chain_amplitude,stellarator-linear-scan:stella-geometry
0.1,40,-0.34375,0.01702771257111422,-0.8827454617291537,-0.1238540171183172,-0.03633446383777644,unit_mode_chain_amplitude,stellarator-linear-scan:stella-geometry
0.1,41,-0.33984375,-0.3499983723662278,-1.3562438337952294,-0.1238540171183172,-0.03633446383777644,unit_mode_chain_amplitude,stellarator-linear-scan:stella-geometry
0.1,42,-0.3359375,-0.42180576939125247,-1.2100123355592962,-0.1238540171183172,-0.03633446383777644,unit_mode_chain_amplitude,stellarator-linear-scan:stella-geometry
0.1,43,-0.33203125,-0.12422712766216668,-0.9954473615966212,-0.1238540171183172,-0.03633446383777644,unit_mode_chain_amplitude,stellarator-linear-scan:stella-geometry
0.1,44,-0.328125,0.19603021693234454,-0.5017519073859384,-0.1238540171183172,-0.03633446383777644,unit_mode_chain_amplitude,stellarator-linear-scan:stella-geometry
0.1,45,-0.32421875,0.4605693203348826,-0.12989806687462338,-0.1238540171183172,-0.03633446383777644,unit_mode_chain_amplitude,stellarator-linear-scan:stella-geometry
0.1,46,-0.3203125,0.7646611801539452,0.07305339882670793,-0.1238540171183172,-0.03633446383777644,unit_mode_chain_amplitude,stellarator-linear-scan:stella-geometry
0.1,47,-0.31640625,0.8178156796260622,0.4280486022711642,-0.1238540171183172,-0.03633446383777644,unit_mode_chain_amplitude,stellarator-linear-scan:stella-geometry
0.1,48,-0.3125,0.7877457265636434,0.8795615135255155,-0.1238540171183172,-0.03633446383777644,unit_mode_chain_amplitude,stellarator-linear-scan:stella-geometry
0.1,49,-0.30859375,0.8136404281418637,0.9344214647176576,-0.1238540171183172,-0.03633446383777644,unit_mode_chain_amplitude,stellarator-linear-scan:stella-geometry
0.1,50,-0.3046875,0.836059773007728,0.9404424946540979,-0.1238540171183172,-0.03633446383777644,unit_mode_chain_amplitude,stellarator-linear-scan:stella-geometry
0.1,51,-0.30078125,0.45087245989874647,0.8443378264320703,-0.1238540171183172,-0.03633446383777644,unit_mode_chain_amplitude,stellarator-linear-scan:stella-geometry
0.1,52,-0.296875,0.2266751348748638,0.6570237268651231,-0.1238540171183172,-0.03633446383777644,unit_mode_chain_amplitude,stellarator-linear-scan:stella-geometry
0.1,53,-0.29296875,0.004080024775220901,0.5576608422147076,-0.1238540171183172,-0.03633446383777644,unit_mode_chain_amplitude,stellarator-linear-scan:stella-geometry
0.1,54,-0.2890625,-0.03605428383720894,0.615928250085201,-0.1238540171183172,-0.03633446383777644,unit_mode_chain_amplitude,stellarator-linear-scan:stella-geometry
0.1,55,-0.28515625,0.16780862631913881,0.3390099922762018,-0.1238540171183172,-0.03633446383777644,unit_mode_chain_amplitude,stellarator-linear-scan:stella-geometry
0.1,56,-0.28125,0.5604954844302458,0.3068360924623009,-0.1238540171183172,-0.03633446383777644,unit_mode_chain_amplitude,stellarator-linear-scan:stella-geometry
0.1,57,-0.27734375,0.48906384999519614,0.5481483309445916,-0.1238540171183172,-0.03633446383777644,unit_mode_chain_amplitude,stellarator-linear-scan:stella-geometry
0.1,58,-0.2734375,0.7686810112538475,0.7729304215100437,-0.1238540171183172,-0.03633446383777644,unit_mode_chain_amplitude,stellarator-linear-scan:stella-geometry
0.1,59,-0.26953125,1.1241005743808705,0.6403279288877338,-0.1238540171183172,-0.03633446383777644,unit_mode_chain_amplitude,stellarator-linear-scan:stella-geometry
0.1,60,-0.265625,1.2713204716582036,0.45216153840513074,-0.1238540171183172,-0.03633446383777644,unit_mode_chain_amplitude,stellarator-linear-scan:stella-geometry
0.1,61,-0.26171875,0.9771776333029667,0.019239958128426816,-0.1238540171183172,-0.03633446383777644,unit_mode_chain_amplitude,stellarator-linear-scan:stella-geometry
0.1,62,-0.2578125,0.8544040574357056,-0.3267889640977692,-0.1238540171183172,-0.03633446383777644,unit_mode_chain_amplitude,stellarator-linear-scan:stella-geometry
0.1,63,-0.25390625,0.879824286960427,-0.4063245143448705,-0.1238540171183172,-0.03633446383777644,unit_mode_chain_amplitude,stellarator-linear-scan:stella-geometry
0.1,64,-0.25,1.0696187839851863,-0.38833020721505535,-0.1238540171183172,-0.03633446383777644,unit_mode_chain_amplitude,stellarator-linear-scan:stella-geometry
0.1,65,-0.24609375,1.133326084438398,-0.4536567337765034,-0.1238540171183172,-0.03633446383777644,unit_mode_chain_amplitude,stellarator-linear-scan:stella-geometry
0.1,66,-0.2421875,1.0244202394808808,-0.2689193726480517,-0.1238540171183172,-0.03633446383777644,unit_mode_chain_amplitude,stellarator-linear-scan:stella-geometry
0.1,67,-0.23828125,0.5955421582999096,-0.1653719665451992,-0.1238540171183172,-0.03633446383777644,unit_mode_chain_amplitude,stellarator-linear-scan:stella-geometry
0.1,68,-0.234375,0.3836944074804183,-0.16176361776245374,-0.1238540171183172,-0.03633446383777644,unit_mode_chain_amplitude,stellarator-linear-scan:stella-geometry
0.1,69,-0.23046875,0.327551534980724,-0.12013360387992794,-0.1238540171183172,-0.03633446383777644,unit_mode_chain_amplitude,stellarator-linear-scan:stella-geometry
0.1,70,-0.2265625,0.17530844986769323,0.16622885497136491,-0.1238540171183172,-0.03633446383777644,unit_mode_chain_amplitude,stellarator-linear-scan:stella-geometry
0.1,71,-0.22265625,-0.12411050850837552,0.22907980107610995,-0.1238540171183172,-0.03633446383777644,unit_mode_chain_amplitude,stellarator-linear-scan:stella-geometry
0.1,72,-0.21875,-0.4508451825745334,0.2322227835466921,-0.1238540171183172,-0.03633446383777644,unit_mode_chain_amplitude,stellarator-linear-scan:stella-geometry
0.1,73,-0.21484375,-0.7879848401451064,0.09243377823367631,-0.1238540171183172,-0.03633446383777644,unit_mode_chain_amplitude,stellarator-linear-scan:stella-geometry
0.1,74,-0.2109375,-0.7437730004281041,-0.21304929037217735,-0.1238540171183172,-0.03633446383777644,unit_mode_chain_amplitude,stellarator-linear-scan:stella-geometry
0.1,75,-0.20703125,-0.6687322862440195,-0.4636613321962365,-0.1238540171183172,-0.03633446383777644,unit_mode_chain_amplitude,stellarator-linear-scan:stella-geometry
0.1,76,-0.203125,-0.6953819545513032,0.06068363441642087,-0.1238540171183172,-0.03633446383777644,unit_mode_chain_amplitude,stellarator-linear-scan:stella-geometry
0.1,77,-0.19921875,-0.6091849659279338,0.6126941971627594,-0.1238540171183172,-0.03633446383777644,unit_mode_chain_amplitude,stellarator-linear-scan:stella-geometry
0.1,78,-0.1953125,-0.3636350040302394,0.6571995193606339,-0.1238540171183172,-0.03633446383777644,unit_mode_chain_amplitude,stellarator-linear-scan:stella-geometry
0.1,79,-0.19140625,-0.7002682259432785,0.4765113215486212,-0.1238540171183172,-0.03633446383777644,unit_mode_chain_amplitude,stellarator-linear-scan:stella-geometry
0.1,80,-0.1875,-0.9558137020208567,0.29910351131168234,-0.1238540171183172,-0.03633446383777644,unit_mode_chain_amplitude,stellarator-linear-scan:stella-geometry
0.1,81,-0.18359375,-0.9855749700979181,-0.03713583068963547,-0.1238540171183172,-0.03633446383777644,unit_mode_chain_amplitude,stellarator-linear-scan:stella-geometry
0.1,82,-0.1796875,-1.0394635163697672,-0.08447903019300931,-0.1238540171183172,-0.03633446383777644,unit_mode_chain_amplitude,stellarator-linear-scan:stella-geometry
0.1,83,-0.17578125,-1.1962329979438036,-0.3991271921599395,-0.1238540171183172,-0.03633446383777644,unit_mode_chain_amplitude,stellarator-linear-scan:stella-geometry
0.1,84,-0.171875,-1.0572084984033494,-1.0267657352285247,-0.1238540171183172,-0.03633446383777644,unit_mode_chain_amplitude,stellarator-linear-scan:stella-geometry
0.1,85,-0.16796875,-1.1550911508231834,-1.5446376904403731,-0.1238540171183172,-0.03633446383777644,unit_mode_chain_amplitude,stellarator-linear-scan:stella-geometry
0.1,86,-0.1640625,-1.1131681744697912,-1.548091068726122,-0.1238540171183172,-0.03633446383777644,unit_mode_chain_amplitude,stellarator-linear-scan:stella-geometry
0.1,87,-0.16015625,-0.6197228916365006,-1.5011867242096937,-0.1238540171183172,-0.03633446383777644,unit_mode_chain_amplitude,stellarator-linear-scan:stella-geometry
0.1,88,-0.15625,-0.1793323711633517,-1.2757743312737224,-0.1238540171183172,-0.03633446383777644,unit_mode_chain_amplitude,stellarator-linear-scan:stella-geometry
0.1,89,-0.15234375,-0.23626804304794727,-0.9388624877786975,-0.1238540171183172,-0.03633446383777644,unit_mode_chain_amplitude,stellarator-linear-scan:stella-geometry
0.1,90,-0.1484375,-0.2087340119815931,-0.7241646510630372,-0.1238540171183172,-0.03633446383777644,unit_mode_chain_amplitude,stellarator-linear-scan:stella-geometry
0.1,91,-0.14453125,-0.4139784920634404,-0.4612646343874617,-0.1238540171183172,-0.03633446383777644,unit_mode_chain_amplitude,stellarator-linear-scan:stella-geometry
0.1,92,-0.140625,-0.7557683879582138,0.02099669465656692,-0.1238540171183172,-0.03633446383777644,unit_mode_chain_amplitude,stellarator-linear-scan:stella-geometry
0.1,93,-0.13671875,-0.9393070321989136,-0.057958513154550875,-0.1238540171183172,-0.03633446383777644,unit_mode_chain_amplitude,stellarator-linear-scan:stella-geometry
0.1,94,-0.1328125,-1.014047356517427,-0.31753227628239544,-0.1238540171183172,-0.03633446383777644,unit_mode_chain_amplitude,stellarator-linear-scan:stella-geometry
0.1,95,-0.12890625,-1.3566468349015879,-0.2632477867440127,-0.1238540171183172,-0.03633446383777644,unit_mode_chain_amplitude,stellarator-linear-scan:stella-geometry
0.1,96,-0.125,-1.3547307531942894,-0.0635524087602103,-0.1238540171183172,-0.03633446383777644,unit_mode_chain_amplitude,stellarator-linear-scan:stella-geometry
0.1,97,-0.12109375,-1.223812726347114,-0.0024655892571399884,-0.1238540171183172,-0.03633446383777644,unit_mode_chain_amplitude,stellarator-linear-scan:stella-geometry
0.1,98,-0.1171875,-0.886838963100045,0.36734790642294385,-0.1238540171183172,-0.03633446383777644,unit_mode_chain_amplitude,stellarator-linear-scan:stella-geometry
0.1,99,-0.11328125,-0.6951781660274151,0.4078504428644605,-0.1238540171183172,-0.03633446383777644,unit_mode_chain_amplitude,stellarator-linear-scan:stella-geometry
0.1,100,-0.109375,-0.44347657031439325,0.3844600748096199,-0.1238540171183172,-0.03633446383777644,unit_mode_chain_amplitude,stellarator-linear-scan:stella-geometry
0.1,101,-0.10546875,-0.5633142545425668,0.6179263587200142,-0.1238540171183172,-0.03633446383777644,unit_mode_chain_amplitude,stellarator-linear-scan:stella-geometry
0.1,102,-0.1015625,-0.5440975118947008,0.8874962370012581,-0.1238540171183172,-0.03633446383777644,unit_mode_chain_amplitude,stellarator-linear-scan:stella-geometry
0.1,103,-0.09765625,-0.2669775003229962,0.790310894756354,-0.1238540171183172,-0.03633446383777644,unit_mode_chain_amplitude,stellarator-linear-scan:stella-geometry
0.1,104,-0.09375,0.08056166681877086,0.6995038018108378,-0.1238540171183172,-0.03633446383777644,unit_mode_chain_amplitude,stellarator-linear-scan:stella-geometry
0.1,105,-0.08984375,-0.0681003773931673,0.4590147975085418,-0.1238540171183172,-0.03633446383777644,unit_mode_chain_amplitude,stellarator-linear-scan:stella-geometry
0.1,106,-0.0859375,-0.013854115340840812,0.047632464484487096,-0.1238540171183172,-0.03633446383777644,unit_mode_chain_amplitude,stellarator-linear-scan:stella-geometry
0.1,107,-0.08203125,0.08259860135557343,-0.35843903178683567,-0.1238540171183172,-0.03633446383777644,unit_mode_chain_amplitude,stellarator-linear-scan:stella-geometry
0.1,108,-0.078125,0.4839618043162177,-0.4206298279030341,-0.1238540171183172,-0.03633446383777644,unit_mode_chain_amplitude,stellarator-linear-scan:stella-geometry
0.1,109,-0.07421875,0.8105966108533483,-0.5211912707462124,-0.1238540171183172,-0.03633446383777644,unit_mode_chain_amplitude,stellarator-linear-scan:stella-geometry
0.1,110,-0.0703125,0.9907644654946601,-0.3513577460735938,-0.1238540171183172,-0.03633446383777644,unit_mode_chain_amplitude,stellarator-linear-scan:stella-geometry
0.1,111,-0.06640625,0.9094130016345664,0.09205778908236471,-0.1238540171183172,-0.03633446383777644,unit_mode_chain_amplitude,stellarator-linear-scan:stella-geometry
0.1,112,-0.0625,0.9104266173096994,0.31933669277613697,-0.1238540171183172,-0.03633446383777644,unit_mode_chain_amplitude,stellarator-linear-scan:stella-geometry
0.1,113,-0.05859375,0.8846908626519573,-0.07178729842719418,-0.1238540171183172,-0.03633446383777644,unit_mode_chain_amplitude,stellarator-linear-scan:stella-geometry
0.1,114,-0.0546875,0.8625629039288747,-0.10707571946540836,-0.1238540171183172,-0.03633446383777644,unit_mode_chain_amplitude,stellarator-linear-scan:stella-geometry
0.1,115,-0.05078125,0.928182690935565,0.06584569200741046,-0.1238540171183172,-0.03633446383777644,unit_mode_chain_amplitude,stellarator-linear-scan:stella-geometry
0.1,116,-0.046875,1.1869681827453424,0.2736733959406653,-0.1238540171183172,-0.03633446383777644,unit_mode_chain_amplitude,stellarator-linear-scan:stella-geometry
0.1,117,-0.04296875,0.8800257128087666,0.3370406974668296,-0.1238540171183172,-0.03633446383777644,unit_mode_chain_amplitude,stellarator-linear-scan:stella-geometry
0.1,118,-0.0390625,0.7745879690712579,0.2142551822806447,-0.1238540171183172,-0.03633446383777644,unit_mode_chain_amplitude,stellarator-linear-scan:stella-geometry
0.1,119,-0.03515625,0.8942660008323816,-0.034193116411326635,-0.1238540171183172,-0.03633446383777644,unit_mode_chain_amplitude,stellarator-linear-scan:stella-geometry
0.1,120,-0.03125,0.6326281919095504,0.278415736925992,-0.1238540171183172,-0.03633446383777644,unit_mode_chain_amplitude,stellarator-linear-scan:stella-geometry
0.1,121,-0.02734375,0.2522412082388577,0.9727664307123213,-0.1238540171183172,-0.03633446383777644,unit_mode_chain_amplitude,stellarator-linear-scan:stella-geometry
0.1,122,-0.0234375,0.44831607252698596,1.3098683517867176,-0.1238540171183172,-0.03633446383777644,unit_mode_chain_amplitude,stellarator-linear-scan:stella-geometry
0.1,123,-0.01953125,0.2039552194993231,1.2225107130393904,-0.1238540171183172,-0.03633446383777644,unit_mode_chain_amplitude,stellarator-linear-scan:stella-geometry
0.1,124,-0.015625,-0.25666845458806886,1.3373533997616212,-0.1238540171183172,-0.03633446383777644,unit_mode_chain_amplitude,stellarator-linear-scan:stella-geometry
0.1,125,-0.01171875,-0.3571486192187439,1.0878854704184384,-0.1238540171183172,-0.03633446383777644,unit_mode_chain_amplitude,stellarator-linear-scan:stella-geometry
0.1,126,-0.0078125,-0.17678082303775836,0.8552593139288068,-0.1238540171183172,-0.03633446383777644,unit_mode_chain_amplitude,stellarator-linear-scan:stella-geometry
0.1,127,-0.00390625,-0.011754473149731704,0.7363955012808504,-0.1238540171183172,-0.03633446383777644,unit_mode_chain_amplitude,stellarator-linear-scan:stella-geometry
0.1,128,0.0,0.4162734967444147,0.2890602011421584,-0.1238540171183172,-0.03633446383777644,unit_mode_chain_amplitude,stellarator-linear-scan:stella-geometry
0.1,129,0.00390625,0.596017528924501,-0.1910504179653634,-0.1238540171183172,-0.03633446383777644,unit_mode_chain_amplitude,stellarator-linear-scan:stella-geometry
0.1,130,0.0078125,0.6985822913816497,-0.15645134090043838,-0.1238540171183172,-0.03633446383777644,unit_mode_chain_amplitude,stellarator-linear-scan:stella-geometry
0.1,131,0.01171875,0.8509475789465537,-0.3128450987162591,-0.1238540171183172,-0.03633446383777644,unit_mode_chain_amplitude,stellarator-linear-scan:stella-geometry
0.1,132,0.015625,1.1379905839271862,-0.46055913801131826,-0.1238540171183172,-0.03633446383777644,unit_mode_chain_amplitude,stellarator-linear-scan:stella-geometry
0.1,133,0.01953125,0.9399929160853664,-0.40311395730535526,-0.1238540171183172,-0.03633446383777644,unit_mode_chain_amplitude,stellarator-linear-scan:stella-geometry
0.1,134,0.0234375,0.7120164323561572,-0.48824560950853335,-0.1238540171183172,-0.03633446383777644,unit_mode_chain_amplitude,stellarator-linear-scan:stella-geometry
0.1,135,0.02734375,0.2506157420804755,-0.7178633713061706,-0.1238540171183172,-0.03633446383777644,unit_mode_chain_amplitude,stellarator-linear-scan:stella-geometry
0.1,136,0.03125,-0.1563325559377765,-0.4903944193269048,-0.1238540171183172,-0.03633446383777644,unit_mode_chain_amplitude,stellarator-linear-scan:stella-geometry
0.1,137,0.03515625,-0.42569350467377526,-0.5394837442852901,-0.1238540171183172,-0.03633446383777644,unit_mode_chain_amplitude,stellarator-linear-scan:stella-geometry
0.1,138,0.0390625,-0.1735767257813452,-0.9060586144058365,-0.1238540171183172,-0.03633446383777644,unit_mode_chain_amplitude,stellarator-linear-scan:stella-geometry
0.1,139,0.04296875,-0.34655357361914635,-1.140811370368376,-0.1238540171183172,-0.03633446383777644,unit_mode_chain_amplitude,stellarator-linear-scan:stella-geometry
0.1,140,0.046875,-0.633061132073277,-1.0278526052395278,-0.1238540171183172,-0.03633446383777644,unit_mode_chain_amplitude,stellarator-linear-scan:stella-geometry
0.1,141,0.05078125,-0.5405398747427442,-0.9445938546844498,-0.1238540171183172,-0.03633446383777644,unit_mode_chain_amplitude,stellarator-linear-scan:stella-geometry
0.1,142,0.0546875,-0.11519882092880242,-0.5294003150978076,-0.1238540171183172,-0.03633446383777644,unit_mode_chain_amplitude,stellarator-linear-scan:stella-geometry
0.1,143,0.05859375,-0.005356173065886537,0.013198932591246994,-0.1238540171183172,-0.03633446383777644,unit_mode_chain_amplitude,stellarator-linear-scan:stella-geometry
0.1,144,0.0625,0.010132422989637907,0.25576851283545765,-0.1238540171183172,-0.03633446383777644,unit_mode_chain_amplitude,stellarator-linear-scan:stella-geometry
0.1,145,0.06640625,-0.4478561108072343,0.42130171438127684,-0.1238540171183172,-0.03633446383777644,unit_mode_chain_amplitude,stellarator-linear-scan:stella-geometry
0.1,146,0.0703125,-0.8118225317040622,0.6804999057061324,-0.1238540171183172,-0.03633446383777644,unit_mode_chain_amplitude,stellarator-linear-scan:stella-geometry
0.1,147,0.07421875,-1.0253811816611214,0.5262668654307959,-0.1238540171183172,-0.03633446383777644,unit_mode_chain_amplitude,stellarator-linear-scan:stella-geometry
0.1,148,0.078125,-0.9720869478437101,0.20027397758145485,-0.1238540171183172,-0.03633446383777644,unit_mode_chain_amplitude,stellarator-linear-scan:stella-geometry
0.1,149,0.08203125,-1.059102400738168,0.0797535888599914,-0.1238540171183172,-0.03633446383777644,unit_mode_chain_amplitude,stellarator-linear-scan:stella-geometry
0.1,150,0.0859375,-1.073967173934463,0.10731291998231805,-0.1238540171183172,-0.03633446383777644,unit_mode_chain_amplitude,stellarator-linear-scan:stella-geometry
0.1,151,0.08984375,-1.1317741552098237,-0.23676286490456103,-0.1238540171183172,-0.03633446383777644,unit_mode_chain_amplitude,stellarator-linear-scan:stella-geometry
0.1,152,0.09375,-1.1963458217962686,-0.5150508413465027,-0.1238540171183172,-0.03633446383777644,unit_mode_chain_amplitude,stellarator-linear-scan:stella-geometry
0.1,153,0.09765625,-0.973578330763224,-0.6893536913258798,-0.1238540171183172,-0.03633446383777644,unit_mode_chain_amplitude,stellarator-linear-scan:stella-geometry
0.1,154,0.1015625,-0.486580690530243,-0.5915919243516067,-0.1238540171183172,-0.03633446383777644,unit_mode_chain_amplitude,stellarator-linear-scan:stella-geometry
0.1,155,0.10546875,-0.4498165389295463,-0.1634287298853333,-0.1238540171183172,-0.03633446383777644,unit_mode_chain_amplitude,stellarator-linear-scan:stella-geometry
0.1,156,0.109375,-0.34558321631354755,0.18568816265566154,-0.1238540171183172,-0.03633446383777644,unit_mode_chain_amplitude,stellarator-linear-scan:stella-geometry
0.1,157,0.11328125,0.23859775561778285,-0.19219433846647266,-0.1238540171183172,-0.03633446383777644,unit_mode_chain_amplitude,stellarator-linear-scan:stella-geometry
0.1,158,0.1171875,0.4556249883610611,-0.693241025286058,-0.1238540171183172,-0.03633446383777644,unit_mode_chain_amplitude,stellarator-linear-scan:stella-geometry
0.1,159,0.12109375,0.3066413525843227,-0.7186369020632003,-0.1238540171183172,-0.03633446383777644,unit_mode_chain_amplitude,stellarator-linear-scan:stella-geometry
0.1,160,0.125,0.7236235847828456,-0.676099642558186,-0.1238540171183172,-0.03633446383777644,unit_mode_chain_amplitude,stellarator-linear-scan:stella-geometry
0.1,161,0.12890625,1.0158520716250135,-0.6058241494264572,-0.1238540171183172,-0.03633446383777644,unit_mode_chain_amplitude,stellarator-linear-scan:stella-geometry
0.1,162,0.1328125,0.9468190221956312,-0.4582760949531367,-0.1238540171183172,-0.03633446383777644,unit_mode_chain_amplitude,stellarator-linear-scan:stella-geometry
0.1,163,0.13671875,0.7313134943104567,-0.7219311827796446,-0.1238540171183172,-0.03633446383777644,unit_mode_chain_amplitude,stellarator-linear-scan:stella-geometry
0.1,164,0.140625,0.41796425871114307,-0.6353053383538417,-0.1238540171183172,-0.03633446383777644,unit_mode_chain_amplitude,stellarator-linear-scan:stella-geometry
0.1,165,0.14453125,-0.03116627988478837,-0.06199617690841151,-0.1238540171183172,-0.03633446383777644,unit_mode_chain_amplitude,stellarator-linear-scan:stella-geometry
0.1,166,0.1484375,-0.0980713465639538,0.3570556563826694,-0.1238540171183172,-0.03633446383777644,unit_mode_chain_amplitude,stellarator-linear-scan:stella-geometry
0.1,167,0.15234375,-0.30291482216811055,0.46488687801369255,-0.1238540171183172,-0.03633446383777644,unit_mode_chain_amplitude,stellarator-linear-scan:stella-geometry
0.1,168,0.15625,-0.6062939464843946,0.8323896191865945,-0.1238540171183172,-0.03633446383777644,unit_mode_chain_amplitude,stellarator-linear-scan:stella-geometry
0.1,169,0.16015625,-0.7037677138279105,0.9860351511356671,-0.1238540171183172,-0.03633446383777644,unit_mode_chain_amplitude,stellarator-linear-scan:stella-geometry
0.1,170,0.1640625,-0.24289268789437524,1.026158053035846,-0.1238540171183172,-0.03633446383777644,unit_mode_chain_amplitude,stellarator-linear-scan:stella-geometry
0.1,171,0.16796875,0.19678854899828327,1.1568630177893537,-0.1238540171183172,-0.03633446383777644,unit_mode_chain_amplitude,stellarator-linear-scan:stella-geometry
0.1,172,0.171875,0.8398746117148745,1.114924719170668,-0.1238540171183172,-0.03633446383777644,unit_mode_chain_amplitude,stellarator-linear-scan:stella-geometry
0.1,173,0.17578125,1.2050105145043708,0.7603401217917,-0.1238540171183172,-0.03633446383777644,unit_mode_chain_amplitude,stellarator-linear-scan:stella-geometry
0.1,174,0.1796875,1.231328811934698,0.8189813004683281,-0.1238540171183172,-0.03633446383777644,unit_mode_chain_amplitude,stellarator-linear-scan:stella-geometry
0.1,175,0.18359375,1.2605586909839492,1.0127267334595584,-0.1238540171183172,-0.03633446383777644,unit_mode_chain_amplitude,stellarator-linear-scan:stella-geometry
0.1,176,0.1875,1.6114447934573397,0.9557589574278299,-0.1238540171183172,-0.03633446383777644,unit_mode_chain_amplitude,stellarator-linear-scan:stella-geometry
0.1,177,0.19140625,1.3941070364039208,0.8600255277295665,-0.1238540171183172,-0.03633446383777644,unit_mode_chain_amplitude,stellarator-linear-scan:stella-geometry
0.1,178,0.1953125,0.8707495158576734,0.7632784270570603,-0.1238540171183172,-0.03633446383777644,unit_mode_chain_amplitude,stellarator-linear-scan:stella-geometry
0.1,179,0.19921875,0.318958662573915,0.16126518256905148,-0.1238540171183172,-0.03633446383777644,unit_mode_chain_amplitude,stellarator-linear-scan:stella-geometry
0.1,180,0.203125,0.1024461148771166,-0.05120149456910202,-0.1238540171183172,-0.03633446383777644,unit_mode_chain_amplitude,stellarator-linear-scan:stella-geometry
0.1,181,0.20703125,0.14491482078648407,-0.05181171408988221,-0.1238540171183172,-0.03633446383777644,unit_mode_chain_amplitude,stellarator-linear-scan:stella-geometry
0.1,182,0.2109375,0.5657480268073878,-0.3965149023984029,-0.1238540171183172,-0.03633446383777644,unit_mode_chain_amplitude,stellarator-linear-scan:stella-geometry
0.1,183,0.21484375,0.8541749160421107,-0.7239061641994688,-0.1238540171183172,-0.03633446383777644,unit_mode_chain_amplitude,stellarator-linear-scan:stella-geometry
0.1,184,0.21875,0.9790043910867453,-0.6062084034549481,-0.1238540171183172,-0.03633446383777644,unit_mode_chain_amplitude,stellarator-linear-scan:stella-geometry
0.1,185,0.22265625,0.8982185791081011,-0.459371596141685,-0.1238540171183172,-0.03633446383777644,unit_mode_chain_amplitude,stellarator-linear-scan:stella-geometry
0.1,186,0.2265625,1.004807982366853,-0.36359916867365916,-0.1238540171183172,-0.03633446383777644,unit_mode_chain_amplitude,stellarator-linear-scan:stella-geometry
0.1,187,0.23046875,0.9249033829155914,-0.07410924473622567,-0.1238540171183172,-0.03633446383777644,unit_mode_chain_amplitude,stellarator-linear-scan:stella-geometry
0.1,188,0.234375,1.025554056619565,0.35660883188099374,-0.1238540171183172,-0.03633446383777644,unit_mode_chain_amplitude,stellarator-linear-scan:stella-geometry
0.1,189,0.23828125,0.732480946652463,0.5196503631336373,-0.1238540171183172,-0.03633446383777644,unit_mode_chain_amplitude,stellarator-linear-scan:stella-geometry
0.1,190,0.2421875,0.2703496179598987,0.6563040872916007,-0.1238540171183172,-0.03633446383777644,unit_mode_chain_amplitude,stellarator-linear-scan:stella-geometry
0.1,191,0.24609375,-0.09605710856638634,0.5345663899377897,-0.1238540171183172,-0.03633446383777644,unit_mode_chain_amplitude,stellarator-linear-scan:stella-geometry
0.1,192,0.25,-0.18624126490256773,0.13167502165681116,-0.1238540171183172,-0.03633446383777644,unit_mode_chain_amplitude,stellarator-linear-scan:stella-geometry
0.1,193,0.25390625,-0.6342043332413072,-0.12325448600902975,-0.1238540171183172,-0.03633446383777644,unit_mode_chain_amplitude,stellarator-linear-scan:stella-geometry
0.1,194,0.2578125,-0.9405054549854683,0.22994130183432476,-0.1238540171183172,-0.03633446383777644,unit_mode_chain_amplitude,stellarator-linear-scan:stella-geometry
0.1,195,0.26171875,-1.0460365388119983,0.32949636028357004,-0.1238540171183172,-0.03633446383777644,unit_mode_chain_amplitude,stellarator-linear-scan:stella-geometry
0.1,196,0.265625,-1.2002621657205608,0.11679947638664419,-0.1238540171183172,-0.03633446383777644,unit_mode_chain_amplitude,stellarator-linear-scan:stella-geometry
0.1,197,0.26953125,-1.5418662006255193,-0.19356635025061825,-0.1238540171183172,-0.03633446383777644,unit_mode_chain_amplitude,stellarator-linear-scan:stella-geometry
0.1,198,0.2734375,-1.4090841139291623,-0.292599324316227,-0.1238540171183172,-0.03633446383777644,unit_mode_chain_amplitude,stellarator-linear-scan:stella-geometry
0.1,199,0.27734375,-1.3050860747587718,0.005567902835347493,-0.1238540171183172,-0.03633446383777644,unit_mode_chain_amplitude,stellarator-linear-scan:stella-geometry
0.1,200,0.28125,-1.1871819161532204,0.4355547614346864,-0.1238540171183172,-0.03633446383777644,unit_mode_chain_amplitude,stellarator-linear-scan:stella-geometry
0.1,201,0.28515625,-0.7313212886101396,0.23972186632849143,-0.1238540171183172,-0.03633446383777644,unit_mode_chain_amplitude,stellarator-linear-scan:stella-geometry
0.1,202,0.2890625,-0.17010424900168708,-0.30344755492797876,-0.1238540171183172,-0.03633446383777644,unit_mode_chain_amplitude,stellarator-linear-scan:stella-geometry
0.1,203,0.29296875,-0.22045293597002086,-0.523968017458446,-0.1238540171183172,-0.03633446383777644,unit_mode_chain_amplitude,stellarator-linear-scan:stella-geometry
0.1,204,0.296875,0.017624788088244202,-0.6409597991413356,-0.1238540171183172,-0.03633446383777644,unit_mode_chain_amplitude,stellarator-linear-scan:stella-geometry
0.1,205,0.30078125,0.1821810410986633,-1.0322208571485667,-0.1238540171183172,-0.03633446383777644,unit_mode_chain_amplitude,stellarator-linear-scan:stella-geometry
0.1,206,0.3046875,-0.02769502585904896,-1.1100556577377259,-0.1238540171183172,-0.03633446383777644,unit_mode_chain_amplitude,stellarator-linear-scan:stella-geometry
0.1,207,0.30859375,-0.48290837979217827,-1.1779305914260172,-0.1238540171183172,-0.03633446383777644,unit_mode_chain_amplitude,stellarator-linear-scan:stella-geometry
0.1,208,0.3125,-0.9120600838155684,-1.193549564016869,-0.1238540171183172,-0.03633446383777644,unit_mode_chain_amplitude,stellarator-linear-scan:stella-geometry
0.1,209,0.31640625,-1.4967520646664438,-0.9068010340958047,-0.1238540171183172,-0.03633446383777644,unit_mode_chain_amplitude,stellarator-linear-scan:stella-geometry
0.1,210,0.3203125,-1.5917725550356332,-0.586503331423855,-0.1238540171183172,-0.03633446383777644,unit_mode_chain_amplitude,stellarator-linear-scan:stella-geometry
0.1,211,0.32421875,-1.7481012713244029,-0.6441850484118119,-0.1238540171183172,-0.03633446383777644,unit_mode_chain_amplitude,stellarator-linear-scan:stella-geometry
0.1,212,0.328125,-1.8463729328119032,-0.4912209713587728,-0.1238540171183172,-0.03633446383777644,unit_mode_chain_amplitude,stellarator-linear-scan:stella-geometry
0.1,213,0.33203125,-1.786420604144631,-0.2938163189262636,-0.1238540171183172,-0.03633446383777644,unit_mode_chain_amplitude,stellarator-linear-scan:stella-geometry
0.1,214,0.3359375,-1.243310056590713,-0.17493756742984412,-0.1238540171183172,-0.03633446383777644,unit_mode_chain_amplitude,stellarator-linear-scan:stella-geometry
0.1,215,0.33984375,-0.8157654326494439,0.12040979005329823,-0.1238540171183172,-0.03633446383777644,unit_mode_chain_amplitude,stellarator-linear-scan:stella-geometry
0.1,216,0.34375,-0.2801059383950914,0.49901469745612076,-0.1238540171183172,-0.03633446383777644,unit_mode_chain_amplitude,stellarator-linear-scan:stella-geometry
0.1,217,0.34765625,-0.07994363732016484,0.3410440926376635,-0.1238540171183172,-0.03633446383777644,unit_mode_chain_amplitude,stellarator-linear-scan:stella-geometry
0.1,218,0.3515625,-0.008507028578409355,0.37101281914886897,-0.1238540171183172,-0.03633446383777644,unit_mode_chain_amplitude,stellarator-linear-scan:stella-geometry
0.1,219,0.35546875,-0.2986540549847905,0.585239172630142,-0.1238540171183172,-0.03633446383777644,unit_mode_chain_amplitude,stellarator-linear-scan:stella-geometry
0.1,220,0.359375,-0.26897294258280274,0.6637313177940481,-0.1238540171183172,-0.03633446383777644,unit_mode_chain_amplitude,stellarator-linear-scan:stella-geometry
0.1,221,0.36328125,-0.1591177369749045,0.5682078465242719,-0.1238540171183172,-0.03633446383777644,unit_mode_chain_amplitude,stellarator-linear-scan:stella-geometry
0.1,222,0.3671875,-0.2794414600341735,0.5123411582290014,-0.1238540171183172,-0.03633446383777644,unit_mode_chain_amplitude,stellarator-linear-scan:stella-geometry
0.1,223,0.37109375,-0.5846066046979965,0.15885956970030315,-0.1238540171183172,-0.03633446383777644,unit_mode_chain_amplitude,stellarator-linear-scan:stella-geometry
0.1,224,0.375,-0.5844569395334217,-0.31231433814852866,-0.1238540171183172,-0.03633446383777644,unit_mode_chain_amplitude,stellarator-linear-scan:stella-geometry
0.1,225,0.37890625,-0.5740210659135385,-0.40201721796139084,-0.1238540171183172,-0.03633446383777644,unit_mode_chain_amplitude,stellarator-linear-scan:stella-geometry
0.1,226,0.3828125,-0.02453976069812958,-0.4133885191547,-0.1238540171183172,-0.03633446383777644,unit_mode_chain_amplitude,stellarator-linear-scan:stella-geometry
0.1,227,0.38671875,0.3598336079542029,-0.5267083938218429,-0.1238540171183172,-0.03633446383777644,unit_mode_chain_amplitude,stellarator-linear-scan:stella-geometry
0.1,228,0.390625,0.6411378331815957,-0.3599733408602017,-0.1238540171183172,-0.03633446383777644,unit_mode_chain_amplitude,stellarator-linear-scan:stella-geometry
0.1,229,0.39453125,0.7692309065034157,-0.05080323725518755,-0.1238540171183172,-0.03633446383777644,unit_mode_chain_amplitude,stellarator-linear-scan:stella-geometry
0.1,230,0.3984375,0.9993086493211436,-0.008914341462671775,-0.1238540171183172,-0.03633446383777644,unit_mode_chain_amplitude,stellarator-linear-scan:stella-geometry
0.1,231,0.40234375,1.0245002732524886,-0.007691065343909819,-0.1238540171183172,-0.03633446383777644,unit_mode_chain_amplitude,stellarator-linear-scan:stella-geometry
0.1,232,0.40625,1.2342347493667156,0.3804149802839481,-0.1238540171183172,-0.03633446383777644,unit_mode_chain_amplitude,stellarator-linear-scan:stella-geometry
0.1,233,0.41015625,1.4402948910206534,0.710781786689051,-0.1238540171183172,-0.03633446383777644,unit_mode_chain_amplitude,stellarator-linear-scan:stella-geometry
0.1,234,0.4140625,1.399742176581673,0.8309780701775666,-0.1238540171183172,-0.03633446383777644,unit_mode_chain_amplitude,stellarator-linear-scan:stella-geometry
0.1,235,0.41796875,1.0787578745015307,0.7490473987350641,-0.1238540171183172,-0.03633446383777644,unit_mode_chain_amplitude,stellarator-linear-scan:stella-geometry
0.1,236,0.421875,1.0737369711321432,0.3265467282467235,-0.1238540171183172,-0.03633446383777644,unit_mode_chain_amplitude,stellarator-linear-scan:stella-geometry
0.1,237,0.42578125,0.8531080299800541,0.08377655997893706,-0.1238540171183172,-0.03633446383777644,unit_mode_chain_amplitude,stellarator-linear-scan:stella-geometry
0.1,238,0.4296875,0.021864614785315987,0.3443605905913607,-0.1238540171183172,-0.03633446383777644,unit_mode_chain_amplitude,stellarator-linear-scan:stella-geometry
0.1,239,0.43359375,-0.333560490854617,0.6852189393975465,-0.1238540171183172,-0.03633446383777644,unit_mode_chain_amplitude,stellarator-linear-scan:stella-geometry
0.1,240,0.4375,-0.12614993456979687,0.6049875132809909,-0.1238540171183172,-0.03633446383777644,unit_mode_chain_amplitude,stellarator-linear-scan:stella-geometry
0.1,241,0.44140625,-0.35672039285656,0.7228893339508389,-0.1238540171183172,-0.03633446383777644,unit_mode_chain_amplitude,stellarator-linear-scan:stella-geometry
0.1,242,0.4453125,-0.5394184717014816,0.6101633576510888,-0.1238540171183172,-0.03633446383777644,unit_mode_chain_amplitude,stellarator-linear-scan:stella-geometry
0.1,243,0.44921875,-0.486228946027791,0.5289056688252437,-0.1238540171183172,-0.03633446383777644,unit_mode_chain_amplitude,stellarator-linear-scan:stella-geometry
0.1,244,0.453125,0.06611181244637901,0.47312730338932446,-0.1238540171183172,-0.03633446383777644,unit_mode_chain_amplitude,stellarator-linear-scan:stella-geometry
0.1,245,0.45703125,0.3512416815359956,0.8249303758058769,-0.1238540171183172,-0.03633446383777644,unit_mode_chain_amplitude,stellarator-linear-scan:stella-geometry
0.1,246,0.4609375,0.4821277495237333,0.4840210767361862,-0.1238540171183172,-0.03633446383777644,unit_mode_chain_amplitude,stellarator-linear-scan:stella-geometry
0.1,247,0.46484375,0.6996049676689781,-0.2512770122066643,-0.1238540171183172,-0.03633446383777644,unit_mode_chain_amplitude,stellarator-linear-scan:stella-geometry
0.1,248,0.46875,0.7231137021496369,-0.4875555105937072,-0.1238540171183172,-0.03633446383777644,unit_mode_chain_amplitude,stellarator-linear-scan:stella-geometry
0.1,249,0.47265625,0.7008942409905169,-0.9807143200088879,-0.1238540171183172,-0.03633446383777644,unit_mode_chain_amplitude,stellarator-linear-scan:stella-geometry
0.1,250,0.4765625,0.8749041310366008,-1.087331238916094,-0.1238540171183172,-0.03633446383777644,unit_mode_chain_amplitude,stellarator-linear-scan:stella-geometry
0.1,251,0.48046875,0.7890645655834363,-1.2446156937727761,-0.1238540171183172,-0.03633446383777644,unit_mode_chain_amplitude,stellarator-linear-scan:stella-geometry
0.1,252,0.484375,0.5760088579098116,-1.5128020001964444,-0.1238540171183172,-0.03633446383777644,unit_mode_chain_amplitude,stellarator-linear-scan:stella-geometry
0.1,253,0.48828125,0.2982066482706174,-1.7434713811488256,-0.1238540171183172,-0.03633446383777644,unit_mode_chain_amplitude,stellarator-linear-scan:stella-geometry
0.1,254,0.4921875,0.25087993037428824,-1.5795194822351584,-0.1238540171183172,-0.03633446383777644,unit_mode_chain_amplitude,stellarator-linear-scan:stella-geometry
0.1,255,0.49609375,0.24318934788180352,-1.4256517606736117,-0.1238540171183172,-0.03633446383777644,unit_mode_chain_amplitude,stellarator-linear-scan:stella-geometry
0.2,0,-0.5,0.2637547374030782,-0.5749606529668336,-0.0973583421928994,-0.05897574957718745,unit_mode_chain_amplitude,stellarator-linear-scan:stella-geometry
0.2,1,-0.49609375,0.27411369079032083,-0.34237527090411213,-0.0973583421928994,-0.05897574957718745,unit_mode_chain_amplitude,stellarator-linear-scan:stella-geometry
0.2,2,-0.4921875,0.5190430132978573,-0.0004348276120296577,-0.0973583421928994,-0.05897574957718745,unit_mode_chain_amplitude,stellarator-linear-scan:stella-geometry
0.2,3,-0.48828125,0.532448716785834,0.28422541201735163,-0.0973583421928994,-0.05897574957718745,unit_mode_chain_amplitude,stellarator-linear-scan:stella-geometry
0.2,4,-0.484375,0.5890468037038822,0.6502173457812728,-0.0973583421928994,-0.05897574957718745,unit_mode_chain_amplitude,stellarator-linear-scan:stella-geometry
0.2,5,-0.48046875,0.5345555114302389,0.6955488152616096,-0.0973583421928994,-0.05897574957718745,unit_mode_chain_amplitude,stellarator-linear-scan:stella-geometry
0.2,6,-0.4765625,0.21099378144976888,0.7436400073497929,-0.0973583421928994,-0.05897574957718745,unit_mode_chain_amplitude,stellarator-linear-scan:stella-geometry
0.2,7,-0.47265625,-0.2325874994171603,1.0272958405630135,-0.0973583421928994,-0.05897574957718745,unit_mode_chain_amplitude,stellarator-linear-scan:stella-geometry
0.2,8,-0.46875,-0.29138861311271924,1.0475599743769546,-0.0973583421928994,-0.05897574957718745,unit_mode_chain_amplitude,stellarator-linear-scan:stella-geometry
0.2,9,-0.46484375,-0.36872555749502917,1.1650665548226087,-0.0973583421928994,-0.05897574957718745,unit_mode_chain_amplitude,stellarator-linear-scan:stella-geometry
0.2,10,-0.4609375,-0.3245793822175568,0.6702153499265404,-0.0973583421928994,-0.05897574957718745,unit_mode_chain_amplitude,stellarator-linear-scan:stella-geometry
0.2,11,-0.45703125,-0.2467909056670866,-0.06935937665224948,-0.0973583421928994,-0.05897574957718745,unit_mode_chain_amplitude,stellarator-linear-scan:stella-geometry
0.2,12,-0.453125,0.10697071022917166,0.22561670796361233,-0.0973583421928994,-0.05897574957718745,unit_mode_chain_amplitude,stellarator-linear-scan:stella-geometry
0.2,13,-0.44921875,0.33081248309025796,0.17398147675473583,-0.0973583421928994,-0.05897574957718745,unit_mode_chain_amplitude,stellarator-linear-scan:stella-geometry
0.2,14,-0.4453125,0.6617156741528912,0.29422979082692885,-0.0973583421928994,-0.05897574957718745,unit_mode_chain_amplitude,stellarator-linear-scan:stella-geometry
0.2,15,-0.44140625,0.8414338049837681,0.054445195861759964,-0.0973583421928994,-0.05897574957718745,unit_mode_chain_amplitude,stellarator-linear-scan:stella-geometry
0.2,16,-0.4375,1.0666201826090445,-0.13059079901311177,-0.0973583421928994,-0.05897574957718745,unit_mode_chain_amplitude,stellarator-linear-scan:stella-geometry
0.2,17,-0.43359375,0.974502229381265,-0.4118609041820508,-0.0973583421928994,-0.05897574957718745,unit_mode_chain_amplitude,stellarator-linear-scan:stella-geometry
0.2,18,-0.4296875,0.7302678329173491,-0.32240333952619193,-0.0973583421928994,-0.05897574957718745,unit_mode_chain_amplitude,stellarator-linear-scan:stella-geometry
0.2,19,-0.42578125,0.33990899127700197,-0.28494514915664937,-0.0973583421928994,-0.05897574957718745,unit_mode_chain_amplitude,stellarator-linear-scan:stella-geometry
0.2,20,-0.421875,0.22256098624191453,-0.1558694909873928,-0.0973583421928994,-0.05897574957718745,unit_mode_chain_amplitude,stellarator-linear-scan:stella-geometry
0.2,21,-0.41796875,-0.11341777401511806,-0.361090300812091,-0.0973583421928994,-0.05897574957718745,unit_mode_chain_amplitude,stellarator-linear-scan:stella-geometry
0.2,22,-0.4140625,-0.48605088414479436,-0.6173322746627975,-0.0973583421928994,-0.05897574957718745,unit_mode_chain_amplitude,stellarator-linear-scan:stella-geometry
0.2,23,-0.41015625,-0.6062984707292718,-1.1738879049744027,-0.0973583421928994,-0.05897574957718745,unit_mode_chain_amplitude,stellarator-linear-scan:stella-geometry
0.2,24,-0.40625,-0.35162059586404737,-1.0585486485738538,-0.0973583421928994,-0.05897574957718745,unit_mode_chain_amplitude,stellarator-linear-scan:stella-geometry
0.2,25,-0.40234375,-0.45561657503580605,-0.5614013656228273,-0.0973583421928994,-0.05897574957718745,unit_mode_chain_amplitude,stellarator-linear-scan:stella-geometry
0.2,26,-0.3984375,-0.5575994194266357,-0.38133723195831337,-0.0973583421928994,-0.05897574957718745,unit_mode_chain_amplitude,stellarator-linear-scan:stella-geometry
0.2,27,-0.39453125,-0.7226804001716242,-0.7669468396578835,-0.0973583421928994,-0.05897574957718745,unit_mode_chain_amplitude,stellarator-linear-scan:stella-geometry
0.2,28,-0.390625,-0.7062539829865755,-0.8436242761438872,-0.0973583421928994,-0.05897574957718745,unit_mode_chain_amplitude,stellarator-linear-scan:stella-geometry
0.2,29,-0.38671875,-0.5397198375317278,-0.8116733437910517,-0.0973583421928994,-0.05897574957718745,unit_mode_chain_amplitude,stellarator-linear-scan:stella-geometry
0.2,30,-0.3828125,-0.17889814606294224,-0.6952706570697738,-0.0973583421928994,-0.05897574957718745,unit_mode_chain_amplitude,stellarator-linear-scan:stella-geometry
0.2,31,-0.37890625,-0.0761925241767713,-0.45563354113842397,-0.0973583421928994,-0.05897574957718745,unit_mode_chain_amplitude,stellarator-linear-scan:stella-geometry
0.2,32,-0.375,-0.28656583822416193,0.03394711593182749,-0.0973583421928994,-0.05897574957718745,unit_mode_chain_amplitude,stellarator-linear-scan:stella-geometry
0.2,33,-0.37109375,-0.29025752895791124,-0.03899008851328494,-0.0973583421928994,-0.05897574957718745,unit_mode_chain_amplitude,stellarator-linear-scan:stella-geometry
0.2,34,-0.3671875,-0.17481338493283893,-0.21021153970834774,-0.0973583421928994,-0.05897574957718745,unit_mode_chain_amplitude,stellarator-linear-scan:stella-geometry
0.2,35,-0.36328125,-0.24712889919851236,-0.32803132799043516,-0.0973583421928994,-0.05897574957718745,unit_mode_chain_amplitude,stellarator-linear-scan:stella-geometry
0.2,36,-0.359375,-0.043272192977807614,-0.10836881643520116,-0.0973583421928994,-0.05897574957718745,unit_mode_chain_amplitude,stellarator-linear-scan:stella-geometry
0.2,37,-0.35546875,-0.026183613015665404,-0.17561133898086836,-0.0973583421928994,-0.05897574957718745,unit_mode_chain_amplitude,stellarator-linear-scan:stella-geometry
0.2,38,-0.3515625,-0.14594845999788533,-0.30707421930998596,-0.0973583421928994,-0.05897574957718745,unit_mode_chain_amplitude,stellarator-linear-scan:stella-geometry
0.2,39,-0.34765625,-0.07051347376044638,-0.4818612505858093,-0.0973583421928994,-0.05897574957718745,unit_mode_chain_amplitude,stellarator-linear-scan:stella-geometry
0.2,40,-0.34375,0.13132946953570562,-0.8040250111299257,-0.0973583421928994,-0.05897574957718745,unit_mode_chain_amplitude,stellarator-linear-scan:stella-geometry
0.2,41,-0.33984375,-0.04677183077504965,-1.2232878287908449,-0.0973583421928994,-0.05897574957718745,unit_mode_chain_amplitude,stellarator-linear-scan:stella-geometry
0.2,42,-0.3359375,-0.2929700582789967,-1.0172498816066304,-0.0973583421928994,-0.05897574957718745,unit_mode_chain_amplitude,stellarator-linear-scan:stella-geometry
0.2,43,-0.33203125,-0.2555943041149244,-0.49906726771181553,-0.0973583421928994,-0.05897574957718745,unit_mode_chain_amplitude,stellarator-linear-scan:stella-geometry
0.2,44,-0.328125,-0.012854603730946303,0.0893463283279513,-0.0973583421928994,-0.05897574957718745,unit_mode_chain_amplitude,stellarator-linear-scan:stella-geometry
0.2,45,-0.32421875,0.34259392577106523,0.41663965319461416,-0.0973583421928994,-0.05897574957718745,unit_mode_chain_amplitude,stellarator-linear-scan:stella-geometry
0.2,46,-0.3203125,0.7913727378480103,0.5592025231347343,-0.0973583421928994,-0.05897574957718745,unit_mode_chain_amplitude,stellarator-linear-scan:stella-geometry
0.2,47,-0.31640625,0.9541683300509876,0.7000974413607453,-0.0973583421928994,-0.05897574957718745,unit_mode_chain_amplitude,stellarator-linear-scan:stella-geometry
0.2,48,-0.3125,0.8414894685261923,0.9080114138690447,-0.0973583421928994,-0.05897574957718745,unit_mode_chain_amplitude,stellarator-linear-scan:stella-geometry
0.2,49,-0.30859375,0.707672060259049,0.9183915996433227,-0.0973583421928994,-0.05897574957718745,unit_mode_chain_amplitude,stellarator-linear-scan:stella-geometry
0.2,50,-0.3046875,0.6010288588587089,0.8517316073938596,-0.0973583421928994,-0.05897574957718745,unit_mode_chain_amplitude,stellarator-linear-scan:stella-geometry
0.2,51,-0.30078125,0.20335034934937238,0.5602432876556874,-0.0973583421928994,-0.05897574957718745,unit_mode_chain_amplitude,stellarator-linear-scan:stella-geometry
0.2,52,-0.296875,-0.04167543659095465,0.4503642493595163,-0.0973583421928994,-0.05897574957718745,unit_mode_chain_amplitude,stellarator-linear-scan:stella-geometry
0.2,53,-0.29296875,-0.22717723539448992,0.4537903340353419,-0.0973583421928994,-0.05897574957718745,unit_mode_chain_amplitude,stellarator-linear-scan:stella-geometry
0.2,54,-0.2890625,-0.07446714295780034,0.41450821929005355,-0.0973583421928994,-0.05897574957718745,unit_mode_chain_amplitude,stellarator-linear-scan:stella-geometry
0.2,55,-0.28515625,0.33476788199644025,0.22677107321012047,-0.0973583421928994,-0.05897574957718745,unit_mode_chain_amplitude,stellarator-linear-scan:stella-geometry
0.2,56,-0.28125,0.7465955585251247,0.4363791556611129,-0.0973583421928994,-0.05897574957718745,unit_mode_chain_amplitude,stellarator-linear-scan:stella-geometry
0.2,57,-0.27734375,0.6788719902076529,0.6491126445979564,-0.0973583421928994,-0.05897574957718745,unit_mode_chain_amplitude,stellarator-linear-scan:stella-geometry
0.2,58,-0.2734375,0.9978514553549686,1.0255651837792987,-0.0973583421928994,-0.05897574957718745,unit_mode_chain_amplitude,stellarator-linear-scan:stella-geometry
0.2,59,-0.26953125,1.3815091235159949,1.2343226982388513,-0.0973583421928994,-0.05897574957718745,unit_mode_chain_amplitude,stellarator-linear-scan:stella-geometry
0.2,60,-0.265625,1.5644151135591045,1.1829741779903138,-0.0973583421928994,-0.05897574957718745,unit_mode_chain_amplitude,stellarator-linear-scan:stella-geometry
0.2,61,-0.26171875,1.3487535824625652,0.5999044709720389,-0.0973583421928994,-0.05897574957718745,unit_mode_chain_amplitude,stellarator-linear-scan:stella-geometry
0.2,62,-0.2578125,1.0902189908116828,0.22647924067104427,-0.0973583421928994,-0.05897574957718745,unit_mode_chain_amplitude,stellarator-linear-scan:stella-geometry
0.2,63,-0.25390625,0.8114058590924466,0.24235339492170838,-0.0973583421928994,-0.05897574957718745,unit_mode_chain_amplitude,stellarator-linear-scan:stella-geometry
0.2,64,-0.25,0.7928655300873824,0.3438282870433065,-0.0973583421928994,-0.05897574957718745,unit_mode_chain_amplitude,stellarator-linear-scan:stella-geometry
0.2,65,-0.24609375,0.7361962129856077,0.2495888128302888,-0.0973583421928994,-0.05897574957718745,unit_mode_chain_amplitude,stellarator-linear-scan:stella-geometry
0.2,66,-0.2421875,0.4729842232838264,0.16074662654079,-0.0973583421928994,-0.05897574957718745,unit_mode_chain_amplitude,stellarator-linear-scan:stella-geometry
0.2,67,-0.23828125,0.14431486298964766,-0.21059701641335485,-0.0973583421928994,-0.05897574957718745,unit_mode_chain_amplitude,stellarator-linear-scan:stella-geometry
0.2,68,-0.234375,0.19445414819059414,-0.3756588980702467,-0.0973583421928994,-0.05897574957718745,unit_mode_chain_amplitude,stellarator-linear-scan:stella-geometry
0.2,69,-0.23046875,0.20062768042375048,-0.18390213934858857,-0.0973583421928994,-0.05897574957718745,unit_mode_chain_amplitude,stellarator-linear-scan:stella-geometry
0.2,70,-0.2265625,0.046052562010006806,0.09068975250209416,-0.0973583421928994,-0.05897574957718745,unit_mode_chain_amplitude,stellarator-linear-scan:stella-geometry
0.2,71,-0.22265625,-0.09508934902318164,0.07017256417414608,-0.0973583421928994,-0.05897574957718745,unit_mode_chain_amplitude,stellarator-linear-scan:stella-geometry
0.2,72,-0.21875,-0.38973004228482716,-0.09692138760142352,-0.0973583421928994,-0.05897574957718745,unit_mode_chain_amplitude,stellarator-linear-scan:stella-geometry
0.2,73,-0.21484375,-0.607912930738697,-0.3233516125173904,-0.0973583421928994,-0.05897574957718745,unit_mode_chain_amplitude,stellarator-linear-scan:stella-geometry
0.2,74,-0.2109375,-0.37202874785195156,-0.4312230300370735,-0.0973583421928994,-0.05897574957718745,unit_mode_chain_amplitude,stellarator-linear-scan:stella-geometry
0.2,75,-0.20703125,-0.1757400089344724,-0.5255624048275689,-0.0973583421928994,-0.05897574957718745,unit_mode_chain_amplitude,stellarator-linear-scan:stella-geometry
0.2,76,-0.203125,-0.3336680384092899,-0.1582652979341777,-0.0973583421928994,-0.05897574957718745,unit_mode_chain_amplitude,stellarator-linear-scan:stella-geometry
0.2,77,-0.19921875,-0.47894146735152376,0.18679947455558968,-0.0973583421928994,-0.05897574957718745,unit_mode_chain_amplitude,stellarator-linear-scan:stella-geometry
0.2,78,-0.1953125,-0.3095702327033877,0.1662360710352639,-0.0973583421928994,-0.05897574957718745,unit_mode_chain_amplitude,stellarator-linear-scan:stella-geometry
0.2,79,-0.19140625,-0.4923654191257093,-0.3581625111473225,-0.0973583421928994,-0.05897574957718745,unit_mode_chain_amplitude,stellarator-linear-scan:stella-geometry
0.2,80,-0.1875,-0.6403439914946941,-0.7211200962595867,-0.0973583421928994,-0.05897574957718745,unit_mode_chain_amplitude,stellarator-linear-scan:stella-geometry
0.2,81,-0.18359375,-0.7345776417556629,-0.9932589725311511,-0.0973583421928994,-0.05897574957718745,unit_mode_chain_amplitude,stellarator-linear-scan:stella-geometry
0.2,82,-0.1796875,-1.0416229942811777,-1.0393428401554972,-0.0973583421928994,-0.05897574957718745,unit_mode_chain_amplitude,stellarator-linear-scan:stella-geometry
0.2,83,-0.17578125,-1.3436403516373756,-1.2161796296888079,-0.0973583421928994,-0.05897574957718745,unit_mode_chain_amplitude,stellarator-linear-scan:stella-geometry
0.2,84,-0.171875,-1.240084139561938,-1.441487275647026,-0.0973583421928994,-0.05897574957718745,unit_mode_chain_amplitude,stellarator-linear-scan:stella-geometry
0.2,85,-0.16796875,-1.1209308162171039,-1.6955411895379515,-0.0973583421928994,-0.05897574957718745,unit_mode_chain_amplitude,stellarator-linear-scan:stella-geometry
0.2,86,-0.1640625,-0.9453315908749208,-1.5560200616377817,-0.0973583421928994,-0.05897574957718745,unit_mode_chain_amplitude,stellarator-linear-scan:stella-geometry
0.2,87,-0.16015625,-0.47251322236479226,-1.1475889178783818,-0.0973583421928994,-0.05897574957718745,unit_mode_chain_amplitude,stellarator-linear-scan:stella-geometry
0.2,88,-0.15625,-0.039040955500634085,-0.7214808616122655,-0.0973583421928994,-0.05897574957718745,unit_mode_chain_amplitude,stellarator-linear-scan:stella-geometry
0.2,89,-0.15234375,-0.06200490727991824,-0.5785858436475677,-0.0973583421928994,-0.05897574957718745,unit_mode_chain_amplitude,stellarator-linear-scan:stella-geometry
0.2,90,-0.1484375,-0.10627674313450913,-0.46375862402182655,-0.0973583421928994,-0.05897574957718745,unit_mode_chain_amplitude,stellarator-linear-scan:stella-geometry
0.2,91,-0.14453125,-0.43882552499641014,-0.31719972586792455,-0.0973583421928994,-0.05897574957718745,unit_mode_chain_amplitude,stellarator-linear-scan:stella-geometry
0.2,92,-0.140625,-0.8377007581377218,-0.17866371191635472,-0.0973583421928994,-0.05897574957718745,unit_mode_chain_amplitude,stellarator-linear-scan:stella-geometry
0.2,93,-0.13671875,-1.0380890297104646,-0.472047321798334,-0.0973583421928994,-0.05897574957718745,unit_mode_chain_amplitude,stellarator-linear-scan:stella-geometry
0.2,94,-0.1328125,-1.2042905870510512,-0.7661198029737677,-0.0973583421928994,-0.05897574957718745,unit_mode_chain_amplitude,stellarator-linear-scan:stella-geometry
0.2,95,-0.12890625,-1.7175034167448255,-0.9495901592220802,-0.0973583421928994,-0.05897574957718745,unit_mode_chain_amplitude,stellarator-linear-scan:stella-geometry
0.2,96,-0.125,-1.8122563939804923,-0.7649561291596981,-0.0973583421928994,-0.05897574957718745,unit_mode_chain_amplitude,stellarator-linear-scan:stella-geometry
0.2,97,-0.12109375,-1.7342694202225108,-0.5479179891467794,-0.0973583421928994,-0.05897574957718745,unit_mode_chain_amplitude,stellarator-linear-scan:stella-geometry
0.2,98,-0.1171875,-1.3419172157557504,-0.08543573527455355,-0.0973583421928994,-0.05897574957718745,unit_mode_chain_amplitude,stellarator-linear-scan:stella-geometry
0.2,99,-0.11328125,-0.8146582869446829,-0.019240473927523902,-0.0973583421928994,-0.05897574957718745,unit_mode_chain_amplitude,stellarator-linear-scan:stella-geometry
0.2,100,-0.109375,-0.39096733530316086,0.11165283513248467,-0.0973583421928994,-0.05897574957718745,unit_mode_chain_amplitude,stellarator-linear-scan:stella-geometry
0.2,101,-0.10546875,-0.4349057572484092,0.28442340152163254,-0.0973583421928994,-0.05897574957718745,unit_mode_chain_amplitude,stellarator-linear-scan:stella-geometry
0.2,102,-0.1015625,-0.3230966194671011,0.5871682614313467,-0.0973583421928994,-0.05897574957718745,unit_mode_chain_amplitude,stellarator-linear-scan:stella-geometry
0.2,103,-0.09765625,0.07806066526604964,0.9061056379463306,-0.0973583421928994,-0.05897574957718745,unit_mode_chain_amplitude,stellarator-linear-scan:stella-geometry
0.2,104,-0.09375,0.3160798781130874,1.2857381894257471,-0.0973583421928994,-0.05897574957718745,unit_mode_chain_amplitude,stellarator-linear-scan:stella-geometry
0.2,105,-0.08984375,0.06831752051725064,0.9278653633123126,-0.0973583421928994,-0.05897574957718745,unit_mode_chain_amplitude,stellarator-linear-scan:stella-geometry
0.2,106,-0.0859375,0.17080517932172623,0.3645277568104824,-0.0973583421928994,-0.05897574957718745,unit_mode_chain_amplitude,stellarator-linear-scan:stella-geometry
0.2,107,-0.08203125,0.17184345539015644,-0.06443778745960896,-0.0973583421928994,-0.05897574957718745,unit_mode_chain_amplitude,stellarator-linear-scan:stella-geometry
0.2,108,-0.078125,0.44533891844684287,0.021490004168755412,-0.0973583421928994,-0.05897574957718745,unit_mode_chain_amplitude,stellarator-linear-scan:stella-geometry
0.2,109,-0.07421875,0.7439290870267103,0.06847864433195634,-0.0973583421928994,-0.05897574957718745,unit_mode_chain_amplitude,stellarator-linear-scan:stella-geometry
0.2,110,-0.0703125,0.7572009036983189,0.19212978884580773,-0.0973583421928994,-0.05897574957718745,unit_mode_chain_amplitude,stellarator-linear-scan:stella-geometry
0.2,111,-0.06640625,0.41051111554334674,0.3810971909387363,-0.0973583421928994,-0.05897574957718745,unit_mode_chain_amplitude,stellarator-linear-scan:stella-geometry
0.2,112,-0.0625,0.3363703506374947,0.4961000094913195,-0.0973583421928994,-0.05897574957718745,unit_mode_chain_amplitude,stellarator-linear-scan:stella-geometry
0.2,113,-0.05859375,0.5054596720638322,0.2834257621883938,-0.0973583421928994,-0.05897574957718745,unit_mode_chain_amplitude,stellarator-linear-scan:stella-geometry
0.2,114,-0.0546875,0.6067563326044586,0.4919141274843751,-0.0973583421928994,-0.05897574957718745,unit_mode_chain_amplitude,stellarator-linear-scan:stella-geometry
0.2,115,-0.05078125,0.6585259540555506,0.9610047294322632,-0.0973583421928994,-0.05897574957718745,unit_mode_chain_amplitude,stellarator-linear-scan:stella-geometry
0.2,116,-0.046875,0.7959926496719294,1.3232566338610818,-0.0973583421928994,-0.05897574957718745,unit_mode_chain_amplitude,stellarator-linear-scan:stella-geometry
0.2,117,-0.04296875,0.5141661469529746,1.1905246231639592,-0.0973583421928994,-0.05897574957718745,unit_mode_chain_amplitude,stellarator-linear-scan:stella-geometry
0.2,118,-0.0390625,0.6185878829232074,1.091840605389031,-0.0973583421928994,-0.05897574957718745,unit_mode_chain_amplitude,stellarator-linear-scan:stella-geometry
0.2,119,-0.03515625,1.02215482963922,0.967962342080471,-0.0973583421928994,-0.05897574957718745,unit_mode_chain_amplitude,stellarator-linear-scan:stella-geometry
0.2,120,-0.03125,0.8616317425332638,0.9175114590128445,-0.0973583421928994,-0.05897574957718745,unit_mode_chain_amplitude,stellarator-linear-scan:stella-geometry
0.2,121,-0.02734375,0.3763034945216965,1.0181208006373266,-0.0973583421928994,-0.05897574957718745,unit_mode_chain_amplitude,stellarator-linear-scan:stella-geometry
0.2,122,-0.0234375,0.29457926491577224,1.211627349376682,-0.0973583421928994,-0.05897574957718745,unit_mode_chain_amplitude,stellarator-linear-scan:stella-geometry
0.2,123,-0.01953125,0.06188383031384702,0.8689180082205376,-0.0973583421928994,-0.05897574957718745,unit_mode_chain_amplitude,stellarator-linear-scan:stella-geometry
0.2,124,-0.015625,-0.33870897952794476,0.5277799918822036,-0.0973583421928994,-0.05897574957718745,unit_mode_chain_amplitude,stellarator-linear-scan:stella-geometry
0.2,125,-0.01171875,-0.4451606891141254,0.23529101894775217,-0.0973583421928994,-0.05897574957718745,unit_mode_chain_amplitude,stellarator-linear-scan:stella-geometry
0.2,126,-0.0078125,-0.3443800733889025,0.19927133082175058,-0.0973583421928994,-0.05897574957718745,unit_mode_chain_amplitude,stellarator-linear-scan:stella-geometry
0.2,127,-0.00390625,-0.20238595546053542,0.27276586341930065,-0.0973583421928994,-0.05897574957718745,unit_mode_chain_amplitude,stellarator-linear-scan:stella-geometry
0.2,128,0.0,0.2676843800183684,0.20366481460915184,-0.0973583421928994,-0.05897574957718745,unit_mode_chain_amplitude,stellarator-linear-scan:stella-geometry
0.2,129,0.00390625,0.4884822490441509,0.06699573903057654,-0.0973583421928994,-0.05897574957718745,unit_mode_chain_amplitude,stellarator-linear-scan:stella-geometry
0.2,130,0.0078125,0.6675724888686951,0.25894626464510834,-0.0973583421928994,-0.05897574957718745,unit_mode_chain_amplitude,stellarator-linear-scan:stella-geometry
0.2,131,0.01171875,1.0378920319240146,0.28465118373239395,-0.0973583421928994,-0.05897574957718745,unit_mode_chain_amplitude,stellarator-linear-scan:stella-geometry
0.2,132,0.015625,1.4290111554930158,0.3618710858131899,-0.0973583421928994,-0.05897574957718745,unit_mode_chain_amplitude,stellarator-linear-scan:stella-geometry
0.2,133,0.01953125,1.2748519508354157,0.2084657213657004,-0.0973583421928994,-0.05897574957718745,unit_mode_chain_amplitude,stellarator-linear-scan:stella-geometry
0.2,134,0.0234375,1.0952575977812073,-0.08475124436609945,-0.0973583421928994,-0.05897574957718745,unit_mode_chain_amplitude,stellarator-linear-scan:stella-geometry
0.2,135,0.02734375,0.4980849893310292,-0.5180558311556277,-0.0973583421928994,-0.05897574957718745,unit_mode_chain_amplitude,stellarator-linear-scan:stella-geometry
0.2,136,0.03125,-0.08305740158114357,-0.5851655012959275,-0.0973583421928994,-0.05897574957718745,unit_mode_chain_amplitude,stellarator-linear-scan:stella-geometry
0.2,137,0.03515625,-0.3563325342753222,-0.8438596278456043,-0.0973583421928994,-0.05897574957718745,unit_mode_chain_amplitude,stellarator-linear-scan:stella-geometry
0.2,138,0.0390625,-0.12271535526374848,-1.0502629402827972,-0.0973583421928994,-0.05897574957718745,unit_mode_chain_amplitude,stellarator-linear-scan:stella-geometry
0.2,139,0.04296875,-0.40507153044518085,-1.4457001590722647,-0.0973583421928994,-0.05897574957718745,unit_mode_chain_amplitude,stellarator-linear-scan:stella-geometry
0.2,140,0.046875,-0.8203345552555115,-1.7826145105004212,-0.0973583421928994,-0.05897574957718745,unit_mode_chain_amplitude,stellarator-linear-scan:stella-geometry
0.2,141,0.05078125,-0.6877047959494871,-1.7554866404914884,-0.0973583421928994,-0.05897574957718745,unit_mode_chain_amplitude,stellarator-linear-scan:stella-geometry
0.2,142,0.0546875,-0.3029800908423394,-0.9401351894830862,-0.0973583421928994,-0.05897574957718745,unit_mode_chain_amplitude,stellarator-linear-scan:stella-geometry
0.2,143,0.05859375,-0.1814781110802997,-0.18822964618978738,-0.0973583421928994,-0.05897574957718745,unit_mode_chain_amplitude,stellarator-linear-scan:stella-geometry
0.2,144,0.0625,-0.03106621501890129,0.1112806950872488,-0.0973583421928994,-0.05897574957718745,unit_mode_chain_amplitude,stellarator-linear-scan:stella-geometry
0.2,145,0.06640625,-0.4282062580952646,0.04303151236282382,-0.0973583421928994,-0.05897574957718745,unit_mode_chain_amplitude,stellarator-linear-scan:stella-geometry
0.2,146,0.0703125,-0.7757779486995694,0.095985208948232,-0.0973583421928994,-0.05897574957718745,unit_mode_chain_amplitude,stellarator-linear-scan:stella-geometry
0.2,147,0.07421875,-0.7746179222068111,-0.06381454766959024,-0.0973583421928994,-0.05897574957718745,unit_mode_chain_amplitude,stellarator-linear-scan:stella-geometry
0.2,148,0.078125,-0.5121147772292234,-0.18388075022980094,-0.0973583421928994,-0.05897574957718745,unit_mode_chain_amplitude,stellarator-linear-scan:stella-geometry
0.2,149,0.08203125,-0.5910944014193034,-0.3098596748387533,-0.0973583421928994,-0.05897574957718745,unit_mode_chain_amplitude,stellarator-linear-scan:stella-geometry
0.2,150,0.0859375,-0.7197631845442569,-0.5115180729358845,-0.0973583421928994,-0.05897574957718745,unit_mode_chain_amplitude,stellarator-linear-scan:stella-geometry
0.2,151,0.08984375,-0.7400220325379697,-1.0913433090313704,-0.0973583421928994,-0.05897574957718745,unit_mode_chain_amplitude,stellarator-linear-scan:stella-geometry
0.2,152,0.09375,-0.8207025049141611,-1.4691819707521274,-0.0973583421928994,-0.05897574957718745,unit_mode_chain_amplitude,stellarator-linear-scan:stella-geometry
0.2,153,0.09765625,-0.5977151917932841,-1.361414923538065,-0.0973583421928994,-0.05897574957718745,unit_mode_chain_amplitude,stellarator-linear-scan:stella-geometry
0.2,154,0.1015625,-0.23073726714960796,-1.0432065841544487,-0.0973583421928994,-0.05897574957718745,unit_mode_chain_amplitude,stellarator-linear-scan:stella-geometry
0.2,155,0.10546875,-0.47236637504357293,-0.7864008573620811,-0.0973583421928994,-0.05897574957718745,unit_mode_chain_amplitude,stellarator-linear-scan:stella-geometry
0.2,156,0.109375,-0.6306722785749874,-0.4124164694586709,-0.0973583421928994,-0.05897574957718745,unit_mode_chain_amplitude,stellarator-linear-scan:stella-geometry
0.2,157,0.11328125,-0.022749198142787298,-0.24671370902386883,-0.0973583421928994,-0.05897574957718745,unit_mode_chain_amplitude,stellarator-linear-scan:stella-geometry
0.2,158,0.1171875,0.5283761376339012,-0.3562446220390495,-0.0973583421928994,-0.05897574957718745,unit_mode_chain_amplitude,stellarator-linear-scan:stella-geometry
0.2,159,0.12109375,0.5700882817652979,-0.34781547693410425,-0.0973583421928994,-0.05897574957718745,unit_mode_chain_amplitude,stellarator-linear-scan:stella-geometry
0.2,160,0.125,0.8511059278505924,0.06282168158888018,-0.0973583421928994,-0.05897574957718745,unit_mode_chain_amplitude,stellarator-linear-scan:stella-geometry
0.2,161,0.12890625,1.0179710824980748,0.4372353763637658,-0.0973583421928994,-0.05897574957718745,unit_mode_chain_amplitude,stellarator-linear-scan:stella-geometry
0.2,162,0.1328125,1.0211519007050596,0.52488281742018,-0.0973583421928994,-0.05897574957718745,unit_mode_chain_amplitude,stellarator-linear-scan:stella-geometry
0.2,163,0.13671875,1.0747047359034847,0.15225973570319928,-0.0973583421928994,-0.05897574957718745,unit_mode_chain_amplitude,stellarator-linear-scan:stella-geometry
0.2,164,0.140625,0.8165195648921549,-0.06338859710348292,-0.0973583421928994,-0.05897574957718745,unit_mode_chain_amplitude,stellarator-linear-scan:stella-geometry
0.2,165,0.14453125,0.2924511767720811,0.02656156611732416,-0.0973583421928994,-0.05897574957718745,unit_mode_chain_amplitude,stellarator-linear-scan:stella-geometry
0.2,166,0.1484375,0.08367604233389454,0.24543494204025618,-0.0973583421928994,-0.05897574957718745,unit_mode_chain_amplitude,stellarator-linear-scan:stella-geometry
0.2,167,0.15234375,-0.2433013414019634,0.20167294012453438,-0.0973583421928994,-0.05897574957718745,unit_mode_chain_amplitude,stellarator-linear-scan:stella-geometry
0.2,168,0.15625,-0.7077555427524823,0.2537959918709096,-0.0973583421928994,-0.05897574957718745,unit_mode_chain_amplitude,stellarator-linear-scan:stella-geometry
0.2,169,0.16015625,-0.8645096143188868,0.3168948461022251,-0.0973583421928994,-0.05897574957718745,unit_mode_chain_amplitude,stellarator-linear-scan:stella-geometry
0.2,170,0.1640625,-0.4636901897655142,0.6279658418065127,-0.0973583421928994,-0.05897574957718745,unit_mode_chain_amplitude,stellarator-linear-scan:stella-geometry
0.2,171,0.16796875,-0.03712330032626056,1.012273477195991,-0.0973583421928994,-0.05897574957718745,unit_mode_chain_amplitude,stellarator-linear-scan:stella-geometry
0.2,172,0.171875,0.6888878217187469,1.2883655778030378,-0.0973583421928994,-0.05897574957718745,unit_mode_chain_amplitude,stellarator-linear-scan:stella-geometry
0.2,173,0.17578125,1.1045898371863676,1.2228646271109347,-0.0973583421928994,-0.05897574957718745,unit_mode_chain_amplitude,stellarator-linear-scan:stella-geometry
0.2,174,0.1796875,1.1220402645011924,1.3588712006487504,-0.0973583421928994,-0.05897574957718745,unit_mode_chain_amplitude,stellarator-linear-scan:stella-geometry
0.2,175,0.18359375,1.1705639512479227,1.6189619371189659,-0.0973583421928994,-0.05897574957718745,unit_mode_chain_amplitude,stellarator-linear-scan:stella-geometry
0.2,176,0.1875,1.6139319839312316,1.9106864913548542,-0.0973583421928994,-0.05897574957718745,unit_mode_chain_amplitude,stellarator-linear-scan:stella-geometry
0.2,177,0.19140625,1.4517599362536358,1.8857881977446855,-0.0973583421928994,-0.05897574957718745,unit_mode_chain_amplitude,stellarator-linear-scan:stella-geometry
0.2,178,0.1953125,0.9239742576034448,1.4772735387984042,-0.0973583421928994,-0.05897574957718745,unit_mode_chain_amplitude,stellarator-linear-scan:stella-geometry
0.2,179,0.19921875,0.5035203047119752,0.5064042883796999,-0.0973583421928994,-0.05897574957718745,unit_mode_chain_amplitude,stellarator-linear-scan:stella-geometry
0.2,180,0.203125,0.18556683327311974,0.11740829668089858,-0.0973583421928994,-0.05897574957718745,unit_mode_chain_amplitude,stellarator-linear-scan:stella-geometry
0.2,181,0.20703125,0.13430846808953562,0.13571994080486807,-0.0973583421928994,-0.05897574957718745,unit_mode_chain_amplitude,stellarator-linear-scan:stella-geometry
0.2,182,0.2109375,0.5722866536719817,0.060937545305352725,-0.0973583421928994,-0.05897574957718745,unit_mode_chain_amplitude,stellarator-linear-scan:stella-geometry
0.2,183,0.21484375,0.8264903113147857,-0.06943700552121368,-0.0973583421928994,-0.05897574957718745,unit_mode_chain_amplitude,stellarator-linear-scan:stella-geometry
0.2,184,0.21875,0.7290005967335074,-0.03156185440102619,-0.0973583421928994,-0.05897574957718745,unit_mode_chain_amplitude,stellarator-linear-scan:stella-geometry
0.2,185,0.22265625,0.5167397646315515,-0.053795480271716836,-0.0973583421928994,-0.05897574957718745,unit_mode_chain_amplitude,stellarator-linear-scan:stella-geometry
0.2,186,0.2265625,0.6882220106871944,0.11604046194185387,-0.0973583421928994,-0.05897574957718745,unit_mode_chain_amplitude,stellarator-linear-scan:stella-geometry
0.2,187,0.23046875,0.555501533626037,0.5136445903606717,-0.0973583421928994,-0.05897574957718745,unit_mode_chain_amplitude,stellarator-linear-scan:stella-geometry
0.2,188,0.234375,0.57913803537373,1.0936673795442273,-0.0973583421928994,-0.05897574957718745,unit_mode_chain_amplitude,stellarator-linear-scan:stella-geometry
0.2,189,0.23828125,0.4044115386233077,0.9843023104126749,-0.0973583421928994,-0.05897574957718745,unit_mode_chain_amplitude,stellarator-linear-scan:stella-geometry
0.2,190,0.2421875,0.058415076089972304,0.7189115071240653,-0.0973583421928994,-0.05897574957718745,unit_mode_chain_amplitude,stellarator-linear-scan:stella-geometry
0.2,191,0.24609375,-0.1389444223640745,0.4885115721059362,-0.0973583421928994,-0.05897574957718745,unit_mode_chain_amplitude,stellarator-linear-scan:stella-geometry
0.2,192,0.25,0.033615456925059024,0.22978773186589796,-0.0973583421928994,-0.05897574957718745,unit_mode_chain_amplitude,stellarator-linear-scan:stella-geometry
0.2,193,0.25390625,-0.252914406971795,-0.1836908471096864,-0.0973583421928994,-0.05897574957718745,unit_mode_chain_amplitude,stellarator-linear-scan:stella-geometry
0.2,194,0.2578125,-0.7706319627340802,-0.1659315474443738,-0.0973583421928994,-0.05897574957718745,unit_mode_chain_amplitude,stellarator-linear-scan:stella-geometry
0.2,195,0.26171875,-1.0984933244666795,-0.25950531871946436,-0.0973583421928994,-0.05897574957718745,unit_mode_chain_amplitude,stellarator-linear-scan:stella-geometry
0.2,196,0.265625,-1.2089993531257452,-0.5903982015995146,-0.0973583421928994,-0.05897574957718745,unit_mode_chain_amplitude,stellarator-linear-scan:stella-geometry
0.2,197,0.26953125,-1.3096072597748547,-1.0315876078497517,-0.0973583421928994,-0.05897574957718745,unit_mode_chain_amplitude,stellarator-linear-scan:stella-geometry
0.2,198,0.2734375,-1.1958791559890887,-1.0822842890051807,-0.0973583421928994,-0.05897574957718745,unit_mode_chain_amplitude,stellarator-linear-scan:stella-geometry
0.2,199,0.27734375,-1.365359746279257,-0.8198586260552452,-0.0973583421928994,-0.05897574957718745,unit_mode_chain_amplitude,stellarator-linear-scan:stella-geometry
0.2,200,0.28125,-1.6213752785412407,-0.3058425107242541,-0.0973583421928994,-0.05897574957718745,unit_mode_chain_amplitude,stellarator-linear-scan:stella-geometry
0.2,201,0.28515625,-1.2092802722091074,-0.09185021820381133,-0.0973583421928994,-0.05897574957718745,unit_mode_chain_amplitude,stellarator-linear-scan:stella-geometry
0.2,202,0.2890625,-0.43892494794422554,-0.2381540863507663,-0.0973583421928994,-0.05897574957718745,unit_mode_chain_amplitude,stellarator-linear-scan:stella-geometry
0.2,203,0.29296875,-0.3034100402174548,-0.46973943554798503,-0.0973583421928994,-0.05897574957718745,unit_mode_chain_amplitude,stellarator-linear-scan:stella-geometry
0.2,204,0.296875,-0.033168922349194545,-0.3817714592455821,-0.0973583421928994,-0.05897574957718745,unit_mode_chain_amplitude,stellarator-linear-scan:stella-geometry
0.2,205,0.30078125,0.22331570751355082,-0.4933709531564387,-0.0973583421928994,-0.05897574957718745,unit_mode_chain_amplitude,stellarator-linear-scan:stella-geometry
0.2,206,0.3046875,0.07261059979094041,-0.6100236133371808,-0.0973583421928994,-0.05897574957718745,unit_mode_chain_amplitude,stellarator-linear-scan:stella-geometry
0.2,207,0.30859375,-0.3043488144732547,-0.8524864238936211,-0.0973583421928994,-0.05897574957718745,unit_mode_chain_amplitude,stellarator-linear-scan:stella-geometry
0.2,208,0.3125,-0.7497726669934673,-1.0189761853288046,-0.0973583421928994,-0.05897574957718745,unit_mode_chain_amplitude,stellarator-linear-scan:stella-geometry
0.2,209,0.31640625,-1.3428315681523666,-1.0326295823684986,-0.0973583421928994,-0.05897574957718745,unit_mode_chain_amplitude,stellarator-linear-scan:stella-geometry
0.2,210,0.3203125,-1.4277044730357773,-0.8920910971630907,-0.0973583421928994,-0.05897574957718745,unit_mode_chain_amplitude,stellarator-linear-scan:stella-geometry
0.2,211,0.32421875,-1.5445786245993107,-1.0969295791573557,-0.0973583421928994,-0.05897574957718745,unit_mode_chain_amplitude,stellarator-linear-scan:stella-geometry
0.2,212,0.328125,-1.6256158069610855,-1.2479924962754267,-0.0973583421928994,-0.05897574957718745,unit_mode_chain_amplitude,stellarator-linear-scan:stella-geometry
0.2,213,0.33203125,-1.5729398590795918,-1.255553085206274,-0.0973583421928994,-0.05897574957718745,unit_mode_chain_amplitude,stellarator-linear-scan:stella-geometry
0.2,214,0.3359375,-1.1092707726466788,-0.8875117285188686,-0.0973583421928994,-0.05897574957718745,unit_mode_chain_amplitude,stellarator-linear-scan:stella-geometry
0.2,215,0.33984375,-0.8711942080343891,-0.44768614122616346,-0.0973583421928994,-0.05897574957718745,unit_mode_chain_amplitude,stellarator-linear-scan:stella-geometry
0.2,216,0.34375,-0.54013483945246,0.18847318690909648,-0.0973583421928994,-0.05897574957718745,unit_mode_chain_amplitude,stellarator-linear-scan:stella-geometry
0.2,217,0.34765625,-0.26225423954329136,0.23084731202477599,-0.0973583421928994,-0.05897574957718745,unit_mode_chain_amplitude,stellarator-linear-scan:stella-geometry
0.2,218,0.3515625,-0.17356795665206265,0.3078056149894309,-0.0973583421928994,-0.05897574957718745,unit_mode_chain_amplitude,stellarator-linear-scan:stella-geometry
0.2,219,0.35546875,-0.41075934126901237,0.3308942379447854,-0.0973583421928994,-0.05897574957718745,unit_mode_chain_amplitude,stellarator-linear-scan:stella-geometry
0.2,220,0.359375,-0.2906261357773419,0.48883924301239606,-0.0973583421928994,-0.05897574957718745,unit_mode_chain_amplitude,stellarator-linear-scan:stella-geometry
0.2,221,0.36328125,-0.10502274056805096,0.6542832606723781,-0.0973583421928994,-0.05897574957718745,unit_mode_chain_amplitude,stellarator-linear-scan:stella-geometry
0.2,222,0.3671875,-0.27934537039447216,0.5486263416548017,-0.0973583421928994,-0.05897574957718745,unit_mode_chain_amplitude,stellarator-linear-scan:stella-geometry
0.2,223,0.37109375,-0.3651419148668352,-0.04634952347143771,-0.0973583421928994,-0.05897574957718745,unit_mode_chain_amplitude,stellarator-linear-scan:stella-geometry
0.2,224,0.375,-0.11908958754059697,-0.617719138767844,-0.0973583421928994,-0.05897574957718745,unit_mode_chain_amplitude,stellarator-linear-scan:stella-geometry
0.2,225,0.37890625,-0.2719786120500715,-0.6953734589663176,-0.0973583421928994,-0.05897574957718745,unit_mode_chain_amplitude,stellarator-linear-scan:stella-geometry
0.2,226,0.3828125,0.043631771797206904,-0.2674556070309128,-0.0973583421928994,-0.05897574957718745,unit_mode_chain_amplitude,stellarator-linear-scan:stella-geometry
0.2,227,0.38671875,0.321146665413253,-0.06600565608169752,-0.0973583421928994,-0.05897574957718745,unit_mode_chain_amplitude,stellarator-linear-scan:stella-geometry
0.2,228,0.390625,0.40546274142270766,0.06330981681249127,-0.0973583421928994,-0.05897574957718745,unit_mode_chain_amplitude,stellarator-linear-scan:stella-geometry
0.2,229,0.39453125,0.36354790180911584,0.195195192331109,-0.0973583421928994,-0.05897574957718745,unit_mode_chain_amplitude,stellarator-linear-scan:stella-geometry
0.2,230,0.3984375,0.5856211587248444,0.3303361435501677,-0.0973583421928994,-0.05897574957718745,unit_mode_chain_amplitude,stellarator-linear-scan:stella-geometry
0.2,231,0.40234375,0.6526962199550288,0.49798739606419906,-0.0973583421928994,-0.05897574957718745,unit_mode_chain_amplitude,stellarator-linear-scan:stella-geometry
0.2,232,0.40625,0.7363874587223186,1.00432511892949,-0.0973583421928994,-0.05897574957718745,unit_mode_chain_amplitude,stellarator-linear-scan:stella-geometry
0.2,233,0.41015625,0.9179114809986083,1.2479842104379588,-0.0973583421928994,-0.05897574957718745,unit_mode_chain_amplitude,stellarator-linear-scan:stella-geometry
0.2,234,0.4140625,1.0389233020077528,1.111232015495212,-0.0973583421928994,-0.05897574957718745,unit_mode_chain_amplitude,stellarator-linear-scan:stella-geometry
0.2,235,0.41796875,0.9266532048592818,0.9759603965045764,-0.0973583421928994,-0.05897574957718745,unit_mode_chain_amplitude,stellarator-linear-scan:stella-geometry
0.2,236,0.421875,1.1292753928966621,0.7435043537431933,-0.0973583421928994,-0.05897574957718745,unit_mode_chain_amplitude,stellarator-linear-scan:stella-geometry
0.2,237,0.42578125,1.1982175524056784,0.3415204402221478,-0.0973583421928994,-0.05897574957718745,unit_mode_chain_amplitude,stellarator-linear-scan:stella-geometry
0.2,238,0.4296875,0.3345233270085381,0.33568578203127003,-0.0973583421928994,-0.05897574957718745,unit_mode_chain_amplitude,stellarator-linear-scan:stella-geometry
0.2,239,0.43359375,-0.3182277462662447,0.5597881827910595,-0.0973583421928994,-0.05897574957718745,unit_mode_chain_amplitude,stellarator-linear-scan:stella-geometry
0.2,240,0.4375,-0.2810828929844354,0.5234845318753857,-0.0973583421928994,-0.05897574957718745,unit_mode_chain_amplitude,stellarator-linear-scan:stella-geometry
0.2,241,0.44140625,-0.4308136671877767,0.3329579620359361,-0.0973583421928994,-0.05897574957718745,unit_mode_chain_amplitude,stellarator-linear-scan:stella-geometry
0.2,242,0.4453125,-0.5617306276048967,0.09265641774956611,-0.0973583421928994,-0.05897574957718745,unit_mode_chain_amplitude,stellarator-linear-scan:stella-geometry
0.2,243,0.44921875,-0.49211832108755266,0.03568042509535075,-0.0973583421928994,-0.05897574957718745,unit_mode_chain_amplitude,stellarator-linear-scan:stella-geometry
0.2,244,0.453125,-0.019527766790039414,0.1174973928695677,-0.0973583421928994,-0.05897574957718745,unit_mode_chain_amplitude,stellarator-linear-scan:stella-geometry
0.2,245,0.45703125,0.3955351368361607,0.3907300197532792,-0.0973583421928994,-0.05897574957718745,unit_mode_chain_amplitude,stellarator-linear-scan:stella-geometry
0.2,246,0.4609375,0.597341812729891,0.1765408509407105,-0.0973583421928994,-0.05897574957718745,unit_mode_chain_amplitude,stellarator-linear-scan:stella-geometry
0.2,247,0.46484375,0.8682559373188625,-0.23097551564623497,-0.0973583421928994,-0.05897574957718745,unit_mode_chain_amplitude,stellarator-linear-scan:stella-geometry
0.2,248,0.46875,0.9282892732115292,-0.18134345196679869,-0.0973583421928994,-0.05897574957718745,unit_mode_chain_amplitude,stellarator-linear-scan:stella-geometry
0.2,249,0.47265625,0.8220382504445359,-0.45437259544999475,-0.0973583421928994,-0.05897574957718745,unit_mode_chain_amplitude,stellarator-linear-scan:stella-geometry
0.2,250,0.4765625,0.7102904644900279,-0.2898124211263912,-0.0973583421928994,-0.05897574957718745,unit_mode_chain_amplitude,stellarator-linear-scan:stella-geometry
0.2,251,0.48046875,0.5291458648321026,-0.35372426017945874,-0.0973583421928994,-0.05897574957718745,unit_mode_chain_amplitude,stellarator-linear-scan:stella-geometry
0.2,252,0.484375,0.4382764617734659,-0.6561050715869539,-0.0973583421928994,-0.05897574957718745,unit_mode_chain_amplitude,stellarator-linear-scan:stella-geometry
0.2,253,0.48828125,0.255104748270783,-0.8838108714113471,-0.0973583421928994,-0.05897574957718745,unit_mode_chain_amplitude,stellarator-linear-scan:stella-geometry
0.2,254,0.4921875,0.24017432727258153,-0.8384521396829028,-0.0973583421928994,-0.05897574957718745,unit_mode_chain_amplitude,stellarator-linear-scan:stella-geometry
0.2,255,0.49609375,0.2577027044118576,-0.7915501799898212,-0.0973583421928994,-0.05897574957718745,unit_mode_chain_amplitude,stellarator-linear-scan:stella-geometry
0.3,0,-0.5,0.3403375584548751,-0.3352738798994275,-0.07729582221945139,-0.07534594083949794,unit_mode_chain_amplitude,stellarator-linear-scan:stella-geometry
0.3,1,-0.49609375,0.3499989475768198,-0.17886843142147757,-0.07729582221945139,-0.07534594083949794,unit_mode_chain_amplitude,stellarator-linear-scan:stella-geometry
0.3,2,-0.4921875,0.48892551097679837,0.06981186255051848,-0.07729582221945139,-0.07534594083949794,unit_mode_chain_amplitude,stellarator-linear-scan:stella-geometry
0.3,3,-0.48828125,0.4093483854601264,0.23061789088094203,-0.07729582221945139,-0.07534594083949794,unit_mode_chain_amplitude,stellarator-linear-scan:stella-geometry
0.3,4,-0.484375,0.4080270862301604,0.46301619508629105,-0.07729582221945139,-0.07534594083949794,unit_mode_chain_amplitude,stellarator-linear-scan:stella-geometry
0.3,5,-0.48046875,0.4350077030683771,0.4353023021575396,-0.07729582221945139,-0.07534594083949794,unit_mode_chain_amplitude,stellarator-linear-scan:stella-geometry
0.3,6,-0.4765625,0.21879715455191184,0.3553828166667909,-0.07729582221945139,-0.07534594083949794,unit_mode_chain_amplitude,stellarator-linear-scan:stella-geometry
0.3,7,-0.47265625,-0.417654541171258,0.5409944095694568,-0.07729582221945139,-0.07534594083949794,unit_mode_chain_amplitude,stellarator-linear-scan:stella-geometry
0.3,8,-0.46875,-0.5828686682958832,0.6524947031960883,-0.07729582221945139,-0.07534594083949794,unit_mode_chain_amplitude,stellarator-linear-scan:stella-geometry
0.3,9,-0.46484375,-0.6170836631804779,0.8672503226104246,-0.07729582221945139,-0.07534594083949794,unit_mode_chain_amplitude,stellarator-linear-scan:stella-geometry
0.3,10,-0.4609375,-0.48408411976503807,0.5433906988602288,-0.07729582221945139,-0.07534594083949794,unit_mode_chain_amplitude,stellarator-linear-scan:stella-geometry
0.3,11,-0.45703125,-0.35450243095864037,-0.011327971530888893,-0.07729582221945139,-0.07534594083949794,unit_mode_chain_amplitude,stellarator-linear-scan:stella-geometry
0.3,12,-0.453125,-0.015746590195101638,0.2397609385879715,-0.07729582221945139,-0.07534594083949794,unit_mode_chain_amplitude,stellarator-linear-scan:stella-geometry
0.3,13,-0.44921875,0.27196618926741584,0.1698355670597447,-0.07729582221945139,-0.07534594083949794,unit_mode_chain_amplitude,stellarator-linear-scan:stella-geometry
0.3,14,-0.4453125,0.5507555997587196,0.330577224251198,-0.07729582221945139,-0.07534594083949794,unit_mode_chain_amplitude,stellarator-linear-scan:stella-geometry
0.3,15,-0.44140625,0.7450822542899278,0.15039560803037477,-0.07729582221945139,-0.07534594083949794,unit_mode_chain_amplitude,stellarator-linear-scan:stella-geometry
0.3,16,-0.4375,0.9970606909777427,-0.023104066892199494,-0.07729582221945139,-0.07534594083949794,unit_mode_chain_amplitude,stellarator-linear-scan:stella-geometry
0.3,17,-0.43359375,0.9949811840587828,-0.28364660981905315,-0.07729582221945139,-0.07534594083949794,unit_mode_chain_amplitude,stellarator-linear-scan:stella-geometry
0.3,18,-0.4296875,0.5888017733847261,-0.33141916234730057,-0.07729582221945139,-0.07534594083949794,unit_mode_chain_amplitude,stellarator-linear-scan:stella-geometry
0.3,19,-0.42578125,0.09220247922913506,-0.248685587482256,-0.07729582221945139,-0.07534594083949794,unit_mode_chain_amplitude,stellarator-linear-scan:stella-geometry
0.3,20,-0.421875,0.003912923929418366,-0.17903419082546534,-0.07729582221945139,-0.07534594083949794,unit_mode_chain_amplitude,stellarator-linear-scan:stella-geometry
0.3,21,-0.41796875,-0.27282048625168864,-0.5477113056126713,-0.07729582221945139,-0.07534594083949794,unit_mode_chain_amplitude,stellarator-linear-scan:stella-geometry
0.3,22,-0.4140625,-0.47923946948522306,-0.9603543017769941,-0.07729582221945139,-0.07534594083949794,unit_mode_chain_amplitude,stellarator-linear-scan:stella-geometry
0.3,23,-0.41015625,-0.2555522745371167,-1.3923455063978045,-0.07729582221945139,-0.07534594083949794,unit_mode_chain_amplitude,stellarator-linear-scan:stella-geometry
0.3,24,-0.40625,0.09570980037855556,-1.0941515277711205,-0.07729582221945139,-0.07534594083949794,unit_mode_chain_amplitude,stellarator-linear-scan:stella-geometry
0.3,25,-0.40234375,-0.16560626817398885,-0.6082206725135411,-0.07729582221945139,-0.07534594083949794,unit_mode_chain_amplitude,stellarator-linear-scan:stella-geometry
0.3,26,-0.3984375,-0.26265030771569886,-0.48641742964627627,-0.07729582221945139,-0.07534594083949794,unit_mode_chain_amplitude,stellarator-linear-scan:stella-geometry
0.3,27,-0.39453125,-0.16778706507448832,-0.728656444704151,-0.07729582221945139,-0.07534594083949794,unit_mode_chain_amplitude,stellarator-linear-scan:stella-geometry
0.3,28,-0.390625,-0.09111291637535865,-0.7173327628042522,-0.07729582221945139,-0.07534594083949794,unit_mode_chain_amplitude,stellarator-linear-scan:stella-geometry
0.3,29,-0.38671875,-0.056624282441619586,-0.6323475412055063,-0.07729582221945139,-0.07534594083949794,unit_mode_chain_amplitude,stellarator-linear-scan:stella-geometry
0.3,30,-0.3828125,0.04785815681967497,-0.30380373437407276,-0.07729582221945139,-0.07534594083949794,unit_mode_chain_amplitude,stellarator-linear-scan:stella-geometry
0.3,31,-0.37890625,-0.08034385058915357,-0.11043131945578231,-0.07729582221945139,-0.07534594083949794,unit_mode_chain_amplitude,stellarator-linear-scan:stella-geometry
0.3,32,-0.375,-0.3765252221385742,-0.09999194744605133,-0.07729582221945139,-0.07534594083949794,unit_mode_chain_amplitude,stellarator-linear-scan:stella-geometry
0.3,33,-0.37109375,-0.2009711529578967,-0.1498044592720619,-0.07729582221945139,-0.07534594083949794,unit_mode_chain_amplitude,stellarator-linear-scan:stella-geometry
0.3,34,-0.3671875,0.11657441137629841,-0.2028993658170904,-0.07729582221945139,-0.07534594083949794,unit_mode_chain_amplitude,stellarator-linear-scan:stella-geometry
0.3,35,-0.36328125,0.044342799433532795,-0.31070235098657983,-0.07729582221945139,-0.07534594083949794,unit_mode_chain_amplitude,stellarator-linear-scan:stella-geometry
0.3,36,-0.359375,0.0905116763133271,-0.07555490506719648,-0.07729582221945139,-0.07534594083949794,unit_mode_chain_amplitude,stellarator-linear-scan:stella-geometry
0.3,37,-0.35546875,0.1674021174081197,-0.1715460771788318,-0.07729582221945139,-0.07534594083949794,unit_mode_chain_amplitude,stellarator-linear-scan:stella-geometry
0.3,38,-0.3515625,0.14835240181403792,-0.3596857683925969,-0.07729582221945139,-0.07534594083949794,unit_mode_chain_amplitude,stellarator-linear-scan:stella-geometry
0.3,39,-0.34765625,0.1576800793500364,-0.4824838401032925,-0.07729582221945139,-0.07534594083949794,unit_mode_chain_amplitude,stellarator-linear-scan:stella-geometry
0.3,40,-0.34375,0.30809430594547144,-0.6888280647634226,-0.07729582221945139,-0.07534594083949794,unit_mode_chain_amplitude,stellarator-linear-scan:stella-geometry
0.3,41,-0.33984375,0.17788215272388475,-1.065787502177835,-0.07729582221945139,-0.07534594083949794,unit_mode_chain_amplitude,stellarator-linear-scan:stella-geometry
0.3,42,-0.3359375,-0.24354471605843325,-1.0238142686045921,-0.07729582221945139,-0.07534594083949794,unit_mode_chain_amplitude,stellarator-linear-scan:stella-geometry
0.3,43,-0.33203125,-0.36849541315254647,-0.5152857910117066,-0.07729582221945139,-0.07534594083949794,unit_mode_chain_amplitude,stellarator-linear-scan:stella-geometry
0.3,44,-0.328125,-0.1179236119958788,0.0172297575615821,-0.07729582221945139,-0.07534594083949794,unit_mode_chain_amplitude,stellarator-linear-scan:stella-geometry
0.3,45,-0.32421875,0.15727923005394812,0.32207453218644916,-0.07729582221945139,-0.07534594083949794,unit_mode_chain_amplitude,stellarator-linear-scan:stella-geometry
0.3,46,-0.3203125,0.5465330280611835,0.5500017079907812,-0.07729582221945139,-0.07534594083949794,unit_mode_chain_amplitude,stellarator-linear-scan:stella-geometry
0.3,47,-0.31640625,0.7653302862804481,0.7096108283064253,-0.07729582221945139,-0.07534594083949794,unit_mode_chain_amplitude,stellarator-linear-scan:stella-geometry
0.3,48,-0.3125,0.6523262743515079,0.8214048765775023,-0.07729582221945139,-0.07534594083949794,unit_mode_chain_amplitude,stellarator-linear-scan:stella-geometry
0.3,49,-0.30859375,0.4881836324232033,0.7890948384377527,-0.07729582221945139,-0.07534594083949794,unit_mode_chain_amplitude,stellarator-linear-scan:stella-geometry
0.3,50,-0.3046875,0.3846121515762642,0.6655266071830139,-0.07729582221945139,-0.07534594083949794,unit_mode_chain_amplitude,stellarator-linear-scan:stella-geometry
0.3,51,-0.30078125,0.0771245850752172,0.3031449970200254,-0.07729582221945139,-0.07534594083949794,unit_mode_chain_amplitude,stellarator-linear-scan:stella-geometry
0.3,52,-0.296875,-0.22367940490776334,0.27901973893699406,-0.07729582221945139,-0.07534594083949794,unit_mode_chain_amplitude,stellarator-linear-scan:stella-geometry
0.3,53,-0.29296875,-0.36730379774469546,0.3921481707874083,-0.07729582221945139,-0.07534594083949794,unit_mode_chain_amplitude,stellarator-linear-scan:stella-geometry
0.3,54,-0.2890625,0.03330819343230902,0.32726493569525456,-0.07729582221945139,-0.07534594083949794,unit_mode_chain_amplitude,stellarator-linear-scan:stella-geometry
0.3,55,-0.28515625,0.6261533091379409,0.23541680974865567,-0.07729582221945139,-0.07534594083949794,unit_mode_chain_amplitude,stellarator-linear-scan:stella-geometry
0.3,56,-0.28125,0.9041876898662664,0.5578646374428959,-0.07729582221945139,-0.07534594083949794,unit_mode_chain_amplitude,stellarator-linear-scan:stella-geometry
0.3,57,-0.27734375,0.7494625815490539,0.7508485815446515,-0.07729582221945139,-0.07534594083949794,unit_mode_chain_amplitude,stellarator-linear-scan:stella-geometry
0.3,58,-0.2734375,0.984821738072024,1.2463566881709758,-0.07729582221945139,-0.07534594083949794,unit_mode_chain_amplitude,stellarator-linear-scan:stella-geometry
0.3,59,-0.26953125,1.2233532491396404,1.623281029375894,-0.07729582221945139,-0.07534594083949794,unit_mode_chain_amplitude,stellarator-linear-scan:stella-geometry
0.3,60,-0.265625,1.2811960954762962,1.6344183947621629,-0.07729582221945139,-0.07534594083949794,unit_mode_chain_amplitude,stellarator-linear-scan:stella-geometry
0.3,61,-0.26171875,1.1255643490722191,1.0724395039358041,-0.07729582221945139,-0.07534594083949794,unit_mode_chain_amplitude,stellarator-linear-scan:stella-geometry
0.3,62,-0.2578125,0.9257918709709215,0.600117126101435,-0.07729582221945139,-0.07534594083949794,unit_mode_chain_amplitude,stellarator-linear-scan:stella-geometry
0.3,63,-0.25390625,0.4797166625891663,0.44663617201354494,-0.07729582221945139,-0.07534594083949794,unit_mode_chain_amplitude,stellarator-linear-scan:stella-geometry
0.3,64,-0.25,0.2840161781479422,0.4540422265320006,-0.07729582221945139,-0.07534594083949794,unit_mode_chain_amplitude,stellarator-linear-scan:stella-geometry
0.3,65,-0.24609375,0.300652765581207,0.2803689267178775,-0.07729582221945139,-0.07534594083949794,unit_mode_chain_amplitude,stellarator-linear-scan:stella-geometry
0.3,66,-0.2421875,0.23176557159519,-0.05640393460240648,-0.07729582221945139,-0.07534594083949794,unit_mode_chain_amplitude,stellarator-linear-scan:stella-geometry
0.3,67,-0.23828125,0.3048569344805427,-0.5785501717466551,-0.07729582221945139,-0.07534594083949794,unit_mode_chain_amplitude,stellarator-linear-scan:stella-geometry
0.3,68,-0.234375,0.5836936771445227,-0.5154189220234934,-0.07729582221945139,-0.07534594083949794,unit_mode_chain_amplitude,stellarator-linear-scan:stella-geometry
0.3,69,-0.23046875,0.35507686107466363,-0.1328648487983882,-0.07729582221945139,-0.07534594083949794,unit_mode_chain_amplitude,stellarator-linear-scan:stella-geometry
0.3,70,-0.2265625,0.014335560024678461,0.03627237743799114,-0.07729582221945139,-0.07534594083949794,unit_mode_chain_amplitude,stellarator-linear-scan:stella-geometry
0.3,71,-0.22265625,-0.05771040531517274,0.03608073186073633,-0.07729582221945139,-0.07534594083949794,unit_mode_chain_amplitude,stellarator-linear-scan:stella-geometry
0.3,72,-0.21875,-0.2314890160086082,-0.3090508546780708,-0.07729582221945139,-0.07534594083949794,unit_mode_chain_amplitude,stellarator-linear-scan:stella-geometry
0.3,73,-0.21484375,-0.3554330635187514,-0.518865520741927,-0.07729582221945139,-0.07534594083949794,unit_mode_chain_amplitude,stellarator-linear-scan:stella-geometry
0.3,74,-0.2109375,-0.14539611159503799,-0.3969215740813439,-0.07729582221945139,-0.07534594083949794,unit_mode_chain_amplitude,stellarator-linear-scan:stella-geometry
0.3,75,-0.20703125,0.028487857590713785,-0.3425795298456153,-0.07729582221945139,-0.07534594083949794,unit_mode_chain_amplitude,stellarator-linear-scan:stella-geometry
0.3,76,-0.203125,-0.15140449787398036,-0.1715259201845983,-0.07729582221945139,-0.07534594083949794,unit_mode_chain_amplitude,stellarator-linear-scan:stella-geometry
0.3,77,-0.19921875,-0.26447585554331726,-0.01956708959024006,-0.07729582221945139,-0.07534594083949794,unit_mode_chain_amplitude,stellarator-linear-scan:stella-geometry
0.3,78,-0.1953125,-0.02224165499525235,-0.07777560708996308,-0.07729582221945139,-0.07534594083949794,unit_mode_chain_amplitude,stellarator-linear-scan:stella-geometry
0.3,79,-0.19140625,0.005842044637102454,-0.6222012339541756,-0.07729582221945139,-0.07534594083949794,unit_mode_chain_amplitude,stellarator-linear-scan:stella-geometry
0.3,80,-0.1875,-0.14061530628482674,-0.8863115919318423,-0.07729582221945139,-0.07534594083949794,unit_mode_chain_amplitude,stellarator-linear-scan:stella-geometry
0.3,81,-0.18359375,-0.1635276647174496,-1.12189847490187,-0.07729582221945139,-0.07534594083949794,unit_mode_chain_amplitude,stellarator-linear-scan:stella-geometry
0.3,82,-0.1796875,-0.500114433208285,-1.3999346904271375,-0.07729582221945139,-0.07534594083949794,unit_mode_chain_amplitude,stellarator-linear-scan:stella-geometry
0.3,83,-0.17578125,-0.9368998402537716,-1.6080756355528012,-0.07729582221945139,-0.07534594083949794,unit_mode_chain_amplitude,stellarator-linear-scan:stella-geometry
0.3,84,-0.171875,-0.973818899677407,-1.6858861622783476,-0.07729582221945139,-0.07534594083949794,unit_mode_chain_amplitude,stellarator-linear-scan:stella-geometry
0.3,85,-0.16796875,-0.806048165452025,-1.7176807964797276,-0.07729582221945139,-0.07534594083949794,unit_mode_chain_amplitude,stellarator-linear-scan:stella-geometry
0.3,86,-0.1640625,-0.6391540618012546,-1.4651999530574606,-0.07729582221945139,-0.07534594083949794,unit_mode_chain_amplitude,stellarator-linear-scan:stella-geometry
0.3,87,-0.16015625,-0.364726088170362,-0.9435897678334874,-0.07729582221945139,-0.07534594083949794,unit_mode_chain_amplitude,stellarator-linear-scan:stella-geometry
0.3,88,-0.15625,-0.02848010467529016,-0.4650085770946298,-0.07729582221945139,-0.07534594083949794,unit_mode_chain_amplitude,stellarator-linear-scan:stella-geometry
0.3,89,-0.15234375,-0.00454142789690414,-0.43308867579155047,-0.07729582221945139,-0.07534594083949794,unit_mode_chain_amplitude,stellarator-linear-scan:stella-geometry
0.3,90,-0.1484375,-0.17221159406984998,-0.39571207220135096,-0.07729582221945139,-0.07534594083949794,unit_mode_chain_amplitude,stellarator-linear-scan:stella-geometry
0.3,91,-0.14453125,-0.6332877825218315,-0.3148241268185844,-0.07729582221945139,-0.07534594083949794,unit_mode_chain_amplitude,stellarator-linear-scan:stella-geometry
0.3,92,-0.140625,-0.9520736409649789,-0.3556598768161623,-0.07729582221945139,-0.07534594083949794,unit_mode_chain_amplitude,stellarator-linear-scan:stella-geometry
0.3,93,-0.13671875,-1.0194733492338468,-0.7015428058451718,-0.07729582221945139,-0.07534594083949794,unit_mode_chain_amplitude,stellarator-linear-scan:stella-geometry
0.3,94,-0.1328125,-1.1866257146888262,-0.9952606450077734,-0.07729582221945139,-0.07534594083949794,unit_mode_chain_amplitude,stellarator-linear-scan:stella-geometry
0.3,95,-0.12890625,-1.702478168587353,-1.3871343273281036,-0.07729582221945139,-0.07534594083949794,unit_mode_chain_amplitude,stellarator-linear-scan:stella-geometry
0.3,96,-0.125,-1.778018107892346,-1.2501716129945306,-0.07729582221945139,-0.07534594083949794,unit_mode_chain_amplitude,stellarator-linear-scan:stella-geometry
0.3,97,-0.12109375,-1.7167326725324203,-1.0570452957628198,-0.07729582221945139,-0.07534594083949794,unit_mode_chain_amplitude,stellarator-linear-scan:stella-geometry
0.3,98,-0.1171875,-1.3952751744973526,-0.5595857120872325,-0.07729582221945139,-0.07534594083949794,unit_mode_chain_amplitude,stellarator-linear-scan:stella-geometry
0.3,99,-0.11328125,-0.7149026011145886,-0.19553799068613598,-0.07729582221945139,-0.07534594083949794,unit_mode_chain_amplitude,stellarator-linear-scan:stella-geometry
0.3,100,-0.109375,-0.2068643078400959,0.12390601635355156,-0.07729582221945139,-0.07534594083949794,unit_mode_chain_amplitude,stellarator-linear-scan:stella-geometry
0.3,101,-0.10546875,-0.26518707623699017,0.29594146712320757,-0.07729582221945139,-0.07534594083949794,unit_mode_chain_amplitude,stellarator-linear-scan:stella-geometry
0.3,102,-0.1015625,-0.2831995875498279,0.6937050862332805,-0.07729582221945139,-0.07534594083949794,unit_mode_chain_amplitude,stellarator-linear-scan:stella-geometry
0.3,103,-0.09765625,-0.1514396524673437,1.366987099967308,-0.07729582221945139,-0.07534594083949794,unit_mode_chain_amplitude,stellarator-linear-scan:stella-geometry
0.3,104,-0.09375,-0.36605445850446044,1.9192146777753254,-0.07729582221945139,-0.07534594083949794,unit_mode_chain_amplitude,stellarator-linear-scan:stella-geometry
0.3,105,-0.08984375,-0.5557402640590079,1.3015345412369852,-0.07729582221945139,-0.07534594083949794,unit_mode_chain_amplitude,stellarator-linear-scan:stella-geometry
0.3,106,-0.0859375,-0.05548510706889495,0.606391755638159,-0.07729582221945139,-0.07534594083949794,unit_mode_chain_amplitude,stellarator-linear-scan:stella-geometry
0.3,107,-0.08203125,0.08569788901950051,0.09459125950908226,-0.07729582221945139,-0.07534594083949794,unit_mode_chain_amplitude,stellarator-linear-scan:stella-geometry
0.3,108,-0.078125,0.26189978133584396,0.2531590981841132,-0.07729582221945139,-0.07534594083949794,unit_mode_chain_amplitude,stellarator-linear-scan:stella-geometry
0.3,109,-0.07421875,0.5120726568716741,0.4440021338933059,-0.07729582221945139,-0.07534594083949794,unit_mode_chain_amplitude,stellarator-linear-scan:stella-geometry
0.3,110,-0.0703125,0.4988234265559682,0.41092791916609356,-0.07729582221945139,-0.07534594083949794,unit_mode_chain_amplitude,stellarator-linear-scan:stella-geometry
0.3,111,-0.06640625,0.12377298035376168,0.2688928888023779,-0.07729582221945139,-0.07534594083949794,unit_mode_chain_amplitude,stellarator-linear-scan:stella-geometry
0.3,112,-0.0625,0.06421236518637492,0.32885901354878877,-0.07729582221945139,-0.07534594083949794,unit_mode_chain_amplitude,stellarator-linear-scan:stella-geometry
0.3,113,-0.05859375,0.1991162553313973,0.4219722879002625,-0.07729582221945139,-0.07534594083949794,unit_mode_chain_amplitude,stellarator-linear-scan:stella-geometry
0.3,114,-0.0546875,0.07637261165156056,0.8168897633032383,-0.07729582221945139,-0.07534594083949794,unit_mode_chain_amplitude,stellarator-linear-scan:stella-geometry
0.3,115,-0.05078125,-0.17658944798480916,1.4187687012813603,-0.07729582221945139,-0.07534594083949794,unit_mode_chain_amplitude,stellarator-linear-scan:stella-geometry
0.3,116,-0.046875,-0.06124676921678292,1.6440894624223015,-0.07729582221945139,-0.07534594083949794,unit_mode_chain_amplitude,stellarator-linear-scan:stella-geometry
0.3,117,-0.04296875,-0.19155396607020458,1.3143778795901455,-0.07729582221945139,-0.07534594083949794,unit_mode_chain_amplitude,stellarator-linear-scan:stella-geometry
0.3,118,-0.0390625,-0.06294127134725618,1.3893254932715764,-0.07729582221945139,-0.07534594083949794,unit_mode_chain_amplitude,stellarator-linear-scan:stella-geometry
0.3,119,-0.03515625,0.4767239413730143,1.5848476189276026,-0.07729582221945139,-0.07534594083949794,unit_mode_chain_amplitude,stellarator-linear-scan:stella-geometry
0.3,120,-0.03125,0.5825003530116865,1.3705355747301897,-0.07729582221945139,-0.07534594083949794,unit_mode_chain_amplitude,stellarator-linear-scan:stella-geometry
0.3,121,-0.02734375,0.31454960699622325,1.0821942272879201,-0.07729582221945139,-0.07534594083949794,unit_mode_chain_amplitude,stellarator-linear-scan:stella-geometry
0.3,122,-0.0234375,0.10239299789165357,1.0189785896706791,-0.07729582221945139,-0.07534594083949794,unit_mode_chain_amplitude,stellarator-linear-scan:stella-geometry
0.3,123,-0.01953125,-0.04263115799720596,0.6156483130850952,-0.07729582221945139,-0.07534594083949794,unit_mode_chain_amplitude,stellarator-linear-scan:stella-geometry
0.3,124,-0.015625,-0.21011383496360772,0.1544697579115291,-0.07729582221945139,-0.07534594083949794,unit_mode_chain_amplitude,stellarator-linear-scan:stella-geometry
0.3,125,-0.01171875,-0.2673436150180211,-0.1333514316862097,-0.07729582221945139,-0.07534594083949794,unit_mode_chain_amplitude,stellarator-linear-scan:stella-geometry
0.3,126,-0.0078125,-0.218607394654524,-0.14591634144522694,-0.07729582221945139,-0.07534594083949794,unit_mode_chain_amplitude,stellarator-linear-scan:stella-geometry
0.3,127,-0.00390625,-0.12924037033195065,0.00958263146309318,-0.07729582221945139,-0.07534594083949794,unit_mode_chain_amplitude,stellarator-linear-scan:stella-geometry
0.3,128,0.0,0.2545740756881553,0.17031576791270117,-0.07729582221945139,-0.07534594083949794,unit_mode_chain_amplitude,stellarator-linear-scan:stella-geometry
0.3,129,0.00390625,0.3591981193684519,0.15563092438074816,-0.07729582221945139,-0.07534594083949794,unit_mode_chain_amplitude,stellarator-linear-scan:stella-geometry
0.3,130,0.0078125,0.49644972879818583,0.3462428442842171,-0.07729582221945139,-0.07534594083949794,unit_mode_chain_amplitude,stellarator-linear-scan:stella-geometry
0.3,131,0.01171875,0.9812597709872252,0.5805256583328935,-0.07729582221945139,-0.07534594083949794,unit_mode_chain_amplitude,stellarator-linear-scan:stella-geometry
0.3,132,0.015625,1.3399235315082443,0.8366383051945138,-0.07729582221945139,-0.07534594083949794,unit_mode_chain_amplitude,stellarator-linear-scan:stella-geometry
0.3,133,0.01953125,1.2046683402536984,0.6081464818496549,-0.07729582221945139,-0.07534594083949794,unit_mode_chain_amplitude,stellarator-linear-scan:stella-geometry
0.3,134,0.0234375,1.1162360458636886,0.2776777847172854,-0.07729582221945139,-0.07534594083949794,unit_mode_chain_amplitude,stellarator-linear-scan:stella-geometry
0.3,135,0.02734375,0.6036747888006189,-0.399670599354853,-0.07729582221945139,-0.07534594083949794,unit_mode_chain_amplitude,stellarator-linear-scan:stella-geometry
0.3,136,0.03125,0.004848682469524275,-0.7885292189497677,-0.07729582221945139,-0.07534594083949794,unit_mode_chain_amplitude,stellarator-linear-scan:stella-geometry
0.3,137,0.03515625,-0.16305556714729988,-1.118483950166289,-0.07729582221945139,-0.07534594083949794,unit_mode_chain_amplitude,stellarator-linear-scan:stella-geometry
0.3,138,0.0390625,0.13406477562480282,-1.2176976086872973,-0.07729582221945139,-0.07534594083949794,unit_mode_chain_amplitude,stellarator-linear-scan:stella-geometry
0.3,139,0.04296875,0.016936557269121893,-1.785576190011284,-0.07729582221945139,-0.07534594083949794,unit_mode_chain_amplitude,stellarator-linear-scan:stella-geometry
0.3,140,0.046875,-0.12538871920121805,-2.533471313993142,-0.07729582221945139,-0.07534594083949794,unit_mode_chain_amplitude,stellarator-linear-scan:stella-geometry
0.3,141,0.05078125,0.15708368576553794,-2.5001049938237547,-0.07729582221945139,-0.07534594083949794,unit_mode_chain_amplitude,stellarator-linear-scan:stella-geometry
0.3,142,0.0546875,0.14551367405504245,-1.363092520525177,-0.07729582221945139,-0.07534594083949794,unit_mode_chain_amplitude,stellarator-linear-scan:stella-geometry
0.3,143,0.05859375,-0.09497270292672692,-0.3657196621581987,-0.07729582221945139,-0.07534594083949794,unit_mode_chain_amplitude,stellarator-linear-scan:stella-geometry
0.3,144,0.0625,0.0007639034045916419,0.0335258926363672,-0.07729582221945139,-0.07534594083949794,unit_mode_chain_amplitude,stellarator-linear-scan:stella-geometry
0.3,145,0.06640625,-0.3137161420155923,-0.22690766367977924,-0.07729582221945139,-0.07534594083949794,unit_mode_chain_amplitude,stellarator-linear-scan:stella-geometry
0.3,146,0.0703125,-0.638134349375217,-0.3036754233015376,-0.07729582221945139,-0.07534594083949794,unit_mode_chain_amplitude,stellarator-linear-scan:stella-geometry
0.3,147,0.07421875,-0.5294695492813288,-0.29448014505975,-0.07729582221945139,-0.07534594083949794,unit_mode_chain_amplitude,stellarator-linear-scan:stella-geometry
0.3,148,0.078125,-0.24841068612626013,-0.15266848969142416,-0.07729582221945139,-0.07534594083949794,unit_mode_chain_amplitude,stellarator-linear-scan:stella-geometry
0.3,149,0.08203125,-0.30449791101505974,-0.35802752072487487,-0.07729582221945139,-0.07534594083949794,unit_mode_chain_amplitude,stellarator-linear-scan:stella-geometry
0.3,150,0.0859375,-0.20856293793026917,-0.8308536278567655,-0.07729582221945139,-0.07534594083949794,unit_mode_chain_amplitude,stellarator-linear-scan:stella-geometry
0.3,151,0.08984375,0.1628059406239697,-1.4681445930934942,-0.07729582221945139,-0.07534594083949794,unit_mode_chain_amplitude,stellarator-linear-scan:stella-geometry
0.3,152,0.09375,0.127170061421619,-1.87587448145553,-0.07729582221945139,-0.07534594083949794,unit_mode_chain_amplitude,stellarator-linear-scan:stella-geometry
0.3,153,0.09765625,0.050210748154899905,-1.4695507210973342,-0.07729582221945139,-0.07534594083949794,unit_mode_chain_amplitude,stellarator-linear-scan:stella-geometry
0.3,154,0.1015625,0.25684245433746133,-1.058644582966062,-0.07729582221945139,-0.07534594083949794,unit_mode_chain_amplitude,stellarator-linear-scan:stella-geometry
0.3,155,0.10546875,-0.028057197412428635,-1.1012953764525357,-0.07729582221945139,-0.07534594083949794,unit_mode_chain_amplitude,stellarator-linear-scan:stella-geometry
0.3,156,0.109375,-0.4276536242925414,-0.8734618056931652,-0.07729582221945139,-0.07534594083949794,unit_mode_chain_amplitude,stellarator-linear-scan:stella-geometry
0.3,157,0.11328125,-0.06932443188642011,-0.321699096654973,-0.07729582221945139,-0.07534594083949794,unit_mode_chain_amplitude,stellarator-linear-scan:stella-geometry
0.3,158,0.1171875,0.48327892593051935,0.008078531919838958,-0.07729582221945139,-0.07534594083949794,unit_mode_chain_amplitude,stellarator-linear-scan:stella-geometry
0.3,159,0.12109375,0.6919158674032392,0.07161732702987839,-0.07729582221945139,-0.07534594083949794,unit_mode_chain_amplitude,stellarator-linear-scan:stella-geometry
0.3,160,0.125,0.8027914373801264,0.4583720875451253,-0.07729582221945139,-0.07534594083949794,unit_mode_chain_amplitude,stellarator-linear-scan:stella-geometry
0.3,161,0.12890625,0.7650960491843984,0.8211546498367498,-0.07729582221945139,-0.07534594083949794,unit_mode_chain_amplitude,stellarator-linear-scan:stella-geometry
0.3,162,0.1328125,0.7752951906879194,0.9089565992637102,-0.07729582221945139,-0.07534594083949794,unit_mode_chain_amplitude,stellarator-linear-scan:stella-geometry
0.3,163,0.13671875,1.0418426947158987,0.7353603205554978,-0.07729582221945139,-0.07534594083949794,unit_mode_chain_amplitude,stellarator-linear-scan:stella-geometry
0.3,164,0.140625,0.9600557205543734,0.3488017091176281,-0.07729582221945139,-0.07534594083949794,unit_mode_chain_amplitude,stellarator-linear-scan:stella-geometry
0.3,165,0.14453125,0.5401709929104868,0.12237108186858761,-0.07729582221945139,-0.07534594083949794,unit_mode_chain_amplitude,stellarator-linear-scan:stella-geometry
0.3,166,0.1484375,0.294386528608211,0.2962008619982057,-0.07729582221945139,-0.07534594083949794,unit_mode_chain_amplitude,stellarator-linear-scan:stella-geometry
0.3,167,0.15234375,-0.09098258534410668,0.24534779048899238,-0.07729582221945139,-0.07534594083949794,unit_mode_chain_amplitude,stellarator-linear-scan:stella-geometry
0.3,168,0.15625,-0.5956716727260694,0.036682790019804734,-0.07729582221945139,-0.07534594083949794,unit_mode_chain_amplitude,stellarator-linear-scan:stella-geometry
0.3,169,0.16015625,-0.7366943294290057,0.014843030552472079,-0.07729582221945139,-0.07534594083949794,unit_mode_chain_amplitude,stellarator-linear-scan:stella-geometry
0.3,170,0.1640625,-0.4305105308644786,0.37856180404810996,-0.07729582221945139,-0.07534594083949794,unit_mode_chain_amplitude,stellarator-linear-scan:stella-geometry
0.3,171,0.16796875,-0.1765246739723044,0.8777707754577565,-0.07729582221945139,-0.07534594083949794,unit_mode_chain_amplitude,stellarator-linear-scan:stella-geometry
0.3,172,0.171875,0.43254281070038614,1.4009327451898974,-0.07729582221945139,-0.07534594083949794,unit_mode_chain_amplitude,stellarator-linear-scan:stella-geometry
0.3,173,0.17578125,0.8198895483602409,1.5082700595053444,-0.07729582221945139,-0.07534594083949794,unit_mode_chain_amplitude,stellarator-linear-scan:stella-geometry
0.3,174,0.1796875,0.7872055669706738,1.6252063248867727,-0.07729582221945139,-0.07534594083949794,unit_mode_chain_amplitude,stellarator-linear-scan:stella-geometry
0.3,175,0.18359375,0.7189692806308796,1.8923100666067105,-0.07729582221945139,-0.07534594083949794,unit_mode_chain_amplitude,stellarator-linear-scan:stella-geometry
0.3,176,0.1875,0.9995104191513499,2.4393638913578095,-0.07729582221945139,-0.07534594083949794,unit_mode_chain_amplitude,stellarator-linear-scan:stella-geometry
0.3,177,0.19140625,0.7745668596788869,2.5685075143463307,-0.07729582221945139,-0.07534594083949794,unit_mode_chain_amplitude,stellarator-linear-scan:stella-geometry
0.3,178,0.1953125,0.30845343905566835,1.9728222025165252,-0.07729582221945139,-0.07534594083949794,unit_mode_chain_amplitude,stellarator-linear-scan:stella-geometry
0.3,179,0.19921875,0.280843412555339,0.8292890152830442,-0.07729582221945139,-0.07534594083949794,unit_mode_chain_amplitude,stellarator-linear-scan:stella-geometry
0.3,180,0.203125,0.11195645917387383,0.23133061272744243,-0.07729582221945139,-0.07534594083949794,unit_mode_chain_amplitude,stellarator-linear-scan:stella-geometry
0.3,181,0.20703125,0.00503418675250913,0.27043307041066783,-0.07729582221945139,-0.07534594083949794,unit_mode_chain_amplitude,stellarator-linear-scan:stella-geometry
0.3,182,0.2109375,0.43332747230114094,0.42933936309668486,-0.07729582221945139,-0.07534594083949794,unit_mode_chain_amplitude,stellarator-linear-scan:stella-geometry
0.3,183,0.21484375,0.6712396811060675,0.3749459446868609,-0.07729582221945139,-0.07534594083949794,unit_mode_chain_amplitude,stellarator-linear-scan:stella-geometry
0.3,184,0.21875,0.541537153869296,0.17348083435024608,-0.07729582221945139,-0.07534594083949794,unit_mode_chain_amplitude,stellarator-linear-scan:stella-geometry
0.3,185,0.22265625,0.35450100880075225,-0.005686909555006164,-0.07729582221945139,-0.07534594083949794,unit_mode_chain_amplitude,stellarator-linear-scan:stella-geometry
0.3,186,0.2265625,0.4908078563587208,0.31323607878941945,-0.07729582221945139,-0.07534594083949794,unit_mode_chain_amplitude,stellarator-linear-scan:stella-geometry
0.3,187,0.23046875,0.015857936469445517,0.6883354216289036,-0.07729582221945139,-0.07534594083949794,unit_mode_chain_amplitude,stellarator-linear-scan:stella-geometry
0.3,188,0.234375,-0.2605781360846364,1.2431099491187925,-0.07729582221945139,-0.07534594083949794,unit_mode_chain_amplitude,stellarator-linear-scan:stella-geometry
0.3,189,0.23828125,-0.13942944493165405,1.026745681774234,-0.07729582221945139,-0.07534594083949794,unit_mode_chain_amplitude,stellarator-linear-scan:stella-geometry
0.3,190,0.2421875,-0.1575453384860032,0.5706835233495665,-0.07729582221945139,-0.07534594083949794,unit_mode_chain_amplitude,stellarator-linear-scan:stella-geometry
0.3,191,0.24609375,-0.261690918875386,0.3775881117611391,-0.07729582221945139,-0.07534594083949794,unit_mode_chain_amplitude,stellarator-linear-scan:stella-geometry
0.3,192,0.25,-0.04387695778793168,0.3873865798948266,-0.07729582221945139,-0.07534594083949794,unit_mode_chain_amplitude,stellarator-linear-scan:stella-geometry
0.3,193,0.25390625,-0.12259534034369493,-0.05247352779372195,-0.07729582221945139,-0.07534594083949794,unit_mode_chain_amplitude,stellarator-linear-scan:stella-geometry
0.3,194,0.2578125,-0.4982509705089826,-0.3681920261836454,-0.07729582221945139,-0.07534594083949794,unit_mode_chain_amplitude,stellarator-linear-scan:stella-geometry
0.3,195,0.26171875,-0.7997466110711327,-0.6289479780020625,-0.07729582221945139,-0.07534594083949794,unit_mode_chain_amplitude,stellarator-linear-scan:stella-geometry
0.3,196,0.265625,-0.9357966145942893,-0.952277507588743,-0.07729582221945139,-0.07534594083949794,unit_mode_chain_amplitude,stellarator-linear-scan:stella-geometry
0.3,197,0.26953125,-0.9724306030777837,-1.1912203514376218,-0.07729582221945139,-0.07534594083949794,unit_mode_chain_amplitude,stellarator-linear-scan:stella-geometry
0.3,198,0.2734375,-0.8789474525823683,-1.1347489978800265,-0.07729582221945139,-0.07534594083949794,unit_mode_chain_amplitude,stellarator-linear-scan:stella-geometry
0.3,199,0.27734375,-1.0732976034162804,-1.064323108741652,-0.07729582221945139,-0.07534594083949794,unit_mode_chain_amplitude,stellarator-linear-scan:stella-geometry
0.3,200,0.28125,-1.654997233757944,-0.786431084808936,-0.07729582221945139,-0.07534594083949794,unit_mode_chain_amplitude,stellarator-linear-scan:stella-geometry
0.3,201,0.28515625,-1.4507126457390884,-0.31309094327558035,-0.07729582221945139,-0.07534594083949794,unit_mode_chain_amplitude,stellarator-linear-scan:stella-geometry
0.3,202,0.2890625,-0.6314512908284912,-0.18703137830496738,-0.07729582221945139,-0.07534594083949794,unit_mode_chain_amplitude,stellarator-linear-scan:stella-geometry
0.3,203,0.29296875,-0.32230653420718053,-0.46811431210173277,-0.07729582221945139,-0.07534594083949794,unit_mode_chain_amplitude,stellarator-linear-scan:stella-geometry
0.3,204,0.296875,-0.09617045541686019,-0.3423397588006127,-0.07729582221945139,-0.07534594083949794,unit_mode_chain_amplitude,stellarator-linear-scan:stella-geometry
0.3,205,0.30078125,0.11846685329912006,-0.251915596676526,-0.07729582221945139,-0.07534594083949794,unit_mode_chain_amplitude,stellarator-linear-scan:stella-geometry
0.3,206,0.3046875,0.01652856646412827,-0.34551950665045544,-0.07729582221945139,-0.07534594083949794,unit_mode_chain_amplitude,stellarator-linear-scan:stella-geometry
0.3,207,0.30859375,-0.238918376127586,-0.6008731749696146,-0.07729582221945139,-0.07534594083949794,unit_mode_chain_amplitude,stellarator-linear-scan:stella-geometry
0.3,208,0.3125,-0.555128985247111,-0.8334196018461053,-0.07729582221945139,-0.07534594083949794,unit_mode_chain_amplitude,stellarator-linear-scan:stella-geometry
0.3,209,0.31640625,-1.0212969875600437,-1.0058549666040075,-0.07729582221945139,-0.07534594083949794,unit_mode_chain_amplitude,stellarator-linear-scan:stella-geometry
0.3,210,0.3203125,-1.1170723540966914,-0.9257540594929972,-0.07729582221945139,-0.07534594083949794,unit_mode_chain_amplitude,stellarator-linear-scan:stella-geometry
0.3,211,0.32421875,-1.2276575085891772,-1.1468085585903145,-0.07729582221945139,-0.07534594083949794,unit_mode_chain_amplitude,stellarator-linear-scan:stella-geometry
0.3,212,0.328125,-1.1659073076992936,-1.4288008748668959,-0.07729582221945139,-0.07534594083949794,unit_mode_chain_amplitude,stellarator-linear-scan:stella-geometry
0.3,213,0.33203125,-1.0289135961355995,-1.5812574923484572,-0.07729582221945139,-0.07534594083949794,unit_mode_chain_amplitude,stellarator-linear-scan:stella-geometry
0.3,214,0.3359375,-0.7071102614218349,-1.1120920556278333,-0.07729582221945139,-0.07534594083949794,unit_mode_chain_amplitude,stellarator-linear-scan:stella-geometry
0.3,215,0.33984375,-0.5401308688685941,-0.7181675992188322,-0.07729582221945139,-0.07534594083949794,unit_mode_chain_amplitude,stellarator-linear-scan:stella-geometry
0.3,216,0.34375,-0.5059110490641917,-0.11374259634834746,-0.07729582221945139,-0.07534594083949794,unit_mode_chain_amplitude,stellarator-linear-scan:stella-geometry
0.3,217,0.34765625,-0.32642112479899066,0.11270337432294114,-0.07729582221945139,-0.07534594083949794,unit_mode_chain_amplitude,stellarator-linear-scan:stella-geometry
0.3,218,0.3515625,-0.24378756763855158,0.19644620645689034,-0.07729582221945139,-0.07534594083949794,unit_mode_chain_amplitude,stellarator-linear-scan:stella-geometry
0.3,219,0.35546875,-0.4637790011463073,0.09547485673291961,-0.07729582221945139,-0.07534594083949794,unit_mode_chain_amplitude,stellarator-linear-scan:stella-geometry
0.3,220,0.359375,-0.45503307756809924,0.323405460893523,-0.07729582221945139,-0.07534594083949794,unit_mode_chain_amplitude,stellarator-linear-scan:stella-geometry
0.3,221,0.36328125,-0.46086044659263925,0.6495284631790615,-0.07729582221945139,-0.07534594083949794,unit_mode_chain_amplitude,stellarator-linear-scan:stella-geometry
0.3,222,0.3671875,-0.6214530588173853,0.37628859772437706,-0.07729582221945139,-0.07534594083949794,unit_mode_chain_amplitude,stellarator-linear-scan:stella-geometry
0.3,223,0.37109375,-0.3239978501910206,-0.13595212925105132,-0.07729582221945139,-0.07534594083949794,unit_mode_chain_amplitude,stellarator-linear-scan:stella-geometry
0.3,224,0.375,0.34409863638079446,-0.4748301535137324,-0.07729582221945139,-0.07534594083949794,unit_mode_chain_amplitude,stellarator-linear-scan:stella-geometry
0.3,225,0.37890625,0.133056060757715,-0.6749040540612445,-0.07729582221945139,-0.07534594083949794,unit_mode_chain_amplitude,stellarator-linear-scan:stella-geometry
0.3,226,0.3828125,0.021032401802962737,-0.10498407486366389,-0.07729582221945139,-0.07534594083949794,unit_mode_chain_amplitude,stellarator-linear-scan:stella-geometry
0.3,227,0.38671875,0.08146966102391341,0.21037884318431616,-0.07729582221945139,-0.07534594083949794,unit_mode_chain_amplitude,stellarator-linear-scan:stella-geometry
0.3,228,0.390625,0.2354613152228845,0.19690467512990528,-0.07729582221945139,-0.07534594083949794,unit_mode_chain_amplitude,stellarator-linear-scan:stella-geometry
0.3,229,0.39453125,0.23129462253668587,0.15933669917965534,-0.07729582221945139,-0.07534594083949794,unit_mode_chain_amplitude,stellarator-linear-scan:stella-geometry
0.3,230,0.3984375,0.29457848504863243,0.31836547630641254,-0.07729582221945139,-0.07534594083949794,unit_mode_chain_amplitude,stellarator-linear-scan:stella-geometry
0.3,231,0.40234375,0.213494199535746,0.4438326717975913,-0.07729582221945139,-0.07534594083949794,unit_mode_chain_amplitude,stellarator-linear-scan:stella-geometry
0.3,232,0.40625,0.1516174484063255,0.9602792352350187,-0.07729582221945139,-0.07534594083949794,unit_mode_chain_amplitude,stellarator-linear-scan:stella-geometry
0.3,233,0.41015625,0.41165169884395536,1.241224351611305,-0.07729582221945139,-0.07534594083949794,unit_mode_chain_amplitude,stellarator-linear-scan:stella-geometry
0.3,234,0.4140625,0.8581705599074079,1.007821585244325,-0.07729582221945139,-0.07534594083949794,unit_mode_chain_amplitude,stellarator-linear-scan:stella-geometry
0.3,235,0.41796875,0.8229339870989523,0.8366193419064688,-0.07729582221945139,-0.07534594083949794,unit_mode_chain_amplitude,stellarator-linear-scan:stella-geometry
0.3,236,0.421875,0.8889959840520419,0.7694949890915299,-0.07729582221945139,-0.07534594083949794,unit_mode_chain_amplitude,stellarator-linear-scan:stella-geometry
0.3,237,0.42578125,1.171303572621101,0.47347631742554985,-0.07729582221945139,-0.07534594083949794,unit_mode_chain_amplitude,stellarator-linear-scan:stella-geometry
0.3,238,0.4296875,0.46043411340670554,0.361270532323032,-0.07729582221945139,-0.07534594083949794,unit_mode_chain_amplitude,stellarator-linear-scan:stella-geometry
0.3,239,0.43359375,-0.28529522967471815,0.42254062443251844,-0.07729582221945139,-0.07534594083949794,unit_mode_chain_amplitude,stellarator-linear-scan:stella-geometry
0.3,240,0.4375,-0.3410340497751353,0.455019368799045,-0.07729582221945139,-0.07534594083949794,unit_mode_chain_amplitude,stellarator-linear-scan:stella-geometry
0.3,241,0.44140625,-0.37720002664553,0.2401999512033768,-0.07729582221945139,-0.07534594083949794,unit_mode_chain_amplitude,stellarator-linear-scan:stella-geometry
0.3,242,0.4453125,-0.400648637464044,-0.013844662656474268,-0.07729582221945139,-0.07534594083949794,unit_mode_chain_amplitude,stellarator-linear-scan:stella-geometry
0.3,243,0.44921875,-0.34815189214515974,-0.053110320022650884,-0.07729582221945139,-0.07534594083949794,unit_mode_chain_amplitude,stellarator-linear-scan:stella-geometry
0.3,244,0.453125,0.06648268683514717,-0.012616986634771857,-0.07729582221945139,-0.07534594083949794,unit_mode_chain_amplitude,stellarator-linear-scan:stella-geometry
0.3,245,0.45703125,0.4365472344447104,0.20826764362117695,-0.07729582221945139,-0.07534594083949794,unit_mode_chain_amplitude,stellarator-linear-scan:stella-geometry
0.3,246,0.4609375,0.6000021609421282,0.005872167485304698,-0.07729582221945139,-0.07534594083949794,unit_mode_chain_amplitude,stellarator-linear-scan:stella-geometry
0.3,247,0.46484375,0.8706946758543734,-0.21442186390006257,-0.07729582221945139,-0.07534594083949794,unit_mode_chain_amplitude,stellarator-linear-scan:stella-geometry
0.3,248,0.46875,0.9606512277669813,-0.014117301980490299,-0.07729582221945139,-0.07534594083949794,unit_mode_chain_amplitude,stellarator-linear-scan:stella-geometry
0.3,249,0.47265625,0.7649430993996297,-0.14620022724568515,-0.07729582221945139,-0.07534594083949794,unit_mode_chain_amplitude,stellarator-linear-scan:stella-geometry
0.3,250,0.4765625,0.4053061169809674,0.033749450118722296,-0.07729582221945139,-0.07534594083949794,unit_mode_chain_amplitude,stellarator-linear-scan:stella-geometry
0.3,251,0.48046875,0.28180620891096153,0.01571944526572505,-0.07729582221945139,-0.07534594083949794,unit_mode_chain_amplitude,stellarator-linear-scan:stella-geometry
0.3,252,0.484375,0.3423323488134614,-0.2037033597064753,-0.07729582221945139,-0.07534594083949794,unit_mode_chain_amplitude,stellarator-linear-scan:stella-geometry
0.3,253,0.48828125,0.27594903952857347,-0.36086490161823737,-0.07729582221945139,-0.07534594083949794,unit_mode_chain_amplitude,stellarator-linear-scan:stella-geometry
0.3,254,0.4921875,0.3046928991636176,-0.4005496386051734,-0.07729582221945139,-0.07534594083949794,unit_mode_chain_amplitude,stellarator-linear-scan:stella-geometry
0.3,255,0.49609375,0.33416407474057264,-0.4435725582429704,-0.07729582221945139,-0.07534594083949794,unit_mode_chain_amplitude,stellarator-linear-scan:stella-geometry
