case,ky,term,z_index,z,density_real,density_imag,density_abs
gkw_fd_16x8,0.3,parallel_streaming,0,-0.5,0.10254073222988457,-0.07812188312808702,0.1289093882916189
gkw_fd_16x8,0.3,parallel_streaming,1,-0.49609375,0.04237559215879902,-0.018658245637750856,0.04630141402902851
gkw_fd_16x8,0.3,parallel_streaming,2,-0.4921875,0.12033896654687917,0.1006254295724416,0.1568660063436604
gkw_fd_16x8,0.3,parallel_streaming,3,-0.48828125,0.05270322890753805,0.18141918598735876,0.18891943092650956
gkw_fd_16x8,0.3,parallel_streaming,4,-0.484375,-0.3367601567816257,0.3432594516649923,0.48086843767597837
gkw_fd_16x8,0.3,parallel_streaming,5,-0.48046875,-0.2786249360750047,0.15841064846476965,0.3205086403668851
gkw_fd_16x8,0.3,parallel_streaming,6,-0.4765625,-0.11807434154137303,0.10056068551535073,0.15509352533792659
gkw_fd_16x8,0.3,parallel_streaming,7,-0.47265625,-0.11026290189129197,0.09804162916500066,0.14754683521789339
gkw_fd_16x8,0.3,parallel_streaming,8,-0.46875,-0.005565588048020485,0.04671759219882956,0.047047945663720635
gkw_fd_16x8,0.3,parallel_streaming,9,-0.46484375,0.3133455767364357,-0.0611091315365845,0.31924876885815096
gkw_fd_16x8,0.3,parallel_streaming,10,-0.4609375,0.2979530515429385,-0.2763951773501708,0.40641150941647963
gkw_fd_16x8,0.3,parallel_streaming,11,-0.45703125,0.11783010810674918,-0.25048999956830786,0.27681975048789254
gkw_fd_16x8,0.3,parallel_streaming,12,-0.453125,-0.08344647726782448,-0.05601273816628496,0.10050244477272353
gkw_fd_16x8,0.3,parallel_streaming,13,-0.44921875,-0.17380975688511405,0.12140916736844347,0.21201419176451647
gkw_fd_16x8,0.3,parallel_streaming,14,-0.4453125,-0.40738138569094634,0.1915056165547336,0.45014885824523004
gkw_fd_16x8,0.3,parallel_streaming,15,-0.44140625,-0.08608207048419547,0.07708154925237078,0.11554950494914143
gkw_fd_16x8,0.3,parallel_streaming,16,-0.4375,0.15591272672366221,-0.046819306109937786,0.16279074230134657
gkw_fd_16x8,0.3,parallel_streaming,17,-0.43359375,0.061229087967212284,0.0025499485906423655,0.06128216258514005
gkw_fd_16x8,0.3,parallel_streaming,18,-0.4296875,0.2469805502884794,-0.09980100661166517,0.2663824940597669
gkw_fd_16x8,0.3,parallel_streaming,19,-0.42578125,0.22473405882969516,-0.0701957216798296,0.2354417901312785
gkw_fd_16x8,0.3,parallel_streaming,20,-0.421875,0.2376241536843103,-0.043076395712386494,0.24149702748016347
gkw_fd_16x8,0.3,parallel_streaming,21,-0.41796875,0.1605013050105196,-0.02803033115130889,0.162930563046139
gkw_fd_16x8,0.3,parallel_streaming,22,-0.4140625,-0.005749968950757023,0.25071337803949995,0.2507793055076752
gkw_fd_16x8,0.3,parallel_streaming,23,-0.41015625,-0.260896296583324,0.3785738988215717,0.45976632590899846
gkw_fd_16x8,0.3,parallel_streaming,24,-0.40625,-0.23516615359607415,-0.07166040360799485,0.24584209005463867
gkw_fd_16x8,0.3,parallel_streaming,25,-0.40234375,-0.09588764342493926,-0.025736694890691785,0.09928150696622638
gkw_fd_16x8,0.3,parallel_streaming,26,-0.3984375,-0.1189613952021232,0.05488066439116082,0.131010308267903
gkw_fd_16x8,0.3,parallel_streaming,27,-0.39453125,-0.1462485182755045,0.129667140139344,0.19545382147631918
gkw_fd_16x8,0.3,parallel_streaming,28,-0.390625,-0.0702133899511883,0.037159765161270945,0.07944034412865061
gkw_fd_16x8,0.3,parallel_streaming,29,-0.38671875,-0.15250464552749296,-0.012463781236697663,0.15301311300075734
gkw_fd_16x8,0.3,parallel_streaming,30,-0.3828125,-0.1470027439174443,-0.16611322352366015,0.22181841616213743
gkw_fd_16x8,0.3,parallel_streaming,31,-0.37890625,0.15446054710297613,-0.39252277845177597,0.4218200946077044
gkw_fd_16x8,0.3,parallel_streaming,32,-0.375,0.4366889245204792,-0.40694614909825777,0.5969107010807849
gkw_fd_16x8,0.3,parallel_streaming,33,-0.37109375,0.581183714267246,-0.17597313757092406,0.6072405247313681
gkw_fd_16x8,0.3,parallel_streaming,34,-0.3671875,0.34393162012971046,-0.0269598213441158,0.34498665378816334
gkw_fd_16x8,0.3,parallel_streaming,35,-0.36328125,0.033120193112845586,-0.02652938321455965,0.04243530800615383
gkw_fd_16x8,0.3,parallel_streaming,36,-0.359375,-0.203924053279668,-0.10557417492221274,0.2296321534901305
gkw_fd_16x8,0.3,parallel_streaming,37,-0.35546875,0.013259879101688882,-0.05582127548489388,0.057374551767763904
gkw_fd_16x8,0.3,parallel_streaming,38,-0.3515625,0.10995266636288865,-0.015952582400514358,0.11110388708570869
gkw_fd_16x8,0.3,parallel_streaming,39,-0.34765625,0.14613763850556297,0.1266842217730773,0.19340398505261683
gkw_fd_16x8,0.3,parallel_streaming,40,-0.34375,-0.0770208140562219,0.2847265348716668,0.2949600065397165
gkw_fd_16x8,0.3,parallel_streaming,41,-0.33984375,-0.18289662624925707,0.27801565391449307,0.3327820303364706
gkw_fd_16x8,0.3,parallel_streaming,42,-0.3359375,-0.11704539451534837,0.1675842429763439,0.20441160160619018
gkw_fd_16x8,0.3,parallel_streaming,43,-0.33203125,-0.07563783257418097,0.11757078316663981,0.1397997523994119
gkw_fd_16x8,0.3,parallel_streaming,44,-0.328125,-0.030542025370387537,0.07554415073592746,0.08148456310331378
gkw_fd_16x8,0.3,parallel_streaming,45,-0.32421875,0.20341846313950593,-0.06515798186552844,0.21359923629738722
gkw_fd_16x8,0.3,parallel_streaming,46,-0.3203125,0.21453428407361713,-0.1228164047156156,0.24720199900132145
gkw_fd_16x8,0.3,parallel_streaming,47,-0.31640625,0.07296871116551523,-0.05149835649642194,0.08931132924208973
gkw_fd_16x8,0.3,parallel_streaming,48,-0.3125,-0.07060572862530339,0.050503015912101254,0.08680854526443775
gkw_fd_16x8,0.3,parallel_streaming,49,-0.30859375,-0.19268839416186884,0.08692534214483116,0.21138787181784033
gkw_fd_16x8,0.3,parallel_streaming,50,-0.3046875,-0.20051425796507152,0.04140868606289007,0.2047453221168636
gkw_fd_16x8,0.3,parallel_streaming,51,-0.30078125,-0.022651449815945433,-0.023196722776879113,0.0324218464364952
gkw_fd_16x8,0.3,parallel_streaming,52,-0.296875,0.08262547805715265,-0.0049087837573801784,0.08277116516124279
gkw_fd_16x8,0.3,parallel_streaming,53,-0.29296875,0.027911171922269832,-0.02529636681168403,0.0376688159084643
gkw_fd_16x8,0.3,parallel_streaming,54,-0.2890625,0.05748001612511555,-0.04752883465845143,0.07458513509898576
gkw_fd_16x8,0.3,parallel_streaming,55,-0.28515625,0.03902935925272123,0.003577956985196663,0.039193017998948414
gkw_fd_16x8,0.3,parallel_streaming,56,-0.28125,0.08425465386670719,0.033157544027698486,0.09054429537053894
gkw_fd_16x8,0.3,parallel_streaming,57,-0.27734375,0.03416706923823651,-0.03769406259550075,0.05087465946111066
gkw_fd_16x8,0.3,parallel_streaming,58,-0.2734375,-0.06450862034883609,0.042439777224818245,0.0772172052731933
gkw_fd_16x8,0.3,parallel_streaming,59,-0.26953125,-0.31822067930527037,0.007828726602326058,0.31831696420034183
gkw_fd_16x8,0.3,parallel_streaming,60,-0.265625,-0.247747431016938,-0.16432056845162565,0.2972878046468739
gkw_fd_16x8,0.3,parallel_streaming,61,-0.26171875,-0.09961511244478807,-0.11168531031928992,0.14965553504132034
gkw_fd_16x8,0.3,parallel_streaming,62,-0.2578125,-0.06983116253118384,-0.057975532112415934,0.09076096949776585
gkw_fd_16x8,0.3,parallel_streaming,63,-0.25390625,0.04372971303042006,-0.042584310297766846,0.0610386048764172
gkw_fd_16x8,0.3,parallel_streaming,64,-0.25,0.11697055449800335,-0.004634098944898423,0.1170623145704948
gkw_fd_16x8,0.3,parallel_streaming,65,-0.24609375,0.10589313148268385,-0.002327927579535943,0.10591871667474324
gkw_fd_16x8,0.3,parallel_streaming,66,-0.2421875,0.08989097213291274,-0.0032406331965577962,0.08994936672659083
gkw_fd_16x8,0.3,parallel_streaming,67,-0.23828125,0.022669891245167783,0.04373300092924019,0.049259510141135776
gkw_fd_16x8,0.3,parallel_streaming,68,-0.234375,0.03199216589989021,-0.07162505552244613,0.0784451863249721
gkw_fd_16x8,0.3,parallel_streaming,69,-0.23046875,0.10657016257160006,-0.11963318241302849,0.16021640953662086
gkw_fd_16x8,0.3,parallel_streaming,70,-0.2265625,0.12325482559910086,-0.08061061421483645,0.14727465212166677
gkw_fd_16x8,0.3,parallel_streaming,71,-0.22265625,0.1356621370036391,0.05564875440226267,0.14663219047302503
gkw_fd_16x8,0.3,parallel_streaming,72,-0.21875,-0.017189978844549515,0.12637895567431381,0.12754268230677224
gkw_fd_16x8,0.3,parallel_streaming,73,-0.21484375,-0.18176015320029845,0.07796847523262787,0.19777723939194033
gkw_fd_16x8,0.3,parallel_streaming,74,-0.2109375,-0.06254328909907877,0.01555313607207609,0.06444814235497762
gkw_fd_16x8,0.3,parallel_streaming,75,-0.20703125,0.05639650685387283,0.03376625158354898,0.06573222749399604
gkw_fd_16x8,0.3,parallel_streaming,76,-0.203125,0.17089902550862884,-0.03027582846243222,0.17356008385825814
gkw_fd_16x8,0.3,parallel_streaming,77,-0.19921875,0.3218778434401069,-0.09030325161093952,0.3343052846563491
gkw_fd_16x8,0.3,parallel_streaming,78,-0.1953125,0.21349309379916984,-0.08331889088485764,0.22917534483059895
gkw_fd_16x8,0.3,parallel_streaming,79,-0.19140625,0.06819231881062175,-0.033125844525804665,0.07581235994425486
gkw_fd_16x8,0.3,parallel_streaming,80,-0.1875,0.039139472936285086,-0.09869704413527135,0.10617440775803694
gkw_fd_16x8,0.3,parallel_streaming,81,-0.18359375,0.0018041561262800536,-0.09937147410474167,0.09938785059089132
gkw_fd_16x8,0.3,parallel_streaming,82,-0.1796875,-0.018282287210164203,-0.06365464405233906,0.06622805851800971
gkw_fd_16x8,0.3,parallel_streaming,83,-0.17578125,0.01761200237518986,-0.09119047910303091,0.09287564862063688
gkw_fd_16x8,0.3,parallel_streaming,84,-0.171875,0.014614736066805073,-0.09063455492635983,0.0918052997217574
gkw_fd_16x8,0.3,parallel_streaming,85,-0.16796875,-0.09640708049721793,-0.052959146828396225,0.10999543809989888
gkw_fd_16x8,0.3,parallel_streaming,86,-0.1640625,-0.045193675271358084,0.07061360417999317,0.08383763701239266
gkw_fd_16x8,0.3,parallel_streaming,87,-0.16015625,-0.028899637686193424,0.03481718736700738,0.0452484872072266
gkw_fd_16x8,0.3,parallel_streaming,88,-0.15625,-0.08537326672857384,0.042931944108338366,0.09556017212641313
gkw_fd_16x8,0.3,parallel_streaming,89,-0.15234375,-0.03535317397178576,0.07586604294855809,0.08369888519300488
gkw_fd_16x8,0.3,parallel_streaming,90,-0.1484375,0.08979916170393154,0.0836901074472888,0.12275147057069251
gkw_fd_16x8,0.3,parallel_streaming,91,-0.14453125,0.12661863041121335,0.08424942401566604,0.15208630120488476
gkw_fd_16x8,0.3,parallel_streaming,92,-0.140625,0.06286351400823792,0.21228407120994527,0.22139636013930544
gkw_fd_16x8,0.3,parallel_streaming,93,-0.13671875,-0.09259363096767191,0.1298252367373821,0.15946213528513506
gkw_fd_16x8,0.3,parallel_streaming,94,-0.1328125,-0.07561325784145598,0.03096517781565966,0.08170805956913874
gkw_fd_16x8,0.3,parallel_streaming,95,-0.12890625,-0.1902504041646616,0.023258193802314912,0.19166679384745583
gkw_fd_16x8,0.3,parallel_streaming,96,-0.125,-0.21254860416920685,0.1021045170991157,0.23580127554006527
gkw_fd_16x8,0.3,parallel_streaming,97,-0.12109375,-0.21902188301525616,0.10198761598690048,0.24160310232743293
gkw_fd_16x8,0.3,parallel_streaming,98,-0.1171875,-0.14464727431456276,0.006116959878182589,0.14477655599158196
gkw_fd_16x8,0.3,parallel_streaming,99,-0.11328125,-0.09429681589533159,-0.0024503919498150015,0.0943286483985951
gkw_fd_16x8,0.3,parallel_streaming,100,-0.109375,-0.07657393789496755,-0.00846757487700146,0.0770406891781218
gkw_fd_16x8,0.3,parallel_streaming,101,-0.10546875,-0.058986686136753036,-0.1204089987708881,0.13408115500100506
gkw_fd_16x8,0.3,parallel_streaming,102,-0.1015625,0.10444723127638739,-0.08740721190231622,0.13619561231493313
gkw_fd_16x8,0.3,parallel_streaming,103,-0.09765625,0.05870336040335306,-0.027502902655484537,0.0648266471223294
gkw_fd_16x8,0.3,parallel_streaming,104,-0.09375,-0.08479452524197155,0.022698964165842488,0.08778014858277212
gkw_fd_16x8,0.3,parallel_streaming,105,-0.08984375,-0.003058391254054311,0.04858537438385645,0.04868154024969188
gkw_fd_16x8,0.3,parallel_streaming,106,-0.0859375,0.0749176327062303,-0.01875424320093869,0.07722935535368389
gkw_fd_16x8,0.3,parallel_streaming,107,-0.08203125,0.03308221995454805,-0.10339601633572074,0.1085595204080127
gkw_fd_16x8,0.3,parallel_streaming,108,-0.078125,-0.012945153511594617,-0.10576387935337848,0.1065531565713318
gkw_fd_16x8,0.3,parallel_streaming,109,-0.07421875,0.0556420778791836,-0.0754220085154825,0.09372577126501892
gkw_fd_16x8,0.3,parallel_streaming,110,-0.0703125,0.02207820750945812,0.02990737871427953,0.03717389606148424
gkw_fd_16x8,0.3,parallel_streaming,111,-0.06640625,0.019837392979279916,0.07933097748841597,0.08177362746926387
gkw_fd_16x8,0.3,parallel_streaming,112,-0.0625,0.033524069969965646,0.03251570837294344,0.046702618324302295
gkw_fd_16x8,0.3,parallel_streaming,113,-0.05859375,0.08613463969983681,-0.039669237911631336,0.09483050454737818
gkw_fd_16x8,0.3,parallel_streaming,114,-0.0546875,0.17961249403764226,-0.04555104785477472,0.1852985320370619
gkw_fd_16x8,0.3,parallel_streaming,115,-0.05078125,0.2715705231594536,-0.1504290628677376,0.31045040184281464
gkw_fd_16x8,0.3,parallel_streaming,116,-0.046875,0.17618383763036677,-0.1631764967396822,0.24014019599058997
gkw_fd_16x8,0.3,parallel_streaming,117,-0.04296875,0.03527211783432247,-0.10889682849180601,0.11446677051481859
gkw_fd_16x8,0.3,parallel_streaming,118,-0.0390625,-0.01586314931314992,-0.043410481410453644,0.04621806359442843
gkw_fd_16x8,0.3,parallel_streaming,119,-0.03515625,-0.022780240580602983,-0.01905956432871961,0.029701958745354688
gkw_fd_16x8,0.3,parallel_streaming,120,-0.03125,0.02438959611521776,0.00902133383738604,0.02600455465623304
gkw_fd_16x8,0.3,parallel_streaming,121,-0.02734375,-0.03849731004275884,-0.026889695133873518,0.046958477242357015
gkw_fd_16x8,0.3,parallel_streaming,122,-0.0234375,-0.07425343397752909,0.027139888258126257,0.07905786483404957
gkw_fd_16x8,0.3,parallel_streaming,123,-0.01953125,0.01912389856176525,0.0904308258269996,0.09243082687044309
gkw_fd_16x8,0.3,parallel_streaming,124,-0.015625,-0.06386580599740349,0.04313138185915362,0.07706592811857978
gkw_fd_16x8,0.3,parallel_streaming,125,-0.01171875,-0.09746501709655757,0.07303865533668999,0.12179521637167878
gkw_fd_16x8,0.3,parallel_streaming,126,-0.0078125,-0.1665823742200666,0.06725179515499682,0.1796454601496068
gkw_fd_16x8,0.3,parallel_streaming,127,-0.00390625,-0.12406980009343863,0.06947734847930295,0.14219851351874366
gkw_fd_16x8,0.3,parallel_streaming,128,0.0,-0.014345013419537839,0.15046838602997908,0.15115063547492458
gkw_fd_16x8,0.3,parallel_streaming,129,0.00390625,0.024741967097715103,0.1634209305513272,0.16528328856277674
gkw_fd_16x8,0.3,parallel_streaming,130,0.0078125,-0.10912238086021774,0.13906366401848455,0.1767665032036567
gkw_fd_16x8,0.3,parallel_streaming,131,0.01171875,-0.16542853259718826,0.0378939128579243,0.1697131345209997
gkw_fd_16x8,0.3,parallel_streaming,132,0.015625,-0.14183290661844059,-0.026348126189159084,0.14425947855692237
gkw_fd_16x8,0.3,parallel_streaming,133,0.01953125,-0.044021813783033645,-0.020485191240515295,0.048554743835268824
gkw_fd_16x8,0.3,parallel_streaming,134,0.0234375,-0.07356980103483682,-0.027917520087980825,0.07868864944938558
gkw_fd_16x8,0.3,parallel_streaming,135,0.02734375,0.0605967020229902,-0.06464006459239584,0.0886019088201387
gkw_fd_16x8,0.3,parallel_streaming,136,0.03125,0.09111507999580866,0.001994442234801496,0.09113690582014825
gkw_fd_16x8,0.3,parallel_streaming,137,0.03515625,-0.017531479221805417,0.039768509162278275,0.04346132861170728
gkw_fd_16x8,0.3,parallel_streaming,138,0.0390625,-0.11610894389788395,0.020381509925650867,0.11788423473871036
gkw_fd_16x8,0.3,parallel_streaming,139,0.04296875,-0.08206609693848148,-0.043769536459544865,0.09300869093046986
gkw_fd_16x8,0.3,parallel_streaming,140,0.046875,0.145130861721786,-0.008450086154499464,0.1453766521148655
gkw_fd_16x8,0.3,parallel_streaming,141,0.05078125,0.3572107507462942,-0.030457048734601096,0.35850683712636916
gkw_fd_16x8,0.3,parallel_streaming,142,0.0546875,0.4674653793811676,0.0036256525429358734,0.46747943941561865
gkw_fd_16x8,0.3,parallel_streaming,143,0.05859375,0.33388440037929007,-0.11622756228951613,0.35353590914135075
gkw_fd_16x8,0.3,parallel_streaming,144,0.0625,0.14407554790945717,-0.03547864730342466,0.14837957379602856
gkw_fd_16x8,0.3,parallel_streaming,145,0.06640625,-0.05365834410739678,-0.05505799615720202,0.07688043205650105
gkw_fd_16x8,0.3,parallel_streaming,146,0.0703125,-0.13359155798137523,-0.011362970973394925,0.13407394032112788
gkw_fd_16x8,0.3,parallel_streaming,147,0.07421875,-0.002133001035968647,-0.002222218810074527,0.0030802515902588817
gkw_fd_16x8,0.3,parallel_streaming,148,0.078125,0.054099748751674254,0.040126923200210524,0.0673569059600415
gkw_fd_16x8,0.3,parallel_streaming,149,0.08203125,0.09219180922495523,-0.018357795237549962,0.09400179963253019
gkw_fd_16x8,0.3,parallel_streaming,150,0.0859375,-0.015362754870512692,-0.12344413936251623,0.12439642189453759
gkw_fd_16x8,0.3,parallel_streaming,151,0.08984375,-0.1732702825917147,-0.10942421239599885,0.20492986382637682
gkw_fd_16x8,0.3,parallel_streaming,152,0.09375,-0.31703460814695356,0.012652851530924023,0.317286995344524
gkw_fd_16x8,0.3,parallel_streaming,153,0.09765625,-0.08336000994640641,0.022510088198031113,0.08634578929483543
gkw_fd_16x8,0.3,parallel_streaming,154,0.1015625,0.09839727554365002,0.0293640243329667,0.10268529475752623
gkw_fd_16x8,0.3,parallel_streaming,155,0.10546875,-0.04869279123674848,0.09762107090551271,0.10909106930984182
gkw_fd_16x8,0.3,parallel_streaming,156,0.109375,-0.041769633354909214,0.13092966305061235,0.13743099700267922
gkw_fd_16x8,0.3,parallel_streaming,157,0.11328125,-0.09267910639167923,0.08572914971239469,0.12624937176861664
gkw_fd_16x8,0.3,parallel_streaming,158,0.1171875,-0.2096288988322092,-0.0036824593059373717,0.20966124041449455
gkw_fd_16x8,0.3,parallel_streaming,159,0.12109375,-0.08807714827989964,-0.038319470943655023,0.09605189171755572
gkw_fd_16x8,0.3,parallel_streaming,160,0.125,-0.025214392340785957,-0.03072784929104526,0.039748789958541836
gkw_fd_16x8,0.3,parallel_streaming,161,0.12890625,0.016246832645023686,0.01896790036498174,0.0249748036078621
gkw_fd_16x8,0.3,parallel_streaming,162,0.1328125,0.09709440742763502,-0.06156689513585459,0.1149687197910497
gkw_fd_16x8,0.3,parallel_streaming,163,0.13671875,0.08231191801616887,-0.0412959523346874,0.09209021406604113
gkw_fd_16x8,0.3,parallel_streaming,164,0.140625,0.1591222893502012,-0.08462278902822562,0.18022463591575025
gkw_fd_16x8,0.3,parallel_streaming,165,0.14453125,0.11034941315819463,0.021224969295984684,0.1123721153399429
gkw_fd_16x8,0.3,parallel_streaming,166,0.1484375,0.1393836053165382,0.06363301966628573,0.15322189994542687
gkw_fd_16x8,0.3,parallel_streaming,167,0.15234375,0.0858171784615614,0.05461183107299307,0.10172040214356512
gkw_fd_16x8,0.3,parallel_streaming,168,0.15625,0.07325331084883746,0.0852332967877494,0.11238666483006327
gkw_fd_16x8,0.3,parallel_streaming,169,0.16015625,-0.025660722694648346,0.015177361465726284,0.029813168068371296
gkw_fd_16x8,0.3,parallel_streaming,170,0.1640625,-0.08480088633936013,0.04887607938617953,0.09787778838993656
gkw_fd_16x8,0.3,parallel_streaming,171,0.16796875,-0.20019428497614722,0.07130584797602445,0.2125141776274956
gkw_fd_16x8,0.3,parallel_streaming,172,0.171875,-0.18449062398190796,0.07342036043223842,0.19856318808689982
gkw_fd_16x8,0.3,parallel_streaming,173,0.17578125,-0.08864012335585555,0.15827045832835618,0.18140179009042118
gkw_fd_16x8,0.3,parallel_streaming,174,0.1796875,-0.0054485450579907415,0.12920781105350812,0.12932263947386788
gkw_fd_16x8,0.3,parallel_streaming,175,0.18359375,0.021348032277904622,0.061574134891674175,0.06516987471060955
gkw_fd_16x8,0.3,parallel_streaming,176,0.1875,-0.07862117410875107,0.06942625603376529,0.10488705375357095
gkw_fd_16x8,0.3,parallel_streaming,177,0.19140625,-0.21485479990339038,0.029954961977967633,0.21693290388649528
gkw_fd_16x8,0.3,parallel_streaming,178,0.1953125,0.02247315366507456,-0.1338734242485744,0.13574658874422166
gkw_fd_16x8,0.3,parallel_streaming,179,0.19921875,0.344220157098818,-0.24830351258548122,0.4244315621103397
gkw_fd_16x8,0.3,parallel_streaming,180,0.203125,0.32224660521385046,-0.2479941063631026,0.40662507468512693
gkw_fd_16x8,0.3,parallel_streaming,181,0.20703125,0.25036130827914627,-0.21250882836061857,0.328391210013984
gkw_fd_16x8,0.3,parallel_streaming,182,0.2109375,0.0783844118767897,-0.1700345239606289,0.1872320895674347
gkw_fd_16x8,0.3,parallel_streaming,183,0.21484375,-0.16352495210444146,-0.04070357993669886,0.16851466221199599
gkw_fd_16x8,0.3,parallel_streaming,184,0.21875,-0.04267690973474282,-0.062280065116285976,0.07549917307756561
gkw_fd_16x8,0.3,parallel_streaming,185,0.22265625,0.21809063784620691,-0.2562776277081784,0.33651411379004165
gkw_fd_16x8,0.3,parallel_streaming,186,0.2265625,0.34855288151607206,-0.2850812118974851,0.45028924991620195
gkw_fd_16x8,0.3,parallel_streaming,187,0.23046875,0.17240884281432808,-0.21976413038503992,0.27932254131105944
gkw_fd_16x8,0.3,parallel_streaming,188,0.234375,-0.30754841307635805,0.10088602834250018,0.3236727005796286
gkw_fd_16x8,0.3,parallel_streaming,189,0.23828125,-0.35997169191611283,0.23072550592887944,0.4275673959355253
gkw_fd_16x8,0.3,parallel_streaming,190,0.2421875,-0.1713845734729854,0.0788959102561021,0.18867229971475954
gkw_fd_16x8,0.3,parallel_streaming,191,0.24609375,-0.0027859586096285215,-0.04311985862234061,0.043209764787432076
gkw_fd_16x8,0.3,parallel_streaming,192,0.25,-0.0057507219152815765,-0.02015511010875752,0.020959467217537744
gkw_fd_16x8,0.3,parallel_streaming,193,0.25390625,-0.15192573849665805,0.15436108978432045,0.2165843393626556
gkw_fd_16x8,0.3,parallel_streaming,194,0.2578125,-0.107411790989538,0.21983485931734661,0.24467255304724675
gkw_fd_16x8,0.3,parallel_streaming,195,0.26171875,-0.3987539387698103,0.4954111028313316,0.6359535081222478
gkw_fd_16x8,0.3,parallel_streaming,196,0.265625,-0.2998467715052148,0.547872953127817,0.6245581311223926
gkw_fd_16x8,0.3,parallel_streaming,197,0.26953125,0.04213750322746868,0.4081271823603429,0.41029668065881003
gkw_fd_16x8,0.3,parallel_streaming,198,0.2734375,0.12971271985984784,0.08006080203356736,0.15243071119593135
gkw_fd_16x8,0.3,parallel_streaming,199,0.27734375,0.07715948110642315,-0.13803162290315307,0.15813384977888423
gkw_fd_16x8,0.3,parallel_streaming,200,0.28125,0.074438733028956,-0.25126605915629147,0.2620605988295248
gkw_fd_16x8,0.3,parallel_streaming,201,0.28515625,0.11643205004459335,-0.2713329464826937,0.29525919143113394
gkw_fd_16x8,0.3,parallel_streaming,202,0.2890625,0.26302782075520903,-0.15076435244677847,0.3031724335422513
gkw_fd_16x8,0.3,parallel_streaming,203,0.29296875,0.2944127928972098,-0.10422220846745454,0.312315803889859
gkw_fd_16x8,0.3,parallel_streaming,204,0.296875,0.18425682381033906,-0.22245792303860384,0.28885654682441203
gkw_fd_16x8,0.3,parallel_streaming,205,0.30078125,0.1536495509111311,0.008622502092612689,0.15389129942114785
gkw_fd_16x8,0.3,parallel_streaming,206,0.3046875,0.09246860738568233,0.1951847936901585,0.2159804320759573
gkw_fd_16x8,0.3,parallel_streaming,207,0.30859375,0.006905692120016379,0.1214742656371649,0.12167039819013069
gkw_fd_16x8,0.3,parallel_streaming,208,0.3125,0.04086903057293225,-0.07235431079421646,0.08309888056091573
gkw_fd_16x8,0.3,parallel_streaming,209,0.31640625,0.1050476707101072,-0.11613386403738926,0.15659529845392528
gkw_fd_16x8,0.3,parallel_streaming,210,0.3203125,0.06499015238544077,-0.011998999675845603,0.06608854590852908
gkw_fd_16x8,0.3,parallel_streaming,211,0.32421875,-0.03270307360198802,-0.026028379906487063,0.04179674130328183
gkw_fd_16x8,0.3,parallel_streaming,212,0.328125,0.060681595574306205,0.04960628369894745,0.07837754413008945
gkw_fd_16x8,0.3,parallel_streaming,213,0.33203125,0.07584907959295774,0.1677899075108405,0.18413727470991648
gkw_fd_16x8,0.3,parallel_streaming,214,0.3359375,-0.04720035661488039,0.12210840414512873,0.13091346770841406
gkw_fd_16x8,0.3,parallel_streaming,215,0.33984375,-0.20272251825323992,-0.10079262384985614,0.22639693555672033
gkw_fd_16x8,0.3,parallel_streaming,216,0.34375,-0.28322829454416265,-0.3512783677544403,0.4512369205668113
gkw_fd_16x8,0.3,parallel_streaming,217,0.34765625,-0.15678964500632733,-0.1991718045208384,0.25348057222851855
gkw_fd_16x8,0.3,parallel_streaming,218,0.3515625,-0.105348991672314,-0.008933246657229808,0.10572706816237833
gkw_fd_16x8,0.3,parallel_streaming,219,0.35546875,-0.10816899433903263,0.09909757950049045,0.14669990320096907
gkw_fd_16x8,0.3,parallel_streaming,220,0.359375,0.030282788857985955,0.35390242250692977,0.35519568121993095
gkw_fd_16x8,0.3,parallel_streaming,221,0.36328125,-0.04076703665331536,0.05298679918577747,0.06685470937373572
gkw_fd_16x8,0.3,parallel_streaming,222,0.3671875,-0.2064562910477178,-0.4172027741865873,0.4654915196887743
gkw_fd_16x8,0.3,parallel_streaming,223,0.37109375,-0.10034481243955007,-0.5364946283038958,0.5457981014830152
gkw_fd_16x8,0.3,parallel_streaming,224,0.375,0.16951441332695974,-0.20526584835663592,0.26621270598367913
gkw_fd_16x8,0.3,parallel_streaming,225,0.37890625,0.27129590925682495,0.1603811733940095,0.3151564550484834
gkw_fd_16x8,0.3,parallel_streaming,226,0.3828125,0.11357967081781471,0.13797073362951848,0.17870720455916345
gkw_fd_16x8,0.3,parallel_streaming,227,0.38671875,-0.05856945958710594,-0.009091234382507874,0.05927083717076492
gkw_fd_16x8,0.3,parallel_streaming,228,0.390625,-0.15417990670041531,-0.01126234065651035,0.154590698126414
gkw_fd_16x8,0.3,parallel_streaming,229,0.39453125,-0.12539790915464616,-0.1014960665367966,0.16132602748099495
gkw_fd_16x8,0.3,parallel_streaming,230,0.3984375,0.03148747164814993,0.021488346528239024,0.03812099037683475
gkw_fd_16x8,0.3,parallel_streaming,231,0.40234375,0.17830675442391183,0.23963778849177167,0.2986964484998379
gkw_fd_16x8,0.3,parallel_streaming,232,0.40625,0.5113996666909385,0.626702087868021,0.8088789316268162
gkw_fd_16x8,0.3,parallel_streaming,233,0.41015625,0.47031113031710337,0.304782324840296,0.5604327121387608
gkw_fd_16x8,0.3,parallel_streaming,234,0.4140625,0.20801818278960676,0.009475961373142733,0.2082339026552486
gkw_fd_16x8,0.3,parallel_streaming,235,0.41796875,0.051302588195257626,0.061333571223576994,0.07996100621283964
gkw_fd_16x8,0.3,parallel_streaming,236,0.421875,0.05918484768479532,0.030057197523911512,0.06637982614065703
gkw_fd_16x8,0.3,parallel_streaming,237,0.42578125,0.027112376988262733,-0.0904770314061414,0.09445196767681219
gkw_fd_16x8,0.3,parallel_streaming,238,0.4296875,-0.03283590528829686,-0.021471100676307395,0.03923270116056412
gkw_fd_16x8,0.3,parallel_streaming,239,0.43359375,0.037482751135127466,-0.10438014704264569,0.11090613927687788
gkw_fd_16x8,0.3,parallel_streaming,240,0.4375,-0.09331807655772419,-0.13000970805570924,0.1600337077029837
gkw_fd_16x8,0.3,parallel_streaming,241,0.44140625,0.10318348356629926,-0.2005010285737298,0.22549388847594157
gkw_fd_16x8,0.3,parallel_streaming,242,0.4453125,0.025007167704616723,-0.44163313334611065,0.44234057343376315
gkw_fd_16x8,0.3,parallel_streaming,243,0.44921875,-0.17271326525137665,-0.3088866351105328,0.3538938051784742
gkw_fd_16x8,0.3,parallel_streaming,244,0.453125,-0.15009505586414593,-0.05494893714147156,0.15983714051445766
gkw_fd_16x8,0.3,parallel_streaming,245,0.45703125,-0.2645649885700995,0.20626812682182094,0.33547156857128696
gkw_fd_16x8,0.3,parallel_streaming,246,0.4609375,-0.1994753639056926,0.3146927050831712,0.37258813646957717
gkw_fd_16x8,0.3,parallel_streaming,247,0.46484375,-0.2235190614985164,0.2667773761374719,0.34803870369826934
gkw_fd_16x8,0.3,parallel_streaming,248,0.46875,-0.282107236153069,-0.16898634300208384,0.32884780189495166
gkw_fd_16x8,0.3,parallel_streaming,249,0.47265625,-0.1730700414663934,-0.26756720622393615,0.3186619668232491
gkw_fd_16x8,0.3,parallel_streaming,250,0.4765625,-0.11843859333084247,-0.16246654008165956,0.2010549105003262
gkw_fd_16x8,0.3,parallel_streaming,251,0.48046875,0.07327843528905674,-0.2279212609394441,0.2394114246786035
gkw_fd_16x8,0.3,parallel_streaming,252,0.484375,0.20268175655704723,-0.2350153527447758,0.31034192508715536
gkw_fd_16x8,0.3,parallel_streaming,253,0.48828125,0.14527900891071072,0.02970480756753267,0.14828474642626768
gkw_fd_16x8,0.3,parallel_streaming,254,0.4921875,0.10629032538880911,0.06773009046442643,0.1260357029796649
gkw_fd_16x8,0.3,parallel_streaming,255,0.49609375,0.15877013280823082,-0.020011750741370432,0.1600263267080701
gkw_fd_16x8,0.3,magnetic_drift,0,-0.5,-0.04021572009455732,0.09449033618118848,0.10269239394598705
gkw_fd_16x8,0.3,magnetic_drift,1,-0.49609375,0.018289920944167173,0.023109114865126564,0.02947121303905726
gkw_fd_16x8,0.3,magnetic_drift,2,-0.4921875,-0.018764130177517435,-0.03282682098474595,0.03781127817574245
gkw_fd_16x8,0.3,magnetic_drift,3,-0.48828125,0.033142683280190356,-0.10965132430118711,0.11455064546310996
gkw_fd_16x8,0.3,magnetic_drift,4,-0.484375,0.31870758425629464,-0.21576439118511584,0.384875040455947
gkw_fd_16x8,0.3,magnetic_drift,5,-0.48046875,0.19149112973611102,-0.06656731215049976,0.20273149684879796
gkw_fd_16x8,0.3,magnetic_drift,6,-0.4765625,-0.009481796290106755,0.0018435168222277992,0.009659348588850033
gkw_fd_16x8,0.3,magnetic_drift,7,-0.47265625,-0.004204305440800714,0.000977976884438619,0.004316552215141473
gkw_fd_16x8,0.3,magnetic_drift,8,-0.46875,-0.09816752094325876,0.014147275392504542,0.09918168968704108
gkw_fd_16x8,0.3,magnetic_drift,9,-0.46484375,-0.4342197632403053,0.1296284062047609,0.45315596264824026
gkw_fd_16x8,0.3,magnetic_drift,10,-0.4609375,-0.44948969679062134,0.2268668903071908,0.5034973420372542
gkw_fd_16x8,0.3,magnetic_drift,11,-0.45703125,-0.25066888854138447,0.19809448453803577,0.3194938442082462
gkw_fd_16x8,0.3,magnetic_drift,12,-0.453125,-0.08179924725411633,0.059489979958094824,0.10114432543032052
gkw_fd_16x8,0.3,magnetic_drift,13,-0.44921875,0.09997275999301916,-0.05589415334741076,0.11453693342780608
gkw_fd_16x8,0.3,magnetic_drift,14,-0.4453125,0.3952225833120772,-0.13655024626291076,0.41814693603365477
gkw_fd_16x8,0.3,magnetic_drift,15,-0.44140625,0.11598665017519678,-0.042385218768713116,0.1234885006344119
gkw_fd_16x8,0.3,magnetic_drift,16,-0.4375,-0.11102131396124822,0.048584433353143774,0.12118654759472323
gkw_fd_16x8,0.3,magnetic_drift,17,-0.43359375,-0.007588624565970731,0.0032045703941395247,0.008237505339254719
gkw_fd_16x8,0.3,magnetic_drift,18,-0.4296875,-0.18821824514565125,0.09014805437224954,0.20869302698655393
gkw_fd_16x8,0.3,magnetic_drift,19,-0.42578125,-0.21529787444123816,0.147378822469191,0.2609093560057218
gkw_fd_16x8,0.3,magnetic_drift,20,-0.421875,-0.12762135670495833,0.08842266433021828,0.155260356351738
gkw_fd_16x8,0.3,magnetic_drift,21,-0.41796875,-0.1133576411543971,0.1003766581712914,0.15141145370719267
gkw_fd_16x8,0.3,magnetic_drift,22,-0.4140625,0.1289394406652752,-0.09242372391596565,0.15864275622154536
gkw_fd_16x8,0.3,magnetic_drift,23,-0.41015625,0.3739854635092748,-0.09618398294972616,0.38615603775199514
gkw_fd_16x8,0.3,magnetic_drift,24,-0.40625,0.28090073990571574,0.2880837666880182,0.4023648621695675
gkw_fd_16x8,0.3,magnetic_drift,25,-0.40234375,0.06335234095223989,0.16792488210549525,0.17947781237321042
gkw_fd_16x8,0.3,magnetic_drift,26,-0.3984375,0.003126601067075009,0.018401183864993682,0.018664919015788373
gkw_fd_16x8,0.3,magnetic_drift,27,-0.39453125,-0.00847991780427762,-0.13824272001619065,0.13850255825594768
gkw_fd_16x8,0.3,magnetic_drift,28,-0.390625,-0.016683680343085913,-0.07551036552568363,0.07733149740961068
gkw_fd_16x8,0.3,magnetic_drift,29,-0.38671875,0.0023410976496485774,0.0158972267970596,0.016068682523540625
gkw_fd_16x8,0.3,magnetic_drift,30,-0.3828125,-0.015805979725209224,0.13199648908293826,0.13293946789910047
gkw_fd_16x8,0.3,magnetic_drift,31,-0.37890625,-0.23686830653821447,0.2806002604708594,0.3672098866024657
gkw_fd_16x8,0.3,magnetic_drift,32,-0.375,-0.4713746159094138,0.1851777585217209,0.5064433144734721
gkw_fd_16x8,0.3,magnetic_drift,33,-0.37109375,-0.5667745161422212,0.010636412787491074,0.5668743118410243
gkw_fd_16x8,0.3,magnetic_drift,34,-0.3671875,-0.2943899755491675,-0.08285656295941377,0.3058278400167106
gkw_fd_16x8,0.3,magnetic_drift,35,-0.36328125,-0.0110054086687087,-0.005984486641650094,0.012527294214209908
gkw_fd_16x8,0.3,magnetic_drift,36,-0.359375,0.18051208952226616,0.06790434768644574,0.1928616470385347
gkw_fd_16x8,0.3,magnetic_drift,37,-0.35546875,-0.004502775700107135,-0.001139351562655664,0.004644686317589295
gkw_fd_16x8,0.3,magnetic_drift,38,-0.3515625,-0.06691101045647144,-0.028417206788468905,0.07269539849237112
gkw_fd_16x8,0.3,magnetic_drift,39,-0.34765625,-0.08604336280499737,-0.09598907679263845,0.1289083517321335
gkw_fd_16x8,0.3,magnetic_drift,40,-0.34375,0.1150286821277831,-0.1787375803647191,0.21255286482823274
gkw_fd_16x8,0.3,magnetic_drift,41,-0.33984375,0.29767460155411024,-0.16059414429649985,0.33823164782841253
gkw_fd_16x8,0.3,magnetic_drift,42,-0.3359375,0.20621138815888748,-0.05304314385068934,0.2129241924159401
gkw_fd_16x8,0.3,magnetic_drift,43,-0.33203125,0.1666922667245358,-0.02463152625765521,0.16850229633908656
gkw_fd_16x8,0.3,magnetic_drift,44,-0.328125,-0.0016135434731952953,0.000269107892342913,0.001635830552842311
gkw_fd_16x8,0.3,magnetic_drift,45,-0.32421875,-0.15829028678592294,0.052400325056129134,0.1667381448762032
gkw_fd_16x8,0.3,magnetic_drift,46,-0.3203125,-0.16544156268542434,0.0825241498686285,0.18488143761701725
gkw_fd_16x8,0.3,magnetic_drift,47,-0.31640625,-0.06062327042837001,0.03985827329789872,0.072552483539306
gkw_fd_16x8,0.3,magnetic_drift,48,-0.3125,0.03755624851199288,-0.013970243049418775,0.04007043165670169
gkw_fd_16x8,0.3,magnetic_drift,49,-0.30859375,0.143930104408926,-0.012827882211790287,0.14450062116546042
gkw_fd_16x8,0.3,magnetic_drift,50,-0.3046875,0.1420522483603224,0.004836925623092259,0.14213457395618437
gkw_fd_16x8,0.3,magnetic_drift,51,-0.30078125,0.0027681575216007377,0.0002883480511510981,0.0027831350421776836
gkw_fd_16x8,0.3,magnetic_drift,52,-0.296875,-0.11910474016746801,-0.00830783801038978,0.11939413428961636
gkw_fd_16x8,0.3,magnetic_drift,53,-0.29296875,-0.06176695411327091,0.019183405648346433,0.06467735053865398
gkw_fd_16x8,0.3,magnetic_drift,54,-0.2890625,-0.08280803659554598,0.042683186251187576,0.09316128655918643
gkw_fd_16x8,0.3,magnetic_drift,55,-0.28515625,-0.1244514394714833,0.0635363300762415,0.1397319792534314
gkw_fd_16x8,0.3,magnetic_drift,56,-0.28125,-0.1284193111879487,0.03840569267957045,0.1340392357341119
gkw_fd_16x8,0.3,magnetic_drift,57,-0.27734375,-0.09055023894891465,0.02761043375486653,0.09466615987689271
gkw_fd_16x8,0.3,magnetic_drift,58,-0.2734375,0.03405059578664325,-0.00887179582955122,0.03518738175350091
gkw_fd_16x8,0.3,magnetic_drift,59,-0.26953125,0.23276502204394972,-0.01391098520627141,0.23318034007293476
gkw_fd_16x8,0.3,magnetic_drift,60,-0.265625,0.21255983512203014,0.040336963742426256,0.21635330862055807
gkw_fd_16x8,0.3,magnetic_drift,61,-0.26171875,0.07859525506345606,0.030661097085378283,0.08436419259951883
gkw_fd_16x8,0.3,magnetic_drift,62,-0.2578125,0.004328751334306882,0.005244241861257708,0.006800011824521434
gkw_fd_16x8,0.3,magnetic_drift,63,-0.25390625,0.0019642934482149823,-0.0024755622477575087,0.0031601989167175087
gkw_fd_16x8,0.3,magnetic_drift,64,-0.25,-0.017859951920474872,0.0009319832299578459,0.017884252160562844
gkw_fd_16x8,0.3,magnetic_drift,65,-0.24609375,-0.022366323757705257,0.004331702328605242,0.022781924490660018
gkw_fd_16x8,0.3,magnetic_drift,66,-0.2421875,0.008186117947148137,0.0007056977677859038,0.008216479561471497
gkw_fd_16x8,0.3,magnetic_drift,67,-0.23828125,0.052442290232913455,0.021606760221285815,0.056719008208300586
gkw_fd_16x8,0.3,magnetic_drift,68,-0.234375,0.001963200974043371,0.08075851916782537,0.08078237788184067
gkw_fd_16x8,0.3,magnetic_drift,69,-0.23046875,-0.11327732219734823,0.10119971901373591,0.15189843597832384
gkw_fd_16x8,0.3,magnetic_drift,70,-0.2265625,-0.0925894917942432,0.07077081382900054,0.11653892946451534
gkw_fd_16x8,0.3,magnetic_drift,71,-0.22265625,-0.05093220500847245,0.021136735350419905,0.05514391252258727
gkw_fd_16x8,0.3,magnetic_drift,72,-0.21875,0.04110565541297037,-0.02444003962067957,0.047822488889540736
gkw_fd_16x8,0.3,magnetic_drift,73,-0.21484375,0.05733252779210997,-0.02062155404222559,0.0609283779051231
gkw_fd_16x8,0.3,magnetic_drift,74,-0.2109375,-0.05587310442341633,0.02461008608726701,0.061052928964404965
gkw_fd_16x8,0.3,magnetic_drift,75,-0.20703125,-0.11622034246114825,0.042631396693412704,0.12379258453484884
gkw_fd_16x8,0.3,magnetic_drift,76,-0.203125,-0.16138785505361794,0.07492966288254234,0.17793396004838152
gkw_fd_16x8,0.3,magnetic_drift,77,-0.19921875,-0.19871293474495821,0.06670173295533006,0.20960904468604924
gkw_fd_16x8,0.3,magnetic_drift,78,-0.1953125,-0.11031307134161142,0.032087020243324244,0.11488494495326596
gkw_fd_16x8,0.3,magnetic_drift,79,-0.19140625,-0.017559755043365082,-0.007033114972096033,0.018915858515904237
gkw_fd_16x8,0.3,magnetic_drift,80,-0.1875,0.0040690967701026955,-0.0014767440957919524,0.00432877830905171
gkw_fd_16x8,0.3,magnetic_drift,81,-0.18359375,-0.002475433545458936,0.0008963662995947579,0.0026327255422912196
gkw_fd_16x8,0.3,magnetic_drift,82,-0.1796875,0.00532660586146691,-0.016605426467371755,0.017438833624033003
gkw_fd_16x8,0.3,magnetic_drift,83,-0.17578125,-0.0014630271355073813,0.006640211977550468,0.00679947523754853
gkw_fd_16x8,0.3,magnetic_drift,84,-0.171875,0.018100830887854632,0.04419010738442093,0.047753593262469425
gkw_fd_16x8,0.3,magnetic_drift,85,-0.16796875,0.11728195130936489,0.04935638827935836,0.1272442893292859
gkw_fd_16x8,0.3,magnetic_drift,86,-0.1640625,0.04986524334127805,0.00847571530136624,0.05058043340418001
gkw_fd_16x8,0.3,magnetic_drift,87,-0.16015625,-0.016168522543770936,-0.00022862844269129636,0.016170138905193004
gkw_fd_16x8,0.3,magnetic_drift,88,-0.15625,-0.015650684244687754,-0.00014174306714803003,0.015651326091548984
gkw_fd_16x8,0.3,magnetic_drift,89,-0.15234375,-0.03808028780027893,-0.00033020532297128435,0.03808171942687713
gkw_fd_16x8,0.3,magnetic_drift,90,-0.1484375,-0.11078975365738462,-3.3887054717410096e-05,0.11078975883986952
gkw_fd_16x8,0.3,magnetic_drift,91,-0.14453125,-0.17384554251489392,-0.0066617528217011454,0.17397313471612574
gkw_fd_16x8,0.3,magnetic_drift,92,-0.140625,-0.15165903943209563,-0.034850487879439396,0.15561176288089823
gkw_fd_16x8,0.3,magnetic_drift,93,-0.13671875,-0.06786291651800415,-0.020083888220498957,0.07077243816898707
gkw_fd_16x8,0.3,magnetic_drift,94,-0.1328125,-0.006557870737883023,-0.00272080584903486,0.007099891061342049
gkw_fd_16x8,0.3,magnetic_drift,95,-0.12890625,0.12456925030873592,0.04889402184988183,0.133821237085663
gkw_fd_16x8,0.3,magnetic_drift,96,-0.125,0.13317174816896504,0.056770843139937396,0.14476754864677932
gkw_fd_16x8,0.3,magnetic_drift,97,-0.12109375,0.10624591377447541,0.04581744407967786,0.11570407242516433
gkw_fd_16x8,0.3,magnetic_drift,98,-0.1171875,0.12021165464077167,0.06915376113191887,0.13868339695206003
gkw_fd_16x8,0.3,magnetic_drift,99,-0.11328125,0.029708553560719515,0.019907867295368607,0.03576200965997502
gkw_fd_16x8,0.3,magnetic_drift,100,-0.109375,0.0050076342947176136,0.003018991637622571,0.005847282423285794
gkw_fd_16x8,0.3,magnetic_drift,101,-0.10546875,-0.002961864280161571,-0.0001781797071485119,0.002967218903643031
gkw_fd_16x8,0.3,magnetic_drift,102,-0.1015625,-0.057564620117712406,0.0029212124508665996,0.05763869335333373
gkw_fd_16x8,0.3,magnetic_drift,103,-0.09765625,0.030020679008514555,-0.006681329786866327,0.030755183885861157
gkw_fd_16x8,0.3,magnetic_drift,104,-0.09375,0.16620820313615994,-0.015232375247303245,0.16690473943368314
gkw_fd_16x8,0.3,magnetic_drift,105,-0.08984375,0.0706789628792139,-0.06725132699355052,0.09756155378054797
gkw_fd_16x8,0.3,magnetic_drift,106,-0.0859375,-0.0907067110961465,-0.03803584971800535,0.09835869713274203
gkw_fd_16x8,0.3,magnetic_drift,107,-0.08203125,-0.0980824702254266,-0.0293837739175962,0.10238934092551871
gkw_fd_16x8,0.3,magnetic_drift,108,-0.078125,-0.022425953081498712,-0.0072910141885019495,0.023581396470746134
gkw_fd_16x8,0.3,magnetic_drift,109,-0.07421875,0.00995115142327465,0.0022012859392189304,0.010191715971078867
gkw_fd_16x8,0.3,magnetic_drift,110,-0.0703125,0.00506610469366449,-0.0002018146387186846,0.0050701228698691835
gkw_fd_16x8,0.3,magnetic_drift,111,-0.06640625,-0.021141191451569584,0.0020006645284502815,0.021235645376284612
gkw_fd_16x8,0.3,magnetic_drift,112,-0.0625,-0.10724368769747031,0.015302382262764628,0.10832991947688468
gkw_fd_16x8,0.3,magnetic_drift,113,-0.05859375,-0.17462127202656236,-0.021846577249651555,0.17598256044761845
gkw_fd_16x8,0.3,magnetic_drift,114,-0.0546875,-0.27291001059586995,-0.05851102543637979,0.2791118306003071
gkw_fd_16x8,0.3,magnetic_drift,115,-0.05078125,-0.20602402785071428,-0.06655290631867648,0.21650678832612713
gkw_fd_16x8,0.3,magnetic_drift,116,-0.046875,-0.03862458055990854,-0.024820608841661828,0.045912099131924324
gkw_fd_16x8,0.3,magnetic_drift,117,-0.04296875,0.019999489647980415,0.012004205198846749,0.023325533833884596
gkw_fd_16x8,0.3,magnetic_drift,118,-0.0390625,0.009953291324260689,-0.0038136597922349084,0.010658893432083478
gkw_fd_16x8,0.3,magnetic_drift,119,-0.03515625,0.00040082838966691656,-0.00021317526659291698,0.0004539901895965757
gkw_fd_16x8,0.3,magnetic_drift,120,-0.03125,-0.010033818083290038,0.016317027441217158,0.01915523139630508
gkw_fd_16x8,0.3,magnetic_drift,121,-0.02734375,0.030444811592865578,0.04106607768574699,0.051120536865499465
gkw_fd_16x8,0.3,magnetic_drift,122,-0.0234375,0.0714937149786568,0.029778769710724344,0.07744757198862834
gkw_fd_16x8,0.3,magnetic_drift,123,-0.01953125,0.011442160573371319,0.003509265909778545,0.01196820729317248
gkw_fd_16x8,0.3,magnetic_drift,124,-0.015625,0.03641543144741473,0.023587507997690885,0.04338725827985093
gkw_fd_16x8,0.3,magnetic_drift,125,-0.01171875,0.03554217017599917,0.015314496610898403,0.0387011584744553
gkw_fd_16x8,0.3,magnetic_drift,126,-0.0078125,-0.009749637773682531,-0.005689051841893632,0.011288079888881484
gkw_fd_16x8,0.3,magnetic_drift,127,-0.00390625,-0.05461431242025522,-0.03530391756460961,0.0650314517487192
gkw_fd_16x8,0.3,magnetic_drift,128,0.0,-0.08349626239237647,-0.06697400376578318,0.10703804470334703
gkw_fd_16x8,0.3,magnetic_drift,129,0.00390625,-0.07294371636583616,-0.050636150844891474,0.08879642745992745
gkw_fd_16x8,0.3,magnetic_drift,130,0.0078125,-0.01504681357062165,-0.008550987599290821,0.01730681910555112
gkw_fd_16x8,0.3,magnetic_drift,131,0.01171875,0.04651610699917663,0.02134841523890612,0.05118108091445127
gkw_fd_16x8,0.3,magnetic_drift,132,0.015625,0.05187528293289561,0.022834926516673494,0.05667873365196023
gkw_fd_16x8,0.3,magnetic_drift,133,0.01953125,0.013676557349826628,0.0024050123349994815,0.013886407212616098
gkw_fd_16x8,0.3,magnetic_drift,134,0.0234375,0.059911904348732524,0.01868724491231184,0.06275866000086681
gkw_fd_16x8,0.3,magnetic_drift,135,0.02734375,-0.0030647465533719855,0.018196201590382186,0.0184524909904932
gkw_fd_16x8,0.3,magnetic_drift,136,0.03125,-0.02375035696198673,0.007872918796978677,0.02502123710382066
gkw_fd_16x8,0.3,magnetic_drift,137,0.03515625,0.0007393919099510361,-7.730579315273448e-05,0.0007434222098888453
gkw_fd_16x8,0.3,magnetic_drift,138,0.0390625,0.01793303886031892,-0.00035229489401417623,0.017936498946507284
gkw_fd_16x8,0.3,magnetic_drift,139,0.04296875,0.04675070256841897,0.014983157791726685,0.04909300569381097
gkw_fd_16x8,0.3,magnetic_drift,140,0.046875,-0.060010452807363536,-0.03534340552483364,0.06964489041012016
gkw_fd_16x8,0.3,magnetic_drift,141,0.05078125,-0.24349538173283206,-0.14432021167083547,0.28305180519108575
gkw_fd_16x8,0.3,magnetic_drift,142,0.0546875,-0.32928498003432305,-0.11320201660931012,0.3482000784615349
gkw_fd_16x8,0.3,magnetic_drift,143,0.05859375,-0.22323037199685208,-0.019087966273647464,0.2240449719103664
gkw_fd_16x8,0.3,magnetic_drift,144,0.0625,-0.17097980310357036,0.024136467298694803,0.1726750188156835
gkw_fd_16x8,0.3,magnetic_drift,145,0.06640625,-0.039175061428321056,0.009558945203570061,0.04032442028495367
gkw_fd_16x8,0.3,magnetic_drift,146,0.0703125,0.009680750366834594,-0.004239898846092709,0.010568522597320138
gkw_fd_16x8,0.3,magnetic_drift,147,0.07421875,0.0157494991951159,-0.005265621789560893,0.0166064294093479
gkw_fd_16x8,0.3,magnetic_drift,148,0.078125,-0.03327323754947904,0.010444323380642774,0.03487394769600229
gkw_fd_16x8,0.3,magnetic_drift,149,0.08203125,-0.13299741562497513,0.0648193662621395,0.14795223149904757
gkw_fd_16x8,0.3,magnetic_drift,150,0.0859375,-0.1123739947057881,0.1343651646514111,0.17516253069060547
gkw_fd_16x8,0.3,magnetic_drift,151,0.08984375,0.05029654534907414,0.137030117694583,0.14596915985728884
gkw_fd_16x8,0.3,magnetic_drift,152,0.09375,0.20262598345191332,0.0713632186408489,0.2148255062711052
gkw_fd_16x8,0.3,magnetic_drift,153,0.09765625,0.039473007273232545,-0.0022672522575708626,0.039538066922804024
gkw_fd_16x8,0.3,magnetic_drift,154,0.1015625,-0.07598080351477114,-0.008584299821186582,0.07646419231359397
gkw_fd_16x8,0.3,magnetic_drift,155,0.10546875,-0.0059038959939767075,-0.0006745847861486965,0.005942310370672126
gkw_fd_16x8,0.3,magnetic_drift,156,0.109375,0.010864508380841341,0.002783851411569264,0.011215496914495937
gkw_fd_16x8,0.3,magnetic_drift,157,0.11328125,0.054549292429654186,0.01272259440842619,0.05601329943020001
gkw_fd_16x8,0.3,magnetic_drift,158,0.1171875,0.15665266719648127,0.06490497235312138,0.16956625128819405
gkw_fd_16x8,0.3,magnetic_drift,159,0.12109375,0.11390184256182727,0.03595447066720986,0.11944184233315618
gkw_fd_16x8,0.3,magnetic_drift,160,0.125,0.13501041078274775,0.02621178293704946,0.13753133673627
gkw_fd_16x8,0.3,magnetic_drift,161,0.12890625,0.1354429960570536,0.0005722144185095765,0.1354442047865164
gkw_fd_16x8,0.3,magnetic_drift,162,0.1328125,-0.008068474737784912,0.00247803199621886,0.00844043406280493
gkw_fd_16x8,0.3,magnetic_drift,163,0.13671875,-0.060865102774165125,0.02584298995308356,0.06612428347759136
gkw_fd_16x8,0.3,magnetic_drift,164,0.140625,-0.12599630891740785,0.0660285101985591,0.14224919690406723
gkw_fd_16x8,0.3,magnetic_drift,165,0.14453125,-0.15164425014538951,0.07529037975027644,0.16930629015219223
gkw_fd_16x8,0.3,magnetic_drift,166,0.1484375,-0.09773386453976676,0.03386806233242083,0.1034357478052449
gkw_fd_16x8,0.3,magnetic_drift,167,0.15234375,-0.035074670690238924,0.005709571223412448,0.035536343756553304
gkw_fd_16x8,0.3,magnetic_drift,168,0.15625,-0.015149282109993443,-0.00020082574910820842,0.015150613170088935
gkw_fd_16x8,0.3,magnetic_drift,169,0.16015625,-0.013989316611116097,-0.0009085502975800278,0.014018788923772322
gkw_fd_16x8,0.3,magnetic_drift,170,0.1640625,0.04192936636332548,0.0033722902507827062,0.04206476084759658
gkw_fd_16x8,0.3,magnetic_drift,171,0.16796875,0.16159182439492667,0.04216042829361027,0.16700125575929503
gkw_fd_16x8,0.3,magnetic_drift,172,0.171875,0.10059626155031885,0.046419807602639813,0.11078992000974754
gkw_fd_16x8,0.3,magnetic_drift,173,0.17578125,0.016515503886830978,0.009042158527094269,0.018828767869009187
gkw_fd_16x8,0.3,magnetic_drift,174,0.1796875,-0.05716886660874461,-0.026857293617108785,0.06316322925376779
gkw_fd_16x8,0.3,magnetic_drift,175,0.18359375,-0.11129695903258138,-0.005064729930773013,0.11141213838344441
gkw_fd_16x8,0.3,magnetic_drift,176,0.1875,0.026007416581500072,0.0009886683748916163,0.026026201843511388
gkw_fd_16x8,0.3,magnetic_drift,177,0.19140625,0.13248709441860534,0.043597584739483976,0.13947608964478797
gkw_fd_16x8,0.3,magnetic_drift,178,0.1953125,-0.04792123516224722,0.16629655176530253,0.17306353720095213
gkw_fd_16x8,0.3,magnetic_drift,179,0.19921875,-0.3336641359362125,0.19329817418001904,0.38561112503581674
gkw_fd_16x8,0.3,magnetic_drift,180,0.203125,-0.33670984080662986,0.16507590008508147,0.3749980929083851
gkw_fd_16x8,0.3,magnetic_drift,181,0.20703125,-0.24179579451788996,0.10474773737660653,0.2635095723727246
gkw_fd_16x8,0.3,magnetic_drift,182,0.2109375,-0.11933268067019165,0.05795452166046452,0.132661280171824
gkw_fd_16x8,0.3,magnetic_drift,183,0.21484375,0.12374224377983531,-0.053543772986063116,0.13482981317665338
gkw_fd_16x8,0.3,magnetic_drift,184,0.21875,0.1099615969636047,-0.071125308143466,0.13095939166508536
gkw_fd_16x8,0.3,magnetic_drift,185,0.22265625,-0.12855968622439043,0.08631784000662711,0.15484948312966174
gkw_fd_16x8,0.3,magnetic_drift,186,0.2265625,-0.20641075476123324,0.15868250152208585,0.2603565554588721
gkw_fd_16x8,0.3,magnetic_drift,187,0.23046875,-0.04254594621759429,0.13609445987235783,0.14258982974777423
gkw_fd_16x8,0.3,magnetic_drift,188,0.234375,0.3247904806383134,-0.02085403563097557,0.32545928641746363
gkw_fd_16x8,0.3,magnetic_drift,189,0.23828125,0.28708802049370474,-0.09693568955393125,0.3030116489844738
gkw_fd_16x8,0.3,magnetic_drift,190,0.2421875,0.0330525884027172,-0.013830151426163345,0.035829410943944415
gkw_fd_16x8,0.3,magnetic_drift,191,0.24609375,-0.09576301884680302,0.04628181626196059,0.10636052978036087
gkw_fd_16x8,0.3,magnetic_drift,192,0.25,-0.11402747101860553,0.04119937174736372,0.12124212295764371
gkw_fd_16x8,0.3,magnetic_drift,193,0.25390625,0.045035168632879374,-0.014063085848173978,0.047179834647495256
gkw_fd_16x8,0.3,magnetic_drift,194,0.2578125,0.08759161765821105,-0.027701553274004215,0.09186766317793614
gkw_fd_16x8,0.3,magnetic_drift,195,0.26171875,0.44557276245669303,-0.2110925896990555,0.49304682137616745
gkw_fd_16x8,0.3,magnetic_drift,196,0.265625,0.3743550931279357,-0.2931624973248704,0.47548500038232544
gkw_fd_16x8,0.3,magnetic_drift,197,0.26953125,0.11961821605652419,-0.26207171676153174,0.28808002766398405
gkw_fd_16x8,0.3,magnetic_drift,198,0.2734375,-0.00051262200167955,-0.03162865930753028,0.031632813199404634
gkw_fd_16x8,0.3,magnetic_drift,199,0.27734375,0.028939813520375484,0.12498893837879145,0.1282955475597319
gkw_fd_16x8,0.3,magnetic_drift,200,0.28125,0.036262198511465886,0.24920572653734693,0.2518301832185568
gkw_fd_16x8,0.3,magnetic_drift,201,0.28515625,0.014260986905458484,0.337770167601568,0.33807108996350016
gkw_fd_16x8,0.3,magnetic_drift,202,0.2890625,-0.025456575084764996,0.22022418042769645,0.22169061067193818
gkw_fd_16x8,0.3,magnetic_drift,203,0.29296875,-0.014148921898844986,0.16458517948957285,0.1651922313503711
gkw_fd_16x8,0.3,magnetic_drift,204,0.296875,-0.01352508714344815,0.2432493374592429,0.24362505650404373
gkw_fd_16x8,0.3,magnetic_drift,205,0.30078125,0.0003824521815301693,-0.005219541989735619,0.005233534967282673
gkw_fd_16x8,0.3,magnetic_drift,206,0.3046875,0.03379360897797941,-0.18742916495352363,0.1904513058052681
gkw_fd_16x8,0.3,magnetic_drift,207,0.30859375,0.034420430934930066,-0.1536291124158628,0.15743782978506818
gkw_fd_16x8,0.3,magnetic_drift,208,0.3125,0.006483324185601262,-0.03596622282566105,0.03654589822183475
gkw_fd_16x8,0.3,magnetic_drift,209,0.31640625,-0.009301991742477601,0.05572796056152462,0.05649896139509084
gkw_fd_16x8,0.3,magnetic_drift,210,0.3203125,-0.00981201633858217,0.11176508595095665,0.1121949646920633
gkw_fd_16x8,0.3,magnetic_drift,211,0.32421875,0.029794710446351083,0.15039035341216309,0.15331334961449775
gkw_fd_16x8,0.3,magnetic_drift,212,0.328125,0.0003425944308501821,0.0019233041184738193,0.0019535786844117426
gkw_fd_16x8,0.3,magnetic_drift,213,0.33203125,0.006328663603069942,-0.16485528647911973,0.16497671794260382
gkw_fd_16x8,0.3,magnetic_drift,214,0.3359375,0.05368633466881214,-0.08771566447294003,0.10284094672892259
gkw_fd_16x8,0.3,magnetic_drift,215,0.33984375,0.14961027620995052,0.1057080688578961,0.1831868733541882
gkw_fd_16x8,0.3,magnetic_drift,216,0.34375,0.24857640888772892,0.38254438421969267,0.4562131485978273
gkw_fd_16x8,0.3,magnetic_drift,217,0.34765625,0.15353205891112678,0.3073800663203839,0.34359074243147664
gkw_fd_16x8,0.3,magnetic_drift,218,0.3515625,0.05539986864225212,0.12943084101738228,0.14078880655807008
gkw_fd_16x8,0.3,magnetic_drift,219,0.35546875,0.001976738322984913,0.006065799797633082,0.006379766577432339
gkw_fd_16x8,0.3,magnetic_drift,220,0.359375,-0.11846901659129408,-0.2964265221725156,0.3192234185322267
gkw_fd_16x8,0.3,magnetic_drift,221,0.36328125,0.010708801652722047,0.020770181811982914,0.02336833082058212
gkw_fd_16x8,0.3,magnetic_drift,222,0.3671875,0.17981582277077143,0.40459424149719536,0.4427530128315564
gkw_fd_16x8,0.3,magnetic_drift,223,0.37109375,0.07947331669587784,0.36461051808942724,0.37317132522218777
gkw_fd_16x8,0.3,magnetic_drift,224,0.375,-0.08690604506978944,0.024001632033858,0.09015951979664151
gkw_fd_16x8,0.3,magnetic_drift,225,0.37890625,-0.16363528560863885,-0.2322915443987155,0.28414057840329887
gkw_fd_16x8,0.3,magnetic_drift,226,0.3828125,-0.07905853929447533,-0.13615638311015488,0.1574446356565233
gkw_fd_16x8,0.3,magnetic_drift,227,0.38671875,-0.01184001863177677,-0.018252070690341907,0.021756013552258584
gkw_fd_16x8,0.3,magnetic_drift,228,0.390625,0.055262896421817975,0.07688021397815285,0.09468133407517636
gkw_fd_16x8,0.3,magnetic_drift,229,0.39453125,0.08912470751120254,0.13403266156796406,0.16095952241464248
gkw_fd_16x8,0.3,magnetic_drift,230,0.3984375,-0.01019849513584226,-0.016689108991202288,0.0195585189100818
gkw_fd_16x8,0.3,magnetic_drift,231,0.40234375,-0.14083854684284677,-0.20497231502946975,0.2486948857643537
gkw_fd_16x8,0.3,magnetic_drift,232,0.40625,-0.3178817596618101,-0.5495091478801537,0.63482999041449
gkw_fd_16x8,0.3,magnetic_drift,233,0.41015625,-0.2225674621856935,-0.29997392468613315,0.3735246052342228
gkw_fd_16x8,0.3,magnetic_drift,234,0.4140625,-0.05140071266924547,-0.012345929631305694,0.052862607213109376
gkw_fd_16x8,0.3,magnetic_drift,235,0.41796875,0.04025274873939553,-0.001507656482827303,0.04028097328947154
gkw_fd_16x8,0.3,magnetic_drift,236,0.421875,0.07004208983372517,0.009184741145654183,0.07064172859003594
gkw_fd_16x8,0.3,magnetic_drift,237,0.42578125,0.15270024026327672,0.04228006182493208,0.15844547012894536
gkw_fd_16x8,0.3,magnetic_drift,238,0.4296875,0.15383490741915312,0.050415597055930655,0.16188548782137754
gkw_fd_16x8,0.3,magnetic_drift,239,0.43359375,0.006230824229146059,0.0016888990634738427,0.0064556603551547236
gkw_fd_16x8,0.3,magnetic_drift,240,0.4375,0.0877102032584184,0.004895791996248237,0.08784673320564401
gkw_fd_16x8,0.3,magnetic_drift,241,0.44140625,-0.08901494853966514,0.012720235693602408,0.08991921629785277
gkw_fd_16x8,0.3,magnetic_drift,242,0.4453125,-0.11804265096500596,0.17960087152298482,0.21491984668397174
gkw_fd_16x8,0.3,magnetic_drift,243,0.44921875,0.013138046888639773,0.08478479039160709,0.08579667218369746
gkw_fd_16x8,0.3,magnetic_drift,244,0.453125,-0.020695392377428012,-0.11838356614164819,0.12017889997029303
gkw_fd_16x8,0.3,magnetic_drift,245,0.45703125,0.01809006783188587,-0.3666912859444544,0.3671372355696979
gkw_fd_16x8,0.3,magnetic_drift,246,0.4609375,0.07313495289083874,-0.5437947714627298,0.5486906913777085
gkw_fd_16x8,0.3,magnetic_drift,247,0.46484375,0.19510213279922606,-0.4695154216203229,0.5084383673191043
gkw_fd_16x8,0.3,magnetic_drift,248,0.46875,0.07210461714011833,-0.09085752483472552,0.11599209297195999
gkw_fd_16x8,0.3,magnetic_drift,249,0.47265625,0.0038583861999107395,-0.0032702392085795775,0.005057826464895056
gkw_fd_16x8,0.3,magnetic_drift,250,0.4765625,0.007160059491034546,-0.006397195301914783,0.009601591516305744
gkw_fd_16x8,0.3,magnetic_drift,251,0.48046875,-0.1250305008124282,0.12673665374682,0.17803035004276083
gkw_fd_16x8,0.3,magnetic_drift,252,0.484375,-0.18380867246736138,0.11507373664973401,0.2168584629216625
gkw_fd_16x8,0.3,magnetic_drift,253,0.48828125,-0.029870387750957975,-0.06779258924858883,0.07408154440493571
gkw_fd_16x8,0.3,magnetic_drift,254,0.4921875,0.020662791019138958,-0.052952528922427015,0.0568411932666889
gkw_fd_16x8,0.3,magnetic_drift,255,0.49609375,-0.03234246814404238,0.0440535742724331,0.05465119076310393
gkw_fd_16x8,0.3,mirror_force,0,-0.5,0.0,0.0,0.0
gkw_fd_16x8,0.3,mirror_force,1,-0.49609375,0.0033988872747371733,-0.0023575171223485384,0.004136462460670569
gkw_fd_16x8,0.3,mirror_force,2,-0.4921875,0.002761864064009277,-0.001809150418983701,0.003301653880493039
gkw_fd_16x8,0.3,mirror_force,3,-0.48828125,0.001316776608777488,-0.000734051223469267,0.0015075582363876592
gkw_fd_16x8,0.3,mirror_force,4,-0.484375,-0.0017148230224384717,0.00041159282402228363,0.0017635267650567864
gkw_fd_16x8,0.3,mirror_force,5,-0.48046875,-0.00012712097859371094,0.00021397893575399087,0.0002488909965125964
gkw_fd_16x8,0.3,mirror_force,6,-0.4765625,0.0005963253851200931,0.0002872894837621211,0.0006619208505697138
gkw_fd_16x8,0.3,mirror_force,7,-0.47265625,-0.000511380971865123,-0.00027765922981266085,0.0005818978830395224
gkw_fd_16x8,0.3,mirror_force,8,-0.46875,-0.0011733999798895388,0.00035311339945628354,0.0012253801800585576
gkw_fd_16x8,0.3,mirror_force,9,-0.46484375,-0.00016918944581138622,0.002997734907724776,0.0030025055612880446
gkw_fd_16x8,0.3,mirror_force,10,-0.4609375,-0.000421725631434242,-0.0004140808314936528,0.0005910291390609138
gkw_fd_16x8,0.3,mirror_force,11,-0.45703125,-0.0011854484406012627,0.0010658536407192093,0.0015941555723198281
gkw_fd_16x8,0.3,mirror_force,12,-0.453125,-0.001703276147303323,0.0012060394673885993,0.002087026792082801
gkw_fd_16x8,0.3,mirror_force,13,-0.44921875,-0.0006672990431870934,0.00025909865686603057,0.0007158352652867777
gkw_fd_16x8,0.3,mirror_force,14,-0.4453125,0.0022636079861132682,0.0008877552640502942,0.002431466743273445
gkw_fd_16x8,0.3,mirror_force,15,-0.44140625,0.002448516677105165,0.002411592016903357,0.0034367149975018467
gkw_fd_16x8,0.3,mirror_force,16,-0.4375,0.00391524642925936,0.003802566946372503,0.0054578997777050536
gkw_fd_16x8,0.3,mirror_force,17,-0.43359375,0.001003751585041773,0.0004775516945112955,0.0011115632529930454
gkw_fd_16x8,0.3,mirror_force,18,-0.4296875,-0.0013879328917501493,-0.0005654068465426552,0.0014986802908289818
gkw_fd_16x8,0.3,mirror_force,19,-0.42578125,-0.001920103489284591,0.0016707659951481525,0.002545241917796078
gkw_fd_16x8,0.3,mirror_force,20,-0.421875,-0.0034960696587308833,0.0011551386159675274,0.0036819625583101806
gkw_fd_16x8,0.3,mirror_force,21,-0.41796875,-0.000923056385743152,0.0009822655353326204,0.0013479164192053935
gkw_fd_16x8,0.3,mirror_force,22,-0.4140625,0.0045973808221427956,-0.001772426050227142,0.004927210623398411
gkw_fd_16x8,0.3,mirror_force,23,-0.41015625,0.005118453550105561,0.0026699404805119228,0.005772967080632321
gkw_fd_16x8,0.3,mirror_force,24,-0.40625,-0.00013923524495001462,0.007501194883078884,0.007502486996147686
gkw_fd_16x8,0.3,mirror_force,25,-0.40234375,0.00041972169080825366,-0.00047483830804033694,0.000633748938080017
gkw_fd_16x8,0.3,mirror_force,26,-0.3984375,0.004439522634491047,-0.004635313246461711,0.006418371297687734
gkw_fd_16x8,0.3,mirror_force,27,-0.39453125,0.0049531837563766305,-0.0025171452238625237,0.005556082199036225
gkw_fd_16x8,0.3,mirror_force,28,-0.390625,0.002955160288689451,-0.0017911790664146723,0.00345561785789593
gkw_fd_16x8,0.3,mirror_force,29,-0.38671875,-0.0010987532710578396,0.00018407327023201264,0.0011140654017939026
gkw_fd_16x8,0.3,mirror_force,30,-0.3828125,-0.005219871448926477,0.001135706395087063,0.005341992789133981
gkw_fd_16x8,0.3,mirror_force,31,-0.37890625,-0.009448398172463967,-0.0038624539301355355,0.010207388421522905
gkw_fd_16x8,0.3,mirror_force,32,-0.375,-0.00462718685682033,-0.006180755161595718,0.00772091915354143
gkw_fd_16x8,0.3,mirror_force,33,-0.37109375,-3.6811656697287136e-05,0.002136160925303607,0.0021364780824672087
gkw_fd_16x8,0.3,mirror_force,34,-0.3671875,-0.005695252692417249,0.005174895160580773,0.007695157123378848
gkw_fd_16x8,0.3,mirror_force,35,-0.36328125,-0.0056917738878053264,0.003844495992743468,0.006868510713984739
gkw_fd_16x8,0.3,mirror_force,36,-0.359375,-0.0007756907533509301,0.0009642813854059772,0.0012375519120726227
gkw_fd_16x8,0.3,mirror_force,37,-0.35546875,-0.0004549589847203607,-0.002654423084868238,0.0026931300732157726
gkw_fd_16x8,0.3,mirror_force,38,-0.3515625,0.0010649668689601936,-0.005220648586812227,0.005328163482755327
gkw_fd_16x8,0.3,mirror_force,39,-0.34765625,0.002368682758311164,-0.00490245033029213,0.005444692576307867
gkw_fd_16x8,0.3,mirror_force,40,-0.34375,0.001283318439363598,-0.00046736746140601095,0.0013657739786625456
gkw_fd_16x8,0.3,mirror_force,41,-0.33984375,-0.003142277028007886,-0.0007792178596438106,0.0032374504464985953
gkw_fd_16x8,0.3,mirror_force,42,-0.3359375,-0.0038672109957540407,-0.0025008203000691656,0.00460536893841514
gkw_fd_16x8,0.3,mirror_force,43,-0.33203125,-0.0008402442262961333,-0.0006388518023878335,0.001055529244141616
gkw_fd_16x8,0.3,mirror_force,44,-0.328125,5.685502249994464e-05,0.00016521586258377694,0.00017472485465087868
gkw_fd_16x8,0.3,mirror_force,45,-0.32421875,-0.00035308201467580506,0.0018464851505091001,0.0018799399778019882
gkw_fd_16x8,0.3,mirror_force,46,-0.3203125,0.00027781567656926464,0.0020448125305706937,0.0020635987583167816
gkw_fd_16x8,0.3,mirror_force,47,-0.31640625,0.00014178404387651518,0.00022496960354687773,0.0002659211116440681
gkw_fd_16x8,0.3,mirror_force,48,-0.3125,-0.0009813334610992725,-0.0011798764539108744,0.001534641263737678
gkw_fd_16x8,0.3,mirror_force,49,-0.30859375,5.061135039665038e-05,-0.000833724409918345,0.0008352591816212888
gkw_fd_16x8,0.3,mirror_force,50,-0.3046875,0.0002165728668506704,-0.0005873980937664358,0.0006260513774574422
gkw_fd_16x8,0.3,mirror_force,51,-0.30078125,-0.000469002969391995,0.0006368002954233285,0.0007908719248713707
gkw_fd_16x8,0.3,mirror_force,52,-0.296875,-0.0011047374557438994,0.003927073856765675,0.004079504127049749
gkw_fd_16x8,0.3,mirror_force,53,-0.29296875,-0.002498249537206081,0.010974111225718574,0.011254881960491315
gkw_fd_16x8,0.3,mirror_force,54,-0.2890625,2.968866939212614e-05,-0.0006105060515331027,0.0006112274994212992
gkw_fd_16x8,0.3,mirror_force,55,-0.28515625,-0.001536028439516586,-0.0045789086799911975,0.004829677842952104
gkw_fd_16x8,0.3,mirror_force,56,-0.28125,-0.006371453167849265,-0.0030147530401706934,0.0070486985581251
gkw_fd_16x8,0.3,mirror_force,57,-0.27734375,-0.004313064923239648,0.0015226193809333398,0.004573936905038597
gkw_fd_16x8,0.3,mirror_force,58,-0.2734375,0.0010628572848117054,-0.0005204333794099077,0.0011834342019230843
gkw_fd_16x8,0.3,mirror_force,59,-0.26953125,0.0019849392385234066,0.0023698985652778276,0.0030913432339900056
gkw_fd_16x8,0.3,mirror_force,60,-0.265625,-0.008137733010313947,0.010324788843106787,0.01314625281979225
gkw_fd_16x8,0.3,mirror_force,61,-0.26171875,-0.007949807608720829,0.0032358715957204534,0.008583140800410186
gkw_fd_16x8,0.3,mirror_force,62,-0.2578125,0.008267755102928112,-0.002523735200966087,0.008644363123249114
gkw_fd_16x8,0.3,mirror_force,63,-0.25390625,0.015121929617766382,-0.0026054508957945328,0.01534474273929272
gkw_fd_16x8,0.3,mirror_force,64,-0.25,0.009688953863016074,-0.00014400931668184422,0.009690024026953972
gkw_fd_16x8,0.3,mirror_force,65,-0.24609375,0.002241783283917863,0.0008992704917192559,0.002415425368197194
gkw_fd_16x8,0.3,mirror_force,66,-0.2421875,-0.001902315255893268,-0.0010786364123646069,0.0021868378638763004
gkw_fd_16x8,0.3,mirror_force,67,-0.23828125,-0.008184682991534777,-0.0028771718544959193,0.00867566444442281
gkw_fd_16x8,0.3,mirror_force,68,-0.234375,-0.012318803107819227,-0.004973750865597937,0.013284995584577847
gkw_fd_16x8,0.3,mirror_force,69,-0.23046875,-0.0035923143255000337,-0.005118712755189171,0.006253474432931591
gkw_fd_16x8,0.3,mirror_force,70,-0.2265625,0.0007388218028006814,0.008864309569784307,0.008895045913611874
gkw_fd_16x8,0.3,mirror_force,71,-0.22265625,-0.0037159736771200207,0.008840573410319883,0.009589796587639584
gkw_fd_16x8,0.3,mirror_force,72,-0.21875,-0.005081110643746318,0.003494770735542584,0.006166936668070865
gkw_fd_16x8,0.3,mirror_force,73,-0.21484375,-0.00013175326169212324,-0.00030347474971366124,0.00033084111848481355
gkw_fd_16x8,0.3,mirror_force,74,-0.2109375,-0.0036500127286919135,-0.00014142081844794588,0.0036527513968929604
gkw_fd_16x8,0.3,mirror_force,75,-0.20703125,-0.006089525993968785,-0.0018837765090420036,0.0063742404070791054
gkw_fd_16x8,0.3,mirror_force,76,-0.203125,0.00022248974422829897,-0.001602231499184124,0.0016176054720680748
gkw_fd_16x8,0.3,mirror_force,77,-0.19921875,0.00021244696257434063,-0.0001743051736985384,0.00027480175669951774
gkw_fd_16x8,0.3,mirror_force,78,-0.1953125,-0.010197044832625183,0.009369867643749731,0.013848254149168265
gkw_fd_16x8,0.3,mirror_force,79,-0.19140625,-0.003439575505391253,0.005605647897630723,0.00657677489423952
gkw_fd_16x8,0.3,mirror_force,80,-0.1875,-0.0028059033730529043,0.0022016454170125607,0.003566558043991725
gkw_fd_16x8,0.3,mirror_force,81,-0.18359375,0.0003017191091532631,-0.0007775166410971387,0.0008340063237237567
gkw_fd_16x8,0.3,mirror_force,82,-0.1796875,0.0024007075749445674,-0.007228100099053664,0.00761635266399448
gkw_fd_16x8,0.3,mirror_force,83,-0.17578125,0.0019596728003829344,-0.008776639430029374,0.008992759152190557
gkw_fd_16x8,0.3,mirror_force,84,-0.171875,0.0009220791843123738,-0.0028045144785161956,0.0029522078995811154
gkw_fd_16x8,0.3,mirror_force,85,-0.16796875,-0.002112387136107497,0.007342093214579261,0.007639928807545477
gkw_fd_16x8,0.3,mirror_force,86,-0.1640625,-0.0014313996166158771,0.0070095839787803335,0.007154241568330078
gkw_fd_16x8,0.3,mirror_force,87,-0.16015625,-6.932492798674805e-05,0.0024126961012535205,0.0024136918657202927
gkw_fd_16x8,0.3,mirror_force,88,-0.15625,0.00039611127560140383,-0.001440245275921296,0.0014937237353246354
gkw_fd_16x8,0.3,mirror_force,89,-0.15234375,0.0014944143996436475,-0.00455326206005965,0.0047922301473782465
gkw_fd_16x8,0.3,mirror_force,90,-0.1484375,0.0025542528759492206,-0.005273135460865342,0.00585919493983008
gkw_fd_16x8,0.3,mirror_force,91,-0.14453125,-0.0011552361829425054,0.0020693759290767977,0.0023699973363322645
gkw_fd_16x8,0.3,mirror_force,92,-0.140625,-0.005935052605600875,0.005580626583614814,0.008146670638794604
gkw_fd_16x8,0.3,mirror_force,93,-0.13671875,-0.003837125817054487,0.0032770383353624326,0.0050460395150395965
gkw_fd_16x8,0.3,mirror_force,94,-0.1328125,-0.0005300738015239962,0.0002902341263075867,0.0006043294491712522
gkw_fd_16x8,0.3,mirror_force,95,-0.12890625,0.0024955000055477358,-0.0019910116430506978,0.003192436004127912
gkw_fd_16x8,0.3,mirror_force,96,-0.125,0.006576295415136596,-0.001312154020562603,0.006705923468160461
gkw_fd_16x8,0.3,mirror_force,97,-0.12109375,0.011422660276299776,0.0008699835755769381,0.0114557426302065
gkw_fd_16x8,0.3,mirror_force,98,-0.1171875,0.001294608571054154,0.0011267278252033528,0.0017162537528973842
gkw_fd_16x8,0.3,mirror_force,99,-0.11328125,-0.003506558843347424,-0.00683409556408218,0.007681198936420392
gkw_fd_16x8,0.3,mirror_force,100,-0.109375,-0.00208003244068501,-0.01209830969581425,0.012275814940366897
gkw_fd_16x8,0.3,mirror_force,101,-0.10546875,0.0015491624977129084,-0.007796878075317387,0.00794929004161284
gkw_fd_16x8,0.3,mirror_force,102,-0.1015625,0.0004867032331493334,-0.0018457932730290092,0.0019088826165893902
gkw_fd_16x8,0.3,mirror_force,103,-0.09765625,-0.0036948210615710035,0.006175818369576274,0.007196696131630432
gkw_fd_16x8,0.3,mirror_force,104,-0.09375,-0.003161817461117933,0.013022902527912838,0.01340123426811683
gkw_fd_16x8,0.3,mirror_force,105,-0.08984375,-0.0064398013899756,0.014849120648177698,0.016185407809705288
gkw_fd_16x8,0.3,mirror_force,106,-0.0859375,0.002924796099264766,-0.004325924609304625,0.0052218824141933495
gkw_fd_16x8,0.3,mirror_force,107,-0.08203125,0.012190098486478885,-0.009250300906068336,0.01530250201643063
gkw_fd_16x8,0.3,mirror_force,108,-0.078125,0.007764729543445697,-0.003068841855858368,0.008349180511830288
gkw_fd_16x8,0.3,mirror_force,109,-0.07421875,0.003888817444407252,0.0007632581917987717,0.003963012008974245
gkw_fd_16x8,0.3,mirror_force,110,-0.0703125,-0.0011289986848353356,0.00021311522590602717,0.0011489369564396884
gkw_fd_16x8,0.3,mirror_force,111,-0.06640625,-0.003556821590625512,0.0009488699748959769,0.0036812136662789474
gkw_fd_16x8,0.3,mirror_force,112,-0.0625,-0.004092066175713366,0.0020085487342073314,0.00455842885258762
gkw_fd_16x8,0.3,mirror_force,113,-0.05859375,-0.005000013085299317,-0.0002728771788574583,0.00500745372498894
gkw_fd_16x8,0.3,mirror_force,114,-0.0546875,0.0031266882964869967,-0.0003372628346104702,0.0031448252611231435
gkw_fd_16x8,0.3,mirror_force,115,-0.05078125,0.006568780152416064,0.0021828603786914914,0.006921976027380936
gkw_fd_16x8,0.3,mirror_force,116,-0.046875,0.000623032112109703,0.0010432881608302717,0.0012151622110847951
gkw_fd_16x8,0.3,mirror_force,117,-0.04296875,0.0006876816607634392,0.001226231031433908,0.0014058977946500334
gkw_fd_16x8,0.3,mirror_force,118,-0.0390625,-0.0016389589184362043,-0.002816718253241219,0.0032588476574494604
gkw_fd_16x8,0.3,mirror_force,119,-0.03515625,-0.004334510482779047,-0.005640225301441335,0.007113376313421106
gkw_fd_16x8,0.3,mirror_force,120,-0.03125,-0.004786474123594566,-0.002699357380964008,0.005495167404729835
gkw_fd_16x8,0.3,mirror_force,121,-0.02734375,-0.001628537957642131,-0.0008152156742489788,0.0018211843605254303
gkw_fd_16x8,0.3,mirror_force,122,-0.0234375,0.01005162950485228,0.0016006287895269982,0.010178274324495265
gkw_fd_16x8,0.3,mirror_force,123,-0.01953125,0.007230499124184126,0.0007274573136577403,0.0072670015637827925
gkw_fd_16x8,0.3,mirror_force,124,-0.015625,0.0014791090607538734,0.00018753622111275563,0.0014909505182377643
gkw_fd_16x8,0.3,mirror_force,125,-0.01171875,-0.0006267267523663477,-0.00020310581780268213,0.0006588159039951643
gkw_fd_16x8,0.3,mirror_force,126,-0.0078125,-0.0023037355988004163,-0.0001990683758865395,0.0023123204638324717
gkw_fd_16x8,0.3,mirror_force,127,-0.00390625,-0.004073379180779404,0.0001380089907910705,0.004075716431738874
gkw_fd_16x8,0.3,mirror_force,128,0.0,1.9006215578118724e-17,-4.243129883279494e-18,1.9474095147356713e-17
gkw_fd_16x8,0.3,mirror_force,129,0.00390625,0.002347046586284464,0.0009458966269223414,0.002530483769363601
gkw_fd_16x8,0.3,mirror_force,130,0.0078125,0.0009332625587617737,0.0010809702636236482,0.0014281021372524979
gkw_fd_16x8,0.3,mirror_force,131,0.01171875,0.0003895120554069687,0.00029572770588427017,0.0004890547181399386
gkw_fd_16x8,0.3,mirror_force,132,0.015625,-0.0009215221960501656,-0.00018366761654589012,0.0009396472482696728
gkw_fd_16x8,0.3,mirror_force,133,0.01953125,-0.00455816300950739,-0.0006479070985812381,0.004603980194313766
gkw_fd_16x8,0.3,mirror_force,134,0.0234375,-0.007677598330222609,0.0009444093892624287,0.0077354654168164975
gkw_fd_16x8,0.3,mirror_force,135,0.02734375,0.0013576317737864255,-4.638652915193924e-05,0.0013584239924564199
gkw_fd_16x8,0.3,mirror_force,136,0.03125,0.0017351287817409513,-0.0011995937940994488,0.00210943052980366
gkw_fd_16x8,0.3,mirror_force,137,0.03515625,-0.0007601965165904474,-0.0013864585589837312,0.0015811913481977742
gkw_fd_16x8,0.3,mirror_force,138,0.0390625,-0.0014039384436529468,-0.0018122233975911132,0.002292421600915359
gkw_fd_16x8,0.3,mirror_force,139,0.04296875,0.00044383768593600243,0.000601172451988159,0.0007472618071910814
gkw_fd_16x8,0.3,mirror_force,140,0.046875,0.0010811700773044031,0.003131142146829235,0.003312548849407175
gkw_fd_16x8,0.3,mirror_force,141,0.05078125,-0.003411582424048004,0.0027825051277941062,0.004402411773366248
gkw_fd_16x8,0.3,mirror_force,142,0.0546875,-0.0003529339917774413,0.0017422367261365522,0.0017776251608398691
gkw_fd_16x8,0.3,mirror_force,143,0.05859375,-0.002800586042605965,-0.0005930582700143737,0.002862691092952885
gkw_fd_16x8,0.3,mirror_force,144,0.0625,-0.009127263341036718,-0.0020853048401771063,0.009362447990408215
gkw_fd_16x8,0.3,mirror_force,145,0.06640625,-0.00872135150911857,-0.0013997811656111595,0.008832970024697497
gkw_fd_16x8,0.3,mirror_force,146,0.0703125,-0.002169824311593466,-0.0010085541909899518,0.0023927639038036027
gkw_fd_16x8,0.3,mirror_force,147,0.07421875,0.003359705516819996,0.0012333499974769941,0.003578934670544744
gkw_fd_16x8,0.3,mirror_force,148,0.078125,0.007149577647730868,0.0029267300250489735,0.0077254261487930895
gkw_fd_16x8,0.3,mirror_force,149,0.08203125,0.009926665427152516,0.0028705885013825356,0.01033339077200193
gkw_fd_16x8,0.3,mirror_force,150,0.0859375,0.004062903887632725,0.0013416043881570034,0.004278678573398946
gkw_fd_16x8,0.3,mirror_force,151,0.08984375,-0.016536332993027897,-0.003227240003308489,0.01684830516388095
gkw_fd_16x8,0.3,mirror_force,152,0.09375,-0.012447389545298396,-0.0034458252433894787,0.012915541726942157
gkw_fd_16x8,0.3,mirror_force,153,0.09765625,-0.0053862071625012,-0.0006400709474361529,0.005424105310107008
gkw_fd_16x8,0.3,mirror_force,154,0.1015625,0.0014066734989751804,0.00030134074387087146,0.0014385883972268534
gkw_fd_16x8,0.3,mirror_force,155,0.10546875,0.005262767007534691,-1.0729180702651747e-05,0.0052627779442908475
gkw_fd_16x8,0.3,mirror_force,156,0.109375,0.007034578463817631,-9.61288845077379e-05,0.007035235243120412
gkw_fd_16x8,0.3,mirror_force,157,0.11328125,0.00402463606603684,-0.0007092564791778507,0.004086653914549194
gkw_fd_16x8,0.3,mirror_force,158,0.1171875,-0.0007103287866120495,-2.95105879875038e-05,0.0007109415305727432
gkw_fd_16x8,0.3,mirror_force,159,0.12109375,-0.0027550648244386313,0.004007512048292968,0.004863181572188352
gkw_fd_16x8,0.3,mirror_force,160,0.125,-0.0009774050011315894,0.002664655497456548,0.002838258172957923
gkw_fd_16x8,0.3,mirror_force,161,0.12890625,0.0005182738431483162,0.0023722584785937435,0.0024282129366576624
gkw_fd_16x8,0.3,mirror_force,162,0.1328125,-0.00022028505451119457,-0.00024942337358730874,0.0003327724816337345
gkw_fd_16x8,0.3,mirror_force,163,0.13671875,-0.003335173720206747,-0.00308029331733789,0.004539998971893515
gkw_fd_16x8,0.3,mirror_force,164,0.140625,-0.004157082573940314,-0.0035853950038995993,0.0054896623630735645
gkw_fd_16x8,0.3,mirror_force,165,0.14453125,-0.001318423765480812,-0.000984939197273037,0.0016457054559396278
gkw_fd_16x8,0.3,mirror_force,166,0.1484375,0.0033073631151725727,0.0018603229548234863,0.003794661021994878
gkw_fd_16x8,0.3,mirror_force,167,0.15234375,0.002521420222224404,0.002463791964971936,0.003525312863236742
gkw_fd_16x8,0.3,mirror_force,168,0.15625,0.0007531765312904087,0.0006376933404032647,0.000986877745053219
gkw_fd_16x8,0.3,mirror_force,169,0.16015625,-0.001042690488507597,-0.0012365598931028655,0.001617493067699142
gkw_fd_16x8,0.3,mirror_force,170,0.1640625,-0.0018989675313773988,-0.003036738578189291,0.0035816000443221864
gkw_fd_16x8,0.3,mirror_force,171,0.16796875,-0.0017296647511230489,-0.003009589890107649,0.0034712204565420113
gkw_fd_16x8,0.3,mirror_force,172,0.171875,0.0005260652607285625,0.0006539071002742591,0.0008392491610567748
gkw_fd_16x8,0.3,mirror_force,173,0.17578125,0.0016888524297456267,0.0013295705677256757,0.0021494139722305896
gkw_fd_16x8,0.3,mirror_force,174,0.1796875,0.0017872622935437175,-0.0001832633924093122,0.001796633512133323
gkw_fd_16x8,0.3,mirror_force,175,0.18359375,0.0004622045531692337,9.251830653907538e-05,0.0004713731918716096
gkw_fd_16x8,0.3,mirror_force,176,0.1875,-0.002773714465280954,0.00025274962371975605,0.0027852063311717655
gkw_fd_16x8,0.3,mirror_force,177,0.19140625,-0.003405873261159859,0.0019267105533040906,0.003913078868013914
gkw_fd_16x8,0.3,mirror_force,178,0.1953125,-0.004169924789042027,0.012838020366985455,0.013498260617183257
gkw_fd_16x8,0.3,mirror_force,179,0.19921875,0.00011129170318452939,-0.00031504243403732905,0.00033412210109760507
gkw_fd_16x8,0.3,mirror_force,180,0.203125,0.0009715257644856255,-0.00583200558077287,0.005912372739030015
gkw_fd_16x8,0.3,mirror_force,181,0.20703125,0.0005068959744129014,-0.002780277077841281,0.0028261075985258695
gkw_fd_16x8,0.3,mirror_force,182,0.2109375,0.00020829225022133855,-0.001459022385288719,0.001473815450548627
gkw_fd_16x8,0.3,mirror_force,183,0.21484375,0.0005266425781942983,4.1577099714043546e-05,0.0005282812322880391
gkw_fd_16x8,0.3,mirror_force,184,0.21875,-0.0053865166691477884,0.0025769750700587206,0.005971211128298105
gkw_fd_16x8,0.3,mirror_force,185,0.22265625,-0.004150265545254913,0.0023354255652782516,0.004762238619292958
gkw_fd_16x8,0.3,mirror_force,186,0.2265625,0.0025881739529724345,-0.0007184640809513925,0.0026860444982282567
gkw_fd_16x8,0.3,mirror_force,187,0.23046875,-0.00204564215241872,0.003337074651650843,0.003914169010970641
gkw_fd_16x8,0.3,mirror_force,188,0.234375,-0.006648353824337315,0.0062880384677214424,0.009150958220051342
gkw_fd_16x8,0.3,mirror_force,189,0.23828125,-0.003632547587721172,0.002203821411432899,0.004248791685944252
gkw_fd_16x8,0.3,mirror_force,190,0.2421875,-0.0008042504303272984,-0.00036052136903036197,0.0008813594114827225
gkw_fd_16x8,0.3,mirror_force,191,0.24609375,-0.000120415184337645,-0.0001526402234197288,0.00019441927482812435
gkw_fd_16x8,0.3,mirror_force,192,0.25,-0.0005231979925806834,-0.0022457486826145266,0.002305888827525156
gkw_fd_16x8,0.3,mirror_force,193,0.25390625,-0.004486005275974979,-0.0053469178249196505,0.006979525310686884
gkw_fd_16x8,0.3,mirror_force,194,0.2578125,-0.002742983363107922,-0.002901322574592061,0.003992697135035958
gkw_fd_16x8,0.3,mirror_force,195,0.26171875,0.0034835444803927337,0.0006273481109868961,0.0035395829979297713
gkw_fd_16x8,0.3,mirror_force,196,0.265625,0.0062490804724749105,-0.01082233689190656,0.012496958932211828
gkw_fd_16x8,0.3,mirror_force,197,0.26953125,0.0020470617970482496,-0.012927445829373942,0.013088518543835744
gkw_fd_16x8,0.3,mirror_force,198,0.2734375,-2.9192199908184124e-06,-0.0022283365805869904,0.002228338492740157
gkw_fd_16x8,0.3,mirror_force,199,0.27734375,-0.0016430430301704038,0.00637705507943643,0.006585318662385102
gkw_fd_16x8,0.3,mirror_force,200,0.28125,-0.004784025420673576,0.01148628196496629,0.01244273171792918
gkw_fd_16x8,0.3,mirror_force,201,0.28515625,-0.007127218543512433,0.009348265709386587,0.011755310116720895
gkw_fd_16x8,0.3,mirror_force,202,0.2890625,-0.000577639617074236,0.0006940782554351745,0.0009030017452262235
gkw_fd_16x8,0.3,mirror_force,203,0.29296875,0.00876913420870428,-0.006944120781832552,0.011185639373900194
gkw_fd_16x8,0.3,mirror_force,204,0.296875,0.0020941395037447743,-0.0009414215224400778,0.002296017148032175
gkw_fd_16x8,0.3,mirror_force,205,0.30078125,0.0003511444951183091,0.0001502770312903684,0.00038194979066015803
gkw_fd_16x8,0.3,mirror_force,206,0.3046875,-0.0004175580941774522,0.00013332164040301777,0.0004383257028886825
gkw_fd_16x8,0.3,mirror_force,207,0.30859375,-0.0018030486693544543,0.0004228104308088291,0.0018519592772147059
gkw_fd_16x8,0.3,mirror_force,208,0.3125,-0.0018683088745570632,0.00033182744311271095,0.001897547760334743
gkw_fd_16x8,0.3,mirror_force,209,0.31640625,8.326033014141078e-05,0.0002766582936610128,0.00028891537519952086
gkw_fd_16x8,0.3,mirror_force,210,0.3203125,-0.0025007000471270542,0.001242522235815215,0.0027923757326327866
gkw_fd_16x8,0.3,mirror_force,211,0.32421875,-0.002345736530135256,-0.0011992028512122716,0.002634495653282926
gkw_fd_16x8,0.3,mirror_force,212,0.328125,-0.0002416844847900533,-0.0002793743561653153,0.0003694068503303884
gkw_fd_16x8,0.3,mirror_force,213,0.33203125,0.002069395294738314,0.002111418050229221,0.0029564307989058086
gkw_fd_16x8,0.3,mirror_force,214,0.3359375,0.007530468385793556,0.00840533835262854,0.011285285416488343
gkw_fd_16x8,0.3,mirror_force,215,0.33984375,0.00529782555281124,0.004185960671019991,0.006751979141507019
gkw_fd_16x8,0.3,mirror_force,216,0.34375,-0.0014411327216366414,0.0007217982842401527,0.0016117866746265964
gkw_fd_16x8,0.3,mirror_force,217,0.34765625,-0.0044014861932596214,0.00801244322222706,0.009141790147387295
gkw_fd_16x8,0.3,mirror_force,218,0.3515625,-0.005701059310600051,0.007938438336943935,0.009773478423388509
gkw_fd_16x8,0.3,mirror_force,219,0.35546875,-0.0021923890913791277,0.0034190230406547692,0.004061562320157895
gkw_fd_16x8,0.3,mirror_force,220,0.359375,-0.0001581342432612694,0.0009253191834592413,0.0009387342702647493
gkw_fd_16x8,0.3,mirror_force,221,0.36328125,-0.004562229876720488,0.009559437821753431,0.010592298755039486
gkw_fd_16x8,0.3,mirror_force,222,0.3671875,-0.005680221899764183,0.009797933816721381,0.011325388642665338
gkw_fd_16x8,0.3,mirror_force,223,0.37109375,-0.0018934857022452763,-0.0007894534378968174,0.002051468945710461
gkw_fd_16x8,0.3,mirror_force,224,0.375,0.0007103879371687916,0.008603708815968145,0.00863298652907804
gkw_fd_16x8,0.3,mirror_force,225,0.37890625,-0.00654758038366405,0.014322418546965414,0.015748094548706557
gkw_fd_16x8,0.3,mirror_force,226,0.3828125,-0.007778995990843251,0.008436673021699462,0.011475636378895373
gkw_fd_16x8,0.3,mirror_force,227,0.38671875,-0.0015175589899614425,0.002145230821464015,0.0026277367762719247
gkw_fd_16x8,0.3,mirror_force,228,0.390625,0.0034980008786719124,-0.0040160266836298955,0.005325831434697948
gkw_fd_16x8,0.3,mirror_force,229,0.39453125,-0.0013283031738313411,-9.965885898977262e-05,0.0013320364896599332
gkw_fd_16x8,0.3,mirror_force,230,0.3984375,-0.004484933597989883,0.003722652944750571,0.005828616844967473
gkw_fd_16x8,0.3,mirror_force,231,0.40234375,-0.00028008804394513465,0.0002588470307789553,0.0003813805156324758
gkw_fd_16x8,0.3,mirror_force,232,0.40625,-0.006147730522066201,-0.0033171337251103727,0.0069855541456787075
gkw_fd_16x8,0.3,mirror_force,233,0.41015625,-0.015618834737554571,0.006407944104312005,0.016882231671287665
gkw_fd_16x8,0.3,mirror_force,234,0.4140625,-0.008972308521164932,0.006120008314436928,0.010860792879331876
gkw_fd_16x8,0.3,mirror_force,235,0.41796875,0.0024343737767750593,-0.0017027096151063232,0.002970756758542441
gkw_fd_16x8,0.3,mirror_force,236,0.421875,0.01187291741562571,-0.003345886227785259,0.012335360659808505
gkw_fd_16x8,0.3,mirror_force,237,0.42578125,0.015203414220047416,-0.0033981909791031707,0.015578559172041494
gkw_fd_16x8,0.3,mirror_force,238,0.4296875,0.012826717589954392,-0.00046270400184698056,0.01283506054234925
gkw_fd_16x8,0.3,mirror_force,239,0.43359375,-0.0058999119843844245,-0.0002688488191915518,0.005906034296468626
gkw_fd_16x8,0.3,mirror_force,240,0.4375,-0.013426740074598847,-0.0037484916555784588,0.013940177141011516
gkw_fd_16x8,0.3,mirror_force,241,0.44140625,-0.007243561976883865,-0.0022036689276349066,0.007571350398415152
gkw_fd_16x8,0.3,mirror_force,242,0.4453125,-0.00502018605727465,-0.0016321796052137052,0.005278851988200688
gkw_fd_16x8,0.3,mirror_force,243,0.44921875,0.001419028999959734,0.00044923285344880754,0.001488439941463706
gkw_fd_16x8,0.3,mirror_force,244,0.453125,0.003540923939242488,0.0020132687814306757,0.004073253433041443
gkw_fd_16x8,0.3,mirror_force,245,0.45703125,0.001329891358811865,0.001965107169762998,0.0023728163044990248
gkw_fd_16x8,0.3,mirror_force,246,0.4609375,0.00028959287862124746,0.0005114917807384032,0.000587782168078518
gkw_fd_16x8,0.3,mirror_force,247,0.46484375,-0.004737265258138021,0.003038582547467492,0.005628025055357832
gkw_fd_16x8,0.3,mirror_force,248,0.46875,-0.005000611675275444,0.005363178766431114,0.007332789619755816
gkw_fd_16x8,0.3,mirror_force,249,0.47265625,-0.0011927387617361226,0.0021276011531022273,0.002439121239387199
gkw_fd_16x8,0.3,mirror_force,250,0.4765625,0.0014644005494092594,-0.0026762180777276756,0.003050674051528048
gkw_fd_16x8,0.3,mirror_force,251,0.48046875,0.002170383867735195,-0.004095298290993239,0.004634871543585359
gkw_fd_16x8,0.3,mirror_force,252,0.484375,0.0015611640237386435,-0.0022857780353990596,0.0027680343813125978
gkw_fd_16x8,0.3,mirror_force,253,0.48828125,-0.00040933975035047787,0.0010369462875908593,0.0011148168614465142
gkw_fd_16x8,0.3,mirror_force,254,0.4921875,-0.0004673678832371373,0.0022254607937601044,0.0022740071422150186
gkw_fd_16x8,0.3,mirror_force,255,0.49609375,-0.0018560817081708482,0.0033667373450994454,0.0038444713106347505
gkw_fd_16x8,0.3,equilibrium_drive,0,-0.5,0.025713725251601982,0.0009635678344388257,0.025731772758332033
gkw_fd_16x8,0.3,equilibrium_drive,1,-0.49609375,0.041695683201311444,0.0013847793301651561,0.04171867221541666
gkw_fd_16x8,0.3,equilibrium_drive,2,-0.4921875,0.052683257171717485,0.013330925623579454,0.05434371319851754
gkw_fd_16x8,0.3,equilibrium_drive,3,-0.48828125,0.04425827980461237,0.02089650303361651,0.0489434282646537
gkw_fd_16x8,0.3,equilibrium_drive,4,-0.484375,0.021084206205890844,0.03846432931950793,0.043863975895170326
gkw_fd_16x8,0.3,equilibrium_drive,5,-0.48046875,0.006904391157657197,0.031520464674902576,0.0322677906057994
gkw_fd_16x8,0.3,equilibrium_drive,6,-0.4765625,9.808873585245761e-06,0.0014484533725195939,0.0014484865848064996
gkw_fd_16x8,0.3,equilibrium_drive,7,-0.47265625,0.0017530398088141592,-0.03052680827074714,0.030577102082608207
gkw_fd_16x8,0.3,equilibrium_drive,8,-0.46875,0.009860009652263683,-0.031647353645648,0.03314777191781437
gkw_fd_16x8,0.3,equilibrium_drive,9,-0.46484375,0.00879496156399213,-0.01863392297184319,0.020605204057050353
gkw_fd_16x8,0.3,equilibrium_drive,10,-0.4609375,0.004397490223865375,-0.010410725708031018,0.011301377351316498
gkw_fd_16x8,0.3,equilibrium_drive,11,-0.45703125,0.0010957037228302928,-0.004617863347344958,0.004746075067145077
gkw_fd_16x8,0.3,equilibrium_drive,12,-0.453125,-2.506105405507907e-05,-0.0012110087062196266,0.0012112679897405385
gkw_fd_16x8,0.3,equilibrium_drive,13,-0.44921875,-9.96726803962402e-06,0.0004281583615670186,0.0004282743618428817
gkw_fd_16x8,0.3,equilibrium_drive,14,-0.4453125,0.00012082686643261448,0.00440973228199095,0.004411387302253684
gkw_fd_16x8,0.3,equilibrium_drive,15,-0.44140625,0.0018489793932250198,0.007363266020066809,0.007591864809046673
gkw_fd_16x8,0.3,equilibrium_drive,16,-0.4375,0.001782860440623579,0.0034183670937015316,0.003855363139581271
gkw_fd_16x8,0.3,equilibrium_drive,17,-0.43359375,-0.00916106928056359,-0.016216186688106708,0.018624980565541942
gkw_fd_16x8,0.3,equilibrium_drive,18,-0.4296875,-0.0338881429266783,-0.042385698752950236,0.05426742752144074
gkw_fd_16x8,0.3,equilibrium_drive,19,-0.42578125,-0.052531182729012534,-0.05304234635924325,0.07465263335075883
gkw_fd_16x8,0.3,equilibrium_drive,20,-0.421875,-0.04135569240721228,-0.03490198096040656,0.05411507709909076
gkw_fd_16x8,0.3,equilibrium_drive,21,-0.41796875,-0.02016118051039251,-0.02252696019898874,0.03023139320936853
gkw_fd_16x8,0.3,equilibrium_drive,22,-0.4140625,-0.026865891795202445,-0.029743909000415368,0.04008087155460216
gkw_fd_16x8,0.3,equilibrium_drive,23,-0.41015625,-0.014680548039585496,-0.03752635114200079,0.04029572583755406
gkw_fd_16x8,0.3,equilibrium_drive,24,-0.40625,2.2384528372134068e-05,-0.0007288337831890249,0.0007291774479700188
gkw_fd_16x8,0.3,equilibrium_drive,25,-0.40234375,-0.008344529330491965,0.024501955691962684,0.02588391397139048
gkw_fd_16x8,0.3,equilibrium_drive,26,-0.3984375,-0.006979963559639566,0.009529357481360957,0.011812220168176103
gkw_fd_16x8,0.3,equilibrium_drive,27,-0.39453125,0.007193479878883972,-0.004739173312562577,0.008614285603253117
gkw_fd_16x8,0.3,equilibrium_drive,28,-0.390625,0.0195808389732291,-0.006874444676230576,0.02075252381042081
gkw_fd_16x8,0.3,equilibrium_drive,29,-0.38671875,0.019935330254984278,-0.0035497362937386145,0.02024890170183007
gkw_fd_16x8,0.3,equilibrium_drive,30,-0.3828125,0.0315053135769278,0.0058732123921738585,0.0320480796208468
gkw_fd_16x8,0.3,equilibrium_drive,31,-0.37890625,0.037368819784831184,0.037548378660699405,0.05297461120346667
gkw_fd_16x8,0.3,equilibrium_drive,32,-0.375,0.025172303120768742,0.069471946823984,0.0738917873644854
gkw_fd_16x8,0.3,equilibrium_drive,33,-0.37109375,0.0073721627257649636,0.07412912392497625,0.0744948038264391
gkw_fd_16x8,0.3,equilibrium_drive,34,-0.3671875,-0.0008685875049658898,0.040048879122178936,0.040058297058121216
gkw_fd_16x8,0.3,equilibrium_drive,35,-0.36328125,-0.001072046848230275,0.010400571712140594,0.010455676754002085
gkw_fd_16x8,0.3,equilibrium_drive,36,-0.359375,-0.0012395781309329818,0.0011050166542721528,0.0016606070422908988
gkw_fd_16x8,0.3,equilibrium_drive,37,-0.35546875,-0.002757028691500692,0.0013428594816135369,0.0030666722669886646
gkw_fd_16x8,0.3,equilibrium_drive,38,-0.3515625,-0.001211543184299856,0.00017884989573320074,0.0012246730880635908
gkw_fd_16x8,0.3,equilibrium_drive,39,-0.34765625,0.0007420219771143685,0.00023590248113378884,0.0007786183886383586
gkw_fd_16x8,0.3,equilibrium_drive,40,-0.34375,0.00016643211809300857,0.00013853546822521068,0.00021654497428779895
gkw_fd_16x8,0.3,equilibrium_drive,41,-0.33984375,-0.01088653425280533,-0.009044390188853755,0.014153360799673616
gkw_fd_16x8,0.3,equilibrium_drive,42,-0.3359375,-0.020243736380771503,-0.021663358306931637,0.029649788461111753
gkw_fd_16x8,0.3,equilibrium_drive,43,-0.33203125,-0.023073816196427316,-0.022073339323839886,0.031931697461486254
gkw_fd_16x8,0.3,equilibrium_drive,44,-0.328125,-0.011726065547026826,-0.012491154914192852,0.017132704523907888
gkw_fd_16x8,0.3,equilibrium_drive,45,-0.32421875,-0.0033810210411787107,-0.002801731275442363,0.0043910137121950625
gkw_fd_16x8,0.3,equilibrium_drive,46,-0.3203125,0.00015119335750543963,0.0001444900208948491,0.00020913344422153433
gkw_fd_16x8,0.3,equilibrium_drive,47,-0.31640625,0.004125652707311252,0.0035825392917652756,0.005464027638874707
gkw_fd_16x8,0.3,equilibrium_drive,48,-0.3125,0.003744438326527237,0.0055667655908523865,0.006708926704374122
gkw_fd_16x8,0.3,equilibrium_drive,49,-0.30859375,0.0005124593440053783,0.003188383197926496,0.003229303639498524
gkw_fd_16x8,0.3,equilibrium_drive,50,-0.3046875,-0.0009788227201518805,0.002022309576500244,0.0022467376216839655
gkw_fd_16x8,0.3,equilibrium_drive,51,-0.30078125,0.0003910273686806653,-0.0003123973398260184,0.0005004942566980143
gkw_fd_16x8,0.3,equilibrium_drive,52,-0.296875,0.0007138381614644945,-0.002426288806818769,0.002529118877169884
gkw_fd_16x8,0.3,equilibrium_drive,53,-0.29296875,-0.012029551001644653,-0.020818430662407815,0.024044066888666147
gkw_fd_16x8,0.3,equilibrium_drive,54,-0.2890625,-0.01960073570603776,-0.056579104877558656,0.059878075695230265
gkw_fd_16x8,0.3,equilibrium_drive,55,-0.28515625,-0.01880649879645595,-0.04486700177567721,0.04864907239937593
gkw_fd_16x8,0.3,equilibrium_drive,56,-0.28125,0.005482146481184044,-0.025769290473978846,0.026345972397568772
gkw_fd_16x8,0.3,equilibrium_drive,57,-0.27734375,0.014673716414595358,-0.012394147583685879,0.01920762472931392
gkw_fd_16x8,0.3,equilibrium_drive,58,-0.2734375,0.018329692435470054,-0.017980279720772433,0.025676216302565856
gkw_fd_16x8,0.3,equilibrium_drive,59,-0.26953125,0.01533751583826206,-0.006403053518215728,0.01662042377456346
gkw_fd_16x8,0.3,equilibrium_drive,60,-0.265625,0.004495428002917608,-0.002098840081057292,0.004961250106099105
gkw_fd_16x8,0.3,equilibrium_drive,61,-0.26171875,-0.002114076719856354,0.0007032991289184501,0.0022279923792903897
gkw_fd_16x8,0.3,equilibrium_drive,62,-0.2578125,-0.004877073477295336,0.001789302048925443,0.0051949444198399666
gkw_fd_16x8,0.3,equilibrium_drive,63,-0.25390625,-0.015475905124591741,-9.357182107856571e-05,0.015476188003221751
gkw_fd_16x8,0.3,equilibrium_drive,64,-0.25,-0.008930694088213774,0.0026934414347266913,0.009328018206433725
gkw_fd_16x8,0.3,equilibrium_drive,65,-0.24609375,-0.0026979189134807968,0.0006086268461097467,0.0027657174659612106
gkw_fd_16x8,0.3,equilibrium_drive,66,-0.2421875,-0.006689024105157498,9.63263680423331e-05,0.006689717650884699
gkw_fd_16x8,0.3,equilibrium_drive,67,-0.23828125,-0.012034022134541512,-0.003623137058257149,0.012567609592820399
gkw_fd_16x8,0.3,equilibrium_drive,68,-0.234375,-0.020088335130723146,0.001026583775179503,0.020114549027301296
gkw_fd_16x8,0.3,equilibrium_drive,69,-0.23046875,-0.01802030844771168,0.010859706830742798,0.02103959954467648
gkw_fd_16x8,0.3,equilibrium_drive,70,-0.2265625,0.0031613873764424942,-0.001556121010618479,0.00352361784869163
gkw_fd_16x8,0.3,equilibrium_drive,71,-0.22265625,0.0038856607217069208,-0.007588136259859568,0.008525149332557847
gkw_fd_16x8,0.3,equilibrium_drive,72,-0.21875,0.002436908819921968,-0.005876035183406491,0.00636131386375837
gkw_fd_16x8,0.3,equilibrium_drive,73,-0.21484375,-0.0028152175773859278,-0.003247058711640074,0.004297538863682374
gkw_fd_16x8,0.3,equilibrium_drive,74,-0.2109375,-0.0025969574127842733,3.545437029043122e-05,0.002597199417870695
gkw_fd_16x8,0.3,equilibrium_drive,75,-0.20703125,-0.0047003194441354755,0.0005314925001389447,0.004730273475669454
gkw_fd_16x8,0.3,equilibrium_drive,76,-0.203125,-0.006000100364135885,0.007991923047561262,0.00999359987080954
gkw_fd_16x8,0.3,equilibrium_drive,77,-0.19921875,-0.010173774085232488,0.019789001313744024,0.022251073055758703
gkw_fd_16x8,0.3,equilibrium_drive,78,-0.1953125,-0.005008756366317234,0.03087665657798344,0.031280274323794724
gkw_fd_16x8,0.3,equilibrium_drive,79,-0.19140625,-0.001673520412249942,0.026467751334800668,0.026520605786653134
gkw_fd_16x8,0.3,equilibrium_drive,80,-0.1875,0.001300916405159274,0.012860216313629793,0.012925848023497815
gkw_fd_16x8,0.3,equilibrium_drive,81,-0.18359375,-0.001973417426020724,0.00804652648304089,0.008284984295676165
gkw_fd_16x8,0.3,equilibrium_drive,82,-0.1796875,-0.0038161292608872494,0.010481290440559631,0.011154384422063218
gkw_fd_16x8,0.3,equilibrium_drive,83,-0.17578125,-0.003756454489723992,0.010005141533034381,0.01068708601207163
gkw_fd_16x8,0.3,equilibrium_drive,84,-0.171875,0.0005513402963364429,0.0064644438742251994,0.006487912663204712
gkw_fd_16x8,0.3,equilibrium_drive,85,-0.16796875,0.0028765479559918635,0.0009854342525190153,0.0030406592721248264
gkw_fd_16x8,0.3,equilibrium_drive,86,-0.1640625,0.004433522174262409,-0.004125545834948631,0.006056091751776757
gkw_fd_16x8,0.3,equilibrium_drive,87,-0.16015625,0.010235782666195048,-0.013670749261505692,0.017078074603436345
gkw_fd_16x8,0.3,equilibrium_drive,88,-0.15625,0.013920804977955007,-0.029628285096109538,0.03273566997894809
gkw_fd_16x8,0.3,equilibrium_drive,89,-0.15234375,0.023923332875318476,-0.057920797294316886,0.0626669339849385
gkw_fd_16x8,0.3,equilibrium_drive,90,-0.1484375,0.03679850426383073,-0.10680771458754561,0.11296910113597333
gkw_fd_16x8,0.3,equilibrium_drive,91,-0.14453125,0.04268167304101368,-0.11141661224538547,0.11931213977554243
gkw_fd_16x8,0.3,equilibrium_drive,92,-0.140625,0.0322717275620896,-0.08239645397591581,0.08849090364352116
gkw_fd_16x8,0.3,equilibrium_drive,93,-0.13671875,0.017133396385976607,-0.047186641469326114,0.0502009203588313
gkw_fd_16x8,0.3,equilibrium_drive,94,-0.1328125,0.007839999222471772,-0.03287193301544783,0.033793927975014196
gkw_fd_16x8,0.3,equilibrium_drive,95,-0.12890625,0.01667625564160281,-0.03635718103881555,0.0399992764348719
gkw_fd_16x8,0.3,equilibrium_drive,96,-0.125,0.012702556876019086,-0.038667714949694794,0.04070070184430915
gkw_fd_16x8,0.3,equilibrium_drive,97,-0.12109375,0.010839743263259623,-0.03469481935137252,0.03634873483132192
gkw_fd_16x8,0.3,equilibrium_drive,98,-0.1171875,0.0034332940416153448,-0.018878829915761702,0.019188479016442404
gkw_fd_16x8,0.3,equilibrium_drive,99,-0.11328125,-0.004659944289068854,-0.011085743874174768,0.012025339829752372
gkw_fd_16x8,0.3,equilibrium_drive,100,-0.109375,-0.007170098571053628,-0.011690473018747214,0.013714134056537507
gkw_fd_16x8,0.3,equilibrium_drive,101,-0.10546875,-0.008805951854437848,-0.01576599038873129,0.01805855035710909
gkw_fd_16x8,0.3,equilibrium_drive,102,-0.1015625,0.0012043828157957694,-0.011523604047495414,0.011586370795483667
gkw_fd_16x8,0.3,equilibrium_drive,103,-0.09765625,0.0032648989264382347,-0.016412604172365525,0.016734190769756623
gkw_fd_16x8,0.3,equilibrium_drive,104,-0.09375,0.018020277399604614,-0.018007172040590394,0.02547525549348075
gkw_fd_16x8,0.3,equilibrium_drive,105,-0.08984375,0.01676912192625334,-0.024693510887130874,0.02984916967204283
gkw_fd_16x8,0.3,equilibrium_drive,106,-0.0859375,-0.0006559159189062151,-0.016939468949035332,0.016952163105869607
gkw_fd_16x8,0.3,equilibrium_drive,107,-0.08203125,0.0002405413611470075,-0.012983367134907857,0.012985595184904998
gkw_fd_16x8,0.3,equilibrium_drive,108,-0.078125,0.00027998007054726674,-0.015180623657807937,0.015183205309811947
gkw_fd_16x8,0.3,equilibrium_drive,109,-0.07421875,1.2109523020012115e-05,-0.005737091438232177,0.0057371042182607
gkw_fd_16x8,0.3,equilibrium_drive,110,-0.0703125,0.007134811986660827,-0.0022852748166834933,0.007491863791658708
gkw_fd_16x8,0.3,equilibrium_drive,111,-0.06640625,0.005892143097881241,0.001929450020477026,0.006200010295751802
gkw_fd_16x8,0.3,equilibrium_drive,112,-0.0625,0.007751447930316252,0.012370660603685947,0.014598568038954767
gkw_fd_16x8,0.3,equilibrium_drive,113,-0.05859375,0.009221473654592647,0.019511660379148473,0.02158102099330749
gkw_fd_16x8,0.3,equilibrium_drive,114,-0.0546875,0.028998679847618964,0.016974677466447534,0.03360153431012673
gkw_fd_16x8,0.3,equilibrium_drive,115,-0.05078125,0.013279339490751507,0.03432580265771055,0.03680491251730835
gkw_fd_16x8,0.3,equilibrium_drive,116,-0.046875,0.010361861662035803,0.013854713394039283,0.017300903454274832
gkw_fd_16x8,0.3,equilibrium_drive,117,-0.04296875,0.008243472039383715,0.007570166587037429,0.011192062071825683
gkw_fd_16x8,0.3,equilibrium_drive,118,-0.0390625,0.003412790473863526,0.006373753396932323,0.007229928850507449
gkw_fd_16x8,0.3,equilibrium_drive,119,-0.03515625,-0.0001267537389908528,0.006646673778374074,0.006647882281333933
gkw_fd_16x8,0.3,equilibrium_drive,120,-0.03125,0.006060431180170057,0.004027324864845487,0.007276549433390812
gkw_fd_16x8,0.3,equilibrium_drive,121,-0.02734375,0.010751348192800343,-0.0023189675890290546,0.010998595303119323
gkw_fd_16x8,0.3,equilibrium_drive,122,-0.0234375,0.017279103955537774,-0.017419317641925787,0.02453568952804441
gkw_fd_16x8,0.3,equilibrium_drive,123,-0.01953125,0.014320883480057502,-0.022457207516651298,0.02663482444273518
gkw_fd_16x8,0.3,equilibrium_drive,124,-0.015625,0.014813001594706747,-0.027514962807894214,0.03124897109609509
gkw_fd_16x8,0.3,equilibrium_drive,125,-0.01171875,0.020525172110938374,-0.04749996558355778,0.051744849218282735
gkw_fd_16x8,0.3,equilibrium_drive,126,-0.0078125,0.03125817101451187,-0.05802245898633278,0.06590659300853853
gkw_fd_16x8,0.3,equilibrium_drive,127,-0.00390625,0.05799152333232926,-0.08235647759116026,0.10072539987325625
gkw_fd_16x8,0.3,equilibrium_drive,128,0.0,0.08523559567980976,-0.06569605519441057,0.10761541915078454
gkw_fd_16x8,0.3,equilibrium_drive,129,0.00390625,0.06969326277980721,-0.05701820360597749,0.09004569073169447
gkw_fd_16x8,0.3,equilibrium_drive,130,0.0078125,0.052135124540499796,-0.0413877163838812,0.06656586421226733
gkw_fd_16x8,0.3,equilibrium_drive,131,0.01171875,0.03302011934368738,-0.032901448044816414,0.04661366285668947
gkw_fd_16x8,0.3,equilibrium_drive,132,0.015625,0.026445818105937467,-0.02126248742269608,0.03393338572398338
gkw_fd_16x8,0.3,equilibrium_drive,133,0.01953125,0.018258570978303194,-0.01483447591136714,0.023525243670038096
gkw_fd_16x8,0.3,equilibrium_drive,134,0.0234375,0.015897544037052718,-0.008536538011693864,0.018044511288342634
gkw_fd_16x8,0.3,equilibrium_drive,135,0.02734375,0.011674159486067657,0.0036467933502340793,0.012230498822429728
gkw_fd_16x8,0.3,equilibrium_drive,136,0.03125,-0.0019720474442033323,0.004750856119925668,0.005143890064379687
gkw_fd_16x8,0.3,equilibrium_drive,137,0.03515625,-0.010997391256245758,0.01599619054245296,0.01941187075769392
gkw_fd_16x8,0.3,equilibrium_drive,138,0.0390625,-0.011126427151269899,0.014199484677798292,0.01803947743887124
gkw_fd_16x8,0.3,equilibrium_drive,139,0.04296875,-0.007156101150888726,0.013524824225196859,0.015301328504552236
gkw_fd_16x8,0.3,equilibrium_drive,140,0.046875,-0.011169395476821508,0.026138099723965042,0.02842456072655446
gkw_fd_16x8,0.3,equilibrium_drive,141,0.05078125,-0.022634087083921273,0.04461267926906567,0.05002592377644868
gkw_fd_16x8,0.3,equilibrium_drive,142,0.0546875,-0.02506684534477562,0.0348046016735165,0.04289180613113706
gkw_fd_16x8,0.3,equilibrium_drive,143,0.05859375,-0.021585466077419457,0.041866790856340805,0.04710372089748333
gkw_fd_16x8,0.3,equilibrium_drive,144,0.0625,-0.008316900959404872,0.024041570185018415,0.025439495642203998
gkw_fd_16x8,0.3,equilibrium_drive,145,0.06640625,-0.002034471352773933,0.01462264440734463,0.01476349562769282
gkw_fd_16x8,0.3,equilibrium_drive,146,0.0703125,0.0007749661134870077,0.0080945653000495,0.008131577944889825
gkw_fd_16x8,0.3,equilibrium_drive,147,0.07421875,-0.002050596339387398,0.005177288538358548,0.005568596048963131
gkw_fd_16x8,0.3,equilibrium_drive,148,0.078125,-0.0011430074826778048,-0.0073141450105904384,0.007402917218327006
gkw_fd_16x8,0.3,equilibrium_drive,149,0.08203125,0.006252476897143827,-0.004021416775154538,0.007434060816862586
gkw_fd_16x8,0.3,equilibrium_drive,150,0.0859375,0.0017549310582553204,-0.015589692912030504,0.01568815821282547
gkw_fd_16x8,0.3,equilibrium_drive,151,0.08984375,-0.005118678726076888,-0.043874434115113194,0.044172014226455655
gkw_fd_16x8,0.3,equilibrium_drive,152,0.09375,0.02388611832546492,-0.0533503942197975,0.05845349614921176
gkw_fd_16x8,0.3,equilibrium_drive,153,0.09765625,0.012912887443165773,-0.04518929037559266,0.04699802790298226
gkw_fd_16x8,0.3,equilibrium_drive,154,0.1015625,0.004241042758717096,-0.025845449083794513,0.026191099290107725
gkw_fd_16x8,0.3,equilibrium_drive,155,0.10546875,-0.0037734324968950734,-0.04234192313492165,0.042509731210303325
gkw_fd_16x8,0.3,equilibrium_drive,156,0.109375,-0.004179648836975158,-0.04548703437362308,0.045678657604045186
gkw_fd_16x8,0.3,equilibrium_drive,157,0.11328125,-0.009946798804730445,-0.034462299862534074,0.035869052374951346
gkw_fd_16x8,0.3,equilibrium_drive,158,0.1171875,-0.0011878100215797962,-0.020395160810350987,0.0204297204368401
gkw_fd_16x8,0.3,equilibrium_drive,159,0.12109375,-0.0019397735226086307,-0.015158228115021247,0.01528183892422748
gkw_fd_16x8,0.3,equilibrium_drive,160,0.125,-0.008607719313087205,-0.011380278233761545,0.014268972088091044
gkw_fd_16x8,0.3,equilibrium_drive,161,0.12890625,-0.01913669284740317,-0.010586038644762494,0.02186955023141209
gkw_fd_16x8,0.3,equilibrium_drive,162,0.1328125,-0.02887130910511581,-0.022410174691404033,0.03654816574251557
gkw_fd_16x8,0.3,equilibrium_drive,163,0.13671875,-0.04128847736932136,-0.020161389441142277,0.0459480139687709
gkw_fd_16x8,0.3,equilibrium_drive,164,0.140625,-0.054622823623950066,-0.055544426324271146,0.07790273523019293
gkw_fd_16x8,0.3,equilibrium_drive,165,0.14453125,-0.03940439650605808,-0.08272395605452681,0.0916294678000365
gkw_fd_16x8,0.3,equilibrium_drive,166,0.1484375,-0.040809859434422495,-0.07219155248819853,0.08292807050518929
gkw_fd_16x8,0.3,equilibrium_drive,167,0.15234375,-0.02863084139779991,-0.03029523065439887,0.04168364282964245
gkw_fd_16x8,0.3,equilibrium_drive,168,0.15625,-0.01912197783453458,-0.019759895182365216,0.027497336124113765
gkw_fd_16x8,0.3,equilibrium_drive,169,0.16015625,-0.0032607507150049387,-0.012524188432527587,0.012941707426721677
gkw_fd_16x8,0.3,equilibrium_drive,170,0.1640625,-0.0003274193796157108,-0.014019200953737548,0.014023023883293635
gkw_fd_16x8,0.3,equilibrium_drive,171,0.16796875,0.003033593546577239,-0.018859974786518664,0.01910239091721125
gkw_fd_16x8,0.3,equilibrium_drive,172,0.171875,0.007930838595630142,-0.01910781081067618,0.020688321217695024
gkw_fd_16x8,0.3,equilibrium_drive,173,0.17578125,0.011315488649946463,-0.021591949546994726,0.024377296171377027
gkw_fd_16x8,0.3,equilibrium_drive,174,0.1796875,0.013450241386370201,-0.02317266081163385,0.02679330517951559
gkw_fd_16x8,0.3,equilibrium_drive,175,0.18359375,0.014847039819912058,-0.027396104217032525,0.031160569919123134
gkw_fd_16x8,0.3,equilibrium_drive,176,0.1875,0.026147781252702167,-0.04101138730668437,0.04863784897852736
gkw_fd_16x8,0.3,equilibrium_drive,177,0.19140625,0.03900589753668307,-0.04257306673424476,0.05774015980061604
gkw_fd_16x8,0.3,equilibrium_drive,178,0.1953125,0.02170464999156175,-0.008550903880879462,0.023328304448378603
gkw_fd_16x8,0.3,equilibrium_drive,179,0.19921875,0.0011481234918311674,0.014661517832739335,0.014706403119465621
gkw_fd_16x8,0.3,equilibrium_drive,180,0.203125,-0.0009824690890818187,0.031225113546633335,0.031240565960160612
gkw_fd_16x8,0.3,equilibrium_drive,181,0.20703125,-0.01012131666669009,0.04128015557380424,0.042502850436940104
gkw_fd_16x8,0.3,equilibrium_drive,182,0.2109375,-0.012423930918705845,0.03726710191364192,0.039283469099795
gkw_fd_16x8,0.3,equilibrium_drive,183,0.21484375,-0.007395753819239003,0.024742479504548404,0.025824164392827625
gkw_fd_16x8,0.3,equilibrium_drive,184,0.21875,-0.0062665711808770706,0.03642370552721856,0.036958845202448236
gkw_fd_16x8,0.3,equilibrium_drive,185,0.22265625,6.859699473236716e-05,0.06025730850958856,0.060257347555027846
gkw_fd_16x8,0.3,equilibrium_drive,186,0.2265625,-0.004367873992152867,0.06436557216764546,0.06451360479526548
gkw_fd_16x8,0.3,equilibrium_drive,187,0.23046875,-0.004179991157001305,0.04464799086510528,0.0448432315334559
gkw_fd_16x8,0.3,equilibrium_drive,188,0.234375,0.023068226064194168,-0.02382363041654968,0.03316185187792018
gkw_fd_16x8,0.3,equilibrium_drive,189,0.23828125,0.021261019007097346,-0.05388904174754227,0.057931509126627354
gkw_fd_16x8,0.3,equilibrium_drive,190,0.2421875,0.007869198953744102,-0.04134970696561535,0.042091834817644454
gkw_fd_16x8,0.3,equilibrium_drive,191,0.24609375,0.0076601773973771475,-0.04094703480468172,0.04165738802487626
gkw_fd_16x8,0.3,equilibrium_drive,192,0.25,0.004984648877477933,-0.04871036426506953,0.048964745595862176
gkw_fd_16x8,0.3,equilibrium_drive,193,0.25390625,-0.003995340765556197,-0.04218828372206651,0.04237704604200837
gkw_fd_16x8,0.3,equilibrium_drive,194,0.2578125,-0.0033354636647415954,-0.019463600027551136,0.019747330044623753
gkw_fd_16x8,0.3,equilibrium_drive,195,0.26171875,-0.0037935012586473057,-0.01947754589772703,0.01984352403171931
gkw_fd_16x8,0.3,equilibrium_drive,196,0.265625,-0.01741118377101855,-0.037956658038579796,0.04175951639765317
gkw_fd_16x8,0.3,equilibrium_drive,197,0.26953125,-0.04608795264854703,-0.021052531923242118,0.05066861434570558
gkw_fd_16x8,0.3,equilibrium_drive,198,0.2734375,-0.050006981073767325,-0.006987995002325896,0.05049287306407366
gkw_fd_16x8,0.3,equilibrium_drive,199,0.27734375,-0.08347767336110572,0.007228538496822977,0.08379005739694603
gkw_fd_16x8,0.3,equilibrium_drive,200,0.28125,-0.14774060275019374,-0.00011913327399970636,0.14774065078280765
gkw_fd_16x8,0.3,equilibrium_drive,201,0.28515625,-0.198789374799018,-0.01726306986821847,0.1995375381081451
gkw_fd_16x8,0.3,equilibrium_drive,202,0.2890625,-0.18847415096267503,-0.03660049299599092,0.1919950563651335
gkw_fd_16x8,0.3,equilibrium_drive,203,0.29296875,-0.12393513991129511,0.0015611471177692266,0.12394497200433592
gkw_fd_16x8,0.3,equilibrium_drive,204,0.296875,-0.04615174321428927,0.008687869493299749,0.04696235170911167
gkw_fd_16x8,0.3,equilibrium_drive,205,0.30078125,-0.008906674307854604,0.0019381710660279464,0.00911511680163152
gkw_fd_16x8,0.3,equilibrium_drive,206,0.3046875,0.011180435148317593,-0.0025829657104125426,0.01147492230766302
gkw_fd_16x8,0.3,equilibrium_drive,207,0.30859375,0.012854773334107564,-0.004453949336206891,0.01360451624133621
gkw_fd_16x8,0.3,equilibrium_drive,208,0.3125,0.012254783380785483,-0.006692079617299218,0.013962938276532189
gkw_fd_16x8,0.3,equilibrium_drive,209,0.31640625,0.007519069442661658,-0.00432037279231861,0.008671910190273836
gkw_fd_16x8,0.3,equilibrium_drive,210,0.3203125,0.0003332435077672423,-0.00018573214897090365,0.00038150709905631643
gkw_fd_16x8,0.3,equilibrium_drive,211,0.32421875,-0.008320963690171452,0.0016864977505249487,0.008490153791049808
gkw_fd_16x8,0.3,equilibrium_drive,212,0.328125,-0.024412896029051726,-0.004741602230136252,0.02486910300421233
gkw_fd_16x8,0.3,equilibrium_drive,213,0.33203125,-0.027501424586038298,-0.017984467692433195,0.03285984528937599
gkw_fd_16x8,0.3,equilibrium_drive,214,0.3359375,-0.008352782215679016,-0.019584991707041453,0.021291802904109508
gkw_fd_16x8,0.3,equilibrium_drive,215,0.33984375,0.0029485949913281733,-0.006636966940179906,0.007262474962981051
gkw_fd_16x8,0.3,equilibrium_drive,216,0.34375,-0.00014073157306908132,0.00015475166980689285,0.00020917326542012907
gkw_fd_16x8,0.3,equilibrium_drive,217,0.34765625,-0.000685154969540712,0.0008291874778859841,0.0010756343271620024
gkw_fd_16x8,0.3,equilibrium_drive,218,0.3515625,0.0010075886192907994,-0.001159855835329187,0.0015363920022154194
gkw_fd_16x8,0.3,equilibrium_drive,219,0.35546875,0.001739097079085524,-0.001558790090122927,0.0023354411136976335
gkw_fd_16x8,0.3,equilibrium_drive,220,0.359375,0.0017611976080822082,-0.0008424936184846016,0.0019523351433352238
gkw_fd_16x8,0.3,equilibrium_drive,221,0.36328125,0.007557346550857694,-0.006959309477282056,0.010273532756084858
gkw_fd_16x8,0.3,equilibrium_drive,222,0.3671875,0.023807128729547714,-0.011251729368507858,0.02633212471729918
gkw_fd_16x8,0.3,equilibrium_drive,223,0.37109375,0.009653376437516672,0.012575760481734654,0.015853625085082628
gkw_fd_16x8,0.3,equilibrium_drive,224,0.375,-0.016342951257962476,0.02117408531412043,0.026747596989445382
gkw_fd_16x8,0.3,equilibrium_drive,225,0.37890625,-0.03133221140528471,0.007060733525818219,0.032117930030873196
gkw_fd_16x8,0.3,equilibrium_drive,226,0.3828125,-0.024586395941976827,-0.0015851397973613598,0.024637441701459862
gkw_fd_16x8,0.3,equilibrium_drive,227,0.38671875,-0.012873621707926825,0.0024970283159997386,0.013113553534023844
gkw_fd_16x8,0.3,equilibrium_drive,228,0.390625,-0.015291151984020458,0.005188523324325373,0.016147448816623673
gkw_fd_16x8,0.3,equilibrium_drive,229,0.39453125,-0.007707466611209376,0.00415874400555921,0.008757864652224423
gkw_fd_16x8,0.3,equilibrium_drive,230,0.3984375,0.009774487277791453,-0.005603580332629485,0.011266796975535636
gkw_fd_16x8,0.3,equilibrium_drive,231,0.40234375,0.02808450667556927,-0.008222186806879198,0.029263353722656486
gkw_fd_16x8,0.3,equilibrium_drive,232,0.40625,-0.0010639314683110847,-5.0558597623918126e-06,0.0010639434811025056
gkw_fd_16x8,0.3,equilibrium_drive,233,0.41015625,-0.03399315047940567,0.005134016947918,0.03437866212546711
gkw_fd_16x8,0.3,equilibrium_drive,234,0.4140625,-0.01811745325738753,0.014908836394531017,0.02346306704530579
gkw_fd_16x8,0.3,equilibrium_drive,235,0.41796875,-0.010093328587656073,0.01524076845032372,0.018279942695062758
gkw_fd_16x8,0.3,equilibrium_drive,236,0.421875,-0.025328313695609724,0.027777623385173155,0.03759148621153106
gkw_fd_16x8,0.3,equilibrium_drive,237,0.42578125,-0.039471322962640186,0.04890216901295256,0.06284431136222612
gkw_fd_16x8,0.3,equilibrium_drive,238,0.4296875,-0.03234679382966008,0.04449945474047122,0.05501378502937043
gkw_fd_16x8,0.3,equilibrium_drive,239,0.43359375,-0.006236865243984758,0.021086494098644347,0.021989513897396364
gkw_fd_16x8,0.3,equilibrium_drive,240,0.4375,-0.0003735362577850467,-0.004562049937383931,0.004577316786837545
gkw_fd_16x8,0.3,equilibrium_drive,241,0.44140625,-0.004439444565750163,-0.013809244469900703,0.014505305956161414
gkw_fd_16x8,0.3,equilibrium_drive,242,0.4453125,-0.0066112572510312155,-0.009546525306252057,0.011612272295387485
gkw_fd_16x8,0.3,equilibrium_drive,243,0.44921875,-0.0009882824218570218,-0.0008538484521967058,0.0013060472137982955
gkw_fd_16x8,0.3,equilibrium_drive,244,0.453125,0.004031114289577854,0.0026189011474824046,0.004807132787423645
gkw_fd_16x8,0.3,equilibrium_drive,245,0.45703125,0.019365679998251284,0.009811319878696954,0.02170925055262811
gkw_fd_16x8,0.3,equilibrium_drive,246,0.4609375,0.06412989101652213,0.027002633422467594,0.06958293708617917
gkw_fd_16x8,0.3,equilibrium_drive,247,0.46484375,0.10849460185906015,0.05682620411431645,0.12247569598331717
gkw_fd_16x8,0.3,equilibrium_drive,248,0.46875,0.09411146493043267,0.07746143626680675,0.12189028648694128
gkw_fd_16x8,0.3,equilibrium_drive,249,0.47265625,0.039843556244230756,0.05547618536699538,0.06830165530249184
gkw_fd_16x8,0.3,equilibrium_drive,250,0.4765625,-0.001065044907682827,-0.001777263106368209,0.0020719519310637246
gkw_fd_16x8,0.3,equilibrium_drive,251,0.48046875,-0.014831760052828486,-0.03546347330980321,0.03844007083057735
gkw_fd_16x8,0.3,equilibrium_drive,252,0.484375,0.006641531535752185,-0.03706289409126101,0.03765326094192137
gkw_fd_16x8,0.3,equilibrium_drive,253,0.48828125,0.033535721515571965,-0.019197237293976845,0.038641668407190334
gkw_fd_16x8,0.3,equilibrium_drive,254,0.4921875,0.037701652006363454,0.0003834301043049459,0.03770360171991287
gkw_fd_16x8,0.3,equilibrium_drive,255,0.49609375,0.027637113241489698,0.0002222807483896407,0.027638007110752934
gkw_fd_16x8,0.3,parallel_field_drive,0,-0.5,-6.098637220230962e-20,4.1953541877505496e-18,4.1957974329405454e-18
gkw_fd_16x8,0.3,parallel_field_drive,1,-0.49609375,-3.2687861702380505e-19,3.3203691532368573e-19,4.659379179730534e-19
gkw_fd_16x8,0.3,parallel_field_drive,2,-0.4921875,2.6121437302138555e-18,-1.601739303257882e-18,3.0641252687996618e-18
gkw_fd_16x8,0.3,parallel_field_drive,3,-0.48828125,1.962439681167755e-18,-5.05112216227341e-18,5.418948661911405e-18
gkw_fd_16x8,0.3,parallel_field_drive,4,-0.484375,-9.723938234479368e-19,-4.694044835446519e-18,4.7937048996639156e-18
gkw_fd_16x8,0.3,parallel_field_drive,5,-0.48046875,3.1848438816761693e-19,1.847378857961629e-18,1.8746308837608845e-18
gkw_fd_16x8,0.3,parallel_field_drive,6,-0.4765625,2.6834003769016235e-18,-6.2680438096818225e-19,2.755634466825504e-18
gkw_fd_16x8,0.3,parallel_field_drive,7,-0.47265625,-3.8539999100070665e-19,2.087089182034596e-18,2.122374709336027e-18
gkw_fd_16x8,0.3,parallel_field_drive,8,-0.46875,1.8634724839594607e-18,-1.5111067779016718e-18,2.3991609768196914e-18
gkw_fd_16x8,0.3,parallel_field_drive,9,-0.46484375,-3.3881317890172014e-19,5.353248226647178e-19,6.335353470474245e-19
gkw_fd_16x8,0.3,parallel_field_drive,10,-0.4609375,-7.172674997349415e-18,-1.7978274305472525e-19,7.174927766347318e-18
gkw_fd_16x8,0.3,parallel_field_drive,11,-0.45703125,7.199780051661553e-21,-1.8465318250143747e-18,1.8465458612294768e-18
gkw_fd_16x8,0.3,parallel_field_drive,12,-0.453125,-2.702035101741218e-19,1.113848325639405e-19,2.9226104399271863e-19
gkw_fd_16x8,0.3,parallel_field_drive,13,-0.44921875,7.13625258061748e-20,-1.3234889800848443e-19,1.503623652829962e-19
gkw_fd_16x8,0.3,parallel_field_drive,14,-0.4453125,5.52688998083431e-20,-1.7787691892340307e-19,1.8626553511508127e-19
gkw_fd_16x8,0.3,parallel_field_drive,15,-0.44140625,7.702070589383353e-18,-9.815417792782832e-18,1.2476550717675211e-17
gkw_fd_16x8,0.3,parallel_field_drive,16,-0.4375,-4.436758577718025e-18,-5.595499649561908e-18,7.141039350486868e-18
gkw_fd_16x8,0.3,parallel_field_drive,17,-0.43359375,-1.2536087619363645e-19,-6.776263578034403e-21,1.2554388486945608e-19
gkw_fd_16x8,0.3,parallel_field_drive,18,-0.4296875,3.1712913545201005e-18,-1.2719046735970574e-17,1.3108441506413249e-17
gkw_fd_16x8,0.3,parallel_field_drive,19,-0.42578125,-5.505714157152952e-18,-9.825582188149884e-19,5.592701407516347e-18
gkw_fd_16x8,0.3,parallel_field_drive,20,-0.421875,6.098637220230962e-19,9.208942202548753e-18,9.22911427219987e-18
gkw_fd_16x8,0.3,parallel_field_drive,21,-0.41796875,-1.4505439221729893e-19,1.1858461261560205e-18,1.194684816853705e-18
gkw_fd_16x8,0.3,parallel_field_drive,22,-0.4140625,-5.082197683525802e-21,-1.807568309440677e-18,1.8075754540343596e-18
gkw_fd_16x8,0.3,parallel_field_drive,23,-0.41015625,5.759824041329242e-20,5.149960319306146e-18,5.150282404657687e-18
gkw_fd_16x8,0.3,parallel_field_drive,24,-0.40625,6.945670167485263e-18,4.490121653395046e-18,8.270642450123317e-18
gkw_fd_16x8,0.3,parallel_field_drive,25,-0.40234375,2.5487221382881897e-18,-7.713929050644913e-18,8.124080621004685e-18
gkw_fd_16x8,0.3,parallel_field_drive,26,-0.3984375,-3.146092124339285e-18,-1.954952042262925e-18,3.704015812922194e-18
gkw_fd_16x8,0.3,parallel_field_drive,27,-0.39453125,-5.260074602449205e-18,-4.5333203337050154e-18,6.944017430228304e-18
gkw_fd_16x8,0.3,parallel_field_drive,28,-0.390625,2.3242584072658e-18,3.974278588517177e-18,4.6040273069229115e-18
gkw_fd_16x8,0.3,parallel_field_drive,29,-0.38671875,-6.8236974230806435e-18,5.082197683525802e-21,6.8236993156564796e-18
gkw_fd_16x8,0.3,parallel_field_drive,30,-0.3828125,2.7376104855258987e-18,-5.939395026147154e-18,6.5399483520195245e-18
gkw_fd_16x8,0.3,parallel_field_drive,31,-0.37890625,-8.470329472543003e-19,-1.2346352239178682e-17,1.2375373870215265e-17
gkw_fd_16x8,0.3,parallel_field_drive,32,-0.375,-2.8833001524536384e-18,9.012430558785756e-19,3.0208705392499904e-18
gkw_fd_16x8,0.3,parallel_field_drive,33,-0.37109375,1.3179832659276913e-18,-1.7923217163900995e-18,2.224746507876566e-18
gkw_fd_16x8,0.3,parallel_field_drive,34,-0.3671875,4.1640139687021405e-18,-8.605854744103691e-19,4.252013604201269e-18
gkw_fd_16x8,0.3,parallel_field_drive,35,-0.36328125,6.152847328855238e-18,-2.547028072393681e-18,6.6591953157842206e-18
gkw_fd_16x8,0.3,parallel_field_drive,36,-0.359375,-1.3061248046661311e-18,-1.0794587879808804e-17,1.0873320077155793e-17
gkw_fd_16x8,0.3,parallel_field_drive,37,-0.35546875,1.938011383317839e-18,-3.9387032047324966e-20,1.9384115817243306e-18
gkw_fd_16x8,0.3,parallel_field_drive,38,-0.3515625,-1.717782817031721e-18,1.41030985717841e-18,2.2225552186040335e-18
gkw_fd_16x8,0.3,parallel_field_drive,39,-0.34765625,-1.179069862577986e-18,1.334076891925523e-18,1.78044008447612e-18
gkw_fd_16x8,0.3,parallel_field_drive,40,-0.34375,-3.835365185167472e-18,-1.8719428134320037e-18,4.267809274130516e-18
gkw_fd_16x8,0.3,parallel_field_drive,41,-0.33984375,-7.995991022080595e-19,1.4568966692773966e-19,8.127633132108329e-19
gkw_fd_16x8,0.3,parallel_field_drive,42,-0.3359375,-3.8116482626443515e-20,-3.8794108984246956e-19,3.8980912692749386e-19
gkw_fd_16x8,0.3,parallel_field_drive,43,-0.33203125,7.035402720335015e-19,6.098637220230962e-20,7.061786261048772e-19
gkw_fd_16x8,0.3,parallel_field_drive,44,-0.328125,1.9583401740519424e-18,3.3881317890172014e-20,1.9586332431080012e-18
gkw_fd_16x8,0.3,parallel_field_drive,45,-0.32421875,2.9205696021328276e-18,2.236166980751353e-19,2.9291178242877717e-18
gkw_fd_16x8,0.3,parallel_field_drive,46,-0.3203125,-2.244637310223896e-20,3.4254012386963906e-18,3.4254747825269727e-18
gkw_fd_16x8,0.3,parallel_field_drive,47,-0.31640625,8.775261333554552e-19,2.456395547037471e-20,8.778698665691439e-19
gkw_fd_16x8,0.3,parallel_field_drive,48,-0.3125,2.6097085104904993e-18,-1.6398557858843255e-18,3.0821592282399752e-18
gkw_fd_16x8,0.3,parallel_field_drive,49,-0.30859375,1.2193039275725653e-18,-5.2244992186645245e-18,5.3648946078762914e-18
gkw_fd_16x8,0.3,parallel_field_drive,50,-0.3046875,1.0554030522788582e-18,1.342547221398066e-19,1.0639078593451441e-18
gkw_fd_16x8,0.3,parallel_field_drive,51,-0.30078125,-2.532628512290358e-19,-2.066760391300493e-18,2.0822201100895235e-18
gkw_fd_16x8,0.3,parallel_field_drive,52,-0.296875,1.6093625997831706e-18,1.9786689647860456e-18,2.5505252105768974e-18
gkw_fd_16x8,0.3,parallel_field_drive,53,-0.29296875,8.38901430960659e-18,-4.340196821731035e-18,9.445256456981372e-18
gkw_fd_16x8,0.3,parallel_field_drive,54,-0.2890625,-4.082698805765728e-18,-7.640237184233789e-19,4.153572171145505e-18
gkw_fd_16x8,0.3,parallel_field_drive,55,-0.28515625,5.095750210681871e-18,-4.87890977618477e-19,5.11905341012436e-18
gkw_fd_16x8,0.3,parallel_field_drive,56,-0.28125,8.809142651444724e-19,-7.846913223363838e-18,7.89620523273916e-18
gkw_fd_16x8,0.3,parallel_field_drive,57,-0.27734375,1.3654171109739321e-18,4.682398132421772e-18,4.877419005729085e-18
gkw_fd_16x8,0.3,parallel_field_drive,58,-0.2734375,6.988021814847978e-20,-1.7787691892340307e-20,7.210857696096874e-20
gkw_fd_16x8,0.3,parallel_field_drive,59,-0.26953125,-6.613633252161577e-18,-9.283481101907132e-19,6.678471008231749e-18
gkw_fd_16x8,0.3,parallel_field_drive,60,-0.265625,-2.2412491784348787e-18,5.536207343254107e-18,5.972670225898607e-18
gkw_fd_16x8,0.3,parallel_field_drive,61,-0.26171875,3.859082107690592e-18,-9.978048118655658e-19,3.985991615204395e-18
gkw_fd_16x8,0.3,parallel_field_drive,62,-0.2578125,-1.7127006193481953e-18,3.3491682734435035e-18,3.761684667187859e-18
gkw_fd_16x8,0.3,parallel_field_drive,63,-0.25390625,1.2536087619363645e-18,-4.480804290975249e-19,1.3312817128406168e-18
gkw_fd_16x8,0.3,parallel_field_drive,64,-0.25,-6.517918529121841e-19,3.3881317890172014e-20,6.526718648943535e-19
gkw_fd_16x8,0.3,parallel_field_drive,65,-0.24609375,-2.295459287059154e-19,1.9058241313221758e-19,2.983504475960451e-19
gkw_fd_16x8,0.3,parallel_field_drive,66,-0.2421875,1.1570470059493743e-18,-6.166399856011306e-19,1.3111074120065732e-18
gkw_fd_16x8,0.3,parallel_field_drive,67,-0.23828125,-4.781500987250525e-19,1.0227922838095677e-19,4.889668265526624e-19
gkw_fd_16x8,0.3,parallel_field_drive,68,-0.234375,-6.06475590234079e-19,-3.4728350837426314e-19,6.988694275317181e-19
gkw_fd_16x8,0.3,parallel_field_drive,69,-0.23046875,-1.1858461261560205e-20,-1.5754812818929986e-18,1.5755259098785708e-18
gkw_fd_16x8,0.3,parallel_field_drive,70,-0.2265625,-7.79609124652858e-18,-1.3603349132904063e-18,7.913883357778049e-18
gkw_fd_16x8,0.3,parallel_field_drive,71,-0.22265625,1.367958209815695e-19,-1.393369198233324e-19,1.9526360097026628e-19
gkw_fd_16x8,0.3,parallel_field_drive,72,-0.21875,-1.4399560103323106e-20,2.439454888092385e-18,2.439497386423892e-18
gkw_fd_16x8,0.3,parallel_field_drive,73,-0.21484375,1.5890338090490674e-18,-1.7889335846010823e-18,2.3927623819373843e-18
gkw_fd_16x8,0.3,parallel_field_drive,74,-0.2109375,1.6093625997831706e-19,-1.0638733817514012e-18,1.0759772544877382e-18
gkw_fd_16x8,0.3,parallel_field_drive,75,-0.20703125,-7.013432803265607e-19,-1.4221683184399703e-18,1.5857001995439092e-18
gkw_fd_16x8,0.3,parallel_field_drive,76,-0.203125,5.891961181100913e-18,4.734914175151539e-19,5.910955987153058e-18
gkw_fd_16x8,0.3,parallel_field_drive,77,-0.19921875,1.799097979968134e-18,8.089164646278568e-20,1.8009156004635197e-18
gkw_fd_16x8,0.3,parallel_field_drive,78,-0.1953125,2.473336205982557e-19,-6.894848190650005e-19,7.325047683116734e-19
gkw_fd_16x8,0.3,parallel_field_drive,79,-0.19140625,-1.8634724839594607e-19,-3.5490680489955184e-19,4.008542592373804e-19
gkw_fd_16x8,0.3,parallel_field_drive,80,-0.1875,-1.6466320494623599e-18,1.9015889665859043e-19,1.657575793831167e-18
gkw_fd_16x8,0.3,parallel_field_drive,81,-0.18359375,-3.550762114890027e-18,1.260385025514399e-18,3.767821918440311e-18
gkw_fd_16x8,0.3,parallel_field_drive,82,-0.1796875,-2.685094442796132e-18,-3.338368603366011e-19,2.7057677683153205e-18
gkw_fd_16x8,0.3,parallel_field_drive,83,-0.17578125,-8.893845946170154e-20,6.886377861177462e-19,6.943572927827369e-19
gkw_fd_16x8,0.3,parallel_field_drive,84,-0.171875,4.655293078109635e-18,1.98544522836408e-18,5.061002509180288e-18
gkw_fd_16x8,0.3,parallel_field_drive,85,-0.16796875,1.362028979184915e-18,4.853498787767141e-19,1.4459209677461879e-18
gkw_fd_16x8,0.3,parallel_field_drive,86,-0.1640625,4.302927372051846e-18,-1.5924219408380846e-19,4.305872971364765e-18
gkw_fd_16x8,0.3,parallel_field_drive,87,-0.16015625,1.4331797467542762e-17,6.268043809681823e-20,1.433193453403919e-17
gkw_fd_16x8,0.3,parallel_field_drive,88,-0.15625,4.126744519022951e-18,-1.3721933745519665e-19,4.12902524475906e-18
gkw_fd_16x8,0.3,parallel_field_drive,89,-0.15234375,-3.061515884555943e-17,-5.421010862427522e-20,3.0615206840305896e-17
gkw_fd_16x8,0.3,parallel_field_drive,90,-0.1484375,-1.2536087619363645e-18,-1.9956096237311316e-18,2.3566910485534443e-18
gkw_fd_16x8,0.3,parallel_field_drive,91,-0.14453125,1.0394788328704774e-17,8.055283328388396e-19,1.0425953207912604e-17
gkw_fd_16x8,0.3,parallel_field_drive,92,-0.140625,7.779150587583494e-18,-1.6263032587282567e-19,7.780850370441146e-18
gkw_fd_16x8,0.3,parallel_field_drive,93,-0.13671875,-6.0173220572945496e-18,3.564314642046096e-18,6.9937474653227e-18
gkw_fd_16x8,0.3,parallel_field_drive,94,-0.1328125,-9.723938234479368e-19,6.268043809681823e-20,9.744119176199079e-19
gkw_fd_16x8,0.3,parallel_field_drive,95,-0.12890625,6.162164691275035e-19,8.639736061993863e-19,1.0612130460153322e-18
gkw_fd_16x8,0.3,parallel_field_drive,96,-0.125,1.0892843701690302e-18,-3.543985851311993e-18,3.7076105719714055e-18
gkw_fd_16x8,0.3,parallel_field_drive,97,-0.12109375,-5.759824041329242e-20,2.9942614685439517e-19,3.049156846060518e-19
gkw_fd_16x8,0.3,parallel_field_drive,98,-0.1171875,-6.776263578034403e-21,6.979551485375435e-19,6.979880422458134e-19
gkw_fd_16x8,0.3,parallel_field_drive,99,-0.11328125,1.8685546816429865e-18,9.994988777600744e-20,1.8712259559861707e-18
gkw_fd_16x8,0.3,parallel_field_drive,100,-0.109375,6.776263578034403e-21,-1.3349239248727773e-18,1.3349411234005114e-18
gkw_fd_16x8,0.3,parallel_field_drive,101,-0.10546875,8.385626177817573e-20,-3.2051726724102725e-18,3.2062694416728325e-18
gkw_fd_16x8,0.3,parallel_field_drive,102,-0.1015625,-4.5951537388545793e-20,-2.405573570202213e-19,2.4490689211397286e-19
gkw_fd_16x8,0.3,parallel_field_drive,103,-0.09765625,1.503483481376383e-19,-2.137911158869854e-18,2.1431912534834494e-18
gkw_fd_16x8,0.3,parallel_field_drive,104,-0.09375,1.3383120566617945e-18,5.10930273783794e-18,5.281671480495979e-18
gkw_fd_16x8,0.3,parallel_field_drive,105,-0.08984375,8.504210790433175e-19,-1.1587410718438829e-18,1.437322818040231e-18
gkw_fd_16x8,0.3,parallel_field_drive,106,-0.0859375,-1.111307226797642e-18,-3.835365185167472e-18,3.993122820040398e-18
gkw_fd_16x8,0.3,parallel_field_drive,107,-0.08203125,-1.0198276684941776e-18,-1.3721933745519665e-18,1.70966754972731e-18
gkw_fd_16x8,0.3,parallel_field_drive,108,-0.078125,-2.854501032246992e-18,-1.5958100726271018e-18,3.270288355940078e-18
gkw_fd_16x8,0.3,parallel_field_drive,109,-0.07421875,3.2526065174565133e-18,9.581636699340645e-18,1.0118656580571953e-17
gkw_fd_16x8,0.3,parallel_field_drive,110,-0.0703125,9.893344823930228e-19,-9.012430558785756e-19,1.338290612617911e-18
gkw_fd_16x8,0.3,parallel_field_drive,111,-0.06640625,2.961227183601034e-18,-7.119311921672394e-19,3.0456054332888195e-18
gkw_fd_16x8,0.3,parallel_field_drive,112,-0.0625,2.7037291676357267e-18,3.049318610115481e-20,2.703901116224996e-18
gkw_fd_16x8,0.3,parallel_field_drive,113,-0.05859375,-2.5224641169233064e-18,3.876022766635678e-18,4.624540810571767e-18
gkw_fd_16x8,0.3,parallel_field_drive,114,-0.0546875,1.7618285302889447e-18,-3.023907621697852e-19,1.7875905412553866e-18
gkw_fd_16x8,0.3,parallel_field_drive,115,-0.05078125,-4.1504614415460717e-19,-1.836367429647323e-18,1.882686548113393e-18
gkw_fd_16x8,0.3,parallel_field_drive,116,-0.046875,1.4907779871675686e-19,-1.497554250745603e-18,1.5049561202893785e-18
gkw_fd_16x8,0.3,parallel_field_drive,117,-0.04296875,-1.9109063290057016e-18,-4.39440693035531e-18,4.791907268279388e-18
gkw_fd_16x8,0.3,parallel_field_drive,118,-0.0390625,2.0396553369883552e-18,3.5575383784680614e-19,2.07044794352522e-18
gkw_fd_16x8,0.3,parallel_field_drive,119,-0.03515625,-5.065257024580716e-19,-8.512681119905718e-20,5.136291086334212e-19
gkw_fd_16x8,0.3,parallel_field_drive,120,-0.03125,1.8973538018496328e-18,1.026603932072212e-18,2.1572823372797965e-18
gkw_fd_16x8,0.3,parallel_field_drive,121,-0.02734375,-5.927536564885594e-18,-2.930733997499879e-18,6.612479980473085e-18
gkw_fd_16x8,0.3,parallel_field_drive,122,-0.0234375,-2.961227183601034e-18,-1.094366567852556e-18,3.1569771329122888e-18
gkw_fd_16x8,0.3,parallel_field_drive,123,-0.01953125,-2.2090619264392153e-18,-2.795208725939191e-18,3.562744225510714e-18
gkw_fd_16x8,0.3,parallel_field_drive,124,-0.015625,4.106415728288848e-18,4.1335207826009857e-19,4.1271673184085926e-18
gkw_fd_16x8,0.3,parallel_field_drive,125,-0.01171875,-2.371692252312041e-20,-1.5788694136820158e-18,1.5790475350269098e-18
gkw_fd_16x8,0.3,parallel_field_drive,126,-0.0078125,-4.431676380034499e-18,7.09474796620202e-18,8.365118304081741e-18
gkw_fd_16x8,0.3,parallel_field_drive,127,-0.00390625,-3.22931311140702e-21,2.710505431213761e-20,2.729674765307096e-20
gkw_fd_16x8,0.3,parallel_field_drive,128,0.0,-1.4907779871675686e-19,-1.599198204416119e-18,1.6061317153577328e-18
gkw_fd_16x8,0.3,parallel_field_drive,129,0.00390625,-7.860465750519907e-19,4.160625836913123e-18,4.2342267975322236e-18
gkw_fd_16x8,0.3,parallel_field_drive,130,0.0078125,6.281596336837891e-18,1.0008541304756813e-17,1.1816486431592025e-17
gkw_fd_16x8,0.3,parallel_field_drive,131,0.01171875,2.3399285167900047e-20,5.339695699491109e-18,5.339746968697133e-18
gkw_fd_16x8,0.3,parallel_field_drive,132,0.015625,5.753047777751208e-18,-1.9397054492123478e-19,5.7563168176695376e-18
gkw_fd_16x8,0.3,parallel_field_drive,133,0.01953125,-8.368685518872487e-19,2.0972535774016476e-18,2.2580570278586565e-18
gkw_fd_16x8,0.3,parallel_field_drive,134,0.0234375,1.038801206512674e-17,7.29083609349139e-19,1.0413566035448196e-17
gkw_fd_16x8,0.3,parallel_field_drive,135,0.02734375,1.1011428314305904e-20,3.3779673936501498e-18,3.3779853410157224e-18
gkw_fd_16x8,0.3,parallel_field_drive,136,0.03125,4.679010000632755e-18,-4.448617038979585e-18,6.4562627072882365e-18
gkw_fd_16x8,0.3,parallel_field_drive,137,0.03515625,-1.9752808329970284e-18,-3.770990681176145e-18,4.25700658758273e-18
gkw_fd_16x8,0.3,parallel_field_drive,138,0.0390625,3.577655410965351e-19,-1.5415999640028266e-19,3.895657670871912e-19
gkw_fd_16x8,0.3,parallel_field_drive,139,0.04296875,-3.180608716939898e-19,-1.4924720530620772e-18,1.5259867454450816e-18
gkw_fd_16x8,0.3,parallel_field_drive,140,0.046875,3.06287113727155e-18,-2.507217523872729e-18,3.958196472580109e-18
gkw_fd_16x8,0.3,parallel_field_drive,141,0.05078125,-1.870248747537495e-18,1.0426975580700437e-18,2.1412726531833354e-18
gkw_fd_16x8,0.3,parallel_field_drive,142,0.0546875,-1.3713463416047122e-18,-1.469178647012584e-18,2.0097454280257376e-18
gkw_fd_16x8,0.3,parallel_field_drive,143,0.05859375,-1.6263032587282567e-19,-2.4157379655692646e-18,2.4212060096543275e-18
gkw_fd_16x8,0.3,parallel_field_drive,144,0.0625,-1.5731095896406866e-17,-1.5585406229479126e-19,1.573186793075389e-17
gkw_fd_16x8,0.3,parallel_field_drive,145,0.06640625,6.369687763352339e-19,-8.639736061993863e-20,6.4280146697724395e-19
gkw_fd_16x8,0.3,parallel_field_drive,146,0.0703125,1.9278469879507876e-18,1.3891340334970526e-19,1.932845297115401e-18
gkw_fd_16x8,0.3,parallel_field_drive,147,0.07421875,-3.2526065174565133e-19,7.420008617947671e-19,8.101603362780623e-19
gkw_fd_16x8,0.3,parallel_field_drive,148,0.078125,-6.810144895924575e-19,6.640738306473715e-19,9.51196503139887e-19
gkw_fd_16x8,0.3,parallel_field_drive,149,0.08203125,4.54009659728305e-19,-9.808641529204798e-19,1.0808419207317144e-18
gkw_fd_16x8,0.3,parallel_field_drive,150,0.0859375,-1.7957098481791167e-18,9.35802000126551e-18,9.528751870152396e-18
gkw_fd_16x8,0.3,parallel_field_drive,151,0.08984375,-2.473336205982557e-19,-7.501323780884084e-18,7.505400214880971e-18
gkw_fd_16x8,0.3,parallel_field_drive,152,0.09375,-1.0089856467693226e-17,-9.161508357502512e-18,1.362858902906824e-17
gkw_fd_16x8,0.3,parallel_field_drive,153,0.09765625,-1.616138863361205e-18,-1.362028979184915e-18,2.113534425034508e-18
gkw_fd_16x8,0.3,parallel_field_drive,154,0.1015625,1.3891340334970526e-19,-9.076805062777082e-18,9.077867981045212e-18
gkw_fd_16x8,0.3,parallel_field_drive,155,0.10546875,-2.0328790734103208e-19,4.103027596499831e-18,4.108060543725016e-18
gkw_fd_16x8,0.3,parallel_field_drive,156,0.109375,4.7704895589362195e-18,-4.955142741437657e-20,4.770746899163515e-18
gkw_fd_16x8,0.3,parallel_field_drive,157,0.11328125,6.945670167485263e-20,1.8888834723770898e-18,1.890160047622127e-18
gkw_fd_16x8,0.3,parallel_field_drive,158,0.1171875,6.461167321655803e-18,-1.887189406482581e-18,6.7311341551311324e-18
gkw_fd_16x8,0.3,parallel_field_drive,159,0.12109375,4.319868030996932e-20,4.587530442329291e-18,4.587733828948504e-18
gkw_fd_16x8,0.3,parallel_field_drive,160,0.125,-1.3891340334970526e-18,1.9735867671025198e-19,1.4030836790058574e-18
gkw_fd_16x8,0.3,parallel_field_drive,161,0.12890625,-7.724940478959219e-18,3.848917712323541e-18,8.630693654608566e-18
gkw_fd_16x8,0.3,parallel_field_drive,162,0.1328125,7.148958074826295e-19,-8.089164646278568e-20,7.19457763891461e-19
gkw_fd_16x8,0.3,parallel_field_drive,163,0.13671875,-4.943284280176097e-18,-1.8458541986565713e-17,1.9108998711194822e-17
gkw_fd_16x8,0.3,parallel_field_drive,164,0.140625,-1.0177947894207673e-17,1.6940658945086007e-19,1.017935763836578e-17
gkw_fd_16x8,0.3,parallel_field_drive,165,0.14453125,-7.487771253728015e-19,1.6686549060909717e-18,1.8289549964673885e-18
gkw_fd_16x8,0.3,parallel_field_drive,166,0.1484375,-5.1228552649940085e-18,1.9587636905255695e-21,5.122855639468287e-18
gkw_fd_16x8,0.3,parallel_field_drive,167,0.15234375,-7.345469718589293e-18,-5.268544931921748e-19,7.364339824024218e-18
gkw_fd_16x8,0.3,parallel_field_drive,168,0.15625,3.7100043089738355e-19,4.0115480381963664e-18,4.028667147144718e-18
gkw_fd_16x8,0.3,parallel_field_drive,169,0.16015625,-2.1514636860259229e-19,8.34158046456035e-18,8.344354535052891e-18
gkw_fd_16x8,0.3,parallel_field_drive,170,0.1640625,-1.4162390878091902e-18,-9.441108639435237e-20,1.4193824738500786e-18
gkw_fd_16x8,0.3,parallel_field_drive,171,0.16796875,-1.6178329292557136e-19,1.7381116077658243e-18,1.7456247577644344e-18
gkw_fd_16x8,0.3,parallel_field_drive,172,0.171875,1.412850956020173e-18,-3.0662592690605672e-18,3.3761062970568566e-18
gkw_fd_16x8,0.3,parallel_field_drive,173,0.17578125,-1.0062751413381088e-18,-6.606856988583543e-20,1.0084417266266754e-18
gkw_fd_16x8,0.3,parallel_field_drive,174,0.1796875,1.3654171109739321e-18,-1.2366681029912785e-19,1.3710059689548983e-18
gkw_fd_16x8,0.3,parallel_field_drive,175,0.18359375,-1.6466320494623599e-18,-2.1446874224478885e-18,2.703901116224996e-18
gkw_fd_16x8,0.3,parallel_field_drive,176,0.1875,-3.516880796999855e-18,1.2739375526704677e-18,3.740503632989862e-18
gkw_fd_16x8,0.3,parallel_field_drive,177,0.19140625,-7.48099499014998e-18,-3.381355525439167e-18,8.209680336777254e-18
gkw_fd_16x8,0.3,parallel_field_drive,178,0.1953125,4.2161911982530054e-17,-1.3769367590565906e-17,4.4353379869709345e-17
gkw_fd_16x8,0.3,parallel_field_drive,179,0.19921875,8.14845695258637e-18,1.7804632551285393e-18,8.340707410706604e-18
gkw_fd_16x8,0.3,parallel_field_drive,180,0.203125,-1.5382118322138094e-18,1.3772755722354924e-18,2.0646994073324977e-18
gkw_fd_16x8,0.3,parallel_field_drive,181,0.20703125,1.009663273127126e-18,-1.2183721913305856e-17,1.2225485658486991e-17
gkw_fd_16x8,0.3,parallel_field_drive,182,0.2109375,9.808641529204798e-19,5.099138342470888e-19,1.1054893056203565e-18
gkw_fd_16x8,0.3,parallel_field_drive,183,0.21484375,9.58841296291868e-19,3.372885195966624e-18,3.5065269393868174e-18
gkw_fd_16x8,0.3,parallel_field_drive,184,0.21875,-1.3552527156068805e-18,-2.7376104855258987e-18,3.054704747372677e-18
gkw_fd_16x8,0.3,parallel_field_drive,185,0.22265625,-2.6156377411212794e-18,3.198396408832238e-18,4.131743019696286e-18
gkw_fd_16x8,0.3,parallel_field_drive,186,0.2265625,-2.707117299424744e-18,-5.254992404765679e-18,5.9112967483446216e-18
gkw_fd_16x8,0.3,parallel_field_drive,187,0.23046875,9.2970336290632e-18,-7.653789711389858e-18,1.2042231157310895e-17
gkw_fd_16x8,0.3,parallel_field_drive,188,0.234375,-4.960224939121183e-18,2.9747797107571028e-18,5.78386944650481e-18
gkw_fd_16x8,0.3,parallel_field_drive,189,0.23828125,3.4423418976414766e-18,-8.605854744103691e-19,3.548284810866236e-18
gkw_fd_16x8,0.3,parallel_field_drive,190,0.2421875,-1.5687050183149642e-18,1.650020181251377e-18,2.2767085964223395e-18
gkw_fd_16x8,0.3,parallel_field_drive,191,0.24609375,-1.7228650147152469e-18,-1.3383120566617945e-18,2.181591854572273e-18
gkw_fd_16x8,0.3,parallel_field_drive,192,0.25,1.4501204056993622e-18,-5.732718987017105e-18,5.913283028498813e-18
gkw_fd_16x8,0.3,parallel_field_drive,193,0.25390625,-1.378969638130001e-18,-5.663262285342252e-18,5.8287303056038145e-18
gkw_fd_16x8,0.3,parallel_field_drive,194,0.2578125,5.624298769768554e-19,1.9989977555201488e-18,2.0766124802405464e-18
gkw_fd_16x8,0.3,parallel_field_drive,195,0.26171875,-2.727446090158847e-19,2.6808592780598606e-19,3.8243912775084113e-19
gkw_fd_16x8,0.3,parallel_field_drive,196,0.265625,2.7985968577282083e-18,1.2339575975600647e-17,1.2652955371363122e-17
gkw_fd_16x8,0.3,parallel_field_drive,197,0.26953125,-1.0787811616230769e-17,-1.1519648082658485e-18,1.084914293328125e-17
gkw_fd_16x8,0.3,parallel_field_drive,198,0.2734375,-1.179069862577986e-17,3.618524750670371e-18,1.2333462427687579e-17
gkw_fd_16x8,0.3,parallel_field_drive,199,0.27734375,6.2002811739014785e-19,4.472333961502706e-18,4.515108628766849e-18
gkw_fd_16x8,0.3,parallel_field_drive,200,0.28125,3.300040362502754e-18,-1.4094628242311558e-18,3.5884330629171524e-18
gkw_fd_16x8,0.3,parallel_field_drive,201,0.28515625,-2.608861477543245e-18,-1.4738373282224826e-19,2.613021273107003e-18
gkw_fd_16x8,0.3,parallel_field_drive,202,0.2890625,1.794015782284608e-18,2.371692252312041e-18,2.9737882854640504e-18
gkw_fd_16x8,0.3,parallel_field_drive,203,0.29296875,-2.0342343261259277e-17,6.369687763352339e-19,2.0352313347158518e-17
gkw_fd_16x8,0.3,parallel_field_drive,204,0.296875,-4.997494388800372e-19,-2.4028630647709992e-17,2.4033827000827996e-17
gkw_fd_16x8,0.3,parallel_field_drive,205,0.30078125,-4.0657581468206416e-20,5.5768649247223134e-18,5.577013127788822e-18
gkw_fd_16x8,0.3,parallel_field_drive,206,0.3046875,-3.999689576934806e-18,-3.916680348103885e-18,5.5980265863127244e-18
gkw_fd_16x8,0.3,parallel_field_drive,207,0.30859375,7.397985761319059e-18,3.2949581648192283e-19,7.405319764720401e-18
gkw_fd_16x8,0.3,parallel_field_drive,208,0.3125,-6.399755778618641e-19,1.3603349132904063e-18,1.5033561842013503e-18
gkw_fd_16x8,0.3,parallel_field_drive,209,0.31640625,6.664031712523208e-19,2.73591641963139e-18,2.8159069306111298e-18
gkw_fd_16x8,0.3,parallel_field_drive,210,0.3203125,-8.99548989984067e-19,-4.2944570425793027e-19,9.968008819653727e-19
gkw_fd_16x8,0.3,parallel_field_drive,211,0.32421875,8.114575634696197e-18,3.283099703557668e-18,8.753575349233343e-18
gkw_fd_16x8,0.3,parallel_field_drive,212,0.328125,-3.9979955110402976e-18,-2.6080144445959907e-18,4.773437697249196e-18
gkw_fd_16x8,0.3,parallel_field_drive,213,0.33203125,-1.260385025514399e-18,3.2593827810345477e-18,3.49458817685939e-18
gkw_fd_16x8,0.3,parallel_field_drive,214,0.3359375,-1.9142944607947188e-18,-3.4220131069073734e-18,3.921058146275722e-18
gkw_fd_16x8,0.3,parallel_field_drive,215,0.33984375,1.6127507315721878e-18,5.1736772418292665e-18,5.419215914208319e-18
gkw_fd_16x8,0.3,parallel_field_drive,216,0.34375,9.368184396632562e-19,-2.253107639696439e-19,9.635319035992958e-19
gkw_fd_16x8,0.3,parallel_field_drive,217,0.34765625,6.776263578034403e-21,-2.456395547037471e-19,2.4573300263321196e-19
gkw_fd_16x8,0.3,parallel_field_drive,218,0.3515625,2.526275765185951e-19,-9.006077811681348e-19,9.353689474844937e-19
gkw_fd_16x8,0.3,parallel_field_drive,219,0.35546875,4.2351647362715017e-19,3.8539999100070665e-19,5.726249702003235e-19
gkw_fd_16x8,0.3,parallel_field_drive,220,0.359375,1.976974898891537e-18,-1.3400061225563031e-18,2.3883145017638653e-18
gkw_fd_16x8,0.3,parallel_field_drive,221,0.36328125,-9.639234939753938e-19,7.199780051661553e-20,9.666085999601707e-19
gkw_fd_16x8,0.3,parallel_field_drive,222,0.3671875,-9.12762703961234e-18,1.73429995950318e-19,9.129274524175383e-18
gkw_fd_16x8,0.3,parallel_field_drive,223,0.37109375,-7.447113672259809e-18,4.445228907190568e-18,8.672921196741132e-18
gkw_fd_16x8,0.3,parallel_field_drive,224,0.375,5.47183283926278e-19,-2.927345865710862e-18,2.9780469042147105e-18
gkw_fd_16x8,0.3,parallel_field_drive,225,0.37890625,-5.9969932665604464e-18,-1.1241821275959074e-17,1.2741368601519126e-17
gkw_fd_16x8,0.3,parallel_field_drive,226,0.3828125,-1.3925221652860698e-18,-1.1248597539537109e-18,1.790091463271586e-18
gkw_fd_16x8,0.3,parallel_field_drive,227,0.38671875,-2.995108501491206e-18,-1.1519648082658485e-19,2.997322999761575e-18
gkw_fd_16x8,0.3,parallel_field_drive,228,0.390625,5.082197683525802e-21,-1.8338263308055602e-18,1.833833373098297e-18
gkw_fd_16x8,0.3,parallel_field_drive,229,0.39453125,-2.5986970821761934e-18,-1.0164395367051604e-20,2.5987169603179642e-18
gkw_fd_16x8,0.3,parallel_field_drive,230,0.3984375,4.523155938337964e-19,-4.0657581468206416e-19,6.081885312216961e-19
gkw_fd_16x8,0.3,parallel_field_drive,231,0.40234375,3.660029365085832e-18,4.496050884025826e-18,5.797438098422441e-18
gkw_fd_16x8,0.3,parallel_field_drive,232,0.40625,2.543639940604664e-18,-4.573977915173222e-19,2.5844374411318648e-18
gkw_fd_16x8,0.3,parallel_field_drive,233,0.41015625,-7.081195439045951e-18,8.876905287225068e-19,7.136618479416482e-18
gkw_fd_16x8,0.3,parallel_field_drive,234,0.4140625,-1.637822906810915e-17,3.9979955110402976e-18,1.6859132703486082e-17
gkw_fd_16x8,0.3,parallel_field_drive,235,0.41796875,6.708500942254059e-19,2.5106056556617462e-18,2.5986882473977103e-18
gkw_fd_16x8,0.3,parallel_field_drive,236,0.421875,-1.1248597539537109e-18,8.985325504473618e-18,9.055461550214262e-18
gkw_fd_16x8,0.3,parallel_field_drive,237,0.42578125,8.917562868693274e-18,-3.3991432173315073e-18,9.543432408155244e-18
gkw_fd_16x8,0.3,parallel_field_drive,238,0.4296875,5.869938324472301e-19,-4.865357249028701e-18,4.900639031800569e-18
gkw_fd_16x8,0.3,parallel_field_drive,239,0.43359375,1.4475793068575993e-18,6.451002926288751e-18,6.611423795569935e-18
gkw_fd_16x8,0.3,parallel_field_drive,240,0.4375,-4.768795493041711e-19,2.5275463146068322e-18,2.572140057817056e-18
gkw_fd_16x8,0.3,parallel_field_drive,241,0.44140625,1.1146953585866592e-18,-4.946672411965114e-19,1.2195250804996216e-18
gkw_fd_16x8,0.3,parallel_field_drive,242,0.4453125,6.0198631561363125e-18,4.1470733097570545e-18,7.310059470011634e-18
gkw_fd_16x8,0.3,parallel_field_drive,243,0.44921875,2.803679055411734e-19,2.4801124695605914e-18,2.4959094583192475e-18
gkw_fd_16x8,0.3,parallel_field_drive,244,0.453125,-1.8888834723770898e-19,2.0328790734103208e-19,2.774973531284386e-19
gkw_fd_16x8,0.3,parallel_field_drive,245,0.45703125,1.5941160067325932e-18,-7.548757625930325e-18,7.715241249498444e-18
gkw_fd_16x8,0.3,parallel_field_drive,246,0.4609375,-7.911287727355165e-18,1.3891340334970526e-18,8.032320142276467e-18
gkw_fd_16x8,0.3,parallel_field_drive,247,0.46484375,-1.0638733817514012e-18,2.0328790734103208e-20,1.0640675881408444e-18
gkw_fd_16x8,0.3,parallel_field_drive,248,0.46875,-3.3576386029160465e-18,5.9631119486702744e-18,6.843423200428731e-18
gkw_fd_16x8,0.3,parallel_field_drive,249,0.47265625,-1.951563910473908e-18,1.1194387430912833e-17,1.1363226287020929e-17
gkw_fd_16x8,0.3,parallel_field_drive,250,0.4765625,4.296151108473811e-18,-9.012430558785756e-19,4.3896643826846385e-18
gkw_fd_16x8,0.3,parallel_field_drive,251,0.48046875,-6.06475590234079e-19,6.911788849595091e-19,9.195329752453931e-19
gkw_fd_16x8,0.3,parallel_field_drive,252,0.484375,5.480303168735323e-18,5.304967348653683e-18,7.627345632101125e-18
gkw_fd_16x8,0.3,parallel_field_drive,253,0.48828125,8.80800445092185e-18,9.189672202998718e-18,1.2729140489680615e-17
gkw_fd_16x8,0.3,parallel_field_drive,254,0.4921875,1.2288330482291762e-18,-1.8084153423879312e-19,1.24206856530791e-18
gkw_fd_16x8,0.3,parallel_field_drive,255,0.49609375,-7.623296525288703e-21,8.216219588366713e-20,8.25150960875558e-20
gkw_fd_16x8,0.3,drift_field_drive,0,-0.5,0.04064402047250324,0.0015230492822947686,0.04067254699776695
gkw_fd_16x8,0.3,drift_field_drive,1,-0.49609375,0.015716813075338627,0.0005219801238827972,0.015725478577609777
gkw_fd_16x8,0.3,drift_field_drive,2,-0.4921875,-0.01992774291045338,-0.005042498752861503,0.02055581988580691
gkw_fd_16x8,0.3,drift_field_drive,3,-0.48828125,-0.03318206422630838,-0.015666878803871857,0.03669469277394299
gkw_fd_16x8,0.3,drift_field_drive,4,-0.484375,-0.032757618044533525,-0.0597603626090298,0.06814955963991459
gkw_fd_16x8,0.3,drift_field_drive,5,-0.48046875,-0.006871987799017982,-0.03137253433636684,0.03211635295291743
gkw_fd_16x8,0.3,drift_field_drive,6,-0.4765625,1.1842821317172375e-05,0.0017488016669729841,0.001748841766090986
gkw_fd_16x8,0.3,drift_field_drive,7,-0.47265625,-4.824424578304474e-05,0.0008401080419172241,0.0008414921445534517
gkw_fd_16x8,0.3,drift_field_drive,8,-0.46875,-0.004691298810162672,0.01505750985431747,0.015771394597152828
gkw_fd_16x8,0.3,drift_field_drive,9,-0.46484375,-0.020373169261614976,0.04316472152277803,0.0477311136461469
gkw_fd_16x8,0.3,drift_field_drive,10,-0.4609375,-0.018114896367657406,0.04288564788378761,0.04655457297434039
gkw_fd_16x8,0.3,drift_field_drive,11,-0.45703125,-0.008875673362653259,0.037406687456104,0.038445257758001325
gkw_fd_16x8,0.3,drift_field_drive,12,-0.453125,0.000315167831906636,0.015229646267888928,0.01523290701761459
gkw_fd_16x8,0.3,drift_field_drive,13,-0.44921875,0.0004069097070180724,-0.017479392825593732,0.017484128490178833
gkw_fd_16x8,0.3,drift_field_drive,14,-0.4453125,-0.0015231422756657325,-0.0555890412569314,0.05560990442589109
gkw_fd_16x8,0.3,drift_field_drive,15,-0.44140625,-0.0042120364383884095,-0.01677376443226496,0.017294520062361627
gkw_fd_16x8,0.3,drift_field_drive,16,-0.4375,0.009593897600260883,0.018394857561371214,0.020746413084372615
gkw_fd_16x8,0.3,drift_field_drive,17,-0.43359375,0.0006581991250463214,0.00116509105682072,0.0013381566645558978
gkw_fd_16x8,0.3,drift_field_drive,18,-0.4296875,0.027819562005238004,0.03479540254372441,0.044549389090571205
gkw_fd_16x8,0.3,drift_field_drive,19,-0.42578125,0.05076614228423454,0.05126013088747395,0.07214431523705875
gkw_fd_16x8,0.3,drift_field_drive,20,-0.421875,0.03744079874987927,0.031598021192429764,0.04899232954561562
gkw_fd_16x8,0.3,drift_field_drive,21,-0.41796875,0.03234548261808734,0.036141008666587794,0.048501574750056974
gkw_fd_16x8,0.3,drift_field_drive,22,-0.4140625,-0.03927276941897404,-0.04347987733654379,0.05859052953367803
gkw_fd_16x8,0.3,drift_field_drive,23,-0.41015625,-0.04779741047188924,-0.12217952655513435,0.1311961476456342
gkw_fd_16x8,0.3,drift_field_drive,24,-0.40625,0.0027608271626941854,-0.08989173558922378,0.08993412196638821
gkw_fd_16x8,0.3,drift_field_drive,25,-0.40234375,0.010910768691750939,-0.032037177947671525,0.033844137517384944
gkw_fd_16x8,0.3,drift_field_drive,26,-0.3984375,0.0020533540842291053,-0.0028033305528377423,0.0034748993055474155
gkw_fd_16x8,0.3,drift_field_drive,27,-0.39453125,-0.02314762733785486,0.015250006891758303,0.02771958444080433
gkw_fd_16x8,0.3,drift_field_drive,28,-0.390625,-0.020484658084813947,0.007191757662073776,0.021710425954405647
gkw_fd_16x8,0.3,drift_field_drive,29,-0.38671875,0.004956548818228999,-0.0008825758593768829,0.005034512522086139
gkw_fd_16x8,0.3,drift_field_drive,30,-0.3828125,0.03441420192750855,0.006415486604629005,0.03500708160760487
gkw_fd_16x8,0.3,drift_field_drive,31,-0.37890625,0.05673507209521498,0.05700768669279598,0.08042850705883599
gkw_fd_16x8,0.3,drift_field_drive,32,-0.375,0.031362016920321076,0.08655466928585484,0.09206132130538976
gkw_fd_16x8,0.3,drift_field_drive,33,-0.37109375,0.010085839653731533,0.10141589183401065,0.1019161777050559
gkw_fd_16x8,0.3,drift_field_drive,34,-0.3671875,-0.0014220821058607276,0.06556943777549103,0.06558485715246927
gkw_fd_16x8,0.3,drift_field_drive,35,-0.36328125,-0.00026229597551706487,0.0025446911277007215,0.0025581735895304717
gkw_fd_16x8,0.3,drift_field_drive,36,-0.359375,0.018783192527058186,-0.016744197114204894,0.025162997804472384
gkw_fd_16x8,0.3,drift_field_drive,37,-0.35546875,-0.0006742241963539172,0.000328392793879238,0.0007499467274552887
gkw_fd_16x8,0.3,drift_field_drive,38,-0.3515625,-0.01128344845579459,0.0016656802712286607,0.01140573100772299
gkw_fd_16x8,0.3,drift_field_drive,39,-0.34765625,-0.02284800795978673,-0.007263803408679377,0.023974868251784406
gkw_fd_16x8,0.3,drift_field_drive,40,-0.34375,-0.03719300354127835,-0.03095886911330989,0.04839184940872375
gkw_fd_16x8,0.3,drift_field_drive,41,-0.33984375,-0.0465760534728077,-0.03869477570021313,0.060552575697418905
gkw_fd_16x8,0.3,drift_field_drive,42,-0.3359375,-0.027062393520416582,-0.028960183853847753,0.03963666726533084
gkw_fd_16x8,0.3,drift_field_drive,43,-0.33203125,-0.025924081477772337,-0.024800017571707255,0.035876160218495615
gkw_fd_16x8,0.3,drift_field_drive,44,-0.328125,0.0002405625389452954,0.0002562584976577364,0.0003514807999956852
gkw_fd_16x8,0.3,drift_field_drive,45,-0.32421875,0.017450545140411507,0.014460642953101715,0.022663444581850968
gkw_fd_16x8,0.3,drift_field_drive,46,-0.3203125,0.01567476460385625,0.014979805346617851,0.021681623869278462
gkw_fd_16x8,0.3,drift_field_drive,47,-0.31640625,0.008341642584532787,0.007243523494838047,0.011047698114465368
gkw_fd_16x8,0.3,drift_field_drive,48,-0.3125,-0.002977024988015662,-0.0044258708039032705,0.0053339488329110386
gkw_fd_16x8,0.3,drift_field_drive,49,-0.30859375,-0.0014797843529855029,-0.009206817326691178,0.009324979732868144
gkw_fd_16x8,0.3,drift_field_drive,50,-0.3046875,0.003998914513976085,-0.008262010015424261,0.00917889572797618
gkw_fd_16x8,0.3,drift_field_drive,51,-0.30078125,5.871657746802482e-05,-4.690951087794359e-05,7.515409955795138e-05
gkw_fd_16x8,0.3,drift_field_drive,52,-0.296875,-0.0010861036084070764,0.0036915944963172654,0.0038480502820824464
gkw_fd_16x8,0.3,drift_field_drive,53,-0.29296875,0.004265983733610307,0.00738274325891164,0.008526635634435953
gkw_fd_16x8,0.3,drift_field_drive,54,-0.2890625,0.0055858598347385355,0.016124035044442802,0.0170641828461771
gkw_fd_16x8,0.3,drift_field_drive,55,-0.28515625,0.009953102728047683,0.02374529584725083,0.02574690911135816
gkw_fd_16x8,0.3,drift_field_drive,56,-0.28125,-0.003647316860340356,0.017144519568629144,0.01752819076570171
gkw_fd_16x8,0.3,drift_field_drive,57,-0.27734375,-0.009969757255529252,0.008420950719454128,0.013050228762502716
gkw_fd_16x8,0.3,drift_field_drive,58,-0.2734375,0.004753920528685763,-0.004663298152820345,0.006659287503566546
gkw_fd_16x8,0.3,drift_field_drive,59,-0.26953125,0.027095605263034447,-0.0113117803715544,0.02936201968094946
gkw_fd_16x8,0.3,drift_field_drive,60,-0.265625,0.010264477587712297,-0.004792312758256327,0.01132809612077839
gkw_fd_16x8,0.3,drift_field_drive,61,-0.26171875,-0.009525184375657575,0.0031687846572771503,0.010038442787328433
gkw_fd_16x8,0.3,drift_field_drive,62,-0.2578125,-0.003906278789515744,0.0014331366288191903,0.004160876659825885
gkw_fd_16x8,0.3,drift_field_drive,63,-0.25390625,-0.003228105719513312,-1.951806555915177e-05,0.0032281647249230837
gkw_fd_16x8,0.3,drift_field_drive,64,-0.25,0.004737040241492713,-0.0014286616850131219,0.00494778985606158
gkw_fd_16x8,0.3,drift_field_drive,65,-0.24609375,0.0016576565950764829,-0.00037395279018699964,0.0016993134132611326
gkw_fd_16x8,0.3,drift_field_drive,66,-0.2421875,-0.001283083579171647,1.8477251559172232e-05,0.001283216614592059
gkw_fd_16x8,0.3,drift_field_drive,67,-0.23828125,-0.012344247556604186,-0.003716538018511538,0.012891590382174344
gkw_fd_16x8,0.3,drift_field_drive,68,-0.234375,-0.023031223901767962,0.0011769756242228835,0.02306127806591349
gkw_fd_16x8,0.3,drift_field_drive,69,-0.23046875,-0.0212525769661976,0.01280759183009496,0.024813432575733412
gkw_fd_16x8,0.3,drift_field_drive,70,-0.2265625,0.0027770121164352258,-0.0013669210338879047,0.003095201028643088
gkw_fd_16x8,0.3,drift_field_drive,71,-0.22265625,0.0022356318861266244,-0.004365867375925576,0.004904981944353859
gkw_fd_16x8,0.3,drift_field_drive,72,-0.21875,-0.0018672203220869827,0.00450236472454724,0.004874197353827803
gkw_fd_16x8,0.3,drift_field_drive,73,-0.21484375,0.002914407604222102,0.003361464022026521,0.004448956288268781
gkw_fd_16x8,0.3,drift_field_drive,74,-0.2109375,-0.0019049462774200598,2.600684569202048e-05,0.00190512379542102
gkw_fd_16x8,0.3,drift_field_drive,75,-0.20703125,-0.005193032822279543,0.0005872064719900348,0.005226126800415354
gkw_fd_16x8,0.3,drift_field_drive,76,-0.203125,-0.008200672739196026,0.01092300819860149,0.01365881186202183
gkw_fd_16x8,0.3,drift_field_drive,77,-0.19921875,-0.01608914776332982,0.03129499078298825,0.03518859366126445
gkw_fd_16x8,0.3,drift_field_drive,78,-0.1953125,-0.006825353551543627,0.04207513446881525,0.042625138025259864
gkw_fd_16x8,0.3,drift_field_drive,79,-0.19140625,-0.0020965905717179197,0.03315886528597037,0.03322508147587523
gkw_fd_16x8,0.3,drift_field_drive,80,-0.1875,0.00028325987623121677,0.002800167072118255,0.0028144576367850776
gkw_fd_16x8,0.3,drift_field_drive,81,-0.18359375,0.0029641602213623746,-0.012086238525451353,0.01244441270257506
gkw_fd_16x8,0.3,drift_field_drive,82,-0.1796875,0.002889611335685676,-0.007936538203795885,0.008446211714824271
gkw_fd_16x8,0.3,drift_field_drive,83,-0.17578125,-0.0008330765550512865,0.0022188605941964304,0.0023700968087936526
gkw_fd_16x8,0.3,drift_field_drive,84,-0.171875,0.0007579672908384555,0.008887137476948923,0.008919401714698754
gkw_fd_16x8,0.3,drift_field_drive,85,-0.16796875,0.007362271071254642,0.002522132153170581,0.0077822995267908986
gkw_fd_16x8,0.3,drift_field_drive,86,-0.1640625,0.00306616098729434,-0.0028531689237617504,0.004188307069392786
gkw_fd_16x8,0.3,drift_field_drive,87,-0.16015625,-0.001624366369407955,0.002169478003703379,0.0027102031124283618
gkw_fd_16x8,0.3,drift_field_drive,88,-0.15625,-0.0014696130899562493,0.003127844666968005,0.0034558898846535815
gkw_fd_16x8,0.3,drift_field_drive,89,-0.15234375,-0.0037559163597130282,0.009093451621441392,0.009838585777064458
gkw_fd_16x8,0.3,drift_field_drive,90,-0.1484375,-0.010353358111048623,0.03005063766231502,0.031784160333212554
gkw_fd_16x8,0.3,drift_field_drive,91,-0.14453125,-0.017535860952411844,0.045775764653049895,0.049019659820461164
gkw_fd_16x8,0.3,drift_field_drive,92,-0.140625,-0.015182500293608344,0.038764091084829005,0.04163127517622223
gkw_fd_16x8,0.3,drift_field_drive,93,-0.13671875,-0.006421391821774052,0.017684988241801192,0.01881470387865281
gkw_fd_16x8,0.3,drift_field_drive,94,-0.1328125,-0.0004997113517925193,0.0020952142490141337,0.0021539810083615334
gkw_fd_16x8,0.3,drift_field_drive,95,-0.12890625,0.01644225945239846,-0.03584702804067658,0.039438018652678784
gkw_fd_16x8,0.3,drift_field_drive,96,-0.125,0.011873125003251852,-0.0361428504252223,0.03804309049226726
gkw_fd_16x8,0.3,drift_field_drive,97,-0.12109375,0.008634583707216623,-0.02763675436037033,0.0289542091477626
gkw_fd_16x8,0.3,drift_field_drive,98,-0.1171875,0.0035420982207699566,-0.019477117032299374,0.019796579191756036
gkw_fd_16x8,0.3,drift_field_drive,99,-0.11328125,-0.0015996970299698933,-0.0038055887475143776,0.0041281395692130555
gkw_fd_16x8,0.3,drift_field_drive,100,-0.109375,-0.0004447628376610333,-0.0007251626880568399,0.0008506908403845174
gkw_fd_16x8,0.3,drift_field_drive,101,-0.10546875,0.0004188853032773736,0.0007499634082286785,0.0008590168863204918
gkw_fd_16x8,0.3,drift_field_drive,102,-0.1015625,-0.0009711154164884393,0.009291688155345642,0.009342298107442944
gkw_fd_16x8,0.3,drift_field_drive,103,-0.09765625,0.000937758872452535,-0.004714101578476052,0.004806469119328018
gkw_fd_16x8,0.3,drift_field_drive,104,-0.09375,0.018967707986429987,-0.01895391360261853,0.026814637553284358
gkw_fd_16x8,0.3,drift_field_drive,105,-0.08984375,0.019332843632078663,-0.028468740749062953,0.03441261458738295
gkw_fd_16x8,0.3,drift_field_drive,106,-0.0859375,-0.0006174294101635246,-0.015945529023182137,0.01595747833793544
gkw_fd_16x8,0.3,drift_field_drive,107,-0.08203125,0.0001639918165601579,-0.008851558631614074,0.00885307763011261
gkw_fd_16x8,0.3,drift_field_drive,108,-0.078125,6.179243077174065e-05,-0.0033504086009171208,0.0033509783791603456
gkw_fd_16x8,0.3,drift_field_drive,109,-0.07421875,-1.7587593274721175e-06,0.0008332419916850839,0.0008332438478270915
gkw_fd_16x8,0.3,drift_field_drive,110,-0.0703125,-0.000750370978859399,0.00024034325002025375,0.0007879222574243672
gkw_fd_16x8,0.3,drift_field_drive,111,-0.06640625,0.0016264699183530854,0.0005326062801156496,0.0017114537226948679
gkw_fd_16x8,0.3,drift_field_drive,112,-0.0625,0.006256273827508922,0.009984488170415732,0.011782655313211229
gkw_fd_16x8,0.3,drift_field_drive,113,-0.05859375,0.007462452408283217,0.015789757954084035,0.017464382388004795
gkw_fd_16x8,0.3,drift_field_drive,114,-0.0546875,0.03346926042661735,0.019591578091407963,0.03878171380452998
gkw_fd_16x8,0.3,drift_field_drive,115,-0.05078125,0.015428816919574954,0.03988199301570111,0.0427623871929783
gkw_fd_16x8,0.3,drift_field_drive,116,-0.046875,0.007367476459276145,0.009850959037079806,0.01230126429795785
gkw_fd_16x8,0.3,drift_field_drive,117,-0.04296875,-0.006094656534624635,-0.005596860769037557,0.008274641306004415
gkw_fd_16x8,0.3,drift_field_drive,118,-0.0390625,-0.0008105978107566366,-0.0015138786249620263,0.0017172353659065979
gkw_fd_16x8,0.3,drift_field_drive,119,-0.03515625,1.115395948622748e-06,-5.8488791441099024e-05,5.849942591481204e-05
gkw_fd_16x8,0.3,drift_field_drive,120,-0.03125,0.0024529284243015484,0.0016300390749753044,0.002945146047430046
gkw_fd_16x8,0.3,drift_field_drive,121,-0.02734375,0.011547216009369867,-0.002490629006618707,0.011812765570164264
gkw_fd_16x8,0.3,drift_field_drive,122,-0.0234375,0.015594710094769293,-0.015721255533477595,0.022143912447641207
gkw_fd_16x8,0.3,drift_field_drive,123,-0.01953125,0.002354559228895971,-0.0036922879295259014,0.004379148241028369
gkw_fd_16x8,0.3,drift_field_drive,124,-0.015625,0.0071047609525012965,-0.013197003464639282,0.01498794611138859
gkw_fd_16x8,0.3,drift_field_drive,125,-0.01171875,0.007125910132759259,-0.016490993801567475,0.017964728547448135
gkw_fd_16x8,0.3,drift_field_drive,126,-0.0078125,-0.002431535964622886,0.0045134981095223065,0.0051267955227330825
gkw_fd_16x8,0.3,drift_field_drive,127,-0.00390625,-0.018109644452422382,0.02571835402534336,0.031454617402951315
gkw_fd_16x8,0.3,drift_field_drive,128,0.0,-0.029102831533008668,0.02243125318075371,0.03674419576610375
gkw_fd_16x8,0.3,drift_field_drive,129,0.00390625,-0.021763874048260082,0.017805695303134667,0.028119548339484414
gkw_fd_16x8,0.3,drift_field_drive,130,0.0078125,-0.004055529361633638,0.003219501257264793,0.005178079445953116
gkw_fd_16x8,0.3,drift_field_drive,131,0.01171875,0.011463894273057301,-0.011422694082066377,0.0161832880465099
gkw_fd_16x8,0.3,drift_field_drive,132,0.015625,0.012684209519234567,-0.010198128274542423,0.016275472080153692
gkw_fd_16x8,0.3,drift_field_drive,133,0.01953125,0.0030019716914310973,-0.0024390012118724537,0.0038678884352665835
gkw_fd_16x8,0.3,drift_field_drive,134,0.0234375,0.014347826780520658,-0.007704383042540754,0.016285504333302524
gkw_fd_16x8,0.3,drift_field_drive,135,0.02734375,0.012538338345671784,0.003916746979219386,0.013135860663457406
gkw_fd_16x8,0.3,drift_field_drive,136,0.03125,-0.0007981760845309759,0.0019228846380540275,0.0020819631104276003
gkw_fd_16x8,0.3,drift_field_drive,137,0.03515625,9.677383681376816e-05,-0.00014076181315438065,0.0001708188032219129
gkw_fd_16x8,0.3,drift_field_drive,138,0.0390625,0.00264272229995777,-0.003372627555615936,0.004284693429359213
gkw_fd_16x8,0.3,drift_field_drive,139,0.04296875,0.005290729250166713,-0.009999325278224402,0.011312750417926985
gkw_fd_16x8,0.3,drift_field_drive,140,0.046875,-0.007941648028493398,0.018584675291707202,0.020210391611907606
gkw_fd_16x8,0.3,drift_field_drive,141,0.05078125,-0.026297782807853717,0.051833968188968835,0.05812343450643707
gkw_fd_16x8,0.3,drift_field_drive,142,0.0546875,-0.02893127477963182,0.0401702520106705,0.04950422009258744
gkw_fd_16x8,0.3,drift_field_drive,143,0.05859375,-0.017467979560200804,0.03388058633094811,0.03811855768578372
gkw_fd_16x8,0.3,drift_field_drive,144,0.0625,-0.0067126568179353896,0.01940420005048177,0.02053248015107993
gkw_fd_16x8,0.3,drift_field_drive,145,0.06640625,-0.0005615964174780138,0.004036441556192394,0.004075322192499756
gkw_fd_16x8,0.3,drift_field_drive,146,0.0703125,-8.15034905260711e-05,-0.0008513086117749445,0.0008552012461696465
gkw_fd_16x8,0.3,drift_field_drive,147,0.07421875,0.0002978239054352249,-0.0007519375034677031,0.00080877010810856
gkw_fd_16x8,0.3,drift_field_drive,148,0.078125,-0.00025226513661095047,-0.0016142534657483103,0.0016338457549076573
gkw_fd_16x8,0.3,drift_field_drive,149,0.08203125,0.004262697439948332,-0.002741646754464161,0.005068255754281342
gkw_fd_16x8,0.3,drift_field_drive,150,0.0859375,0.0016519587601763364,-0.014674952416701104,0.014767640169565513
gkw_fd_16x8,0.3,drift_field_drive,151,0.08984375,-0.005901240139423449,-0.0505821102573935,0.05092518545154505
gkw_fd_16x8,0.3,drift_field_drive,152,0.09375,0.02514195021973821,-0.056155334131773406,0.061526735752052614
gkw_fd_16x8,0.3,drift_field_drive,153,0.09765625,0.0037088972864528606,-0.0129794700982599,0.013498983780754767
gkw_fd_16x8,0.3,drift_field_drive,154,0.1015625,-0.003419628668693347,0.020839648093746936,0.021118352040416406
gkw_fd_16x8,0.3,drift_field_drive,155,0.10546875,0.00017949625911956493,0.0020141388014494363,0.0020221211681158203
gkw_fd_16x8,0.3,drift_field_drive,156,0.109375,-0.0002592645636232227,-0.0028215710403859473,0.0028334574727522164
gkw_fd_16x8,0.3,drift_field_drive,157,0.11328125,-0.0034146040206877422,-0.011830450176271006,0.012313369644062813
gkw_fd_16x8,0.3,drift_field_drive,158,0.1171875,-0.0012254527905425166,-0.021041501818082606,0.021077156670249005
gkw_fd_16x8,0.3,drift_field_drive,159,0.12109375,-0.0015451599218937624,-0.012074547001113854,0.012173011314639211
gkw_fd_16x8,0.3,drift_field_drive,160,0.125,-0.008045665797421619,-0.010637186462540187,0.013337258862399285
gkw_fd_16x8,0.3,drift_field_drive,161,0.12890625,-0.018868172545453893,-0.010437498543502306,0.02156268329894572
gkw_fd_16x8,0.3,drift_field_drive,162,0.1328125,0.0018402196851734498,0.0014283953825976708,0.0023295325408171953
gkw_fd_16x8,0.3,drift_field_drive,163,0.13671875,0.015474426957743618,0.007556247363711087,0.017220765485080308
gkw_fd_16x8,0.3,drift_field_drive,164,0.140625,0.025697757707974424,0.026131333296430106,0.036649984052750634
gkw_fd_16x8,0.3,drift_field_drive,165,0.14453125,0.01618938454872543,0.03398732260124072,0.037646172045339724
gkw_fd_16x8,0.3,drift_field_drive,166,0.1484375,0.011481963673219908,0.020311287386686718,0.023332035596958116
gkw_fd_16x8,0.3,drift_field_drive,167,0.15234375,0.004494985968668639,0.0047562918189182945,0.006544250203440959
gkw_fd_16x8,0.3,drift_field_drive,168,0.15625,0.0020186985577333666,0.0020860432038344143,0.0029028813470857746
gkw_fd_16x8,0.3,drift_field_drive,169,0.16015625,0.0005174644649275162,0.001987524662976103,0.0020537827924103835
gkw_fd_16x8,0.3,drift_field_drive,170,0.1640625,-0.0002264385941475135,-0.009695480330949491,0.009698124214751426
gkw_fd_16x8,0.3,drift_field_drive,171,0.16796875,0.007764215424737929,-0.04827044391391016,0.04889088664370574
gkw_fd_16x8,0.3,drift_field_drive,172,0.171875,0.010903096117499405,-0.026268886367021523,0.02844172807532833
gkw_fd_16x8,0.3,drift_field_drive,173,0.17578125,0.0025094589403402983,-0.00478849058191923,0.005406202569862049
gkw_fd_16x8,0.3,drift_field_drive,174,0.1796875,-0.010184657625755468,0.017546571088561128,0.02028815930339143
gkw_fd_16x8,0.3,drift_field_drive,175,0.18359375,-0.02230091021741308,0.04115015975316168,0.04680455366987112
gkw_fd_16x8,0.3,drift_field_drive,176,0.1875,0.005693384488032912,-0.008929767083027614,0.01059034310519245
gkw_fd_16x8,0.3,drift_field_drive,177,0.19140625,0.04886668630880798,-0.0533356448303688,0.07233701708167602
gkw_fd_16x8,0.3,drift_field_drive,178,0.1953125,0.029576585297927154,-0.011652182279167448,0.031789113698757074
gkw_fd_16x8,0.3,drift_field_drive,179,0.19921875,0.001815681020225811,0.023186216331266978,0.02325719943001564
gkw_fd_16x8,0.3,drift_field_drive,180,0.203125,-0.0013427954512384805,0.042677109031501084,0.04269822870928604
gkw_fd_16x8,0.3,drift_field_drive,181,0.20703125,-0.01118228883791833,0.04560736889298809,0.046958233367490845
gkw_fd_16x8,0.3,drift_field_drive,182,0.2109375,-0.009113326555917097,0.027336538793877974,0.02881560469856531
gkw_fd_16x8,0.3,drift_field_drive,183,0.21484375,0.007656332264648256,-0.025614244168766107,0.026734040623965963
gkw_fd_16x8,0.3,drift_field_drive,184,0.21875,0.0048016031470200695,-0.027908751698109184,0.028318789065357036
gkw_fd_16x8,0.3,drift_field_drive,185,0.22265625,3.946758085682064e-05,0.03466930592360813,0.03466932838857235
gkw_fd_16x8,0.3,drift_field_drive,186,0.2265625,-0.0038368088294577487,0.05653972528731288,0.05666975946268532
gkw_fd_16x8,0.3,drift_field_drive,187,0.23046875,-0.004929748235995176,0.052656416231722875,0.052886676848132044
gkw_fd_16x8,0.3,drift_field_drive,188,0.234375,0.02644766109504513,-0.027313730217361883,0.0380199767988513
gkw_fd_16x8,0.3,drift_field_drive,189,0.23828125,0.02180910746174853,-0.055278248991286597,0.05942492725970115
gkw_fd_16x8,0.3,drift_field_drive,190,0.2421875,0.0015094638321005154,-0.007931669728956857,0.008074024136059423
gkw_fd_16x8,0.3,drift_field_drive,191,0.24609375,-0.004706569763371958,0.025158696191219004,0.025595151747538923
gkw_fd_16x8,0.3,drift_field_drive,192,0.25,-0.0026439694484090403,0.025837068588646938,0.025971998146052735
gkw_fd_16x8,0.3,drift_field_drive,193,0.25390625,-0.0008333846888349225,-0.008800017762014159,0.008839391531737304
gkw_fd_16x8,0.3,drift_field_drive,194,0.2578125,-0.002671530586413501,-0.015589317714648205,0.01581657050319023
gkw_fd_16x8,0.3,drift_field_drive,195,0.26171875,-0.017091999821255293,-0.08775803362225597,0.08940698475586122
gkw_fd_16x8,0.3,drift_field_drive,196,0.265625,-0.039755214737544356,-0.08666700155994077,0.09535012458418206
gkw_fd_16x8,0.3,drift_field_drive,197,0.26953125,-0.08142002821807391,-0.03719188301384253,0.08951232963758289
gkw_fd_16x8,0.3,drift_field_drive,198,0.2734375,-0.0129696237261543,-0.0018123802684013072,0.01309564285689385
gkw_fd_16x8,0.3,drift_field_drive,199,0.27734375,0.05671720211512178,-0.004911283010341637,0.05692944507524419
gkw_fd_16x8,0.3,drift_field_drive,200,0.28125,0.09829303051589476,7.926034088619039e-05,0.09829306247238538
gkw_fd_16x8,0.3,drift_field_drive,201,0.28515625,0.10520677400047783,0.009136262398412103,0.10560273001300798
gkw_fd_16x8,0.3,drift_field_drive,202,0.2890625,0.053711769065104775,0.010430487244157774,0.05471516426232936
gkw_fd_16x8,0.3,drift_field_drive,203,0.29296875,0.04395054236122524,-0.0005536223429507571,0.043954029070660504
gkw_fd_16x8,0.3,drift_field_drive,204,0.296875,0.07021980267415212,-0.013218579385955049,0.07145314218828769
gkw_fd_16x8,0.3,drift_field_drive,205,0.30078125,-0.0013374241136729637,0.00029103531021034676,0.001368723789383068
gkw_fd_16x8,0.3,drift_field_drive,206,0.3046875,-0.045676917246299874,0.010552533013198256,0.04688002476663132
gkw_fd_16x8,0.3,drift_field_drive,207,0.30859375,-0.03711961283076535,0.012861282780395467,0.03928458032693256
gkw_fd_16x8,0.3,drift_field_drive,208,0.3125,-0.009743195952476335,0.005320554514505009,0.011101268743264028
gkw_fd_16x8,0.3,drift_field_drive,209,0.31640625,0.015202779852946519,-0.008735346434176464,0.01753370447401906
gkw_fd_16x8,0.3,drift_field_drive,210,0.3203125,0.0345485650044304,-0.01925552658212754,0.03955222683769364
gkw_fd_16x8,0.3,drift_field_drive,211,0.32421875,0.04294718983364848,-0.008704561363651782,0.04382043476668184
gkw_fd_16x8,0.3,drift_field_drive,212,0.328125,0.0005008353593286257,9.727490150687995e-05,0.0005101945350716791
gkw_fd_16x8,0.3,drift_field_drive,213,0.33203125,-0.03089862403574398,-0.020206055288989937,0.03691896040849436
gkw_fd_16x8,0.3,drift_field_drive,214,0.3359375,-0.011166233103378692,-0.02618176519891296,0.0284634781896029
gkw_fd_16x8,0.3,drift_field_drive,215,0.33984375,0.012615026490213338,-0.0283950539193333,0.031071176038744167
gkw_fd_16x8,0.3,drift_field_drive,216,0.34375,0.031449638179829514,-0.03458274441913483,0.046744475108844594
gkw_fd_16x8,0.3,drift_field_drive,217,0.34765625,0.021096984564570605,-0.025531968970205786,0.033120449834102214
gkw_fd_16x8,0.3,drift_field_drive,218,0.3515625,0.009383961213882101,-0.01080206938034374,0.014308858478627966
gkw_fd_16x8,0.3,drift_field_drive,219,0.35546875,0.00042529166785335737,-0.0003811980626235455,0.0005711260506170551
gkw_fd_16x8,0.3,drift_field_drive,220,0.359375,-0.02668723570163634,0.012766214120689262,0.029583521973726847
gkw_fd_16x8,0.3,drift_field_drive,221,0.36328125,0.0018490438073205861,-0.0017027230398393525,0.0025136087109553016
gkw_fd_16x8,0.3,drift_field_drive,222,0.3671875,0.03897787104310483,-0.01842172826970497,0.04311188355309655
gkw_fd_16x8,0.3,drift_field_drive,223,0.37109375,0.013206763128767014,0.017204870329194787,0.02168930970279522
gkw_fd_16x8,0.3,drift_field_drive,224,0.375,-0.020361581990378845,0.02638066205971728,0.03332466581767816
gkw_fd_16x8,0.3,drift_field_drive,225,0.37890625,-0.04757001380340424,0.010719932498243013,0.048762928193689895
gkw_fd_16x8,0.3,drift_field_drive,226,0.3828125,-0.026856460023826082,-0.001731495893114145,0.026912218842734606
gkw_fd_16x8,0.3,drift_field_drive,227,0.38671875,-0.003200786425236082,0.0006208396144156389,0.003260441008023813
gkw_fd_16x8,0.3,drift_field_drive,228,0.390625,0.015996966245615776,-0.005428016971550629,0.01689278832244139
gkw_fd_16x8,0.3,drift_field_drive,229,0.39453125,0.024801565840052504,-0.013382265336809033,0.02818160204216964
gkw_fd_16x8,0.3,drift_field_drive,230,0.3984375,-0.0028754424291199216,0.0016484519530793641,0.0033144476168426988
gkw_fd_16x8,0.3,drift_field_drive,231,0.40234375,-0.0367214906944315,0.0107508014936699,0.038262875108615584
gkw_fd_16x8,0.3,drift_field_drive,232,0.40625,-0.13122147798364442,-0.0006235715459683253,0.13122295959810165
gkw_fd_16x8,0.3,drift_field_drive,233,0.41015625,-0.11067601579421196,0.01671550099952543,0.11193117727311631
gkw_fd_16x8,0.3,drift_field_drive,234,0.4140625,-0.026484233974450846,0.021793852908027513,0.034298493753956535
gkw_fd_16x8,0.3,drift_field_drive,235,0.41796875,0.016193177984909483,-0.024451445724724734,0.029327328744366006
gkw_fd_16x8,0.3,drift_field_drive,236,0.421875,0.022930635193179654,-0.025148083525566477,0.03403292722308143
gkw_fd_16x8,0.3,drift_field_drive,237,0.42578125,0.03814509199241162,-0.04725906292507918,0.06073275122753899
gkw_fd_16x8,0.3,drift_field_drive,238,0.4296875,0.026554232805317206,-0.03653063382759893,0.04516209126828716
gkw_fd_16x8,0.3,drift_field_drive,239,0.43359375,0.0004481026309158142,-0.0015150100431473106,0.0015798896792722239
gkw_fd_16x8,0.3,drift_field_drive,240,0.4375,-0.002010066814832127,-0.02454922379186885,0.02463137749666772
gkw_fd_16x8,0.3,drift_field_drive,241,0.44140625,0.01011320209714716,0.03145791732831748,0.033043568501192465
gkw_fd_16x8,0.3,drift_field_drive,242,0.4453125,0.08334144310498433,0.12034340299452136,0.1463841889792853
gkw_fd_16x8,0.3,drift_field_drive,243,0.44921875,0.04034623220026324,0.03485801948336968,0.053318851966828194
gkw_fd_16x8,0.3,drift_field_drive,244,0.453125,-0.05069529589704627,-0.03293530251424324,0.06045450502480186
gkw_fd_16x8,0.3,drift_field_drive,245,0.45703125,-0.15687037155094932,-0.0794759282873302,0.17585430517239475
gkw_fd_16x8,0.3,drift_field_drive,246,0.4609375,-0.2641748521756408,-0.11123388141881586,0.28663797532343277
gkw_fd_16x8,0.3,drift_field_drive,247,0.46484375,-0.25132331410017483,-0.13163558095079886,0.2837099476270606
gkw_fd_16x8,0.3,drift_field_drive,248,0.46875,-0.044777339883175796,-0.036855414609917064,0.057994238964593145
gkw_fd_16x8,0.3,drift_field_drive,249,0.47265625,-0.001096508083075147,-0.0015267233000039655,0.0018796845509351115
gkw_fd_16x8,0.3,drift_field_drive,250,0.4765625,-0.0012858904161456633,-0.0021457927069200608,0.002501587596588732
gkw_fd_16x8,0.3,drift_field_drive,251,0.48046875,0.014762152345317652,0.035297037831567686,0.03825966572710075
gkw_fd_16x8,0.3,drift_field_drive,252,0.484375,-0.010318659908482047,0.057583013389771995,0.058500240797398226
gkw_fd_16x8,0.3,drift_field_drive,253,0.48828125,-0.025142966923204568,0.014392876624862347,0.028971083570344204
gkw_fd_16x8,0.3,drift_field_drive,254,0.4921875,-0.014260865193534849,-0.00014503462680396384,0.014261602683820143
gkw_fd_16x8,0.3,drift_field_drive,255,0.49609375,0.01041756146940406,8.378673053081142e-05,0.010417898405389885
gkw_fd_16x8,0.3,dissipation,0,-0.5,0.0,0.0,0.0
gkw_fd_16x8,0.3,dissipation,1,-0.49609375,0.0,0.0,0.0
gkw_fd_16x8,0.3,dissipation,2,-0.4921875,0.0,0.0,0.0
gkw_fd_16x8,0.3,dissipation,3,-0.48828125,0.0,0.0,0.0
gkw_fd_16x8,0.3,dissipation,4,-0.484375,0.0,0.0,0.0
gkw_fd_16x8,0.3,dissipation,5,-0.48046875,0.0,0.0,0.0
gkw_fd_16x8,0.3,dissipation,6,-0.4765625,0.0,0.0,0.0
gkw_fd_16x8,0.3,dissipation,7,-0.47265625,0.0,0.0,0.0
gkw_fd_16x8,0.3,dissipation,8,-0.46875,0.0,0.0,0.0
gkw_fd_16x8,0.3,dissipation,9,-0.46484375,0.0,0.0,0.0
gkw_fd_16x8,0.3,dissipation,10,-0.4609375,0.0,0.0,0.0
gkw_fd_16x8,0.3,dissipation,11,-0.45703125,0.0,0.0,0.0
gkw_fd_16x8,0.3,dissipation,12,-0.453125,0.0,0.0,0.0
gkw_fd_16x8,0.3,dissipation,13,-0.44921875,0.0,0.0,0.0
gkw_fd_16x8,0.3,dissipation,14,-0.4453125,0.0,0.0,0.0
gkw_fd_16x8,0.3,dissipation,15,-0.44140625,0.0,0.0,0.0
gkw_fd_16x8,0.3,dissipation,16,-0.4375,0.0,0.0,0.0
gkw_fd_16x8,0.3,dissipation,17,-0.43359375,0.0,0.0,0.0
gkw_fd_16x8,0.3,dissipation,18,-0.4296875,0.0,0.0,0.0
gkw_fd_16x8,0.3,dissipation,19,-0.42578125,0.0,0.0,0.0
gkw_fd_16x8,0.3,dissipation,20,-0.421875,0.0,0.0,0.0
gkw_fd_16x8,0.3,dissipation,21,-0.41796875,0.0,0.0,0.0
gkw_fd_16x8,0.3,dissipation,22,-0.4140625,0.0,0.0,0.0
gkw_fd_16x8,0.3,dissipation,23,-0.41015625,0.0,0.0,0.0
gkw_fd_16x8,0.3,dissipation,24,-0.40625,0.0,0.0,0.0
gkw_fd_16x8,0.3,dissipation,25,-0.40234375,0.0,0.0,0.0
gkw_fd_16x8,0.3,dissipation,26,-0.3984375,0.0,0.0,0.0
gkw_fd_16x8,0.3,dissipation,27,-0.39453125,0.0,0.0,0.0
gkw_fd_16x8,0.3,dissipation,28,-0.390625,0.0,0.0,0.0
gkw_fd_16x8,0.3,dissipation,29,-0.38671875,0.0,0.0,0.0
gkw_fd_16x8,0.3,dissipation,30,-0.3828125,0.0,0.0,0.0
gkw_fd_16x8,0.3,dissipation,31,-0.37890625,0.0,0.0,0.0
gkw_fd_16x8,0.3,dissipation,32,-0.375,0.0,0.0,0.0
gkw_fd_16x8,0.3,dissipation,33,-0.37109375,0.0,0.0,0.0
gkw_fd_16x8,0.3,dissipation,34,-0.3671875,0.0,0.0,0.0
gkw_fd_16x8,0.3,dissipation,35,-0.36328125,0.0,0.0,0.0
gkw_fd_16x8,0.3,dissipation,36,-0.359375,0.0,0.0,0.0
gkw_fd_16x8,0.3,dissipation,37,-0.35546875,0.0,0.0,0.0
gkw_fd_16x8,0.3,dissipation,38,-0.3515625,0.0,0.0,0.0
gkw_fd_16x8,0.3,dissipation,39,-0.34765625,0.0,0.0,0.0
gkw_fd_16x8,0.3,dissipation,40,-0.34375,0.0,0.0,0.0
gkw_fd_16x8,0.3,dissipation,41,-0.33984375,0.0,0.0,0.0
gkw_fd_16x8,0.3,dissipation,42,-0.3359375,0.0,0.0,0.0
gkw_fd_16x8,0.3,dissipation,43,-0.33203125,0.0,0.0,0.0
gkw_fd_16x8,0.3,dissipation,44,-0.328125,0.0,0.0,0.0
gkw_fd_16x8,0.3,dissipation,45,-0.32421875,0.0,0.0,0.0
gkw_fd_16x8,0.3,dissipation,46,-0.3203125,0.0,0.0,0.0
gkw_fd_16x8,0.3,dissipation,47,-0.31640625,0.0,0.0,0.0
gkw_fd_16x8,0.3,dissipation,48,-0.3125,0.0,0.0,0.0
gkw_fd_16x8,0.3,dissipation,49,-0.30859375,0.0,0.0,0.0
gkw_fd_16x8,0.3,dissipation,50,-0.3046875,0.0,0.0,0.0
gkw_fd_16x8,0.3,dissipation,51,-0.30078125,0.0,0.0,0.0
gkw_fd_16x8,0.3,dissipation,52,-0.296875,0.0,0.0,0.0
gkw_fd_16x8,0.3,dissipation,53,-0.29296875,0.0,0.0,0.0
gkw_fd_16x8,0.3,dissipation,54,-0.2890625,0.0,0.0,0.0
gkw_fd_16x8,0.3,dissipation,55,-0.28515625,0.0,0.0,0.0
gkw_fd_16x8,0.3,dissipation,56,-0.28125,0.0,0.0,0.0
gkw_fd_16x8,0.3,dissipation,57,-0.27734375,0.0,0.0,0.0
gkw_fd_16x8,0.3,dissipation,58,-0.2734375,0.0,0.0,0.0
gkw_fd_16x8,0.3,dissipation,59,-0.26953125,0.0,0.0,0.0
gkw_fd_16x8,0.3,dissipation,60,-0.265625,0.0,0.0,0.0
gkw_fd_16x8,0.3,dissipation,61,-0.26171875,0.0,0.0,0.0
gkw_fd_16x8,0.3,dissipation,62,-0.2578125,0.0,0.0,0.0
gkw_fd_16x8,0.3,dissipation,63,-0.25390625,0.0,0.0,0.0
gkw_fd_16x8,0.3,dissipation,64,-0.25,0.0,0.0,0.0
gkw_fd_16x8,0.3,dissipation,65,-0.24609375,0.0,0.0,0.0
gkw_fd_16x8,0.3,dissipation,66,-0.2421875,0.0,0.0,0.0
gkw_fd_16x8,0.3,dissipation,67,-0.23828125,0.0,0.0,0.0
gkw_fd_16x8,0.3,dissipation,68,-0.234375,0.0,0.0,0.0
gkw_fd_16x8,0.3,dissipation,69,-0.23046875,0.0,0.0,0.0
gkw_fd_16x8,0.3,dissipation,70,-0.2265625,0.0,0.0,0.0
gkw_fd_16x8,0.3,dissipation,71,-0.22265625,0.0,0.0,0.0
gkw_fd_16x8,0.3,dissipation,72,-0.21875,0.0,0.0,0.0
gkw_fd_16x8,0.3,dissipation,73,-0.21484375,0.0,0.0,0.0
gkw_fd_16x8,0.3,dissipation,74,-0.2109375,0.0,0.0,0.0
gkw_fd_16x8,0.3,dissipation,75,-0.20703125,0.0,0.0,0.0
gkw_fd_16x8,0.3,dissipation,76,-0.203125,0.0,0.0,0.0
gkw_fd_16x8,0.3,dissipation,77,-0.19921875,0.0,0.0,0.0
gkw_fd_16x8,0.3,dissipation,78,-0.1953125,0.0,0.0,0.0
gkw_fd_16x8,0.3,dissipation,79,-0.19140625,0.0,0.0,0.0
gkw_fd_16x8,0.3,dissipation,80,-0.1875,0.0,0.0,0.0
gkw_fd_16x8,0.3,dissipation,81,-0.18359375,0.0,0.0,0.0
gkw_fd_16x8,0.3,dissipation,82,-0.1796875,0.0,0.0,0.0
gkw_fd_16x8,0.3,dissipation,83,-0.17578125,0.0,0.0,0.0
gkw_fd_16x8,0.3,dissipation,84,-0.171875,0.0,0.0,0.0
gkw_fd_16x8,0.3,dissipation,85,-0.16796875,0.0,0.0,0.0
gkw_fd_16x8,0.3,dissipation,86,-0.1640625,0.0,0.0,0.0
gkw_fd_16x8,0.3,dissipation,87,-0.16015625,0.0,0.0,0.0
gkw_fd_16x8,0.3,dissipation,88,-0.15625,0.0,0.0,0.0
gkw_fd_16x8,0.3,dissipation,89,-0.15234375,0.0,0.0,0.0
gkw_fd_16x8,0.3,dissipation,90,-0.1484375,0.0,0.0,0.0
gkw_fd_16x8,0.3,dissipation,91,-0.14453125,0.0,0.0,0.0
gkw_fd_16x8,0.3,dissipation,92,-0.140625,0.0,0.0,0.0
gkw_fd_16x8,0.3,dissipation,93,-0.13671875,0.0,0.0,0.0
gkw_fd_16x8,0.3,dissipation,94,-0.1328125,0.0,0.0,0.0
gkw_fd_16x8,0.3,dissipation,95,-0.12890625,0.0,0.0,0.0
gkw_fd_16x8,0.3,dissipation,96,-0.125,0.0,0.0,0.0
gkw_fd_16x8,0.3,dissipation,97,-0.12109375,0.0,0.0,0.0
gkw_fd_16x8,0.3,dissipation,98,-0.1171875,0.0,0.0,0.0
gkw_fd_16x8,0.3,dissipation,99,-0.11328125,0.0,0.0,0.0
gkw_fd_16x8,0.3,dissipation,100,-0.109375,0.0,0.0,0.0
gkw_fd_16x8,0.3,dissipation,101,-0.10546875,0.0,0.0,0.0
gkw_fd_16x8,0.3,dissipation,102,-0.1015625,0.0,0.0,0.0
gkw_fd_16x8,0.3,dissipation,103,-0.09765625,0.0,0.0,0.0
gkw_fd_16x8,0.3,dissipation,104,-0.09375,0.0,0.0,0.0
gkw_fd_16x8,0.3,dissipation,105,-0.08984375,0.0,0.0,0.0
gkw_fd_16x8,0.3,dissipation,106,-0.0859375,0.0,0.0,0.0
gkw_fd_16x8,0.3,dissipation,107,-0.08203125,0.0,0.0,0.0
gkw_fd_16x8,0.3,dissipation,108,-0.078125,0.0,0.0,0.0
gkw_fd_16x8,0.3,dissipation,109,-0.07421875,0.0,0.0,0.0
gkw_fd_16x8,0.3,dissipation,110,-0.0703125,0.0,0.0,0.0
gkw_fd_16x8,0.3,dissipation,111,-0.06640625,0.0,0.0,0.0
gkw_fd_16x8,0.3,dissipation,112,-0.0625,0.0,0.0,0.0
gkw_fd_16x8,0.3,dissipation,113,-0.05859375,0.0,0.0,0.0
gkw_fd_16x8,0.3,dissipation,114,-0.0546875,0.0,0.0,0.0
gkw_fd_16x8,0.3,dissipation,115,-0.05078125,0.0,0.0,0.0
gkw_fd_16x8,0.3,dissipation,116,-0.046875,0.0,0.0,0.0
gkw_fd_16x8,0.3,dissipation,117,-0.04296875,0.0,0.0,0.0
gkw_fd_16x8,0.3,dissipation,118,-0.0390625,0.0,0.0,0.0
gkw_fd_16x8,0.3,dissipation,119,-0.03515625,0.0,0.0,0.0
gkw_fd_16x8,0.3,dissipation,120,-0.03125,0.0,0.0,0.0
gkw_fd_16x8,0.3,dissipation,121,-0.02734375,0.0,0.0,0.0
gkw_fd_16x8,0.3,dissipation,122,-0.0234375,0.0,0.0,0.0
gkw_fd_16x8,0.3,dissipation,123,-0.01953125,0.0,0.0,0.0
gkw_fd_16x8,0.3,dissipation,124,-0.015625,0.0,0.0,0.0
gkw_fd_16x8,0.3,dissipation,125,-0.01171875,0.0,0.0,0.0
gkw_fd_16x8,0.3,dissipation,126,-0.0078125,0.0,0.0,0.0
gkw_fd_16x8,0.3,dissipation,127,-0.00390625,0.0,0.0,0.0
gkw_fd_16x8,0.3,dissipation,128,0.0,0.0,0.0,0.0
gkw_fd_16x8,0.3,dissipation,129,0.00390625,0.0,0.0,0.0
gkw_fd_16x8,0.3,dissipation,130,0.0078125,0.0,0.0,0.0
gkw_fd_16x8,0.3,dissipation,131,0.01171875,0.0,0.0,0.0
gkw_fd_16x8,0.3,dissipation,132,0.015625,0.0,0.0,0.0
gkw_fd_16x8,0.3,dissipation,133,0.01953125,0.0,0.0,0.0
gkw_fd_16x8,0.3,dissipation,134,0.0234375,0.0,0.0,0.0
gkw_fd_16x8,0.3,dissipation,135,0.02734375,0.0,0.0,0.0
gkw_fd_16x8,0.3,dissipation,136,0.03125,0.0,0.0,0.0
gkw_fd_16x8,0.3,dissipation,137,0.03515625,0.0,0.0,0.0
gkw_fd_16x8,0.3,dissipation,138,0.0390625,0.0,0.0,0.0
gkw_fd_16x8,0.3,dissipation,139,0.04296875,0.0,0.0,0.0
gkw_fd_16x8,0.3,dissipation,140,0.046875,0.0,0.0,0.0
gkw_fd_16x8,0.3,dissipation,141,0.05078125,0.0,0.0,0.0
gkw_fd_16x8,0.3,dissipation,142,0.0546875,0.0,0.0,0.0
gkw_fd_16x8,0.3,dissipation,143,0.05859375,0.0,0.0,0.0
gkw_fd_16x8,0.3,dissipation,144,0.0625,0.0,0.0,0.0
gkw_fd_16x8,0.3,dissipation,145,0.06640625,0.0,0.0,0.0
gkw_fd_16x8,0.3,dissipation,146,0.0703125,0.0,0.0,0.0
gkw_fd_16x8,0.3,dissipation,147,0.07421875,0.0,0.0,0.0
gkw_fd_16x8,0.3,dissipation,148,0.078125,0.0,0.0,0.0
gkw_fd_16x8,0.3,dissipation,149,0.08203125,0.0,0.0,0.0
gkw_fd_16x8,0.3,dissipation,150,0.0859375,0.0,0.0,0.0
gkw_fd_16x8,0.3,dissipation,151,0.08984375,0.0,0.0,0.0
gkw_fd_16x8,0.3,dissipation,152,0.09375,0.0,0.0,0.0
gkw_fd_16x8,0.3,dissipation,153,0.09765625,0.0,0.0,0.0
gkw_fd_16x8,0.3,dissipation,154,0.1015625,0.0,0.0,0.0
gkw_fd_16x8,0.3,dissipation,155,0.10546875,0.0,0.0,0.0
gkw_fd_16x8,0.3,dissipation,156,0.109375,0.0,0.0,0.0
gkw_fd_16x8,0.3,dissipation,157,0.11328125,0.0,0.0,0.0
gkw_fd_16x8,0.3,dissipation,158,0.1171875,0.0,0.0,0.0
gkw_fd_16x8,0.3,dissipation,159,0.12109375,0.0,0.0,0.0
gkw_fd_16x8,0.3,dissipation,160,0.125,0.0,0.0,0.0
gkw_fd_16x8,0.3,dissipation,161,0.12890625,0.0,0.0,0.0
gkw_fd_16x8,0.3,dissipation,162,0.1328125,0.0,0.0,0.0
gkw_fd_16x8,0.3,dissipation,163,0.13671875,0.0,0.0,0.0
gkw_fd_16x8,0.3,dissipation,164,0.140625,0.0,0.0,0.0
gkw_fd_16x8,0.3,dissipation,165,0.14453125,0.0,0.0,0.0
gkw_fd_16x8,0.3,dissipation,166,0.1484375,0.0,0.0,0.0
gkw_fd_16x8,0.3,dissipation,167,0.15234375,0.0,0.0,0.0
gkw_fd_16x8,0.3,dissipation,168,0.15625,0.0,0.0,0.0
gkw_fd_16x8,0.3,dissipation,169,0.16015625,0.0,0.0,0.0
gkw_fd_16x8,0.3,dissipation,170,0.1640625,0.0,0.0,0.0
gkw_fd_16x8,0.3,dissipation,171,0.16796875,0.0,0.0,0.0
gkw_fd_16x8,0.3,dissipation,172,0.171875,0.0,0.0,0.0
gkw_fd_16x8,0.3,dissipation,173,0.17578125,0.0,0.0,0.0
gkw_fd_16x8,0.3,dissipation,174,0.1796875,0.0,0.0,0.0
gkw_fd_16x8,0.3,dissipation,175,0.18359375,0.0,0.0,0.0
gkw_fd_16x8,0.3,dissipation,176,0.1875,0.0,0.0,0.0
gkw_fd_16x8,0.3,dissipation,177,0.19140625,0.0,0.0,0.0
gkw_fd_16x8,0.3,dissipation,178,0.1953125,0.0,0.0,0.0
gkw_fd_16x8,0.3,dissipation,179,0.19921875,0.0,0.0,0.0
gkw_fd_16x8,0.3,dissipation,180,0.203125,0.0,0.0,0.0
gkw_fd_16x8,0.3,dissipation,181,0.20703125,0.0,0.0,0.0
gkw_fd_16x8,0.3,dissipation,182,0.2109375,0.0,0.0,0.0
gkw_fd_16x8,0.3,dissipation,183,0.21484375,0.0,0.0,0.0
gkw_fd_16x8,0.3,dissipation,184,0.21875,0.0,0.0,0.0
gkw_fd_16x8,0.3,dissipation,185,0.22265625,0.0,0.0,0.0
gkw_fd_16x8,0.3,dissipation,186,0.2265625,0.0,0.0,0.0
gkw_fd_16x8,0.3,dissipation,187,0.23046875,0.0,0.0,0.0
gkw_fd_16x8,0.3,dissipation,188,0.234375,0.0,0.0,0.0
gkw_fd_16x8,0.3,dissipation,189,0.23828125,0.0,0.0,0.0
gkw_fd_16x8,0.3,dissipation,190,0.2421875,0.0,0.0,0.0
gkw_fd_16x8,0.3,dissipation,191,0.24609375,0.0,0.0,0.0
gkw_fd_16x8,0.3,dissipation,192,0.25,0.0,0.0,0.0
gkw_fd_16x8,0.3,dissipation,193,0.25390625,0.0,0.0,0.0
gkw_fd_16x8,0.3,dissipation,194,0.2578125,0.0,0.0,0.0
gkw_fd_16x8,0.3,dissipation,195,0.26171875,0.0,0.0,0.0
gkw_fd_16x8,0.3,dissipation,196,0.265625,0.0,0.0,0.0
gkw_fd_16x8,0.3,dissipation,197,0.26953125,0.0,0.0,0.0
gkw_fd_16x8,0.3,dissipation,198,0.2734375,0.0,0.0,0.0
gkw_fd_16x8,0.3,dissipation,199,0.27734375,0.0,0.0,0.0
gkw_fd_16x8,0.3,dissipation,200,0.28125,0.0,0.0,0.0
gkw_fd_16x8,0.3,dissipation,201,0.28515625,0.0,0.0,0.0
gkw_fd_16x8,0.3,dissipation,202,0.2890625,0.0,0.0,0.0
gkw_fd_16x8,0.3,dissipation,203,0.29296875,0.0,0.0,0.0
gkw_fd_16x8,0.3,dissipation,204,0.296875,0.0,0.0,0.0
gkw_fd_16x8,0.3,dissipation,205,0.30078125,0.0,0.0,0.0
gkw_fd_16x8,0.3,dissipation,206,0.3046875,0.0,0.0,0.0
gkw_fd_16x8,0.3,dissipation,207,0.30859375,0.0,0.0,0.0
gkw_fd_16x8,0.3,dissipation,208,0.3125,0.0,0.0,0.0
gkw_fd_16x8,0.3,dissipation,209,0.31640625,0.0,0.0,0.0
gkw_fd_16x8,0.3,dissipation,210,0.3203125,0.0,0.0,0.0
gkw_fd_16x8,0.3,dissipation,211,0.32421875,0.0,0.0,0.0
gkw_fd_16x8,0.3,dissipation,212,0.328125,0.0,0.0,0.0
gkw_fd_16x8,0.3,dissipation,213,0.33203125,0.0,0.0,0.0
gkw_fd_16x8,0.3,dissipation,214,0.3359375,0.0,0.0,0.0
gkw_fd_16x8,0.3,dissipation,215,0.33984375,0.0,0.0,0.0
gkw_fd_16x8,0.3,dissipation,216,0.34375,0.0,0.0,0.0
gkw_fd_16x8,0.3,dissipation,217,0.34765625,0.0,0.0,0.0
gkw_fd_16x8,0.3,dissipation,218,0.3515625,0.0,0.0,0.0
gkw_fd_16x8,0.3,dissipation,219,0.35546875,0.0,0.0,0.0
gkw_fd_16x8,0.3,dissipation,220,0.359375,0.0,0.0,0.0
gkw_fd_16x8,0.3,dissipation,221,0.36328125,0.0,0.0,0.0
gkw_fd_16x8,0.3,dissipation,222,0.3671875,0.0,0.0,0.0
gkw_fd_16x8,0.3,dissipation,223,0.37109375,0.0,0.0,0.0
gkw_fd_16x8,0.3,dissipation,224,0.375,0.0,0.0,0.0
gkw_fd_16x8,0.3,dissipation,225,0.37890625,0.0,0.0,0.0
gkw_fd_16x8,0.3,dissipation,226,0.3828125,0.0,0.0,0.0
gkw_fd_16x8,0.3,dissipation,227,0.38671875,0.0,0.0,0.0
gkw_fd_16x8,0.3,dissipation,228,0.390625,0.0,0.0,0.0
gkw_fd_16x8,0.3,dissipation,229,0.39453125,0.0,0.0,0.0
gkw_fd_16x8,0.3,dissipation,230,0.3984375,0.0,0.0,0.0
gkw_fd_16x8,0.3,dissipation,231,0.40234375,0.0,0.0,0.0
gkw_fd_16x8,0.3,dissipation,232,0.40625,0.0,0.0,0.0
gkw_fd_16x8,0.3,dissipation,233,0.41015625,0.0,0.0,0.0
gkw_fd_16x8,0.3,dissipation,234,0.4140625,0.0,0.0,0.0
gkw_fd_16x8,0.3,dissipation,235,0.41796875,0.0,0.0,0.0
gkw_fd_16x8,0.3,dissipation,236,0.421875,0.0,0.0,0.0
gkw_fd_16x8,0.3,dissipation,237,0.42578125,0.0,0.0,0.0
gkw_fd_16x8,0.3,dissipation,238,0.4296875,0.0,0.0,0.0
gkw_fd_16x8,0.3,dissipation,239,0.43359375,0.0,0.0,0.0
gkw_fd_16x8,0.3,dissipation,240,0.4375,0.0,0.0,0.0
gkw_fd_16x8,0.3,dissipation,241,0.44140625,0.0,0.0,0.0
gkw_fd_16x8,0.3,dissipation,242,0.4453125,0.0,0.0,0.0
gkw_fd_16x8,0.3,dissipation,243,0.44921875,0.0,0.0,0.0
gkw_fd_16x8,0.3,dissipation,244,0.453125,0.0,0.0,0.0
gkw_fd_16x8,0.3,dissipation,245,0.45703125,0.0,0.0,0.0
gkw_fd_16x8,0.3,dissipation,246,0.4609375,0.0,0.0,0.0
gkw_fd_16x8,0.3,dissipation,247,0.46484375,0.0,0.0,0.0
gkw_fd_16x8,0.3,dissipation,248,0.46875,0.0,0.0,0.0
gkw_fd_16x8,0.3,dissipation,249,0.47265625,0.0,0.0,0.0
gkw_fd_16x8,0.3,dissipation,250,0.4765625,0.0,0.0,0.0
gkw_fd_16x8,0.3,dissipation,251,0.48046875,0.0,0.0,0.0
gkw_fd_16x8,0.3,dissipation,252,0.484375,0.0,0.0,0.0
gkw_fd_16x8,0.3,dissipation,253,0.48828125,0.0,0.0,0.0
gkw_fd_16x8,0.3,dissipation,254,0.4921875,0.0,0.0,0.0
gkw_fd_16x8,0.3,dissipation,255,0.49609375,0.0,0.0,0.0
gkw_fd_16x8,0.3,parallel_recurrence,0,-0.5,0.0,0.0,0.0
gkw_fd_16x8,0.3,parallel_recurrence,1,-0.49609375,0.0,0.0,0.0
gkw_fd_16x8,0.3,parallel_recurrence,2,-0.4921875,0.0,0.0,0.0
gkw_fd_16x8,0.3,parallel_recurrence,3,-0.48828125,0.0,0.0,0.0
gkw_fd_16x8,0.3,parallel_recurrence,4,-0.484375,0.0,0.0,0.0
gkw_fd_16x8,0.3,parallel_recurrence,5,-0.48046875,0.0,0.0,0.0
gkw_fd_16x8,0.3,parallel_recurrence,6,-0.4765625,0.0,0.0,0.0
gkw_fd_16x8,0.3,parallel_recurrence,7,-0.47265625,0.0,0.0,0.0
gkw_fd_16x8,0.3,parallel_recurrence,8,-0.46875,0.0,0.0,0.0
gkw_fd_16x8,0.3,parallel_recurrence,9,-0.46484375,0.0,0.0,0.0
gkw_fd_16x8,0.3,parallel_recurrence,10,-0.4609375,0.0,0.0,0.0
gkw_fd_16x8,0.3,parallel_recurrence,11,-0.45703125,0.0,0.0,0.0
gkw_fd_16x8,0.3,parallel_recurrence,12,-0.453125,0.0,0.0,0.0
gkw_fd_16x8,0.3,parallel_recurrence,13,-0.44921875,0.0,0.0,0.0
gkw_fd_16x8,0.3,parallel_recurrence,14,-0.4453125,0.0,0.0,0.0
gkw_fd_16x8,0.3,parallel_recurrence,15,-0.44140625,0.0,0.0,0.0
gkw_fd_16x8,0.3,parallel_recurrence,16,-0.4375,0.0,0.0,0.0
gkw_fd_16x8,0.3,parallel_recurrence,17,-0.43359375,0.0,0.0,0.0
gkw_fd_16x8,0.3,parallel_recurrence,18,-0.4296875,0.0,0.0,0.0
gkw_fd_16x8,0.3,parallel_recurrence,19,-0.42578125,0.0,0.0,0.0
gkw_fd_16x8,0.3,parallel_recurrence,20,-0.421875,0.0,0.0,0.0
gkw_fd_16x8,0.3,parallel_recurrence,21,-0.41796875,0.0,0.0,0.0
gkw_fd_16x8,0.3,parallel_recurrence,22,-0.4140625,0.0,0.0,0.0
gkw_fd_16x8,0.3,parallel_recurrence,23,-0.41015625,0.0,0.0,0.0
gkw_fd_16x8,0.3,parallel_recurrence,24,-0.40625,0.0,0.0,0.0
gkw_fd_16x8,0.3,parallel_recurrence,25,-0.40234375,0.0,0.0,0.0
gkw_fd_16x8,0.3,parallel_recurrence,26,-0.3984375,0.0,0.0,0.0
gkw_fd_16x8,0.3,parallel_recurrence,27,-0.39453125,0.0,0.0,0.0
gkw_fd_16x8,0.3,parallel_recurrence,28,-0.390625,0.0,0.0,0.0
gkw_fd_16x8,0.3,parallel_recurrence,29,-0.38671875,0.0,0.0,0.0
gkw_fd_16x8,0.3,parallel_recurrence,30,-0.3828125,0.0,0.0,0.0
gkw_fd_16x8,0.3,parallel_recurrence,31,-0.37890625,0.0,0.0,0.0
gkw_fd_16x8,0.3,parallel_recurrence,32,-0.375,0.0,0.0,0.0
gkw_fd_16x8,0.3,parallel_recurrence,33,-0.37109375,0.0,0.0,0.0
gkw_fd_16x8,0.3,parallel_recurrence,34,-0.3671875,0.0,0.0,0.0
gkw_fd_16x8,0.3,parallel_recurrence,35,-0.36328125,0.0,0.0,0.0
gkw_fd_16x8,0.3,parallel_recurrence,36,-0.359375,0.0,0.0,0.0
gkw_fd_16x8,0.3,parallel_recurrence,37,-0.35546875,0.0,0.0,0.0
gkw_fd_16x8,0.3,parallel_recurrence,38,-0.3515625,0.0,0.0,0.0
gkw_fd_16x8,0.3,parallel_recurrence,39,-0.34765625,0.0,0.0,0.0
gkw_fd_16x8,0.3,parallel_recurrence,40,-0.34375,0.0,0.0,0.0
gkw_fd_16x8,0.3,parallel_recurrence,41,-0.33984375,0.0,0.0,0.0
gkw_fd_16x8,0.3,parallel_recurrence,42,-0.3359375,0.0,0.0,0.0
gkw_fd_16x8,0.3,parallel_recurrence,43,-0.33203125,0.0,0.0,0.0
gkw_fd_16x8,0.3,parallel_recurrence,44,-0.328125,0.0,0.0,0.0
gkw_fd_16x8,0.3,parallel_recurrence,45,-0.32421875,0.0,0.0,0.0
gkw_fd_16x8,0.3,parallel_recurrence,46,-0.3203125,0.0,0.0,0.0
gkw_fd_16x8,0.3,parallel_recurrence,47,-0.31640625,0.0,0.0,0.0
gkw_fd_16x8,0.3,parallel_recurrence,48,-0.3125,0.0,0.0,0.0
gkw_fd_16x8,0.3,parallel_recurrence,49,-0.30859375,0.0,0.0,0.0
gkw_fd_16x8,0.3,parallel_recurrence,50,-0.3046875,0.0,0.0,0.0
gkw_fd_16x8,0.3,parallel_recurrence,51,-0.30078125,0.0,0.0,0.0
gkw_fd_16x8,0.3,parallel_recurrence,52,-0.296875,0.0,0.0,0.0
gkw_fd_16x8,0.3,parallel_recurrence,53,-0.29296875,0.0,0.0,0.0
gkw_fd_16x8,0.3,parallel_recurrence,54,-0.2890625,0.0,0.0,0.0
gkw_fd_16x8,0.3,parallel_recurrence,55,-0.28515625,0.0,0.0,0.0
gkw_fd_16x8,0.3,parallel_recurrence,56,-0.28125,0.0,0.0,0.0
gkw_fd_16x8,0.3,parallel_recurrence,57,-0.27734375,0.0,0.0,0.0
gkw_fd_16x8,0.3,parallel_recurrence,58,-0.2734375,0.0,0.0,0.0
gkw_fd_16x8,0.3,parallel_recurrence,59,-0.26953125,0.0,0.0,0.0
gkw_fd_16x8,0.3,parallel_recurrence,60,-0.265625,0.0,0.0,0.0
gkw_fd_16x8,0.3,parallel_recurrence,61,-0.26171875,0.0,0.0,0.0
gkw_fd_16x8,0.3,parallel_recurrence,62,-0.2578125,0.0,0.0,0.0
gkw_fd_16x8,0.3,parallel_recurrence,63,-0.25390625,0.0,0.0,0.0
gkw_fd_16x8,0.3,parallel_recurrence,64,-0.25,0.0,0.0,0.0
gkw_fd_16x8,0.3,parallel_recurrence,65,-0.24609375,0.0,0.0,0.0
gkw_fd_16x8,0.3,parallel_recurrence,66,-0.2421875,0.0,0.0,0.0
gkw_fd_16x8,0.3,parallel_recurrence,67,-0.23828125,0.0,0.0,0.0
gkw_fd_16x8,0.3,parallel_recurrence,68,-0.234375,0.0,0.0,0.0
gkw_fd_16x8,0.3,parallel_recurrence,69,-0.23046875,0.0,0.0,0.0
gkw_fd_16x8,0.3,parallel_recurrence,70,-0.2265625,0.0,0.0,0.0
gkw_fd_16x8,0.3,parallel_recurrence,71,-0.22265625,0.0,0.0,0.0
gkw_fd_16x8,0.3,parallel_recurrence,72,-0.21875,0.0,0.0,0.0
gkw_fd_16x8,0.3,parallel_recurrence,73,-0.21484375,0.0,0.0,0.0
gkw_fd_16x8,0.3,parallel_recurrence,74,-0.2109375,0.0,0.0,0.0
gkw_fd_16x8,0.3,parallel_recurrence,75,-0.20703125,0.0,0.0,0.0
gkw_fd_16x8,0.3,parallel_recurrence,76,-0.203125,0.0,0.0,0.0
gkw_fd_16x8,0.3,parallel_recurrence,77,-0.19921875,0.0,0.0,0.0
gkw_fd_16x8,0.3,parallel_recurrence,78,-0.1953125,0.0,0.0,0.0
gkw_fd_16x8,0.3,parallel_recurrence,79,-0.19140625,0.0,0.0,0.0
gkw_fd_16x8,0.3,parallel_recurrence,80,-0.1875,0.0,0.0,0.0
gkw_fd_16x8,0.3,parallel_recurrence,81,-0.18359375,0.0,0.0,0.0
gkw_fd_16x8,0.3,parallel_recurrence,82,-0.1796875,0.0,0.0,0.0
gkw_fd_16x8,0.3,parallel_recurrence,83,-0.17578125,0.0,0.0,0.0
gkw_fd_16x8,0.3,parallel_recurrence,84,-0.171875,0.0,0.0,0.0
gkw_fd_16x8,0.3,parallel_recurrence,85,-0.16796875,0.0,0.0,0.0
gkw_fd_16x8,0.3,parallel_recurrence,86,-0.1640625,0.0,0.0,0.0
gkw_fd_16x8,0.3,parallel_recurrence,87,-0.16015625,0.0,0.0,0.0
gkw_fd_16x8,0.3,parallel_recurrence,88,-0.15625,0.0,0.0,0.0
gkw_fd_16x8,0.3,parallel_recurrence,89,-0.15234375,0.0,0.0,0.0
gkw_fd_16x8,0.3,parallel_recurrence,90,-0.1484375,0.0,0.0,0.0
gkw_fd_16x8,0.3,parallel_recurrence,91,-0.14453125,0.0,0.0,0.0
gkw_fd_16x8,0.3,parallel_recurrence,92,-0.140625,0.0,0.0,0.0
gkw_fd_16x8,0.3,parallel_recurrence,93,-0.13671875,0.0,0.0,0.0
gkw_fd_16x8,0.3,parallel_recurrence,94,-0.1328125,0.0,0.0,0.0
gkw_fd_16x8,0.3,parallel_recurrence,95,-0.12890625,0.0,0.0,0.0
gkw_fd_16x8,0.3,parallel_recurrence,96,-0.125,0.0,0.0,0.0
gkw_fd_16x8,0.3,parallel_recurrence,97,-0.12109375,0.0,0.0,0.0
gkw_fd_16x8,0.3,parallel_recurrence,98,-0.1171875,0.0,0.0,0.0
gkw_fd_16x8,0.3,parallel_recurrence,99,-0.11328125,0.0,0.0,0.0
gkw_fd_16x8,0.3,parallel_recurrence,100,-0.109375,0.0,0.0,0.0
gkw_fd_16x8,0.3,parallel_recurrence,101,-0.10546875,0.0,0.0,0.0
gkw_fd_16x8,0.3,parallel_recurrence,102,-0.1015625,0.0,0.0,0.0
gkw_fd_16x8,0.3,parallel_recurrence,103,-0.09765625,0.0,0.0,0.0
gkw_fd_16x8,0.3,parallel_recurrence,104,-0.09375,0.0,0.0,0.0
gkw_fd_16x8,0.3,parallel_recurrence,105,-0.08984375,0.0,0.0,0.0
gkw_fd_16x8,0.3,parallel_recurrence,106,-0.0859375,0.0,0.0,0.0
gkw_fd_16x8,0.3,parallel_recurrence,107,-0.08203125,0.0,0.0,0.0
gkw_fd_16x8,0.3,parallel_recurrence,108,-0.078125,0.0,0.0,0.0
gkw_fd_16x8,0.3,parallel_recurrence,109,-0.07421875,0.0,0.0,0.0
gkw_fd_16x8,0.3,parallel_recurrence,110,-0.0703125,0.0,0.0,0.0
gkw_fd_16x8,0.3,parallel_recurrence,111,-0.06640625,0.0,0.0,0.0
gkw_fd_16x8,0.3,parallel_recurrence,112,-0.0625,0.0,0.0,0.0
gkw_fd_16x8,0.3,parallel_recurrence,113,-0.05859375,0.0,0.0,0.0
gkw_fd_16x8,0.3,parallel_recurrence,114,-0.0546875,0.0,0.0,0.0
gkw_fd_16x8,0.3,parallel_recurrence,115,-0.05078125,0.0,0.0,0.0
gkw_fd_16x8,0.3,parallel_recurrence,116,-0.046875,0.0,0.0,0.0
gkw_fd_16x8,0.3,parallel_recurrence,117,-0.04296875,0.0,0.0,0.0
gkw_fd_16x8,0.3,parallel_recurrence,118,-0.0390625,0.0,0.0,0.0
gkw_fd_16x8,0.3,parallel_recurrence,119,-0.03515625,0.0,0.0,0.0
gkw_fd_16x8,0.3,parallel_recurrence,120,-0.03125,0.0,0.0,0.0
gkw_fd_16x8,0.3,parallel_recurrence,121,-0.02734375,0.0,0.0,0.0
gkw_fd_16x8,0.3,parallel_recurrence,122,-0.0234375,0.0,0.0,0.0
gkw_fd_16x8,0.3,parallel_recurrence,123,-0.01953125,0.0,0.0,0.0
gkw_fd_16x8,0.3,parallel_recurrence,124,-0.015625,0.0,0.0,0.0
gkw_fd_16x8,0.3,parallel_recurrence,125,-0.01171875,0.0,0.0,0.0
gkw_fd_16x8,0.3,parallel_recurrence,126,-0.0078125,0.0,0.0,0.0
gkw_fd_16x8,0.3,parallel_recurrence,127,-0.00390625,0.0,0.0,0.0
gkw_fd_16x8,0.3,parallel_recurrence,128,0.0,0.0,0.0,0.0
gkw_fd_16x8,0.3,parallel_recurrence,129,0.00390625,0.0,0.0,0.0
gkw_fd_16x8,0.3,parallel_recurrence,130,0.0078125,0.0,0.0,0.0
gkw_fd_16x8,0.3,parallel_recurrence,131,0.01171875,0.0,0.0,0.0
gkw_fd_16x8,0.3,parallel_recurrence,132,0.015625,0.0,0.0,0.0
gkw_fd_16x8,0.3,parallel_recurrence,133,0.01953125,0.0,0.0,0.0
gkw_fd_16x8,0.3,parallel_recurrence,134,0.0234375,0.0,0.0,0.0
gkw_fd_16x8,0.3,parallel_recurrence,135,0.02734375,0.0,0.0,0.0
gkw_fd_16x8,0.3,parallel_recurrence,136,0.03125,0.0,0.0,0.0
gkw_fd_16x8,0.3,parallel_recurrence,137,0.03515625,0.0,0.0,0.0
gkw_fd_16x8,0.3,parallel_recurrence,138,0.0390625,0.0,0.0,0.0
gkw_fd_16x8,0.3,parallel_recurrence,139,0.04296875,0.0,0.0,0.0
gkw_fd_16x8,0.3,parallel_recurrence,140,0.046875,0.0,0.0,0.0
gkw_fd_16x8,0.3,parallel_recurrence,141,0.05078125,0.0,0.0,0.0
gkw_fd_16x8,0.3,parallel_recurrence,142,0.0546875,0.0,0.0,0.0
gkw_fd_16x8,0.3,parallel_recurrence,143,0.05859375,0.0,0.0,0.0
gkw_fd_16x8,0.3,parallel_recurrence,144,0.0625,0.0,0.0,0.0
gkw_fd_16x8,0.3,parallel_recurrence,145,0.06640625,0.0,0.0,0.0
gkw_fd_16x8,0.3,parallel_recurrence,146,0.0703125,0.0,0.0,0.0
gkw_fd_16x8,0.3,parallel_recurrence,147,0.07421875,0.0,0.0,0.0
gkw_fd_16x8,0.3,parallel_recurrence,148,0.078125,0.0,0.0,0.0
gkw_fd_16x8,0.3,parallel_recurrence,149,0.08203125,0.0,0.0,0.0
gkw_fd_16x8,0.3,parallel_recurrence,150,0.0859375,0.0,0.0,0.0
gkw_fd_16x8,0.3,parallel_recurrence,151,0.08984375,0.0,0.0,0.0
gkw_fd_16x8,0.3,parallel_recurrence,152,0.09375,0.0,0.0,0.0
gkw_fd_16x8,0.3,parallel_recurrence,153,0.09765625,0.0,0.0,0.0
gkw_fd_16x8,0.3,parallel_recurrence,154,0.1015625,0.0,0.0,0.0
gkw_fd_16x8,0.3,parallel_recurrence,155,0.10546875,0.0,0.0,0.0
gkw_fd_16x8,0.3,parallel_recurrence,156,0.109375,0.0,0.0,0.0
gkw_fd_16x8,0.3,parallel_recurrence,157,0.11328125,0.0,0.0,0.0
gkw_fd_16x8,0.3,parallel_recurrence,158,0.1171875,0.0,0.0,0.0
gkw_fd_16x8,0.3,parallel_recurrence,159,0.12109375,0.0,0.0,0.0
gkw_fd_16x8,0.3,parallel_recurrence,160,0.125,0.0,0.0,0.0
gkw_fd_16x8,0.3,parallel_recurrence,161,0.12890625,0.0,0.0,0.0
gkw_fd_16x8,0.3,parallel_recurrence,162,0.1328125,0.0,0.0,0.0
gkw_fd_16x8,0.3,parallel_recurrence,163,0.13671875,0.0,0.0,0.0
gkw_fd_16x8,0.3,parallel_recurrence,164,0.140625,0.0,0.0,0.0
gkw_fd_16x8,0.3,parallel_recurrence,165,0.14453125,0.0,0.0,0.0
gkw_fd_16x8,0.3,parallel_recurrence,166,0.1484375,0.0,0.0,0.0
gkw_fd_16x8,0.3,parallel_recurrence,167,0.15234375,0.0,0.0,0.0
gkw_fd_16x8,0.3,parallel_recurrence,168,0.15625,0.0,0.0,0.0
gkw_fd_16x8,0.3,parallel_recurrence,169,0.16015625,0.0,0.0,0.0
gkw_fd_16x8,0.3,parallel_recurrence,170,0.1640625,0.0,0.0,0.0
gkw_fd_16x8,0.3,parallel_recurrence,171,0.16796875,0.0,0.0,0.0
gkw_fd_16x8,0.3,parallel_recurrence,172,0.171875,0.0,0.0,0.0
gkw_fd_16x8,0.3,parallel_recurrence,173,0.17578125,0.0,0.0,0.0
gkw_fd_16x8,0.3,parallel_recurrence,174,0.1796875,0.0,0.0,0.0
gkw_fd_16x8,0.3,parallel_recurrence,175,0.18359375,0.0,0.0,0.0
gkw_fd_16x8,0.3,parallel_recurrence,176,0.1875,0.0,0.0,0.0
gkw_fd_16x8,0.3,parallel_recurrence,177,0.19140625,0.0,0.0,0.0
gkw_fd_16x8,0.3,parallel_recurrence,178,0.1953125,0.0,0.0,0.0
gkw_fd_16x8,0.3,parallel_recurrence,179,0.19921875,0.0,0.0,0.0
gkw_fd_16x8,0.3,parallel_recurrence,180,0.203125,0.0,0.0,0.0
gkw_fd_16x8,0.3,parallel_recurrence,181,0.20703125,0.0,0.0,0.0
gkw_fd_16x8,0.3,parallel_recurrence,182,0.2109375,0.0,0.0,0.0
gkw_fd_16x8,0.3,parallel_recurrence,183,0.21484375,0.0,0.0,0.0
gkw_fd_16x8,0.3,parallel_recurrence,184,0.21875,0.0,0.0,0.0
gkw_fd_16x8,0.3,parallel_recurrence,185,0.22265625,0.0,0.0,0.0
gkw_fd_16x8,0.3,parallel_recurrence,186,0.2265625,0.0,0.0,0.0
gkw_fd_16x8,0.3,parallel_recurrence,187,0.23046875,0.0,0.0,0.0
gkw_fd_16x8,0.3,parallel_recurrence,188,0.234375,0.0,0.0,0.0
gkw_fd_16x8,0.3,parallel_recurrence,189,0.23828125,0.0,0.0,0.0
gkw_fd_16x8,0.3,parallel_recurrence,190,0.2421875,0.0,0.0,0.0
gkw_fd_16x8,0.3,parallel_recurrence,191,0.24609375,0.0,0.0,0.0
gkw_fd_16x8,0.3,parallel_recurrence,192,0.25,0.0,0.0,0.0
gkw_fd_16x8,0.3,parallel_recurrence,193,0.25390625,0.0,0.0,0.0
gkw_fd_16x8,0.3,parallel_recurrence,194,0.2578125,0.0,0.0,0.0
gkw_fd_16x8,0.3,parallel_recurrence,195,0.26171875,0.0,0.0,0.0
gkw_fd_16x8,0.3,parallel_recurrence,196,0.265625,0.0,0.0,0.0
gkw_fd_16x8,0.3,parallel_recurrence,197,0.26953125,0.0,0.0,0.0
gkw_fd_16x8,0.3,parallel_recurrence,198,0.2734375,0.0,0.0,0.0
gkw_fd_16x8,0.3,parallel_recurrence,199,0.27734375,0.0,0.0,0.0
gkw_fd_16x8,0.3,parallel_recurrence,200,0.28125,0.0,0.0,0.0
gkw_fd_16x8,0.3,parallel_recurrence,201,0.28515625,0.0,0.0,0.0
gkw_fd_16x8,0.3,parallel_recurrence,202,0.2890625,0.0,0.0,0.0
gkw_fd_16x8,0.3,parallel_recurrence,203,0.29296875,0.0,0.0,0.0
gkw_fd_16x8,0.3,parallel_recurrence,204,0.296875,0.0,0.0,0.0
gkw_fd_16x8,0.3,parallel_recurrence,205,0.30078125,0.0,0.0,0.0
gkw_fd_16x8,0.3,parallel_recurrence,206,0.3046875,0.0,0.0,0.0
gkw_fd_16x8,0.3,parallel_recurrence,207,0.30859375,0.0,0.0,0.0
gkw_fd_16x8,0.3,parallel_recurrence,208,0.3125,0.0,0.0,0.0
gkw_fd_16x8,0.3,parallel_recurrence,209,0.31640625,0.0,0.0,0.0
gkw_fd_16x8,0.3,parallel_recurrence,210,0.3203125,0.0,0.0,0.0
gkw_fd_16x8,0.3,parallel_recurrence,211,0.32421875,0.0,0.0,0.0
gkw_fd_16x8,0.3,parallel_recurrence,212,0.328125,0.0,0.0,0.0
gkw_fd_16x8,0.3,parallel_recurrence,213,0.33203125,0.0,0.0,0.0
gkw_fd_16x8,0.3,parallel_recurrence,214,0.3359375,0.0,0.0,0.0
gkw_fd_16x8,0.3,parallel_recurrence,215,0.33984375,0.0,0.0,0.0
gkw_fd_16x8,0.3,parallel_recurrence,216,0.34375,0.0,0.0,0.0
gkw_fd_16x8,0.3,parallel_recurrence,217,0.34765625,0.0,0.0,0.0
gkw_fd_16x8,0.3,parallel_recurrence,218,0.3515625,0.0,0.0,0.0
gkw_fd_16x8,0.3,parallel_recurrence,219,0.35546875,0.0,0.0,0.0
gkw_fd_16x8,0.3,parallel_recurrence,220,0.359375,0.0,0.0,0.0
gkw_fd_16x8,0.3,parallel_recurrence,221,0.36328125,0.0,0.0,0.0
gkw_fd_16x8,0.3,parallel_recurrence,222,0.3671875,0.0,0.0,0.0
gkw_fd_16x8,0.3,parallel_recurrence,223,0.37109375,0.0,0.0,0.0
gkw_fd_16x8,0.3,parallel_recurrence,224,0.375,0.0,0.0,0.0
gkw_fd_16x8,0.3,parallel_recurrence,225,0.37890625,0.0,0.0,0.0
gkw_fd_16x8,0.3,parallel_recurrence,226,0.3828125,0.0,0.0,0.0
gkw_fd_16x8,0.3,parallel_recurrence,227,0.38671875,0.0,0.0,0.0
gkw_fd_16x8,0.3,parallel_recurrence,228,0.390625,0.0,0.0,0.0
gkw_fd_16x8,0.3,parallel_recurrence,229,0.39453125,0.0,0.0,0.0
gkw_fd_16x8,0.3,parallel_recurrence,230,0.3984375,0.0,0.0,0.0
gkw_fd_16x8,0.3,parallel_recurrence,231,0.40234375,0.0,0.0,0.0
gkw_fd_16x8,0.3,parallel_recurrence,232,0.40625,0.0,0.0,0.0
gkw_fd_16x8,0.3,parallel_recurrence,233,0.41015625,0.0,0.0,0.0
gkw_fd_16x8,0.3,parallel_recurrence,234,0.4140625,0.0,0.0,0.0
gkw_fd_16x8,0.3,parallel_recurrence,235,0.41796875,0.0,0.0,0.0
gkw_fd_16x8,0.3,parallel_recurrence,236,0.421875,0.0,0.0,0.0
gkw_fd_16x8,0.3,parallel_recurrence,237,0.42578125,0.0,0.0,0.0
gkw_fd_16x8,0.3,parallel_recurrence,238,0.4296875,0.0,0.0,0.0
gkw_fd_16x8,0.3,parallel_recurrence,239,0.43359375,0.0,0.0,0.0
gkw_fd_16x8,0.3,parallel_recurrence,240,0.4375,0.0,0.0,0.0
gkw_fd_16x8,0.3,parallel_recurrence,241,0.44140625,0.0,0.0,0.0
gkw_fd_16x8,0.3,parallel_recurrence,242,0.4453125,0.0,0.0,0.0
gkw_fd_16x8,0.3,parallel_recurrence,243,0.44921875,0.0,0.0,0.0
gkw_fd_16x8,0.3,parallel_recurrence,244,0.453125,0.0,0.0,0.0
gkw_fd_16x8,0.3,parallel_recurrence,245,0.45703125,0.0,0.0,0.0
gkw_fd_16x8,0.3,parallel_recurrence,246,0.4609375,0.0,0.0,0.0
gkw_fd_16x8,0.3,parallel_recurrence,247,0.46484375,0.0,0.0,0.0
gkw_fd_16x8,0.3,parallel_recurrence,248,0.46875,0.0,0.0,0.0
gkw_fd_16x8,0.3,parallel_recurrence,249,0.47265625,0.0,0.0,0.0
gkw_fd_16x8,0.3,parallel_recurrence,250,0.4765625,0.0,0.0,0.0
gkw_fd_16x8,0.3,parallel_recurrence,251,0.48046875,0.0,0.0,0.0
gkw_fd_16x8,0.3,parallel_recurrence,252,0.484375,0.0,0.0,0.0
gkw_fd_16x8,0.3,parallel_recurrence,253,0.48828125,0.0,0.0,0.0
gkw_fd_16x8,0.3,parallel_recurrence,254,0.4921875,0.0,0.0,0.0
gkw_fd_16x8,0.3,parallel_recurrence,255,0.49609375,0.0,0.0,0.0
gkw_fd_16x8,0.3,velocity_recurrence,0,-0.5,0.0,0.0,0.0
gkw_fd_16x8,0.3,velocity_recurrence,1,-0.49609375,0.0,0.0,0.0
gkw_fd_16x8,0.3,velocity_recurrence,2,-0.4921875,0.0,0.0,0.0
gkw_fd_16x8,0.3,velocity_recurrence,3,-0.48828125,0.0,0.0,0.0
gkw_fd_16x8,0.3,velocity_recurrence,4,-0.484375,0.0,0.0,0.0
gkw_fd_16x8,0.3,velocity_recurrence,5,-0.48046875,0.0,0.0,0.0
gkw_fd_16x8,0.3,velocity_recurrence,6,-0.4765625,0.0,0.0,0.0
gkw_fd_16x8,0.3,velocity_recurrence,7,-0.47265625,0.0,0.0,0.0
gkw_fd_16x8,0.3,velocity_recurrence,8,-0.46875,0.0,0.0,0.0
gkw_fd_16x8,0.3,velocity_recurrence,9,-0.46484375,0.0,0.0,0.0
gkw_fd_16x8,0.3,velocity_recurrence,10,-0.4609375,0.0,0.0,0.0
gkw_fd_16x8,0.3,velocity_recurrence,11,-0.45703125,0.0,0.0,0.0
gkw_fd_16x8,0.3,velocity_recurrence,12,-0.453125,0.0,0.0,0.0
gkw_fd_16x8,0.3,velocity_recurrence,13,-0.44921875,0.0,0.0,0.0
gkw_fd_16x8,0.3,velocity_recurrence,14,-0.4453125,0.0,0.0,0.0
gkw_fd_16x8,0.3,velocity_recurrence,15,-0.44140625,0.0,0.0,0.0
gkw_fd_16x8,0.3,velocity_recurrence,16,-0.4375,0.0,0.0,0.0
gkw_fd_16x8,0.3,velocity_recurrence,17,-0.43359375,0.0,0.0,0.0
gkw_fd_16x8,0.3,velocity_recurrence,18,-0.4296875,0.0,0.0,0.0
gkw_fd_16x8,0.3,velocity_recurrence,19,-0.42578125,0.0,0.0,0.0
gkw_fd_16x8,0.3,velocity_recurrence,20,-0.421875,0.0,0.0,0.0
gkw_fd_16x8,0.3,velocity_recurrence,21,-0.41796875,0.0,0.0,0.0
gkw_fd_16x8,0.3,velocity_recurrence,22,-0.4140625,0.0,0.0,0.0
gkw_fd_16x8,0.3,velocity_recurrence,23,-0.41015625,0.0,0.0,0.0
gkw_fd_16x8,0.3,velocity_recurrence,24,-0.40625,0.0,0.0,0.0
gkw_fd_16x8,0.3,velocity_recurrence,25,-0.40234375,0.0,0.0,0.0
gkw_fd_16x8,0.3,velocity_recurrence,26,-0.3984375,0.0,0.0,0.0
gkw_fd_16x8,0.3,velocity_recurrence,27,-0.39453125,0.0,0.0,0.0
gkw_fd_16x8,0.3,velocity_recurrence,28,-0.390625,0.0,0.0,0.0
gkw_fd_16x8,0.3,velocity_recurrence,29,-0.38671875,0.0,0.0,0.0
gkw_fd_16x8,0.3,velocity_recurrence,30,-0.3828125,0.0,0.0,0.0
gkw_fd_16x8,0.3,velocity_recurrence,31,-0.37890625,0.0,0.0,0.0
gkw_fd_16x8,0.3,velocity_recurrence,32,-0.375,0.0,0.0,0.0
gkw_fd_16x8,0.3,velocity_recurrence,33,-0.37109375,0.0,0.0,0.0
gkw_fd_16x8,0.3,velocity_recurrence,34,-0.3671875,0.0,0.0,0.0
gkw_fd_16x8,0.3,velocity_recurrence,35,-0.36328125,0.0,0.0,0.0
gkw_fd_16x8,0.3,velocity_recurrence,36,-0.359375,0.0,0.0,0.0
gkw_fd_16x8,0.3,velocity_recurrence,37,-0.35546875,0.0,0.0,0.0
gkw_fd_16x8,0.3,velocity_recurrence,38,-0.3515625,0.0,0.0,0.0
gkw_fd_16x8,0.3,velocity_recurrence,39,-0.34765625,0.0,0.0,0.0
gkw_fd_16x8,0.3,velocity_recurrence,40,-0.34375,0.0,0.0,0.0
gkw_fd_16x8,0.3,velocity_recurrence,41,-0.33984375,0.0,0.0,0.0
gkw_fd_16x8,0.3,velocity_recurrence,42,-0.3359375,0.0,0.0,0.0
gkw_fd_16x8,0.3,velocity_recurrence,43,-0.33203125,0.0,0.0,0.0
gkw_fd_16x8,0.3,velocity_recurrence,44,-0.328125,0.0,0.0,0.0
gkw_fd_16x8,0.3,velocity_recurrence,45,-0.32421875,0.0,0.0,0.0
gkw_fd_16x8,0.3,velocity_recurrence,46,-0.3203125,0.0,0.0,0.0
gkw_fd_16x8,0.3,velocity_recurrence,47,-0.31640625,0.0,0.0,0.0
gkw_fd_16x8,0.3,velocity_recurrence,48,-0.3125,0.0,0.0,0.0
gkw_fd_16x8,0.3,velocity_recurrence,49,-0.30859375,0.0,0.0,0.0
gkw_fd_16x8,0.3,velocity_recurrence,50,-0.3046875,0.0,0.0,0.0
gkw_fd_16x8,0.3,velocity_recurrence,51,-0.30078125,0.0,0.0,0.0
gkw_fd_16x8,0.3,velocity_recurrence,52,-0.296875,0.0,0.0,0.0
gkw_fd_16x8,0.3,velocity_recurrence,53,-0.29296875,0.0,0.0,0.0
gkw_fd_16x8,0.3,velocity_recurrence,54,-0.2890625,0.0,0.0,0.0
gkw_fd_16x8,0.3,velocity_recurrence,55,-0.28515625,0.0,0.0,0.0
gkw_fd_16x8,0.3,velocity_recurrence,56,-0.28125,0.0,0.0,0.0
gkw_fd_16x8,0.3,velocity_recurrence,57,-0.27734375,0.0,0.0,0.0
gkw_fd_16x8,0.3,velocity_recurrence,58,-0.2734375,0.0,0.0,0.0
gkw_fd_16x8,0.3,velocity_recurrence,59,-0.26953125,0.0,0.0,0.0
gkw_fd_16x8,0.3,velocity_recurrence,60,-0.265625,0.0,0.0,0.0
gkw_fd_16x8,0.3,velocity_recurrence,61,-0.26171875,0.0,0.0,0.0
gkw_fd_16x8,0.3,velocity_recurrence,62,-0.2578125,0.0,0.0,0.0
gkw_fd_16x8,0.3,velocity_recurrence,63,-0.25390625,0.0,0.0,0.0
gkw_fd_16x8,0.3,velocity_recurrence,64,-0.25,0.0,0.0,0.0
gkw_fd_16x8,0.3,velocity_recurrence,65,-0.24609375,0.0,0.0,0.0
gkw_fd_16x8,0.3,velocity_recurrence,66,-0.2421875,0.0,0.0,0.0
gkw_fd_16x8,0.3,velocity_recurrence,67,-0.23828125,0.0,0.0,0.0
gkw_fd_16x8,0.3,velocity_recurrence,68,-0.234375,0.0,0.0,0.0
gkw_fd_16x8,0.3,velocity_recurrence,69,-0.23046875,0.0,0.0,0.0
gkw_fd_16x8,0.3,velocity_recurrence,70,-0.2265625,0.0,0.0,0.0
gkw_fd_16x8,0.3,velocity_recurrence,71,-0.22265625,0.0,0.0,0.0
gkw_fd_16x8,0.3,velocity_recurrence,72,-0.21875,0.0,0.0,0.0
gkw_fd_16x8,0.3,velocity_recurrence,73,-0.21484375,0.0,0.0,0.0
gkw_fd_16x8,0.3,velocity_recurrence,74,-0.2109375,0.0,0.0,0.0
gkw_fd_16x8,0.3,velocity_recurrence,75,-0.20703125,0.0,0.0,0.0
gkw_fd_16x8,0.3,velocity_recurrence,76,-0.203125,0.0,0.0,0.0
gkw_fd_16x8,0.3,velocity_recurrence,77,-0.19921875,0.0,0.0,0.0
gkw_fd_16x8,0.3,velocity_recurrence,78,-0.1953125,0.0,0.0,0.0
gkw_fd_16x8,0.3,velocity_recurrence,79,-0.19140625,0.0,0.0,0.0
gkw_fd_16x8,0.3,velocity_recurrence,80,-0.1875,0.0,0.0,0.0
gkw_fd_16x8,0.3,velocity_recurrence,81,-0.18359375,0.0,0.0,0.0
gkw_fd_16x8,0.3,velocity_recurrence,82,-0.1796875,0.0,0.0,0.0
gkw_fd_16x8,0.3,velocity_recurrence,83,-0.17578125,0.0,0.0,0.0
gkw_fd_16x8,0.3,velocity_recurrence,84,-0.171875,0.0,0.0,0.0
gkw_fd_16x8,0.3,velocity_recurrence,85,-0.16796875,0.0,0.0,0.0
gkw_fd_16x8,0.3,velocity_recurrence,86,-0.1640625,0.0,0.0,0.0
gkw_fd_16x8,0.3,velocity_recurrence,87,-0.16015625,0.0,0.0,0.0
gkw_fd_16x8,0.3,velocity_recurrence,88,-0.15625,0.0,0.0,0.0
gkw_fd_16x8,0.3,velocity_recurrence,89,-0.15234375,0.0,0.0,0.0
gkw_fd_16x8,0.3,velocity_recurrence,90,-0.1484375,0.0,0.0,0.0
gkw_fd_16x8,0.3,velocity_recurrence,91,-0.14453125,0.0,0.0,0.0
gkw_fd_16x8,0.3,velocity_recurrence,92,-0.140625,0.0,0.0,0.0
gkw_fd_16x8,0.3,velocity_recurrence,93,-0.13671875,0.0,0.0,0.0
gkw_fd_16x8,0.3,velocity_recurrence,94,-0.1328125,0.0,0.0,0.0
gkw_fd_16x8,0.3,velocity_recurrence,95,-0.12890625,0.0,0.0,0.0
gkw_fd_16x8,0.3,velocity_recurrence,96,-0.125,0.0,0.0,0.0
gkw_fd_16x8,0.3,velocity_recurrence,97,-0.12109375,0.0,0.0,0.0
gkw_fd_16x8,0.3,velocity_recurrence,98,-0.1171875,0.0,0.0,0.0
gkw_fd_16x8,0.3,velocity_recurrence,99,-0.11328125,0.0,0.0,0.0
gkw_fd_16x8,0.3,velocity_recurrence,100,-0.109375,0.0,0.0,0.0
gkw_fd_16x8,0.3,velocity_recurrence,101,-0.10546875,0.0,0.0,0.0
gkw_fd_16x8,0.3,velocity_recurrence,102,-0.1015625,0.0,0.0,0.0
gkw_fd_16x8,0.3,velocity_recurrence,103,-0.09765625,0.0,0.0,0.0
gkw_fd_16x8,0.3,velocity_recurrence,104,-0.09375,0.0,0.0,0.0
gkw_fd_16x8,0.3,velocity_recurrence,105,-0.08984375,0.0,0.0,0.0
gkw_fd_16x8,0.3,velocity_recurrence,106,-0.0859375,0.0,0.0,0.0
gkw_fd_16x8,0.3,velocity_recurrence,107,-0.08203125,0.0,0.0,0.0
gkw_fd_16x8,0.3,velocity_recurrence,108,-0.078125,0.0,0.0,0.0
gkw_fd_16x8,0.3,velocity_recurrence,109,-0.07421875,0.0,0.0,0.0
gkw_fd_16x8,0.3,velocity_recurrence,110,-0.0703125,0.0,0.0,0.0
gkw_fd_16x8,0.3,velocity_recurrence,111,-0.06640625,0.0,0.0,0.0
gkw_fd_16x8,0.3,velocity_recurrence,112,-0.0625,0.0,0.0,0.0
gkw_fd_16x8,0.3,velocity_recurrence,113,-0.05859375,0.0,0.0,0.0
gkw_fd_16x8,0.3,velocity_recurrence,114,-0.0546875,0.0,0.0,0.0
gkw_fd_16x8,0.3,velocity_recurrence,115,-0.05078125,0.0,0.0,0.0
gkw_fd_16x8,0.3,velocity_recurrence,116,-0.046875,0.0,0.0,0.0
gkw_fd_16x8,0.3,velocity_recurrence,117,-0.04296875,0.0,0.0,0.0
gkw_fd_16x8,0.3,velocity_recurrence,118,-0.0390625,0.0,0.0,0.0
gkw_fd_16x8,0.3,velocity_recurrence,119,-0.03515625,0.0,0.0,0.0
gkw_fd_16x8,0.3,velocity_recurrence,120,-0.03125,0.0,0.0,0.0
gkw_fd_16x8,0.3,velocity_recurrence,121,-0.02734375,0.0,0.0,0.0
gkw_fd_16x8,0.3,velocity_recurrence,122,-0.0234375,0.0,0.0,0.0
gkw_fd_16x8,0.3,velocity_recurrence,123,-0.01953125,0.0,0.0,0.0
gkw_fd_16x8,0.3,velocity_recurrence,124,-0.015625,0.0,0.0,0.0
gkw_fd_16x8,0.3,velocity_recurrence,125,-0.01171875,0.0,0.0,0.0
gkw_fd_16x8,0.3,velocity_recurrence,126,-0.0078125,0.0,0.0,0.0
gkw_fd_16x8,0.3,velocity_recurrence,127,-0.00390625,0.0,0.0,0.0
gkw_fd_16x8,0.3,velocity_recurrence,128,0.0,0.0,0.0,0.0
gkw_fd_16x8,0.3,velocity_recurrence,129,0.00390625,0.0,0.0,0.0
gkw_fd_16x8,0.3,velocity_recurrence,130,0.0078125,0.0,0.0,0.0
gkw_fd_16x8,0.3,velocity_recurrence,131,0.01171875,0.0,0.0,0.0
gkw_fd_16x8,0.3,velocity_recurrence,132,0.015625,0.0,0.0,0.0
gkw_fd_16x8,0.3,velocity_recurrence,133,0.01953125,0.0,0.0,0.0
gkw_fd_16x8,0.3,velocity_recurrence,134,0.0234375,0.0,0.0,0.0
gkw_fd_16x8,0.3,velocity_recurrence,135,0.02734375,0.0,0.0,0.0
gkw_fd_16x8,0.3,velocity_recurrence,136,0.03125,0.0,0.0,0.0
gkw_fd_16x8,0.3,velocity_recurrence,137,0.03515625,0.0,0.0,0.0
gkw_fd_16x8,0.3,velocity_recurrence,138,0.0390625,0.0,0.0,0.0
gkw_fd_16x8,0.3,velocity_recurrence,139,0.04296875,0.0,0.0,0.0
gkw_fd_16x8,0.3,velocity_recurrence,140,0.046875,0.0,0.0,0.0
gkw_fd_16x8,0.3,velocity_recurrence,141,0.05078125,0.0,0.0,0.0
gkw_fd_16x8,0.3,velocity_recurrence,142,0.0546875,0.0,0.0,0.0
gkw_fd_16x8,0.3,velocity_recurrence,143,0.05859375,0.0,0.0,0.0
gkw_fd_16x8,0.3,velocity_recurrence,144,0.0625,0.0,0.0,0.0
gkw_fd_16x8,0.3,velocity_recurrence,145,0.06640625,0.0,0.0,0.0
gkw_fd_16x8,0.3,velocity_recurrence,146,0.0703125,0.0,0.0,0.0
gkw_fd_16x8,0.3,velocity_recurrence,147,0.07421875,0.0,0.0,0.0
gkw_fd_16x8,0.3,velocity_recurrence,148,0.078125,0.0,0.0,0.0
gkw_fd_16x8,0.3,velocity_recurrence,149,0.08203125,0.0,0.0,0.0
gkw_fd_16x8,0.3,velocity_recurrence,150,0.0859375,0.0,0.0,0.0
gkw_fd_16x8,0.3,velocity_recurrence,151,0.08984375,0.0,0.0,0.0
gkw_fd_16x8,0.3,velocity_recurrence,152,0.09375,0.0,0.0,0.0
gkw_fd_16x8,0.3,velocity_recurrence,153,0.09765625,0.0,0.0,0.0
gkw_fd_16x8,0.3,velocity_recurrence,154,0.1015625,0.0,0.0,0.0
gkw_fd_16x8,0.3,velocity_recurrence,155,0.10546875,0.0,0.0,0.0
gkw_fd_16x8,0.3,velocity_recurrence,156,0.109375,0.0,0.0,0.0
gkw_fd_16x8,0.3,velocity_recurrence,157,0.11328125,0.0,0.0,0.0
gkw_fd_16x8,0.3,velocity_recurrence,158,0.1171875,0.0,0.0,0.0
gkw_fd_16x8,0.3,velocity_recurrence,159,0.12109375,0.0,0.0,0.0
gkw_fd_16x8,0.3,velocity_recurrence,160,0.125,0.0,0.0,0.0
gkw_fd_16x8,0.3,velocity_recurrence,161,0.12890625,0.0,0.0,0.0
gkw_fd_16x8,0.3,velocity_recurrence,162,0.1328125,0.0,0.0,0.0
gkw_fd_16x8,0.3,velocity_recurrence,163,0.13671875,0.0,0.0,0.0
gkw_fd_16x8,0.3,velocity_recurrence,164,0.140625,0.0,0.0,0.0
gkw_fd_16x8,0.3,velocity_recurrence,165,0.14453125,0.0,0.0,0.0
gkw_fd_16x8,0.3,velocity_recurrence,166,0.1484375,0.0,0.0,0.0
gkw_fd_16x8,0.3,velocity_recurrence,167,0.15234375,0.0,0.0,0.0
gkw_fd_16x8,0.3,velocity_recurrence,168,0.15625,0.0,0.0,0.0
gkw_fd_16x8,0.3,velocity_recurrence,169,0.16015625,0.0,0.0,0.0
gkw_fd_16x8,0.3,velocity_recurrence,170,0.1640625,0.0,0.0,0.0
gkw_fd_16x8,0.3,velocity_recurrence,171,0.16796875,0.0,0.0,0.0
gkw_fd_16x8,0.3,velocity_recurrence,172,0.171875,0.0,0.0,0.0
gkw_fd_16x8,0.3,velocity_recurrence,173,0.17578125,0.0,0.0,0.0
gkw_fd_16x8,0.3,velocity_recurrence,174,0.1796875,0.0,0.0,0.0
gkw_fd_16x8,0.3,velocity_recurrence,175,0.18359375,0.0,0.0,0.0
gkw_fd_16x8,0.3,velocity_recurrence,176,0.1875,0.0,0.0,0.0
gkw_fd_16x8,0.3,velocity_recurrence,177,0.19140625,0.0,0.0,0.0
gkw_fd_16x8,0.3,velocity_recurrence,178,0.1953125,0.0,0.0,0.0
gkw_fd_16x8,0.3,velocity_recurrence,179,0.19921875,0.0,0.0,0.0
gkw_fd_16x8,0.3,velocity_recurrence,180,0.203125,0.0,0.0,0.0
gkw_fd_16x8,0.3,velocity_recurrence,181,0.20703125,0.0,0.0,0.0
gkw_fd_16x8,0.3,velocity_recurrence,182,0.2109375,0.0,0.0,0.0
gkw_fd_16x8,0.3,velocity_recurrence,183,0.21484375,0.0,0.0,0.0
gkw_fd_16x8,0.3,velocity_recurrence,184,0.21875,0.0,0.0,0.0
gkw_fd_16x8,0.3,velocity_recurrence,185,0.22265625,0.0,0.0,0.0
gkw_fd_16x8,0.3,velocity_recurrence,186,0.2265625,0.0,0.0,0.0
gkw_fd_16x8,0.3,velocity_recurrence,187,0.23046875,0.0,0.0,0.0
gkw_fd_16x8,0.3,velocity_recurrence,188,0.234375,0.0,0.0,0.0
gkw_fd_16x8,0.3,velocity_recurrence,189,0.23828125,0.0,0.0,0.0
gkw_fd_16x8,0.3,velocity_recurrence,190,0.2421875,0.0,0.0,0.0
gkw_fd_16x8,0.3,velocity_recurrence,191,0.24609375,0.0,0.0,0.0
gkw_fd_16x8,0.3,velocity_recurrence,192,0.25,0.0,0.0,0.0
gkw_fd_16x8,0.3,velocity_recurrence,193,0.25390625,0.0,0.0,0.0
gkw_fd_16x8,0.3,velocity_recurrence,194,0.2578125,0.0,0.0,0.0
gkw_fd_16x8,0.3,velocity_recurrence,195,0.26171875,0.0,0.0,0.0
gkw_fd_16x8,0.3,velocity_recurrence,196,0.265625,0.0,0.0,0.0
gkw_fd_16x8,0.3,velocity_recurrence,197,0.26953125,0.0,0.0,0.0
gkw_fd_16x8,0.3,velocity_recurrence,198,0.2734375,0.0,0.0,0.0
gkw_fd_16x8,0.3,velocity_recurrence,199,0.27734375,0.0,0.0,0.0
gkw_fd_16x8,0.3,velocity_recurrence,200,0.28125,0.0,0.0,0.0
gkw_fd_16x8,0.3,velocity_recurrence,201,0.28515625,0.0,0.0,0.0
gkw_fd_16x8,0.3,velocity_recurrence,202,0.2890625,0.0,0.0,0.0
gkw_fd_16x8,0.3,velocity_recurrence,203,0.29296875,0.0,0.0,0.0
gkw_fd_16x8,0.3,velocity_recurrence,204,0.296875,0.0,0.0,0.0
gkw_fd_16x8,0.3,velocity_recurrence,205,0.30078125,0.0,0.0,0.0
gkw_fd_16x8,0.3,velocity_recurrence,206,0.3046875,0.0,0.0,0.0
gkw_fd_16x8,0.3,velocity_recurrence,207,0.30859375,0.0,0.0,0.0
gkw_fd_16x8,0.3,velocity_recurrence,208,0.3125,0.0,0.0,0.0
gkw_fd_16x8,0.3,velocity_recurrence,209,0.31640625,0.0,0.0,0.0
gkw_fd_16x8,0.3,velocity_recurrence,210,0.3203125,0.0,0.0,0.0
gkw_fd_16x8,0.3,velocity_recurrence,211,0.32421875,0.0,0.0,0.0
gkw_fd_16x8,0.3,velocity_recurrence,212,0.328125,0.0,0.0,0.0
gkw_fd_16x8,0.3,velocity_recurrence,213,0.33203125,0.0,0.0,0.0
gkw_fd_16x8,0.3,velocity_recurrence,214,0.3359375,0.0,0.0,0.0
gkw_fd_16x8,0.3,velocity_recurrence,215,0.33984375,0.0,0.0,0.0
gkw_fd_16x8,0.3,velocity_recurrence,216,0.34375,0.0,0.0,0.0
gkw_fd_16x8,0.3,velocity_recurrence,217,0.34765625,0.0,0.0,0.0
gkw_fd_16x8,0.3,velocity_recurrence,218,0.3515625,0.0,0.0,0.0
gkw_fd_16x8,0.3,velocity_recurrence,219,0.35546875,0.0,0.0,0.0
gkw_fd_16x8,0.3,velocity_recurrence,220,0.359375,0.0,0.0,0.0
gkw_fd_16x8,0.3,velocity_recurrence,221,0.36328125,0.0,0.0,0.0
gkw_fd_16x8,0.3,velocity_recurrence,222,0.3671875,0.0,0.0,0.0
gkw_fd_16x8,0.3,velocity_recurrence,223,0.37109375,0.0,0.0,0.0
gkw_fd_16x8,0.3,velocity_recurrence,224,0.375,0.0,0.0,0.0
gkw_fd_16x8,0.3,velocity_recurrence,225,0.37890625,0.0,0.0,0.0
gkw_fd_16x8,0.3,velocity_recurrence,226,0.3828125,0.0,0.0,0.0
gkw_fd_16x8,0.3,velocity_recurrence,227,0.38671875,0.0,0.0,0.0
gkw_fd_16x8,0.3,velocity_recurrence,228,0.390625,0.0,0.0,0.0
gkw_fd_16x8,0.3,velocity_recurrence,229,0.39453125,0.0,0.0,0.0
gkw_fd_16x8,0.3,velocity_recurrence,230,0.3984375,0.0,0.0,0.0
gkw_fd_16x8,0.3,velocity_recurrence,231,0.40234375,0.0,0.0,0.0
gkw_fd_16x8,0.3,velocity_recurrence,232,0.40625,0.0,0.0,0.0
gkw_fd_16x8,0.3,velocity_recurrence,233,0.41015625,0.0,0.0,0.0
gkw_fd_16x8,0.3,velocity_recurrence,234,0.4140625,0.0,0.0,0.0
gkw_fd_16x8,0.3,velocity_recurrence,235,0.41796875,0.0,0.0,0.0
gkw_fd_16x8,0.3,velocity_recurrence,236,0.421875,0.0,0.0,0.0
gkw_fd_16x8,0.3,velocity_recurrence,237,0.42578125,0.0,0.0,0.0
gkw_fd_16x8,0.3,velocity_recurrence,238,0.4296875,0.0,0.0,0.0
gkw_fd_16x8,0.3,velocity_recurrence,239,0.43359375,0.0,0.0,0.0
gkw_fd_16x8,0.3,velocity_recurrence,240,0.4375,0.0,0.0,0.0
gkw_fd_16x8,0.3,velocity_recurrence,241,0.44140625,0.0,0.0,0.0
gkw_fd_16x8,0.3,velocity_recurrence,242,0.4453125,0.0,0.0,0.0
gkw_fd_16x8,0.3,velocity_recurrence,243,0.44921875,0.0,0.0,0.0
gkw_fd_16x8,0.3,velocity_recurrence,244,0.453125,0.0,0.0,0.0
gkw_fd_16x8,0.3,velocity_recurrence,245,0.45703125,0.0,0.0,0.0
gkw_fd_16x8,0.3,velocity_recurrence,246,0.4609375,0.0,0.0,0.0
gkw_fd_16x8,0.3,velocity_recurrence,247,0.46484375,0.0,0.0,0.0
gkw_fd_16x8,0.3,velocity_recurrence,248,0.46875,0.0,0.0,0.0
gkw_fd_16x8,0.3,velocity_recurrence,249,0.47265625,0.0,0.0,0.0
gkw_fd_16x8,0.3,velocity_recurrence,250,0.4765625,0.0,0.0,0.0
gkw_fd_16x8,0.3,velocity_recurrence,251,0.48046875,0.0,0.0,0.0
gkw_fd_16x8,0.3,velocity_recurrence,252,0.484375,0.0,0.0,0.0
gkw_fd_16x8,0.3,velocity_recurrence,253,0.48828125,0.0,0.0,0.0
gkw_fd_16x8,0.3,velocity_recurrence,254,0.4921875,0.0,0.0,0.0
gkw_fd_16x8,0.3,velocity_recurrence,255,0.49609375,0.0,0.0,0.0
