ky,z_index,z,phi_real,phi_imag,growth_rate,frequency,normalization,source
0.1,0,-0.5,0.7858535044439817,-0.3719877535090245,0.0014278712450036225,-0.019384247627672484,unit_mode_chain_amplitude,stellarator-linear-scan:stella-geometry
0.1,1,-0.49609375,0.6381951310318714,-0.396459030705563,0.0014278712450036225,-0.019384247627672484,unit_mode_chain_amplitude,stellarator-linear-scan:stella-geometry
0.1,2,-0.4921875,0.365108176364443,-0.32252277902116655,0.0014278712450036225,-0.019384247627672484,unit_mode_chain_amplitude,stellarator-linear-scan:stella-geometry
0.1,3,-0.48828125,-0.048668863738588836,-0.23151567574147544,0.0014278712450036225,-0.019384247627672484,unit_mode_chain_amplitude,stellarator-linear-scan:stella-geometry
0.1,4,-0.484375,-0.37426954504163795,-0.08539716258510767,0.0014278712450036225,-0.019384247627672484,unit_mode_chain_amplitude,stellarator-linear-scan:stella-geometry
0.1,5,-0.48046875,-0.6716623342509274,0.06302379438285985,0.0014278712450036225,-0.019384247627672484,unit_mode_chain_amplitude,stellarator-linear-scan:stella-geometry
0.1,6,-0.4765625,-0.9518469482427824,0.2485961631585947,0.0014278712450036225,-0.019384247627672484,unit_mode_chain_amplitude,stellarator-linear-scan:stella-geometry
0.1,7,-0.47265625,-1.2027349513725862,0.3022155301950486,0.0014278712450036225,-0.019384247627672484,unit_mode_chain_amplitude,stellarator-linear-scan:stella-geometry
0.1,8,-0.46875,-1.3691996239259703,0.3375952096951966,0.0014278712450036225,-0.019384247627672484,unit_mode_chain_amplitude,stellarator-linear-scan:stella-geometry
0.1,9,-0.46484375,-1.5552742212490105,0.35115033276140867,0.0014278712450036225,-0.019384247627672484,unit_mode_chain_amplitude,stellarator-linear-scan:stella-geometry
0.1,10,-0.4609375,-1.4368772879635372,0.33086362689159554,0.0014278712450036225,-0.019384247627672484,unit_mode_chain_amplitude,stellarator-linear-scan:stella-geometry
0.1,11,-0.45703125,-1.0356465372581856,0.23713807894215716,0.0014278712450036225,-0.019384247627672484,unit_mode_chain_amplitude,stellarator-linear-scan:stella-geometry
0.1,12,-0.453125,-0.5003116158433129,0.20822918371163865,0.0014278712450036225,-0.019384247627672484,unit_mode_chain_amplitude,stellarator-linear-scan:stella-geometry
0.1,13,-0.44921875,-0.07178481166581446,0.1944791966176448,0.0014278712450036225,-0.019384247627672484,unit_mode_chain_amplitude,stellarator-linear-scan:stella-geometry
0.1,14,-0.4453125,0.22312830032692277,0.1334019622454705,0.0014278712450036225,-0.019384247627672484,unit_mode_chain_amplitude,stellarator-linear-scan:stella-geometry
0.1,15,-0.44140625,0.44885794891112923,0.09137914976787229,0.0014278712450036225,-0.019384247627672484,unit_mode_chain_amplitude,stellarator-linear-scan:stella-geometry
0.1,16,-0.4375,0.7490018328031641,0.09495871855554285,0.0014278712450036225,-0.019384247627672484,unit_mode_chain_amplitude,stellarator-linear-scan:stella-geometry
0.1,17,-0.43359375,1.1756127158131657,0.029485173634117286,0.0014278712450036225,-0.019384247627672484,unit_mode_chain_amplitude,stellarator-linear-scan:stella-geometry
0.1,18,-0.4296875,1.3700672296206902,0.014844645806462275,0.0014278712450036225,-0.019384247627672484,unit_mode_chain_amplitude,stellarator-linear-scan:stella-geometry
0.1,19,-0.42578125,1.2456411012296684,-0.05362601957102986,0.0014278712450036225,-0.019384247627672484,unit_mode_chain_amplitude,stellarator-linear-scan:stella-geometry
0.1,20,-0.421875,0.9808011432867072,-0.23025995792242884,0.0014278712450036225,-0.019384247627672484,unit_mode_chain_amplitude,stellarator-linear-scan:stella-geometry
0.1,21,-0.41796875,0.7558353733226136,-0.36729657442508157,0.0014278712450036225,-0.019384247627672484,unit_mode_chain_amplitude,stellarator-linear-scan:stella-geometry
0.1,22,-0.4140625,0.6497630150983553,-0.35374562216839694,0.0014278712450036225,-0.019384247627672484,unit_mode_chain_amplitude,stellarator-linear-scan:stella-geometry
0.1,23,-0.41015625,0.4662315733040874,-0.3792180420914365,0.0014278712450036225,-0.019384247627672484,unit_mode_chain_amplitude,stellarator-linear-scan:stella-geometry
0.1,24,-0.40625,0.18803244887907272,-0.3212947598879646,0.0014278712450036225,-0.019384247627672484,unit_mode_chain_amplitude,stellarator-linear-scan:stella-geometry
0.1,25,-0.40234375,-0.13596810242197124,-0.17740864221723643,0.0014278712450036225,-0.019384247627672484,unit_mode_chain_amplitude,stellarator-linear-scan:stella-geometry
0.1,26,-0.3984375,-0.41562624013386834,-0.068206330408591,0.0014278712450036225,-0.019384247627672484,unit_mode_chain_amplitude,stellarator-linear-scan:stella-geometry
0.1,27,-0.39453125,-0.6767809716752541,-0.09012229157510487,0.0014278712450036225,-0.019384247627672484,unit_mode_chain_amplitude,stellarator-linear-scan:stella-geometry
0.1,28,-0.390625,-0.8212911111318357,-0.027686154009559778,0.0014278712450036225,-0.019384247627672484,unit_mode_chain_amplitude,stellarator-linear-scan:stella-geometry
0.1,29,-0.38671875,-0.7757483496048809,0.10073530150283566,0.0014278712450036225,-0.019384247627672484,unit_mode_chain_amplitude,stellarator-linear-scan:stella-geometry
0.1,30,-0.3828125,-0.6421198976230492,0.2370178152979561,0.0014278712450036225,-0.019384247627672484,unit_mode_chain_amplitude,stellarator-linear-scan:stella-geometry
0.1,31,-0.37890625,-0.6191532062107742,0.33977220888449183,0.0014278712450036225,-0.019384247627672484,unit_mode_chain_amplitude,stellarator-linear-scan:stella-geometry
0.1,32,-0.375,-0.7418817666354991,0.42008416624089423,0.0014278712450036225,-0.019384247627672484,unit_mode_chain_amplitude,stellarator-linear-scan:stella-geometry
0.1,33,-0.37109375,-0.8165090947770557,0.3948203267428729,0.0014278712450036225,-0.019384247627672484,unit_mode_chain_amplitude,stellarator-linear-scan:stella-geometry
0.1,34,-0.3671875,-0.7770726419346595,0.38068092669896286,0.0014278712450036225,-0.019384247627672484,unit_mode_chain_amplitude,stellarator-linear-scan:stella-geometry
0.1,35,-0.36328125,-0.5622597656290887,0.29780958562661897,0.0014278712450036225,-0.019384247627672484,unit_mode_chain_amplitude,stellarator-linear-scan:stella-geometry
0.1,36,-0.359375,-0.2155331121849315,0.2660152870444769,0.0014278712450036225,-0.019384247627672484,unit_mode_chain_amplitude,stellarator-linear-scan:stella-geometry
0.1,37,-0.35546875,-0.028485102887901587,0.2115721504785809,0.0014278712450036225,-0.019384247627672484,unit_mode_chain_amplitude,stellarator-linear-scan:stella-geometry
0.1,38,-0.3515625,0.20389717418063663,0.1386129435481299,0.0014278712450036225,-0.019384247627672484,unit_mode_chain_amplitude,stellarator-linear-scan:stella-geometry
0.1,39,-0.34765625,0.5276127769935913,-0.09117675080781244,0.0014278712450036225,-0.019384247627672484,unit_mode_chain_amplitude,stellarator-linear-scan:stella-geometry
0.1,40,-0.34375,0.9452926015200601,-0.36830613483599367,0.0014278712450036225,-0.019384247627672484,unit_mode_chain_amplitude,stellarator-linear-scan:stella-geometry
0.1,41,-0.33984375,1.2888188893693286,-0.5534220787103785,0.0014278712450036225,-0.019384247627672484,unit_mode_chain_amplitude,stellarator-linear-scan:stella-geometry
0.1,42,-0.3359375,1.4974289646759873,-0.5488287128446899,0.0014278712450036225,-0.019384247627672484,unit_mode_chain_amplitude,stellarator-linear-scan:stella-geometry
0.1,43,-0.33203125,1.5924929100843297,-0.5495067437720247,0.0014278712450036225,-0.019384247627672484,unit_mode_chain_amplitude,stellarator-linear-scan:stella-geometry
0.1,44,-0.328125,1.5790920136618984,-0.5653649609182388,0.0014278712450036225,-0.019384247627672484,unit_mode_chain_amplitude,stellarator-linear-scan:stella-geometry
0.1,45,-0.32421875,1.461744739793026,-0.5911121443404275,0.0014278712450036225,-0.019384247627672484,unit_mode_chain_amplitude,stellarator-linear-scan:stella-geometry
0.1,46,-0.3203125,1.142463576666827,-0.456937416776151,0.0014278712450036225,-0.019384247627672484,unit_mode_chain_amplitude,stellarator-linear-scan:stella-geometry
0.1,47,-0.31640625,0.611415412202509,-0.29946544694569344,0.0014278712450036225,-0.019384247627672484,unit_mode_chain_amplitude,stellarator-linear-scan:stella-geometry
0.1,48,-0.3125,-0.011947045635562068,-0.12613840388422926,0.0014278712450036225,-0.019384247627672484,unit_mode_chain_amplitude,stellarator-linear-scan:stella-geometry
0.1,49,-0.30859375,-0.6151882849809887,0.03624390309901949,0.0014278712450036225,-0.019384247627672484,unit_mode_chain_amplitude,stellarator-linear-scan:stella-geometry
0.1,50,-0.3046875,-1.0424114095654347,0.20879477117364587,0.0014278712450036225,-0.019384247627672484,unit_mode_chain_amplitude,stellarator-linear-scan:stella-geometry
0.1,51,-0.30078125,-1.1663420625199798,0.3320676599358754,0.0014278712450036225,-0.019384247627672484,unit_mode_chain_amplitude,stellarator-linear-scan:stella-geometry
0.1,52,-0.296875,-1.2727985885414943,0.2610277811295966,0.0014278712450036225,-0.019384247627672484,unit_mode_chain_amplitude,stellarator-linear-scan:stella-geometry
0.1,53,-0.29296875,-1.3940838872732737,-0.14903564026511382,0.0014278712450036225,-0.019384247627672484,unit_mode_chain_amplitude,stellarator-linear-scan:stella-geometry
0.1,54,-0.2890625,-1.700664793779194,-0.3027375047083421,0.0014278712450036225,-0.019384247627672484,unit_mode_chain_amplitude,stellarator-linear-scan:stella-geometry
0.1,55,-0.28515625,-1.715917050065026,-0.32780080682602053,0.0014278712450036225,-0.019384247627672484,unit_mode_chain_amplitude,stellarator-linear-scan:stella-geometry
0.1,56,-0.28125,-1.4266723910597936,-0.141342406914635,0.0014278712450036225,-0.019384247627672484,unit_mode_chain_amplitude,stellarator-linear-scan:stella-geometry
0.1,57,-0.27734375,-1.0267548737274395,0.06505490778713097,0.0014278712450036225,-0.019384247627672484,unit_mode_chain_amplitude,stellarator-linear-scan:stella-geometry
0.1,58,-0.2734375,-0.6833674825081054,0.23815858725533698,0.0014278712450036225,-0.019384247627672484,unit_mode_chain_amplitude,stellarator-linear-scan:stella-geometry
0.1,59,-0.26953125,-0.43892612548290827,0.3563144702364617,0.0014278712450036225,-0.019384247627672484,unit_mode_chain_amplitude,stellarator-linear-scan:stella-geometry
0.1,60,-0.265625,-0.06919149782475932,0.46238976748206817,0.0014278712450036225,-0.019384247627672484,unit_mode_chain_amplitude,stellarator-linear-scan:stella-geometry
0.1,61,-0.26171875,0.4021007222745568,0.5589409392613002,0.0014278712450036225,-0.019384247627672484,unit_mode_chain_amplitude,stellarator-linear-scan:stella-geometry
0.1,62,-0.2578125,0.8328901878386656,0.6849480368292141,0.0014278712450036225,-0.019384247627672484,unit_mode_chain_amplitude,stellarator-linear-scan:stella-geometry
0.1,63,-0.25390625,1.0330978282973358,0.7158896324749149,0.0014278712450036225,-0.019384247627672484,unit_mode_chain_amplitude,stellarator-linear-scan:stella-geometry
0.1,64,-0.25,1.1655287071355815,0.5830077081069817,0.0014278712450036225,-0.019384247627672484,unit_mode_chain_amplitude,stellarator-linear-scan:stella-geometry
0.1,65,-0.24609375,1.2168297465964,0.36812811412524454,0.0014278712450036225,-0.019384247627672484,unit_mode_chain_amplitude,stellarator-linear-scan:stella-geometry
0.1,66,-0.2421875,1.1564215300492426,0.29175483018277565,0.0014278712450036225,-0.019384247627672484,unit_mode_chain_amplitude,stellarator-linear-scan:stella-geometry
0.1,67,-0.23828125,1.0737465961260222,0.186648467742381,0.0014278712450036225,-0.019384247627672484,unit_mode_chain_amplitude,stellarator-linear-scan:stella-geometry
0.1,68,-0.234375,1.0060315589107658,-0.0067707164362164835,0.0014278712450036225,-0.019384247627672484,unit_mode_chain_amplitude,stellarator-linear-scan:stella-geometry
0.1,69,-0.23046875,0.8630681447840047,-0.2246019751223419,0.0014278712450036225,-0.019384247627672484,unit_mode_chain_amplitude,stellarator-linear-scan:stella-geometry
0.1,70,-0.2265625,0.5079598589012093,-0.2623027456030138,0.0014278712450036225,-0.019384247627672484,unit_mode_chain_amplitude,stellarator-linear-scan:stella-geometry
0.1,71,-0.22265625,0.17905432286406534,-0.2584341039602788,0.0014278712450036225,-0.019384247627672484,unit_mode_chain_amplitude,stellarator-linear-scan:stella-geometry
0.1,72,-0.21875,-0.030640017892524747,-0.21929635952029686,0.0014278712450036225,-0.019384247627672484,unit_mode_chain_amplitude,stellarator-linear-scan:stella-geometry
0.1,73,-0.21484375,-0.20182317182606965,-0.20873034933646273,0.0014278712450036225,-0.019384247627672484,unit_mode_chain_amplitude,stellarator-linear-scan:stella-geometry
0.1,74,-0.2109375,-0.3497464763754303,-0.21090461292653961,0.0014278712450036225,-0.019384247627672484,unit_mode_chain_amplitude,stellarator-linear-scan:stella-geometry
0.1,75,-0.20703125,-0.5303641061962235,-0.2568046725795374,0.0014278712450036225,-0.019384247627672484,unit_mode_chain_amplitude,stellarator-linear-scan:stella-geometry
0.1,76,-0.203125,-0.7881187345671022,-0.1296962022295167,0.0014278712450036225,-0.019384247627672484,unit_mode_chain_amplitude,stellarator-linear-scan:stella-geometry
0.1,77,-0.19921875,-1.145769749113598,0.1346443917003545,0.0014278712450036225,-0.019384247627672484,unit_mode_chain_amplitude,stellarator-linear-scan:stella-geometry
0.1,78,-0.1953125,-1.24072828618448,0.3232957264184323,0.0014278712450036225,-0.019384247627672484,unit_mode_chain_amplitude,stellarator-linear-scan:stella-geometry
0.1,79,-0.19140625,-1.1623579103077364,0.32935727660357367,0.0014278712450036225,-0.019384247627672484,unit_mode_chain_amplitude,stellarator-linear-scan:stella-geometry
0.1,80,-0.1875,-1.1797368697509327,0.29103518161733977,0.0014278712450036225,-0.019384247627672484,unit_mode_chain_amplitude,stellarator-linear-scan:stella-geometry
0.1,81,-0.18359375,-1.1099905090327824,0.21446359248853025,0.0014278712450036225,-0.019384247627672484,unit_mode_chain_amplitude,stellarator-linear-scan:stella-geometry
0.1,82,-0.1796875,-0.9258608817315622,0.1463656174540528,0.0014278712450036225,-0.019384247627672484,unit_mode_chain_amplitude,stellarator-linear-scan:stella-geometry
0.1,83,-0.17578125,-0.6454168314970857,-0.004697486968618372,0.0014278712450036225,-0.019384247627672484,unit_mode_chain_amplitude,stellarator-linear-scan:stella-geometry
0.1,84,-0.171875,-0.2311151208562771,-0.15662924749712678,0.0014278712450036225,-0.019384247627672484,unit_mode_chain_amplitude,stellarator-linear-scan:stella-geometry
0.1,85,-0.16796875,0.35063436200648496,-0.28881074993572997,0.0014278712450036225,-0.019384247627672484,unit_mode_chain_amplitude,stellarator-linear-scan:stella-geometry
0.1,86,-0.1640625,0.8482492394916407,-0.3740996004723432,0.0014278712450036225,-0.019384247627672484,unit_mode_chain_amplitude,stellarator-linear-scan:stella-geometry
0.1,87,-0.16015625,1.1230944673666414,-0.4348403691027526,0.0014278712450036225,-0.019384247627672484,unit_mode_chain_amplitude,stellarator-linear-scan:stella-geometry
0.1,88,-0.15625,1.3952985655576085,-0.38286170102295736,0.0014278712450036225,-0.019384247627672484,unit_mode_chain_amplitude,stellarator-linear-scan:stella-geometry
0.1,89,-0.15234375,1.6502885981897244,-0.20528171120063546,0.0014278712450036225,-0.019384247627672484,unit_mode_chain_amplitude,stellarator-linear-scan:stella-geometry
0.1,90,-0.1484375,1.7703383501327683,0.08783740208156725,0.0014278712450036225,-0.019384247627672484,unit_mode_chain_amplitude,stellarator-linear-scan:stella-geometry
0.1,91,-0.14453125,1.6396462810069607,0.28397995431425926,0.0014278712450036225,-0.019384247627672484,unit_mode_chain_amplitude,stellarator-linear-scan:stella-geometry
0.1,92,-0.140625,1.3710896683168812,0.30530482035709344,0.0014278712450036225,-0.019384247627672484,unit_mode_chain_amplitude,stellarator-linear-scan:stella-geometry
0.1,93,-0.13671875,0.9184049423675906,0.0944250827588173,0.0014278712450036225,-0.019384247627672484,unit_mode_chain_amplitude,stellarator-linear-scan:stella-geometry
0.1,94,-0.1328125,0.4563736966937716,-0.10399665355911909,0.0014278712450036225,-0.019384247627672484,unit_mode_chain_amplitude,stellarator-linear-scan:stella-geometry
0.1,95,-0.12890625,0.1291562919811533,-0.2469443687593048,0.0014278712450036225,-0.019384247627672484,unit_mode_chain_amplitude,stellarator-linear-scan:stella-geometry
0.1,96,-0.125,-0.1840370943189311,-0.3102058827818458,0.0014278712450036225,-0.019384247627672484,unit_mode_chain_amplitude,stellarator-linear-scan:stella-geometry
0.1,97,-0.12109375,-0.6770893013017388,-0.43146968611563535,0.0014278712450036225,-0.019384247627672484,unit_mode_chain_amplitude,stellarator-linear-scan:stella-geometry
0.1,98,-0.1171875,-1.1709195421349086,-0.6022838632263277,0.0014278712450036225,-0.019384247627672484,unit_mode_chain_amplitude,stellarator-linear-scan:stella-geometry
0.1,99,-0.11328125,-1.4366676478093396,-0.7649176792159725,0.0014278712450036225,-0.019384247627672484,unit_mode_chain_amplitude,stellarator-linear-scan:stella-geometry
0.1,100,-0.109375,-1.5150543241944237,-0.6273342259162323,0.0014278712450036225,-0.019384247627672484,unit_mode_chain_amplitude,stellarator-linear-scan:stella-geometry
0.1,101,-0.10546875,-1.491122551006008,-0.29396052962973784,0.0014278712450036225,-0.019384247627672484,unit_mode_chain_amplitude,stellarator-linear-scan:stella-geometry
0.1,102,-0.1015625,-1.321836497308594,-0.018362977955345992,0.0014278712450036225,-0.019384247627672484,unit_mode_chain_amplitude,stellarator-linear-scan:stella-geometry
0.1,103,-0.09765625,-1.1790998112938986,0.07109993207308422,0.0014278712450036225,-0.019384247627672484,unit_mode_chain_amplitude,stellarator-linear-scan:stella-geometry
0.1,104,-0.09375,-1.0016781391841738,0.21782551751198298,0.0014278712450036225,-0.019384247627672484,unit_mode_chain_amplitude,stellarator-linear-scan:stella-geometry
0.1,105,-0.08984375,-0.6585670126211088,0.41780039908635963,0.0014278712450036225,-0.019384247627672484,unit_mode_chain_amplitude,stellarator-linear-scan:stella-geometry
0.1,106,-0.0859375,-0.11911603213657508,0.5803245889887443,0.0014278712450036225,-0.019384247627672484,unit_mode_chain_amplitude,stellarator-linear-scan:stella-geometry
0.1,107,-0.08203125,0.29229419123602357,0.5970982849360715,0.0014278712450036225,-0.019384247627672484,unit_mode_chain_amplitude,stellarator-linear-scan:stella-geometry
0.1,108,-0.078125,0.5135145207534476,0.5625340063965412,0.0014278712450036225,-0.019384247627672484,unit_mode_chain_amplitude,stellarator-linear-scan:stella-geometry
0.1,109,-0.07421875,0.6546435491442588,0.46439068742870154,0.0014278712450036225,-0.019384247627672484,unit_mode_chain_amplitude,stellarator-linear-scan:stella-geometry
0.1,110,-0.0703125,0.7831565876196506,0.43247705461944974,0.0014278712450036225,-0.019384247627672484,unit_mode_chain_amplitude,stellarator-linear-scan:stella-geometry
0.1,111,-0.06640625,0.9188986674996821,0.432518755274838,0.0014278712450036225,-0.019384247627672484,unit_mode_chain_amplitude,stellarator-linear-scan:stella-geometry
0.1,112,-0.0625,1.0868932977446595,0.3468831379354006,0.0014278712450036225,-0.019384247627672484,unit_mode_chain_amplitude,stellarator-linear-scan:stella-geometry
0.1,113,-0.05859375,1.2273477249375673,0.030032115852296936,0.0014278712450036225,-0.019384247627672484,unit_mode_chain_amplitude,stellarator-linear-scan:stella-geometry
0.1,114,-0.0546875,1.1528653481766553,-0.24955466422111336,0.0014278712450036225,-0.019384247627672484,unit_mode_chain_amplitude,stellarator-linear-scan:stella-geometry
0.1,115,-0.05078125,0.9108624551022446,-0.2853373025697654,0.0014278712450036225,-0.019384247627672484,unit_mode_chain_amplitude,stellarator-linear-scan:stella-geometry
0.1,116,-0.046875,0.7980667025485212,-0.11464316612084959,0.0014278712450036225,-0.019384247627672484,unit_mode_chain_amplitude,stellarator-linear-scan:stella-geometry
0.1,117,-0.04296875,0.7436204611996571,-0.07044204679774328,0.0014278712450036225,-0.019384247627672484,unit_mode_chain_amplitude,stellarator-linear-scan:stella-geometry
0.1,118,-0.0390625,0.6171124804878766,-0.10565059185706659,0.0014278712450036225,-0.019384247627672484,unit_mode_chain_amplitude,stellarator-linear-scan:stella-geometry
0.1,119,-0.03515625,0.2977250379184684,-0.14178672521329472,0.0014278712450036225,-0.019384247627672484,unit_mode_chain_amplitude,stellarator-linear-scan:stella-geometry
0.1,120,-0.03125,-0.0823693900605175,-0.028800991720807086,0.0014278712450036225,-0.019384247627672484,unit_mode_chain_amplitude,stellarator-linear-scan:stella-geometry
0.1,121,-0.02734375,-0.541483694430507,0.16159510476243175,0.0014278712450036225,-0.019384247627672484,unit_mode_chain_amplitude,stellarator-linear-scan:stella-geometry
0.1,122,-0.0234375,-0.9068516369339069,0.38669761919292117,0.0014278712450036225,-0.019384247627672484,unit_mode_chain_amplitude,stellarator-linear-scan:stella-geometry
0.1,123,-0.01953125,-1.088961565213671,0.4381132219713012,0.0014278712450036225,-0.019384247627672484,unit_mode_chain_amplitude,stellarator-linear-scan:stella-geometry
0.1,124,-0.015625,-1.33530224322282,0.4320667390751159,0.0014278712450036225,-0.019384247627672484,unit_mode_chain_amplitude,stellarator-linear-scan:stella-geometry
0.1,125,-0.01171875,-1.5833625766062027,0.3510883032237001,0.0014278712450036225,-0.019384247627672484,unit_mode_chain_amplitude,stellarator-linear-scan:stella-geometry
0.1,126,-0.0078125,-1.6341922829440063,0.18488389831915086,0.0014278712450036225,-0.019384247627672484,unit_mode_chain_amplitude,stellarator-linear-scan:stella-geometry
0.1,127,-0.00390625,-1.451838163691457,-0.02277393348097542,0.0014278712450036225,-0.019384247627672484,unit_mode_chain_amplitude,stellarator-linear-scan:stella-geometry
0.1,128,0.0,-1.1189159043856978,-0.14840430343742228,0.0014278712450036225,-0.019384247627672484,unit_mode_chain_amplitude,stellarator-linear-scan:stella-geometry
0.1,129,0.00390625,-0.6935710478917595,-0.15109602337171724,0.0014278712450036225,-0.019384247627672484,unit_mode_chain_amplitude,stellarator-linear-scan:stella-geometry
0.1,130,0.0078125,-0.1815102870918381,-0.009588818348366696,0.0014278712450036225,-0.019384247627672484,unit_mode_chain_amplitude,stellarator-linear-scan:stella-geometry
0.1,131,0.01171875,0.22164885810272197,0.05051517735791563,0.0014278712450036225,-0.019384247627672484,unit_mode_chain_amplitude,stellarator-linear-scan:stella-geometry
0.1,132,0.015625,0.5243048903976752,0.11060827863302648,0.0014278712450036225,-0.019384247627672484,unit_mode_chain_amplitude,stellarator-linear-scan:stella-geometry
0.1,133,0.01953125,0.8253465803816586,0.1465652525979666,0.0014278712450036225,-0.019384247627672484,unit_mode_chain_amplitude,stellarator-linear-scan:stella-geometry
0.1,134,0.0234375,1.2826264030778018,0.3094584816484534,0.0014278712450036225,-0.019384247627672484,unit_mode_chain_amplitude,stellarator-linear-scan:stella-geometry
0.1,135,0.02734375,1.58920626787896,0.5031182039789317,0.0014278712450036225,-0.019384247627672484,unit_mode_chain_amplitude,stellarator-linear-scan:stella-geometry
0.1,136,0.03125,1.6182741700027061,0.512152193531542,0.0014278712450036225,-0.019384247627672484,unit_mode_chain_amplitude,stellarator-linear-scan:stella-geometry
0.1,137,0.03515625,1.4900644302478685,0.23518810221517303,0.0014278712450036225,-0.019384247627672484,unit_mode_chain_amplitude,stellarator-linear-scan:stella-geometry
0.1,138,0.0390625,1.2274927689664274,-0.10622866082635754,0.0014278712450036225,-0.019384247627672484,unit_mode_chain_amplitude,stellarator-linear-scan:stella-geometry
0.1,139,0.04296875,1.003419071510084,-0.3385336989493817,0.0014278712450036225,-0.019384247627672484,unit_mode_chain_amplitude,stellarator-linear-scan:stella-geometry
0.1,140,0.046875,0.8880818254701396,-0.4483053627224875,0.0014278712450036225,-0.019384247627672484,unit_mode_chain_amplitude,stellarator-linear-scan:stella-geometry
0.1,141,0.05078125,0.5291217761244865,-0.5774448689866911,0.0014278712450036225,-0.019384247627672484,unit_mode_chain_amplitude,stellarator-linear-scan:stella-geometry
0.1,142,0.0546875,-0.11481846521880373,-0.7284463621256735,0.0014278712450036225,-0.019384247627672484,unit_mode_chain_amplitude,stellarator-linear-scan:stella-geometry
0.1,143,0.05859375,-0.6439798208837689,-0.8856727097229423,0.0014278712450036225,-0.019384247627672484,unit_mode_chain_amplitude,stellarator-linear-scan:stella-geometry
0.1,144,0.0625,-0.862243016637031,-0.8263747469018774,0.0014278712450036225,-0.019384247627672484,unit_mode_chain_amplitude,stellarator-linear-scan:stella-geometry
0.1,145,0.06640625,-1.0197135653235734,-0.6183279814446877,0.0014278712450036225,-0.019384247627672484,unit_mode_chain_amplitude,stellarator-linear-scan:stella-geometry
0.1,146,0.0703125,-1.1360900611633329,-0.41073064159600553,0.0014278712450036225,-0.019384247627672484,unit_mode_chain_amplitude,stellarator-linear-scan:stella-geometry
0.1,147,0.07421875,-1.2261911602463103,-0.3450640666371034,0.0014278712450036225,-0.019384247627672484,unit_mode_chain_amplitude,stellarator-linear-scan:stella-geometry
0.1,148,0.078125,-1.3016854993035751,-0.2452896641424888,0.0014278712450036225,-0.019384247627672484,unit_mode_chain_amplitude,stellarator-linear-scan:stella-geometry
0.1,149,0.08203125,-1.3055773117691072,0.0163282614180297,0.0014278712450036225,-0.019384247627672484,unit_mode_chain_amplitude,stellarator-linear-scan:stella-geometry
0.1,150,0.0859375,-1.0361705571354436,0.34787162726862453,0.0014278712450036225,-0.019384247627672484,unit_mode_chain_amplitude,stellarator-linear-scan:stella-geometry
0.1,151,0.08984375,-0.6104559059287623,0.3732420021501878,0.0014278712450036225,-0.019384247627672484,unit_mode_chain_amplitude,stellarator-linear-scan:stella-geometry
0.1,152,0.09375,-0.35218045929288694,0.24052487755023147,0.0014278712450036225,-0.019384247627672484,unit_mode_chain_amplitude,stellarator-linear-scan:stella-geometry
0.1,153,0.09765625,-0.26331317855557207,0.07828921131763726,0.0014278712450036225,-0.019384247627672484,unit_mode_chain_amplitude,stellarator-linear-scan:stella-geometry
0.1,154,0.1015625,-0.13608784107392055,0.08440331897160824,0.0014278712450036225,-0.019384247627672484,unit_mode_chain_amplitude,stellarator-linear-scan:stella-geometry
0.1,155,0.10546875,0.13022624396623073,0.15848706008387173,0.0014278712450036225,-0.019384247627672484,unit_mode_chain_amplitude,stellarator-linear-scan:stella-geometry
0.1,156,0.109375,0.4537211671547921,0.16273004458432375,0.0014278712450036225,-0.019384247627672484,unit_mode_chain_amplitude,stellarator-linear-scan:stella-geometry
0.1,157,0.11328125,0.7528150213358525,-0.020154030699415577,0.0014278712450036225,-0.019384247627672484,unit_mode_chain_amplitude,stellarator-linear-scan:stella-geometry
0.1,158,0.1171875,0.9932707939153084,-0.30279984773776586,0.0014278712450036225,-0.019384247627672484,unit_mode_chain_amplitude,stellarator-linear-scan:stella-geometry
0.1,159,0.12109375,0.9902000280073167,-0.45475960140393384,0.0014278712450036225,-0.019384247627672484,unit_mode_chain_amplitude,stellarator-linear-scan:stella-geometry
0.1,160,0.125,1.0409005241121168,-0.40613420799317906,0.0014278712450036225,-0.019384247627672484,unit_mode_chain_amplitude,stellarator-linear-scan:stella-geometry
0.1,161,0.12890625,1.2276375060661922,-0.33936282519521593,0.0014278712450036225,-0.019384247627672484,unit_mode_chain_amplitude,stellarator-linear-scan:stella-geometry
0.1,162,0.1328125,1.287081969850448,-0.270423100606436,0.0014278712450036225,-0.019384247627672484,unit_mode_chain_amplitude,stellarator-linear-scan:stella-geometry
0.1,163,0.13671875,1.1468682842665987,-0.2501350797581167,0.0014278712450036225,-0.019384247627672484,unit_mode_chain_amplitude,stellarator-linear-scan:stella-geometry
0.1,164,0.140625,0.8433678083444437,-0.11967774106267373,0.0014278712450036225,-0.019384247627672484,unit_mode_chain_amplitude,stellarator-linear-scan:stella-geometry
0.1,165,0.14453125,0.4082998092366658,0.011692408736106405,0.0014278712450036225,-0.019384247627672484,unit_mode_chain_amplitude,stellarator-linear-scan:stella-geometry
0.1,166,0.1484375,-0.07266257418965623,0.07210070699403921,0.0014278712450036225,-0.019384247627672484,unit_mode_chain_amplitude,stellarator-linear-scan:stella-geometry
0.1,167,0.15234375,-0.444613061403057,0.10553108295437985,0.0014278712450036225,-0.019384247627672484,unit_mode_chain_amplitude,stellarator-linear-scan:stella-geometry
0.1,168,0.15625,-0.6928841945813765,0.20398675225461507,0.0014278712450036225,-0.019384247627672484,unit_mode_chain_amplitude,stellarator-linear-scan:stella-geometry
0.1,169,0.16015625,-0.9703119819811779,0.2377866250009114,0.0014278712450036225,-0.019384247627672484,unit_mode_chain_amplitude,stellarator-linear-scan:stella-geometry
0.1,170,0.1640625,-1.2407929613275264,0.1512887239686037,0.0014278712450036225,-0.019384247627672484,unit_mode_chain_amplitude,stellarator-linear-scan:stella-geometry
0.1,171,0.16796875,-1.4237207029182355,-0.04771528455349207,0.0014278712450036225,-0.019384247627672484,unit_mode_chain_amplitude,stellarator-linear-scan:stella-geometry
0.1,172,0.171875,-1.443093189462259,-0.1395969829690047,0.0014278712450036225,-0.019384247627672484,unit_mode_chain_amplitude,stellarator-linear-scan:stella-geometry
0.1,173,0.17578125,-1.3544637288072565,-0.10907272787484458,0.0014278712450036225,-0.019384247627672484,unit_mode_chain_amplitude,stellarator-linear-scan:stella-geometry
0.1,174,0.1796875,-1.0967906985222946,0.10059287644257082,0.0014278712450036225,-0.019384247627672484,unit_mode_chain_amplitude,stellarator-linear-scan:stella-geometry
0.1,175,0.18359375,-0.7741619267971619,0.33759978418592335,0.0014278712450036225,-0.019384247627672484,unit_mode_chain_amplitude,stellarator-linear-scan:stella-geometry
0.1,176,0.1875,-0.5999794303314172,0.5148894744921841,0.0014278712450036225,-0.019384247627672484,unit_mode_chain_amplitude,stellarator-linear-scan:stella-geometry
0.1,177,0.19140625,-0.2813742656442799,0.5659219395330297,0.0014278712450036225,-0.019384247627672484,unit_mode_chain_amplitude,stellarator-linear-scan:stella-geometry
0.1,178,0.1953125,0.40933419966372364,0.6447810668432785,0.0014278712450036225,-0.019384247627672484,unit_mode_chain_amplitude,stellarator-linear-scan:stella-geometry
0.1,179,0.19921875,0.9437880820462148,0.7902676982746418,0.0014278712450036225,-0.019384247627672484,unit_mode_chain_amplitude,stellarator-linear-scan:stella-geometry
0.1,180,0.203125,1.1233735221394623,0.876825550941893,0.0014278712450036225,-0.019384247627672484,unit_mode_chain_amplitude,stellarator-linear-scan:stella-geometry
0.1,181,0.20703125,1.2664816587550456,0.58422855113553,0.0014278712450036225,-0.019384247627672484,unit_mode_chain_amplitude,stellarator-linear-scan:stella-geometry
0.1,182,0.2109375,1.346635568003441,0.2556438210139506,0.0014278712450036225,-0.019384247627672484,unit_mode_chain_amplitude,stellarator-linear-scan:stella-geometry
0.1,183,0.21484375,1.288061369977627,0.06171105872550493,0.0014278712450036225,-0.019384247627672484,unit_mode_chain_amplitude,stellarator-linear-scan:stella-geometry
0.1,184,0.21875,1.2981548871779447,-0.057866609601555145,0.0014278712450036225,-0.019384247627672484,unit_mode_chain_amplitude,stellarator-linear-scan:stella-geometry
0.1,185,0.22265625,1.2852603147928952,-0.31604116321414094,0.0014278712450036225,-0.019384247627672484,unit_mode_chain_amplitude,stellarator-linear-scan:stella-geometry
0.1,186,0.2265625,0.9577798131044427,-0.4982608185013358,0.0014278712450036225,-0.019384247627672484,unit_mode_chain_amplitude,stellarator-linear-scan:stella-geometry
0.1,187,0.23046875,0.34949671098710233,-0.5541147819735555,0.0014278712450036225,-0.019384247627672484,unit_mode_chain_amplitude,stellarator-linear-scan:stella-geometry
0.1,188,0.234375,-0.08862939766645327,-0.5228366733219308,0.0014278712450036225,-0.019384247627672484,unit_mode_chain_amplitude,stellarator-linear-scan:stella-geometry
0.1,189,0.23828125,-0.27321487464647226,-0.4396127210040687,0.0014278712450036225,-0.019384247627672484,unit_mode_chain_amplitude,stellarator-linear-scan:stella-geometry
0.1,190,0.2421875,-0.3601689498776762,-0.2658717485010471,0.0014278712450036225,-0.019384247627672484,unit_mode_chain_amplitude,stellarator-linear-scan:stella-geometry
0.1,191,0.24609375,-0.546201686337104,-0.175996944940772,0.0014278712450036225,-0.019384247627672484,unit_mode_chain_amplitude,stellarator-linear-scan:stella-geometry
0.1,192,0.25,-0.8025413691888492,-0.1978791782172057,0.0014278712450036225,-0.019384247627672484,unit_mode_chain_amplitude,stellarator-linear-scan:stella-geometry
0.1,193,0.25390625,-1.0350881370110598,-0.14587076287891843,0.0014278712450036225,-0.019384247627672484,unit_mode_chain_amplitude,stellarator-linear-scan:stella-geometry
0.1,194,0.2578125,-1.126579162729485,0.21156746703598805,0.0014278712450036225,-0.019384247627672484,unit_mode_chain_amplitude,stellarator-linear-scan:stella-geometry
0.1,195,0.26171875,-1.0451605426505846,0.43810522166324567,0.0014278712450036225,-0.019384247627672484,unit_mode_chain_amplitude,stellarator-linear-scan:stella-geometry
0.1,196,0.265625,-0.8673277550267788,0.35913447628716494,0.0014278712450036225,-0.019384247627672484,unit_mode_chain_amplitude,stellarator-linear-scan:stella-geometry
0.1,197,0.26953125,-0.8156944087908126,0.17064871865367306,0.0014278712450036225,-0.019384247627672484,unit_mode_chain_amplitude,stellarator-linear-scan:stella-geometry
0.1,198,0.2734375,-0.7898078560819515,0.11656087489574082,0.0014278712450036225,-0.019384247627672484,unit_mode_chain_amplitude,stellarator-linear-scan:stella-geometry
0.1,199,0.27734375,-0.696091806543845,0.1820026408448951,0.0014278712450036225,-0.019384247627672484,unit_mode_chain_amplitude,stellarator-linear-scan:stella-geometry
0.1,200,0.28125,-0.32247480916855237,0.22386057758508018,0.0014278712450036225,-0.019384247627672484,unit_mode_chain_amplitude,stellarator-linear-scan:stella-geometry
0.1,201,0.28515625,0.11342751221541372,0.11779284501114543,0.0014278712450036225,-0.019384247627672484,unit_mode_chain_amplitude,stellarator-linear-scan:stella-geometry
0.1,202,0.2890625,0.5356625998607967,-0.05685636882827026,0.0014278712450036225,-0.019384247627672484,unit_mode_chain_amplitude,stellarator-linear-scan:stella-geometry
0.1,203,0.29296875,0.5301780689733735,-0.2626633233034397,0.0014278712450036225,-0.019384247627672484,unit_mode_chain_amplitude,stellarator-linear-scan:stella-geometry
0.1,204,0.296875,0.7444667786302579,-0.40641674432227143,0.0014278712450036225,-0.019384247627672484,unit_mode_chain_amplitude,stellarator-linear-scan:stella-geometry
0.1,205,0.30078125,1.0676029373450318,-0.5375077810168853,0.0014278712450036225,-0.019384247627672484,unit_mode_chain_amplitude,stellarator-linear-scan:stella-geometry
0.1,206,0.3046875,1.1635850255972824,-0.5422827901053326,0.0014278712450036225,-0.019384247627672484,unit_mode_chain_amplitude,stellarator-linear-scan:stella-geometry
0.1,207,0.30859375,1.182654636221999,-0.40409983498967356,0.0014278712450036225,-0.019384247627672484,unit_mode_chain_amplitude,stellarator-linear-scan:stella-geometry
0.1,208,0.3125,1.1396597620691302,-0.19531494595357204,0.0014278712450036225,-0.019384247627672484,unit_mode_chain_amplitude,stellarator-linear-scan:stella-geometry
0.1,209,0.31640625,0.9977836169637057,-0.07040223329322914,0.0014278712450036225,-0.019384247627672484,unit_mode_chain_amplitude,stellarator-linear-scan:stella-geometry
0.1,210,0.3203125,0.7667019290110348,-0.015787529277943833,0.0014278712450036225,-0.019384247627672484,unit_mode_chain_amplitude,stellarator-linear-scan:stella-geometry
0.1,211,0.32421875,0.4840118269985018,-0.05143515698020762,0.0014278712450036225,-0.019384247627672484,unit_mode_chain_amplitude,stellarator-linear-scan:stella-geometry
0.1,212,0.328125,0.3104786561108368,-0.037673228864624944,0.0014278712450036225,-0.019384247627672484,unit_mode_chain_amplitude,stellarator-linear-scan:stella-geometry
0.1,213,0.33203125,0.10235464765764067,-0.02273472436618401,0.0014278712450036225,-0.019384247627672484,unit_mode_chain_amplitude,stellarator-linear-scan:stella-geometry
0.1,214,0.3359375,-0.2206054587736095,0.13866197202793087,0.0014278712450036225,-0.019384247627672484,unit_mode_chain_amplitude,stellarator-linear-scan:stella-geometry
0.1,215,0.33984375,-0.616052720572083,0.22016737272382494,0.0014278712450036225,-0.019384247627672484,unit_mode_chain_amplitude,stellarator-linear-scan:stella-geometry
0.1,216,0.34375,-1.0003132760600528,0.16694216702511233,0.0014278712450036225,-0.019384247627672484,unit_mode_chain_amplitude,stellarator-linear-scan:stella-geometry
0.1,217,0.34765625,-1.2524821869965348,0.12903009643297664,0.0014278712450036225,-0.019384247627672484,unit_mode_chain_amplitude,stellarator-linear-scan:stella-geometry
0.1,218,0.3515625,-1.3384900802620594,0.20471528565416391,0.0014278712450036225,-0.019384247627672484,unit_mode_chain_amplitude,stellarator-linear-scan:stella-geometry
0.1,219,0.35546875,-1.346525049737647,0.3576579439767718,0.0014278712450036225,-0.019384247627672484,unit_mode_chain_amplitude,stellarator-linear-scan:stella-geometry
0.1,220,0.359375,-1.3493734388376335,0.4818144272005456,0.0014278712450036225,-0.019384247627672484,unit_mode_chain_amplitude,stellarator-linear-scan:stella-geometry
0.1,221,0.36328125,-1.327367156667607,0.5591073232789587,0.0014278712450036225,-0.019384247627672484,unit_mode_chain_amplitude,stellarator-linear-scan:stella-geometry
0.1,222,0.3671875,-1.0760176211651562,0.6612087034458499,0.0014278712450036225,-0.019384247627672484,unit_mode_chain_amplitude,stellarator-linear-scan:stella-geometry
0.1,223,0.37109375,-0.6563975234867067,0.7087526172076718,0.0014278712450036225,-0.019384247627672484,unit_mode_chain_amplitude,stellarator-linear-scan:stella-geometry
0.1,224,0.375,-0.09815194495534413,0.571268137203209,0.0014278712450036225,-0.019384247627672484,unit_mode_chain_amplitude,stellarator-linear-scan:stella-geometry
0.1,225,0.37890625,0.2505264571278607,0.20340593810437974,0.0014278712450036225,-0.019384247627672484,unit_mode_chain_amplitude,stellarator-linear-scan:stella-geometry
0.1,226,0.3828125,0.43255101367257215,-0.0683538906389625,0.0014278712450036225,-0.019384247627672484,unit_mode_chain_amplitude,stellarator-linear-scan:stella-geometry
0.1,227,0.38671875,0.6189002900002041,-0.22137012506285983,0.0014278712450036225,-0.019384247627672484,unit_mode_chain_amplitude,stellarator-linear-scan:stella-geometry
0.1,228,0.390625,0.8794130067632098,-0.23320057644669215,0.0014278712450036225,-0.019384247627672484,unit_mode_chain_amplitude,stellarator-linear-scan:stella-geometry
0.1,229,0.39453125,1.1251553836565396,-0.34041220490648194,0.0014278712450036225,-0.019384247627672484,unit_mode_chain_amplitude,stellarator-linear-scan:stella-geometry
0.1,230,0.3984375,1.2396909442778976,-0.58248083845571,0.0014278712450036225,-0.019384247627672484,unit_mode_chain_amplitude,stellarator-linear-scan:stella-geometry
0.1,231,0.40234375,1.0651631178469025,-0.7899953264082925,0.0014278712450036225,-0.019384247627672484,unit_mode_chain_amplitude,stellarator-linear-scan:stella-geometry
0.1,232,0.40625,0.6797286340944829,-0.6597510560686339,0.0014278712450036225,-0.019384247627672484,unit_mode_chain_amplitude,stellarator-linear-scan:stella-geometry
0.1,233,0.41015625,0.3806895653205962,-0.3622460912559097,0.0014278712450036225,-0.019384247627672484,unit_mode_chain_amplitude,stellarator-linear-scan:stella-geometry
0.1,234,0.4140625,0.3540140641865116,-0.07869730675344883,0.0014278712450036225,-0.019384247627672484,unit_mode_chain_amplitude,stellarator-linear-scan:stella-geometry
0.1,235,0.41796875,0.38593115176561155,0.034109367688546784,0.0014278712450036225,-0.019384247627672484,unit_mode_chain_amplitude,stellarator-linear-scan:stella-geometry
0.1,236,0.421875,0.1662604138966426,0.017791788867950062,0.0014278712450036225,-0.019384247627672484,unit_mode_chain_amplitude,stellarator-linear-scan:stella-geometry
0.1,237,0.42578125,-0.32844395919083197,0.028208070341502498,0.0014278712450036225,-0.019384247627672484,unit_mode_chain_amplitude,stellarator-linear-scan:stella-geometry
0.1,238,0.4296875,-0.7208806686109358,0.2009918354077212,0.0014278712450036225,-0.019384247627672484,unit_mode_chain_amplitude,stellarator-linear-scan:stella-geometry
0.1,239,0.43359375,-0.8935292362869406,0.39047716140213107,0.0014278712450036225,-0.019384247627672484,unit_mode_chain_amplitude,stellarator-linear-scan:stella-geometry
0.1,240,0.4375,-0.9143708140906457,0.4588704442652254,0.0014278712450036225,-0.019384247627672484,unit_mode_chain_amplitude,stellarator-linear-scan:stella-geometry
0.1,241,0.44140625,-1.0517675283769843,0.4935713142224367,0.0014278712450036225,-0.019384247627672484,unit_mode_chain_amplitude,stellarator-linear-scan:stella-geometry
0.1,242,0.4453125,-1.1112447259868727,0.5483994971154967,0.0014278712450036225,-0.019384247627672484,unit_mode_chain_amplitude,stellarator-linear-scan:stella-geometry
0.1,243,0.44921875,-1.0760500524470802,0.4604326092263435,0.0014278712450036225,-0.019384247627672484,unit_mode_chain_amplitude,stellarator-linear-scan:stella-geometry
0.1,244,0.453125,-0.9133773547035241,0.37467270146785514,0.0014278712450036225,-0.019384247627672484,unit_mode_chain_amplitude,stellarator-linear-scan:stella-geometry
0.1,245,0.45703125,-0.6338229255484004,0.21360887633221765,0.0014278712450036225,-0.019384247627672484,unit_mode_chain_amplitude,stellarator-linear-scan:stella-geometry
0.1,246,0.4609375,-0.29338293616750855,0.11041209045215432,0.0014278712450036225,-0.019384247627672484,unit_mode_chain_amplitude,stellarator-linear-scan:stella-geometry
0.1,247,0.46484375,0.029174944083579825,0.040598714950994735,0.0014278712450036225,-0.019384247627672484,unit_mode_chain_amplitude,stellarator-linear-scan:stella-geometry
0.1,248,0.46875,0.2737251677261828,0.010067299503214052,0.0014278712450036225,-0.019384247627672484,unit_mode_chain_amplitude,stellarator-linear-scan:stella-geometry
0.1,249,0.47265625,0.4709774592232965,-0.11822806533621388,0.0014278712450036225,-0.019384247627672484,unit_mode_chain_amplitude,stellarator-linear-scan:stella-geometry
0.1,250,0.4765625,0.6290452438223297,-0.31424760248958894,0.0014278712450036225,-0.019384247627672484,unit_mode_chain_amplitude,stellarator-linear-scan:stella-geometry
0.1,251,0.48046875,0.7135859550930285,-0.4641977933565912,0.0014278712450036225,-0.019384247627672484,unit_mode_chain_amplitude,stellarator-linear-scan:stella-geometry
0.1,252,0.484375,0.9013741469890106,-0.41296108149180427,0.0014278712450036225,-0.019384247627672484,unit_mode_chain_amplitude,stellarator-linear-scan:stella-geometry
0.1,253,0.48828125,1.0667117307814444,-0.29770301939394667,0.0014278712450036225,-0.019384247627672484,unit_mode_chain_amplitude,stellarator-linear-scan:stella-geometry
0.1,254,0.4921875,1.0618477485262827,-0.21339572956907668,0.0014278712450036225,-0.019384247627672484,unit_mode_chain_amplitude,stellarator-linear-scan:stella-geometry
0.1,255,0.49609375,0.9496828654995776,-0.2716985294390807,0.0014278712450036225,-0.019384247627672484,unit_mode_chain_amplitude,stellarator-linear-scan:stella-geometry
0.2,0,-0.5,0.46746854300851676,0.7262258563308479,-0.0008187790663053875,-0.03645304967844202,unit_mode_chain_amplitude,stellarator-linear-scan:stella-geometry
0.2,1,-0.49609375,0.4953768537519832,0.5611926845313963,-0.0008187790663053875,-0.03645304967844202,unit_mode_chain_amplitude,stellarator-linear-scan:stella-geometry
0.2,2,-0.4921875,0.41865906025151006,0.2706658171459241,-0.0008187790663053875,-0.03645304967844202,unit_mode_chain_amplitude,stellarator-linear-scan:stella-geometry
0.2,3,-0.48828125,0.2953029500445516,-0.07934212934749311,-0.0008187790663053875,-0.03645304967844202,unit_mode_chain_amplitude,stellarator-linear-scan:stella-geometry
0.2,4,-0.484375,0.15967048655995802,-0.3031000290554251,-0.0008187790663053875,-0.03645304967844202,unit_mode_chain_amplitude,stellarator-linear-scan:stella-geometry
0.2,5,-0.48046875,0.07622716575480448,-0.4950148061444089,-0.0008187790663053875,-0.03645304967844202,unit_mode_chain_amplitude,stellarator-linear-scan:stella-geometry
0.2,6,-0.4765625,0.03069451663870996,-0.65892090276903,-0.0008187790663053875,-0.03645304967844202,unit_mode_chain_amplitude,stellarator-linear-scan:stella-geometry
0.2,7,-0.47265625,-0.002763200317334728,-0.8831118643756931,-0.0008187790663053875,-0.03645304967844202,unit_mode_chain_amplitude,stellarator-linear-scan:stella-geometry
0.2,8,-0.46875,-0.30646381019764607,-1.1409541856232863,-0.0008187790663053875,-0.03645304967844202,unit_mode_chain_amplitude,stellarator-linear-scan:stella-geometry
0.2,9,-0.46484375,-0.47888587702963964,-1.5198871154232012,-0.0008187790663053875,-0.03645304967844202,unit_mode_chain_amplitude,stellarator-linear-scan:stella-geometry
0.2,10,-0.4609375,-0.4805657528121402,-1.3276734937153478,-0.0008187790663053875,-0.03645304967844202,unit_mode_chain_amplitude,stellarator-linear-scan:stella-geometry
0.2,11,-0.45703125,-0.340476492322396,-0.8242310531578629,-0.0008187790663053875,-0.03645304967844202,unit_mode_chain_amplitude,stellarator-linear-scan:stella-geometry
0.2,12,-0.453125,-0.01223946944309032,-0.29698212772303556,-0.0008187790663053875,-0.03645304967844202,unit_mode_chain_amplitude,stellarator-linear-scan:stella-geometry
0.2,13,-0.44921875,0.28722442579991864,-0.09975637491844933,-0.0008187790663053875,-0.03645304967844202,unit_mode_chain_amplitude,stellarator-linear-scan:stella-geometry
0.2,14,-0.4453125,0.17005189540155777,0.00968631765024511,-0.0008187790663053875,-0.03645304967844202,unit_mode_chain_amplitude,stellarator-linear-scan:stella-geometry
0.2,15,-0.44140625,0.08778780543919448,0.13285329272969765,-0.0008187790663053875,-0.03645304967844202,unit_mode_chain_amplitude,stellarator-linear-scan:stella-geometry
0.2,16,-0.4375,0.16635646741436566,0.5397723890464632,-0.0008187790663053875,-0.03645304967844202,unit_mode_chain_amplitude,stellarator-linear-scan:stella-geometry
0.2,17,-0.43359375,0.12610819003167464,1.1155248796215682,-0.0008187790663053875,-0.03645304967844202,unit_mode_chain_amplitude,stellarator-linear-scan:stella-geometry
0.2,18,-0.4296875,-0.05538694541210506,1.0259071175236543,-0.0008187790663053875,-0.03645304967844202,unit_mode_chain_amplitude,stellarator-linear-scan:stella-geometry
0.2,19,-0.42578125,-0.06772990542841735,0.41116133648261666,-0.0008187790663053875,-0.03645304967844202,unit_mode_chain_amplitude,stellarator-linear-scan:stella-geometry
0.2,20,-0.421875,0.027375941567054533,0.057499338020658916,-0.0008187790663053875,-0.03645304967844202,unit_mode_chain_amplitude,stellarator-linear-scan:stella-geometry
0.2,21,-0.41796875,-0.08446762935014407,0.05230969319744761,-0.0008187790663053875,-0.03645304967844202,unit_mode_chain_amplitude,stellarator-linear-scan:stella-geometry
0.2,22,-0.4140625,-0.21716481497531112,0.07272275358388544,-0.0008187790663053875,-0.03645304967844202,unit_mode_chain_amplitude,stellarator-linear-scan:stella-geometry
0.2,23,-0.41015625,0.02832606935087677,-0.055533023963754174,-0.0008187790663053875,-0.03645304967844202,unit_mode_chain_amplitude,stellarator-linear-scan:stella-geometry
0.2,24,-0.40625,0.10419291881494246,-0.25299171321303837,-0.0008187790663053875,-0.03645304967844202,unit_mode_chain_amplitude,stellarator-linear-scan:stella-geometry
0.2,25,-0.40234375,0.0984770105746256,-0.36533765839428617,-0.0008187790663053875,-0.03645304967844202,unit_mode_chain_amplitude,stellarator-linear-scan:stella-geometry
0.2,26,-0.3984375,0.24549408913730764,-0.24491079162436152,-0.0008187790663053875,-0.03645304967844202,unit_mode_chain_amplitude,stellarator-linear-scan:stella-geometry
0.2,27,-0.39453125,0.34106984032491416,-0.05815445259743025,-0.0008187790663053875,-0.03645304967844202,unit_mode_chain_amplitude,stellarator-linear-scan:stella-geometry
0.2,28,-0.390625,0.1856195490490912,0.13630355923955356,-0.0008187790663053875,-0.03645304967844202,unit_mode_chain_amplitude,stellarator-linear-scan:stella-geometry
0.2,29,-0.38671875,-0.046384502474300704,0.28615049425367106,-0.0008187790663053875,-0.03645304967844202,unit_mode_chain_amplitude,stellarator-linear-scan:stella-geometry
0.2,30,-0.3828125,-0.27628267224947123,0.534730638268113,-0.0008187790663053875,-0.03645304967844202,unit_mode_chain_amplitude,stellarator-linear-scan:stella-geometry
0.2,31,-0.37890625,-0.42563277594215226,0.6031886404139213,-0.0008187790663053875,-0.03645304967844202,unit_mode_chain_amplitude,stellarator-linear-scan:stella-geometry
0.2,32,-0.375,-0.41083288231128495,0.3405916003037147,-0.0008187790663053875,-0.03645304967844202,unit_mode_chain_amplitude,stellarator-linear-scan:stella-geometry
0.2,33,-0.37109375,-0.3466961417865817,-0.0478206964195195,-0.0008187790663053875,-0.03645304967844202,unit_mode_chain_amplitude,stellarator-linear-scan:stella-geometry
0.2,34,-0.3671875,-0.39521250928660745,-0.33782751773224434,-0.0008187790663053875,-0.03645304967844202,unit_mode_chain_amplitude,stellarator-linear-scan:stella-geometry
0.2,35,-0.36328125,-0.3464440635607977,-0.4139961643534618,-0.0008187790663053875,-0.03645304967844202,unit_mode_chain_amplitude,stellarator-linear-scan:stella-geometry
0.2,36,-0.359375,-0.2831572386207401,-0.24833690729409383,-0.0008187790663053875,-0.03645304967844202,unit_mode_chain_amplitude,stellarator-linear-scan:stella-geometry
0.2,37,-0.35546875,-0.09348614281256429,-0.06090557693564205,-0.0008187790663053875,-0.03645304967844202,unit_mode_chain_amplitude,stellarator-linear-scan:stella-geometry
0.2,38,-0.3515625,0.17656642201250705,0.18685747006645806,-0.0008187790663053875,-0.03645304967844202,unit_mode_chain_amplitude,stellarator-linear-scan:stella-geometry
0.2,39,-0.34765625,0.4816906758369885,0.34940852979268555,-0.0008187790663053875,-0.03645304967844202,unit_mode_chain_amplitude,stellarator-linear-scan:stella-geometry
0.2,40,-0.34375,0.4509350084662715,0.7262303029820263,-0.0008187790663053875,-0.03645304967844202,unit_mode_chain_amplitude,stellarator-linear-scan:stella-geometry
0.2,41,-0.33984375,0.32643828737272446,1.074510656456915,-0.0008187790663053875,-0.03645304967844202,unit_mode_chain_amplitude,stellarator-linear-scan:stella-geometry
0.2,42,-0.3359375,0.1455175573452215,1.2928211567003547,-0.0008187790663053875,-0.03645304967844202,unit_mode_chain_amplitude,stellarator-linear-scan:stella-geometry
0.2,43,-0.33203125,0.05251052029154413,1.2874820912482414,-0.0008187790663053875,-0.03645304967844202,unit_mode_chain_amplitude,stellarator-linear-scan:stella-geometry
0.2,44,-0.328125,0.19596319448704644,1.128550253313026,-0.0008187790663053875,-0.03645304967844202,unit_mode_chain_amplitude,stellarator-linear-scan:stella-geometry
0.2,45,-0.32421875,0.5646335586945228,1.160946423453585,-0.0008187790663053875,-0.03645304967844202,unit_mode_chain_amplitude,stellarator-linear-scan:stella-geometry
0.2,46,-0.3203125,0.6603916778506281,0.8825992254148558,-0.0008187790663053875,-0.03645304967844202,unit_mode_chain_amplitude,stellarator-linear-scan:stella-geometry
0.2,47,-0.31640625,0.6941667153273612,0.31443309670074343,-0.0008187790663053875,-0.03645304967844202,unit_mode_chain_amplitude,stellarator-linear-scan:stella-geometry
0.2,48,-0.3125,0.6449241452408356,-0.2500129674357209,-0.0008187790663053875,-0.03645304967844202,unit_mode_chain_amplitude,stellarator-linear-scan:stella-geometry
0.2,49,-0.30859375,0.3584541459278232,-0.646571593671082,-0.0008187790663053875,-0.03645304967844202,unit_mode_chain_amplitude,stellarator-linear-scan:stella-geometry
0.2,50,-0.3046875,0.1896600355270274,-0.8064894830552972,-0.0008187790663053875,-0.03645304967844202,unit_mode_chain_amplitude,stellarator-linear-scan:stella-geometry
0.2,51,-0.30078125,0.07481452605925563,-0.6616371379723316,-0.0008187790663053875,-0.03645304967844202,unit_mode_chain_amplitude,stellarator-linear-scan:stella-geometry
0.2,52,-0.296875,0.055030030428390456,-0.8232625066191708,-0.0008187790663053875,-0.03645304967844202,unit_mode_chain_amplitude,stellarator-linear-scan:stella-geometry
0.2,53,-0.29296875,0.30807304339343206,-1.6626456963403815,-0.0008187790663053875,-0.03645304967844202,unit_mode_chain_amplitude,stellarator-linear-scan:stella-geometry
0.2,54,-0.2890625,0.29988458027943565,-2.320197839420731,-0.0008187790663053875,-0.03645304967844202,unit_mode_chain_amplitude,stellarator-linear-scan:stella-geometry
0.2,55,-0.28515625,-0.03221137915096235,-2.1962911215319023,-0.0008187790663053875,-0.03645304967844202,unit_mode_chain_amplitude,stellarator-linear-scan:stella-geometry
0.2,56,-0.28125,-0.3961053879125052,-1.1519906139596718,-0.0008187790663053875,-0.03645304967844202,unit_mode_chain_amplitude,stellarator-linear-scan:stella-geometry
0.2,57,-0.27734375,-0.28353284767028347,-0.3427945883190242,-0.0008187790663053875,-0.03645304967844202,unit_mode_chain_amplitude,stellarator-linear-scan:stella-geometry
0.2,58,-0.2734375,-0.16807201792445844,-0.0574318896223994,-0.0008187790663053875,-0.03645304967844202,unit_mode_chain_amplitude,stellarator-linear-scan:stella-geometry
0.2,59,-0.26953125,-0.3819676860742527,0.06837113210559193,-0.0008187790663053875,-0.03645304967844202,unit_mode_chain_amplitude,stellarator-linear-scan:stella-geometry
0.2,60,-0.265625,-0.5703203102629378,0.48868637722204594,-0.0008187790663053875,-0.03645304967844202,unit_mode_chain_amplitude,stellarator-linear-scan:stella-geometry
0.2,61,-0.26171875,-0.6067600566271651,0.9464248064840672,-0.0008187790663053875,-0.03645304967844202,unit_mode_chain_amplitude,stellarator-linear-scan:stella-geometry
0.2,62,-0.2578125,-0.8962008974509224,1.1014295112595613,-0.0008187790663053875,-0.03645304967844202,unit_mode_chain_amplitude,stellarator-linear-scan:stella-geometry
0.2,63,-0.25390625,-1.0203816874625575,0.9390052244892504,-0.0008187790663053875,-0.03645304967844202,unit_mode_chain_amplitude,stellarator-linear-scan:stella-geometry
0.2,64,-0.25,-0.8974859181013245,0.8267739537963463,-0.0008187790663053875,-0.03645304967844202,unit_mode_chain_amplitude,stellarator-linear-scan:stella-geometry
0.2,65,-0.24609375,-0.700100790887801,0.8851563596261884,-0.0008187790663053875,-0.03645304967844202,unit_mode_chain_amplitude,stellarator-linear-scan:stella-geometry
0.2,66,-0.2421875,-0.5103665138675902,0.9708941712947216,-0.0008187790663053875,-0.03645304967844202,unit_mode_chain_amplitude,stellarator-linear-scan:stella-geometry
0.2,67,-0.23828125,-0.08135046697647554,0.8876545864421976,-0.0008187790663053875,-0.03645304967844202,unit_mode_chain_amplitude,stellarator-linear-scan:stella-geometry
0.2,68,-0.234375,0.30626834309193435,0.7904038489019801,-0.0008187790663053875,-0.03645304967844202,unit_mode_chain_amplitude,stellarator-linear-scan:stella-geometry
0.2,69,-0.23046875,0.41869383383485187,0.5510483983794086,-0.0008187790663053875,-0.03645304967844202,unit_mode_chain_amplitude,stellarator-linear-scan:stella-geometry
0.2,70,-0.2265625,0.4456186655666264,0.2154011902182178,-0.0008187790663053875,-0.03645304967844202,unit_mode_chain_amplitude,stellarator-linear-scan:stella-geometry
0.2,71,-0.22265625,0.5992860891043618,0.08500174914955573,-0.0008187790663053875,-0.03645304967844202,unit_mode_chain_amplitude,stellarator-linear-scan:stella-geometry
0.2,72,-0.21875,0.6658770981897787,0.2045644115325513,-0.0008187790663053875,-0.03645304967844202,unit_mode_chain_amplitude,stellarator-linear-scan:stella-geometry
0.2,73,-0.21484375,0.6581854919201366,0.11552705009210298,-0.0008187790663053875,-0.03645304967844202,unit_mode_chain_amplitude,stellarator-linear-scan:stella-geometry
0.2,74,-0.2109375,0.4653119922178514,-0.07150060841037187,-0.0008187790663053875,-0.03645304967844202,unit_mode_chain_amplitude,stellarator-linear-scan:stella-geometry
0.2,75,-0.20703125,0.33759158806061595,-0.20800639256102108,-0.0008187790663053875,-0.03645304967844202,unit_mode_chain_amplitude,stellarator-linear-scan:stella-geometry
0.2,76,-0.203125,0.18587246331143906,-0.4053802213127166,-0.0008187790663053875,-0.03645304967844202,unit_mode_chain_amplitude,stellarator-linear-scan:stella-geometry
0.2,77,-0.19921875,-0.001474571811575868,-0.9504151378708698,-0.0008187790663053875,-0.03645304967844202,unit_mode_chain_amplitude,stellarator-linear-scan:stella-geometry
0.2,78,-0.1953125,-0.15952439864755635,-1.1165992958819766,-0.0008187790663053875,-0.03645304967844202,unit_mode_chain_amplitude,stellarator-linear-scan:stella-geometry
0.2,79,-0.19140625,-0.06869178125747635,-0.980113153958972,-0.0008187790663053875,-0.03645304967844202,unit_mode_chain_amplitude,stellarator-linear-scan:stella-geometry
0.2,80,-0.1875,0.15218760368937634,-0.9264834422062542,-0.0008187790663053875,-0.03645304967844202,unit_mode_chain_amplitude,stellarator-linear-scan:stella-geometry
0.2,81,-0.18359375,0.1614849323291988,-0.9900407321660715,-0.0008187790663053875,-0.03645304967844202,unit_mode_chain_amplitude,stellarator-linear-scan:stella-geometry
0.2,82,-0.1796875,0.03255358021534939,-0.8651472605880207,-0.0008187790663053875,-0.03645304967844202,unit_mode_chain_amplitude,stellarator-linear-scan:stella-geometry
0.2,83,-0.17578125,0.03311910560309501,-0.6098713588026435,-0.0008187790663053875,-0.03645304967844202,unit_mode_chain_amplitude,stellarator-linear-scan:stella-geometry
0.2,84,-0.171875,-0.17932697622968444,-0.2763666482505645,-0.0008187790663053875,-0.03645304967844202,unit_mode_chain_amplitude,stellarator-linear-scan:stella-geometry
0.2,85,-0.16796875,-0.36734607113423035,0.15458633593349627,-0.0008187790663053875,-0.03645304967844202,unit_mode_chain_amplitude,stellarator-linear-scan:stella-geometry
0.2,86,-0.1640625,-0.39076646669244075,0.46471624315249904,-0.0008187790663053875,-0.03645304967844202,unit_mode_chain_amplitude,stellarator-linear-scan:stella-geometry
0.2,87,-0.16015625,-0.375846601107234,0.7008242134696447,-0.0008187790663053875,-0.03645304967844202,unit_mode_chain_amplitude,stellarator-linear-scan:stella-geometry
0.2,88,-0.15625,-0.2784413881889994,1.1971669518561983,-0.0008187790663053875,-0.03645304967844202,unit_mode_chain_amplitude,stellarator-linear-scan:stella-geometry
0.2,89,-0.15234375,-0.20108380252638278,1.7850943079954007,-0.0008187790663053875,-0.03645304967844202,unit_mode_chain_amplitude,stellarator-linear-scan:stella-geometry
0.2,90,-0.1484375,-0.29121649985634696,2.1798273498395373,-0.0008187790663053875,-0.03645304967844202,unit_mode_chain_amplitude,stellarator-linear-scan:stella-geometry
0.2,91,-0.14453125,-0.15251939594533775,2.1507759704178597,-0.0008187790663053875,-0.03645304967844202,unit_mode_chain_amplitude,stellarator-linear-scan:stella-geometry
0.2,92,-0.140625,0.19302287395299186,1.789656047103068,-0.0008187790663053875,-0.03645304967844202,unit_mode_chain_amplitude,stellarator-linear-scan:stella-geometry
0.2,93,-0.13671875,0.4952289451630827,0.8904304515912055,-0.0008187790663053875,-0.03645304967844202,unit_mode_chain_amplitude,stellarator-linear-scan:stella-geometry
0.2,94,-0.1328125,0.45266201232581416,0.11654512013101184,-0.0008187790663053875,-0.03645304967844202,unit_mode_chain_amplitude,stellarator-linear-scan:stella-geometry
0.2,95,-0.12890625,0.43452635771417975,-0.22552472951664806,-0.0008187790663053875,-0.03645304967844202,unit_mode_chain_amplitude,stellarator-linear-scan:stella-geometry
0.2,96,-0.125,0.37362796877076754,-0.5875977582014824,-0.0008187790663053875,-0.03645304967844202,unit_mode_chain_amplitude,stellarator-linear-scan:stella-geometry
0.2,97,-0.12109375,0.4096506581280611,-1.3404886238674831,-0.0008187790663053875,-0.03645304967844202,unit_mode_chain_amplitude,stellarator-linear-scan:stella-geometry
0.2,98,-0.1171875,0.6009313522911869,-1.6565824138780778,-0.0008187790663053875,-0.03645304967844202,unit_mode_chain_amplitude,stellarator-linear-scan:stella-geometry
0.2,99,-0.11328125,0.8489857912508004,-1.5639239976967998,-0.0008187790663053875,-0.03645304967844202,unit_mode_chain_amplitude,stellarator-linear-scan:stella-geometry
0.2,100,-0.109375,0.72133567697604,-1.4643750609093011,-0.0008187790663053875,-0.03645304967844202,unit_mode_chain_amplitude,stellarator-linear-scan:stella-geometry
0.2,101,-0.10546875,0.3623201666681076,-1.3496197652118351,-0.0008187790663053875,-0.03645304967844202,unit_mode_chain_amplitude,stellarator-linear-scan:stella-geometry
0.2,102,-0.1015625,0.0997046334677835,-1.023068746753604,-0.0008187790663053875,-0.03645304967844202,unit_mode_chain_amplitude,stellarator-linear-scan:stella-geometry
0.2,103,-0.09765625,-0.09869431520760244,-0.717645602998892,-0.0008187790663053875,-0.03645304967844202,unit_mode_chain_amplitude,stellarator-linear-scan:stella-geometry
0.2,104,-0.09375,-0.5424115081349802,-0.486199658486092,-0.0008187790663053875,-0.03645304967844202,unit_mode_chain_amplitude,stellarator-linear-scan:stella-geometry
0.2,105,-0.08984375,-0.9948068996513568,-0.1623785113393666,-0.0008187790663053875,-0.03645304967844202,unit_mode_chain_amplitude,stellarator-linear-scan:stella-geometry
0.2,106,-0.0859375,-1.2203428728595007,0.1857784858202352,-0.0008187790663053875,-0.03645304967844202,unit_mode_chain_amplitude,stellarator-linear-scan:stella-geometry
0.2,107,-0.08203125,-1.186199907936095,0.3407646264819244,-0.0008187790663053875,-0.03645304967844202,unit_mode_chain_amplitude,stellarator-linear-scan:stella-geometry
0.2,108,-0.078125,-1.191960242710322,0.418210676358462,-0.0008187790663053875,-0.03645304967844202,unit_mode_chain_amplitude,stellarator-linear-scan:stella-geometry
0.2,109,-0.07421875,-1.0602210408655577,0.30620144324452064,-0.0008187790663053875,-0.03645304967844202,unit_mode_chain_amplitude,stellarator-linear-scan:stella-geometry
0.2,110,-0.0703125,-0.7879347896553182,0.3239827366491166,-0.0008187790663053875,-0.03645304967844202,unit_mode_chain_amplitude,stellarator-linear-scan:stella-geometry
0.2,111,-0.06640625,-0.5297626363026937,0.551119624113622,-0.0008187790663053875,-0.03645304967844202,unit_mode_chain_amplitude,stellarator-linear-scan:stella-geometry
0.2,112,-0.0625,-0.3479212986930056,0.7518602712525071,-0.0008187790663053875,-0.03645304967844202,unit_mode_chain_amplitude,stellarator-linear-scan:stella-geometry
0.2,113,-0.05859375,-0.026293340932214283,0.9362834763925924,-0.0008187790663053875,-0.03645304967844202,unit_mode_chain_amplitude,stellarator-linear-scan:stella-geometry
0.2,114,-0.0546875,0.33516139047326493,1.0956640651738345,-0.0008187790663053875,-0.03645304967844202,unit_mode_chain_amplitude,stellarator-linear-scan:stella-geometry
0.2,115,-0.05078125,0.28849954944390205,0.7622809317981041,-0.0008187790663053875,-0.03645304967844202,unit_mode_chain_amplitude,stellarator-linear-scan:stella-geometry
0.2,116,-0.046875,-0.07664618857179811,0.5986843484117044,-0.0008187790663053875,-0.03645304967844202,unit_mode_chain_amplitude,stellarator-linear-scan:stella-geometry
0.2,117,-0.04296875,-0.13634645600733838,0.6176120801987955,-0.0008187790663053875,-0.03645304967844202,unit_mode_chain_amplitude,stellarator-linear-scan:stella-geometry
0.2,118,-0.0390625,-0.03657470898145645,0.5369604056876609,-0.0008187790663053875,-0.03645304967844202,unit_mode_chain_amplitude,stellarator-linear-scan:stella-geometry
0.2,119,-0.03515625,0.1303138378179942,0.07081587039109326,-0.0008187790663053875,-0.03645304967844202,unit_mode_chain_amplitude,stellarator-linear-scan:stella-geometry
0.2,120,-0.03125,0.2203400450665985,-0.21093226009679572,-0.0008187790663053875,-0.03645304967844202,unit_mode_chain_amplitude,stellarator-linear-scan:stella-geometry
0.2,121,-0.02734375,0.24115312367436326,-0.5012913431293999,-0.0008187790663053875,-0.03645304967844202,unit_mode_chain_amplitude,stellarator-linear-scan:stella-geometry
0.2,122,-0.0234375,0.16262930308851087,-0.6940257689626121,-0.0008187790663053875,-0.03645304967844202,unit_mode_chain_amplitude,stellarator-linear-scan:stella-geometry
0.2,123,-0.01953125,0.19363403356859976,-0.7526249451094408,-0.0008187790663053875,-0.03645304967844202,unit_mode_chain_amplitude,stellarator-linear-scan:stella-geometry
0.2,124,-0.015625,0.12937338604779006,-1.0086039857016782,-0.0008187790663053875,-0.03645304967844202,unit_mode_chain_amplitude,stellarator-linear-scan:stella-geometry
0.2,125,-0.01171875,-0.07530910072709732,-1.4467590397081025,-0.0008187790663053875,-0.03645304967844202,unit_mode_chain_amplitude,stellarator-linear-scan:stella-geometry
0.2,126,-0.0078125,-0.14441660859114797,-1.6133109843348867,-0.0008187790663053875,-0.03645304967844202,unit_mode_chain_amplitude,stellarator-linear-scan:stella-geometry
0.2,127,-0.00390625,-0.07654478485173268,-1.5433561384545362,-0.0008187790663053875,-0.03645304967844202,unit_mode_chain_amplitude,stellarator-linear-scan:stella-geometry
0.2,128,0.0,-0.3195503538705063,-1.3817748115244128,-0.0008187790663053875,-0.03645304967844202,unit_mode_chain_amplitude,stellarator-linear-scan:stella-geometry
0.2,129,0.00390625,-0.6625925116664908,-0.9405683053276175,-0.0008187790663053875,-0.03645304967844202,unit_mode_chain_amplitude,stellarator-linear-scan:stella-geometry
0.2,130,0.0078125,-0.7822457786907476,-0.08622646189401242,-0.0008187790663053875,-0.03645304967844202,unit_mode_chain_amplitude,stellarator-linear-scan:stella-geometry
0.2,131,0.01171875,-0.5616979203819051,0.4386053353216883,-0.0008187790663053875,-0.03645304967844202,unit_mode_chain_amplitude,stellarator-linear-scan:stella-geometry
0.2,132,0.015625,-0.32251569718532386,0.805164292379617,-0.0008187790663053875,-0.03645304967844202,unit_mode_chain_amplitude,stellarator-linear-scan:stella-geometry
0.2,133,0.01953125,-0.09235814528285376,1.2071818774036713,-0.0008187790663053875,-0.03645304967844202,unit_mode_chain_amplitude,stellarator-linear-scan:stella-geometry
0.2,134,0.0234375,-0.10939082628251859,1.7173823128570904,-0.0008187790663053875,-0.03645304967844202,unit_mode_chain_amplitude,stellarator-linear-scan:stella-geometry
0.2,135,0.02734375,-0.31792787439912695,1.9250425322141351,-0.0008187790663053875,-0.03645304967844202,unit_mode_chain_amplitude,stellarator-linear-scan:stella-geometry
0.2,136,0.03125,-0.2704899207068109,1.9293984868011282,-0.0008187790663053875,-0.03645304967844202,unit_mode_chain_amplitude,stellarator-linear-scan:stella-geometry
0.2,137,0.03515625,0.03530023694811577,1.5918371562302973,-0.0008187790663053875,-0.03645304967844202,unit_mode_chain_amplitude,stellarator-linear-scan:stella-geometry
0.2,138,0.0390625,0.263538757543957,0.9830473161052538,-0.0008187790663053875,-0.03645304967844202,unit_mode_chain_amplitude,stellarator-linear-scan:stella-geometry
0.2,139,0.04296875,0.33076355945486535,0.5316625767886217,-0.0008187790663053875,-0.03645304967844202,unit_mode_chain_amplitude,stellarator-linear-scan:stella-geometry
0.2,140,0.046875,0.4804176343748329,0.3791108641728602,-0.0008187790663053875,-0.03645304967844202,unit_mode_chain_amplitude,stellarator-linear-scan:stella-geometry
0.2,141,0.05078125,0.9034020827341303,-0.09514944879127028,-0.0008187790663053875,-0.03645304967844202,unit_mode_chain_amplitude,stellarator-linear-scan:stella-geometry
0.2,142,0.0546875,1.2548860288879473,-0.6637103686855826,-0.0008187790663053875,-0.03645304967844202,unit_mode_chain_amplitude,stellarator-linear-scan:stella-geometry
0.2,143,0.05859375,1.4402250958270157,-0.7959170199588519,-0.0008187790663053875,-0.03645304967844202,unit_mode_chain_amplitude,stellarator-linear-scan:stella-geometry
0.2,144,0.0625,1.4136841665714714,-0.784317633451183,-0.0008187790663053875,-0.03645304967844202,unit_mode_chain_amplitude,stellarator-linear-scan:stella-geometry
0.2,145,0.06640625,1.2514419037213225,-0.741290696130164,-0.0008187790663053875,-0.03645304967844202,unit_mode_chain_amplitude,stellarator-linear-scan:stella-geometry
0.2,146,0.0703125,1.0218531422425061,-0.6983796300169406,-0.0008187790663053875,-0.03645304967844202,unit_mode_chain_amplitude,stellarator-linear-scan:stella-geometry
0.2,147,0.07421875,0.7965078758682916,-0.8373068078876076,-0.0008187790663053875,-0.03645304967844202,unit_mode_chain_amplitude,stellarator-linear-scan:stella-geometry
0.2,148,0.078125,0.4080449907452419,-0.8781077051248457,-0.0008187790663053875,-0.03645304967844202,unit_mode_chain_amplitude,stellarator-linear-scan:stella-geometry
0.2,149,0.08203125,-0.08002068252479401,-0.9899972049648704,-0.0008187790663053875,-0.03645304967844202,unit_mode_chain_amplitude,stellarator-linear-scan:stella-geometry
0.2,150,0.0859375,-0.6733605148963108,-1.0306651980704087,-0.0008187790663053875,-0.03645304967844202,unit_mode_chain_amplitude,stellarator-linear-scan:stella-geometry
0.2,151,0.08984375,-0.7840002477096872,-0.5950563753266259,-0.0008187790663053875,-0.03645304967844202,unit_mode_chain_amplitude,stellarator-linear-scan:stella-geometry
0.2,152,0.09375,-0.4219350707928167,-0.18994906936550593,-0.0008187790663053875,-0.03645304967844202,unit_mode_chain_amplitude,stellarator-linear-scan:stella-geometry
0.2,153,0.09765625,-0.04261831943126123,-0.2222540983663025,-0.0008187790663053875,-0.03645304967844202,unit_mode_chain_amplitude,stellarator-linear-scan:stella-geometry
0.2,154,0.1015625,-0.02528431490908063,-0.1797882730390893,-0.0008187790663053875,-0.03645304967844202,unit_mode_chain_amplitude,stellarator-linear-scan:stella-geometry
0.2,155,0.10546875,-0.13379164499807353,0.09748149184431622,-0.0008187790663053875,-0.03645304967844202,unit_mode_chain_amplitude,stellarator-linear-scan:stella-geometry
0.2,156,0.109375,-0.19717656569706996,0.46435254617196564,-0.0008187790663053875,-0.03645304967844202,unit_mode_chain_amplitude,stellarator-linear-scan:stella-geometry
0.2,157,0.11328125,-0.02298913116134114,0.48106927848055425,-0.0008187790663053875,-0.03645304967844202,unit_mode_chain_amplitude,stellarator-linear-scan:stella-geometry
0.2,158,0.1171875,0.2968749270151925,0.5786067268036389,-0.0008187790663053875,-0.03645304967844202,unit_mode_chain_amplitude,stellarator-linear-scan:stella-geometry
0.2,159,0.12109375,0.3523171248913043,0.6815381884322966,-0.0008187790663053875,-0.03645304967844202,unit_mode_chain_amplitude,stellarator-linear-scan:stella-geometry
0.2,160,0.125,0.1548221160357095,0.7919099450359532,-0.0008187790663053875,-0.03645304967844202,unit_mode_chain_amplitude,stellarator-linear-scan:stella-geometry
0.2,161,0.12890625,0.04986964278321965,1.0597870901476025,-0.0008187790663053875,-0.03645304967844202,unit_mode_chain_amplitude,stellarator-linear-scan:stella-geometry
0.2,162,0.1328125,0.18213129768748623,1.2188893469211373,-0.0008187790663053875,-0.03645304967844202,unit_mode_chain_amplitude,stellarator-linear-scan:stella-geometry
0.2,163,0.13671875,0.33642362976036433,1.0483157306218527,-0.0008187790663053875,-0.03645304967844202,unit_mode_chain_amplitude,stellarator-linear-scan:stella-geometry
0.2,164,0.140625,0.29173774006600667,0.8158835298157927,-0.0008187790663053875,-0.03645304967844202,unit_mode_chain_amplitude,stellarator-linear-scan:stella-geometry
0.2,165,0.14453125,0.6271989450113897,0.5618099931093722,-0.0008187790663053875,-0.03645304967844202,unit_mode_chain_amplitude,stellarator-linear-scan:stella-geometry
0.2,166,0.1484375,0.9956769178125003,0.06877078620555217,-0.0008187790663053875,-0.03645304967844202,unit_mode_chain_amplitude,stellarator-linear-scan:stella-geometry
0.2,167,0.15234375,0.8110400108224165,-0.5530907789296666,-0.0008187790663053875,-0.03645304967844202,unit_mode_chain_amplitude,stellarator-linear-scan:stella-geometry
0.2,168,0.15625,0.3531382768517965,-0.867617942560878,-0.0008187790663053875,-0.03645304967844202,unit_mode_chain_amplitude,stellarator-linear-scan:stella-geometry
0.2,169,0.16015625,-0.07400852223522222,-1.1513649564348565,-0.0008187790663053875,-0.03645304967844202,unit_mode_chain_amplitude,stellarator-linear-scan:stella-geometry
0.2,170,0.1640625,-0.267559844711035,-1.4235258820664018,-0.0008187790663053875,-0.03645304967844202,unit_mode_chain_amplitude,stellarator-linear-scan:stella-geometry
0.2,171,0.16796875,-0.2273226449696104,-1.6812048357151586,-0.0008187790663053875,-0.03645304967844202,unit_mode_chain_amplitude,stellarator-linear-scan:stella-geometry
0.2,172,0.171875,-0.22472567711213579,-1.7875615347311633,-0.0008187790663053875,-0.03645304967844202,unit_mode_chain_amplitude,stellarator-linear-scan:stella-geometry
0.2,173,0.17578125,-0.2515746719186481,-1.698696411683277,-0.0008187790663053875,-0.03645304967844202,unit_mode_chain_amplitude,stellarator-linear-scan:stella-geometry
0.2,174,0.1796875,-0.4357755369190797,-1.1234688146969898,-0.0008187790663053875,-0.03645304967844202,unit_mode_chain_amplitude,stellarator-linear-scan:stella-geometry
0.2,175,0.18359375,-0.5560193478669767,-0.5155065993609104,-0.0008187790663053875,-0.03645304967844202,unit_mode_chain_amplitude,stellarator-linear-scan:stella-geometry
0.2,176,0.1875,-0.5383549319197319,-0.24683502892348538,-0.0008187790663053875,-0.03645304967844202,unit_mode_chain_amplitude,stellarator-linear-scan:stella-geometry
0.2,177,0.19140625,-0.518889044953371,0.14407015909115706,-0.0008187790663053875,-0.03645304967844202,unit_mode_chain_amplitude,stellarator-linear-scan:stella-geometry
0.2,178,0.1953125,-0.8574939844479398,1.0578959553181,-0.0008187790663053875,-0.03645304967844202,unit_mode_chain_amplitude,stellarator-linear-scan:stella-geometry
0.2,179,0.19921875,-1.0718393007263671,1.489787070488528,-0.0008187790663053875,-0.03645304967844202,unit_mode_chain_amplitude,stellarator-linear-scan:stella-geometry
0.2,180,0.203125,-1.1715388866614644,1.4322918862665415,-0.0008187790663053875,-0.03645304967844202,unit_mode_chain_amplitude,stellarator-linear-scan:stella-geometry
0.2,181,0.20703125,-1.1426935952290755,1.474164688556199,-0.0008187790663053875,-0.03645304967844202,unit_mode_chain_amplitude,stellarator-linear-scan:stella-geometry
0.2,182,0.2109375,-0.8777370248404428,1.4536299716060752,-0.0008187790663053875,-0.03645304967844202,unit_mode_chain_amplitude,stellarator-linear-scan:stella-geometry
0.2,183,0.21484375,-0.5382328541997082,1.2447994598500456,-0.0008187790663053875,-0.03645304967844202,unit_mode_chain_amplitude,stellarator-linear-scan:stella-geometry
0.2,184,0.21875,-0.21584267799921528,1.1563735500511185,-0.0008187790663053875,-0.03645304967844202,unit_mode_chain_amplitude,stellarator-linear-scan:stella-geometry
0.2,185,0.22265625,0.3300572763535847,1.1696994155912823,-0.0008187790663053875,-0.03645304967844202,unit_mode_chain_amplitude,stellarator-linear-scan:stella-geometry
0.2,186,0.2265625,0.9240381729749892,0.9199077811013189,-0.0008187790663053875,-0.03645304967844202,unit_mode_chain_amplitude,stellarator-linear-scan:stella-geometry
0.2,187,0.23046875,1.2143081803082576,0.17105865456542146,-0.0008187790663053875,-0.03645304967844202,unit_mode_chain_amplitude,stellarator-linear-scan:stella-geometry
0.2,188,0.234375,1.041079628943025,-0.26282140415360034,-0.0008187790663053875,-0.03645304967844202,unit_mode_chain_amplitude,stellarator-linear-scan:stella-geometry
0.2,189,0.23828125,0.8105659527867685,-0.33736772840301926,-0.0008187790663053875,-0.03645304967844202,unit_mode_chain_amplitude,stellarator-linear-scan:stella-geometry
0.2,190,0.2421875,0.473197818411233,-0.24050544182924868,-0.0008187790663053875,-0.03645304967844202,unit_mode_chain_amplitude,stellarator-linear-scan:stella-geometry
0.2,191,0.24609375,0.21854492103552806,-0.34114633942530875,-0.0008187790663053875,-0.03645304967844202,unit_mode_chain_amplitude,stellarator-linear-scan:stella-geometry
0.2,192,0.25,0.15712427930933434,-0.6385533202049498,-0.0008187790663053875,-0.03645304967844202,unit_mode_chain_amplitude,stellarator-linear-scan:stella-geometry
0.2,193,0.25390625,0.1057482606634246,-0.8099527163265645,-0.0008187790663053875,-0.03645304967844202,unit_mode_chain_amplitude,stellarator-linear-scan:stella-geometry
0.2,194,0.2578125,-0.3192439154506487,-0.728061843497291,-0.0008187790663053875,-0.03645304967844202,unit_mode_chain_amplitude,stellarator-linear-scan:stella-geometry
0.2,195,0.26171875,-0.7050231354712228,-0.6671261058568342,-0.0008187790663053875,-0.03645304967844202,unit_mode_chain_amplitude,stellarator-linear-scan:stella-geometry
0.2,196,0.265625,-0.5715971583280339,-0.6462597391109742,-0.0008187790663053875,-0.03645304967844202,unit_mode_chain_amplitude,stellarator-linear-scan:stella-geometry
0.2,197,0.26953125,-0.15717270708191886,-0.738635096099289,-0.0008187790663053875,-0.03645304967844202,unit_mode_chain_amplitude,stellarator-linear-scan:stella-geometry
0.2,198,0.2734375,-0.0682675067255873,-0.7190031392145149,-0.0008187790663053875,-0.03645304967844202,unit_mode_chain_amplitude,stellarator-linear-scan:stella-geometry
0.2,199,0.27734375,-0.22258707951103834,-0.6730409609359501,-0.0008187790663053875,-0.03645304967844202,unit_mode_chain_amplitude,stellarator-linear-scan:stella-geometry
0.2,200,0.28125,-0.2394964967329195,-0.30657520912207914,-0.0008187790663053875,-0.03645304967844202,unit_mode_chain_amplitude,stellarator-linear-scan:stella-geometry
0.2,201,0.28515625,-0.25354018971361675,0.05618708630432883,-0.0008187790663053875,-0.03645304967844202,unit_mode_chain_amplitude,stellarator-linear-scan:stella-geometry
0.2,202,0.2890625,-0.3995605726796121,0.4684695594266668,-0.0008187790663053875,-0.03645304967844202,unit_mode_chain_amplitude,stellarator-linear-scan:stella-geometry
0.2,203,0.29296875,-0.4804923781235722,0.5282765365375662,-0.0008187790663053875,-0.03645304967844202,unit_mode_chain_amplitude,stellarator-linear-scan:stella-geometry
0.2,204,0.296875,-0.10478936542295725,0.668970617433072,-0.0008187790663053875,-0.03645304967844202,unit_mode_chain_amplitude,stellarator-linear-scan:stella-geometry
0.2,205,0.30078125,0.37691777401603543,0.8976731476281005,-0.0008187790663053875,-0.03645304967844202,unit_mode_chain_amplitude,stellarator-linear-scan:stella-geometry
0.2,206,0.3046875,0.5993285207932909,0.8446431634029055,-0.0008187790663053875,-0.03645304967844202,unit_mode_chain_amplitude,stellarator-linear-scan:stella-geometry
0.2,207,0.30859375,0.5994521452766984,0.7718342927562543,-0.0008187790663053875,-0.03645304967844202,unit_mode_chain_amplitude,stellarator-linear-scan:stella-geometry
0.2,208,0.3125,0.355595030870225,0.8775692263217646,-0.0008187790663053875,-0.03645304967844202,unit_mode_chain_amplitude,stellarator-linear-scan:stella-geometry
0.2,209,0.31640625,0.4481143399713671,0.9370144088962864,-0.0008187790663053875,-0.03645304967844202,unit_mode_chain_amplitude,stellarator-linear-scan:stella-geometry
0.2,210,0.3203125,0.546076115339737,0.6088989091266023,-0.0008187790663053875,-0.03645304967844202,unit_mode_chain_amplitude,stellarator-linear-scan:stella-geometry
0.2,211,0.32421875,0.43940611293223053,0.1491242859393781,-0.0008187790663053875,-0.03645304967844202,unit_mode_chain_amplitude,stellarator-linear-scan:stella-geometry
0.2,212,0.328125,0.06666132142738905,0.07550313178421576,-0.0008187790663053875,-0.03645304967844202,unit_mode_chain_amplitude,stellarator-linear-scan:stella-geometry
0.2,213,0.33203125,-0.35063487379912034,-0.13868471711082433,-0.0008187790663053875,-0.03645304967844202,unit_mode_chain_amplitude,stellarator-linear-scan:stella-geometry
0.2,214,0.3359375,-0.7748587369427891,-0.34305516534082425,-0.0008187790663053875,-0.03645304967844202,unit_mode_chain_amplitude,stellarator-linear-scan:stella-geometry
0.2,215,0.33984375,-0.8013525031197661,-0.556483125001534,-0.0008187790663053875,-0.03645304967844202,unit_mode_chain_amplitude,stellarator-linear-scan:stella-geometry
0.2,216,0.34375,-0.5477130320484541,-0.8592503656383983,-0.0008187790663053875,-0.03645304967844202,unit_mode_chain_amplitude,stellarator-linear-scan:stella-geometry
0.2,217,0.34765625,-0.3209523854605273,-1.2309316851173637,-0.0008187790663053875,-0.03645304967844202,unit_mode_chain_amplitude,stellarator-linear-scan:stella-geometry
0.2,218,0.3515625,-0.1239088191952723,-1.3799607025387821,-0.0008187790663053875,-0.03645304967844202,unit_mode_chain_amplitude,stellarator-linear-scan:stella-geometry
0.2,219,0.35546875,-0.07467387660184743,-1.2950763915514143,-0.0008187790663053875,-0.03645304967844202,unit_mode_chain_amplitude,stellarator-linear-scan:stella-geometry
0.2,220,0.359375,-0.19577700525858097,-1.1239298338024273,-0.0008187790663053875,-0.03645304967844202,unit_mode_chain_amplitude,stellarator-linear-scan:stella-geometry
0.2,221,0.36328125,-0.4710818325990058,-1.072432707225042,-0.0008187790663053875,-0.03645304967844202,unit_mode_chain_amplitude,stellarator-linear-scan:stella-geometry
0.2,222,0.3671875,-0.9928944113133754,-0.7460965885090767,-0.0008187790663053875,-0.03645304967844202,unit_mode_chain_amplitude,stellarator-linear-scan:stella-geometry
0.2,223,0.37109375,-1.3067627344818011,-0.3949977606416167,-0.0008187790663053875,-0.03645304967844202,unit_mode_chain_amplitude,stellarator-linear-scan:stella-geometry
0.2,224,0.375,-1.1332805297128257,-0.09983722805094701,-0.0008187790663053875,-0.03645304967844202,unit_mode_chain_amplitude,stellarator-linear-scan:stella-geometry
0.2,225,0.37890625,-0.6882859160386254,-0.043804481258593535,-0.0008187790663053875,-0.03645304967844202,unit_mode_chain_amplitude,stellarator-linear-scan:stella-geometry
0.2,226,0.3828125,-0.27626798494270205,-0.08809013618999309,-0.0008187790663053875,-0.03645304967844202,unit_mode_chain_amplitude,stellarator-linear-scan:stella-geometry
0.2,227,0.38671875,0.06085600680375057,-0.03267456078623794,-0.0008187790663053875,-0.03645304967844202,unit_mode_chain_amplitude,stellarator-linear-scan:stella-geometry
0.2,228,0.390625,0.25677018305727994,0.30959243979646406,-0.0008187790663053875,-0.03645304967844202,unit_mode_chain_amplitude,stellarator-linear-scan:stella-geometry
0.2,229,0.39453125,0.530799422134234,0.5747721823797951,-0.0008187790663053875,-0.03645304967844202,unit_mode_chain_amplitude,stellarator-linear-scan:stella-geometry
0.2,230,0.3984375,0.8123826542418635,0.6721863382584918,-0.0008187790663053875,-0.03645304967844202,unit_mode_chain_amplitude,stellarator-linear-scan:stella-geometry
0.2,231,0.40234375,1.1175598573748111,0.42565317286698007,-0.0008187790663053875,-0.03645304967844202,unit_mode_chain_amplitude,stellarator-linear-scan:stella-geometry
0.2,232,0.40625,1.0173299891814944,-0.043520686243666104,-0.0008187790663053875,-0.03645304967844202,unit_mode_chain_amplitude,stellarator-linear-scan:stella-geometry
0.2,233,0.41015625,0.6034724042306523,-0.24189468781419457,-0.0008187790663053875,-0.03645304967844202,unit_mode_chain_amplitude,stellarator-linear-scan:stella-geometry
0.2,234,0.4140625,0.20774352693293027,-0.07544701398971593,-0.0008187790663053875,-0.03645304967844202,unit_mode_chain_amplitude,stellarator-linear-scan:stella-geometry
0.2,235,0.41796875,-0.08167728724943354,0.07578996760518754,-0.0008187790663053875,-0.03645304967844202,unit_mode_chain_amplitude,stellarator-linear-scan:stella-geometry
0.2,236,0.421875,-0.2714991938530041,0.04973533996589004,-0.0008187790663053875,-0.03645304967844202,unit_mode_chain_amplitude,stellarator-linear-scan:stella-geometry
0.2,237,0.42578125,-0.42661561900053446,-0.28211912971279407,-0.0008187790663053875,-0.03645304967844202,unit_mode_chain_amplitude,stellarator-linear-scan:stella-geometry
0.2,238,0.4296875,-0.6290839034666021,-0.45650553089547224,-0.0008187790663053875,-0.03645304967844202,unit_mode_chain_amplitude,stellarator-linear-scan:stella-geometry
0.2,239,0.43359375,-0.6213547758324197,-0.4625112849385199,-0.0008187790663053875,-0.03645304967844202,unit_mode_chain_amplitude,stellarator-linear-scan:stella-geometry
0.2,240,0.4375,-0.5353830205955832,-0.43998562325814866,-0.0008187790663053875,-0.03645304967844202,unit_mode_chain_amplitude,stellarator-linear-scan:stella-geometry
0.2,241,0.44140625,-0.5125240918204985,-0.6847633942990401,-0.0008187790663053875,-0.03645304967844202,unit_mode_chain_amplitude,stellarator-linear-scan:stella-geometry
0.2,242,0.4453125,-0.6207461037720126,-0.7856174131921209,-0.0008187790663053875,-0.03645304967844202,unit_mode_chain_amplitude,stellarator-linear-scan:stella-geometry
0.2,243,0.44921875,-0.5994866548640143,-0.7371652256914064,-0.0008187790663053875,-0.03645304967844202,unit_mode_chain_amplitude,stellarator-linear-scan:stella-geometry
0.2,244,0.453125,-0.4135610438562956,-0.46996617156526993,-0.0008187790663053875,-0.03645304967844202,unit_mode_chain_amplitude,stellarator-linear-scan:stella-geometry
0.2,245,0.45703125,-0.21920072969277776,-0.43689263623319097,-0.0008187790663053875,-0.03645304967844202,unit_mode_chain_amplitude,stellarator-linear-scan:stella-geometry
0.2,246,0.4609375,-0.5516818265250107,-0.2892082552657642,-0.0008187790663053875,-0.03645304967844202,unit_mode_chain_amplitude,stellarator-linear-scan:stella-geometry
0.2,247,0.46484375,-0.6703190055073986,0.10673496083947095,-0.0008187790663053875,-0.03645304967844202,unit_mode_chain_amplitude,stellarator-linear-scan:stella-geometry
0.2,248,0.46875,-0.30619535715953494,0.23967638400700586,-0.0008187790663053875,-0.03645304967844202,unit_mode_chain_amplitude,stellarator-linear-scan:stella-geometry
0.2,249,0.47265625,0.10544992870313487,0.20105055771682312,-0.0008187790663053875,-0.03645304967844202,unit_mode_chain_amplitude,stellarator-linear-scan:stella-geometry
0.2,250,0.4765625,0.5230953609813809,0.1417705171379042,-0.0008187790663053875,-0.03645304967844202,unit_mode_chain_amplitude,stellarator-linear-scan:stella-geometry
0.2,251,0.48046875,0.7169780046966738,0.09951127858116984,-0.0008187790663053875,-0.03645304967844202,unit_mode_chain_amplitude,stellarator-linear-scan:stella-geometry
0.2,252,0.484375,0.6329531893694504,0.43988210492581514,-0.0008187790663053875,-0.03645304967844202,unit_mode_chain_amplitude,stellarator-linear-scan:stella-geometry
0.2,253,0.48828125,0.4550930101573833,0.7465924582496541,-0.0008187790663053875,-0.03645304967844202,unit_mode_chain_amplitude,stellarator-linear-scan:stella-geometry
0.2,254,0.4921875,0.29278140096983574,0.9043015809845302,-0.0008187790663053875,-0.03645304967844202,unit_mode_chain_amplitude,stellarator-linear-scan:stella-geometry
0.2,255,0.49609375,0.3550211226697041,0.8578798838109827,-0.0008187790663053875,-0.03645304967844202,unit_mode_chain_amplitude,stellarator-linear-scan:stella-geometry
0.3,0,-0.5,-0.24480777316258978,0.5359123084029825,-0.0016799863025977943,-0.04698726170815198,unit_mode_chain_amplitude,stellarator-linear-scan:stella-geometry
0.3,1,-0.49609375,-0.09847624294148498,0.4561416370082817,-0.0016799863025977943,-0.04698726170815198,unit_mode_chain_amplitude,stellarator-linear-scan:stella-geometry
0.3,2,-0.4921875,0.029275010350600515,0.23879052387136127,-0.0016799863025977943,-0.04698726170815198,unit_mode_chain_amplitude,stellarator-linear-scan:stella-geometry
0.3,3,-0.48828125,0.09708068274919512,0.020961847087002956,-0.0016799863025977943,-0.04698726170815198,unit_mode_chain_amplitude,stellarator-linear-scan:stella-geometry
0.3,4,-0.484375,0.10973883039059501,0.015510440295190595,-0.0016799863025977943,-0.04698726170815198,unit_mode_chain_amplitude,stellarator-linear-scan:stella-geometry
0.3,5,-0.48046875,0.15802895011836163,0.0811643095273518,-0.0016799863025977943,-0.04698726170815198,unit_mode_chain_amplitude,stellarator-linear-scan:stella-geometry
0.3,6,-0.4765625,-0.014515374599685913,-0.1626917030382382,-0.0016799863025977943,-0.04698726170815198,unit_mode_chain_amplitude,stellarator-linear-scan:stella-geometry
0.3,7,-0.47265625,-0.12313565924041006,-0.5448998828784065,-0.0016799863025977943,-0.04698726170815198,unit_mode_chain_amplitude,stellarator-linear-scan:stella-geometry
0.3,8,-0.46875,0.033154597369215465,-0.9717695204544974,-0.0016799863025977943,-0.04698726170815198,unit_mode_chain_amplitude,stellarator-linear-scan:stella-geometry
0.3,9,-0.46484375,0.6831668697414623,-1.2347867264250285,-0.0016799863025977943,-0.04698726170815198,unit_mode_chain_amplitude,stellarator-linear-scan:stella-geometry
0.3,10,-0.4609375,0.6948970199154405,-0.9234093282924455,-0.0016799863025977943,-0.04698726170815198,unit_mode_chain_amplitude,stellarator-linear-scan:stella-geometry
0.3,11,-0.45703125,0.313522703539727,-0.33801797648566806,-0.0016799863025977943,-0.04698726170815198,unit_mode_chain_amplitude,stellarator-linear-scan:stella-geometry
0.3,12,-0.453125,0.02912105099631034,0.1830256292763637,-0.0016799863025977943,-0.04698726170815198,unit_mode_chain_amplitude,stellarator-linear-scan:stella-geometry
0.3,13,-0.44921875,0.010128625744682583,0.36036929401172785,-0.0016799863025977943,-0.04698726170815198,unit_mode_chain_amplitude,stellarator-linear-scan:stella-geometry
0.3,14,-0.4453125,-0.15594563966366762,0.2790140620090081,-0.0016799863025977943,-0.04698726170815198,unit_mode_chain_amplitude,stellarator-linear-scan:stella-geometry
0.3,15,-0.44140625,-0.26543003375514845,0.34682025974444103,-0.0016799863025977943,-0.04698726170815198,unit_mode_chain_amplitude,stellarator-linear-scan:stella-geometry
0.3,16,-0.4375,-0.6857634646790702,0.3066217336428911,-0.0016799863025977943,-0.04698726170815198,unit_mode_chain_amplitude,stellarator-linear-scan:stella-geometry
0.3,17,-0.43359375,-0.9845623796012676,0.1363115195138552,-0.0016799863025977943,-0.04698726170815198,unit_mode_chain_amplitude,stellarator-linear-scan:stella-geometry
0.3,18,-0.4296875,-0.6005328620439144,-0.26152426419583347,-0.0016799863025977943,-0.04698726170815198,unit_mode_chain_amplitude,stellarator-linear-scan:stella-geometry
0.3,19,-0.42578125,0.015630737915601777,-0.35194372692107995,-0.0016799863025977943,-0.04698726170815198,unit_mode_chain_amplitude,stellarator-linear-scan:stella-geometry
0.3,20,-0.421875,-0.01642727045032315,-0.14963139854908922,-0.0016799863025977943,-0.04698726170815198,unit_mode_chain_amplitude,stellarator-linear-scan:stella-geometry
0.3,21,-0.41796875,-0.10355740840716128,-0.22812353913926273,-0.0016799863025977943,-0.04698726170815198,unit_mode_chain_amplitude,stellarator-linear-scan:stella-geometry
0.3,22,-0.4140625,0.023016068851392096,-0.235373606043352,-0.0016799863025977943,-0.04698726170815198,unit_mode_chain_amplitude,stellarator-linear-scan:stella-geometry
0.3,23,-0.41015625,0.27578326659266966,0.12143328626668957,-0.0016799863025977943,-0.04698726170815198,unit_mode_chain_amplitude,stellarator-linear-scan:stella-geometry
0.3,24,-0.40625,0.42389984624457827,0.3038266922370871,-0.0016799863025977943,-0.04698726170815198,unit_mode_chain_amplitude,stellarator-linear-scan:stella-geometry
0.3,25,-0.40234375,0.3840016693977854,0.45042661451863253,-0.0016799863025977943,-0.04698726170815198,unit_mode_chain_amplitude,stellarator-linear-scan:stella-geometry
0.3,26,-0.3984375,0.18038643639651553,0.4416510832865511,-0.0016799863025977943,-0.04698726170815198,unit_mode_chain_amplitude,stellarator-linear-scan:stella-geometry
0.3,27,-0.39453125,-0.05629083569999102,0.10109024141608162,-0.0016799863025977943,-0.04698726170815198,unit_mode_chain_amplitude,stellarator-linear-scan:stella-geometry
0.3,28,-0.390625,-0.4261820723425815,-0.18213643262857476,-0.0016799863025977943,-0.04698726170815198,unit_mode_chain_amplitude,stellarator-linear-scan:stella-geometry
0.3,29,-0.38671875,-0.3493736184735431,-0.06446389562641364,-0.0016799863025977943,-0.04698726170815198,unit_mode_chain_amplitude,stellarator-linear-scan:stella-geometry
0.3,30,-0.3828125,-0.44931683540518186,0.028489045066766566,-0.0016799863025977943,-0.04698726170815198,unit_mode_chain_amplitude,stellarator-linear-scan:stella-geometry
0.3,31,-0.37890625,-0.6896558381721184,-0.21767806528739958,-0.0016799863025977943,-0.04698726170815198,unit_mode_chain_amplitude,stellarator-linear-scan:stella-geometry
0.3,32,-0.375,-1.2384597121751353,-0.510884588533788,-0.0016799863025977943,-0.04698726170815198,unit_mode_chain_amplitude,stellarator-linear-scan:stella-geometry
0.3,33,-0.37109375,-1.2692885761020025,-0.6193192513494415,-0.0016799863025977943,-0.04698726170815198,unit_mode_chain_amplitude,stellarator-linear-scan:stella-geometry
0.3,34,-0.3671875,-0.9187419472140038,-0.5847477881157677,-0.0016799863025977943,-0.04698726170815198,unit_mode_chain_amplitude,stellarator-linear-scan:stella-geometry
0.3,35,-0.36328125,-0.38974825961206017,-0.3272140277743666,-0.0016799863025977943,-0.04698726170815198,unit_mode_chain_amplitude,stellarator-linear-scan:stella-geometry
0.3,36,-0.359375,-0.2515169790733336,0.0994335843418474,-0.0016799863025977943,-0.04698726170815198,unit_mode_chain_amplitude,stellarator-linear-scan:stella-geometry
0.3,37,-0.35546875,0.0015164932923783815,0.35887584955787555,-0.0016799863025977943,-0.04698726170815198,unit_mode_chain_amplitude,stellarator-linear-scan:stella-geometry
0.3,38,-0.3515625,0.18807744721975117,0.49404428126941335,-0.0016799863025977943,-0.04698726170815198,unit_mode_chain_amplitude,stellarator-linear-scan:stella-geometry
0.3,39,-0.34765625,0.4058409155682489,0.5657266491580273,-0.0016799863025977943,-0.04698726170815198,unit_mode_chain_amplitude,stellarator-linear-scan:stella-geometry
0.3,40,-0.34375,0.2608494979360796,0.35824279221336613,-0.0016799863025977943,-0.04698726170815198,unit_mode_chain_amplitude,stellarator-linear-scan:stella-geometry
0.3,41,-0.33984375,0.11980310056685661,0.2635316854799106,-0.0016799863025977943,-0.04698726170815198,unit_mode_chain_amplitude,stellarator-linear-scan:stella-geometry
0.3,42,-0.3359375,-0.145461233418713,0.2072625136064695,-0.0016799863025977943,-0.04698726170815198,unit_mode_chain_amplitude,stellarator-linear-scan:stella-geometry
0.3,43,-0.33203125,0.10512803688682161,0.24980967943912125,-0.0016799863025977943,-0.04698726170815198,unit_mode_chain_amplitude,stellarator-linear-scan:stella-geometry
0.3,44,-0.328125,0.12769660265585941,0.5843052845355111,-0.0016799863025977943,-0.04698726170815198,unit_mode_chain_amplitude,stellarator-linear-scan:stella-geometry
0.3,45,-0.32421875,-0.15694668684966792,0.9767100329686907,-0.0016799863025977943,-0.04698726170815198,unit_mode_chain_amplitude,stellarator-linear-scan:stella-geometry
0.3,46,-0.3203125,-0.22380857186871278,1.1589627222886152,-0.0016799863025977943,-0.04698726170815198,unit_mode_chain_amplitude,stellarator-linear-scan:stella-geometry
0.3,47,-0.31640625,0.034050538836934256,0.8025096801126412,-0.0016799863025977943,-0.04698726170815198,unit_mode_chain_amplitude,stellarator-linear-scan:stella-geometry
0.3,48,-0.3125,0.11704453987331921,0.45760969540156904,-0.0016799863025977943,-0.04698726170815198,unit_mode_chain_amplitude,stellarator-linear-scan:stella-geometry
0.3,49,-0.30859375,0.36140561924320186,0.008607605929360902,-0.0016799863025977943,-0.04698726170815198,unit_mode_chain_amplitude,stellarator-linear-scan:stella-geometry
0.3,50,-0.3046875,0.3755476845143585,-0.26216959691318614,-0.0016799863025977943,-0.04698726170815198,unit_mode_chain_amplitude,stellarator-linear-scan:stella-geometry
0.3,51,-0.30078125,0.33955074873152846,-0.5113213449619693,-0.0016799863025977943,-0.04698726170815198,unit_mode_chain_amplitude,stellarator-linear-scan:stella-geometry
0.3,52,-0.296875,0.48042960314277733,-0.6349040716089853,-0.0016799863025977943,-0.04698726170815198,unit_mode_chain_amplitude,stellarator-linear-scan:stella-geometry
0.3,53,-0.29296875,1.874972105231535,-0.470673068023336,-0.0016799863025977943,-0.04698726170815198,unit_mode_chain_amplitude,stellarator-linear-scan:stella-geometry
0.3,54,-0.2890625,2.575399212397113,-0.27551481600569244,-0.0016799863025977943,-0.04698726170815198,unit_mode_chain_amplitude,stellarator-linear-scan:stella-geometry
0.3,55,-0.28515625,2.1279344072721242,-0.6774115576096666,-0.0016799863025977943,-0.04698726170815198,unit_mode_chain_amplitude,stellarator-linear-scan:stella-geometry
0.3,56,-0.28125,0.6189526945691121,-0.9578994399819211,-0.0016799863025977943,-0.04698726170815198,unit_mode_chain_amplitude,stellarator-linear-scan:stella-geometry
0.3,57,-0.27734375,-0.03762123792116097,-0.5921609511630701,-0.0016799863025977943,-0.04698726170815198,unit_mode_chain_amplitude,stellarator-linear-scan:stella-geometry
0.3,58,-0.2734375,-0.31691678953825814,-0.4130766497927942,-0.0016799863025977943,-0.04698726170815198,unit_mode_chain_amplitude,stellarator-linear-scan:stella-geometry
0.3,59,-0.26953125,-0.5723362787227186,-0.31438771848443164,-0.0016799863025977943,-0.04698726170815198,unit_mode_chain_amplitude,stellarator-linear-scan:stella-geometry
0.3,60,-0.265625,-1.0142412630510322,-0.37602770229174204,-0.0016799863025977943,-0.04698726170815198,unit_mode_chain_amplitude,stellarator-linear-scan:stella-geometry
0.3,61,-0.26171875,-1.4101083099483174,-0.48209555561407597,-0.0016799863025977943,-0.04698726170815198,unit_mode_chain_amplitude,stellarator-linear-scan:stella-geometry
0.3,62,-0.2578125,-1.5237676544157341,-0.6157483944930499,-0.0016799863025977943,-0.04698726170815198,unit_mode_chain_amplitude,stellarator-linear-scan:stella-geometry
0.3,63,-0.25390625,-1.2599030157096622,-0.6450240740323326,-0.0016799863025977943,-0.04698726170815198,unit_mode_chain_amplitude,stellarator-linear-scan:stella-geometry
0.3,64,-0.25,-1.1002501009190566,-0.2723008190714689,-0.0016799863025977943,-0.04698726170815198,unit_mode_chain_amplitude,stellarator-linear-scan:stella-geometry
0.3,65,-0.24609375,-0.8143385076233691,0.07675960675736286,-0.0016799863025977943,-0.04698726170815198,unit_mode_chain_amplitude,stellarator-linear-scan:stella-geometry
0.3,66,-0.2421875,-0.5696130804937157,0.24189305781425136,-0.0016799863025977943,-0.04698726170815198,unit_mode_chain_amplitude,stellarator-linear-scan:stella-geometry
0.3,67,-0.23828125,-0.10517568909500176,0.564314220723455,-0.0016799863025977943,-0.04698726170815198,unit_mode_chain_amplitude,stellarator-linear-scan:stella-geometry
0.3,68,-0.234375,0.2481190039747975,0.8028725711134268,-0.0016799863025977943,-0.04698726170815198,unit_mode_chain_amplitude,stellarator-linear-scan:stella-geometry
0.3,69,-0.23046875,0.855132262795102,1.0301149599864403,-0.0016799863025977943,-0.04698726170815198,unit_mode_chain_amplitude,stellarator-linear-scan:stella-geometry
0.3,70,-0.2265625,0.685120931128595,0.9391292346450808,-0.0016799863025977943,-0.04698726170815198,unit_mode_chain_amplitude,stellarator-linear-scan:stella-geometry
0.3,71,-0.22265625,0.1780693702146841,0.6250271397446562,-0.0016799863025977943,-0.04698726170815198,unit_mode_chain_amplitude,stellarator-linear-scan:stella-geometry
0.3,72,-0.21875,-0.35745609223328534,0.250019204971336,-0.0016799863025977943,-0.04698726170815198,unit_mode_chain_amplitude,stellarator-linear-scan:stella-geometry
0.3,73,-0.21484375,-0.46879487712242696,0.0789340998926245,-0.0016799863025977943,-0.04698726170815198,unit_mode_chain_amplitude,stellarator-linear-scan:stella-geometry
0.3,74,-0.2109375,-0.5426091118070936,0.052028179792292725,-0.0016799863025977943,-0.04698726170815198,unit_mode_chain_amplitude,stellarator-linear-scan:stella-geometry
0.3,75,-0.20703125,-0.5743454482995739,-0.006459109074745694,-0.0016799863025977943,-0.04698726170815198,unit_mode_chain_amplitude,stellarator-linear-scan:stella-geometry
0.3,76,-0.203125,-0.7341140055445142,-0.03765634444774137,-0.0016799863025977943,-0.04698726170815198,unit_mode_chain_amplitude,stellarator-linear-scan:stella-geometry
0.3,77,-0.19921875,-0.5843056682452255,0.0030359083373706296,-0.0016799863025977943,-0.04698726170815198,unit_mode_chain_amplitude,stellarator-linear-scan:stella-geometry
0.3,78,-0.1953125,-0.2480870178607212,-0.15281638414862087,-0.0016799863025977943,-0.04698726170815198,unit_mode_chain_amplitude,stellarator-linear-scan:stella-geometry
0.3,79,-0.19140625,0.16743155342200933,-0.23705018115035462,-0.0016799863025977943,-0.04698726170815198,unit_mode_chain_amplitude,stellarator-linear-scan:stella-geometry
0.3,80,-0.1875,-0.019485563585170687,0.02888269059975136,-0.0016799863025977943,-0.04698726170815198,unit_mode_chain_amplitude,stellarator-linear-scan:stella-geometry
0.3,81,-0.18359375,0.1828976784383912,0.10315634288972182,-0.0016799863025977943,-0.04698726170815198,unit_mode_chain_amplitude,stellarator-linear-scan:stella-geometry
0.3,82,-0.1796875,0.3900284826852505,-0.24083549810172414,-0.0016799863025977943,-0.04698726170815198,unit_mode_chain_amplitude,stellarator-linear-scan:stella-geometry
0.3,83,-0.17578125,0.5771719887162532,-0.380339583952342,-0.0016799863025977943,-0.04698726170815198,unit_mode_chain_amplitude,stellarator-linear-scan:stella-geometry
0.3,84,-0.171875,0.7435176344013726,-0.5142120506408149,-0.0016799863025977943,-0.04698726170815198,unit_mode_chain_amplitude,stellarator-linear-scan:stella-geometry
0.3,85,-0.16796875,0.6480630892109862,-0.5656535200848654,-0.0016799863025977943,-0.04698726170815198,unit_mode_chain_amplitude,stellarator-linear-scan:stella-geometry
0.3,86,-0.1640625,0.38748173394641117,-0.2579944085302097,-0.0016799863025977943,-0.04698726170815198,unit_mode_chain_amplitude,stellarator-linear-scan:stella-geometry
0.3,87,-0.16015625,0.20531232459645796,-0.07688444851416927,-0.0016799863025977943,-0.04698726170815198,unit_mode_chain_amplitude,stellarator-linear-scan:stella-geometry
0.3,88,-0.15625,-0.4611416161252524,0.36509280192218546,-0.0016799863025977943,-0.04698726170815198,unit_mode_chain_amplitude,stellarator-linear-scan:stella-geometry
0.3,89,-0.15234375,-1.4116157333037505,0.6584728109916971,-0.0016799863025977943,-0.04698726170815198,unit_mode_chain_amplitude,stellarator-linear-scan:stella-geometry
0.3,90,-0.1484375,-2.5133560784674818,0.47838728411810755,-0.0016799863025977943,-0.04698726170815198,unit_mode_chain_amplitude,stellarator-linear-scan:stella-geometry
0.3,91,-0.14453125,-2.718071234009383,0.47506133066515716,-0.0016799863025977943,-0.04698726170815198,unit_mode_chain_amplitude,stellarator-linear-scan:stella-geometry
0.3,92,-0.140625,-1.988875654431339,0.9262703788297965,-0.0016799863025977943,-0.04698726170815198,unit_mode_chain_amplitude,stellarator-linear-scan:stella-geometry
0.3,93,-0.13671875,-0.5412294134291195,1.1837498830158633,-0.0016799863025977943,-0.04698726170815198,unit_mode_chain_amplitude,stellarator-linear-scan:stella-geometry
0.3,94,-0.1328125,0.2178000368124407,0.9893136751181478,-0.0016799863025977943,-0.04698726170815198,unit_mode_chain_amplitude,stellarator-linear-scan:stella-geometry
0.3,95,-0.12890625,0.6696645909096954,0.5370706347509366,-0.0016799863025977943,-0.04698726170815198,unit_mode_chain_amplitude,stellarator-linear-scan:stella-geometry
0.3,96,-0.125,1.0149405183719464,0.3832891688330092,-0.0016799863025977943,-0.04698726170815198,unit_mode_chain_amplitude,stellarator-linear-scan:stella-geometry
0.3,97,-0.12109375,1.6609772761517427,0.48795381611468697,-0.0016799863025977943,-0.04698726170815198,unit_mode_chain_amplitude,stellarator-linear-scan:stella-geometry
0.3,98,-0.1171875,1.9412628953194562,0.38463769550610455,-0.0016799863025977943,-0.04698726170815198,unit_mode_chain_amplitude,stellarator-linear-scan:stella-geometry
0.3,99,-0.11328125,1.9009200612387995,0.25830219839819696,-0.0016799863025977943,-0.04698726170815198,unit_mode_chain_amplitude,stellarator-linear-scan:stella-geometry
0.3,100,-0.109375,1.5279976530814006,-0.12262478587709559,-0.0016799863025977943,-0.04698726170815198,unit_mode_chain_amplitude,stellarator-linear-scan:stella-geometry
0.3,101,-0.10546875,1.1880850391282252,-0.7521607614498941,-0.0016799863025977943,-0.04698726170815198,unit_mode_chain_amplitude,stellarator-linear-scan:stella-geometry
0.3,102,-0.1015625,0.47214908245086956,-0.9728597495623273,-0.0016799863025977943,-0.04698726170815198,unit_mode_chain_amplitude,stellarator-linear-scan:stella-geometry
0.3,103,-0.09765625,-0.09082574376799497,-0.9594377271379118,-0.0016799863025977943,-0.04698726170815198,unit_mode_chain_amplitude,stellarator-linear-scan:stella-geometry
0.3,104,-0.09375,-0.4503274479625958,-0.9826070997072995,-0.0016799863025977943,-0.04698726170815198,unit_mode_chain_amplitude,stellarator-linear-scan:stella-geometry
0.3,105,-0.08984375,-0.6761063519429328,-1.1354499221738334,-0.0016799863025977943,-0.04698726170815198,unit_mode_chain_amplitude,stellarator-linear-scan:stella-geometry
0.3,106,-0.0859375,-0.8692826947458204,-1.0627713791380256,-0.0016799863025977943,-0.04698726170815198,unit_mode_chain_amplitude,stellarator-linear-scan:stella-geometry
0.3,107,-0.08203125,-0.46959246738512544,-1.0459618127213375,-0.0016799863025977943,-0.04698726170815198,unit_mode_chain_amplitude,stellarator-linear-scan:stella-geometry
0.3,108,-0.078125,-0.22983201783729304,-0.9628100104751346,-0.0016799863025977943,-0.04698726170815198,unit_mode_chain_amplitude,stellarator-linear-scan:stella-geometry
0.3,109,-0.07421875,0.08359518149192423,-0.4904124559541807,-0.0016799863025977943,-0.04698726170815198,unit_mode_chain_amplitude,stellarator-linear-scan:stella-geometry
0.3,110,-0.0703125,0.07633209476418965,-0.07561303151546112,-0.0016799863025977943,-0.04698726170815198,unit_mode_chain_amplitude,stellarator-linear-scan:stella-geometry
0.3,111,-0.06640625,0.005551295597867495,-0.21564466886648162,-0.0016799863025977943,-0.04698726170815198,unit_mode_chain_amplitude,stellarator-linear-scan:stella-geometry
0.3,112,-0.0625,0.028055694519321443,-0.12069718163220618,-0.0016799863025977943,-0.04698726170815198,unit_mode_chain_amplitude,stellarator-linear-scan:stella-geometry
0.3,113,-0.05859375,0.5486322692207106,0.09240079924998586,-0.0016799863025977943,-0.04698726170815198,unit_mode_chain_amplitude,stellarator-linear-scan:stella-geometry
0.3,114,-0.0546875,0.6619504091204947,0.16412961116257652,-0.0016799863025977943,-0.04698726170815198,unit_mode_chain_amplitude,stellarator-linear-scan:stella-geometry
0.3,115,-0.05078125,0.46968199968705143,0.2810109304239693,-0.0016799863025977943,-0.04698726170815198,unit_mode_chain_amplitude,stellarator-linear-scan:stella-geometry
0.3,116,-0.046875,0.07510324248909761,-0.06874797107991054,-0.0016799863025977943,-0.04698726170815198,unit_mode_chain_amplitude,stellarator-linear-scan:stella-geometry
0.3,117,-0.04296875,-0.12991861291687215,-0.43451861917982965,-0.0016799863025977943,-0.04698726170815198,unit_mode_chain_amplitude,stellarator-linear-scan:stella-geometry
0.3,118,-0.0390625,-0.43474688962372693,-0.17774797235105186,-0.0016799863025977943,-0.04698726170815198,unit_mode_chain_amplitude,stellarator-linear-scan:stella-geometry
0.3,119,-0.03515625,-0.42549150806354546,0.44607027028111795,-0.0016799863025977943,-0.04698726170815198,unit_mode_chain_amplitude,stellarator-linear-scan:stella-geometry
0.3,120,-0.03125,-0.6184028052640161,0.9155793409130807,-0.0016799863025977943,-0.04698726170815198,unit_mode_chain_amplitude,stellarator-linear-scan:stella-geometry
0.3,121,-0.02734375,-0.5938092046489958,0.8452544500035791,-0.0016799863025977943,-0.04698726170815198,unit_mode_chain_amplitude,stellarator-linear-scan:stella-geometry
0.3,122,-0.0234375,-0.6658015611969316,0.4277765445442921,-0.0016799863025977943,-0.04698726170815198,unit_mode_chain_amplitude,stellarator-linear-scan:stella-geometry
0.3,123,-0.01953125,-0.5579950915753412,0.20156540956098035,-0.0016799863025977943,-0.04698726170815198,unit_mode_chain_amplitude,stellarator-linear-scan:stella-geometry
0.3,124,-0.015625,-0.1764862878870818,-0.12121008402917281,-0.0016799863025977943,-0.04698726170815198,unit_mode_chain_amplitude,stellarator-linear-scan:stella-geometry
0.3,125,-0.01171875,0.6539424906598635,-0.6542641938988557,-0.0016799863025977943,-0.04698726170815198,unit_mode_chain_amplitude,stellarator-linear-scan:stella-geometry
0.3,126,-0.0078125,1.5198117122087549,-0.8637923459827352,-0.0016799863025977943,-0.04698726170815198,unit_mode_chain_amplitude,stellarator-linear-scan:stella-geometry
0.3,127,-0.00390625,2.1194599181387197,-1.0102613543544514,-0.0016799863025977943,-0.04698726170815198,unit_mode_chain_amplitude,stellarator-linear-scan:stella-geometry
0.3,128,0.0,2.1369766642541763,-1.1696380171446636,-0.0016799863025977943,-0.04698726170815198,unit_mode_chain_amplitude,stellarator-linear-scan:stella-geometry
0.3,129,0.00390625,1.5954114698863704,-1.4760881098875125,-0.0016799863025977943,-0.04698726170815198,unit_mode_chain_amplitude,stellarator-linear-scan:stella-geometry
0.3,130,0.0078125,0.3500021919217653,-1.477375270942065,-0.0016799863025977943,-0.04698726170815198,unit_mode_chain_amplitude,stellarator-linear-scan:stella-geometry
0.3,131,0.01171875,-0.4679403490427103,-0.9007434015707868,-0.0016799863025977943,-0.04698726170815198,unit_mode_chain_amplitude,stellarator-linear-scan:stella-geometry
0.3,132,0.015625,-1.0147921188664402,-0.5340032885825804,-0.0016799863025977943,-0.04698726170815198,unit_mode_chain_amplitude,stellarator-linear-scan:stella-geometry
0.3,133,0.01953125,-1.3227846258709324,-0.4026137803284714,-0.0016799863025977943,-0.04698726170815198,unit_mode_chain_amplitude,stellarator-linear-scan:stella-geometry
0.3,134,0.0234375,-1.9723013174644843,-0.1252847436450544,-0.0016799863025977943,-0.04698726170815198,unit_mode_chain_amplitude,stellarator-linear-scan:stella-geometry
0.3,135,0.02734375,-2.192246152319836,0.058733037798927336,-0.0016799863025977943,-0.04698726170815198,unit_mode_chain_amplitude,stellarator-linear-scan:stella-geometry
0.3,136,0.03125,-2.084791033971684,0.3043323229430903,-0.0016799863025977943,-0.04698726170815198,unit_mode_chain_amplitude,stellarator-linear-scan:stella-geometry
0.3,137,0.03515625,-1.364305622689429,0.6963206262959243,-0.0016799863025977943,-0.04698726170815198,unit_mode_chain_amplitude,stellarator-linear-scan:stella-geometry
0.3,138,0.0390625,-0.5272480257148976,1.177290085828452,-0.0016799863025977943,-0.04698726170815198,unit_mode_chain_amplitude,stellarator-linear-scan:stella-geometry
0.3,139,0.04296875,0.2763501276847022,1.2154602570203554,-0.0016799863025977943,-0.04698726170815198,unit_mode_chain_amplitude,stellarator-linear-scan:stella-geometry
0.3,140,0.046875,0.7209040404698014,0.933460847650071,-0.0016799863025977943,-0.04698726170815198,unit_mode_chain_amplitude,stellarator-linear-scan:stella-geometry
0.3,141,0.05078125,1.0754190672635215,1.0898093819535593,-0.0016799863025977943,-0.04698726170815198,unit_mode_chain_amplitude,stellarator-linear-scan:stella-geometry
0.3,142,0.0546875,1.3341628486575876,1.2354351166549065,-0.0016799863025977943,-0.04698726170815198,unit_mode_chain_amplitude,stellarator-linear-scan:stella-geometry
0.3,143,0.05859375,1.203640657293847,1.0691096274215626,-0.0016799863025977943,-0.04698726170815198,unit_mode_chain_amplitude,stellarator-linear-scan:stella-geometry
0.3,144,0.0625,0.6697947569229077,1.1123720520586715,-0.0016799863025977943,-0.04698726170815198,unit_mode_chain_amplitude,stellarator-linear-scan:stella-geometry
0.3,145,0.06640625,0.45459656267556564,0.7000656039197722,-0.0016799863025977943,-0.04698726170815198,unit_mode_chain_amplitude,stellarator-linear-scan:stella-geometry
0.3,146,0.0703125,0.28615137691479237,0.22279763890276388,-0.0016799863025977943,-0.04698726170815198,unit_mode_chain_amplitude,stellarator-linear-scan:stella-geometry
0.3,147,0.07421875,0.3914778490465992,0.1235691691844515,-0.0016799863025977943,-0.04698726170815198,unit_mode_chain_amplitude,stellarator-linear-scan:stella-geometry
0.3,148,0.078125,0.2333187480477501,-0.06760853672211992,-0.0016799863025977943,-0.04698726170815198,unit_mode_chain_amplitude,stellarator-linear-scan:stella-geometry
0.3,149,0.08203125,0.004848765609642187,-0.41303405585382835,-0.0016799863025977943,-0.04698726170815198,unit_mode_chain_amplitude,stellarator-linear-scan:stella-geometry
0.3,150,0.0859375,-0.3856894095383655,-0.5317691808990602,-0.0016799863025977943,-0.04698726170815198,unit_mode_chain_amplitude,stellarator-linear-scan:stella-geometry
0.3,151,0.08984375,-0.3036123637883151,-0.7125558080202881,-0.0016799863025977943,-0.04698726170815198,unit_mode_chain_amplitude,stellarator-linear-scan:stella-geometry
0.3,152,0.09375,-0.21181700034252088,-0.5139011193244872,-0.0016799863025977943,-0.04698726170815198,unit_mode_chain_amplitude,stellarator-linear-scan:stella-geometry
0.3,153,0.09765625,0.07101483054581384,0.14587873755591724,-0.0016799863025977943,-0.04698726170815198,unit_mode_chain_amplitude,stellarator-linear-scan:stella-geometry
0.3,154,0.1015625,0.24566582198312126,0.356830356204037,-0.0016799863025977943,-0.04698726170815198,unit_mode_chain_amplitude,stellarator-linear-scan:stella-geometry
0.3,155,0.10546875,0.47657181608219856,0.046800891609427575,-0.0016799863025977943,-0.04698726170815198,unit_mode_chain_amplitude,stellarator-linear-scan:stella-geometry
0.3,156,0.109375,0.47640224377864415,-0.41964984192193083,-0.0016799863025977943,-0.04698726170815198,unit_mode_chain_amplitude,stellarator-linear-scan:stella-geometry
0.3,157,0.11328125,0.45589043318416705,-0.4168538830290001,-0.0016799863025977943,-0.04698726170815198,unit_mode_chain_amplitude,stellarator-linear-scan:stella-geometry
0.3,158,0.1171875,0.5133488577046812,0.1646882181605389,-0.0016799863025977943,-0.04698726170815198,unit_mode_chain_amplitude,stellarator-linear-scan:stella-geometry
0.3,159,0.12109375,0.6466736640482024,0.3414971583493566,-0.0016799863025977943,-0.04698726170815198,unit_mode_chain_amplitude,stellarator-linear-scan:stella-geometry
0.3,160,0.125,0.3648512919051752,0.2045731109433102,-0.0016799863025977943,-0.04698726170815198,unit_mode_chain_amplitude,stellarator-linear-scan:stella-geometry
0.3,161,0.12890625,-0.1498223882922299,0.013210615705755217,-0.0016799863025977943,-0.04698726170815198,unit_mode_chain_amplitude,stellarator-linear-scan:stella-geometry
0.3,162,0.1328125,-0.8782329368390513,0.11336723145902224,-0.0016799863025977943,-0.04698726170815198,unit_mode_chain_amplitude,stellarator-linear-scan:stella-geometry
0.3,163,0.13671875,-1.1330431165675288,0.7218678750323895,-0.0016799863025977943,-0.04698726170815198,unit_mode_chain_amplitude,stellarator-linear-scan:stella-geometry
0.3,164,0.140625,-1.231245204663924,1.13788423400343,-0.0016799863025977943,-0.04698726170815198,unit_mode_chain_amplitude,stellarator-linear-scan:stella-geometry
0.3,165,0.14453125,-1.39429331307339,1.4207561076331492,-0.0016799863025977943,-0.04698726170815198,unit_mode_chain_amplitude,stellarator-linear-scan:stella-geometry
0.3,166,0.1484375,-1.108966544081871,1.5966359481202215,-0.0016799863025977943,-0.04698726170815198,unit_mode_chain_amplitude,stellarator-linear-scan:stella-geometry
0.3,167,0.15234375,-0.17157396741050343,1.1154663175279238,-0.0016799863025977943,-0.04698726170815198,unit_mode_chain_amplitude,stellarator-linear-scan:stella-geometry
0.3,168,0.15625,0.38099231130316563,0.46753516067341666,-0.0016799863025977943,-0.04698726170815198,unit_mode_chain_amplitude,stellarator-linear-scan:stella-geometry
0.3,169,0.16015625,0.8033395633088856,-0.20868873286681383,-0.0016799863025977943,-0.04698726170815198,unit_mode_chain_amplitude,stellarator-linear-scan:stella-geometry
0.3,170,0.1640625,1.0873722679099507,-0.44179458313375786,-0.0016799863025977943,-0.04698726170815198,unit_mode_chain_amplitude,stellarator-linear-scan:stella-geometry
0.3,171,0.16796875,1.523847619865867,-0.3986718586858889,-0.0016799863025977943,-0.04698726170815198,unit_mode_chain_amplitude,stellarator-linear-scan:stella-geometry
0.3,172,0.171875,1.5550590267715223,-0.45932624523205323,-0.0016799863025977943,-0.04698726170815198,unit_mode_chain_amplitude,stellarator-linear-scan:stella-geometry
0.3,173,0.17578125,1.2630270686829024,-0.6303949630862756,-0.0016799863025977943,-0.04698726170815198,unit_mode_chain_amplitude,stellarator-linear-scan:stella-geometry
0.3,174,0.1796875,0.6075030001999456,-0.9458733060331299,-0.0016799863025977943,-0.04698726170815198,unit_mode_chain_amplitude,stellarator-linear-scan:stella-geometry
0.3,175,0.18359375,-0.010243703684911001,-0.9485250684130463,-0.0016799863025977943,-0.04698726170815198,unit_mode_chain_amplitude,stellarator-linear-scan:stella-geometry
0.3,176,0.1875,-0.5698086974169956,-0.5735797903931306,-0.0016799863025977943,-0.04698726170815198,unit_mode_chain_amplitude,stellarator-linear-scan:stella-geometry
0.3,177,0.19140625,-0.9198610516912291,-0.30138455664974556,-0.0016799863025977943,-0.04698726170815198,unit_mode_chain_amplitude,stellarator-linear-scan:stella-geometry
0.3,178,0.1953125,-1.3557781731856806,-0.6547981099369001,-0.0016799863025977943,-0.04698726170815198,unit_mode_chain_amplitude,stellarator-linear-scan:stella-geometry
0.3,179,0.19921875,-1.4821421132587622,-0.6811318069054779,-0.0016799863025977943,-0.04698726170815198,unit_mode_chain_amplitude,stellarator-linear-scan:stella-geometry
0.3,180,0.203125,-1.3332518642550193,-0.7421251843236376,-0.0016799863025977943,-0.04698726170815198,unit_mode_chain_amplitude,stellarator-linear-scan:stella-geometry
0.3,181,0.20703125,-0.9393468714672716,-0.8343211510929637,-0.0016799863025977943,-0.04698726170815198,unit_mode_chain_amplitude,stellarator-linear-scan:stella-geometry
0.3,182,0.2109375,-1.042622445987455,-0.3809100569313713,-0.0016799863025977943,-0.04698726170815198,unit_mode_chain_amplitude,stellarator-linear-scan:stella-geometry
0.3,183,0.21484375,-1.010388191574522,0.09390246640401707,-0.0016799863025977943,-0.04698726170815198,unit_mode_chain_amplitude,stellarator-linear-scan:stella-geometry
0.3,184,0.21875,-0.7142962236353714,0.4375004986057489,-0.0016799863025977943,-0.04698726170815198,unit_mode_chain_amplitude,stellarator-linear-scan:stella-geometry
0.3,185,0.22265625,-0.3976437363963951,0.7210072232527246,-0.0016799863025977943,-0.04698726170815198,unit_mode_chain_amplitude,stellarator-linear-scan:stella-geometry
0.3,186,0.2265625,-0.2645954146675787,1.0395625730934066,-0.0016799863025977943,-0.04698726170815198,unit_mode_chain_amplitude,stellarator-linear-scan:stella-geometry
0.3,187,0.23046875,0.5124356592580835,1.3326685360220625,-0.0016799863025977943,-0.04698726170815198,unit_mode_chain_amplitude,stellarator-linear-scan:stella-geometry
0.3,188,0.234375,0.4626616833940814,1.1383485135834728,-0.0016799863025977943,-0.04698726170815198,unit_mode_chain_amplitude,stellarator-linear-scan:stella-geometry
0.3,189,0.23828125,0.29858264834664405,0.60575142772502,-0.0016799863025977943,-0.04698726170815198,unit_mode_chain_amplitude,stellarator-linear-scan:stella-geometry
0.3,190,0.2421875,0.13481540291677294,0.19943383629032918,-0.0016799863025977943,-0.04698726170815198,unit_mode_chain_amplitude,stellarator-linear-scan:stella-geometry
0.3,191,0.24609375,-0.08241059287465036,-0.07905847604177452,-0.0016799863025977943,-0.04698726170815198,unit_mode_chain_amplitude,stellarator-linear-scan:stella-geometry
0.3,192,0.25,-0.3796910555978897,0.035433898901313064,-0.0016799863025977943,-0.04698726170815198,unit_mode_chain_amplitude,stellarator-linear-scan:stella-geometry
0.3,193,0.25390625,-0.2059153320293349,0.002499865755486925,-0.0016799863025977943,-0.04698726170815198,unit_mode_chain_amplitude,stellarator-linear-scan:stella-geometry
0.3,194,0.2578125,-0.2514459153314859,-0.37744978339604324,-0.0016799863025977943,-0.04698726170815198,unit_mode_chain_amplitude,stellarator-linear-scan:stella-geometry
0.3,195,0.26171875,-0.44892915645149617,-0.7711256223923615,-0.0016799863025977943,-0.04698726170815198,unit_mode_chain_amplitude,stellarator-linear-scan:stella-geometry
0.3,196,0.265625,-0.28603141003326144,-0.7458215286547472,-0.0016799863025977943,-0.04698726170815198,unit_mode_chain_amplitude,stellarator-linear-scan:stella-geometry
0.3,197,0.26953125,0.24838968635154218,-0.33332238881092596,-0.0016799863025977943,-0.04698726170815198,unit_mode_chain_amplitude,stellarator-linear-scan:stella-geometry
0.3,198,0.2734375,0.6287088041941438,0.06679191593251578,-0.0016799863025977943,-0.04698726170815198,unit_mode_chain_amplitude,stellarator-linear-scan:stella-geometry
0.3,199,0.27734375,1.0757781428399003,-0.04478848523338941,-0.0016799863025977943,-0.04698726170815198,unit_mode_chain_amplitude,stellarator-linear-scan:stella-geometry
0.3,200,0.28125,0.9365794850473398,-0.14113929377236908,-0.0016799863025977943,-0.04698726170815198,unit_mode_chain_amplitude,stellarator-linear-scan:stella-geometry
0.3,201,0.28515625,0.6256435760208761,-0.4339224266228387,-0.0016799863025977943,-0.04698726170815198,unit_mode_chain_amplitude,stellarator-linear-scan:stella-geometry
0.3,202,0.2890625,0.18025508067686177,-0.745494934561603,-0.0016799863025977943,-0.04698726170815198,unit_mode_chain_amplitude,stellarator-linear-scan:stella-geometry
0.3,203,0.29296875,0.3584096865012042,-0.7731328959600169,-0.0016799863025977943,-0.04698726170815198,unit_mode_chain_amplitude,stellarator-linear-scan:stella-geometry
0.3,204,0.296875,-0.009219464574800867,-0.2672462341315391,-0.0016799863025977943,-0.04698726170815198,unit_mode_chain_amplitude,stellarator-linear-scan:stella-geometry
0.3,205,0.30078125,-0.3377624975450089,0.3723176614575785,-0.0016799863025977943,-0.04698726170815198,unit_mode_chain_amplitude,stellarator-linear-scan:stella-geometry
0.3,206,0.3046875,-0.19148374126232381,0.6809614363195375,-0.0016799863025977943,-0.04698726170815198,unit_mode_chain_amplitude,stellarator-linear-scan:stella-geometry
0.3,207,0.30859375,-0.17893168310610846,0.7728706020714482,-0.0016799863025977943,-0.04698726170815198,unit_mode_chain_amplitude,stellarator-linear-scan:stella-geometry
0.3,208,0.3125,-0.3398190810258643,0.7079970926184894,-0.0016799863025977943,-0.04698726170815198,unit_mode_chain_amplitude,stellarator-linear-scan:stella-geometry
0.3,209,0.31640625,-0.4992771307305186,0.7549899374746476,-0.0016799863025977943,-0.04698726170815198,unit_mode_chain_amplitude,stellarator-linear-scan:stella-geometry
0.3,210,0.3203125,-0.1218668956982985,0.9079140787770801,-0.0016799863025977943,-0.04698726170815198,unit_mode_chain_amplitude,stellarator-linear-scan:stella-geometry
0.3,211,0.32421875,0.3662303456013955,0.6702551514794086,-0.0016799863025977943,-0.04698726170815198,unit_mode_chain_amplitude,stellarator-linear-scan:stella-geometry
0.3,212,0.328125,0.3354342495661128,-0.08826351442890537,-0.0016799863025977943,-0.04698726170815198,unit_mode_chain_amplitude,stellarator-linear-scan:stella-geometry
0.3,213,0.33203125,0.368485200791191,-0.7792889098297873,-0.0016799863025977943,-0.04698726170815198,unit_mode_chain_amplitude,stellarator-linear-scan:stella-geometry
0.3,214,0.3359375,0.1977061499440553,-1.2108238179775666,-0.0016799863025977943,-0.04698726170815198,unit_mode_chain_amplitude,stellarator-linear-scan:stella-geometry
0.3,215,0.33984375,0.2047673637971863,-0.9272841536614101,-0.0016799863025977943,-0.04698726170815198,unit_mode_chain_amplitude,stellarator-linear-scan:stella-geometry
0.3,216,0.34375,0.3362994892619987,-0.5771926644519434,-0.0016799863025977943,-0.04698726170815198,unit_mode_chain_amplitude,stellarator-linear-scan:stella-geometry
0.3,217,0.34765625,0.5367701533856007,-0.3108937677345095,-0.0016799863025977943,-0.04698726170815198,unit_mode_chain_amplitude,stellarator-linear-scan:stella-geometry
0.3,218,0.3515625,0.5206137092019093,-0.2588349398263313,-0.0016799863025977943,-0.04698726170815198,unit_mode_chain_amplitude,stellarator-linear-scan:stella-geometry
0.3,219,0.35546875,0.5968209542217404,-0.30519675687561504,-0.0016799863025977943,-0.04698726170815198,unit_mode_chain_amplitude,stellarator-linear-scan:stella-geometry
0.3,220,0.359375,0.24909005633178852,-0.5342441989595897,-0.0016799863025977943,-0.04698726170815198,unit_mode_chain_amplitude,stellarator-linear-scan:stella-geometry
0.3,221,0.36328125,-0.06701143270922949,-0.8484059873722591,-0.0016799863025977943,-0.04698726170815198,unit_mode_chain_amplitude,stellarator-linear-scan:stella-geometry
0.3,222,0.3671875,-0.25240323903999157,-1.2444203300667407,-0.0016799863025977943,-0.04698726170815198,unit_mode_chain_amplitude,stellarator-linear-scan:stella-geometry
0.3,223,0.37109375,-0.43273139312616093,-1.41725695349301,-0.0016799863025977943,-0.04698726170815198,unit_mode_chain_amplitude,stellarator-linear-scan:stella-geometry
0.3,224,0.375,-0.34172768384147856,-1.1050430579997,-0.0016799863025977943,-0.04698726170815198,unit_mode_chain_amplitude,stellarator-linear-scan:stella-geometry
0.3,225,0.37890625,0.13858309731647256,-0.8810835603905712,-0.0016799863025977943,-0.04698726170815198,unit_mode_chain_amplitude,stellarator-linear-scan:stella-geometry
0.3,226,0.3828125,-0.037121586170911464,-0.5083147016584125,-0.0016799863025977943,-0.04698726170815198,unit_mode_chain_amplitude,stellarator-linear-scan:stella-geometry
0.3,227,0.38671875,-0.04348638445134939,-0.3436921535319978,-0.0016799863025977943,-0.04698726170815198,unit_mode_chain_amplitude,stellarator-linear-scan:stella-geometry
0.3,228,0.390625,0.12713927191808433,-0.3084996163082602,-0.0016799863025977943,-0.04698726170815198,unit_mode_chain_amplitude,stellarator-linear-scan:stella-geometry
0.3,229,0.39453125,0.32516040305316557,0.11129499412140671,-0.0016799863025977943,-0.04698726170815198,unit_mode_chain_amplitude,stellarator-linear-scan:stella-geometry
0.3,230,0.3984375,0.21504082568019128,0.6496387338685323,-0.0016799863025977943,-0.04698726170815198,unit_mode_chain_amplitude,stellarator-linear-scan:stella-geometry
0.3,231,0.40234375,0.2562724057127732,0.7707405465804176,-0.0016799863025977943,-0.04698726170815198,unit_mode_chain_amplitude,stellarator-linear-scan:stella-geometry
0.3,232,0.40625,0.463918814028389,0.7228947379779819,-0.0016799863025977943,-0.04698726170815198,unit_mode_chain_amplitude,stellarator-linear-scan:stella-geometry
0.3,233,0.41015625,0.06471454165435882,0.5553032983165564,-0.0016799863025977943,-0.04698726170815198,unit_mode_chain_amplitude,stellarator-linear-scan:stella-geometry
0.3,234,0.4140625,-0.3367587280893038,0.2543682675783755,-0.0016799863025977943,-0.04698726170815198,unit_mode_chain_amplitude,stellarator-linear-scan:stella-geometry
0.3,235,0.41796875,-0.4831731655577075,-0.004008259263892142,-0.0016799863025977943,-0.04698726170815198,unit_mode_chain_amplitude,stellarator-linear-scan:stella-geometry
0.3,236,0.421875,-0.79281428796737,-0.33213687645336815,-0.0016799863025977943,-0.04698726170815198,unit_mode_chain_amplitude,stellarator-linear-scan:stella-geometry
0.3,237,0.42578125,-0.686534797216346,-0.6130004695874086,-0.0016799863025977943,-0.04698726170815198,unit_mode_chain_amplitude,stellarator-linear-scan:stella-geometry
0.3,238,0.4296875,-0.15826998496773548,-0.8257692329507155,-0.0016799863025977943,-0.04698726170815198,unit_mode_chain_amplitude,stellarator-linear-scan:stella-geometry
0.3,239,0.43359375,-0.14400987944958676,-0.7709098154695674,-0.0016799863025977943,-0.04698726170815198,unit_mode_chain_amplitude,stellarator-linear-scan:stella-geometry
0.3,240,0.4375,-0.45421344290806626,-0.35635742300537554,-0.0016799863025977943,-0.04698726170815198,unit_mode_chain_amplitude,stellarator-linear-scan:stella-geometry
0.3,241,0.44140625,-0.11050816619731237,-0.2029259469086252,-0.0016799863025977943,-0.04698726170815198,unit_mode_chain_amplitude,stellarator-linear-scan:stella-geometry
0.3,242,0.4453125,0.31768842643278955,-0.2529735684494366,-0.0016799863025977943,-0.04698726170815198,unit_mode_chain_amplitude,stellarator-linear-scan:stella-geometry
0.3,243,0.44921875,0.6120267067658395,-0.39593788784960565,-0.0016799863025977943,-0.04698726170815198,unit_mode_chain_amplitude,stellarator-linear-scan:stella-geometry
0.3,244,0.453125,0.40005350037084025,-0.41301342101097843,-0.0016799863025977943,-0.04698726170815198,unit_mode_chain_amplitude,stellarator-linear-scan:stella-geometry
0.3,245,0.45703125,0.28038948399853897,-0.2709746774846891,-0.0016799863025977943,-0.04698726170815198,unit_mode_chain_amplitude,stellarator-linear-scan:stella-geometry
0.3,246,0.4609375,-0.01843629428881148,-0.6061955823221008,-0.0016799863025977943,-0.04698726170815198,unit_mode_chain_amplitude,stellarator-linear-scan:stella-geometry
0.3,247,0.46484375,-0.3930912286430733,-0.7632702538199291,-0.0016799863025977943,-0.04698726170815198,unit_mode_chain_amplitude,stellarator-linear-scan:stella-geometry
0.3,248,0.46875,-0.4299429990700681,0.019156918097058856,-0.0016799863025977943,-0.04698726170815198,unit_mode_chain_amplitude,stellarator-linear-scan:stella-geometry
0.3,249,0.47265625,0.02174369290994612,0.6210771501761033,-0.0016799863025977943,-0.04698726170815198,unit_mode_chain_amplitude,stellarator-linear-scan:stella-geometry
0.3,250,0.4765625,0.2672355591559672,0.6830664066233445,-0.0016799863025977943,-0.04698726170815198,unit_mode_chain_amplitude,stellarator-linear-scan:stella-geometry
0.3,251,0.48046875,0.36888879154839077,0.5221754062334937,-0.0016799863025977943,-0.04698726170815198,unit_mode_chain_amplitude,stellarator-linear-scan:stella-geometry
0.3,252,0.484375,0.13497034383875503,0.5499110473349798,-0.0016799863025977943,-0.04698726170815198,unit_mode_chain_amplitude,stellarator-linear-scan:stella-geometry
0.3,253,0.48828125,-0.02677416363947466,0.4380350445635384,-0.0016799863025977943,-0.04698726170815198,unit_mode_chain_amplitude,stellarator-linear-scan:stella-geometry
0.3,254,0.4921875,-0.20067942897268323,0.36461979468429073,-0.0016799863025977943,-0.04698726170815198,unit_mode_chain_amplitude,stellarator-linear-scan:stella-geometry
0.3,255,0.49609375,-0.2685754895599609,0.44766340258462495,-0.0016799863025977943,-0.04698726170815198,unit_mode_chain_amplitude,stellarator-linear-scan:stella-geometry
