sample_index,time,ky_index,ky,log_amplitude,raw_amplitude,window_growth
0,0.0,0,0.1,-6.716619312939638,0.001210624044651851,
0,0.0,1,0.2,-6.787572314016644,0.0011277031628752125,
0,0.0,2,0.3,-6.886908463684823,0.0010210656280223306,
1,0.1,0,0.1,-6.6260040537765414,0.0013254489406803922,0.9061525916309687
1,0.1,1,0.2,-6.695428986743523,0.0012365512963505884,0.9214332727312069
1,0.1,2,0.3,-6.793225637709673,0.0011213458786900738,0.9368282597514987
2,0.2,0,0.1,-6.543746480891211,1.0857354298241044,0.8225757288533053
2,0.2,1,0.2,-6.609265187678087,1.089984852183834,0.8616379906543603
2,0.2,2,0.3,-6.701374942195846,1.096201142113779,0.9185069551382696
3,0.3,0,0.1,-6.46927762273029,1.0773117935293413,0.7446885816092054
3,0.3,1,0.2,-6.529834706609366,1.082670290831624,0.7943048106872121
3,0.3,2,0.3,-6.6144716649995035,1.0907911702355833,0.8690327719634274
4,0.4,0,0.1,-6.401897681350195,1.0697018249633996,0.6737994138009549
4,0.4,1,0.2,-6.457195643038824,1.075342336637675,0.7263906357054137
4,0.4,2,0.3,-6.533902921875793,1.0839033549836754,0.8056874312371052
5,0.5,0,0.1,-6.340906446049609,1.06288959823853,0.6099123530058571
5,0.5,1,0.2,-6.391068595172368,1.0683624417128759,0.6612704786645641
5,0.5,2,0.3,-6.460085471910265,1.0766102523176972,0.7381744996552798
6,0.6,0,0.1,-6.285657530295638,1.0568036370130411,0.5524891575397107
6,0.6,1,0.2,-6.331026345587393,1.0618814096464795,0.6004224958497507
6,0.6,2,0.3,-6.392923292368109,1.0694689100888537,0.6716217954215599
7,0.7000000000000001,0,0.1,-6.235575646540674,1.0513571819253364,0.5008188375496387
7,0.7000000000000001,1,0.2,-6.276590317676098,1.0559449232506908,0.5443602791129449
7,0.7000000000000001,2,0.3,-6.33206394270848,1.0627494276060505,0.6085934965962897
8,0.8,0,0.1,-6.1901561212921346,1.0464667870707005,0.4541952524853966
8,0.8,1,0.2,-6.227277327770492,1.0505491105550406,0.4931298990560685
8,0.8,2,0.3,-6.277036946137784,1.056569138033906,0.55026996570696
9,0.9,0,0.1,-6.14895629083104,1.0420603201352387,0.41199830461094333
9,0.9,1,0.2,-6.1826205400806,1.0456689118716964,0.44656787689891797
9,0.9,2,0.3,-6.227327114087124,1.0509660954506754,0.49709832050660385
10,1.0,0,0.1,-6.1115838762818075,1.0380795447858584,0.37372414549232685
10,1.0,1,0.2,-6.142177542002479,1.0412719535082768,0.4044299807812114
10,1.0,2,0.3,-6.182413254348665,1.0459377586760121,0.44913859738458417
11,1.1,0,0.1,-6.077685230593898,1.0344797524308103,0.33898645687909096
11,1.1,1,0.2,-6.10553250199442,1.0373247466970024,0.36645040008058205
11,1.1,2,0.3,-6.141789001540021,1.0414607060812426,0.40624252808644423
12,1.2,0,0.1,-6.046935194463236,1.031227702000726,0.30750036130662334
12,1.2,1,0.2,-6.072296145493757,1.0337948545016318,0.332363565006633
12,1.2,2,0.3,-6.104974710132289,1.0375003302207557,0.36814291407731453
13,1.3,0,0.1,-6.019029592829699,1.0282986101306373,0.2790560163353726
13,1.3,1,0.2,-6.0421054924454545,1.030651011980525,0.3019065304830268
13,1.3,2,0.3,-6.0715250009899755,1.0340154408952724,0.33449709142313794
14,1.4000000000000001,0,0.1,-5.993680879162769,1.0256727242668986,0.2534871366693012
14,1.4000000000000001,1,0.2,-6.01462425735106,1.0278623271867404,0.2748123509439446
14,1.4000000000000001,2,0.3,-6.041034127928397,1.0309604804930204,0.3049087306157891
15,1.5,0,0.1,-5.970616982901175,1.0233319245426142,0.23063896261593472
15,1.5,1,0.2,-5.989544169886679,1.0253972387008972,0.2508008746438065
15,1.5,2,0.3,-6.013139984321148,1.0282868279256308,0.2789414360724866
16,1.6,0,0.1,-5.949583007589697,1.0212567485642374,0.21033975311477862
16,1.6,1,0.2,-5.96658706204091,1.0232226503822412,0.22957107845769523
16,1.6,2,0.3,-5.98752685413497,1.0259439649372135,0.25613130186178146
17,1.7,0,0.1,-5.930345076679127,1.0194241722858948,0.1923793091057038
17,1.7,1,0.2,-5.945507312034343,1.0213034973504578,0.21079750006566506
17,1.7,2,0.3,-5.963926692338477,1.023880849356083,0.23600161796492744
18,1.8,0,0.1,-5.912695365641388,1.0178063875955876,0.17649711037739363
18,1.8,1,0.2,-5.926094107797247,1.0196028658113596,0.19413204237096676
18,1.8,2,0.3,-5.942118663389582,1.0220475620917582,0.21808028948894867
19,1.9000000000000001,0,0.1,-5.896457234344919,1.016370686260174,0.16238131296468325
19,1.9000000000000001,1,0.2,-5.9081729820590905,1.018082672703583,0.17921125738156168
19,1.9000000000000001,2,0.3,-5.921926781413027,1.0203971170588058,0.20191881976555398
20,2.0,0,0.1,-5.881489413634606,1.015080399523921,0.1496782071031346
20,2.0,1,0.2,-5.8916061642011135,1.0167048085540054,0.16566817857977
20,2.0,2,0.3,-5.903215702971398,1.018887227601564,0.18711078441628917
21,2.1,0,0.1,-5.867688409152003,1.013896677968384,0.13801004482602675
21,2.1,1,0.2,-5.876291466872146,1.0154325682565877,0.1531469732896705
21,2.1,2,0.3,-5.885884951031873,1.0174818007557578,0.1733075193952514
22,2.2,0,0.1,-5.854988630775931,1.0127807630273868,0.1269977837607249
22,2.2,1,0.2,-5.8621596412588195,1.0142321519017008,0.14131825613326918
22,2.2,2,0.3,-5.869862036853493,1.016151969426815,0.1602291417837963
23,2.3000000000000003,0,0.1,-5.8433601692925965,1.011696334874133,0.11628461483334175
23,2.3000000000000003,1,0.2,-5.849170349980801,1.0130740185737097,0.12989291278018722
23,2.3000000000000003,2,0.3,-5.85509505539067,1.0148765520113139,0.14766981462822834
24,2.4,0,0.1,-5.832804534875227,1.0106115416653465,0.10555634417369435
24,2.4,1,0.2,-5.837307079517051,1.0119339181512672,0.11863270463750061
24,2.4,2,0.3,-5.841545344893295,1.0136419238419991,0.13549710497375014
25,2.5,0,0.1,-5.823348961548348,1.0095004184944945,0.09455573326879288
25,2.5,1,0.2,-5.82657141576567,1.0107934977663622,0.10735663751380455
25,2.5,2,0.3,-5.829180731603937,1.0124413711544549,0.12364613289358661
26,2.6,0,0.1,-5.815040013856312,1.0083435628032067,0.08308947692035488
26,2.6,1,0.2,-5.816977125918289,1.0096404625929836,0.09594289847381524
26,2.6,2,0.3,-5.8179697507718355,1.0112740593814569,0.11210980832101027
27,2.7,0,0.1,-5.807937194656734,1.0071281040489897,0.07102819199578107
27,2.7,1,0.2,-5.808544434973057,1.0084683462364017,0.08432690945231684
27,2.7,2,0.3,-5.807877076746877,1.0101437768360915,0.10092674024958717
28,2.8000000000000003,0,0.1,-5.802107075638332,1.0058471472383856,0.05830119018401798
28,2.8000000000000003,1,0.2,-5.801294777472314,1.0072759998869651,0.0724965750074346
28,2.8000000000000003,2,0.3,-5.798860236252557,1.009057614659811,0.09016840494319381
29,2.9,0,0.1,-5.7976182118607,1.0044989538185973,0.04488863777632817
29,2.9,1,0.2,-5.795246172508371,1.0060669347127822,0.060486049639427934
29,2.9,2,0.3,-5.790867540838689,1.0080247222739744,0.07992695413868517
30,3.0,0,0.1,-5.794536824459822,1.0030861397550623,0.03081387400877486
30,3.0,1,0.2,-5.790409240074896,1.0048486492747302,0.048369324334744904
30,3.0,2,0.3,-5.783837068655038,1.0070552439716416,0.0703047218365071
31,3.1,0,0.1,-5.792923000046578,1.0016151273286606,0.01613824413244201
31,3.1,1,0.2,-5.78678377104057,1.0036320489965995,0.03625469034326475
31,3.1,2,0.3,-5.777696456264583,1.0061595046008371,0.061406123904550414
32,3.2,0,0.1,-5.792827001127937,1.0000960035266846,0.0009599891864109358
32,3.2,1,0.2,-5.784355694898537,1.002431026306167,0.024280761420332177
32,3.2,2,0.3,-5.772363227899667,1.005347475343516,0.0533322836491656
33,3.3000000000000003,0,0.1,-5.794285226703414,0.9985428371188255,-0.014582255754769223
33,3.3000000000000003,1,0.2,-5.7830942645721315,1.0012622262642779,0.01261430326405132
33,3.3000000000000003,2,0.3,-5.767745390273975,1.0046285162689472,0.046178376256920076
34,3.4,0,0.1,-5.797315403331851,0.9969744097231079,-0.030301766284370864
34,3.4,1,0.2,-5.782949295193353,1.0001449798873467,0.0014496937877872592
34,3.4,2,0.3,-5.76374205360148,1.004011360728844,0.040033366724943203
35,3.5,0,0.1,-5.801910707183832,0.9954152384022955,-0.04595303851981032
35,3.5,1,0.2,-5.783848349013871,0.9991013502072782,-0.008990538205182466
35,3.5,2,0.3,-5.760243901682105,1.0035042775935645,0.034981519193753
36,3.6,0,0.1,-5.808032692753883,0.9938967156013805,-0.0612198557005072
36,3.6,1,0.2,-5.785693844347299,0.9981562065459875,-0.01845495333427925
36,3.6,2,0.3,-5.757133422533562,1.0031153217084012,0.031104791485425637
37,3.7,0,0.1,-5.815603110792383,0.9924581654011283,-0.07570418038500108
37,3.7,1,0.2,-5.7883601746437545,0.9973372212049761,-0.026663302964555744
37,3.7,2,0.3,-5.754284919862479,1.0028525635096712,0.028485026710836057
38,3.8000000000000003,0,0.1,-5.824494920703818,0.9911476053195544,-0.08891809911435003
38,3.8000000000000003,1,0.2,-5.791691045876564,0.9966746699647295,-0.03330871232809504
38,3.8000000000000003,2,0.3,-5.751564443707572,1.0027241800081477,0.02720476154906668
39,3.9,0,0.1,-5.834523035785825,0.9900219988081936,-0.10028115082007219
39,3.9,1,0.2,-5.795497366558915,0.9962009141739123,-0.038063206823508854
39,3.9,2,0.3,-5.748829889215229,1.0027382967968794,0.02734554492342954
40,4.0,0,0.1,-5.845435587218658,0.9891467744614966,-0.10912551432832975
40,4.0,1,0.2,-5.799556142203641,0.9959494500526245,-0.04058775644725895
40,4.0,2,0.3,-5.745931594060079,1.0029024992731637,0.028982951551501632
41,4.1,0,0.1,-5.856906761094291,0.9885943691814173,-0.11471173875633274
41,4.1,1,0.2,-5.80361091708072,0.995953434622933,-0.04054774877078963
41,4.1,2,0.3,-5.742713793487179,1.0032229832506134,0.03217800572899787
42,4.2,0,0.1,-5.868532547931891,0.9884415314934628,-0.11625786837599898
42,4.2,1,0.2,-5.80737434596624,0.9962436439374971,-0.0376342888552015
42,4.2,2,0.3,-5.739017245810202,1.0037033883356845,0.03696547676977227
43,4.3,0,0.1,-5.8798310131738525,0.9887651227090539,-0.11298465241961471
43,4.3,1,0.2,-5.810533435784585,0.9968458948555029,-0.03159089818344907
43,4.3,2,0.3,-5.73468320808699,1.0043434432477627,0.04334037723212185
44,4.4,0,0.1,-5.8902488684951715,0.9896362225785977,-0.10417855321318947
44,4.4,1,0.2,-5.81275783806856,0.9977780698654277,-0.022244022839750126
44,4.4,2,0.3,-5.7295587257323355,1.0051376349715426,0.0512448235465432
45,4.5,0,0.1,-5.899176055182739,0.9911125423328186,-0.08927186687567566
45,4.5,1,0.2,-5.813711273060992,0.9990470193822931,-0.009534349924322817
45,4.5,2,0.3,-5.723502927425303,1.0060741717234443,0.06055798307032866
46,4.6000000000000005,0,0.1,-5.905969553047272,0.9932295257755653,-0.06793497864532724
46,4.6000000000000005,1,0.2,-5.813065725471692,1.0006457559999884,0.006455475892996852
46,4.6000000000000005,2,0.3,-5.716393737606324,1.0071345200992652,0.07109189818978974
47,4.7,0,0.1,-5.909986525449398,0.9959910848393314,-0.04016972402125966
47,4.7,1,0.2,-5.81051751449192,1.002551460428879,0.02548210979772323
47,4.7,2,0.3,-5.7081341995231005,1.0082937421730394,0.08259538083223135
48,4.8,0,0.1,-5.910625158001795,0.999361571329967,-0.006386325523974912
48,4.8,1,0.2,-5.805803804775444,1.0047248367224109,0.04713709716476461
48,4.8,2,0.3,-5.6986575093991405,1.009521736135064,0.09476690123960052
49,4.9,0,0.1,-5.907369374913377,1.0032610889068134,0.03255783088418323
49,4.9,1,0.2,-5.798717732948168,1.0071112374409112,0.07086071827275793
49,4.9,2,0.3,-5.687929943184107,1.0107853128624136,0.10727566215033178
50,5.0,0,0.1,-5.899831605512541,1.0075662498994435,0.07537769400835641
50,5.0,1,0.2,-5.789120224596119,1.0096437121307538,0.0959750835204879
50,5.0,2,0.3,-5.675951116861705,1.0120508598005948,0.1197882632240259
51,5.1000000000000005,0,0.1,-5.887786749630977,1.0121176872789868,0.12044855881564168
51,5.1000000000000005,1,0.2,-5.776946866552952,1.012247754946408,0.12173358043167261
51,5.1000000000000005,2,0.3,-5.662751415169535,1.013287202324777,0.13199701692169372
52,5.2,0,0.1,-5.871191170969848,1.0167340502213733,0.16595578661129431
52,5.2,1,0.2,-5.762208868986814,1.0148471373604588,0.14737997566137526
52,5.2,2,0.3,-5.648386867058889,1.0144682140083692,0.14364548110646297
53,5.3,0,0.1,-5.850183086792293,1.0212303074112876,0.21008084177554917
53,5.3,1,0.2,-5.744988066146708,1.0173699356979338,0.1722080284010647
53,5.3,2,0.3,-5.632932139332083,1.0155747696391249,0.1545472772680606
54,5.4,0,0.1,-5.82506446802874,1.0254367493498662,0.25118618763553124
54,5.4,1,0.2,-5.725426839362751,1.0197538011949863,0.19561226783956337
54,5.4,2,0.3,-5.61647257891217,1.01659576524893,0.16459560419913277
55,5.5,0,0.1,-5.796268274309156,1.029214812655714,0.2879619371958341
55,5.5,1,0.2,-5.703714567462857,1.0219496985189127,0.2171227189989463
55,5.5,2,0.3,-5.5990963157726465,1.017528108627242,0.1737626313952318
56,5.6000000000000005,0,0.1,-5.764317296523266,1.0324668902515433,0.3195097778589045
56,5.6000000000000005,1,0.2,-5.680072560155941,1.0239236950692805,0.23642007306915555
56,5.6000000000000005,2,0.3,-5.580887347285005,1.0183757625991745,0.18208968487641544
57,5.7,0,0.1,-5.729781447929238,1.035139135993631,0.3453584859402804
57,5.7,1,0.2,-5.654739374244675,1.0256567979950946,0.25333185911265854
57,5.7,2,0.3,-5.561920303587247,1.0191480607124268,0.18967043697758323
58,5.8,0,0.1,-5.69323922278965,1.037218099772148,0.3654222513958784
58,5.8,1,0.2,-5.627958031183762,1.0271431862222986,0.26781343060913715
58,5.8,2,0.3,-5.54225730414803,1.0198575895283637,0.1966299943921708
59,5.9,0,0.1,-5.6552469649336805,1.0387231909028152,0.3799225785596929
59,5.9,1,0.2,-5.59996609363983,1.028387393059823,0.2799193754393133
59,5.9,2,0.3,-5.521947018112705,1.0205179433720435,0.2031028603532448
60,6.0,0,0.1,-5.616317384879505,1.0396972656470638,0.38929580054175933
60,6.0,1,0.2,-5.570988970191174,1.0294010450599067,0.289771234486561
60,6.0,2,0.3,-5.501025780356259,1.021141621065063,0.2092123775644613
61,6.1000000000000005,0,0.1,-5.576907008737261,1.0401972682151692,0.3941037614224353
61,6.1000000000000005,1,0.2,-5.5412363154288125,1.0301996874507748,0.29752654762361724
61,6.1000000000000005,2,0.3,-5.479520416778583,1.0217382704952638,0.21505363577675737
62,6.2,0,0.1,-5.537411157250888,1.0402861832345989,0.3949585148637272
62,6.2,1,0.2,-5.510901038107856,1.0308000799126527,0.3033527732095653
62,6.2,2,0.3,-5.4574523041219996,1.0223134145815935,0.22068112656583672
63,6.3,0,0.1,-5.4981645905871765,1.0400268879984207,0.39246566663711985
63,6.3,1,0.2,-5.480160235473503,1.0312181802075062,0.30740802634353526
63,6.3,2,0.3,-5.434842127552691,1.0228677240131303,0.2261017656930883
64,6.4,0,0.1,-5.459445937479266,1.0394779886043113,0.3871865310791002
64,6.4,1,0.2,-5.4491773186335735,1.0314678830050592,0.30982916839928987
64,6.4,2,0.3,-5.411714793694084,1.0233968443200103,0.2312733385860698
65,6.5,0,0.1,-5.421484265524178,1.0386914211041116,0.37961671955088283
65,6.5,1,0.2,-5.418104647808084,1.031560465513299,0.3107267082548948
65,6.5,2,0.3,-5.388103996539877,1.023891738753078,0.23610797154206414
66,6.6000000000000005,0,0.1,-5.384466495165246,1.0377114611794438,0.37017770358931634
66,6.6000000000000005,1,0.2,-5.387086119831027,1.0315046154033216,0.3101852797705701
66,6.6000000000000005,2,0.3,-5.364056008264316,1.0243394729960758,0.24047988275561188
67,6.7,0,0.1,-5.348544720449009,1.036574756964834,0.3592177471623716
67,6.7,1,0.2,-5.356259308694701,1.0313068775527008,0.3082681113632646
67,6.7,2,0.3,-5.33963236709465,1.024724341367586,0.24423641169666419
68,6.8,0,0.1,-5.313842826548514,1.0353110302594262,0.34701893900495173
68,6.8,1,0.2,-5.325756924321368,1.0309723482688242,0.30502384373332636
68,6.8,2,0.3,-5.314911251330872,1.025029216169116,0.24721115763777757
69,6.9,0,0.1,-5.280462066782626,1.0339441486332157,0.33380759765888435
69,6.9,1,0.2,-5.295707503229919,1.030505461399708,0.3004942109144865
69,6.9,2,0.3,-5.28998745316125,1.0252369926123137,0.2492379816962207
70,7.0,0,0.1,-5.248485474723684,1.032493336479085,0.31976592058941766
70,7.0,1,0.2,-5.2662353629199625,1.0299107420781524,0.2947214030995681
70,7.0,2,0.3,-5.264970988262958,1.025332002372584,0.25016464898292323
71,7.1000000000000005,0,0.1,-5.217981141186973,1.0309743578043273,0.3050433353671062
71,7.1000000000000005,1,0.2,-5.237459932679756,1.029193442797034,0.2877543024020641
71,7.1000000000000005,2,0.3,-5.239984487114374,1.0253012800413768,0.24986501148583118
72,7.2,0,0.1,-5.189004486022336,1.0294005630079606,0.28976655164637427
72,7.2,1,0.2,-5.209494617028079,1.0283600158058674,0.2796531565167736
72,7.2,2,0.3,-5.215159602168719,1.025135588131249,0.24824884945655246
73,7.3,0,0.1,-5.1615997075287945,1.0277837433312236,0.27404778493541493
73,7.3,1,0.2,-5.182445359445647,1.0274184096640984,0.270492575824318
73,7.3,2,0.3,-5.190632724648767,1.024830135629451,0.24526877519952614
74,7.4,0,0.1,-5.135800606796019,1.026134778039409,0.25799100732775
74,7.4,1,0.2,-5.156409062180956,1.0263782025186172,0.2603629726469045
74,7.4,2,0.3,-5.166540332539305,1.0243849586057527,0.24092392109461663
75,7.5,0,0.1,-5.111630970680728,1.0244640892596122,0.24169636115291745
75,7.5,1,0.2,-5.131471992661411,1.0252505989814842,0.24937069519545307
75,7.5,2,0.3,-5.143014288472897,1.0238049644438951,0.23526044066407875
76,7.6000000000000005,0,0.1,-5.089104666459844,1.022781937292606,0.22526304220883966
76,7.6000000000000005,1,0.2,-5.107708277543431,1.0240483221647965,0.2376371511798046
76,7.6000000000000005,2,0.3,-5.120177377571234,1.0230996695376344,0.22836910901663166
77,7.7,0,0.1,-5.068225563978492,1.0210985958883936,0.2087910248135135
77,7.7,1,0.2,-5.085178558654319,1.0227854297595536,0.22529718889111452
77,7.7,2,0.3,-5.098139328442967,1.0222826806952925,0.2203804912826709
78,7.8,0,0.1,-5.048987366176769,1.019424444361223,0.1923819780172316
78,7.8,1,0.2,-5.06392886513739,1.0214770760008078,0.21249693516929366
78,7.8,2,0.3,-5.0769935038401535,1.0213709817961696,0.2114582460281341
79,7.9,0,0.1,-5.031373402516337,1.0177700043369313,0.17613963660432125
79,7.9,1,0.2,-5.043989744309276,1.020139232904552,0.1993912082811356
79,7.9,2,0.3,-5.056814388544913,1.020384090057154,0.20179115295240527
80,8.0,0,0.1,-5.015356425285083,1.0161459366042087,0.16016977231253784
80,8.0,1,0.2,-5.025375689031315,1.018788376734811,0.18614055277961294
80,8.0,2,0.3,-5.037655946526619,1.0193431426082018,0.19158442018294045
81,8.1,0,0.1,-5.000898446247313,1.014563001142097,0.14457979037770183
81,8.1,1,0.2,-5.008084899124108,1.0174411409275839,0.17290789907207288
81,8.1,2,0.3,-5.019550870410081,1.0182699666223163,0.18105076116538285
82,8.2,0,0.1,-4.987950658199163,1.0130319736023494,0.12947788048149936
82,8.2,1,0.2,-4.992099415013474,1.01611393550157,0.15985484110633996
82,8.2,2,0.3,-5.002510704593218,1.017186177618468,0.17040165816863134
83,8.3,0,0.1,-4.976453498299898,1.011563506263262,0.11497159899265533
83,8.3,1,0.2,-4.977385659758532,1.0148225354185443,0.14713755254941466
83,8.3,2,0.3,-4.986526787986482,1.0161123427402639,0.15983916606735477
84,8.4,0,0.1,-4.966336922100185,1.010167921757729,0.10116576199712882
84,8.4,1,0.2,-4.963895417736104,1.0135816458949818,0.13490242022427926
84,8.4,2,0.3,-4.971571931542098,1.015067239836985,0.14954856444384265
85,8.5,0,0.1,-4.957520963340033,1.0088549337744281,0.08815958760151542
85,8.5,1,0.2,-4.951567262395904,1.0124044602912703,0.1232815534020042
85,8.5,2,0.3,-4.957602717884115,1.0140672390370715,0.13969213657982366
86,8.6,0,0.1,-4.949916649981409,1.0076332995762964,0.0760431335862413
86,8.6,1,0.2,-4.940328420937972,1.0113022345021245,0.11238841457932343
86,8.6,2,0.3,-4.944562284802178,1.0131258303313853,0.13040433081937633
87,8.700000000000001,0,0.1,-4.943427328369053,1.00651042287946,0.064893216123564
87,8.700000000000001,1,0.2,-4.930097031524262,1.0102839090418112,0.10231389413709234
87,8.700000000000001,2,0.3,-4.932383431970575,1.0122533170489476,0.12178852831602964
88,8.8,0,0.1,-4.937950414079619,1.0054919400034918,0.054769142894333295
88,8.8,1,0.2,-4.920784711650871,1.0093558144310106,0.0931231987339135
88,8.8,2,0.3,-4.920991873369125,1.0114566894842711,0.11391558601449288
89,8.9,0,0.1,-4.933379542057153,1.0045813343926333,0.04570872022465993
89,8.9,1,0.2,-4.912299319295606,1.0085214953407264,0.0848539235526505
89,8.9,2,0.3,-4.910309449971586,1.0107396841954206,0.10682423397539369
90,9.0,0,0.1,-4.929607035259872,1.00377963165776,0.03772506797281152
90,9.0,1,0.2,-4.904547757427239,1.0077816830023776,0.07751561868366813
90,9.0,2,0.3,-4.900257121979074,1.0101030223646412,0.10052327992512247
91,9.1,0,0.1,-4.926526558173039,1.0030852266320767,0.030804770868329112
91,9.1,1,0.2,-4.897438653781651,1.007134433311072,0.07109103645587947
91,9.1,2,0.3,-4.89075757987113,1.0095448059732042,0.0949954210794427
92,9.200000000000001,0,0.1,-4.924035778720427,1.0024938840208166,0.024907794526125217
92,9.200000000000001,1,0.2,-4.8908847468943994,1.0065754307310586,0.06553906887251677
92,9.200000000000001,2,0.3,-4.881737349338984,1.0090610354090916,0.09020230532145718
93,9.3,0,0.1,-4.9220388387730205,1.0019989351598684,0.01996939947406247
93,9.3,1,0.2,-4.884804829277159,1.0060984378311242,0.06079917617240604
93,9.3,2,0.3,-4.8731283143427895,1.0086461993110496,0.08609034996194284
94,9.4,0,0.1,-4.920448436774338,1.0015916673586627,0.0159040199868255
94,9.4,1,0.2,-4.879125138847901,1.0056958504510978,0.056796904292575535
94,9.4,2,0.3,-4.864868639679756,1.0082938798856163,0.08259674663033707
95,9.5,0,0.1,-4.919187358760211,1.0012618735073635,0.012610780141271195
95,9.5,1,0.2,-4.873780145748487,1.0053593030592163,0.053449930994142934
95,9.5,2,0.3,-4.856903131899792,1.0079973168394043,0.07965507779963438
96,9.6,0,0.1,-4.918189353257299,1.0009985036761166,0.009980055029119618
96,9.6,1,0.2,-4.868712745418571,1.0050802613177163,0.05067400329916279
96,9.6,2,0.3,-4.84918312673313,1.0077498812382062,0.0772000516666263
97,9.700000000000001,0,0.1,-4.917399322354905,1.000790343059006,0.007900309023938122
97,9.700000000000001,1,0.2,-4.8638739300362825,1.0048505413550837,0.04838815382288184
97,9.700000000000001,2,0.3,-4.841666025054356,1.0075454260154235,0.07517101678773734
98,9.8,0,0.1,-4.916772882451405,1.0006266361579543,0.006264399034998669
98,9.8,1,0.2,-4.859222058998085,1.0046627077874801,0.04651871038197991
98,9.8,2,0.3,-4.834314613229181,1.0073784997906652,0.07351411825174763
99,9.9,0,0.1,-4.916275419022172,1.0004975871846853,0.0049746342923296
99,9.9,1,0.2,-4.854721877090429,1.0045103229327021,0.04500181907655348
99,9.9,2,0.3,-4.827096296749353,1.0072444313234834,0.07218316479828094
100,10.0,0,0.1,-4.915880807338054,1.0003946895535514,0.003946116841184746
100,10.0,1,0.2,-4.850343432561723,1.0043880439219752,0.043784445287062976
100,10.0,2,0.3,-4.8199823516257245,1.0071393093421186,0.07113945123628643
101,10.1,0,0.1,-4.915569987362019,1.0003108682855686,0.0031081997603443876
101,10.1,1,0.2,-4.846061027464332,1.0042915876972922,0.042824050973910996
101,10.1,2,0.3,-4.812947262539279,1.007059893458545,0.07035089086445925
102,10.200000000000001,0,0.1,-4.915329564720644,1.0002404515452143,0.0024042264137502313
102,10.200000000000001,1,0.2,-4.84185229496997,1.004217601647232,0.042087324943622065
102,10.200000000000001,2,0.3,-4.805968178373526,1.0070034947283972,0.06979084165752782
103,10.3,0,0.1,-4.915150566127526,1.0001790146143221,0.0017899859311842966
103,10.3,1,0.2,-4.837697451621958,1.0041634866760474,0.04154843348011653
103,10.3,2,0.3,-4.799024482420825,1.0069678593047222,0.06943695952700527
104,10.4,0,0.1,-4.915027417658194,1.0001231560524164,0.0012314846933225753
104,10.4,1,0.2,-4.833578726624708,1.0041272186019883,0.04118724997249871
104,10.4,2,0.3,-4.792097452325007,1.006951077462336,0.06927030095818434
105,10.5,0,0.1,-4.91495715124972,1.000070268877216,0.0007026640847396262
105,10.5,1,0.2,-4.82947993428199,1.004107203880509,0.04098792342718497
105,10.5,2,0.3,-4.785169976650698,1.0069515261381774,0.06927475674308983
106,10.6,0,0.1,-4.9149387917861835,1.0000183596320722,0.00018359463536121788
106,10.6,1,0.2,-4.825386135791851,1.0041021895296791,0.04093798490139037
106,10.6,2,0.3,-4.7782263002843735,1.0069678395818706,0.0694367636632445
107,10.700000000000001,0,0.1,-4.914972844114606,0.9999659482513509,-0.00034052328422795114
107,10.700000000000001,1,0.2,-4.821283335059609,1.0041112287413714,0.041028007322418375
107,10.700000000000001,2,0.3,-4.771251785976695,1.0069988928758606,0.06974514307678605
108,10.8,0,0.1,-4.915060791314687,0.9999120566671605,-0.0008794720008076271
108,10.8,1,0.2,-4.817158168076512,1.004133687196155,0.04125166983096854
108,10.8,2,0.3,-4.764232698515993,1.0070437789919575,0.07019087460701481
109,10.9,0,0.1,-4.915204531805287,0.9998562698395692,-0.0014374049059995338
109,10.9,1,0.2,-4.812997571268677,1.0041692641069435,0.041605968078348855
109,10.9,2,0.3,-4.757156035063168,1.0071017622058498,0.07076663452825674
110,11.0,0,0.1,-4.915405717497838,0.9997988345439336,-0.002011856925507878
110,11.0,1,0.2,-4.808788443457161,1.0042179986317548,0.04209127811516404
110,11.0,2,0.3,-4.75000943489963,1.0071721980534478,0.071466001635381
111,11.1,0,0.1,-4.915664998684189,0.999740752424111,-0.0025928118635132427
111,11.1,1,0.2,-4.804517340786082,1.0042802368297723,0.04271102671078901
111,11.1,2,0.3,-4.742781201283377,1.0072544203534526,0.0722823361625216
112,11.200000000000001,0,0.1,-4.915981222836241,0.9996838258415351,-0.0031622415205223124
112,11.200000000000001,1,0.2,-4.800170257775331,1.0043565452822265,0.043470830107503126
112,11.200000000000001,2,0.3,-4.7354604570965435,1.0073476063448787,0.07320744186833823
113,11.3,0,0.1,-4.916350664280243,0.9996306267910857,-0.003694414440014184
113,11.3,1,0.2,-4.7957325470288525,1.0044475719664983,0.04437710746478823
113,11.3,2,0.3,-4.7280374369503235,1.0074506390565474,0.0742302014622001
114,11.4,0,0.1,-4.916766373242227,0.9995843774330142,-0.004157089619845082
114,11.4,1,0.2,-4.79118901511675,1.0045538694035323,0.04543531912102788
114,11.4,2,0.3,-4.720503895689431,1.0075619897773427,0.07533541260892589
115,11.5,0,0.1,-4.917217723892516,0.9995487511930936,-0.004513506502883418
115,11.5,1,0.2,-4.786524206153059,1.0046757061228242,0.0466480896369072
115,11.5,2,0.3,-4.712853591801646,1.0076796422305978,0.0765030388778512
116,11.6,0,0.1,-4.9176902141948515,0.999527621303629,-0.004724903023358723
116,11.6,1,0.2,-4.781722853445922,1.0048128976707986,0.04801352707136903
116,11.6,2,0.3,-4.705082788558327,1.007801074294167,0.0777080324331883
117,11.700000000000001,0,0.1,-4.918165531850276,0.9995247952901164,-0.004753176554244053
117,11.700000000000001,1,0.2,-4.776770450134837,1.0049646867294724,0.04952403311085193
117,11.700000000000001,2,0.3,-4.697190708759749,1.0079233043485145,0.0789207979857831
118,11.8,0,0.1,-4.918621858956674,0.9995437769949809,-0.004563271063977597
118,11.8,1,0.2,-4.7716538681924545,1.0051296940012047,0.05116581942382421
118,11.8,2,0.3,-4.689179881691206,1.0080429995958404,0.08010827068543087
119,11.9,0,0.1,-4.919034352078489,0.9995875919417765,-0.004124931218152398
119,11.9,1,0.2,-4.766361945835353,1.0053059493104854,0.05291922357101538
119,11.9,2,0.3,-4.681056332278026,1.0081566349707514,0.08123549413179305
120,12.0,0,0.1,-4.9193757115798675,0.9996586987551466,-0.0034135950137859205
120,12.0,1,0.2,-4.760885967723958,1.0054909986844602,0.05475978111395127
120,12.0,2,0.3,-4.672829579930011,1.0082606850633002,0.08226752348015538
121,12.1,0,0.1,-4.919616748581835,0.9997589920451168,-0.0024103700196764864
121,12.1,1,0.2,-4.755219978833638,1.0056820709646446,0.05665988890320348
121,12.1,2,0.3,-4.664512434938658,1.0083518285310844,0.08317144991353083
122,12.200000000000001,0,0.1,-4.919726870111697,0.9998898845332909,-0.0011012152986200462
122,12.200000000000001,1,0.2,-4.749360897633714,1.005876279187907,0.05859081199923205
122,12.200000000000001,2,0.3,-4.656120600374374,1.008427144711153,0.0839183456428382
123,12.3,0,0.1,-4.91967442940202,1.0000524420847146,0.0005244070967691546
123,12.3,1,0.2,-4.743308421989056,1.0060708288842013,0.06052475644658294
123,12.3,2,0.3,-4.647672104774989,1.0084842848557904,0.08448495599385128
124,12.4,0,0.1,-4.919426922402686,1.0002475376317188,0.0024750699933395823
124,12.4,1,0.2,-4.737064746775406,1.0062632075838354,0.06243675213649902
124,12.4,2,0.3,-4.639186604069294,1.0085216046144703,0.08485500705695012
125,12.5,0,0.1,-4.918951045590895,1.0004759900591242,0.004758768117909556
125,12.5,1,0.2,-4.730634131540634,1.0064513360329357,0.06430615234772419
125,12.5,2,0.3,-4.630684599636417,1.0085382491172368,0.08502004432876328
126,12.6,0,0.1,-4.918212656869731,1.0007386613972262,0.007383887211647204
126,12.6,1,0.2,-4.724022367549473,1.0066336699551062,0.06611763991160503
126,12.6,2,0.3,-4.622186623318769,1.00853418661714,0.0849797631764829
127,12.700000000000001,0,0.1,-4.9171766957994585,1.0010364978632909,0.010359610702721364
127,12.700000000000001,1,0.2,-4.7172361961983285,1.0068092495866994,0.06786171351144692
127,12.700000000000001,2,0.3,-4.613712440031685,1.0085101908178795,0.08474183287083704
128,12.8,0,0.1,-4.915807120052578,1.0013705140440519,0.01369575746880796
128,12.8,1,0.2,-4.710282726720507,1.0069777009784842,0.06953469477821297
128,12.8,2,0.3,-4.6052803148072154,1.0084677757250824,0.0843212522446993
129,12.9,0,0.1,-4.9140669038196405,1.0017417312879193,0.017402162329371924
129,12.9,1,0.2,-4.703168892842568,1.0071391973022186,0.07113833877939538
129,12.9,2,0.3,-4.5969063840424695,1.008409090195328,0.08373930764745936
130,13.0,0,0.1,-4.911918125684397,1.0021510884134424,0.021487781352433975
130,13.0,1,0.2,-4.69590097814099,1.0072943900950664,0.07267914701577309
130,13.0,2,0.3,-4.588604160758848,1.0083367823120657,0.08302223283621431
131,13.1,0,0.1,-4.909322154273603,1.0025993438622078,0.025959714107939385
131,13.1,1,0.2,-4.68848423017617,1.0074443201632042,0.07416747964819974
131,13.1,2,0.3,-4.580384191372845,1.0082538460925692,0.0821996938600303
132,13.200000000000001,0,0.1,-4.90623992529482,1.0030869839305503,0.03082228978783475
132,13.200000000000001,1,0.2,-4.68092257497891,1.0075903167091997,0.07561655197260712
132,13.200000000000001,2,0.3,-4.572253867771158,1.0081634644369741,0.0813032360168708
133,13.3,0,0.1,-4.902632296841989,1.0036141437769577,0.03607628452830815
133,13.3,1,0.2,-4.673218436189565,1.007733892025194,0.07704138789344867
133,13.3,2,0.3,-4.5642173847676935,1.0080688622131995,0.08036483003464519
134,13.4,0,0.1,-4.898460471502999,1.0041805395161132,0.041718253389895356
134,13.4,1,0.2,-4.665372656663474,1.0078766383052096,0.07845779526090474
134,13.4,2,0.3,-4.556275821034332,1.0079731815936235,0.07941563733361107
135,13.5,0,0.1,-4.893686481267439,1.004785403882597,0.047739902355603714
135,13.5,1,0.2,-4.6573845142187125,1.008020132779003,0.07988142444761898
135,13.5,2,0.3,-4.548427313120352,1.0078793881873749,0.07848507913980313
136,13.6,0,0.1,-4.888273739842798,1.0054274167755186,0.05412741424641451
136,13.6,1,0.2,-4.649251817380241,1.0081658570504317,0.08132696838471205
136,13.6,2,0.3,-4.540667288618133,1.0077902115258501,0.0776002450221916
137,13.700000000000001,0,0.1,-4.882187671577515,1.006104626007541,0.06086068265282043
137,13.700000000000001,1,0.2,-4.640971062012337,1.008315135655364,0.08280755367904173
137,13.700000000000001,2,0.3,-4.532988726535042,1.0077081178410663,0.0767856208309048
138,13.8,0,0.1,-4.875396422862404,1.006814361536682,0.0679124871511141
138,13.8,1,0.2,-4.632537626628799,1.008469096979149,0.08433435383538276
138,13.8,2,0.3,-4.525382420097159,1.0076353078713274,0.07606306437883097
139,13.9,0,0.1,-4.8678716494275145,1.0075531556878572,0.0752477343488958
139,13.9,1,0.2,-4.623945984016965,1.0086286567012221,0.08591642611834013
139,13.9,2,0.3,-4.517837228080899,1.0075737287039874,0.07545192016260165
140,14.0,0,0.1,-4.859589353450483,1.0083166890760618,0.08282295977031702
140,14.0,1,0.2,-4.6151899103081755,1.0087945202538533,0.08756073708789311
140,14.0,2,0.3,-4.510340313067049,1.0075250872388,0.07496915013850218
141,14.1,0,0.1,-4.850530722785032,1.0090997842313398,0.09058630665451016
141,14.1,1,0.2,-4.606262679674936,1.0089671971983483,0.08927230633239557
141,14.1,2,0.3,-4.502877376117446,1.0074908540682461,0.07462936949602676
142,14.200000000000001,0,0.1,-4.84068290732219,1.0098964647628386,0.09847815462841718
142,14.200000000000001,1,0.2,-4.597157242344441,1.0091470179323538,0.09105437330495163
142,14.200000000000001,2,0.3,-4.495432904909192,1.0074722501744917,0.07444471208254094
143,14.3,0,0.1,-4.830039660469377,1.010700087682608,0.10643246852812853
143,14.3,1,0.2,-4.587866393632271,1.0093341426222489,0.0929084871216993
143,14.3,2,0.3,-4.487990454738395,1.0074702140373946,0.07442450170796837
144,14.4,0,0.1,-4.818601780569259,1.0115035425568144,0.1143787990011806
144,14.4,1,0.2,-4.578382949818274,1.0095285541549777,0.09483443813996606
144,14.4,2,0.3,-4.480532978594969,1.00748535237099,0.07457476143426538
145,14.5,0,0.1,-4.806377307759564,1.0122994970764527,0.12224472809695229
145,14.5,1,0.2,-4.568699950682374,1.009730031052798,0.09682999135900018
145,14.5,2,0.3,-4.473043214523007,1.00751788251121,0.07489764071961806
146,14.6,0,0.1,-4.793381462474631,1.0130806582895897,0.12995845284932853
146,14.6,1,0.2,-4.558810906974523,1.0099381018800289,0.09889043707850965
146,14.6,2,0.3,-4.465504127553414,1.0075675774381299,0.0753908696959285
147,14.700000000000001,0,0.1,-4.779636345862361,1.013840015025716,0.13745116612269986
147,14.700000000000001,1,0.2,-4.548710103867003,1.0101519884116288,0.10100803107520341
147,14.700000000000001,2,0.3,-4.457899392030379,1.0076337249633043,0.0760473552303498
148,14.8,0,0.1,-4.765170452201359,1.0145710310577727,0.14465893661001647
148,14.8,1,0.2,-4.5383929598044235,1.0103705492985389,0.10317144062579367
148,14.8,2,0.3,-4.450213890549199,1.0077151107531175,0.07685501481180551
149,14.9,0,0.1,-4.750018062444008,1.0152677692367202,0.1515238975735139
149,14.9,1,0.2,-4.527856426589255,1.0105922379543042,0.10536533215168158
149,14.9,2,0.3,-4.442434199832014,1.007810031139679,0.07779690717185012
150,15.0,0,0.1,-4.734218592627785,1.0159249413631666,0.15799469816222766
150,15.0,1,0.2,-4.517099404103157,1.010815087267097,0.10757022486098261
150,15.0,2,0.3,-4.434549032624795,1.0079163370106705,0.07885167207218685
151,15.1,0,0.1,-4.7178159611208885,1.0165378932043487,0.16402631506896861
151,15.1,1,0.2,-4.5061231347196085,1.011036729635189,0.10976269383548715
151,15.1,2,0.3,-4.426549608000666,1.0080315055071007,0.07999424624128643
152,15.200000000000001,0,0.1,-4.700858017959929,1.0171025453076785,0.16957943160959424
152,15.200000000000001,1,0.2,-4.494931540285594,1.01125445461,0.11191594434014025
152,15.200000000000001,2,0.3,-4.41842992930582,1.0081527326879351,0.0811967869484664
153,15.3,0,0.1,-4.683396053610716,1.017615315753869,0.17461964349212938
153,15.3,1,0.2,-4.483531469198319,1.0114652995316507,0.11400071087275739
153,15.3,2,0.3,-4.410186957841378,1.008277038293356,0.08242971464441447
154,15.4,0,0.1,-4.6654843796355845,1.0180730500728965,0.17911673975131556
154,15.4,1,0.2,-4.471932831642622,1.011666162565781,0.11598637555696498
154,15.4,2,0.3,-4.401820679578194,1.008401373372717,0.08366278263184619
155,15.5,0,0.1,-4.647179955228829,1.018472977233379,0.1830442440675568
155,15.5,1,0.2,-4.460148615190951,1.0118539238770543,0.11784216451671312
155,15.5,2,0.3,-4.393334070365787,1.0085227225680569,0.08486609212406324
156,15.6,0,0.1,-4.628542024424936,1.0188127011334958,0.1863793080389271
156,15.6,1,0.2,-4.448194787626914,1.0120255601019292,0.11953827564036999
156,15.6,2,0.3,-4.384732971353612,1.0086381947426932,0.08601099012175015
157,15.700000000000001,0,0.1,-4.609631729397239,1.0190902270563933,0.18910295027697097
157,15.700000000000001,1,0.2,-4.436090105954541,1.0121782398313035,0.12104681672372491
157,15.700000000000001,2,0.3,-4.376025890395897,1.0087450978457173,0.08707080957715317
158,15.8,0,0.1,-4.590511673730003,1.0193040144954788,0.19120055667236246
158,15.8,1,0.2,-4.4238558577594596,1.0123093927425302,0.12234248195081719
158,15.8,2,0.3,-4.367223747218121,1.0088409959522646,0.08802143177775644
159,15.9,0,0.1,-4.571245422483223,1.019453043130008,0.192662512467799
159,15.9,1,0.2,-4.411515562328059,1.0124167510483546,0.12340295431400294
159,15.9,2,0.3,-4.358339580480533,1.008923748075803,0.08884166737588327
160,16.0,0,0.1,-4.5518969395217255,1.0195368779487115,0.1934848296149745
160,16.0,1,0.2,-4.399094654592432,1.0124983675850998,0.12420907735627695
160,16.0,2,0.3,-4.3493882340006875,1.008991529589903,0.08951346479845444
161,16.1,0,0.1,-4.532529973816978,1.0195557219612041,0.19366965704746777
161,16.1,1,0.2,-4.386620166698895,1.0125526188609,0.12474487893536157
161,16.1,2,0.3,-4.340386037592203,1.009042838041685,0.09002196408484636
162,16.2,0,0.1,-4.513207413396324,1.0195104493049028,0.19322560420655022
162,16.2,1,0.2,-4.374120412213908,1.012578202937454,0.1249975448498768
162,16.2,2,0.3,-4.331350495395549,1.0090764859314203,0.09035542196653894
163,16.3,0,0.1,-4.493990627930712,1.0194026163360759,0.19216785465611513
163,16.3,1,0.2,-4.3616246692333975,1.0125741409836062,0.12495742980510194
163,16.3,2,0.3,-4.322299991305299,1.0090915837393786,0.09050504090249638
164,16.4,0,0.1,-4.474938819489639,1.0192344521976175,0.19051808441073753
164,16.4,1,0.2,-4.349162853019727,1.0125397881995601,0.12461816213671194
164,16.4,2,0.3,-4.313253517280805,1.0090875170421374,0.09046474024494182
165,16.5,0,0.1,-4.456108397366349,1.0190088326107527,0.18830422123289292
165,16.5,1,0.2,-4.336765167402296,1.0124748555013345,0.123976856174302
165,16.5,2,0.3,-4.304230426270123,1.0090639218106539,0.09023091010682421
166,16.6,0,0.1,-4.437552388848911,1.0187292410862163,0.18556008517438285
166,16.6,1,0.2,-4.324461727090488,1.012379438995493,0.12303440311808347
166,16.6,2,0.3,-4.29525020767667,1.0090206617285251,0.08980218593452755
167,16.7,0,0.1,-4.4193198947767804,1.0183997207660325,0.18232494072130512
167,16.7,1,0.2,-4.312282149304786,1.0122540508864046,0.12179577785701927
167,16.7,2,0.3,-4.286332280368446,1.008957810492247,0.08917927308224462
168,16.8,0,0.1,-4.401455597391809,1.018024818385785,0.17864297384970942
168,16.8,1,0.2,-4.300255121092254,1.012099643740674,0.12027028212531483
168,16.8,2,0.3,-4.277495796747766,1.0088756405937387,0.08836483620679889
169,16.9,0,0.1,-4.3839993283311385,1.0176095201575248,0.17456269060671142
169,16.9,1,0.2,-4.2884079564678865,1.011917620237362,0.11847164624368109
169,16.9,2,0.3,-4.268759451722385,1.008774618262459,0.08736345025380751
170,17.0,0,0.1,-4.366985705973044,1.017159178337431,0.17013622358094097
170,17.0,1,0.2,-4.276766163419218,1.011709822459825,0.1164179304866836
170,17.0,2,0.3,-4.260141292537469,1.0086554024313112,0.0861815918491603
171,17.1,0,0.1,-4.350443852757943,1.0166794271983695,0.1654185321510114
171,17.1,1,0.2,-4.265353043668278,1.0114784978882625,0.11413119750939786
171,17.1,2,0.3,-4.251658528915112,1.0085188442105681,0.08482763622357105
172,17.2,0,0.1,-4.334397203569839,1.0161760880899178,0.16046649188103843
172,17.2,1,0.2,-4.254189347456401,1.0112262428021197,0.11163696211877532
172,17.2,2,0.3,-4.2433273470266,1.0083659827613412,0.0833118188851163
173,17.3,0,0.1,-4.318863415036409,1.0156550649736644,0.15533788533429904
173,17.3,1,0.2,-4.243293001771811,1.0109559270690374,0.10896345684589925
173,17.3,2,0.3,-4.235162734539789,1.008198033830863,0.08164612486811212
174,17.400000000000002,0,0.1,-4.303854382373137,1.0151222338316264,0.15009032663271923
174,17.400000000000002,1,0.2,-4.232678924211739,1.0106706067058486,0.10614077560071448
174,17.400000000000002,2,0.3,-4.227178326446102,1.0080163684849652,0.07984408093687165
175,17.5,0,0.1,-4.289376365322633,1.014583331172119,0.14478017050503975
175,17.5,1,0.2,-4.222358927220104,1.0103734318181479,0.10319996991635215
175,17.5,2,0.3,-4.219386281969506,1.0078224814592391,0.0779204447659615
176,17.6,0,0.1,-4.275430218410732,1.014043848075337,0.13946146911900906
176,17.6,1,0.2,-4.212341709989301,1.010067557500725,0.10017217230803367
176,17.6,2,0.3,-4.211797201421034,1.0076179506064447,0.07589080548471186
177,17.7,0,0.1,-4.262011714026621,1.013508936549494,0.1341850438411136
177,17.7,1,0.2,-4.202632928911417,1.0097560641894694,0.09708781077884183
177,17.7,2,0.3,-4.204420088687642,1.0074043906657368,0.07377112733392523
178,17.8,0,0.1,-4.24911194071164,1.0129833343101557,0.1289977331498075
178,17.8,1,0.2,-4.1932353328358385,1.0094418921316577,0.09397596075577974
178,17.8,2,0.3,-4.197262360817832,1.0071834056321909,0.07157727869809959
179,17.900000000000002,0,0.1,-4.236717754413463,1.0124713125347782,0.12394186298177169
179,17.900000000000002,1,0.2,-4.184148946872462,1.0091277924851745,0.09086385963376613
179,17.900000000000002,2,0.3,-4.190329901771321,1.0069565441649249,0.06932459046510865
180,18.0,0,0.1,-4.224812258009952,1.011976648914104,0.1190549640351105
180,18.0,1,0.2,-4.175371288038582,1.0088162954447737,0.0877765883388034
180,18.0,2,0.3,-4.183627153687351,1.0067252617729945,0.06702748083969788
181,18.1,0,0.1,-4.213375284490717,1.0115026257497561,0.11436973519234621
181,18.1,1,0.2,-4.166897597362384,1.0085096940149032,0.084736906761974
181,18.1,2,0.3,-4.177157236608276,1.0064908922039535,0.06469917079074869
182,18.2,0,0.1,-4.202383861806529,1.011052050294791,0.10991422684188969
182,18.2,1,0.2,-4.158721075635104,1.008210040775184,0.08176521727279959
182,18.2,2,0.3,-4.170922086712863,1.0062546289063297,0.06235149895413761
183,18.3,0,0.1,-4.191812642220065,1.0106272923398498,0.10571219586463193
183,18.3,1,0.2,-4.150833113301906,1.0079191542677461,0.07887962333198105
183,18.3,2,0.3,-4.164922603614244,1.006017516042087,0.059994830986188886
184,18.400000000000002,0,0.1,-4.181634285405276,1.010230332481132,0.10178356814788925
184,18.400000000000002,1,0.2,-4.1432235084943985,1.007638631430501,0.076096048075075
184,18.400000000000002,2,0.3,-4.159158798698445,1.0057804475990486,0.05763804915798783
185,18.5,0,0.1,-4.1718197917588995,1.0098628137388508,0.09814493646376864
185,18.5,1,0.2,-4.135880670531052,1.0073698627036256,0.07342837963346384
185,18.5,2,0.3,-4.153629938213349,1.0055441728411805,0.05528860485095717
186,18.6,0,0.1,-4.162338789550236,1.0095260892876856,0.09481002208663412
186,18.6,1,0.2,-4.128791809060997,1.007114046925421,0.07088861470054729
186,18.6,2,0.3,-4.14833467630305,1.0053093065887895,0.05295261910298979
187,18.7,0,0.1,-4.153159785824555,1.009221259971501,0.09179003725680897
187,18.7,1,0.2,-4.12194311122503,1.006872203798096,0.06848697835967567
187,18.7,2,0.3,-4.143271174065396,1.0050763434297625,0.05063502237654058
188,18.8,0,0.1,-4.144250395696618,1.0089491968742843,0.08909390127936996
188,18.8,1,0.2,-4.115319910658745,1.0066451824625275,0.06623200566284643
188,18.8,2,0.3,-4.138437200935724,1.0048456756267017,0.04833973129672418
189,18.900000000000002,0,0.1,-4.135577567317993,1.0087105463162147,0.08672828378624918
189,18.900000000000002,1,0.2,-4.108906852821385,1.0064336655219779,0.06413057837359923
189,18.900000000000002,2,0.3,-4.1338302145030745,1.0046176149101271,0.04606986432649164
190,19.0,0,0.1,-4.127107820098382,1.0085057170085494,0.08469747219611537
190,19.0,1,0.2,-4.102688060990133,1.0062381686631763,0.06218791831252756
190,19.0,2,0.3,-4.129447414679442,1.004392418337653,0.043827998236328596
191,19.1,0,0.1,-4.1188075116769856,1.0083348514878998,0.08300308421396056
191,19.1,1,0.2,-4.096647306339819,1.0060590368028133,0.0604075465031331
191,19.1,2,0.3,-4.125285768445551,1.0041703179088872,0.041616462338910885
192,19.2,0,0.1,-4.110643144891895,1.0081977861149007,0.08164366785090311
192,19.2,1,0.2,-4.090768183913484,1.0058964383841669,0.05879122426335163
192,19.2,2,0.3,-4.121342002550047,1.003951552773399,0.03943765895504021
193,19.3,0,0.1,-4.102581720032252,1.0080940056353394,0.08061424859643003
193,19.3,1,0.2,-4.085034294139966,1.005750359983895,0.05733889773518105
193,19.3,2,0.3,-4.117612563664269,1.0037364018963284,0.03729438885777317
194,19.400000000000002,0,0.1,-4.094591130629167,1.0080225993652745,0.07990589403084833
194,19.400000000000002,1,0.2,-4.079429427126413,1.005620603667553,0.05604867013553259
194,19.400000000000002,2,0.3,-4.11409354842118,1.0035252142465594,0.03519015243089235
195,19.5,0,0.1,-4.0866405937483155,1.0079822263262281,0.07950536880852069
195,19.5,1,0.2,-4.073937744594028,1.0055067894623972,0.054916825323846404
195,19.5,2,0.3,-4.110780609063606,1.0033184332064218,0.033129393575742225
196,19.6,0,0.1,-4.078701099069567,1.0079710960442196,0.07939494678747992
196,19.6,1,0.2,-4.068543952440974,1.0054083648388477,0.05393792153053946
196,19.6,2,0.3,-4.1076688435073425,1.0031166121245263,0.031117655562633132
197,19.7,0,0.1,-4.070745855839095,1.0079869702541602,0.07955243230472311
197,19.7,1,0.2,-4.063233455910316,1.0053246222110817,0.05310496530658184
197,19.7,2,0.3,-4.104752680892906,1.0029204187528253,0.029161626144365637
198,19.8,0,0.1,-4.062750713786787,1.0080271885490244,0.07995142052307777
198,19.8,1,0.2,-4.0579924895307995,1.0052547242681886,0.052409663795164686
198,19.8,2,0.3,-4.102025774697476,1.002730627585988,0.027269061954297735
199,19.900000000000002,0,0.1,-4.054694533795952,1.0080887183283993,0.08056179990835297
199,19.900000000000002,1,0.2,-4.0528082155329574,1.0051977355991075,0.05184273997841975
199,19.900000000000002,2,0.3,-4.099480914994872,1.0025481006066894,0.025448597026045044
200,20.0,0,0.1,-4.0465594866233285,1.008168226579861,0.0813504717262354
200,20.0,1,0.2,-4.047668787239271,1.0051526578096188,0.051394282936866306
200,20.0,2,0.3,-4.09710996956951,1.0023737583391157,0.023709454253620317
201,20.1,0,0.1,-4.038331263021928,1.0082621684713373,0.08228223601400292
201,20.1,1,0.2,-4.042563377647493,1.0051184644025912,0.0510540959177767
201,20.1,2,0.3,-4.094903860663378,1.0022085441548627,0.022061089061313453
202,20.2,0,0.1,-4.029999185551781,1.0083668858358017,0.08332077470147148
202,20.2,1,0.2,-4.037482177510685,1.0050941313269348,0.050812001368082366
202,20.2,2,0.3,-4.092852580700002,1.0020533852774045,0.020512799633767724
203,20.3,0,0.1,-4.02155622020399,1.008478707699389,0.08442965347791423
203,20.3,1,0.2,-4.032416370968935,1.0050786594339658,0.050658065417498566
203,20.3,2,0.3,-4.090945246982357,1.0019091538356064,0.019073337176447054
204,20.400000000000002,0,0.1,-4.012998893591131,1.0085940451951398,0.08557326612858118
204,20.400000000000002,1,0.2,-4.027358099498649,1.005071086122973,0.05058271470286185
204,20.400000000000002,2,0.3,-4.089170192625387,1.0017766306985143,0.01775054356969871
205,20.5,0,0.1,-4.004327127797166,1.008709474476432,0.08671765793965854
205,20.5,1,0.2,-4.022300426040726,1.0050704850782175,0.05057673457923181
205,20.5,2,0.3,-4.087515089195792,1.0016564738692455,0.016551034295951082
206,20.6,0,0.1,-3.9955440092005046,1.0088218033574718,0.08783118596661019
206,20.6,1,0.2,-4.017237310334173,1.0050759549365713,0.05063115706552529
206,20.6,2,0.3,-4.085967095778711,1.0015491921773678,0.0154799341708054
207,20.7,0,0.1,-3.9866555092504545,1.0089281199662337,0.08888499950050223
207,20.7,1,0.2,-4.012163603745001,1.005086599634403,0.05073706589172497
207,20.7,2,0.3,-4.084513029299983,1.0014551241459677,0.014540664787281754
208,20.8,0,0.1,-3.9776701743293716,1.009025824222023,0.0898533492108276
208,20.8,1,0.2,-4.00707506762882,1.0051015047037943,0.0508853611618047
208,20.8,2,0.3,-4.0831395515243845,1.0013744214281781,0.013734777755986886
209,20.900000000000002,0,0.1,-3.968598798963005,1.0091126449882368,0.09071375366366356
209,20.900000000000002,1,0.2,-4.001968414187395,1.0051197146196165,0.05106653441424951
209,20.900000000000002,2,0.3,-4.081833368740352,1.0013070362123024,0.013061827840328092
210,21.0,0,0.1,-3.9594540925800725,1.0091866469576103,0.09144706382932827
210,21.0,1,0.2,-3.9968413637392515,1.0051402162622738,0.05127050448143876
210,21.0,2,0.3,-4.0805814402722,1.001252712457729,0.012519284681520571
211,21.1,0,0.1,-3.9502503457545797,1.0092462315428052,0.09203746825492723
211,21.1,1,0.2,-3.991692708199418,1.0051619326433987,0.05148655539833607
211,21.1,2,0.3,-4.07937119133251,1.0012109815864696,0.012102489396896671
212,21.2,0,0.1,-3.941003098321434,1.0092901353220622,0.09247247433145953
212,21.2,1,0.2,-3.9865223680706294,1.0051837294030668,0.05170340128788475
212,21.2,2,0.3,-4.078190724301178,1.0011811640567823,0.01180467031331592
213,21.3,0,0.1,-3.9317288096225447,1.0093174281738386,0.09274288698889112
213,21.3,1,0.2,-3.9813314298043654,1.0052044345289561,0.05190938266263971
213,21.3,2,0.3,-4.077029020558125,1.001162378782219,0.011617037430528944
214,21.400000000000002,0,0.1,-3.9224445307263314,1.0093275115044762,0.09284278896213173
214,21.400000000000002,1,0.2,-3.976122152031242,1.0052228696516232,0.052092777731233365
214,21.400000000000002,2,0.3,-4.075876123038301,1.001153562361643,0.011528975198240424
215,21.5,0,0.1,-3.9131675796583405,1.0093201153529503,0.09276951067991066
215,21.5,1,0.2,-3.970897932544016,1.0052378895165617,0.05224219487225956
215,21.5,2,0.3,-4.074723288411652,1.0011534993959186,0.01152834626648971
216,21.6,0,0.1,-3.903915223004225,1.0092952920215597,0.0925235665411548
216,21.6,1,0.2,-3.9656632324028562,1.0052484251222134,0.05234700141159824
216,21.6,2,0.3,-4.073563097891845,1.0011608638011815,0.011601905198075193
217,21.7,0,0.1,-3.8947043699745607,1.009253403478068,0.09210853029664375
217,21.7,1,0.2,-3.96042345832689,1.0052535257001267,0.05239774075966542
217,21.7,2,0.3,-4.072389517607643,1.0011742691990158,0.011735802842016946
218,21.8,0,0.1,-3.8855512873596036,1.009195100174524,0.09153082614956934
218,21.8,1,0.2,-3.9551848088591166,1.0052523951844112,0.05238649467773119
218,21.8,2,0.3,-4.071197903311026,1.0011923245510215,0.011916142966174988
219,21.900000000000002,0,0.1,-3.8764713450664363,1.0091212900194308,0.09079942293167202
219,21.900000000000002,1,0.2,-3.9499540930371584,1.0052444198995898,0.052307158219581464
219,21.900000000000002,2,0.3,-4.069984949558774,1.0012136896781725,0.012129537522520379
220,22.0,0,0.1,-3.867478801693543,1.0090330977622677,0.0899254337289365
220,22.0,1,0.2,-3.944738532144722,1.0052291856066915,0.05215560892436355
220,22.0,2,0.3,-4.068748589561711,1.0012371246051617,0.012363599970628678
221,22.1,0,0.1,-3.8585866377731164,1.0089318166557493,0.0889216392042634
221,22.1,1,0.2,-3.939545555549254,1.0052064834685992,0.051929765954680615
221,22.1,2,0.3,-4.067487857533499,1.0012615270849181,0.01260732028211624
222,22.2,0,0.1,-3.84980644116346,1.0088188555975792,0.0878019660965653
222,22.2,1,0.2,-3.934382600916203,1.0051763056503324,0.05162954633051275
222,22.2,2,0.3,-4.066202729438094,1.001285954226373,0.01285128095405624
223,22.3,0,0.1,-3.8411483451490835,1.0086956857344909,0.0865809601437638
223,22.3,1,0.2,-3.9292569276666858,1.0051388319855015,0.05125673249516998
223,22.3,2,0.3,-4.064893959632168,1.0013096266188772,0.013087698059255174
224,22.400000000000002,0,0.1,-3.832621015808843,1.0085637905783853,0.08527329340240243
224,22.400000000000002,1,0.2,-3.9241754508856053,1.0050944093805074,0.05081476781080435
224,22.400000000000002,2,0.3,-4.063562929625665,1.0013319162200913,0.013310300065034563
225,22.5,0,0.1,-3.8242316818521616,1.008424623033721,0.083893339566818
225,22.5,1,0.2,-3.9191446013682603,1.005043525488832,0.050308495173451116
225,22.5,2,0.3,-4.062211521272719,1.0013523219166998,0.013514083529458109
226,22.6,0,0.1,-3.8159861979656426,1.0082795715140298,0.08245483886518795
226,22.6,1,0.2,-3.91417021630475,1.004986777857212,0.04974385063510152
226,22.6,2,0.3,-4.060842020995642,1.001370438470818,0.01369500277077032
227,22.7,0,0.1,-3.8078891320650885,1.008129935795327,0.08097065900554318
227,22.7,1,0.2,-3.909257464214567,1.0049248394426822,0.04912752090183153
227,22.7,2,0.3,-4.0594570553911105,1.0013859251123047,0.013849656045313036
228,22.8,0,0.1,-3.7999438677036474,1.0079769117343849,0.07945264361440939
228,22.8,1,0.2,-3.904410806948527,1.004858421307114,0.048466572660398756
228,22.8,2,0.3,-4.058059553129722,1.0013984792227226,0.013975022613887746
229,22.900000000000002,0,0.1,-3.7921527149330134,1.0078215827783246,0.07791152770633913
229,22.900000000000002,1,0.2,-3.8996340005702153,1.0047882335057128,0.04776806378311725
229,22.900000000000002,2,0.3,-4.056652724552412,1.0014078186248536,0.014068285773092071
230,23.0,0,0.1,-3.7845170256071343,1.0076649155416972,0.07635689325879265
230,23.0,1,0.2,-3.894930135440181,1.0047149456705924,0.04703865130034502
230,23.0,2,0.3,-4.055240049370955,1.0014136734770755,0.014126751814576313
231,23.1,0,0.1,-3.777037311802303,1.0075077567382358,0.07479713804831149
231,23.1,1,0.2,-3.8903017137185283,1.0046391494098386,0.04628421721652499
231,23.1,2,0.3,-4.053825264297946,1.0014157863535535,0.014147850730088306
232,23.2,0,0.1,-3.769713368081512,1.0073508293929077,0.07323943720791415
232,23.2,1,0.2,-3.885750759854992,1.004561325181231,0.045509538635363084
232,23.2,2,0.3,-4.052412345537769,1.0014139174001653,0.014129187601766038
233,23.3,0,0.1,-3.7625443992988,1.0071947273567625,0.07168968782711792
233,23.3,1,0.2,-3.8812789567582886,1.0044818165286393,0.04471803096703411
233,23.3,2,0.3,-4.051005484738053,1.0014078508926245,0.01406860799716172
234,23.400000000000002,0,0.1,-3.755529155328735,1.0070399084360602,0.07015243970064933
234,23.400000000000002,1,0.2,-3.876887797713379,1.0044008143112189,0.04391159044909658
234,23.400000000000002,2,0.3,-4.049609060053664,1.0013974001393364,0.01396424684389588
235,23.5,0,0.1,-3.748666072628373,1.0068866876223834,0.06863082700361879
235,23.5,1,0.2,-3.8725787422993974,1.0043183527427002,0.043090554139816134
235,23.5,2,0.3,-4.048227605544029,1.0013824091574661,0.013814545096347015
236,23.6,0,0.1,-3.7419534202823095,1.0067352326932213,0.06712652346063568
236,23.6,1,0.2,-3.8683533640358245,1.0042343177607924,0.04225378263572772
236,23.6,2,0.3,-4.046865781913351,1.0013627513335528,0.01361823630677586
237,23.7,0,0.1,-3.7353894457244796,1.0065855646519195,0.06563974557830006
237,23.7,1,0.2,-3.8642134785304982,1.0041484666689167,0.04139885505326379
237,23.7,2,0.3,-4.045528349968441,1.0013383267058635,0.013374319449104562
238,23.8,0,0.1,-3.7289725133130287,1.0064375650313366,0.06416932411450824
238,23.8,1,0.2,-3.86016124350439,1.004060456431733,0.04052235026108018
238,23.8,2,0.3,-4.044220145989084,1.0013090600514476,0.01308203979356807
239,23.900000000000002,0,0.1,-3.7227012279141647,1.0062909910809228,0.06271285398863924
239,23.900000000000002,1,0.2,-3.8561992258853017,1.0039698767868546,0.03962017619088375
239,23.900000000000002,2,0.3,-4.0429460565773425,1.001274901408472,0.012740894117415455
240,24.0,0,0.1,-3.7165745359750204,1.0061454985039286,0.0612669193914441
240,24.0,1,0.2,-3.8523304355822168,1.003876283732676,0.038687903030850394
240,24.0,2,0.3,-4.041710990403968,1.0012358291816903,0.012350661733746812
241,24.1,0,0.1,-3.7105917982897907,1.0060006700039514,0.05982737685229637
241,24.1,1,0.2,-3.8485583298036623,1.0037792291234107,0.03772105778554415
241,24.1,2,0.3,-4.04051984602018,1.0011918540780145,0.011911443837879617
242,24.2,0,0.1,-3.7047528315331895,1.005856046749983,0.05838966756601351
242,24.2,1,0.2,-3.8448867950996894,1.0036782830439082,0.03671534703972935
242,24.2,2,0.3,-4.039377478268265,1.0011430205024918,0.01142367751914921
243,24.3,0,0.1,-3.6990579191366577,1.005711159236936,0.05694912396531667
243,24.3,1,0.2,-3.8413201160881902,1.0035730471799047,0.03566679011499157
243,24.3,2,0.3,-4.038288669852407,1.0010894013829308,0.01088808415857996
244,24.400000000000002,0,0.1,-3.693507795552279,1.005565554054076,0.055501235843785954
244,24.400000000000002,1,0.2,-3.837862939771686,1.0034631592432364,0.03457176316504058
244,24.400000000000002,2,0.3,-4.037258117952291,1.0010310831011864,0.010305519001159023
245,24.5,0,0.1,-3.6881036107185956,1.0054188137811817,0.054041848336835493
245,24.5,1,0.2,-3.834520242526244,1.0033482902880928,0.03342697245442299
245,24.5,2,0.3,-4.036290446994848,1.0009681393020389,0.009676709574426774
246,24.6,0,0.1,-3.682846883085312,1.0052705684678602,0.052567276332834784
246,24.6,1,0.2,-3.831297303669929,1.0032281381078736,0.03222938856314926
246,24.6,2,0.3,-4.0353902568880375,1.0009005953995298,0.00900190106810848
247,24.7,0,0.1,-3.677739449602541,1.0051204986548572,0.051074334827713154
247,24.7,1,0.2,-3.8281996856799707,1.0031024205661325,0.030976179899582894
247,24.7,2,0.3,-4.034562210973815,1.0008283888388865,0.008280459142229368
248,24.8,0,0.1,-3.6727834196841145,1.0049683313483917,0.04956029918426293
248,24.8,1,0.2,-3.825233217433081,1.0029708725678355,0.029664682468894664
248,24.8,2,0.3,-4.033811160383878,1.000751332699053,0.007510505899368418
249,24.900000000000002,0,0.1,-3.667981137667389,1.0048138314534927,0.04802282016725211
249,24.900000000000002,1,0.2,-3.8224039740542675,1.0028332494650354,0.028292433788136992
249,24.900000000000002,2,0.3,-4.033142292871411,1.0006690912542224,0.006688675124664105
250,25.0,0,0.1,-3.663335155290911,1.0046567916860707,0.04645982376478496
250,25.0,1,0.2,-3.819718245639544,1.0026893382142055,0.026857284147233113
250,25.0,2,0.3,-4.032561286472024,1.0005811752162985,0.005810063993871974
251,25.1,0,0.1,-3.658848212865403,1.0044970238242517,0.04486942425507781
251,25.1,1,0.2,-3.8171824875247578,1.0025389758686352,0.02535758114786421
251,25.1,2,0.3,-4.032074443400288,1.0004869615990588,0.004868430717364022
252,25.2,0,0.1,-3.654523225732423,1.0043343533879392,0.043249871329798885
252,25.2,1,0.2,-3.8148032468177804,1.0023820733462128,0.02379240706977421
252,25.2,2,0.3,-4.031688778768081,1.0003857390103725,0.003856646322066919
253,25.3,0,0.1,-3.650363271702063,1.0041686186497671,0.0415995403036001
253,25.3,1,0.2,-3.8125870631919807,1.002218641175857,0.02216183625799641
253,25.3,2,0.3,-4.031412042483431,1.0002767745796675,0.002767362846496329
254,25.400000000000002,0,0.1,-3.64637157556232,1.0039996735697396,0.039916961397432046
254,25.400000000000002,1,0.2,-3.8105403458323863,1.0020488133152685,0.020467173595943564
254,25.400000000000002,2,0.3,-4.0312526605023224,1.000159394683092,0.0015938198110898357
255,25.5,0,0.1,-3.6425514882728725,1.0038273931229085,0.03820087289447464
255,25.5,1,0.2,-3.8086692322218836,1.0018728652359006,0.018711136105027792
255,25.5,2,0.3,-4.031219592021903,1.0000330690271877,0.0003306848041972969
256,25.6,0,0.1,-3.638906460646509,1.003651678818366,0.036450276263634875
256,25.6,1,0.2,-3.8069794374956505,1.0016912232338562,0.01689794726233072
256,25.6,2,0.3,-4.031322110246214,0.9998974870305025,-0.0010251822431150825
257,25.7,0,0.1,-3.6354400135800793,1.0034724621423676,0.03466447066429697
257,25.7,1,0.2,-3.8054761048928616,1.0015044631737164,0.015033326027889303
257,25.7,2,0.3,-4.031569523985575,0.9997526168648943,-0.0024741373936088525
258,25.8,0,0.1,-3.632155708612181,1.003289704206757,0.03284304967898286
258,25.8,1,0.2,-3.804163668158503,1.0013132983563495,0.013124367343584166
258,25.8,2,0.3,-4.031970863929091,0.9995987405825861,-0.004013399435160934
259,25.900000000000002,0,0.1,-3.629057123282226,1.0031033909076938,0.030985853299547287
259,25.900000000000002,1,0.2,-3.803045735626609,1.0011185576513926,0.011179325318941676
259,25.900000000000002,2,0.3,-4.032534560053205,0.9994364627226983,-0.005636961241135472
260,26.0,0,0.1,-3.6261478352202974,1.002913524147444,0.029092880619288674
260,26.0,1,0.2,-3.8021250034173897,1.0009211562132414,0.009207322092193078
260,26.0,2,0.3,-4.033268135262092,0.9992666937916252,-0.007335752088870762
261,26.1,0,0.1,-3.6234314171879123,1.0027201108388268,0.027164180323850543
261,26.1,1,0.2,-3.8014032021361035,1.0007220618425183,0.007218012812861727
261,26.1,2,0.3,-4.034177935742942,0.9990906132621228,-0.009098004808505292
262,26.2,0,0.1,-3.6209114427806837,1.002523152211503,0.02519974407228674
262,26.2,1,0.2,-3.8008810781726643,1.000522260293882,0.0052212396343921386
262,26.2,2,0.3,-4.035268911928154,0.9989096187129476,-0.010909761852113908
263,26.3,0,0.1,-3.6185914997597606,1.0023226361709823,0.023199430209230546
263,26.3,1,0.2,-3.8005584076458123,1.0003227225905862,0.0032267052685197124
263,26.3,2,0.3,-4.03654445683346,0.9987252682563184,-0.012755449053063292
264,26.400000000000002,0,0.1,-3.616475205634307,1.0021185350564108,0.02116294125453747
264,26.400000000000002,1,0.2,-3.8004340385931936,1.0001243767867698,0.0012436905261869846
264,26.400000000000002,2,0.3,-4.0380063021789745,0.9985392226299242,-0.014618453455143912
265,26.5,0,0.1,-3.6145662187292182,1.0019108101806087,0.019089869050886017
265,26.5,1,0.2,-3.8005059554126452,0.999928085766501,-0.000719168194516244
265,26.5,2,0.3,-4.039654467996831,0.9983531916615386,-0.016481658178566855
266,26.6,0,0.1,-3.612868237892831,1.0016994232221132,0.016979808363872563
266,26.6,1,0.2,-3.8007713588857874,0.9997346317432438,-0.002654034731421857
266,26.6,2,0.3,-4.041487258778534,0.9981688877536973,-0.01832790781702594
267,26.7,0,0.1,-3.6113849852956674,1.0014843531603674,0.014832525971635629
267,26.7,1,0.2,-3.8012267552957217,0.9995447072672721,-0.004553964099343152
267,26.7,2,0.3,-4.043501298531865,0.9979879870638073,-0.020140397533312968
268,26.8,0,0.1,-3.6101201692122338,1.0012656163006364,0.012648160834336328
268,26.8,1,0.2,-3.801868049013214,0.9993589118673746,-0.006412937174924325
268,26.8,2,0.3,-4.04569159796105,0.9978120975262732,-0.021902994291851073
269,26.900000000000002,0,0.1,-3.6090774267883523,1.0010432862687764,0.010427424238814561
269,26.900000000000002,1,0.2,-3.8026906342369426,0.999177753006749,-0.008225852237284554
269,26.900000000000002,2,0.3,-4.048051648730978,0.9976427319603317,-0.023600507699281455
270,27.0,0,0.1,-3.6082602499658494,1.0008175108024497,0.00817176822502947
270,27.0,1,0.2,-3.8036894830838266,0.9990016498365751,-0.009988488468839698
270,27.0,2,0.3,-4.050573541784597,0.9974812842471694,-0.025218930536184386
271,27.1,0,0.1,-3.6076719003540454,1.000588522723385,0.0058834961180397605
271,27.1,1,0.2,-3.804859228705422,0.9988309382641307,-0.01169745621595536
271,27.1,2,0.3,-4.053248108413035,0.9973290068383518,-0.02674566628438197
272,27.2,0,0.1,-3.6073153204241097,1.0003566435121158,0.003565799299356596
272,27.2,1,0.2,-3.8061942433688007,0.9986658760722715,-0.01335014663378626
272,27.2,2,0.3,-4.056065083856153,0.9971869885092128,-0.028169754431184902
273,27.3,0,0.1,-3.607193048706573,1.000122279193028,0.001222717175366466
273,27.3,1,0.2,-3.807688712352284,0.9985066471791952,-0.014944689834832447
273,27.3,2,0.3,-4.059013293437172,0.997056132121051,-0.029482095810182265
274,27.400000000000002,0,0.1,-3.607307145712192,0.9998859095031967,-0.0011409700561903883
274,27.400000000000002,1,0.2,-3.809336704991804,0.9983533645546989,-0.01647992639520067
274,27.400000000000002,2,0.3,-4.0620808605618475,0.9969371330520923,-0.030675671246757748
275,27.5,0,0.1,-3.6076591353399885,0.9996480723132851,-0.0035198962779637495
275,27.5,1,0.2,-3.8111322442516333,0.9982060717564288,-0.017955392598292645
275,27.5,2,0.3,-4.065255434419244,0.9968304597742378,-0.03174573857396791
276,27.6,0,0.1,-3.6082499640283388,0.9994093458165502,-0.00590828688350245
276,27.6,1,0.2,-3.8130693758156613,0.9980647434643993,-0.019371315640279444
276,27.6,2,0.3,-4.068524433094261,0.9967363386836287,-0.032689986750166856
277,27.7,0,0.1,-3.609079977361053,0.9991703310330694,-0.0083001333271417
277,27.7,1,0.2,-3.8151422369839074,0.9979292857248052,-0.020728611682461647
277,27.7,2,0.3,-4.071875295331351,0.9966547456362906,-0.03350862237089985
278,27.8,0,0.1,-3.610148911733462,0.9989316367344269,-0.010689343724092762
278,27.8,1,0.2,-3.817345124741023,0.9977995368194366,-0.022028877571153814
278,27.8,2,0.3,-4.075295731761719,0.9965854065985171,-0.03420436430368441
279,27.900000000000002,0,0.1,-3.611455897350513,0.9986938681166713,-0.013069856170506525
279,27.900000000000002,1,0.2,-3.8196725614033005,0.9976752697183803,-0.023274366622776047
279,27.900000000000002,2,0.3,-4.078773964485861,0.9965278093200577,-0.03478232724141556
280,28.0,0,0.1,-3.6129994684149036,0.998457619628706,-0.015435710643907693
280,28.0,1,0.2,-3.8221193554326285,0.9975561969312643,-0.024467940293280664
280,28.0,2,0.3,-4.0822989429728604,0.996481226956175,-0.03524978486999583
281,28.1,0,0.1,-3.6147775768143435,0.9982234714987512,-0.017781083994399007
281,28.1,1,0.2,-3.824680654508807,0.9974419782516307,-0.025612990761784884
281,28.1,2,0.3,-4.085860524710139,0.9964447531719605,-0.03561581737278224
282,28.2,0,0.1,-3.6167876067165787,0.9979919888550548,-0.020100299022352424
282,28.2,1,0.2,-3.8273519879168627,0.9973322314280377,-0.026713334080557552
282,28.2,2,0.3,-4.089449611142793,0.9964173466394707,-0.0358908643265473
283,28.3,0,0.1,-3.61902638891839,0.9977637220019251,-0.022387822018110307
283,28.3,1,0.2,-3.830129295803111,0.9972265452653446,-0.02777307886248042
283,28.3,2,0.3,-4.09305823312664,0.9963978812675209,-0.036086219838464315
284,28.400000000000002,0,0.1,-3.6214902152457955,0.9975392064014632,-0.02463826327405681
284,28.400000000000002,1,0.2,-3.8330089438553143,0.9971244941572598,-0.028796480522034908
284,28.400000000000002,2,0.3,-4.0966795849898805,0.9963851973233963,-0.03621351863240589
285,28.5,0,0.1,-3.62417485450025,0.9973189611668438,-0.0268463925445467
285,28.5,1,0.2,-3.8359877233342132,0.9970256526827901,-0.02978779478898971
285,28.5,2,0.3,-4.100308011642388,0.9963781481330332,-0.03628426652507143
286,28.6,0,0.1,-3.6270755722269112,0.9971034852901001,-0.02900717726661076
286,28.6,1,0.2,-3.839062837898995,0.9969296087571858,-0.030751145647815566
286,28.6,2,0.3,-4.103938958066626,0.9963756374907046,-0.03630946424238728
287,28.7,0,0.1,-3.6301871569009254,0.9968932512884416,-0.031115846740142446
287,28.7,1,0.2,-3.8422318800461257,0.9968359739667764,-0.03169042147130941
287,28.7,2,0.3,-4.10756889402252,0.9963766442972547,-0.03629935955893415
288,28.8,0,0.1,-3.6335039550404358,0.9966886963590461,-0.0331679813951031
288,28.8,1,0.2,-3.845492800940023,0.9967443901341252,-0.032609208938971325
288,28.8,2,0.3,-4.111195228146139,0.9963802330852728,-0.036263341236190724
289,28.900000000000002,0,0.1,-3.6370199173737308,0.9964902114245832,-0.035159623332949363
289,28.900000000000002,1,0.2,-3.8488438777431018,0.9966545317881023,-0.03351076803078842
289,28.900000000000002,2,0.3,-4.11481622445976,0.9963855515878367,-0.03620996313621509
290,29.0,0,0.1,-3.6407286576367874,0.9962981286198548,-0.03708740263056755
290,29.0,1,0.2,-3.852283682163485,0.9965661049292309,-0.03439804420383459
290,29.0,2,0.3,-4.118430930799973,0.9963918188461713,-0.03614706340212847
291,29.1,0,0.1,-3.6446235249510246,0.9961127078435246,-0.03894867314237105
291,29.1,1,0.2,-3.855811052899608,0.9964788431276846,-0.03527370736122698
291,29.1,2,0.3,-4.122039123504396,0.9963983090007212,-0.036081927044228676
292,29.2,0,0.1,-3.648697690073628,0.995934123028534,-0.04074165122603366
292,29.2,1,0.2,-3.859425073195311,0.9963925024155428,-0.03614020295703201
292,29.2,2,0.3,-4.125641266983801,0.9964043364565299,-0.03602143479405206
293,29.3,0,0.1,-3.652944245120443,0.9957624488184225,-0.042465550468148656
293,29.3,1,0.2,-3.863125053164036,0.9963068565229329,-0.03699979968724901
293,29.3,2,0.3,-4.129238481839798,0.9964092473703687,-0.03597214855997015
294,29.400000000000002,0,0.1,-3.6573563156052793,0.995597648399424,-0.04412070484836432
294,29.400000000000002,1,0.2,-3.8669105152747223,0.9962216937187881,-0.037854621106862565
294,29.400000000000002,2,0.3,-4.132832512161201,0.9964124204751394,-0.03594030321402768
295,29.5,0,0.1,-3.661927182799188,0.995439563321325,-0.045708671939089646
295,29.5,1,0.2,-3.870781180744855,0.9961368158997186,-0.038706654701328995
295,29.5,2,0.3,-4.136425682349687,0.9964132775226296,-0.03593170188486004
296,29.6,0,0.1,-3.6666504135084863,0.995287906203899,-0.047232307092980756
296,29.6,1,0.2,-3.8747369547541277,0.9960520397581721,-0.039557740092725495
296,29.6,2,0.3,-4.140020836491706,0.9964113006869479,-0.0359515414201889
297,29.7,0,0.1,-3.671519993477549,0.9951422572136442,-0.04869579969062891
297,29.7,1,0.2,-3.878777909379545,0.9959671990451568,-0.040409546254172896
297,29.7,2,0.3,-4.143621258427427,0.9964060518115995,-0.036004219357207094
298,29.8,0,0.1,-3.6765304598701825,0.9950020650558992,-0.0501046639263329
298,29.8,1,0.2,-3.8829042647562746,0.9958821463299102,-0.041263553767296145
298,29.8,2,0.3,-4.147230577170604,0.9963971870182411,-0.03609318743177552
299,29.900000000000002,0,0.1,-3.681677027824819,0.9948666529357586,-0.051465679546364544
299,29.900000000000002,1,0.2,-3.8871163708121053,0.995796752420903,-0.04212106055830607
299,29.900000000000002,2,0.3,-4.150852668705369,0.9963844603259115,-0.036220915347646196
300,30.0,0,0.1,-3.686955706049131,0.994735229515331,-0.052786782243120514
300,30.0,1,0.2,-3.891414693537351,0.9957109018424241,-0.04298322725245643
300,30.0,2,0.3,-4.15449156984182,0.9963677116407769,-0.036389011364513446
301,30.1,0,0.1,-3.692363396890856,0.9946069043976957,-0.05407690841725022
301,30.1,1,0.2,-3.8957998106792933,0.9956244834458712,-0.04385117141942389
301,30.1,2,0.3,-4.1581514214333355,0.9963468375024682,-0.03659851591515332
302,30.2,0,0.1,-3.6978979772688927,0.9944807071955057,-0.055345803780367867
302,30.2,1,0.2,-3.9002724216544853,0.9955373762540641,-0.04472610975192121
302,30.2,2,0.3,-4.161836456099756,0.9963217467413603,-0.03685034666420862
303,30.3,0,0.1,-3.7035583581404805,0.9943556089005922,-0.05660380871587742
303,30.3,1,0.2,-3.904833375222113,0.9954494317860573,-0.04560953567627581
303,30.3,2,0.3,-4.1655510396857505,0.9962923069451566,-0.037145835859941384
304,30.400000000000002,0,0.1,-3.7093445215978336,0.9942305441465836,-0.057861634573529726
304,30.400000000000002,1,0.2,-3.9094837161697322,0.9953604551461895,-0.046503409476192255
304,30.400000000000002,2,0.3,-4.169299766840322,0.9962582905511743,-0.0374872715457192
305,30.5,0,0.1,-3.71525753597122,0.9941044330901305,-0.059130143733866644
305,30.5,1,0.2,-3.914224749269135,0.9952701878580412,-0.04741033099402982
305,30.5,2,0.3,-4.173087600828589,0.9962193308056897,-0.03787833988266956
306,30.6,0,0.1,-3.721299550226677,0.9939762020065716,-0.0604201425545661
306,30.6,1,0.2,-3.9190581155645217,0.9951782956231461,-0.048333662953864855
306,30.6,2,0.3,-4.176920037866086,0.9961748973767747,-0.03832437037496862
307,30.7,0,0.1,-3.7274737693298827,0.9938448022201547,-0.061742191032060564
307,30.7,1,0.2,-3.923985873212993,0.9950843638305059,-0.04927757648471525
307,30.7,2,0.3,-4.180803268802532,0.996124299054755,-0.0388323093644613
308,30.8,0,0.1,-3.7337844120754125,0.9937092275403375,-0.06310642745529636
308,30.8,1,0.2,-3.9290105731059226,0.994987902794501,-0.05024699892929458
308,30.8,2,0.3,-4.18474430741325,0.9960667170900975,-0.03941038610717428
309,30.900000000000002,0,0.1,-3.740236652266192,0.9935685308137802,-0.06452240190779521
309,30.900000000000002,1,0.2,-3.934135318700186,0.9948883635112691,-0.05124745594263496
309,30.900000000000002,2,0.3,-4.188751055737309,0.9960012679819931,-0.040067483240590604
310,31.0,0,0.1,-3.7468365433038056,0.993421840408566,-0.06599891037613632
310,31.0,1,0.2,-3.9393638000066225,0.994785163411208,-0.05228481306436384
310,31.0,2,0.3,-4.19283228282615,0.9959270898002164,-0.04081227088841375
311,31.1,0,0.1,-3.7535909255124564,0.9932683773597554,-0.06754382208650782
311,31.1,1,0.2,-3.9447002934218864,0.9946777203705567,-0.05336493415263912
311,31.1,2,0.3,-4.196997503067661,0.9958434422570746,-0.04165220241510722
312,31.2,0,0.1,-3.7605073151533968,0.9931074735345244,-0.06916389640940471
312,31.2,1,0.2,-3.9501496217681384,0.9945654923103651,-0.054493283462521185
312,31.2,2,0.3,-4.201256752377408,0.9957498084283097,-0.04259249309747395
313,31.3,0,0.1,-3.7675937742921892,0.9929385906065117,-0.07086459138792366
313,31.3,1,0.2,-3.955717072134177,0.9944480191638232,-0.05567450366038261
313,31.3,2,0.3,-4.205620273080505,0.9956459856213258,-0.04363520703096251
314,31.400000000000002,0,0.1,-3.77485876151567,0.992761339004383,-0.07264987223480798
314,31.400000000000002,1,0.2,-3.9614082724834887,0.9943249638522883,-0.05691200349311839
314,31.400000000000002,2,0.3,-4.210098129332349,0.9955321543988029,-0.04477856251844095
315,31.5,0,0.1,-3.782310964851528,0.9925754954829701,-0.0745220333585788
315,31.5,1,0.2,-3.9672290311590084,0.9941961491189559,-0.058207586755198014
315,31.5,2,0.3,-4.214699782893976,0.9954089178246218,-0.04601653561627215
316,31.6,0,0.1,-3.789959119867507,0.9923810177017289,-0.07648155015979155
316,31.6,1,0.2,-3.9731851461260317,0.9940615875222689,-0.059561149670232225
316,31.6,2,0.3,-4.219433663052066,0.9952773069927469,-0.047338801580902194
317,31.7,0,0.1,-3.7978118174761946,0.9921780542734546,-0.07852697608687621
317,31.7,1,0.2,-3.979282192923229,0.9939215024748865,-0.06097046797197377
317,31.7,2,0.3,-4.224306764236176,0.995138753109924,-0.04873101184109989
318,31.8,0,0.1,-3.805877307093793,0.9919669491736242,-0.08065489617598116
318,31.8,1,0.2,-3.9855253017953665,0.9937763388396166,-0.06243108872137437
318,31.8,2,0.3,-4.229324300883194,0.9949950301630555,-0.050175366470179124
319,31.900000000000002,0,0.1,-3.8141633012244545,0.9917482400985769,-0.08285994130661549
319,31.900000000000002,1,0.2,-3.991918935361582,0.9936267622180006,-0.06393633566215494
319,31.900000000000002,2,0.3,-4.2344894422663515,0.9948481750226922,-0.051651413831574164
320,32.0,0,0.1,-3.822676787142474,0.9915226511796142,-0.08513485918019552
320,32.0,1,0.2,-3.9984666784269005,0.9934736466939614,-0.06547743065318608
320,32.0,2,0.3,-4.239803141523374,0.9947003934703205,-0.053136992570222995
321,32.1,0,0.1,-3.831423850186591,0.9912910812140672,-0.08747063044116973
321,32.1,1,0.2,-4.005171051134908,0.9933180514573898,-0.06704372708007071
321,32.1,2,0.3,-4.245264064165375,0.9945539610907536,-0.05460922642001187
322,32.2,0,0.1,-3.8404095115075996,0.9910545890846209,-0.08985661321008515
322,32.2,1,0.2,-4.012033355514057,0.9931611874647706,-0.06862304379149267
322,32.2,2,0.3,-4.250868612912314,0.994411127436738,-0.056045487469393064
323,32.3,0,0.1,-3.8496375812956045,0.9908143781767264,-0.09228069788005469
323,32.3,1,0.2,-4.019053563511787,0.9930043761003022,-0.07020207997730354
323,32.3,2,0.3,-4.2566110384705365,0.9942740306528336,-0.05742425558222457
324,32.4,0,0.1,-3.8591105269754435,0.9905717813265006,-0.09472945679838894
324,32.4,1,0.2,-4.026230251809256,0.9928490026346481,-0.0717668829746899
324,32.4,2,0.3,-4.26248362021589,0.9941446281574908,-0.05872581745353239
325,32.5,0,0.1,-3.8688293549632418,0.9903282471923032,-0.09718827987798079
325,32.5,1,0.2,-4.033560585138027,0.9926964680369519,-0.07330333328771206
325,32.5,2,0.3,-4.268476896786171,0.9940246472863228,-0.05993276570281395
326,32.6,0,0.1,-3.87879350454466,0.9900853280863642,-0.09964149581418305
326,32.6,1,0.2,-4.041040345696955,0.9925481432355048,-0.07479760558927744
326,32.6,2,0.3,-4.274579924271633,0.9939155581579967,-0.06103027485461345
327,32.7,0,0.1,-3.8890007532806434,0.9898446684334237,-0.10207248735983075
327,32.7,1,0.2,-4.048664001966923,0.9924053300900385,-0.07623656269967752
327,32.7,2,0.3,-4.2807805389147235,0.9938185694962534,-0.062006146430907634
328,32.8,0,0.1,-3.8994471348616266,0.9896079923613923,-0.10446381580983805
328,32.8,1,0.2,-4.056424806242928,0.9922692330107712,-0.07760804276005559
328,32.8,2,0.3,-4.287065601900332,0.9937346467089162,-0.06285062985609181
329,32.9,0,0.1,-3.9101268721216536,0.9893770886587405,-0.1067973726002676
329,32.9,1,0.2,-4.064314907104394,0.9921409442809108,-0.07890100861465464
329,32.9,2,0.3,-4.293421205898481,0.9936645501331122,-0.06355603998148406
330,33.0,0,0.1,-3.921032329490816,0.9891537915565836,-0.10905457369162108
330,33.0,1,0.2,-4.072325461344746,0.9920214447490471,-0.08010554240351794
330,33.0,2,0.3,-4.2998328265193475,0.9936088899598605,-0.06411620620866551
331,33.1,0,0.1,-3.9321539900175715,0.988939956500244,-0.11121660526755514
331,33.1,1,0.2,-4.0804467299601,0.9919116197945158,-0.0812126861535389
331,33.1,2,0.3,-4.3062854067612655,0.9935681929497276,-0.0645258024191788
332,33.2,0,0.1,-3.943480461869907,0.9887374311372862,-0.11326471852335213
332,33.2,1,0.2,-4.088668144810784,0.9918122885539206,-0.08221414850684167
332,33.2,2,0.3,-4.312763368816218,0.9935429747076613,-0.06477962054952344
333,33.3,0,0.1,-3.9549985177912936,0.9885480229413813,-0.11518055921387427
333,33.3,1,0.2,-4.096978336403364,0.9917242425986448,-0.08310191592580313
333,33.3,2,0.3,-4.319250555051682,0.9935338101301842,-0.06487186235464662
334,33.4,0,0.1,-3.9666931684904427,0.9883734659363441,-0.11694650699148934
334,33.4,1,0.2,-4.105365118510595,0.991648288837218,-0.08386782107231086
334,33.4,2,0.3,-4.325730108231279,0.9935413938582061,-0.06479553179596828
335,33.5,0,0.1,-3.9785477678030716,0.9882153896132488,-0.1185459931262872
335,33.5,1,0.2,-4.113815431450027,0.9915852905973652,-0.08450312939431427
335,33.5,2,0.3,-4.3321843094669905,0.9935665823831588,-0.06454201235711296
336,33.6,0,0.1,-3.9905441443003067,0.9880752931490004,-0.11996376497234891
336,33.6,1,0.2,-4.122315252049266,0.9915362007452988,-0.08499820599239584
336,33.6,2,0.3,-4.338594400188559,0.9936104100825669,-0.06410090721568637
337,33.7,0,0.1,-4.002662751527356,0.9879545273656033,-0.12118607227048989
337,33.7,1,0.2,-4.1308494838906356,0.9915020813400635,-0.08534231841369135
337,33.7,2,0.3,-4.344940420566922,0.9936740730819871,-0.06346020378362648
338,33.8,0,0.1,-4.014882827851253,0.9878542855977908,-0.1222007632389824
338,33.8,1,0.2,-4.13940184569333,0.991484105608626,-0.0855236180269485
338,33.8,2,0.3,-4.35120110024714,0.9937588775396963,-0.06260679680218395
339,33.9,0,0.1,-4.027182557358007,0.9877756029934467,-0.12299729506753113
339,33.9,1,0.2,-4.1479547781738,0.9914835397908422,-0.08552932480470388
339,33.9,2,0.3,-4.357353836905184,0.9938661526659471,-0.06152736658043968
340,34.0,0,0.1,-4.039539225403519,0.9877193620951424,-0.12356668045512544
340,34.0,1,0.2,-4.156489390161502,0.9915017044242557,-0.08534611987701325
340,34.0,2,0.3,-4.363374793283464,0.9939971332557329,-0.06020956378279955
341,34.1,0,0.1,-4.051929365942646,0.9876863012184203,-0.12390140539126727
341,34.1,1,0.2,-4.164985463102256,0.9915399166913188,-0.0849607294075382
341,34.1,2,0.3,-4.3692391337284375,0.9941528212357531,-0.058643404449733316
342,34.2,0,0.1,-4.064328901956107,0.9876770214807212,-0.12399536013460379
342,34.2,1,0.2,-4.173421529524251,0.9915994173351251,-0.0843606642199545
342,34.2,2,0.3,-4.374921407323998,0.9943338399860074,-0.05682273595560536
343,34.300000000000004,0,0.1,-4.0767132842843115,0.987691988540842,-0.12384382328204425
343,34.300000000000004,1,0.2,-4.181775035901992,0.9916812872064467,-0.08353506377740119
343,34.300000000000004,2,0.3,-4.380396067830765,0.9945402981367841,-0.054746605067669596
344,34.4,0,0.1,-4.089057637069689,0.9877315261909291,-0.1234435278537819
344,34.4,1,0.2,-4.190022594074472,0.9917863596250353,-0.08247558172481043
344,34.4,2,0.3,-4.385638103003363,0.9947716803176175,-0.05242035172598434
345,34.5,0,0.1,-4.101336919112382,0.9877958007060845,-0.1227928204269251
345,34.5,1,0.2,-4.198140318470772,0.9919151353528082,-0.08117724396299648
345,34.5,2,0.3,-4.390623730287642,0.9950267803269578,-0.04985627284278245
346,34.6,0,0.1,-4.113526109437039,0.9878847969356894,-0.12189190324657422
346,34.6,1,0.2,-4.206104239426548,0.9920677070460581,-0.07963920955775691
346,34.6,2,0.3,-4.395331105375224,0.9953036872375471,-0.04707375087582055
347,34.7,0,0.1,-4.125600422393574,0.9879982890598832,-0.12074312956534433
347,34.7,1,0.2,-4.213890776416258,0.9922436995592033,-0.07786536989709769
347,34.7,2,0.3,-4.399740987099077,0.9955998275270969,-0.04409881723852864
348,34.800000000000004,0,0.1,-4.137535553261428,0.9881358102953909,-0.11935130867854413
348,34.800000000000004,1,0.2,-4.221477249654545,0.9924422314149146,-0.0758647323828743
348,34.800000000000004,2,0.3,-4.403837307990131,0.995912057587151,-0.040963208910546584
349,34.9,0,0.1,-4.1493079505019645,0.9882966263048152,-0.11772397240536805
349,34.9,1,0.2,-4.228842404777379,0.9926619011668187,-0.07365155122834174
349,34.9,2,0.3,-4.407607614047889,0.9962367926219267,-0.037703060577574034
350,35.0,0,0.1,-4.1608951065161826,0.9884797165412444,-0.11587156014217838
350,35.0,1,0.2,-4.235966923654748,0.9929008003424792,-0.07124518877368656
350,35.0,2,0.3,-4.411043357543901,0.9965701519170308,-0.034357434960127844
351,35.1,0,0.1,-4.172275855877659,0.9886837663887372,-0.11380749361476654
351,35.1,1,0.2,-4.242833895111018,0.9931565523157312,-0.06866971456270479
351,35.1,2,0.3,-4.414140048972403,0.9969080983749435,-0.030966914285012862
352,35.2,0,0.1,-4.183430669019818,0.9889071710976739,-0.11154813142158224
352,35.2,1,0.2,-4.249429222500225,0.9934263740469107,-0.06595327389206224
352,35.2,2,0.3,-4.41689729373283,0.9972465529477017,-0.027572447604268965
353,35.300000000000004,0,0.1,-4.19434193026454,0.9891480506477281,-0.10911261244721815
353,35.300000000000004,1,0.2,-4.255741950460219,0.9937071554456423,-0.06312727959994734
353,35.300000000000004,2,0.3,-4.419318751211431,0.9975814718846392,-0.024214574786016397
354,35.4,0,0.1,-4.204994191395074,0.9894042732852081,-0.10652261130535018
354,35.4,1,0.2,-4.2617645001709885,0.9939955494890683,-0.060225497107694405
354,35.4,2,0.3,-4.421412055565867,0.9979088850791415,-0.020933043544354515
355,35.5,0,0.1,-4.215374394854447,0.9896734849265214,-0.1038020345937237
355,35.5,1,0.2,-4.2674928101720875,0.9942880654837638,-0.05728310001098887
355,35.5,2,0.3,-4.4231887280996744,0.9982249048145562,-0.017766725338077296
356,35.6,0,0.1,-4.2254720631302565,0.9899531420108743,-0.1009766827580968
356,35.6,1,0.2,-4.272926387137235,0.9945811582138477,-0.054335769651476025
356,35.6,2,0.3,-4.42466409285817,0.9985257230570492,-0.014753647584955022
357,35.7,0,0.1,-4.2352794521693635,0.9902405465650781,-0.09807389039106912
357,35.7,1,0.2,-4.278068276796405,0.9948713072267982,-0.051418896591694345
357,35.7,2,0.3,-4.4258571846631165,0.9988076196461103,-0.011930918049465163
358,35.800000000000004,0,0.1,-4.244791666351859,0.9905328838196023,-0.0951221418249557
358,35.800000000000004,1,0.2,-4.282924968443381,0.9951550830102287,-0.04856691646976261
358,35.800000000000004,2,0.3,-4.426790618314932,0.9990670018618575,-0.009334336518156273
359,35.9,0,0.1,-4.25400673076697,0.990827264170977,-0.09215064415111297
359,35.9,1,0.2,-4.287506246575528,0.9954291999154589,-0.045812781321468536
359,35.9,2,0.3,-4.4274903750971975,0.9993004879904149,-0.006997567822653437
360,36.0,0,0.1,-4.262925613896556,0.9911207721274486,-0.0891888312958576
360,36.0,1,0.2,-4.291825000175114,0.9956905588059217,-0.043187535995867166
360,36.0,2,0.3,-4.427985462276371,0.9995050353562618,-0.004950871791731189
361,36.1,0,0.1,-4.271552191274702,0.9914105247756324,-0.08626577378145639
361,36.1,1,0.2,-4.295896994628104,0.9959362848748184,-0.040719944529898335
361,36.1,2,0.3,-4.428307414311732,0.9996780997856342,-0.0032195203536122363
362,36.2,0,0.1,-4.279893139265076,0.9916937412023962,-0.0834094799037454
362,36.2,1,0.2,-4.299740604587809,0.9961637672543184,-0.03843609959704731
362,36.2,2,0.3,-4.428489628834036,0.9998178020777532,-0.0018221452230448873
363,36.300000000000004,0,0.1,-4.287957748567673,0.9919678224173948,-0.08064609302596777
363,36.300000000000004,1,0.2,-4.303376499960087,0.9963707064916488,-0.036358953722776574
363,36.300000000000004,2,0.3,-4.428566560910921,0.9999230708823117,-0.0007693207688497129
364,36.4,0,0.1,-4.295757649777838,0.9922304390842663,-0.07799901210165049
364,36.4,1,0.2,-4.306827273445845,0.9965551735904292,-0.03450773485758259
364,36.4,2,0.3,-4.428572828643299,0.9999937322872645,-6.267732377552094e-05
365,36.5,0,0.1,-4.303306448088052,0.9924796223089453,-0.0754879831021416
365,36.5,1,0.2,-4.310116998248446,0.9967156804131877,-0.03289724802601544
365,36.5,2,0.3,-4.428542304566826,1.0000305245423367,0.0003052407647263734
366,36.6,0,0.1,-4.3106192703968675,0.9927138513168123,-0.07312822308815366
366,36.6,1,0.2,-4.313270709450946,0.996851256521047,-0.031537112024996976
366,36.6,2,0.3,-4.4285072751741845,1.0000350300061778,0.0003502939264166066
367,36.7,0,0.1,-4.3177122347454695,0.9929321313536617,-0.07092964348601859
367,36.7,1,0.2,-4.316313811999917,0.9969615229944,-0.03043102548970956
367,36.7,2,0.3,-4.428497742679736,1.000009532539883,9.532494448904891e-05
368,36.800000000000004,0,0.1,-4.324601858194384,0.9931340555956114,-0.06889623448914763
368,36.800000000000004,1,0.2,-4.319271430901602,0.9970467505443183,-0.029576189016848466
368,36.800000000000004,2,0.3,-4.428540920137829,0.9999568234740399,-0.00043177458093345775
369,36.9,0,0.1,-4.3313044242438385,0.9933198460455652,-0.06702566049454566
369,36.9,1,0.2,-4.322167732878604,0.997107888259196,-0.028963019770024672
369,36.9,2,0.3,-4.428660937830751,0.9998799895089131,-0.0012001769292169912
370,37.0,0,0.1,-4.33783533430301,0.9934903699827137,-0.06530910059171631
370,37.0,1,0.2,-4.325025260500343,0.9971465512242526,-0.02857527621738813
370,37.0,2,0.3,-4.428878742458265,0.999782219090192,-0.002178046275140813
371,37.1,0,0.1,-4.344208469497215,0.9936471301577657,-0.06373135194205036
371,37.1,1,0.2,-4.3278643268071075,0.9971649600307351,-0.02839066306764297
371,37.1,2,0.3,-4.4292121388739,0.999666659154774,-0.0033339641563489646
372,37.2,0,0.1,-4.350435589488278,0.9937922283383407,-0.06227119991062313
372,37.2,1,0.2,-4.330702518413555,0.9971658322516225,-0.02838191606447675
372,37.2,2,0.3,-4.429675903754475,0.999536342641734,-0.00463764880575639
373,37.300000000000004,0,0.1,-4.356525794260707,0.993928302933688,-0.060902047724295215
373,37.300000000000004,1,0.2,-4.333554346888697,0.9971522341248208,-0.028518284751414973
373,37.300000000000004,2,0.3,-4.430281896000627,0.9993941913300654,-0.006059922461520898
374,37.4,0,0.1,-4.36248507317186,0.9940584423719205,-0.05959278911153004
374,37.4,1,0.2,-4.336431072301413,0.9971274083969385,-0.028767254127163824
374,37.4,2,0.3,-4.431039100713375,0.9992430818943968,-0.0075720471274735995
375,37.5,0,0.1,-4.368315962937119,0.9941860768795721,-0.05830889765259168
375,37.5,1,0.2,-4.339340701275772,0.9970945998935528,-0.029096289743586055
375,37.5,2,0.3,-4.431953569449957,0.9990859492625267,-0.009144687365827278
376,37.6,0,0.1,-4.374017332374065,0.9943148525260062,-0.05701369436946021
376,37.6,1,0.2,-4.342288138208695,0.9970569024948694,-0.029474369329233887
376,37.6,2,0.3,-4.4330282532351655,0.9989258934805995,-0.010746837852080152
377,37.7,0,0.1,-4.379584306343404,0.9944484929156896,-0.055669739693388384
377,37.7,1,0.2,-4.345275446796545,0.9970171489786365,-0.029873085878495263
377,37.7,2,0.3,-4.434262758851988,0.998766256071768,-0.012345056168223503
378,37.800000000000004,0,0.1,-4.385008334224844,0.994590655597927,-0.05424027881439842
378,37.800000000000004,1,0.2,-4.3483021640566735,0.9969778586307507,-0.030267172601287765
378,37.800000000000004,2,0.3,-4.4356530856052085,0.9986106393032562,-0.013903267532206855
379,37.9,0,0.1,-4.390277399648795,0.9947447917524646,-0.052690654239511914
379,37.9,1,0.2,-4.351365604076967,0.9969412475241933,-0.03063440020293303
379,37.9,2,0.3,-4.4371914131078185,0.9984628551166465,-0.01538327502610047
380,38.0,0,0.1,-4.395376358782,0.994914018492086,-0.050989591332050554
380,38.0,1,0.2,-4.354461095498235,0.9969092946725898,-0.030954914212681487
380,38.0,2,0.3,-4.438866007783408,0.9983268066757339,-0.016745946755891455
381,38.1,0,0.1,-4.400287385459822,0.9951010126970663,-0.04911026677821547
381,38.1,1,0.2,-4.357582114642938,0.9968838461726489,-0.03121019144702819
381,38.1,2,0.3,-4.440661297455325,0.9982063208966292,-0.01795289671917085
382,38.2,0,0.1,-4.4049904944108915,0.9953079333480057,-0.04703108951069557
382,38.2,1,0.2,-4.360720302251575,0.9968667313552071,-0.03138187608636889
382,38.2,2,0.3,-4.442558133777575,0.9981049615348402,-0.018968363222499902
383,38.300000000000004,0,0.1,-4.409464110232129,0.9955363758927709,-0.04473615821237445
383,38.300000000000004,1,0.2,-4.363865381007302,0.9968598618236016,-0.03145078755727182
383,38.300000000000004,2,0.3,-4.444534227968527,0.9980258569977182,-0.019760941909518766
384,38.4,0,0.1,-4.413685650662073,0.995787357746117,-0.042215404299439555
384,38.4,1,0.2,-4.367005017419523,0.9968652870921596,-0.0313963641222177
384,38.4,2,0.3,-4.446564713886436,0.9979715741240911,-0.02030485917909113
385,38.5,0,0.1,-4.417632098202213,0.996061329450095,-0.03946447540140007
385,38.5,1,0.2,-4.370124689425315,0.9968851891145726,-0.031196720057912852
385,38.5,2,0.3,-4.448622770724374,0.9979440595089321,-0.02058056837938664
386,38.6,0,0.1,-4.421280543276817,0.9963582024143374,-0.03648445074603882
386,38.6,1,0.2,-4.373207626013954,0.9969218107804994,-0.030829365886395184
386,38.6,2,0.3,-4.450680230022636,0.9979446558202822,-0.0205745929826137
387,38.7,0,0.1,-4.424608692885696,0.9966773825420538,-0.033281496088787915
387,38.7,1,0.2,-4.3762348756269,0.9969773278869207,-0.030272496129457163
387,38.7,2,0.3,-4.452708099576526,0.9979741851844249,-0.02027869553890198
388,38.800000000000004,0,0.1,-4.42759534841927,0.9970178000851612,-0.029866555335739807
388,38.800000000000004,1,0.2,-4.379185537488564,0.9970536870625931,-0.0295066186166433
388,38.800000000000004,2,0.3,-4.454676957979765,0.9980330785270781,-0.019688584032388764
389,38.9,0,0.1,-4.430220862291728,0.9973779297746488,-0.026255138724586118
389,38.9,1,0.2,-4.382037158814372,0.9971524406842629,-0.028516213258075695
389,38.9,2,0.3,-4.456557202972227,0.9981215215607966,-0.018802449924618617
390,39.0,0,0.1,-4.432467583378132,0.9977558009023272,-0.022467210864043033
390,39.0,1,0.2,-4.384766267615799,0.997274611830559,-0.027291088014269216
390,39.0,2,0.3,-4.45831916789433,0.9982395864268153,-0.01761964922103207
391,39.1,0,0.1,-4.434320295393768,0.9981490031958433,-0.018527120156352786
391,39.1,1,0.2,-4.387348982974887,0.9974206169807798,-0.025827153590877915
391,39.1,2,0.3,-4.459933146918455,0.9983873227395861,-0.016139790241247225
392,39.2,0,0.1,-4.435766641554569,0.9985546992937172,-0.014463461608009504
392,39.2,1,0.2,-4.389761628755005,0.9975902623105107,-0.024126457801187596
392,39.2,2,0.3,-4.461369386486894,0.9985647913300112,-0.01436239568439725
393,39.300000000000004,0,0.1,-4.436797515956912,0.9989696567661347,-0.010308744023434922
393,39.300000000000004,1,0.2,-4.391981276909506,0.9977828134428335,-0.02219648154500899
393,39.300000000000004,2,0.3,-4.46259810533966,0.9987720357131618,-0.01228718852765969
394,39.4,0,0.1,-4.437407390980697,0.9993903109121863,-0.006098750237848796
394,39.4,1,0.2,-4.393986163484564,0.9979971218675744,-0.02004886575057377
394,39.4,2,0.3,-4.463589599357477,0.9990089973499676,-0.009914940178168971
395,39.5,0,0.1,-4.437594544556492,0.999812863936343,-0.001871535757951266
395,39.5,1,0.2,-4.395755950853422,0.9982317777813428,-0.017697873688584415
395,39.5,2,0.3,-4.4643144731999955,0.9992753888150574,-0.007248738425182818
396,39.6,0,0.1,-4.437361154184248,1.0002334176098966,0.0023339037224445417
396,39.6,1,0.2,-4.397271847126898,0.998485252116926,-0.015158962734762367
396,39.6,2,0.3,-4.464744022596051,0.9995705428470785,-0.004295493960553226
397,39.7,0,0.1,-4.436713236998598,1.000648127129329,0.006479171856499285
397,39.7,1,0.2,-4.398516629622003,0.9987559919252634,-0.012447824951049392
397,39.7,2,0.3,-4.464850773183341,0.999893255110351,-0.0010675058728981516
398,39.800000000000004,0,0.1,-4.435660435355616,1.001053356033169,0.010528016429818116
398,39.800000000000004,1,0.2,-4.399474645338279,0.9990424430342721,-0.009580157162760592
398,39.800000000000004,2,0.3,-4.46460916673828,1.0002416356342483,0.002416064450603238
399,39.9,0,0.1,-4.434215671527403,1.0014458080022743,0.014447638282134289
399,39.9,1,0.2,-4.4001318712171384,0.9993429900467623,-0.006572258788591175
399,39.9,2,0.3,-4.463996374339712,1.0006129801941883,0.006127923985684085
400,40.0,0,0.1,-4.432394717859744,1.0018226126105891,0.018209536676589717
400,40.0,1,0.2,-4.400476107731443,0.9996558227282863,-0.003442365143042587
400,40.0,2,0.3,-4.462993207574232,1.0010036701055578,0.010031667654803868
401,40.1,0,0.1,-4.43021574471947,1.0021813488274534,0.021789731402739012
401,40.1,1,0.2,-4.400497352517449,0.9999787554396626,-0.0002124478600595806
401,40.1,2,0.3,-4.461585091417358,1.0014091080179273,0.014081161568739531
402,40.2,0,0.1,-4.427698913457569,1.0025200011404938,0.025168312619010178
402,40.2,1,0.2,-4.4001883617191035,1.000309038540919,0.0030899079834511684
402,40.2,2,0.3,-4.459763054112958,1.0018236982229674,0.018220373043993116
403,40.300000000000004,0,0.1,-4.424866073453439,1.0028368562869745,0.02832840004129937
403,40.300000000000004,1,0.2,-4.3995453635965704,1.0006432048901401,0.006429981225330914
403,40.300000000000004,2,0.3,-4.457524679561312,1.0022408815821715,0.02238374551645851
404,40.4,0,0.1,-4.421740601947183,1.0031303608848676,0.03125471506255373
404,40.4,1,0.2,-4.398568850777896,1.0009769897625516,0.009765128186743355
404,40.4,2,0.3,-4.454874957487296,1.0026532356902347,0.026497220740166312
405,40.5,0,0.1,-4.418347396406213,1.003398968979892,0.033932055409699534
405,40.5,1,0.2,-4.397264352188999,1.0013053498172833,0.01304498588897455
405,40.5,2,0.3,-4.451826958713752,1.0030526486448734,0.030479987735442925
406,40.6,0,0.1,-4.414712997178913,1.0036410116644905,0.03634399227299971
406,40.6,1,0.2,-4.395643078188056,1.0016225889761852,0.016212740009428954
406,40.6,2,0.3,-4.448402260796819,1.0034305688950391,0.03424697916932069
407,40.7,0,0.1,-4.410865789491711,1.0038546176902554,0.03847207687201982
407,40.7,1,0.2,-4.39372234383456,1.0019225801452933,0.019207343534954627
407,40.7,2,0.3,-4.444631056317902,1.0037783244179639,0.037712044789177133
408,40.800000000000004,0,0.1,-4.406836214158124,1.0040377049882891,0.04029575333586997
408,40.800000000000004,1,0.2,-4.391525702589527,1.0021990556289349,0.021966412450335725
408,40.800000000000004,2,0.3,-4.440551893891291,1.0040874935337902,0.040791624266107135
409,40.9,0,0.1,-4.402656909552476,1.0041880500782279,0.04179304605648208
409,40.9,1,0.2,-4.389082759949028,1.002445929056256,0.02442942640498519
409,40.9,2,0.3,-4.436211029620613,1.0043502994693516,0.043408642706783934
410,41.0,0,0.1,-4.398362714667933,1.0043034281511471,0.04294194884542907
410,41.0,1,0.2,-4.386428675850337,1.0026576092979276,0.026540840986912406
410,41.0,2,0.3,-4.431661400970028,1.0045599939244347,0.045496286505847715
411,41.1,0,0.1,-4.393990482786505,1.0043818040327115,0.04372231881428705
411,41.1,1,0.2,-4.383603398740747,1.002829271966269,0.028252771095899784
411,41.1,2,0.3,-4.42696127061159,1.0047111932967572,0.0470013035843746
412,41.2,0,0.1,-4.38957868338473,1.004421545716412,0.04411799401774212
412,41.2,1,0.2,-4.38065069749507,1.0029570647616632,0.029527012456771053
412,41.2,2,0.3,-4.422172618985097,1.0048001355422003,0.047886516264935994
413,41.300000000000004,0,0.1,-4.385166800882812,1.0044216291839907,0.04411882501917867
413,41.300000000000004,1,0.2,-4.377617067408557,1.0030382361988335,0.030336300865129853
413,41.300000000000004,2,0.3,-4.41735938610578,1.0048248350919406,0.04813232879317051
414,41.4,0,0.1,-4.380794567011498,1.0043818060313168,0.043722338713146056
414,41.4,1,0.2,-4.3745505839198024,1.003071189958789,0.030664834887545532
414,41.4,2,0.3,-4.412585672583247,1.004785125845424,0.047737135225330234
415,41.5,0,0.1,-4.376501084217337,1.0043027129965898,0.04293482794160691
415,41.5,1,0.2,-4.37149976570205,1.00305547669984,0.030508182177521725
415,41.5,2,0.3,-4.407914006373392,1.0046825954550764,0.04671666209854419
416,41.6,0,0.1,-4.372323907842774,1.0041859129362791,0.04177176374563214
416,41.6,1,0.2,-4.3685124918622344,1.0029917401886077,0.029872738398157427
416,41.6,2,0.3,-4.403403767322893,1.0045204254873092,0.045102390504991235
417,41.7,0,0.1,-4.368298154273918,1.0040338677997316,0.04025753568855649
417,41.7,1,0.2,-4.365635000874664,1.0028816349385359,0.02877490987570356
417,41.7,2,0.3,-4.399109839581214,1.0043031598586896,0.04293927741679521
418,41.800000000000004,0,0.1,-4.364455692448304,1.0038498535464913,0.038424618256147076
418,41.800000000000004,1,0.2,-4.362910985243249,1.0027277291331083,0.02724015631414961
418,41.800000000000004,2,0.3,-4.395081536619861,1.0040364274794038,0.040283029613527574
419,41.9,0,0.1,-4.360824460204132,1.003637833155373,0.0363123224417204
419,41.9,1,0.2,-4.360380787789298,1.0025334011049156,0.025301974539512547
419,41.9,2,0.3,-4.391361818811258,1.0037266445447295,0.03719717808603241
420,42.0,0,0.1,-4.357427928786857,1.0034023061662976,0.0339653141727498
420,42.0,1,0.2,-4.358080703163657,1.0023027318495075,0.023000846256406533
420,42.0,2,0.3,-4.387986802212655,1.003380718379854,0.033750165986025725
421,42.1,0,0.1,-4.354284722104556,1.0031481517361756,0.03143206682300237
421,42.1,1,0.2,-4.3560423904292245,1.00204039150599,0.0203831273443275
421,42.1,2,0.3,-4.384985541013266,1.0030057694928438,0.030012611993894395
422,42.2,0,0.1,-4.351408384859689,1.0028804778718352,0.028763372448672032
422,42.2,1,0.2,-4.35429240714806,1.001751515395501,0.01749983281164244
422,42.2,2,0.3,-4.382380055404715,1.0026088828360142,0.026054856085506357
423,42.300000000000004,0,0.1,-4.348807286975503,1.002604483674242,0.026010978841863503
423,42.300000000000004,1,0.2,-4.352851879845193,1.0014415653607123,0.014405273028667915
423,42.300000000000004,2,0.3,-4.380185570804886,1.0021968942434782,0.021944845998289296
424,42.4,0,0.1,-4.3464846508135535,1.0023253355708297,0.023226361619494085
424,42.4,1,0.2,-4.351736327834834,1.0011161744699444,0.011155520103596852
424,42.4,2,0.3,-4.378410932195112,1.0017762142127755,0.01774638609774216
425,42.5,0,0.1,-4.344438691274711,1.002048053942172,0.020459595388428717
425,42.5,1,0.2,-4.350955655757068,1.000780976881524,0.0078067207776565395
425,42.5,2,0.3,-4.3770591574315265,1.0013526888229123,0.013517747635853701
426,42.6,0,0.1,-4.342662864803533,1.0017774041847827,0.01775826471177996
426,42.6,1,0.2,-4.350514324311532,1.000441428846587,0.0044133144553625756
426,42.6,2,0.3,-4.376128094514586,1.0009314964905693,0.009310629169405484
427,42.7,0,0.1,-4.341146228995915,1.0015177864813487,0.015166358076177174
427,42.7,1,0.2,-4.350411699060894,1.0001026305167895,0.0010262525063797622
427,42.7,2,0.3,-4.37561114903518,1.0005170791187479,0.005169454794060539
428,42.800000000000004,0,0.1,-4.339873917530007,1.001273121197514,0.012723114659074317
428,42.800000000000004,1,0.2,-4.3506425650470915,0.9997691606613037,-0.002308659861975893
428,42.800000000000004,2,0.3,-4.375498048860718,1.000113106570528,0.0011310017446230897
429,42.9,0,0.1,-4.338827733756492,1.0010467312146503,0.010461837735152342
429,42.9,1,0.2,-4.351197782027857,0.9994449371236606,-0.005552169807652479
429,42.9,2,0.3,-4.375775613471384,0.9997224739068267,-0.00277564610666319
430,43.0,0,0.1,-4.337986859783374,1.0008412276067513,0.008408739731180384
430,43.0,1,0.2,-4.35206504325483,0.9991331147353513,-0.008672612269728807
430,43.0,2,0.3,-4.37642849541874,0.9993473311336879,-0.006528819473556787
431,43.1,0,0.1,-4.337328666760803,1.0006584096791298,0.006581930225708538
431,43.1,1,0.2,-4.353229691558911,0.9988360296355416,-0.011646483040816781
431,43.1,2,0.3,-4.377439861607991,0.9989891450691618,-0.01011366189251447
432,43.2,0,0.1,-4.336829597950982,1.0004991933653797,0.004990688098214164
432,43.2,1,0.2,-4.3546755413339255,0.9985551949622002,-0.014458497750142536
432,43.2,2,0.3,-4.378791983113504,0.9986487921989099,-0.01352121505512985
433,43.300000000000004,0,0.1,-4.336466081576111,1.000363582454955,0.003635163748709706
433,43.300000000000004,1,0.2,-4.356385654467911,0.9982913482763022,-0.017101131339858112
433,43.300000000000004,2,0.3,-4.380466704721495,0.9983266799557223,-0.01674721607990624
434,43.4,0,0.1,-4.336215418325017,1.000250694669752,0.002506632510943661
434,43.4,1,0.2,-4.35834302235715,0.9980445465060258,-0.019573678892391703
434,43.4,2,0.3,-4.382445770047024,0.99802289173299,-0.019790653255294957
435,43.5,0,0.1,-4.3360565815901175,1.0001588493501208,0.001588367348990238
435,43.5,1,0.2,-4.360531114242406,0.9978143002427441,-0.0218809188525523
435,43.5,2,0.3,-4.384710985459805,0.9977373482515355,-0.022652154127813195
436,43.6,0,0.1,-4.335970869122303,1.0000857161412335,0.0008571246781485676
436,43.6,1,0.2,-4.362934263169875,0.9975997363232225,-0.024031489274695887
436,43.6,2,0.3,-4.387244216447686,0.9974699749340527,-0.02533230987880905
437,43.7,0,0.1,-4.3359423537764545,1.0000285157524147,0.00028515345848134237
437,43.7,1,0.2,-4.365537873608818,0.9973997760150763,-0.026036104389426013
437,43.7,2,0.3,-4.390027223239463,0.9972208621816661,-0.02783006791776859
438,43.800000000000004,0,0.1,-4.335958097872109,0.999984256028283,-0.0001574409565474588
438,43.800000000000004,1,0.2,-4.368328447868177,0.9972133157736729,-0.02790574259359207
438,43.800000000000004,2,0.3,-4.393041357643519,0.9969904035385784,-0.030141344040561364
439,43.9,0,0.1,-4.336008118471754,0.9999499806513646,-0.0005002059964454304
439,43.9,1,0.2,-4.371293440872364,0.9970393982464895,-0.02964993004187013
439,43.9,2,0.3,-4.3962671585538065,0.9967793963954762,-0.032258009102871965
440,44.0,0,0.1,-4.336085116509273,0.9999230049267539,-0.0007699803751925917
440,44.0,1,0.2,-4.374420963846322,0.9968773626314107,-0.031275229739575305
440,44.0,2,0.3,-4.399683897200354,0.996589091762724,-0.03416738646547075
441,44.1,0,0.1,-4.33618400751802,0.9999011138808077,-0.000988910087471581
441,44.1,1,0.2,-4.37769936664425,0.9967269652966634,-0.032784027979281906
441,44.1,2,0.3,-4.403269132376836,0.9964211841053171,-0.03585235176481965
442,44.2,0,0.1,-4.336301312122998,0.9998827022749385,-0.0011730460497805073
442,44.2,1,0.2,-4.381116735729594,0.9965884634744938,-0.03417369085344242
442,44.2,2,0.3,-4.406998338060395,0.9962777391683463,-0.0372920568355978
443,44.300000000000004,0,0.1,-4.3364344776050485,0.9998668433840786,-0.0013316548205022183
443,44.300000000000004,1,0.2,-4.384660350185179,0.9964626567363712,-0.03543614455584659
443,44.300000000000004,2,0.3,-4.410844659247662,0.996161066431318,-0.038463211872663
444,44.4,0,0.1,-4.3365812060480655,0.9998532823210745,-0.0014672844301700518
444,44.4,1,0.2,-4.388316141548227,0.9963508829064739,-0.03655791363048374
444,44.4,2,0.3,-4.414778835980528,0.9960735520016921,-0.03934176732866003
445,44.5,0,0.1,-4.336738859603367,0.9998423588713674,-0.0015765355530117152
445,44.5,1,0.2,-4.39206820447561,0.9962549672653986,-0.03752062927382784
445,44.5,2,0.3,-4.418769311726351,0.996017475622419,-0.03990475745823062
446,44.6,0,0.1,-4.336904000387521,0.9998348728508344,-0.0016514078415408072
446,44.6,1,0.2,-4.395898403766442,0.996177126566322,-0.03830199290832449
446,44.6,2,0.3,-4.422782513754275,0.9959948401055018,-0.04013202027924599
447,44.7,0,0.1,-4.337072103698512,0.9998319108175785,-0.0016810331099126091
447,44.7,1,0.2,-4.399786118472825,0.9961198326725828,-0.03887714706382661
447,44.7,2,0.3,-4.426783264814944,0.9960072412818465,-0.040007510606682714
448,44.800000000000004,0,0.1,-4.33723746145963,0.9998346559097236,-0.0016535776111758814
448,44.800000000000004,1,0.2,-4.403708155147775,0.9960856444657044,-0.03922036674949447
448,44.800000000000004,2,0.3,-4.430735263067221,0.9960558006157291,-0.03951998252277044
449,44.9,0,0.1,-4.337393271089354,0.9998442025079654,-0.0015580962972451037
449,44.9,1,0.2,-4.407638849492411,0.9960770207225448,-0.03930694344636666
449,44.9,2,0.3,-4.434601556268735,0.99614117128698,-0.03866293201514324
450,45.0,0,0.1,-4.337531886030099,0.9998613946658615,-0.0013861494074518335
450,45.0,1,0.2,-4.411550359189441,0.9960961302924817,-0.03911509697029858
450,45.0,2,0.3,-4.438344940515993,0.9962636134811017,-0.0374338424725801
451,45.1,0,0.1,-4.337645189943145,0.9998867025056003,-0.0011330391304564653
451,45.1,1,0.2,-4.415413131804418,0.9961446782943498,-0.03862772614977084
451,45.1,2,0.3,-4.441928234093663,0.996423118757382,-0.03583293577670459
452,45.2,0,0.1,-4.337725048188313,0.9999201449434169,-0.0007985824516776205
452,45.2,1,0.2,-4.419196512427044,0.9962237673445071,-0.03783380622626122
452,45.2,2,0.3,-4.4453144104246824,0.9966195502984371,-0.033861763310189606
453,45.300000000000004,0,0.1,-4.337763787808256,0.9999612611304265,-0.0003873961994305064
453,45.300000000000004,1,0.2,-4.422869439001559,0.996333810369672,-0.03672926574514738
453,45.300000000000004,2,0.3,-4.448466614343367,0.9968527590599447,-0.03152203918684603
454,45.4,0,0.1,-4.337754660148111,1.0000091277018022,9.12766014504792e-05
454,45.4,1,0.2,-4.426401162060997,0.9964745061390208,-0.03531723059438031
454,45.4,2,0.3,-4.451348124172496,0.9971226377356132,-0.028815098291287672
455,45.5,0,0.1,-4.337692247180088,1.0000624149157527,0.0006241296802311691
455,45.5,1,0.2,-4.4297619224168425,0.9966448806780822,-0.03360760355845601
455,45.5,2,0.3,-4.4539223490888755,0.997429085559335,-0.025742249163797828
456,45.6,0,0.1,-4.33757278199248,1.0001194723238571,0.0011946518760730216
456,45.6,1,0.2,-4.432923526740183,0.9968433882846726,-0.03161604323340183
456,45.6,2,0.3,-4.4561529594782305,0.9977718755732518,-0.02230610389354983
457,45.7,0,0.1,-4.337394364187803,1.0001784337220803,0.0017841780467708647
457,45.7,1,0.2,-4.435859776717804,0.9970680565882619,-0.029362499776208334
457,45.7,2,0.3,-4.458004233678459,0.9981504383508903,-0.018512742002280994
458,45.800000000000004,0,0.1,-4.337157060842969,1.0002373315034998,0.0023730334483395782
458,45.800000000000004,1,0.2,-4.438546730487092,0.9973166528599858,-0.026869537692881425
458,45.800000000000004,2,0.3,-4.459441669021539,0.9985635972722714,-0.014374353430799198
459,45.9,0,0.1,-4.336862892385201,1.0002942117295517,0.0029416845776799047
459,45.9,1,0.2,-4.4409628015497935,0.9975868452878118,-0.024160710627018342
459,45.9,2,0.3,-4.460432854870649,0.9990093052133251,-0.00991185849110344
460,46.0,0,0.1,-4.336515709871298,1.000347242788727,0.0034718251390319426
460,46.0,1,0.2,-4.443088725487233,0.9978763342383341,-0.021259239374397918
460,46.0,2,0.3,-4.460948550764328,0.9994844370545938,-0.005156958936787175
461,46.1,0,0.1,-4.336120975745752,1.000394812043313,0.003947341255461311
461,46.1,1,0.2,-4.44490744364526,0.9981829347076588,-0.01818718158026452
461,46.1,2,0.3,-4.460963865740028,0.9999846851415737,-0.00015314975700064576
462,46.2,0,0.1,-4.33568546442481,1.0004356061697652,0.004355113209415445
462,46.2,1,0.2,-4.446403961682053,0.9985046011879413,-0.014965180367933826
462,46.2,2,0.3,-4.46045940600381,1.0005045869974283,0.005044597362173703
463,46.300000000000004,0,0.1,-4.335216902256666,1.000468671960545,0.004685621681446084
463,46.300000000000004,1,0.2,-4.447565237636712,0.9988393980653295,-0.011612759546588526
463,46.300000000000004,2,0.3,-4.459422253890552,1.0010376901415008,0.010371521132581515
464,46.4,0,0.1,-4.334723568658134,1.0004934553075646,0.004933335985315704
464,46.4,1,0.2,-4.4483801396695615,0.9991854299096394,-0.008149020328494424
464,46.4,2,0.3,-4.457846662275065,1.0015768335121118,0.01575591615487238
465,46.5,0,0.1,-4.334213881446262,1.0005098171244702,0.005096872118723821
465,46.5,1,0.2,-4.44883949100661,0.9995407541486249,-0.00459351337048546
465,46.5,2,0.3,-4.455734389986254,1.0021145047074707,0.021122722888113597
466,46.6,0,0.1,-4.333695989333552,1.0005180262419842,0.0051789211271024245
466,46.6,1,0.2,-4.448936193876159,0.9999033018060225,-0.0009670286954932412
466,46.6,2,0.3,-4.4530946555217925,1.0026432216312056,0.02639734464461048
467,46.7,0,0.1,-4.333177392968797,1.0005187308590975,0.005185963647544793
467,46.7,1,0.2,-4.448665401064208,1.0002708294796345,0.0027079281195163288
467,46.7,2,0.3,-4.449943736828641,1.003155888055438,0.031509186931514936
468,46.800000000000004,0,0.1,-4.332664612639652,1.000512911823453,0.005127803291449167
468,46.800000000000004,1,0.2,-4.448024688264952,1.0006409180995453,0.006407127992558068
468,46.800000000000004,2,0.3,-4.446304283860302,1.003646083819076,0.036394529683389555
469,46.9,0,0.1,-4.332162915934538,1.0005018225759548,0.005016967051139362
469,46.9,1,0.2,-4.447014176015261,1.0010110229892153,0.010105122496906779
469,46.9,2,0.3,-4.442204431811449,1.0041082679396358,0.04099852048853114
470,47.0,0,0.1,-4.331676112754446,1.0004869216879901,0.004868031800926362
470,47.0,1,0.2,-4.445636557466387,1.0013785679012055,0.013776185488740626
470,47.0,2,0.3,-4.437676805385404,1.0045378916130356,0.04527626426044697
471,47.1,0,0.1,-4.331206418837386,1.00046980424052,0.00469693917059637
471,47.1,1,0.2,-4.443897005616468,1.0017410657479462,0.017395518499192273
471,47.1,2,0.3,-4.432757492003951,1.0049314330688897,0.049193133814532795
472,47.2,0,0.1,-4.330754383343584,1.0004521376772415,0.004520354938017881
472,47.2,1,0.2,-4.441802956722463,1.0020962429456066,0.020940488940048553
472,47.2,2,0.3,-4.427485041335703,1.0052863744964162,0.05272450668248144
473,47.300000000000004,0,0.1,-4.330318871938396,1.0004356062540485,0.004355114051879321
473,47.300000000000004,1,0.2,-4.439363790061505,1.0024421438480844,0.024391666609577464
473,47.300000000000004,2,0.3,-4.421899527204461,1.0056011421986786,0.05585514131241452
474,47.4,0,0.1,-4.32989709482374,1.0004218660751303,0.004217771146564315
474,47.4,1,0.2,-4.436590442786212,1.0027771965604935,0.027733472752934828
474,47.4,2,0.3,-4.41604169137922,1.0058750264958347,0.05857835825241131
475,47.5,0,0.1,-4.3294846694828255,1.0004125103999382,0.0041242534091434045
475,47.5,1,0.2,-4.4334950084646385,1.0031002301254819,0.030954343215733985
475,47.5,2,0.3,-4.409952179372097,1.006108090778104,0.06089512007123068
476,47.6,0,0.1,-4.3290757101727975,1.000409042945287,0.004089593100280395
476,47.6,1,0.2,-4.430090367388426,1.003410443449772,0.03404641076212252
476,47.6,2,0.3,-4.403670875390401,1.0063010727410726,0.06281303981696151
477,47.7,0,0.1,-4.328662939622858,1.0004128557514256,0.004127705499392616
477,47.7,1,0.2,-4.426389886717694,1.003707335902605,0.03700480670731868
477,47.7,2,0.3,-4.397236343969228,1.0064552774916888,0.06434531421173248
478,47.800000000000004,0,0.1,-4.328237821898673,1.0004252080995306,0.004251177241849586
478,47.800000000000004,1,0.2,-4.42240721193726,1.003990616168793,0.039826747804338467
478,47.800000000000004,2,0.3,-4.390685385847456,1.0065724625805514,0.06550958121771884
479,47.9,0,0.1,-4.327790717907473,1.000447203957087,0.004471039911999851
479,47.9,1,0.2,-4.418156152068014,1.0042601084417164,0.042510598692466955
479,47.9,2,0.3,-4.384052712537717,1.0066547181992545,0.06632673309738757
480,48.0,0,0.1,-4.327311065761434,1.0004797671975236,0.004796521460388379
480,48.0,1,0.2,-4.413650643870455,1.0045156732601415,0.04505508197558619
480,48.0,2,0.3,-4.377370736900397,1.006704349843401,0.06681975637320553
481,48.1,0,0.1,-4.3267875869182575,1.0005236158821382,0.005234788431769314
481,48.1,1,0.2,-4.408904768253936,1.0047571551208525,0.04745875616519445
481,48.1,2,0.3,-4.370669467109169,1.0067237735394476,0.06701269791227997
482,48.2,0,0.1,-4.32620851600227,1.0005792386099184,0.005790709159878477
482,48.2,1,0.2,-4.403932787028312,1.0049843620348236,0.0497198122562363
482,48.2,2,0.3,-4.363976481456681,1.0067154337345785,0.06692985652487675
483,48.300000000000004,0,0.1,-4.325561848320888,1.000646876816005,0.006466676813818758
483,48.300000000000004,1,0.2,-4.398749169948281,1.005197075267028,0.051836170800311596
483,48.300000000000004,2,0.3,-4.357316954651669,1.0066817507599293,0.06659526805011934
484,48.4,0,0.1,-4.324835595463181,1.0007265166431674,0.007262528577065965
484,48.4,1,0.2,-4.393368589087861,1.0053950821824638,0.05380580860420232
484,48.4,2,0.3,-4.350713704936615,1.0066250992345893,0.0660324971505448
485,48.5,0,0.1,-4.324018037099363,1.0008178926557516,0.008175583638179046
485,48.5,1,0.2,-4.387805867391558,1.0055782223612713,0.05562721696302929
485,48.5,2,0.3,-4.344187236137117,1.0065478126049552,0.06526468799497827
486,48.6,0,0.1,-4.323097956931941,1.000920503571024,0.00920080167421831
486,48.6,1,0.2,-4.382075878081496,1.0057464370990201,0.05729989310061886
486,48.6,2,0.3,-4.337755758307666,1.0064522041928772,0.06431477829450657
487,48.7,0,0.1,-4.3220648528269665,1.0010336379408409,0.010331041049749098
487,48.7,1,0.2,-4.376193399332657,1.005899814502685,0.05882478748838432
487,48.7,2,0.3,-4.331435182099984,1.006340593200234,0.06320576207682026
488,48.800000000000004,0,0.1,-4.320909114964318,1.0011564059850186,0.011557378626480931
488,48.800000000000004,1,0.2,-4.370172933175186,1.0060386255883031,0.060204661574711195
488,48.800000000000004,2,0.3,-4.3252390919106976,1.0062153256638269,0.06196090189286264
489,48.9,0,0.1,-4.319622170349584,1.0012877730833145,0.012869446147344043
489,48.9,1,0.2,-4.364028498998454,1.0061633499347722,0.06144434176732177
489,48.9,2,0.3,-4.319178708401121,1.0060787847878716,0.06060383509577061
490,49.0,0,0.1,-4.318196595960569,1.0014265910032127,0.01425574389014785
490,49.0,1,0.2,-4.357773411270976,1.0062746916421372,0.06255087727477981
490,49.0,2,0.3,-4.31326285079612,1.0059333908482742,0.05915857605001045
491,49.1,0,0.1,-4.316626205051286,1.0015716246188053,0.015703909092836588
491,49.1,1,0.2,-4.351420049534663,1.006373587149424,0.06353361736313533
491,49.1,2,0.3,-4.30749790412969,1.0057815959501646,0.057649466664297114
492,49.2,0,0.1,-4.31490611111201,1.0017215741494339,0.01720093939275611
492,49.2,1,0.2,-4.344979627656081,1.006461205991095,0.06440421878581312
492,49.2,2,0.3,-4.301887788784801,1.005625881511529,0.056101153448890086
493,49.300000000000004,0,0.1,-4.313032771820226,1.0018750950880648,0.018733392917837665
493,49.300000000000004,1,0.2,-4.338461969468534,1.0065389443418362,0.06517658187547588
493,49.300000000000004,2,0.3,-4.296433922770195,1.0054687654159897,0.05453866014605879
494,49.4,0,0.1,-4.311004011873256,1.0020308192728218,0.020287599469704973
494,49.4,1,0.2,-4.331875299347613,1.0066084099373507,0.06586670120921331
494,49.4,2,0.3,-4.291135164576557,1.0053128214411118,0.05298758193637755
495,49.5,0,0.1,-4.308819020222335,1.0021873804847221,0.02184991650921089
495,49.5,1,0.2,-4.325226058322657,1.006671396306107,0.06649241024955804
495,49.5,2,0.3,-4.285987728310857,1.0051607070762008,0.0514743626569995
496,49.6,0,0.1,-4.306478315375209,1.0023434464353824,0.02340704847125752
496,49.6,1,0.2,-4.318518758085847,1.0067298445506856,0.06707300236810003
496,49.6,2,0.3,-4.2809850732503705,1.0050151892319767,0.05002655060486845
497,49.7,0,0.1,-4.303983673181227,1.002497756402894,0.02494642193981953
497,49.7,1,0.2,-4.311755885813004,1.006785792132428,0.06762872272842461
497,49.7,2,0.3,-4.276117784899485,1.0048791528403176,0.048672883508852766
498,49.800000000000004,0,0.1,-4.301338015199721,1.0026491608230088,0.02645657981505918
498,49.800000000000004,1,0.2,-4.304937871537069,1.006841309848356,0.06818014275934994
498,49.800000000000004,2,0.3,-4.271373480233596,1.004755576698206,0.0474430466588942
499,49.9,0,0.1,-4.2985452618039295,1.0027966567644255,0.027927533957915952
499,49.9,1,0.2,-4.298063126967808,1.006898429871399,0.06874744569261573
499,49.9,2,0.3,-4.266736781488224,1.0046474648663206,0.046366987453716896
500,50.0,0,0.1,-4.295610161186626,1.00293941224244,0.029351006173036903
500,50.0,1,0.2,-4.291128160711116,1.0069590688197882,0.06934966256691667
500,50.0,2,0.3,-4.262189406528932,1.0045577299588753,0.04547374959292518
501,50.1,0,0.1,-4.292538111521916,1.003076773245067,0.030720496647100422
501,50.1,1,0.2,-4.284127770682413,1.007024950035407,0.0700039002870313
501,50.1,2,0.3,-4.257710417144132,1.0044890350502973,0.044789893847995615
502,50.2,0,0.1,-4.289334996830674,1.003208250144789,0.03203114691241414
502,50.2,1,0.2,-4.277055310948661,1.0070975286418609,0.0707245973375138
502,50.2,2,0.3,-4.253276649622171,1.004443611212015,0.04433767521961166
503,50.300000000000004,0,0.1,-4.28600705627224,1.0033334843006567,0.03327940558434281
503,50.300000000000004,1,0.2,-4.269903027701551,1.007177921913486,0.07152283247110601
503,50.300000000000004,2,0.3,-4.248863327383556,1.00442307528771,0.044133222386148405
504,50.4,0,0.1,-4.282560801270621,1.003452200165943,0.034462550016194096
504,50.4,1,0.2,-4.262662457411098,1.0072668465997219,0.07240570290452965
504,50.4,2,0.3,-4.244444827969934,1.0044282753752125,0.04418499413622075
505,50.5,0,0.1,-4.2790029858214345,1.0035641519870868,0.03557815449186157
505,50.5,1,0.2,-4.255324878739785,1.007364564665265,0.07337578671313134
505,50.5,2,0.3,-4.239995552031591,1.0044591886625605,0.0444927593834337
506,50.6,0,0.1,-4.275340624242515,1.0036690762197316,0.0366236157891903
506,50.6,1,0.2,-4.247881807535891,1.007470839709936,0.07443071203893653
506,50.6,2,0.3,-4.235490825366864,1.0045148881984693,0.04504726664726391
507,50.7,0,0.1,-4.27158103984653,1.0037666604983568,0.03759584395985396
507,50.7,1,0.2,-4.24032552033247,1.007584907985104,0.07556287203421057
507,50.7,2,0.3,-4.2309077600619265,1.0045935836112883,0.04583065304937618
508,50.800000000000004,0,0.1,-4.267731919888695,1.0038565373337958,0.03849119957834491
508,50.800000000000004,1,0.2,-4.232649585995474,1.0077054698434738,0.07675934336995983
508,50.800000000000004,2,0.3,-4.226226008210274,1.0046927283749534,0.046817518516525825
509,50.9,0,0.1,-4.2638013485076405,1.003938306207521,0.03930571381055127
509,50.9,1,0.2,-4.224849378111828,1.0078307087579708,0.07800207883646325
509,50.9,2,0.3,-4.221428359516153,1.004809175837639,0.04797648694120855
510,51.0,0,0.1,-4.259797791093845,1.0040115823556424,0.04003557413795043
510,51.0,1,0.2,-4.216922533920664,1.0079583447990383,0.07926844191163405
510,51.0,2,0.3,-4.216501157901208,1.0049393602339427,0.04927201614945461
511,51.1,0,0.1,-4.255730010285251,1.004076065458519,0.040677808085946544
511,51.1,1,0.2,-4.2088693212282955,1.0080857270327297,0.08053212692368802
511,51.1,2,0.3,-4.211434536448669,1.0050794784837425,0.050666214525384834
512,51.2,0,0.1,-4.251606904234449,1.0041316177467423,0.041231060508017364
512,51.2,1,0.2,-4.200692875029835,1.0082099646262728,0.08176446198460025
512,51.2,2,0.3,-4.206222489356146,1.005225653438672,0.052120470925229125
513,51.300000000000004,0,0.1,-4.247437269840526,1.0041783394141248,0.041696343939232015
513,51.300000000000004,1,0.2,-4.192399272076582,1.0083280901533453,0.08293602953253536
513,51.300000000000004,2,0.3,-4.200862810453435,1.0053740676765985,0.05359678902711197
514,51.4,0,0.1,-4.243229505026815,1.0042166298857589,0.042077648137104524
514,51.4,1,0.2,-4.183997424724218,1.0084372419289966,0.08401847352363967
514,51.4,2,0.3,-4.195356929289651,1.0055210663840264,0.05505881163784345
515,51.5,0,0.1,-4.238991272955268,1.0042472260788349,0.0423823207154766
515,51.5,1,0.2,-4.175498793848058,1.0085348467619926,0.08498630876160419
515,51.5,2,0.3,-4.189709669523204,1.0056632355969455,0.056472597664471186
516,51.6,0,0.1,-4.2347291561343505,1.0042712125585889,0.0426211682091709
516,51.6,1,0.2,-4.166916941711686,1.0086187817954482,0.08581852136371515
516,51.6,2,0.3,-4.183928944117433,1.0057974660410058,0.057807254057705995
517,51.7,0,0.1,-4.230448329470143,1.004290002491375,0.04280826664207754
517,51.7,1,0.2,-4.15826696575143,1.0086874951041858,0.08649975960255728
517,51.7,2,0.3,-4.178025392221906,1.00592101220038,0.0590355189552652
518,51.800000000000004,0,0.1,-4.226152279053366,1.0043052916702597,0.04296050416776548
518,51.800000000000004,1,0.2,-4.149564869470528,1.00874006958995,0.08702096280901782
518,51.800000000000004,2,0.3,-4.172011957564799,1.006031551652211,0.06013434657106934
519,51.9,0,0.1,-4.22184258904925,1.0043189900734208,0.043096900041164295
519,51.9,1,0.2,-4.140826933961286,1.0087762227034862,0.08737935509243008
519,51.9,2,0.3,-4.165903409868099,1.0061272429216872,0.06108547696701008
520,52.0,0,0.1,-4.217518813784298,1.004333136267985,0.04323775264952028
520,52.0,1,0.2,-4.132069151431462,1.008796244104622,0.08757782529824051
520,52.0,2,0.3,-4.159715819003195,1.0062067735497184,0.061875908649033036
521,52.1,0,0.1,-4.213178447060903,1.004349799757713,0.04340366723394711
521,52.1,1,0.2,-4.123306770832691,1.0088008826299697,0.08762380598770089
521,52.1,2,0.3,-4.153466003836787,1.0062693860113598,0.06249815166408457
522,52.2,0,0.1,-4.208816996386863,1.0043709756425563,0.0436145067403964
522,52.2,1,0.2,-4.114553987426238,1.0087912010203484,0.08752783406453676
522,52.2,2,0.3,-4.147170990001202,1.00631486907632,0.06295013835584751
523,52.300000000000004,0,0.1,-4.20442816606196,1.0043984753456718,0.04388830324903496
523,52.300000000000004,1,0.2,-4.105823786357674,1.0087684204138063,0.08730201068563358
523,52.300000000000004,2,0.3,-4.140847518906684,1.0063435064465864,0.0632347109451805
524,52.4,0,0.1,-4.200004149300931,1.0044338171702423,0.04424016761029466
524,52.4,1,0.2,-4.097127929078066,1.008733776078983,0.08695857279608138
524,52.4,2,0.3,-4.134511650924739,1.0063559820510775,0.06335867981945326
525,52.5,0,0.1,-4.195536024979344,1.0044781212727252,0.04468124321586878
525,52.5,1,0.2,-4.088477054446323,1.0086884015832849,0.08650874631743176
525,52.5,2,0.3,-4.128178497479514,1.0063532502645187,0.06333153445225025
526,52.6,0,0.1,-4.191014248537169,1.0045320150997612,0.04521776442174932
526,52.6,1,0.2,-4.079880856181678,1.0086332516736642,0.08596198264645294
526,52.6,2,0.3,-4.1218621007978085,1.0063363871823725,0.0631639668170516
527,52.7,0,0.1,-4.186429218956878,1.0045955569116423,0.045850295802906574
527,52.7,1,0.2,-4.071348296031041,1.0085690661981441,0.08532560150636627
527,52.7,2,0.3,-4.1155754593946865,1.006306443808312,0.06286641403121873
528,52.800000000000004,0,0.1,-4.18177189515477,1.0046681859909703,0.04657323802107639
528,52.800000000000004,1,0.2,-4.062887816907592,1.0084963701238978,0.08460479123448707
528,52.800000000000004,2,0.3,-4.109330676410463,1.006264322293224,0.06244782984223729
529,52.9,0,0.1,-4.177034426881395,1.004748707818182,0.047374682733754475
529,52.9,1,0.2,-4.054507530265051,1.0084154995406416,0.0838028664254201
529,52.9,2,0.3,-4.103139191220869,1.00621069205323,0.061914851895940225
530,53.0,0,0.1,-4.172210759053132,1.004835320442501,0.048236678282628655
530,53.0,1,0.2,-4.046215364183487,1.0083266413162988,0.08292166081563461
530,53.0,2,0.3,-4.097012045857576,1.006145954714698,0.06127145363293087
531,53.1,0,0.1,-4.167297166079994,1.0049256844672059,0.04913592973138244
531,53.1,1,0.2,-4.038019170042995,1.0082298748948026,0.0819619414049188
531,53.1,2,0.3,-4.090960138338134,1.0060702573101563,0.06051907519441982
532,53.2,0,0.1,-4.162292675487959,1.0050170339707556,0.05004490592034934
532,53.2,1,0.2,-4.02992679383835,1.0081252079835765,0.08092376204644643
532,53.2,2,0.3,-4.084994424358454,1.0059835442905338,0.05965713979679514
533,53.300000000000004,0,0.1,-4.157199348339899,1.0051063201886816,0.050933271480601394
533,53.300000000000004,1,0.2,-4.021946121835232,1.008012602451553,0.07980672003117803
533,53.300000000000004,2,0.3,-4.0791260442192785,1.005885632813812,0.05868380139175594
534,53.4,0,0.1,-4.152022396909922,1.0051903749974191,0.05176951429976501
534,53.4,1,0.2,-4.014085109384596,1.0078919913309279,0.07861012450636642
534,53.4,2,0.3,-4.073366369300467,1.005776293737408,0.05759674918812124
535,53.5,0,0.1,-4.146770135981358,1.0052660782310967,0.05252260928564492
535,53.5,1,0.2,-4.006351797459814,1.0077632912113421,0.07733311924781884
535,53.5,2,0.3,-4.067726977605418,1.0056553229979333,0.05639391695048266
536,53.6,0,0.1,-4.141453780519334,1.005330512356299,0.05316355462023838
536,53.6,1,0.2,-3.9987543157756007,1.0076264157771826,0.07597481684213372
536,53.6,2,0.3,-4.0622195775212555,1.0055225936916254,0.055074000841627606
537,53.7,0,0.1,-4.13608711663004,1.0053810902254985,0.05366663889294111
537,53.7,1,0.2,-3.9913008662889142,1.007481295581473,0.07453449486686364
537,53.7,2,0.3,-4.056855901377704,1.005378086406914,0.05363676143551745
538,53.800000000000004,0,0.1,-4.130686082384043,1.005415646126037,0.05401034245997061
538,53.800000000000004,1,0.2,-3.983999678194089,1.0073279067550278,0.07301188094824947
538,53.800000000000004,2,0.3,-4.051647586122664,1.0052219021068989,0.05208315255039434
539,53.9,0,0.1,-4.1252682988831415,1.0054324862300084,0.0541778350090136
539,53.9,1,0.2,-3.976858926137299,1.0071663080201434,0.07140752056790728
539,53.9,2,0.3,-4.046606049779227,1.0050542662715964,0.050415363434378004
540,54.0,0,0.1,-4.119852589708156,1.0054304006375083,0.05415709174985495
540,54.0,1,0.2,-3.9698866072441112,1.0069966820983258,0.06972318893187514
540,54.0,2,0.3,-4.041742362697827,1.0048755340062039,0.048636870813999894
541,54.1,0,0.1,-4.114458519595962,1.0054086443013313,0.05394070112194095
541,54.1,1,0.2,-3.9630903787413394,1.0068193752709,0.06796228502771742
541,54.1,2,0.3,-4.037067105411117,1.0046862033539705,0.04675257286709855
542,54.2,0,0.1,-4.109105972753684,1.0053668973135585,0.05352546842277407
542,54.2,1,0.2,-3.9564773649342286,1.0066349280627094,0.06613013807110674
542,54.2,2,0.3,-4.032590202635563,1.004486939076376,0.04476902775553285
543,54.300000000000004,0,0.1,-4.103814779954212,1.0053052158821278,0.05291192799472025
543,54.300000000000004,1,0.2,-3.9500539483844284,1.006444090932906,0.06423416549800184
543,54.300000000000004,2,0.3,-4.028320726505467,1.0042786033281372,0.042694761300960345
544,54.4,0,0.1,-4.098604393699781,1.005223983923002,0.052103862544313394
544,54.4,1,0.2,-3.9438255639072524,1.0062478211959398,0.062283844771763505
544,54.4,2,0.3,-4.0242666705018495,1.004062284804907,0.04054056003617976
545,54.5,0,0.1,-4.093493603956753,1.0051238721065014,0.05110789743028404
545,54.5,1,0.2,-3.9377965146547496,1.0060472605504895,0.060290492525027196
545,54.5,2,0.3,-4.020434706280711,1.003839315583087,0.03831964221138352
546,54.6,0,0.1,-4.088500284061958,1.0050058072924533,0.0499331989479483
546,54.6,1,0.2,-3.9319698270164305,1.0058436958004395,0.05826687638318979
546,54.6,2,0.3,-4.016829945494297,1.003611265750509,0.036047607864144224
547,54.7,0,0.1,-4.0836411572481754,1.0048709515152952,0.04859126813782241
547,54.7,1,0.2,-3.926347156006842,1.0056385078921768,0.05622671009588496
547,54.7,2,0.3,-4.01345573470905,1.0033799098425957,0.03374210785246975
548,54.800000000000004,0,0.1,-4.078931577903201,1.0047206868441485,0.04709579344974668
548,54.800000000000004,1,0.2,-3.9209287463746882,1.0054331157629073,0.054184096321535986
548,54.800000000000004,2,0.3,-4.01031351167693,1.0031471649897998,0.031422230321193734
549,54.9,0,0.1,-4.074385326736992,1.0045566010444804,0.04546251166209361
549,54.9,1,0.2,-3.91571344820876,1.005228921506372,0.05215298165928436
549,54.9,2,0.3,-4.007402745116349,1.0029150069548338,0.02910766560581367
550,55.0,0,0.1,-4.070014423944225,1.004380469121131,0.043709027927664665
550,55.0,1,0.2,-3.9106987805437154,1.0050272621545329,0.05014667665044587
550,55.0,2,0.3,-4.00472096906513,1.0026853752292904,0.02681776051218738
551,55.1,0,0.1,-4.065828967927362,1.0041942272708608,0.04185456016862983
551,55.1,1,0.2,-3.905881033199421,1.0048293713487064,0.04817747344294452
551,55.1,2,0.3,-4.00226390931309,1.0024600807971422,0.02457059752040323
552,55.2,0,0.1,-4.061837008420784,1.003999937989991,0.03991959506578212
552,55.2,1,0.2,-3.9012553960979868,1.004636351875246,0.04625637101434089
552,55.2,2,0.3,-4.00002568649586,1.0022407295077478,0.022382228172297083
553,55.300000000000004,0,0.1,-4.0580444618010425,1.003799747424925,0.03792546619741212
553,55.300000000000004,1,0.2,-3.8968161063289495,1.0044491580131254,0.04439289769037228
553,55.300000000000004,2,0.3,-3.9979990709493447,1.0020286705197814,0.02026615546515369
554,55.4,0,0.1,-4.054455073447363,1.003595837922417,0.03589388353679927
554,55.4,1,0.2,-3.8925566055966754,1.0042685852995121,0.04259500732274344
554,55.4,2,0.3,-3.9961757602108916,1.0018249739801928,0.018233107384532026
555,55.5,0,0.1,-4.051070428109854,1.0033903797173276,0.03384645337508326
555,55.5,1,0.2,-3.8884697035020452,1.0040952648677264,0.04086902094630082
555,55.5,2,0.3,-3.994546651540196,1.0016304363891273,0.016291086706954106
556,55.6,0,0.1,-4.04789000538327,1.0031854856369202,0.03180422726584763
556,55.6,1,0.2,-3.8845477445335224,1.0039296599139043,0.03921958968522821
556,55.6,2,0.3,-3.993102088058145,1.00144560736647,0.014445634820509996
557,55.7,0,0.1,-4.044911274483974,1.002983171726429,0.02978730899295414
557,55.7,1,0.2,-3.880782778060092,1.003772062862798,0.03764966473430444
557,55.7,2,0.3,-3.9918320660929307,1.001270828784634,0.012700219652144004
558,55.800000000000004,0,0.1,-4.042129821159123,1.0027853251550898,0.027814533248510957
558,55.800000000000004,1,0.2,-3.8771667307838884,1.0036225930627352,0.03616047276203409
558,55.800000000000004,2,0.3,-3.9907264007250247,1.0011062768411998,0.011056653679060011
559,55.9,0,0.1,-4.039539499831565,1.0025936791084655,0.025903213275581344
559,55.9,1,0.2,-3.873691580164523,1.003481195956069,0.03475150619365517
559,55.9,2,0.3,-3.9897748542709413,1.0009519993180396,0.00951546454083517
560,56.0,0,0.1,-4.0371326056564065,1.002409793070255,0.024068941751584572
560,56.0,1,0.2,-3.8703495257212346,1.0033476453338581,0.03342054443288453
560,56.0,2,0.3,-3.9889672372741165,1.0008079432072434,0.008076169968247334
561,56.1,0,0.1,-4.034900063349646,1.0022350362849612,0.022325423067605894
561,56.1,1,0.2,-3.867133153464923,1.003221550331608,0.03216372256311616
561,56.1,2,0.3,-3.988293493217185,1.0006739710734396,0.006737440569315372
562,56.2,0,0.1,-4.032831631616761,1.0020705724134977,0.02068431732884483
562,56.2,1,0.2,-3.8640355876036594,1.0031023682757139,0.030975658612634852
562,56.2,2,0.3,-3.987743777238814,1.0005498670998896,0.005497159783711602
563,56.300000000000004,0,0.1,-4.0309161230129735,1.001917344362343,0.019155086037878362
563,56.300000000000004,1,0.2,-3.8610506235170616,1.0029894235278836,0.02984964086597721
563,56.300000000000004,2,0.3,-3.987308536708797,1.0004353352609194,0.0043524053001674995
564,56.4,0,0.1,-4.029141638642281,1.001776059699744,0.017744843706922652
564,56.4,1,0.2,-3.858172836939421,1.002881931380433,0.028777865776407587
564,56.4,2,0.3,-3.9869785986513624,1.000329992492982,0.0032993805743466095
565,56.5,0,0.1,-4.0274958151908296,1.001647178562191,0.01645823451451788
565,56.5,1,0.2,-3.8553976661559637,1.0027790251345656,0.027751707834573085
565,56.5,2,0.3,-3.986745266365057,1.0002333595104005,0.002333322863052845
566,56.6,0,0.1,-4.025966078762015,1.0015309070724348,0.01529736428814466
566,56.6,1,0.2,-3.852721466382575,1.0026797839926511,0.02676199773388583
566,56.6,2,0.3,-3.986600425262431,1.0001448515926048,0.0014484110262591237
567,56.7,0,0.1,-4.024539896550541,1.0014271996929711,0.014261822114738162
567,56.7,1,0.2,-3.8501415378236152,1.0025832594385058,0.025799285589597952
567,56.7,2,0.3,-3.9865366556063333,1.0000637716894256,0.0006376965609788863
568,56.800000000000004,0,0.1,-4.023205014450407,1.0013357734518173,0.01334882100134197
568,56.800000000000004,1,0.2,-3.8476561306667105,1.002488498341693,0.02485407156904671
568,56.800000000000004,2,0.3,-3.9865473470290533,0.9999893086344328,-0.0001069142272003261
569,56.9,0,0.1,-4.021949667090444,1.0012561356382794,0.012553473599626488
569,56.9,1,0.2,-3.8452644311209934,1.002394561940617,0.02391699545717299
569,56.9,2,0.3,-3.9866268063847907,0.9999205438010735,-0.0007945935573739246
570,57.0,0,0.1,-4.020762747140793,1.0011876246179017,0.011869199496512382
570,57.0,1,0.2,-3.8429665324309963,1.0023005408826344,0.022978986899970473
570,57.0,2,0.3,-3.986770347105349,0.9998564695809182,-0.001435407205581087
571,57.1,0,0.1,-4.019633923252348,1.0011294612499306,0.011288238884450248
571,57.1,1,0.2,-3.8407633937697403,1.0022055673544914,0.022031386612559566
571,57.1,2,0.3,-3.986974345913009,0.999796021998682,-0.002039988076600856
572,57.2,0,0.1,-4.018553700443772,1.001080806459373,0.010802228085759882
572,57.2,1,0.2,-3.8386567884204754,1.0021088258012452,0.021066053492648486
572,57.2,2,0.3,-3.9872362529028234,0.9997381273048271,-0.0026190698981442733
573,57.300000000000004,0,0.1,-4.017513422491724,1.0010408192288331,0.010402779520477376
573,57.300000000000004,1,0.2,-3.8366492412005306,1.0020095636920268,0.020075472199447546
573,57.300000000000004,2,0.3,-3.9875545448077543,0.9996817587445634,-0.0031829190493092956
574,57.4,0,0.1,-4.016505221986765,1.001008708909932,0.010082005049590354
574,57.4,1,0.2,-3.834743954146126,1.0019071032670699,0.019052870544046224
574,57.4,2,0.3,-3.9879286190451864,0.9996259957196122,-0.0037407423743209727
575,57.5,0,0.1,-4.015521929180546,1.0009837763970815,0.009832928062189909
575,57.5,1,0.2,-3.832944719400469,1.0018008543396897,0.017992347456572154
575,57.5,2,0.3,-3.988358637024313,0.9995700744653528,-0.004300179791267783
576,57.6,0,0.1,-4.014556954677415,1.0009654402408235,0.009649745031312525
576,57.6,1,0.2,-3.831255819131874,1.0016903272638915,0.016889002685948933
576,57.6,2,0.3,-3.9888453370244705,0.9995134184190755,-0.0048670000015737375
577,57.7,0,0.1,-4.01360416281203,1.0009532459157486,0.009527918653855359
577,57.7,1,0.2,-3.82968191399692,1.001575144373704,0.015739051349541233
577,57.7,2,0.3,-3.989389846745853,0.9994556384971323,-0.005445097213825279
578,57.800000000000004,0,0.1,-4.012657751993212,1.0009468588068529,0.00946410818817953
578,57.800000000000004,1,0.2,-3.8282279237773436,1.0014550477758521,0.014539902195762415
578,57.800000000000004,2,0.3,-3.9899935303339804,0.9993964985921485,-0.006036835881273375
579,57.9,0,0.1,-4.011712155584366,1.0009460436260806,0.009455964088456708
579,57.9,1,0.2,-3.8268989058518077,1.0013299014612271,0.013290179255359335
579,57.9,2,0.3,-3.9906579020983934,0.9993358488816414,-0.006643717644130675
580,58.0,0,0.1,-4.010761972583954,1.0009506345672914,0.00950183000411706
580,58.0,1,0.2,-3.8256999386016197,1.0011996862987647,0.011989672501879597
580,58.0,2,0.3,-3.991384628743784,0.9992735373564614,-0.007267266453907414
581,58.1,0,0.1,-4.009801932244916,1.000960501325274,0.00960040339037946
581,58.1,1,0.2,-3.824636017293939,1.0010644874727221,0.010639213076806113
581,58.1,2,0.3,-3.9921756251961678,0.999209316302842,-0.00790996452383552
582,58.2,0,0.1,-4.008826891683028,1.0009755160684706,0.009750405618884489
582,58.2,1,0.2,-3.8237119692420216,1.0009244751158508,0.009240480519174678
582,58.2,2,0.3,-3.9930332293717354,0.9991427634617899,-0.008576041755676712
583,58.300000000000004,0,0.1,-4.007831861246704,1.0009955256433443,0.009950304363241926
583,58.300000000000004,1,0.2,-3.822932393158829,1.0007798800316061,0.007795760831927789
583,58.300000000000004,2,0.3,-3.993960422943014,0.9990732361398622,-0.009271935712784486
584,58.4,0,0.1,-4.0068120495302955,1.0010203319011917,0.0101981171640825
584,58.4,1,0.2,-3.822301624874274,1.000630967260703,0.006307682845548082
584,58.4,2,0.3,-3.9949610527384563,0.9989998706676113,-0.010006297954424107
585,58.5,0,0.1,-4.005762918708499,1.0010496813520464,0.010491308217961254
585,58.5,1,0.2,-3.8218237284155987,1.0004780106693807,0.004778964586753464
585,58.5,2,0.3,-3.9960400041009208,0.9989216304962721,-0.010789513624644823
586,58.6,0,0.1,-4.004680241350936,1.0010832636642684,0.010826773575631622
586,58.6,1,0.2,-3.82150250835938,1.0003212716529053,0.0032122005621859173
586,58.6,2,0.3,-3.997203284441459,0.9988373960077505,-0.011632803405383476
587,58.7,0,0.1,-4.003560151771234,1.0011207171143115,0.011200895797020945
587,58.7,1,0.2,-3.821341536822879,1.0001609844931143,0.0016097153650118429
587,58.7,2,0.3,-3.9984579909846802,0.9987460802719252,-0.012547065432211112
588,58.800000000000004,0,0.1,-4.002399187796472,1.0011616381543111,0.011609639747618252
588,58.800000000000004,1,0.2,-3.82134418682575,0.9999973500006403,-2.6500028709186176e-05
588,58.800000000000004,2,0.3,-3.9998121577658345,0.9986467496889501,-0.013541667811542786
589,58.9,0,0.1,-4.001194322019324,1.0012055919195237,0.01204865777148247
589,58.9,1,0.2,-3.8215136632100695,0.9998305379759916,-0.0016947638431964304
589,58.9,2,0.3,-4.001274498513167,0.9985387279519004,-0.014623407473327297
590,59.0,0,0.1,-3.9999429845118195,1.0012521207569522,0.01251337507504484
590,59.0,1,0.2,-3.8218530228741727,0.9996606979118744,-0.003393596641032511
590,59.0,2,0.3,-4.002854079354398,0.9984216660399832,-0.01579580841230643
591,59.1,0,0.1,-3.9986430811130376,1.0013007486394092,0.012999033987819247
591,59.1,1,0.2,-3.8223651776248957,0.9994879763781345,-0.005121547507229634
591,59.1,2,0.3,-4.0045599648030095,0.998295568746956,-0.01705885448611586
592,59.2,0,0.1,-3.9972930123889974,1.0013509804770837,0.013500687240401795
592,59.2,1,0.2,-3.8230528752552697,0.9993125387794455,-0.006876976303740081
592,59.2,2,0.3,-4.006400880796874,0.99816077745266,-0.018409159938643522
593,59.300000000000004,0,0.1,-3.995891698047122,1.0014022966416007,0.014013143418751617
593,59.300000000000004,1,0.2,-3.8239186572337203,0.9991345927026279,-0.008657819784505404
593,59.300000000000004,2,0.3,-4.00838493060529,0.9980179171173637,-0.01984049808416238
594,59.4,0,0.1,-3.9944386100438445,1.0014541442471936,0.014530880032777853
594,59.4,1,0.2,-3.824964794360205,0.9989544098841927,-0.010461371264849957
594,59.4,2,0.3,-4.010519386022997,0.9978678209123947,-0.02134455417707081
595,59.5,0,0.1,-3.992933815138866,1.001505927676957,0.015047949049784357
595,59.5,1,0.2,-3.826193204629631,0.9987723439176207,-0.01228410269425755
595,59.5,2,0.3,-4.012810561237414,0.9977114475240808,-0.022911752144167637
596,59.6,0,0.1,-3.991378024674089,1.001557001334634,0.015557904647769185
596,59.6,1,0.2,-3.827605360083174,0.9985888411687855,-0.014121554535430979
596,59.6,2,0.3,-4.015263763737649,0.9975498041418818,-0.024532025002352506
597,59.7,0,0.1,-3.9897726464294467,1.0016066675541473,0.016053782446423297
597,59.7,1,0.2,-3.8292021913741525,0.9984044429657596,-0.015968312909784062
597,59.7,2,0.3,-4.017883308135961,0.997383883614186,-0.026195443983114314
598,59.800000000000004,0,0.1,-3.988119831070305,1.0016541820112845,0.016528153591415004
598,59.800000000000004,1,0.2,-3.83098399988886,0.9982197779636772,-0.01781808514707414
598,59.800000000000004,2,0.3,-4.020672575589556,0.9972146189386332,-0.027892674535951616
599,59.9,0,0.1,-3.986422504395821,1.0016987679487266,0.016973266744845082
599,59.9,1,0.2,-3.8329503873358486,0.9980355446261984,-0.019663874469887384
599,59.9,2,0.3,-4.023634102723188,0.99704285386197,-0.029615271336320154
600,60.0,0,0.1,-3.984684376595431,1.0017396392200684,0.01738127800389819
600,60.0,1,0.2,-3.8351002116090345,0.9978524849439168,-0.021498242731858547
600,60.0,2,0.3,-4.0267696874467775,0.9968693260880929,-0.03135584723589835
601,60.1,0,0.1,-3.9829099210698087,1.001776030803444,0.017744555256222507
601,60.1,1,0.2,-3.837431575421073,0.997671351705877,-0.023313638120385453
601,60.1,2,0.3,-4.030080502383997,0.9966946597669772,-0.033108149372198054
602,60.2,0,0.1,-3.9811043178894523,1.0018072342633273,0.018056031803563598
602,60.2,1,0.2,-3.839941850846252,0.9974928726814202,-0.025102754251790847
602,60.2,2,0.3,-4.033567207890346,0.9965193659927353,-0.03486705506348948
603,60.300000000000004,0,0.1,-3.9792733602674244,1.0018326348484219,0.018309576220278696
603,60.300000000000004,1,0.2,-3.842627738860204,0.9973177157560968,-0.026858880139517156
603,60.300000000000004,2,0.3,-4.037230055187791,0.9963438527448107,-0.036628472974448746
604,60.4,0,0.1,-3.977423326005887,1.0018517466307393,0.018500342615373973
604,60.4,1,0.2,-3.845485358757721,0.9971464592117826,-0.028576198975171455
604,60.4,2,0.3,-4.0410689667731505,0.9961684476156017,-0.03838911585359424
605,60.5,0,0.1,-3.9755608192026726,1.0018642423463302,0.0186250680321451
605,60.5,1,0.2,-3.8485103586311067,0.9969795708287784,-0.030249998733857378
605,60.5,2,0.3,-4.045083577924872,0.9959934366264591,-0.04014611151721802
606,60.6,0,0.1,-3.9736925901077034,1.0018699753222264,0.018682290949691715
606,60.6,1,0.2,-3.8516980355656796,0.996817398313364,-0.031876769345728466
606,60.6,2,0.3,-4.049273222252347,0.9958191199882606,-0.041896443274742026
607,60.7,0,0.1,-3.971825342585062,1.0018689919148653,0.01867247522641309
607,60.7,1,0.2,-3.855043453382886,0.9966601718579756,-0.03345417817206494
607,60.7,2,0.3,-4.0536368477938085,0.9956458812394334,-0.04363625541461796
608,60.800000000000004,0,0.1,-3.969965539050055,1.0018615340422363,0.018598035350070055
608,60.800000000000004,1,0.2,-3.858541546884022,0.9965080177000077,-0.03498093501135674
608,60.800000000000004,2,0.3,-4.058172858958113,0.9954742609969209,-0.04536011164304845
609,60.9,0,0.1,-3.968119212100938,1.0018480324602006,0.018463269491172326
609,60.9,1,0.2,-3.8621872044970456,0.9963609797284173,-0.03645657613023919
609,60.9,2,0.3,-4.062878892774986,0.9953050222101248,-0.0470603381687278
610,61.0,0,0.1,-3.966291790608055,1.0018290922451072,0.018274214928828154
610,61.0,1,0.2,-3.8659753254976024,0.9962190448785393,-0.03788121000556756
610,61.0,2,0.3,-4.067751553058078,0.9951391918677097,-0.04872660283091898
611,61.1,0,0.1,-3.9644879461133304,1.001805472400888,0.01803844494724568
611,61.1,1,0.2,-3.869900852747821,0.9960821675598557,-0.03925527250218719
611,61.1,2,0.3,-4.072786139776563,0.9949780655713064,-0.05034586718484597
612,61.2,0,0.1,-3.962711463401108,1.0017780615924488,0.017764827122226125
612,61.2,1,0.2,-3.8739587862134157,0.9959502888208207,-0.04057933465594519
612,61.2,2,0.3,-4.077976419625314,0.9948231663804141,-0.05190279848751016
613,61.300000000000004,0,0.1,-3.9609651373380106,1.0017478517784593,0.017463260630971894
613,61.300000000000004,1,0.2,-3.8781441854922414,0.9958233472978425,-0.041853992788256036
613,61.300000000000004,2,0.3,-4.083314484753266,0.9946761570241918,-0.0533806512795191
614,61.4,0,0.1,-3.9592506967412513,1.0017159110902771,0.0171444059675939
614,61.4,1,0.2,-3.8824521706106307,0.9957012809387131,-0.04307985118389613
614,61.4,2,0.3,-4.088790738703745,0.9945387133940626,-0.05476253950479438
615,61.5,0,0.1,-3.9575687551811574,1.0016833568171484,0.01681941560093912
615,61.5,1,0.2,-3.886877929251455,0.9955840205967816,-0.04425758640824221
615,61.5,2,0.3,-4.094394032624061,0.9944123752510776,-0.056032939203162525
616,61.6,0,0.1,-3.9559187881881823,1.0016513289374653,0.016499669929750146
616,61.6,1,0.2,-3.891416735694575,0.9954714783726976,-0.04538806443119927
616,61.6,2,0.3,-4.100111953309346,0.9942983955101466,-0.05717920685285013
617,61.7,0,0.1,-3.954299136163093,1.0016209643698486,0.01619652025089268
617,61.7,1,0.2,-3.896063982819563,0.9953635346196558,-0.046472471249878085
617,61.7,2,0.3,-4.105931241500004,0.9941976110704183,-0.05819288190657718
618,61.800000000000004,0,0.1,-3.9527070321928024,1.001593372040694,0.015921039702906144
618,61.800000000000004,1,0.2,-3.9008152245211196,0.9952600275925189,-0.047512417015566515
618,61.800000000000004,2,0.3,-4.1118382982971475,0.9941103555607264,-0.059070567971434555
619,61.9,0,0.1,-3.951138653785028,1.001569608956427,0.015683784077743294
619,61.9,1,0.2,-3.9056662227835766,0.9951607488269014,-0.04850998262457216
619,61.9,2,0.3,-4.11781972332581,0.9940364280806103,-0.059814250286626194
620,62.0,0,0.1,-3.949589197147403,1.0015506576657949,0.015494566376252685
620,62.0,1,0.2,-3.9106129921492467,0.9950654457478251,-0.04946769365670108
620,62.0,2,0.3,-4.1238628228113665,0.9939751233142641,-0.06043099485556616
621,62.1,0,0.1,-3.948052972031223,1.001537405714461,0.015362251161796573
621,62.1,1,0.2,-3.9156518346417877,0.9949738311784785,-0.05038842492540869
621,62.1,2,0.3,-4.129956029765515,0.9939253189847856,-0.060932069541487464
622,62.2,0,0.1,-3.9465235144022586,1.0015306278458072,0.015294576289645928
622,62.2,1,0.2,-3.9207793601012186,0.9948855978596058,-0.051275254594308865
622,62.2,2,0.3,-4.13608919096511,0.9938856082419484,-0.06133161199594196
623,62.300000000000004,0,0.1,-3.944993713420264,1.0015309717244416,0.015298009819946006
623,62.300000000000004,1,0.2,-3.9259924896497567,0.9948004352294222,-0.05213129548537957
623,62.300000000000004,2,0.3,-4.1422536938935455,0.9938544586368595,-0.06164502928435757
624,62.4,0,0.1,-3.943455948563825,1.001538947823113,0.015377648564390597
624,62.4,1,0.2,-3.931288442709621,0.9947180457762467,-0.0529595305986449
624,62.4,2,0.3,-4.14844242804457,0.9938303766200206,-0.061887341510246295
625,62.5,0,0.1,-3.941902232377038,1.0015549238291452,0.01553716186787102
625,62.5,1,0.2,-3.9366647097613963,0.9946381592072119,-0.05376267051775331
625,62.5,2,0.3,-4.154649595619931,0.9938120570918164,-0.062071675753613505
626,62.6,0,0.1,-3.9403243543446096,1.0015791235369695,0.015778780324282368
626,62.6,1,0.2,-3.9421190133162156,0.9945605441519161,-0.05454303554819273
626,62.6,2,0.3,-4.16087040387944,0.9937985009079008,-0.06220808259508904
627,62.7,0,0.1,-3.9387140218605157,1.0016116297657067,0.016103324840939008
627,62.7,1,0.2,-3.9476492583390366,0.9944850186319726,-0.05530245022820878
627,62.7,2,0.3,-4.1671006833498225,0.9937890884773067,-0.062302794703822606
628,62.800000000000004,0,0.1,-3.9370629951051814,1.0016523904504036,0.01651026755334216
628,62.800000000000004,1,0.2,-3.9532534711144667,0.9944114615306012,-0.056042127754300265
628,62.800000000000004,2,0.3,-4.173336481934577,0.9937836036568021,-0.06235798584754004
629,62.9,0,0.1,-3.9353632137806525,1.0017012267716698,0.01699781324529067
629,62.9,1,0.2,-3.9589297232232186,0.9943398273721347,-0.05676252108752212
629,62.9,2,0.3,-4.179573684765896,0.99378220814057,-0.062372028313196985
630,63.0,0,0.1,-3.9336069149146047,1.001757842062207,0.017562988660477535
630,63.0,1,0.2,-3.964676035985005,0.9942701657147897,-0.057463127617864165
630,63.0,2,0.3,-4.185807704106326,0.9937853718422117,-0.06234019340429686
631,63.1,0,0.1,-3.9317867421491917,1.0018218302853659,0.018201727654129935
631,63.1,1,0.2,-3.9704902613344966,0.9942026445477523,-0.05814225349491415
631,63.1,2,0.3,-4.192033273782479,0.9937937690304429,-0.06225569676152976
632,63.2,0,0.1,-3.929895847899994,1.0018926831170707,0.01890894249197723
632,63.2,1,0.2,-3.9763699380574136,0.9941375747486806,-0.05879676722916921
632,63.2,2,0.3,-4.198244369681403,0.9938081530841637,-0.062110958989237915
633,63.300000000000004,0,0.1,-3.927927990354885,1.0019697950474686,0.01967857545108725
633,63.300000000000004,1,0.2,-3.9823121273725857,0.9940754305742419,-0.059421893151720126
633,63.300000000000004,2,0.3,-4.2044342629707385,0.9938292246338237,-0.06189893289335747
634,63.4,0,0.1,-3.925877627386727,1.0020524663996626,0.0205036296815842
634,63.4,1,0.2,-3.988313238060027,0.9940168600112792,-0.06001110687441699
634,63.4,2,0.3,-4.210595697193742,0.9938575084881149,-0.06161434223004209
635,63.5,0,0.1,-3.9237400090493617,1.002139904672257,0.02137618337365113
635,63.5,1,0.2,-3.9943688572526446,0.9939626791147933,-0.06055619192617459
635,63.5,2,0.3,-4.216721165647729,0.9938932539805041,-0.06125468453986562
636,63.6,0,0.1,-3.921511269458417,1.002231225077184,0.022287395909445746
636,63.6,1,0.2,-4.000473607009443,0.9939138463671938,-0.061047497567984464
636,63.6,2,0.3,-4.222803253034309,0.9939363710659759,-0.06082087386579806
637,63.7,0,0.1,-3.9191885176403782,1.0023254514958657,0.023227518180388377
637,63.7,1,0.2,-4.006621047498969,0.9938714163625145,-0.06147440489526003
637,63.7,2,0.3,-4.2288349968746815,0.9939864106071731,-0.060317438403724416
638,63.800000000000004,0,0.1,-3.9167699255331723,1.0024215192604842,0.02418592107205929
638,63.800000000000004,1,0.2,-4.012803644306864,0.9938364761167723,-0.06182596807894481
638,63.800000000000004,2,0.3,-4.234810221034972,0.9940425919887684,-0.05975224160290531
639,63.9,0,0.1,-3.9142548099394094,1.0025182811503452,0.02515115593762972
639,63.9,1,0.2,-4.019012810194138,0.9938100711473277,-0.062091658872741796
639,63.9,2,0.3,-4.240723796825824,0.9941038749826958,-0.059135757908522796
640,64.0,0,0.1,-3.9116437040750407,1.002614517770256,0.026111058643687086
640,64.0,1,0.2,-4.0252390216638485,0.993793131220209,-0.062262114697108295
640,64.0,2,0.3,-4.246571796626257,0.994169066466352,-0.058479998004327405
641,64.1,0,0.1,-3.908938413604242,1.002708953071119,0.027052904707988584
641,64.1,1,0.2,-4.0314719997885895,0.9937864065876706,-0.0623297812474135
641,64.1,2,0.3,-4.25235151990064,0.9942369471938204,-0.05779723274383359
642,64.2,0,0.1,-3.9061420518403787,1.002800275230393,0.027963617638630926
642,64.2,1,0.2,-4.037700935127785,0.9937904242611113,-0.06228935339195021
642,64.2,2,0.3,-4.25806138985652,0.9943064003696993,-0.057098699558797
643,64.3,0,0.1,-3.9032590491917585,1.002887162497414,0.028830026486203447
643,64.3,1,0.2,-4.043914730315206,0.9938054705128684,-0.06213795187420954
643,64.3,2,0.3,-4.26370073805856,0.9943765230734671,-0.056393482020403604
644,64.4,0,0.1,-3.9002951329344633,1.002968312999871,0.029639162572949435
644,64.4,1,0.2,-4.050102232490882,0.993831600995299,-0.06187502175676235
644,64.4,2,0.3,-4.269269510962427,0.9944467039695691,-0.055687729038660067
645,64.5,0,0.1,-3.8972572749267766,1.0030424769743949,0.030378580076868063
645,64.5,1,0.2,-4.056252431650742,0.9938686746027053,-0.061501991598594985
645,64.5,2,0.3,-4.274767943708555,0.9945166559677775,-0.05498432746128358
646,64.6,0,0.1,-3.894153606805219,1.0031084894861433,0.031036681215576668
646,64.6,1,0.2,-4.062354609491038,0.9939164026339042,-0.06102177840296888
646,64.6,2,0.3,-4.280196250601845,0.9945863997418307,-0.05428306893290855
647,64.7,0,0.1,-3.89099330434408,1.003165301481714,0.03160302461138806
647,64.7,1,0.2,-4.068398434681236,0.9939744019821658,-0.060438251901974556
647,64.7,2,0.3,-4.285554377752917,0.9946562020083024,-0.05358127151071633
648,64.8,0,0.1,-3.887786444819694,1.0032120069993293,0.032068595243861124
648,64.8,1,0.2,-4.074374012274111,0.9940422406617884,-0.059755775928754876
648,64.8,2,0.3,-4.2908418520752125,0.9947264797652663,-0.05287474322295561
649,64.9,0,0.1,-3.88454384319517,1.0032478645441518,0.0324260162452389
649,64.9,1,0.2,-4.080271904583932,0.9941194661142241,-0.05897892309820237
649,64.9,2,0.3,-4.296057744261095,0.9947976869603861,-0.05215892185881809
650,65.0,0,0.1,-3.8812768745398927,1.0032723110135626,0.032669686552774996
650,65.0,1,0.2,-4.086083146215964,0.9942056109719662,-0.05811241632032502
650,65.0,2,0.3,-4.301200744483268,0.9948702023601445,-0.051430002221731365
651,65.1,0,0.1,-3.8779972911541405,1.0032849671031856,0.032795833857523694
651,65.1,1,0.2,-4.091799275847942,0.9943001763531714,-0.05716129631977976
651,65.1,2,0.3,-4.306269331728433,0.9949442363681497,-0.05068587245165301
652,65.2,0,0.1,-3.874717043250933,1.0032856338037803,0.032802479032071875
652,65.2,1,0.2,-4.097412401910379,0.9944025980953428,-0.05613126062436767
652,65.2,2,0.3,-4.311262003917901,0.9950197704823208,-0.04992672189467769
653,65.3,0,0.1,-3.871448111670901,1.0032742803635506,0.03268931580032239
653,65.3,1,0.2,-4.102915309771588,0.99451220540125,-0.05502907861209529
653,65.3,2,0.3,-4.316177528478762,0.9950965368591647,-0.04915524560861253
654,65.4,0,0.1,-3.8682023599491147,1.0032510248774806,0.032457517217860395
654,65.4,1,0.2,-4.108301606613586,0.994628183245156,-0.053862968419973026
654,65.4,2,0.3,-4.321015172707737,0.9951740383255951,-0.04837644228974845
655,65.5,0,0.1,-3.864991411169631,1.0032161093975311,0.032109487794837625
655,65.5,1,0.2,-4.113565889508192,0.994749549159998,-0.052642828946061974
655,65.5,2,0.3,-4.32577487964762,0.9952516025148492,-0.047597069398828615
656,65.6,0,0.1,-3.8618265525759545,1.0031698720461963,0.03164858593676725
656,65.6,1,0.2,-4.1187039146954785,0.9948751518864213,-0.05138025187286858
656,65.6,2,0.3,-4.330457366606123,0.9953284587924454,-0.04682486958503862
657,65.7,0,0.1,-3.85871866808622,1.003112718969773,0.031078844897340488
657,65.7,1,0.2,-4.123712743400985,0.9950036945593068,-0.05008828705505692
657,65.7,2,0.3,-4.335064137452182,0.9954038240470963,-0.04606770846058479
658,65.8,0,0.1,-3.855678196001819,1.0030450990078048,0.030404720844014528
658,65.8,1,0.2,-4.128590842239092,0.9951337797631835,-0.0487809883810747
658,65.8,2,0.3,-4.339597413778133,0.9954769834618331,-0.04533276325951165
659,65.9,0,0.1,-3.8527151066570497,1.0029674836331528,0.02963089344768935
659,65.9,1,0.2,-4.133338123624458,0.9952639691447246,-0.04747281385366215
659,65.9,2,0.3,-4.34406000160572,0.9955473547221404,-0.044625878275864145
660,66.0,0,0.1,-3.8498388928955967,1.0028803540327373,0.02876213761453247
660,66.0,1,0.2,-4.1379559218730435,0.9953928473889746,-0.046177982485853655
660,66.0,2,0.3,-4.348455117959246,0.9956145280357758,-0.04395116353526768
661,66.1,0,0.1,-3.8470585653787315,1.002784196211998,0.02780327516865347
661,66.1,1,0.2,-4.142446911408783,0.9955190798782486,-0.04490989535739487
661,66.1,2,0.3,-4.352786204644112,0.9956782789450725,-0.04331086684866283
662,66.2,0,0.1,-3.8443826450118794,1.0026795038374048,0.026759203668518187
662,66.2,1,0.2,-4.146814982236479,0.9956414553183409,-0.043680708276957074
662,66.2,2,0.3,-4.357056755083462,0.9957385553942595,-0.042705504393488435
663,66.3,0,0.1,-3.841819146233858,1.0025667873504975,0.02563498778021568
663,66.3,1,0.2,-4.151065092656085,0.9957589085179998,-0.0425011041960601
663,66.3,2,0.3,-4.361270174779699,0.9957954443029108,-0.04213419696238025
664,66.4,0,0.1,-3.839375547368512,1.0024465868863994,0.024435988653459664
664,66.4,1,0.2,-4.155203119107413,0.9958705233829156,-0.041380264513280834
664,66.4,2,0.3,-4.365429687855666,0.995849125716673,-0.04159513075966715
665,66.5,0,0.1,-3.8370587473339217,1.002319485889586,0.02316800034590248
665,66.5,1,0.2,-4.159235718251342,0.9959755208654183,-0.04032599143928957
665,66.5,2,0.3,-4.369538292220208,0.9958998244029291,-0.04108604364542202
666,66.6,0,0.1,-3.8348750112517322,1.0021861221703738,0.021837360821895933
666,66.6,1,0.2,-4.163170208219718,0.9960732399961341,-0.039344899683764215
666,66.6,2,0.3,-4.373598755205247,0.9959477695483856,-0.04060462985038935
667,66.7,0,0.1,-3.8328299103605055,1.0020471935363682,0.020451008912266064
667,66.7,1,0.2,-4.167014466485027,0.9961631214359753,-0.03844258265308326
667,66.7,2,0.3,-4.377613631107782,0.9959931729364221,-0.04014875902534789
668,66.8,0,0.1,-3.8309282636217152,1.0019034560156364,0.019016467387903385
668,66.8,1,0.2,-4.170776833382097,0.9962447019373027,-0.037623668970703156
668,66.8,2,0.3,-4.381585273220166,0.9960362344271017,-0.03971642112383881
669,66.9,0,0.1,-3.8291740891666683,1.0017557139190874,0.017541744550467368
669,66.9,1,0.2,-4.174466005072425,0.9963176249430012,-0.03689171690327916
669,66.9,2,0.3,-4.385515807219134,0.9960771804391935,-0.03930533998967809
670,67.0,0,0.1,-3.827570573132922,1.0016048023530342,0.016035160337462908
670,67.0,1,0.2,-4.178090899068969,0.9963816680004567,-0.036248939965439604
670,67.0,2,0.3,-4.38940703197457,0.996116336249244,-0.03891224755436128
671,67.1,0,0.1,-3.8261200615919213,1.0014515640416928,0.014505115410009253
671,67.1,1,0.2,-4.181660479709123,0.9964367827390359,-0.03569580640154538
671,67.1,2,0.3,-4.39326021954304,0.9961542264331782,-0.03853187568470637
672,67.2,0,0.1,-3.8248240785183096,1.0012968232225756,0.012959830736115624
672,67.2,1,0.2,-4.185183539464631,0.9964831389379206,-0.035230597555072955
672,67.2,2,0.3,-4.397075799229862,0.9961916903878958,-0.03815579686821232
673,67.3,0,0.1,-3.8236833696061354,1.001141359768041,0.011407089121742802
673,67.3,1,0.2,-4.188668443077523,0.9965211616160782,-0.034849036128925294
673,67.3,2,0.3,-4.4008529307266135,0.9962299928916799,-0.037771314967518434
674,67.4,0,0.1,-3.8226979687772267,1.000985886495818,0.009854008289086606
674,67.4,1,0.2,-4.192122853006155,0.9965515496810592,-0.03454409928631702
674,67.4,2,0.3,-4.404588996308595,0.9962709048276969,-0.03736065581981266
675,67.5,0,0.1,-3.8218672819855777,1.0008310319074762,0.008306867916490407
675,67.5,1,0.2,-4.19555346422501,0.9965752666043824,-0.034306112188551015
675,67.5,2,0.3,-4.408279067983528,0.9963167282728805,-0.036900716749335025
676,67.6,0,0.1,-3.8211901817780447,1.0006773294916251,0.0067710020753301535
676,67.6,1,0.2,-4.198965782038591,0.9965934975263735,-0.03412317813580951
676,67.6,2,0.3,-4.41191542710715,0.9963702444235019,-0.03636359123621909
677,67.7,0,0.1,-3.8206651061737795,1.0005252134805909,0.0052507560426513465
677,67.7,1,0.2,-4.202363976919275,0.9966075724488529,-0.03398194880684423
677,67.7,2,0.3,-4.415487225817608,0.9964345725746498,-0.035717987104574585
678,67.8,0,0.1,-3.820290156658302,1.0003750198178336,0.0037494951547769515
678,67.8,1,0.2,-4.205750845035688,0.996618860851828,-0.03386868116412615
678,67.8,2,0.3,-4.41898037720195,0.9965129425711865,-0.0349315138434234
679,67.9,0,0.1,-3.8200631921007533,1.0002269903159526,0.002269645575485397
679,67.9,1,0.2,-4.209127892621119,0.996628648226286,-0.033770475854308264
679,67.9,2,0.3,-4.422377742245534,0.9966083994711343,-0.033973650435840545
680,68.0,0,0.1,-3.819981917680131,1.0000812777234775,0.0008127442062245045
680,68.0,1,0.2,-4.212495547997932,0.9966380088144231,-0.03367655376813353
680,68.0,2,0.3,-4.425659647477662,0.9967234743321658,-0.032819052321279775
681,68.1,0,0.1,-3.820043969882633,0.9999379497226961,-0.0006205220250210883
681,68.1,1,0.2,-4.215853488892904,0.9966476906832896,-0.0335794089497218
681,68.1,2,0.3,-4.428804722536781,0.9968598655086022,-0.03145075059119053
682,68.2,0,0.1,-3.820246999815549,0.9997969906762662,-0.0020302993291608164
682,68.2,1,0.2,-4.2192010569345735,0.996658028817197,-0.033475680416691835
682,68.2,2,0.3,-4.431790999329479,0.997018177696627,-0.029862767926977736
683,68.3,0,0.1,-3.820588757165376,0.9996583010425639,-0.003417573498270182
683,68.3,1,0.2,-4.222537718192117,0.9966688992104445,-0.033366612575440276
683,68.3,2,0.3,-4.434597173241084,0.9971977597140671,-0.028061739116049186
684,68.4,0,0.1,-3.821067176057576,0.99952169553187,-0.004784188921997537
684,68.4,1,0.2,-4.225863520248502,0.996679722297275,-0.03325802056384824
684,68.4,2,0.3,-4.437203900574429,0.997396667230143,-0.026067273333445492
685,68.5,0,0.1,-3.8216804620758547,0.9993869020031524,-0.006132860182788484
685,68.5,1,0.2,-4.229179493956992,0.9966895180604644,-0.03315973708489761
685,68.5,2,0.3,-4.439595000845293,0.9976117561322859,-0.023911002708648904
686,68.60000000000001,0,0.1,-3.822427177225923,0.9992535635723094,-0.007467151500683474
686,68.60000000000001,1,0.2,-4.2324879522727095,0.9966970086018109,-0.03308458315717184
686,68.60000000000001,2,0.3,-4.441758449028439,0.9978388903841144,-0.021634481831458816
687,68.7,0,0.1,-3.8233063172770154,0.9991212462793012,-0.00879140051092403
687,68.7,1,0.2,-4.23579264904309,0.9967007577298468,-0.033046967703811096
687,68.7,2,0.3,-4.443687077473674,0.9980732301635576,-0.01928628445235002
688,68.8,0,0.1,-3.8243173742902195,0.9989894539327249,-0.010110570132040883
688,68.8,1,0.2,-4.23909877615813,0.9966993321052613,-0.033061271150398246
688,68.8,2,0.3,-4.4453789518267826,0.998309556059499,-0.01691874353108343
689,68.9,0,0.1,-3.8254603767303093,0.9988576505383902,-0.011430024400897045
689,68.9,1,0.2,-4.242412796030365,0.9966914654304813,-0.033140198722347254
689,68.9,2,0.3,-4.446837429554609,0.9985425853339346,-0.01458477727826466
690,69.0,0,0.1,-3.826735900608685,0.9987252892564452,-0.012755238783760007
690,69.0,1,0.2,-4.245742125532046,0.9966762065702776,-0.03329329501681156
690,69.0,2,0.3,-4.448070943969047,0.998767246051753,-0.012335144144382672
691,69.10000000000001,0,0.1,-3.8281450475737753,0.9985918454163027,-0.01409146965089971
691,69.10000000000001,1,0.2,-4.2490947046560406,0.9966530344942784,-0.03352579123994273
691,69.10000000000001,2,0.3,-4.449092574814909,0.9989788908412591,-0.010216308458614005
692,69.2,0,0.1,-3.829689389407398,0.99845685004859,-0.015443418336228188
692,69.2,1,0.2,-4.252478495922583,0.9966219273031579,-0.03383791266542616
692,69.2,2,0.3,-4.4499194675133324,0.9991734490831314,-0.008268926984236672
693,69.3,0,0.1,-3.8313708824196873,0.9983199199050381,-0.016814930122893545
693,69.3,1,0.2,-4.255900967165842,0.9965833787357483,-0.03422471243259312
693,69.3,2,0.3,-4.4505721511908884,0.9993475292741028,-0.006526836775560357
694,69.4,0,0.1,-3.833191759056174,0.9981807801536197,-0.01820876636486735
694,69.4,1,0.2,-4.259368609926501,0.9965383625690478,-0.03467642760658289
694,69.4,2,0.3,-4.45107378837893,0.9994984886108564,-0.005016371880417053
695,69.5,0,0.1,-3.835154406951124,0.9980392768390324,-0.019626478949500432
695,69.5,1,0.2,-4.26288653840711,0.9964882521799567,-0.03517928480609478
695,69.5,2,0.3,-4.451449375248628,0.9996244836542211,-0.003755868696977629
696,69.60000000000001,0,0.1,-3.8372612471504985,0.9978953776306273,-0.021068401993742804
696,69.60000000000001,1,0.2,-4.266458200999887,0.9964347082070218,-0.03571662592776776
696,69.60000000000001,2,0.3,-4.4517249068300115,0.9997245063739563,-0.0027553158138357995
697,69.7,0,0.1,-3.839514623018916,0.997749161077063,-0.02253375868417468
697,69.7,1,0.2,-4.270085219816199,0.9963795508712417,-0.03627018816312095
697,69.7,2,0.3,-4.451926528917235,0.9997983982371438,-0.00201622087223197
698,69.8,0,0.1,-3.8419167094866298,0.9976007962333577,-0.024020864677140298
698,69.8,1,0.2,-4.273767356033406,0.9963246345335296,-0.0368213621720702
698,69.8,2,0.3,-4.452079714347907,0.9998468263016165,-0.0015318543067267304
699,69.9,0,0.1,-3.844469449136868,0.9974505158189121,-0.025527396502378386
699,69.9,1,0.2,-4.277502582982211,0.9962717403338806,-0.037352269488050295
699,69.9,2,0.3,-4.4522085190920055,0.9998712035508768,-0.0012880474409814337
700,70.0,0,0.1,-3.847174517761072,0.9972985867771464,-0.027050686242044302
700,70.0,1,0.2,-4.281287237190305,0.9962224985692023,-0.037846542080937004
700,70.0,2,0.3,-4.452334984422348,0.9998735426660608,-0.0012646533034211425
701,70.10000000000001,0,0.1,-3.8500333181079784,0.9971452821315484,-0.028588003469060878
701,70.10000000000001,1,0.2,-4.285116211831582,0.9961783465349444,-0.03828974641277078
701,70.10000000000001,2,0.3,-4.452478747919963,0.9998562468358613,-0.0014376349761490044
702,70.2,0,0.1,-3.8530469972789474,0.9969908574017013,-0.03013679170969124
702,70.2,1,0.2,-4.288983157931676,0.9961405209080365,-0.03866946100093969
702,70.2,2,0.3,-4.452656904607981,0.9998218591809418,-0.0017815668801813747
703,70.3,0,0.1,-3.8562164810727064,0.9968355337176268,-0.03169483793759212
703,70.3,1,0.2,-4.2928806657926435,0.996110077564843,-0.03897507860967985
703,70.3,2,0.3,-4.452884121908495,0.9997728085113816,-0.002272173005142393
704,70.4,0,0.1,-3.859542517801324,0.9966794884042467,-0.03326036728617137
704,70.4,1,0.2,-4.296800410835016,0.9960879271306319,-0.039197450423721344
704,70.4,2,0.3,-4.453172965533149,0.9997111980866499,-0.0028884362465395365
705,70.5,0,0.1,-3.8630257246413247,0.9965228524876056,-0.034832068400010054
705,70.5,1,0.2,-4.3007332619692855,0.9960748723962699,-0.03932851134269778
705,70.5,2,0.3,-4.453534348736872,0.9996386820873221,-0.0036138320372282986
706,70.60000000000001,0,0.1,-3.8666666311439806,0.9963657135606437,-0.03640906502655606
706,70.60000000000001,1,0.2,-4.304669363853547,0.9960716344111493,-0.03936101884261076
706,70.60000000000001,2,0.3,-4.453977986401485,0.9995564607280248,-0.004436376646132677
707,70.7,0,0.1,-3.870465716623335,0.996208121915826,-0.03799085479354807
707,70.7,1,0.2,-4.308598214272887,0.9960788574158541,-0.039288504193406584
707,70.7,2,0.3,-4.454512727668012,0.9994654016821024,-0.005347412665273358
708,70.8,0,0.1,-3.8744234402262885,0.9960500978633028,-0.03957723602953547
708,70.8,1,0.2,-4.312508762386501,0.9960970881224621,-0.03910548113613688
708,70.8,2,0.3,-4.455146660671385,0.9993662678897004,-0.006339330033729245
709,70.9,0,0.1,-3.8785402640901983,0.9958916386385931,-0.041168238639094176
709,70.9,1,0.2,-4.316389551836086,0.9961267310821115,-0.038807894495850336
709,70.9,2,0.3,-4.4558869280401066,0.9992600065615693,-0.007402673687212848
710,71.0,0,0.1,-3.882816670807274,0.9957327240898108,-0.042764067170762074
710,71.0,1,0.2,-4.320228925100489,0.9961679877056122,-0.03839373264402864
710,71.0,2,0.3,-4.456739253439646,0.999148037726579,-0.00852325399539437
711,71.10000000000001,0,0.1,-3.887253176372801,0.9955733211877698,-0.044365055655265044
711,71.10000000000001,1,0.2,-4.324015293646713,0.9962207907084497,-0.03786368546224172
711,71.10000000000001,2,0.3,-4.457707244335894,0.9990324774558073,-0.009679908962478008
712,71.2,0,0.1,-3.891850339063637,0.9954133880874938,-0.04597162690836138
712,71.2,1,0.2,-4.327737464880225,0.9962847474589862,-0.03722171233511807
712,71.2,2,0.3,-4.4587915899027815,0.9989162421233273,-0.010843455668876961
713,71.3,0,0.1,-3.8966087636235205,0.995252878806417,-0.047584245598837824
713,71.3,1,0.2,-4.331385004500779,0.9963591045713146,-0.03647539620554626
713,71.3,2,0.3,-4.459989303556579,0.9988030033189296,-0.011977136537977953
714,71.4,0,0.1,-3.9015290991551868,0.9950917494902937,-0.04920335531665845
714,71.4,1,0.2,-4.334948604217087,0.996442742369373,-0.03563599716307182
714,71.4,2,0.3,-4.461293160256303,0.9986969929521078,-0.013038566997235488
715,71.5,0,0.1,-3.906612028636253,0.9949299667455331,-0.05082929481066434
715,71.5,1,0.2,-4.338420421618707,0.9965342023878633,-0.03471817401620589
715,71.5,2,0.3,-4.462691449589463,0.9986026878178702,-0.01398289333160187
716,71.60000000000001,0,0.1,-3.9118582482487287,0.9947675177640383,-0.05246219612475397
716,71.60000000000001,1,0.2,-4.3417943618752055,0.9966317450841318,-0.03373940256497999
716,71.60000000000001,2,0.3,-4.464168113492433,0.9985244258287159,-0.014766639029700619
717,71.7,0,0.1,-3.917268435796133,0.994604421160089,-0.05410187547404496
717,71.7,1,0.2,-4.345066279023536,0.9967334297394678,-0.032719171483306025
717,71.7,2,0.3,-4.465703273761561,0.9984660174866394,-0.015351602691283424
718,71.8,0,0.1,-3.9228432092094034,0.9944407368006734,-0.05574773413270823
718,71.8,1,0.2,-4.3482340859762525,0.9968372052537637,-0.03167806952716748
718,71.8,2,0.3,-4.467274092782859,0.9984304140691626,-0.015708190212980536
719,71.9,0,0.1,-3.9285830781606554,0.9942765726239999,-0.05739868951251514
719,71.9,1,0.2,-4.351297774443479,0.9969409998372291,-0.030636884672261163
719,71.9,2,0.3,-4.468855863442758,0.9984194796799744,-0.01581770659898261
720,72.0,0,0.1,-3.934488393660095,0.9941120866043125,-0.0590531549944007
720,72.0,1,0.2,-4.354259356104758,0.9970427994955705,-0.029615816612793017
720,72.0,2,0.3,-4.470423199351319,0.9984338917209107,-0.01567335908561152
721,72.10000000000001,0,0.1,-3.9405593017622484,0.9939474826254796,-0.06070908102152754
721,72.10000000000001,1,0.2,-4.357122742615395,0.9971407090705071,-0.028633865106370893
721,72.10000000000001,2,0.3,-4.47195119704838,0.9984731690970575,-0.01527997697061115
722,72.2,0,0.1,-3.946795707822992,0.9937829999573076,-0.06236406060743959
722,72.2,1,0.2,-4.3598935835138715,0.9972329943380713,-0.02770840898476281
722,72.2,2,0.3,-4.4734164645788175,0.9985358054498986,-0.014652675304374918
723,72.3,0,0.1,-3.9531972569894336,0.9936188970969057,-0.06401549166441897
723,72.3,1,0.2,-4.362579078232493,0.9973181079965744,-0.026854947186213812
723,72.3,2,0.3,-4.474797947780859,0.9986194706066035,-0.013814832020414234
724,72.4,0,0.1,-3.959763334853711,0.9934554317213623,-0.06566077864276983
724,72.4,1,0.2,-4.365187772756461,0.9973947051627005,-0.026086945239682798
724,72.4,2,0.3,-4.476077526517828,0.9987212395748343,-0.012795787369687136
725,72.5,0,0.1,-3.966493089745211,0.993292839196314,-0.06729754891500345
725,72.5,1,0.2,-4.367729345251478,0.9974616545658413,-0.02541572495016775
725,72.5,2,0.3,-4.477240388091715,0.9988378142876287,-0.011628615738877407
726,72.60000000000001,0,0.1,-3.9733854753979134,0.9931313123607508,-0.0689238565270175
726,72.60000000000001,1,0.2,-4.370214380435173,0.9975180499601439,-0.02485035183694927
726,72.60000000000001,2,0.3,-4.4782752074835805,0.9989657158490794,-0.010348193918651388
727,72.7,0,0.1,-3.9804393101813673,0.9929709851163434,-0.07053834783454295
727,72.7,1,0.2,-4.372654131218036,0.9975632229901646,-0.024397507828634313
727,72.7,2,0.3,-4.479174171749065,0.9991014396818366,-0.008989642654846875
728,72.8,0,0.1,-3.9876533471455273,0.9928119217406397,-0.07214036964160418
728,72.8,1,0.2,-4.375060268678809,0.9975967549676417,-0.024061374607732534
728,72.8,2,0.3,-4.47993288137391,0.9992415781225263,-0.007587096248445211
729,72.9,0,0.1,-3.9950263480913155,0.9926541129478412,-0.0737300094578756
729,72.9,1,0.2,-4.377444626960291,0.9976184820428268,-0.023843582814817764
729,72.9,2,0.3,-4.480550150441782,0.9993829214034867,-0.0061726906787202005
730,73.0,0,0.1,-4.002557154853761,0.9924974787141103,-0.07530806762446202
730,73.0,1,0.2,-4.379818956255126,0.9976284871954326,-0.023743292948347445
730,73.0,2,0.3,-4.481027716852647,0.9995225476058226,-0.0047756641086496516
731,73.10000000000001,0,0.1,-4.010244751904662,0.9923418769468739,-0.07687597050900286
731,73.10000000000001,1,0.2,-4.382194702186906,0.9976270739190611,-0.02375745931779935
731,73.10000000000001,2,0.3,-4.481369868936827,0.9996579064431688,-0.0034215208418061772
732,73.2,0,0.1,-4.018088316029543,0.9921871163570309,-0.07843564124880854
732,73.2,1,0.2,-4.384582831201585,0.997614720296791,-0.023881290146789105
732,73.2,2,0.3,-4.481582997934299,0.9997868937128992,-0.0021312899747184632
733,73.3,0,0.1,-4.026087250901324,0.9920329714788099,-0.07998934871781949
733,73.3,1,0.2,-4.38699371756025,0.9975920174937637,-0.02410886358665069
733,73.3,2,0.3,-4.481675095642152,0.9999079065330106,-0.0009209770785290585
734,73.4,0,0.1,-4.034241206529391,0.9918791976966834,-0.08153955628065838
734,73.4,1,0.2,-4.3894370980810935,0.9975596021036177,-0.024433805208434883
734,73.4,2,0.3,-4.481655228908831,1.000019866930666,0.00019866733320659773
735,73.5,0,0.1,-4.042550085512818,0.9917255443458171,-0.08308878983427387
735,73.5,1,0.2,-4.391922087452483,0.9975180956587473,-0.024849893713893314
735,73.5,2,0.3,-4.481533032218234,1.000122204156917,0.0012219669059732735
736,73.60000000000001,0,0.1,-4.051014039550349,0.9915717643773978,-0.08463954037530808
736,73.60000000000001,1,0.2,-4.394457232656935,0.9974680655623256,-0.025351452044517556
736,73.60000000000001,2,0.3,-4.481318261792319,1.0002147934907335,0.002147704259147604
737,73.7,0,0.1,-4.059633460625177,0.9914176196354467,-0.08619421074828316
737,73.7,1,0.2,-4.39705057348391,0.9974100189763478,-0.02593340826975746
737,73.7,2,0.3,-4.481020447264663,1.0002978588788058,0.0029781452765666487
738,73.8,0,0.1,-4.068408971635595,0.99126288139991,-0.08775511010418456
738,73.8,1,0.2,-4.39970967077969,0.9973444349718599,-0.026590972957799955
738,73.8,2,0.3,-4.480648660964925,1.00037185542083,0.003717862997376853
739,73.9,0,0.1,-4.077341420983671,0.9911073264577074,-0.08932449348075037
739,73.9,1,0.2,-4.402441567361336,0.9972718316519983,-0.027318965816458433
739,73.9,2,0.3,-4.480211403911771,1.0004373526639543,0.004372570531536351
740,74.0,0,0.1,-4.0864318847938055,0.9909507295392889,-0.09090463810135302
740,74.0,1,0.2,-4.405252658874574,0.9971928559047921,-0.028110915132383774
740,74.0,2,0.3,-4.479716587019933,1.0004949393339109,0.0049481689183841805
741,74.10000000000001,0,0.1,-4.095681679056077,0.9907928534890719,-0.09249794262270783
741,74.10000000000001,1,0.2,-4.408148471506058,0.9971083761895919,-0.028958126314832827
741,74.10000000000001,2,0.3,-4.479171570992973,1.0005451645751804,0.005450160269599526
742,74.2,0,0.1,-4.105092382133769,0.9906334390106308,-0.09410703077692519
742,74.2,1,0.2,-4.411133366517067,0.997019555359041,-0.029848950110091286
742,74.2,2,0.3,-4.478583222480301,1.0005885216236063,0.0058834851267167716
743,74.3,0,0.1,-4.114665865824906,0.9904721962156873,-0.09573483691137075
743,74.3,1,0.2,-4.414210212901978,0.9969278822559172,-0.030768463849108557
743,74.3,2,0.3,-4.47795794830169,1.0006254697032613,0.0062527417861172555
744,74.4,0,0.1,-4.124404330654662,0.9903088004639626,-0.09738464829755658
744,74.4,1,0.2,-4.417380083813232,0.9968351478252259,-0.03169870911254598
744,74.4,2,0.3,-4.4773016821007054,1.0006564815907624,0.006562662009840787
745,74.5,0,0.1,-4.134310338492664,0.9901428950469752,-0.09906007838002781
745,74.5,1,0.2,-4.420642035624155,0.9967433625738933,-0.03261951810922888
745,74.5,2,0.3,-4.476619814802375,1.0006820998226835,0.006818672983302353
746,74.60000000000001,0,0.1,-4.144386833194826,0.9899741030785445,-0.10076494702160795
746,74.60000000000001,1,0.2,-4.423993018792847,0.9966546251092429,-0.03350983168691249
746,74.60000000000001,2,0.3,-4.475917076979424,1.0007029848010254,0.0070273782295154465
747,74.7,0,0.1,-4.154637138069326,0.9898020504617586,-0.10250304874500543
747,74.7,1,0.2,-4.427427948144104,0.9965709632697234,-0.0343492935125786
747,74.7,2,0.3,-4.475197393457259,1.0007199425564872,0.007196835221643792
748,74.8,0,0.1,-4.165064917874904,0.9896264009982215,-0.10427779805578889
748,74.8,1,0.2,-4.430939930819871,0.996494177122246,-0.03511982675767222
748,74.8,2,0.3,-4.474463735629975,1.0007339270200162,0.007336578272845591
749,74.9,0,0.1,-4.1756740930476495,0.9894469036343411,-0.10609175172744384
749,74.9,1,0.2,-4.434520619186858,0.9964257146529178,-0.035806883669865786
749,74.9,2,0.3,-4.473717994619843,1.0007460191440931,0.007457410101316317
750,75.0,0,0.1,-4.186468695092581,0.9892634505988921,-0.10794602044932491
750,75.0,1,0.2,-4.43816063055964,0.9963666054377586,-0.036400113727819
750,75.0,2,0.3,-4.472960890250112,1.0007573910455874,0.007571043697307975
751,75.10000000000001,0,0.1,-4.197452654600862,0.9890761439158227,-0.10983959508279413
751,75.10000000000001,1,0.2,-4.441849962085891,0.9963174656956665,-0.036893315262510794
751,75.10000000000001,2,0.3,-4.472191919850951,1.0007692661326972,0.007689703991608409
752,75.2,0,0.1,-4.208629517035409,0.9888853666346993,-0.11176862434548265
752,75.2,1,0.2,-4.445578331575342,0.9962785722502713,-0.037283694894505344
752,75.2,2,0.3,-4.471409340622097,1.0007828855238738,0.007825792288543187
753,75.3,0,0.1,-4.220002085991113,0.9886918542562083,-0.11372568955704246
753,75.3,1,0.2,-4.449335393909268,0.9962499865942464,-0.03757062333926911
753,75.3,2,0.3,-4.470610172527527,1.0007994875144761,0.007991680945700807
754,75.4,0,0.1,-4.231571998694154,0.988496761351543,-0.11569912703039877
754,75.4,1,0.2,-4.4531108144398495,0.9962316974089548,-0.037754205305807864
754,75.4,2,0.3,-4.469790207169585,1.0008203016214376,0.00819965357941862
755,75.5,0,0.1,-4.243339243617835,0.9883017183352983,-0.11767244923681866
755,75.5,1,0.2,-4.456894218538216,0.9962237439574162,-0.037834040983668535
755,75.5,2,0.3,-4.4689440119637345,1.0008465533300213,0.008461952058507674
756,75.60000000000001,0,0.1,-4.255301634827341,0.9881088737427558,-0.11962391209505131
756,75.60000000000001,1,0.2,-4.4606750712520675,0.9962262857104933,-0.03780852713851101
756,75.60000000000001,2,0.3,-4.4680649270309845,1.000879471441159,0.008790849327499434
757,75.7,0,0.1,-4.267454261651791,0.9879209181220222,-0.1215262682445031
757,75.7,1,0.2,-4.464442564044199,0.9962395953045927,-0.03767492792131614
757,75.7,2,0.3,-4.467145062414981,1.0009202878212136,0.009198646160034041
758,75.8,0,0.1,-4.279788935241616,0.9877410866837932,-0.12334673589825575
758,75.8,1,0.2,-4.468185590225763,0.9962639702089875,-0.03743026181563849
758,75.8,2,0.3,-4.4661753129701545,1.000970219803851,0.009697494448266949
759,75.9,0,0.1,-4.292293655329769,0.9875731390506058,-0.12504720088152332
759,75.9,1,0.2,-4.471892874425476,0.9962995792940952,-0.03707284199712685
759,75.9,2,0.3,-4.465145415104259,1.0010304283928166,0.010298978658952695
760,76.0,0,0.1,-4.304952120997355,0.9874213157174928,-0.12658465667587046
760,76.0,1,0.2,-4.475553286610972,0.9963462789565847,-0.03660412185496606
760,76.0,2,0.3,-4.464044071539536,1.0011019502662553,0.011013435647227525
761,76.10000000000001,0,0.1,-4.317743308442514,0.9872902721016208,-0.12791187445157856
761,76.10000000000001,1,0.2,-4.479156324816114,0.9964034449483248,-0.036030382051418765
761,76.10000000000001,2,0.3,-4.462859166217801,1.0011856075993963,0.01184905321735107
762,76.2,0,0.1,-4.330641136715059,0.9871849922637981,-0.1289782827254522
762,76.2,1,0.2,-4.482692703107062,0.9964698673302983,-0.03536378290947641
762,76.2,2,0.3,-4.461578081246817,1.0012819059108635,0.012810849709846313
763,76.3,0,0.1,-4.3436142392067145,0.9871106854811151,-0.12973102491656469
763,76.3,1,0.2,-4.4861549437251,0.9965437460259498,-0.03462240618038434
763,76.3,2,0.3,-4.460188112333596,1.0013909353677386,0.013899689132204863
764,76.4,0,0.1,-4.356625854536019,0.9870726697795947,-0.13011615329303394
764,76.4,1,0.2,-4.489537854420295,0.9966228049002577,-0.03382910695194741
764,76.4,2,0.3,-4.458676960623868,1.0015122940748298,0.015111517097280246
765,76.5,0,0.1,-4.369633845581166,0.9870762472179162,-0.1300799104514801
765,76.5,1,0.2,-4.492838779321611,0.9967045171616926,-0.033009249013160255
765,76.5,2,0.3,-4.4570332604796,1.001645051759799,0.01643700144268494
766,76.60000000000001,0,0.1,-4.38259085014833,0.987126576042297,-0.1295700456716254
766,76.60000000000001,1,0.2,-4.496057544231382,0.9967864097604964,-0.03218764909771191
766,76.60000000000001,2,0.3,-4.4552470883723165,1.001787768262876,0.017861721072830048
767,76.7,0,0.1,-4.39544456159479,0.9872285446931054,-0.12853711446460478
767,76.7,1,0.2,-4.499196069061736,0.9968663951901533,-0.031385248303543285
767,76.7,2,0.3,-4.453310391623665,1.0019385733570778,0.019366967486514886
768,76.8,0,0.1,-4.408138133230567,0.9873866519446479,-0.12693571635778167
768,76.8,1,0.2,-4.502257680665851,0.9969430703493661,-0.03061611604114841
768,76.8,2,0.3,-4.451217280092849,1.0020953036179172,0.020931115308161576
769,76.9,0,0.1,-4.420610697097434,0.9876048961815942,-0.1247256386686573
769,76.9,1,0.2,-4.505246215745429,0.9970159261460995,-0.02988535079577937
769,76.9,2,0.3,-4.448964140042405,1.0022556802779587,0.02253140050443555
770,77.0,0,0.1,-4.43279798626628,0.9878866750603967,-0.12187289168846842
770,77.0,1,0.2,-4.508165043804408,0.9970854275781419,-0.02918828058979083
770,77.0,2,0.3,-4.446549555592725,1.0024175019063886,0.024145844496807053
771,77.10000000000001,0,0.1,-4.44463305033791,0.9882346948276088,-0.11835064071629255
771,77.10000000000001,1,0.2,-4.511016155804953,0.9971529485593218,-0.028511120005443102
771,77.10000000000001,2,0.3,-4.443974054917069,1.002578820126659,0.025755006756555978
772,77.2,0,0.1,-4.456047056195057,0.9886508867780738,-0.11414005857147674
772,77.2,1,0.2,-4.513799452228714,0.9972205733546509,-0.027832964237612307
772,77.2,2,0.3,-4.441239729079091,1.002738067516418,0.027343258379783242
773,77.3,0,0.1,-4.466970169529474,0.9891363272457844,-0.10923113334417155
773,77.3,1,0.2,-4.5165123275519115,0.9972908011976626,-0.02712875323197904
773,77.3,2,0.3,-4.438349794004313,1.0028941149627117,0.02889935074778358
774,77.4,0,0.1,-4.47733251603392,0.989691157639123,-0.10362346504445345
774,77.4,1,0.2,-4.519149594676543,0.9973662074092158,-0.026372671246315232
774,77.4,2,0.3,-4.435308174599828,1.0030462498222514,0.03041619404484404
775,77.5,0,0.1,-4.487065222817209,0.9903145027244701,-0.09732706783289856
775,77.5,1,0.2,-4.521703733742076,0.9974491199723815,-0.02554139065532513
775,77.5,2,0.3,-4.432119181633093,1.0031940832142894,0.0318899296673543
776,77.60000000000001,0,0.1,-4.496101538932242,0.9910043886899997,-0.0903631611503209
776,77.60000000000001,1,0.2,-4.524165396767897,0.9975413643819431,-0.024616630258209714
776,77.60000000000001,2,0.3,-4.428787327951712,1.0033374104756192,0.03331853681380608
777,77.7,0,0.1,-4.504378027648107,0.9917576671217773,-0.08276488715865087
777,77.7,1,0.2,-4.526524062739261,0.9976441134955102,-0.023586659713644938
777,77.7,2,0.3,-4.425317296455633,1.0034760590252596,0.03470031496078915
778,77.8,0,0.1,-4.5118358118488135,0.9925699560687345,-0.07457784200707064
778,77.8,1,0.2,-4.528768723251587,0.9977578568541854,-0.022446605123259855
778,77.8,2,0.3,-4.421714036391288,1.0036097596100642,0.036032600643453976
779,77.9,0,0.1,-4.51842183853679,0.9934356136517762,-0.06586026687976136
779,77.9,1,0.2,-4.530888487964028,0.9978824804021253,-0.021197647124411714
779,77.9,2,0.3,-4.417982936299218,1.0037380693109408,0.03731100092069577
780,78.0,0,0.1,-4.5240901110682605,0.9943477618152882,-0.056682725314706084
780,78.0,1,0.2,-4.532873028229106,0.9980174276329487,-0.019845402650774408
780,78.0,2,0.3,-4.414130008788705,1.00386035957772,0.03852927510513246
781,78.10000000000001,0,0.1,-4.528802821834934,0.9952983766306411,-0.04712710766673165
781,78.10000000000001,1,0.2,-4.534712818798068,0.9981619008082875,-0.018397905689625058
781,78.10000000000001,2,0.3,-4.410162027638125,1.0039758640106833,0.03967981150579386
782,78.2,0,0.1,-4.532531307614343,0.9962784563930841,-0.0372848577940953
782,78.2,1,0.2,-4.536399181859364,0.9983150580499424,-0.01686363061296088
782,78.2,2,0.3,-4.406086579644879,1.0040837639246296,0.0407544799324656
783,78.3,0,0.1,-4.535256748442057,0.9972782698143287,-0.027254408277139094
783,78.3,1,0.2,-4.5379241754930195,0.9984761685782721,-0.015249936336553006
783,78.3,2,0.3,-4.401912025321526,1.0041832799128434,0.041745543233535784
784,78.4,0,0.1,-4.536970541051517,0.9982876750945285,-0.017137926094593286
784,78.4,1,0.2,-4.5392803928810626,0.9986447018591452,-0.013562173880429193
784,78.4,2,0.3,-4.397647394006519,1.0042737377957918,0.04264631315006176
785,78.5,0,0.1,-4.53767430003474,0.9992964885970477,-0.007037589832235414
785,78.5,1,0.2,-4.540460745981263,0.9988203432425169,-0.01180353100200438
785,78.5,2,0.3,-4.393302260129137,1.0043545876592777,0.043451338773821374
786,78.60000000000001,0,0.1,-4.537379471777458,1.0002948717234044,0.002948282572825282
786,78.60000000000001,1,0.2,-4.541458298626335,0.9990029447451632,-0.00997552645071757
786,78.60000000000001,2,0.3,-4.388886651138274,1.0044253721570617,0.0441560899086253
787,78.7,0,0.1,-4.536106583527169,1.0012736987163784,0.012728882502886675
787,78.7,1,0.2,-4.542266193390261,0.9991924314951819,-0.008078947639261107
787,78.7,2,0.3,-4.384411022235554,1.0044856594885678,0.04475628902720607
788,78.8,0,0.1,-4.533884186817432,1.0022248680637418,0.02222396709736911
788,78.8,1,0.2,-4.542877690349785,0.9993886899666378,-0.006114969595243728
788,78.8,2,0.3,-4.379886302957912,1.0045349712765528,0.04524719277642122
789,78.9,0,0.1,-4.530747584813689,1.003141526286968,0.0313660200374306
789,78.9,1,0.2,-4.54328631064128,0.9995914631824068,-0.004086202914947641
789,78.9,2,0.3,-4.375323985291484,1.004572740882986,0.04562317666427839
790,79.0,0,0.1,-4.526737451949677,1.0040181842055247,0.04010132864012534
790,79.0,1,0.2,-4.543486058737887,0.9998002718517155,-0.0019974809660717767
790,79.0,2,0.3,-4.370736194127579,1.004598331190102,0.04587791163905214
791,79.10000000000001,0,0.1,-4.521898458584293,1.0048507202015093,0.04838993365382769
791,79.10000000000001,1,0.2,-4.543471687525969,1.0000143713151848,0.00014371211918272505
791,79.10000000000001,2,0.3,-4.3661356689563755,1.0046111238340338,0.04600525171202959
792,79.2,0,0.1,-4.516278003056252,1.0056362799210876,0.05620455528041787
792,79.2,1,0.2,-4.543238969694201,1.0002327449126636,0.002327178317678279
792,79.2,2,0.3,-4.361535596525795,1.0046106690058711,0.046000724305808434
793,79.3,0,0.1,-4.50992513072409,1.0063730946261327,0.06352872332162113
793,79.3,1,0.2,-4.542784945497007,1.0004541272817804,0.004540241971940065
793,79.3,2,0.3,-4.356949266799962,1.0045968630329265,0.04586329725833321
794,79.4,0,0.1,-4.502889688557225,1.0070602490317373,0.07035442166864425
794,79.4,1,0.2,-4.542108127098415,1.0006770474918465,0.006768183985918475
794,79.4,2,0.3,-4.352389571104302,1.0045701069260782,0.04559695695659338
795,79.5,0,0.1,-4.495221729784178,1.0076974328561072,0.07667958773047703
795,79.5,1,0.2,-4.54120864977676,1.0008998819726975,0.008994773216555686
795,79.5,2,0.3,-4.347868409168972,1.004531397808152,0.04521161935330732
796,79.60000000000001,0,0.1,-4.486971151175836,1.0082847084310524,0.08250578608341293
796,79.60000000000001,1,0.2,-4.540088367547273,1.001120909980021,0.011202822294861402
796,79.60000000000001,2,0.3,-4.343396106929695,1.0044823179084037,0.04472302239276589
797,79.7,0,0.1,-4.478187520017508,1.0088223204409894,0.08783631158328087
797,79.7,1,0.2,-4.53875089412317,1.001338368240571,0.01337473424103917
797,79.7,2,0.3,-4.3389809582624785,1.0044249097964184,0.04415148667216402
798,79.8,0,0.1,-4.468920031495534,1.0093105646601008,0.0926748852197487
798,79.8,1,0.2,-4.537201590187015,1.001550504727548,0.015493039361543552
798,79.8,2,0.3,-4.334628986324955,1.004361455519833,0.043519719375233724
799,79.9,0,0.1,-4.4592175311605,1.009749722191205,0.09702500335032899
799,79.9,1,0.2,-4.535447496551587,1.0017556329575763,0.017540936354281837
799,79.9,2,0.3,-4.330343976691814,1.004294203414042,0.04285009633141346
800,80.0,0,0.1,-4.449128540755698,1.0101400558569669,0.1008899040480284
800,80.0,1,0.2,-4.533497212267527,1.0019521873254102,0.019502842840602996
800,80.0,2,0.3,-4.326127775171947,1.0042251022021218,0.04216201519867253
801,80.10000000000001,0,0.1,-4.438701237135131,1.010481857402367,0.10427303620565985
801,80.10000000000001,1,0.2,-4.5313607189271154,1.0021387772685506,0.021364933404111452
801,80.10000000000001,2,0.3,-4.321980783026326,1.0041556028162284,0.04146992145619956
802,80.2,0,0.1,-4.427983350542174,1.0107755288899372,0.10717886592957525
802,80.2,1,0.2,-4.529049157968706,1.0023142346751979,0.023115609584093626
802,80.2,2,0.3,-4.317902537068341,1.0040865733195266,0.0407824595798557
803,80.3,0,0.1,-4.417021967199813,1.0110216794128097,0.10961383342362031
803,80.3,1,0.2,-4.526574575852002,1.0024776464221343,0.02474582116704623
803,80.3,2,0.3,-4.313892244199774,1.0040183448530202,0.04010292868567029
804,80.4,0,0.1,-4.405863239203457,1.0112212188246847,0.11158727996354692
804,80.4,1,0.2,-4.523949660387063,1.0026283635718738,0.026249154649382583
804,80.4,2,0.3,-4.309949154783252,1.0039508736215057,0.03943089416522324
805,80.5,0,0.1,-4.394552019900332,1.0113754330276397,0.11311219303125707
805,80.5,1,0.2,-4.5211874974136705,1.0027659812603062,0.027621629733928694
805,80.5,2,0.3,-4.306072703723526,1.0038839742140402,0.038764510597257815
806,80.60000000000001,0,0.1,-4.38313145384002,1.011486029698123,0.11420566060310747
806,80.60000000000001,1,0.2,-4.518301377789232,1.0028902884773196,0.028861196244382752
806,80.60000000000001,2,0.3,-4.302262411074077,1.0038175610431233,0.03810292649448885
807,80.7,0,0.1,-4.371642556340402,1.0115551483558327,0.1148889749961922
807,80.7,1,0.2,-4.515304678660385,1.003001193720206,0.02996699128846984
807,80.7,2,0.3,-4.298517599118323,1.00375183252488,0.03744811955753704
808,80.8,0,0.1,-4.360123818786051,1.011585333667188,0.11518737554351277
808,80.8,1,0.2,-4.51221083034678,1.0030986392017853,0.03093848313605106
808,80.8,2,0.3,-4.294837033130631,1.0036873475881773,0.036805659876926064
809,80.9,0,0.1,-4.348610872548801,1.0115794752727105,0.11512946237249096
809,80.9,1,0.2,-4.509033362790477,1.0031825210573662,0.031774675563027224
809,80.9,2,0.3,-4.291218615157313,1.0036249723507402,0.03618417973317325
810,81.0,0,0.1,-4.3371362378208005,1.0115407208786613,0.1147463472800124
810,81.0,1,0.2,-4.50578600689518,1.0032526342674908,0.03247355895297417
810,81.0,2,0.3,-4.2876592482927895,1.0035657089331125,0.03559366864523941
811,81.10000000000001,0,0.1,-4.325729174778411,1.0114723716763487,0.11407063042388281
811,81.10000000000001,1,0.2,-4.502482810461123,1.0033086579992838,0.033031964340570166
811,81.10000000000001,2,0.3,-4.284154946053981,1.003510449484404,0.035043022388082996
812,81.2,0,0.1,-4.314415644493444,1.0113777703006024,0.11313530284968042
812,81.2,1,0.2,-4.499138219857431,1.0033501899876534,0.03344590603691712
812,81.2,2,0.3,-4.280701198560409,1.003459718551644,0.034537474935724975
813,81.3,0,0.1,-4.303218376976946,1.0112601915562063,0.11197267516498603
813,81.3,1,0.2,-4.495767079853461,1.0033768286870863,0.03371140003970843
813,81.3,2,0.3,-4.277293540323591,1.0034134709048004,0.03407658236817406
814,81.4,0,0.1,-4.29215703468013,1.0111227451339424,0.11061342296814602
814,81.4,1,0.2,-4.492384515893333,1.0033882912854604,0.03382563960127416
814,81.4,2,0.3,-4.273928210384023,1.0033709990200275,0.0336532993956833
815,81.5,0,0.1,-4.281248452537524,1.0109682976644812,0.10908582142607325
815,81.5,1,0.2,-4.489005683889025,1.0033845466916749,0.03378832004307967
815,81.5,2,0.3,-4.2706027676497955,1.0033309781531223,0.033254427342274906
816,81.60000000000001,0,0.1,-4.27050693086517,1.0107994189321354,0.10741521672352733
816,81.60000000000001,1,0.2,-4.485645398498821,1.003365937478259,0.033602853902034345
816,81.60000000000001,2,0.3,-4.267316529067997,1.0032916441835509,0.032862385817986034
817,81.7,0,0.1,-4.2599445555017965,1.0106183541661409,0.10562375363374056
817,81.7,1,0.2,-4.482317676607701,1.0033332649044435,0.03327721891120928
817,81.7,2,0.3,-4.264070733802476,1.0032510685627773,0.03245795265520897
818,81.8,0,0.1,-4.249571520559588,1.0104270213754134,0.10373034942209237
818,81.8,1,0.2,-4.479035252812604,1.003287816847228,0.03282423795096543
818,81.8,2,0.3,-4.260868393357019,1.0032074734153311,0.032023404454568236
819,81.9,0,0.1,-4.23939643273299,1.0102270300555025,0.1017508782659695
819,81.9,1,0.2,-4.475809133582816,1.0032313287531058,0.03226119229788163
819,81.9,2,0.3,-4.257713851146175,1.0031595230151333,0.03154542210844277
820,82.0,0,0.1,-4.229426581654865,1.010019715619633,0.09969851078125769
820,82.0,1,0.2,-4.472648253886544,1.0031658805441366,0.031608796962718365
820,82.0,2,0.3,-4.254612130063306,1.0031065363970069,0.031017210828691674
821,82.10000000000001,0,0.1,-4.21966816737616,1.0098061828587483,0.09758414278704441
821,82.10000000000001,1,0.2,-4.469559284581504,1.0030937450868722,0.03088969305039505
821,82.10000000000001,2,0.3,-4.251568180977588,1.0030485866029974,0.030439490857172194
822,82.2,0,0.1,-4.210126482630153,1.009587351751059,0.09541684746006683
822,82.2,1,0.2,-4.466546613604773,1.003017213630633,0.030126709767312514
822,82.2,2,0.3,-4.248586152767425,1.0029864788791936,0.029820282101635263
823,82.3,0,0.1,-4.200806053118553,1.0093639999746806,0.09320429511600811
823,82.3,1,0.2,-4.4636124939825965,1.0029384283642464,0.029341196221769898
823,82.3,2,0.3,-4.245668786593784,1.0029216258276523,0.029173661736409666
824,82.4,0,0.1,-4.191710742842425,1.0091367982973862,0.09095310276126979
824,82.4,1,0.2,-4.460757323074406,1.0028592507906438,0.02855170908189853
824,82.4,2,0.3,-4.242817000952973,1.0028558558496832,0.028517856408105457
825,82.5,0,0.1,-4.18284383308988,1.0089063372440028,0.08866909752546064
825,82.5,1,0.2,-4.457979996260166,1.0027811871593428,0.02777326814240746
825,82.5,2,0.3,-4.240029690588182,1.0027911985259912,0.02787310364791454
826,82.60000000000001,0,0.1,-4.174208083133612,1.0086731456139255,0.08635749956266965
826,82.60000000000001,1,0.2,-4.455278268977469,1.002705380236873,0.027017272826970112
826,82.60000000000001,2,0.3,-4.237303722930164,1.0027296864862212,0.027259676580173482
827,82.7,0,0.1,-4.165805778474752,1.008437703094005,0.08402304658860638
827,82.7,1,0.2,-4.452649065574641,1.0026326627892406,0.02629203402827834
827,82.7,2,0.3,-4.234634089094859,1.0026732004808858,0.026696338353053146
828,82.8,0,0.1,-4.157638769414606,1.0082004500542818,0.08167009060146245
828,82.8,1,0.2,-4.450088690765709,1.0025636553677357,0.025603748089323763
828,82.8,2,0.3,-4.232014156682088,1.002623367434882,0.02619932412771291
829,82.9,0,0.1,-4.1497084998051905,1.0079617974838637,0.07930269609414999
829,82.9,1,0.2,-4.447592925551994,1.0024988822282879,0.024957652137140945
829,82.9,2,0.3,-4.22943597762355,1.002581505420205,0.0257817905853819
830,83.0,0,0.1,-4.1420160239055255,1.0077221390045217,0.07692475899665478
830,83.0,1,0.2,-4.445157018271821,1.002438876512747,0.024359072801730938
830,83.0,2,0.3,-4.226890620801229,1.0025485989932408,0.025453568223207438
831,83.10000000000001,0,0.1,-4.1345620089481985,1.0074818652827275,0.07454014957326369
831,83.10000000000001,1,0.2,-4.442775606253084,1.0023842498325592,0.023814120187368917
831,83.10000000000001,2,0.3,-4.224368518529658,1.0025252854470408,0.02522102271571354
832,83.2,0,0.1,-4.127346722461734,1.007241379384164,0.07215286486464711
832,83.2,1,0.2,-4.440442618599573,1.002335711186785,0.023329876535111087
832,83.2,2,0.3,-4.221859830890684,1.0025118370288697,0.025086876389740814
833,83.3,0,0.1,-4.120370006282639,1.0070011101603809,0.06976716179095852
833,83.3,1,0.2,-4.4381512124993066,1.0022940333775616,0.022914061002669208
833,83.3,2,0.3,-4.219354837317921,1.002508133690607,0.025049935727629348
834,83.4,0,0.1,-4.113631242798575,1.0067615200390065,0.06738763484063306
834,83.4,1,0.2,-4.435893783856297,1.0022599785534347,0.0225742864300907
834,83.4,2,0.3,-4.216844359414727,1.0025136317915477,0.025104779031932613
835,83.5,0,0.1,-4.107129322317201,1.0065231038523252,0.06501920481374249
835,83.5,1,0.2,-4.4336620710638135,1.0022342049170354,0.022317127924839246
835,83.5,2,0.3,-4.214320205218638,1.0025273425553642,0.025241541960891227
836,83.60000000000001,0,0.1,-4.100862622563339,1.006286376598249,0.06266699753861536
836,83.60000000000001,1,0.2,-4.431447343988978,1.0022171813943919,0.022147270748351988
836,83.60000000000001,2,0.3,-4.211775608243957,1.0025478372093442,0.02544596974681351
837,83.7,0,0.1,-4.094829011403566,1.0060518500552695,0.0603361115977331
837,83.7,1,0.2,-4.42924064558532,1.0022091349544944,0.02206698403657851
837,83.7,2,0.3,-4.209205620885979,1.002573292606364,0.025699873579780114
838,83.8,0,0.1,-4.089025881635266,1.0058200005445004,0.0580312976830066
838,83.8,1,0.2,-4.42703303739374,1.002210046752676,0.022076081915801828
838,83.8,2,0.3,-4.206607416408759,1.0026015827356407,0.02598204477220071
839,83.9,0,0.1,-4.0834502222361,1.0055912323176768,0.05575659399165347
839,83.9,1,0.2,-4.424815796867263,1.0022197004219775,0.022172405264775704
839,83.9,2,0.3,-4.203980459445125,1.0026304104384594,0.026269569636336844
840,84.0,0,0.1,-4.078098724545446,1.0053658425318002,0.05351497690654432
840,84.0,1,0.2,-4.422580525092764,1.002237771856892,0.022352717744987975
840,84.0,2,0.3,-4.20132652109033,1.0026574631667118,0.026539383547953665
841,84.10000000000001,0,0.1,-4.072967915526576,1.0051439941599658,0.05130809018869538
841,84.10000000000001,1,0.2,-4.420319145656983,1.0022639382827354,0.02261379435781115
841,84.10000000000001,2,0.3,-4.1986495376307476,1.0026805697792625,0.0267698345958211
842,84.2,0,0.1,-4.068054304792473,1.0049257023156557,0.04913610734102849
842,84.2,1,0.2,-4.418023803668292,1.0022979783028085,0.02295341988690988
842,84.2,2,0.3,-4.195955336218702,1.0026978340342756,0.026942014120453914
843,84.3,0,0.1,-4.06335452862889,1.004710837433285,0.046997761635830144
843,84.3,1,0.2,-4.415686701155031,1.0023398356661442,0.023371025132609354
843,84.3,2,0.3,-4.19325127064633,1.0027077248552525,0.0270406557237217
844,84.4,0,0.1,-4.058865473624415,1.0044991459057784,0.04489055004474779
844,84.4,1,0.2,-4.413299924151789,1.0023896276229534,0.02386777003241543
844,84.4,2,0.3,-4.190545821369631,1.00270911230723,0.027054492766989038
845,84.5,0,0.1,-4.054584364986791,1.0042902856744977,0.042811086376242306
845,84.5,1,0.2,-4.410855322557954,1.0024475920686542,0.02444601593835
845,84.5,2,0.3,-4.187848214044707,1.0027012491415577,0.026976073249242317
846,84.60000000000001,0,0.1,-4.050508809834777,1.0040838715210154,0.04075555152014062
846,84.60000000000001,1,0.2,-4.408344494304976,1.0025139830220449,0.025108282529780004
846,84.60000000000001,2,0.3,-4.185168100679688,1.002683708079541,0.02680113365019159
847,84.7,0,0.1,-4.046636792781616,1.0038795229957764,0.03872017053161201
847,84.7,1,0.2,-4.405758902235707,1.0025889375952102,0.02585592069269152
847,84.7,2,0.3,-4.182515329905681,1.0026562924838045,0.026527707740068695
848,84.8,0,0.1,-4.042966628648593,1.0036769074325536,0.03670164133023444
848,84.8,1,0.2,-4.403090120481603,1.0026723461222649,0.02668781754104162
848,84.8,2,0.3,-4.179899811911284,1.0026189414456352,0.026155179943973362
849,84.9,0,0.1,-4.039496883708287,1.0034757714734432,0.034697449403055344
849,84.9,1,0.2,-4.400330174296454,1.0027637583429314,0.027599461851488406
849,84.9,2,0.3,-4.17733146350388,1.0025716494396368,0.02568348407403279
850,85.0,0,0.1,-4.036226281161414,1.0032759568030059,0.03270602546872689
850,85.0,1,0.2,-4.397471911001832,1.00286235202378,0.028582632946225164
850,85.0,2,0.3,-4.174820203028755,1.0025144163308848,0.025112604751253192
851,85.10000000000001,0,0.1,-4.033153607732035,1.0030773989291137,0.030726734293790737
851,85.10000000000001,1,0.2,-4.394509326277762,1.002966977515127,0.029625847240690423
851,85.10000000000001,2,0.3,-4.172375955676808,1.0024472369597905,0.02444247351947273
852,85.2,0,0.1,-4.030277636070886,1.0028801112351287,0.028759716611494426
852,85.2,1,0.2,-4.391437772962452,1.0030762753686364,0.03071553315310457
852,85.2,2,0.3,-4.170008627847793,1.0023701321620286,0.02367327829015188
853,85.3,0,0.1,-4.027597072508037,1.0026841594856715,0.02680563562848778
853,85.3,1,0.2,-4.388253998559707,1.003188847995432,0.03183774402745602
853,85.3,2,0.3,-4.167728014372875,1.0022832160519437,0.02280613474917944
854,85.4,0,0.1,-4.025110532617894,1.0024896338943783,0.024865398901423686
854,85.4,1,0.2,-4.384955988888231,1.003303454088975,0.032980096714758066
854,85.4,2,0.3,-4.165543613440383,1.0021867884743416,0.021844009324912064
855,85.5,0,0.1,-4.022816539482194,1.0022966263510953,0.022939931357007975
855,85.5,1,0.2,-4.381542632120213,1.003419188904063,0.034133567680181
855,85.5,2,0.3,-4.16346433948711,1.0020814371423878,0.02079273953273682
856,85.60000000000001,0,0.1,-4.020713533019376,1.0021052193318636,0.02103006462817623
856,85.60000000000001,1,0.2,-4.378013252077306,1.0035356156384212,0.035293800429065145
856,85.60000000000001,2,0.3,-4.161498142341829,1.001968131378375,0.019661971452807337
857,85.7,0,0.1,-4.018799874672464,1.001915490559603,0.019136583469122594
857,85.7,1,0.2,-4.37436708496145,1.0036528224695604,0.03646167115856288
857,85.7,2,0.3,-4.159651559540158,1.001848288785611,0.018465828016705984
858,85.8,0,0.1,-4.0170738310375995,1.001727534105595,0.01726043634864381
858,85.8,1,0.2,-4.370602784795894,1.003771394041791,0.03764300165556059
858,85.8,2,0.3,-4.1579292457040475,1.0017237978704543,0.01722313836110976
859,85.9,0,0.1,-4.015533522949101,1.0015414949723123,0.015403080884980122
859,85.9,1,0.2,-4.3667180380211335,1.0038923021839612,0.038847467747601415
859,85.9,2,0.3,-4.156333535687527,1.0015969838392087,0.015957100165201216
860,86.0,0,0.1,-4.014176832675074,1.0013576109946078,0.013566902740277048
860,86.0,1,0.2,-4.362709348572093,1.004016734991692,0.04008689449040986
860,86.0,2,0.3,-4.154864104296471,1.0014705115343632,0.014694313910564586
861,86.10000000000001,0,0.1,-4.013001270136227,1.0011762537833282,0.011755625388464416
861,86.10000000000001,1,0.2,-4.358572025772572,1.0041458933351084,0.04137322799520152
861,86.10000000000001,2,0.3,-4.153517782661193,1.0013472283331075,0.013463216352781433
862,86.2,0,0.1,-4.012003807911461,1.0009979598556533,0.009974622247659893
862,86.2,1,0.2,-4.3543003745806885,1.0042807876985271,0.04271651191883906
862,86.2,2,0.3,-4.152288578630669,1.001229959811436,0.012292040305235818
863,86.3,0,0.1,-4.011180702555739,1.0008234441998967,0.008231053557219894
863,86.3,1,0.2,-4.34988805743562,1.0044220657490674,0.04412317145068984
863,86.3,2,0.3,-4.151167926279306,1.0011212805168397,0.011206523513634463
864,86.4,0,0.1,-4.010527324920249,1.000653591133154,0.006533776354906149
864,86.4,1,0.2,-4.345328574491171,1.0045698932025937,0.045594829444480234
864,86.4,2,0.3,-4.150145160099966,1.0010232893830247,0.010227661793392977
865,86.5,0,0.1,-4.010038023689906,1.0004894209577164,0.004893012303428813
865,86.5,1,0.2,-4.340615797669626,1.0047238994201406,0.04712776821545629
865,86.5,2,0.3,-4.149208176896986,1.0009374223088763,0.009369832029806879
866,86.60000000000001,0,0.1,-4.009706043868589,1.0003320349327156,0.0033197982131657976
866,86.60000000000001,1,0.2,-4.335744494534149,1.0048831872217556,0.048713031354768184
866,86.60000000000001,2,0.3,-4.148344218304863,1.0008643319118509,0.00863958592122775
867,86.7,0,0.1,-4.009523515822984,1.000182544704862,0.0018252804560515627
867,86.7,1,0.2,-4.330710788834912,1.0050463960800493,0.05033705699237176
867,86.7,2,0.3,-4.147540685059917,1.0008038561642703,0.00803533244946354
868,86.8,0,0.1,-4.0094815217907644,1.0000419949139816,0.000419940322196079
868,86.8,1,0.2,-4.325512522234937,1.0052118010294924,0.051982665999753166
868,86.8,2,0.3,-4.146785885474404,1.000755084518404,0.007547995855122099
869,86.9,0,0.1,-4.0095702369875035,0.9999112887383379,-0.0008871519673902338
869,86.9,1,0.2,-4.3201495017001506,1.0053774272724434,0.05363020534785865
869,86.9,2,0.3,-4.146069627603243,1.0007165144450845,0.0071625787116141315
870,87.0,0,0.1,-4.0097791333025965,0.9997911255022229,-0.002088963150930331
870,87.0,1,0.2,-4.314623634954272,1.0055411625086614,0.05525866745878497
870,87.0,2,0.3,-4.145383586878587,1.0006862761044173,0.006860407246556512
871,87.10000000000001,0,0.1,-4.0100972265921015,0.9996819572968014,-0.0031809328950502323
871,87.10000000000001,1,0.2,-4.308938968888196,1.0057008544408492,0.05684666066076053
871,87.10000000000001,2,0.3,-4.144721414837088,1.000662391325804,0.00662172041499375
872,87.2,0,0.1,-4.0105133448289765,0.9995839683283108,-0.004161182368749531
872,87.2,1,0.2,-4.303101651186594,1.0058543880394077,0.05837317701601895
872,87.2,2,0.3,-4.144078593778685,1.000643027712137,0.006428210584026682
873,87.3,0,0.1,-4.0110163942611985,0.9994970770759292,-0.005030494322220422
873,87.3,1,0.2,-4.297119833902067,1.0059997440806547,0.05981817284527742
873,87.3,2,0.3,-4.143452079426308,1.0006267106534874,0.006265143523771856
874,87.4,0,0.1,-4.01159560391804,0.9994209580526905,-0.005792096568412792
874,87.4,1,0.2,-4.291003531153825,1.006135045520568,0.0611630274824152
874,87.4,2,0.3,-4.142839802105208,1.0006124648011196,0.006122773210996446
875,87.5,0,0.1,-4.012240734307446,0.9993550776624609,-0.006451303894064265
875,87.5,1,0.2,-4.284764434519389,1.0062586003385763,0.06239096634435803
875,87.5,2,0.3,-4.142240111929931,1.0005998700253802,0.005996901752772018
876,87.60000000000001,0,0.1,-4.012942242563205,0.999298737743631,-0.00701508255758594
876,87.60000000000001,1,0.2,-4.278415682269073,1.0063689482951572,0.0634875225031574
876,87.60000000000001,2,0.3,-4.1416512533423635,1.0005890319988224,0.005888585875676919
877,87.7,0,0.1,-4.013691402149571,0.9992511209636131,-0.007491595863662752
877,87.7,1,0.2,-4.2719715750737635,1.0064649151262481,0.0644410719531
877,87.7,2,0.3,-4.14107094066018,1.000580481096164,0.005803126821835366
878,87.8,0,0.1,-4.014480379307339,0.9992113340028712,-0.007889771577680898
878,87.8,1,0.2,-4.265447232725065,1.00654567223283,0.06524342348698846
878,87.8,2,0.3,-4.140496083188419,1.0005750227339825,0.005748574717605919
879,87.9,0,0.1,-4.0153022700872585,0.999178446879795,-0.00821890779919273
879,87.9,1,0.2,-4.258858193749921,1.0066107944487581,0.06589038975143395
879,87.9,2,0.3,-4.139922681355137,1.0005735662595392,0.00573401833282312
880,88.0,0,0.1,-4.016151101139378,0.9991515291030479,-0.008488310521191294
880,88.0,1,0.2,-4.252219971086561,1.0066603044977607,0.06638222663360716
880,88.0,2,0.3,-4.139345889614497,1.0005769581169828,0.00576791740639881
881,88.10000000000001,0,0.1,-4.017021795175158,0.9991296849082818,-0.008706940357806982
881,88.10000000000001,1,0.2,-4.245547589586697,1.0066946914298223,0.06672381499863142
881,88.10000000000001,2,0.3,-4.1387602216127775,1.00058583953871,0.005856680017197247
882,88.2,0,0.1,-4.017910099440853,0.9991120901597406,-0.00888304265695134
882,88.2,1,0.2,-4.238855141866129,1.0067148921903581,0.06692447720568698
882,88.2,2,0.3,-4.138159860472464,1.0006005413931334,0.006003611403136219
883,88.3,0,0.1,-4.018812474026947,0.9990980324314166,-0.009023745860937085
883,88.3,1,0.2,-4.2321554049774415,1.0067222303311998,0.06699736888687571
883,88.3,2,0.3,-4.137539032106413,1.0006210211198678,0.006208283660509648
884,88.4,0,0.1,-4.019725937533472,0.9990869535742578,-0.00913463506525247
884,88.4,1,0.2,-4.225459559414423,1.0067183128547654,0.06695845563017817
884,88.4,2,0.3,-4.136892400713796,1.0006468405037663,0.006466313926169479
885,88.5,0,0.1,-4.020647871068293,0.999078491315329,-0.009219335348210036
885,88.5,1,0.2,-4.2187770433068055,1.0067048939373466,0.06682516107617989
885,88.5,2,0.3,-4.136215450689809,1.0006771792063665,0.006769500239869716
886,88.60000000000001,0,0.1,-4.021575787532056,0.9990725139175894,-0.009279164637624779
886,88.60000000000001,1,0.2,-4.212115559105049,1.006683721237439,0.06661484201755706
886,88.60000000000001,2,0.3,-4.135504825768471,1.0007108774750484,0.007106249213383824
887,88.7,0,0.1,-4.0225070805905005,0.9990691404603472,-0.009312930584446906
887,88.7,1,0.2,-4.205481229826231,1.0066563851897223,0.0663432927881884
887,88.7,2,0.3,-4.134758602635975,1.0007465016262458,0.007462231324959914
888,88.8,0,0.1,-4.023438774995275,0.9990687394876955,-0.009316944047741945
888,88.8,1,0.2,-4.198878880356013,1.0066241930259499,0.06602349470218469
888,88.8,2,0.3,-4.133976481782553,1.0007824267896905,0.007821208534215973
889,88.9,0,0.1,-4.02436730508968,0.9990719008562686,-0.009285300944056649
889,88.9,1,0.2,-4.192312400194356,1.0065880867597217,0.06566480161655948
889,88.9,2,0.3,-4.1331598831641845,1.0008169321257945,0.008165986183685107
890,89.0,0,0.1,-4.025288349737772,0.9990793793833362,-0.009210446480914482
890,89.0,1,0.2,-4.185785130997193,1.0065486182437968,0.0652726919716377
890,89.0,2,0.3,-4.132311938998435,1.000848303772038,0.008479441657494518
891,89.10000000000001,0,0.1,-4.026196748499042,0.99909201370798,-0.009083987612700576
891,89.10000000000001,1,0.2,-4.179300217992706,1.0065059855794694,0.06484913004486062
891,89.10000000000001,2,0.3,-4.131437381438039,1.0008749400973678,0.008745575603955977
892,89.2,0,0.1,-4.027086515546546,0.9991106286778191,-0.00889767047503704
892,89.2,1,0.2,-4.172860870052632,1.0064601251142307,0.06439347940074758
892,89.2,2,0.3,-4.130542329306459,1.000895452810274,0.008950521315807489
893,89.3,0,0.1,-4.027950955570709,0.9991359334964772,-0.008644400241637975
893,89.3,1,0.2,-4.166470488304533,1.006410843801097,0.06390381748098947
893,89.3,2,0.3,-4.129633985336639,1.0009087566391424,0.009083439698196989
894,89.4,0,0.1,-4.028782871646531,0.9991684298704175,-0.008319160758211553
894,89.4,1,0.2,-4.1601326453497345,1.0063579695787863,0.06337842954798127
894,89.4,2,0.3,-4.128720262709442,1.0009141401988884,0.009137226271968333
895,89.5,0,0.1,-4.029574841295175,0.9992083438765443,-0.0079196964864452
895,89.5,1,0.2,-4.1538509226909675,1.006301494056346,0.06281722658767387
895,89.5,2,0.3,-4.127809366147751,1.000911311553959,0.009108965616909066
896,89.60000000000001,0,0.1,-4.0303195263751475,0.9992555921291459,-0.007446850799723213
896,89.60000000000001,1,0.2,-4.147628638446891,1.0062416828683969,0.06222284244075917
896,89.60000000000001,2,0.3,-4.12690935742803,1.0009004138491,0.009000087197214356
897,89.7,0,0.1,-4.031009977177455,0.9993097875039983,-0.0069045080230715795
897,89.7,1,0.2,-4.141468516524413,1.006179134493397,0.06160121922478185
897,89.7,2,0.3,-4.126027737263953,1.000882008905366,0.008816201640771628
898,89.8,0,0.1,-4.031639892415068,0.9993702831173388,-0.006299152376137232
898,89.8,1,0.2,-4.135372358753015,1.006114777157528,0.06096157771398394
898,89.8,2,0.3,-4.125171074863717,1.0008570294402723,0.008566624002357902
899,89.9,0,0.1,-4.032203804671116,0.999436246712585,-0.005639122560480788
899,89.9,1,0.2,-4.129340781247834,1.006049804095385,0.06031577505180171
899,89.9,2,0.3,-4.124344713228636,1.0008267031659261,0.00826361635080915
900,90.0,0,0.1,-4.032697173966225,0.9995067523915091,-0.0049336929510882
900,90.0,1,0.2,-4.123373065555305,1.0059855579827368,0.059677156925296355
900,90.0,2,0.3,-4.123552572867437,1.0007924541872342,0.00792140361198835
901,90.10000000000001,0,0.1,-4.033116387999245,0.9995808738249056,-0.004192140330196634
901,90.10000000000001,1,0.2,-4.117467155920085,1.0059233839030746,0.0590590963521936
901,90.10000000000001,2,0.3,-4.122797069552588,1.0007557887793637,0.007555033148491285
902,90.2,0,0.1,-4.033458683275361,0.9996577633002278,-0.0034229527611630843
902,90.2,1,0.2,-4.111619809773174,1.0058644752457075,0.05847346146911624
902,90.2,2,0.3,-4.122079153501819,1.000718173814178,0.007179160507693591
903,90.3,0,0.1,-4.033722013749209,0.9997367041945782,-0.0026333047384775985
903,90.3,1,0.2,-4.105826883619071,1.0058097375976232,0.05792926154103536
903,90.3,2,0.3,-4.12139846831194,1.000680916908616,0.006806851898791098
904,90.4,0,0.1,-4.0339049004205005,0.9998171300514561,-0.0018288667129161102
904,90.4,1,0.2,-4.100083715302579,1.0057596919251246,0.05743168316491641
904,90.4,2,0.3,-4.120753618470444,1.0006450578018529,0.006448498414952103
905,90.5,0,0.1,-4.034006295318158,0.9998986102426316,-0.0010139489765759757
905,90.5,1,0.2,-4.094385549829216,1.005714430897928,0.05698165473363095
905,90.5,2,0.3,-4.120142524790732,1.0006112804354947,0.006110936797121616
906,90.60000000000001,0,0.1,-4.0340254866827605,0.9999808088195508,-0.00019191364602376166
906,90.60000000000001,1,0.2,-4.088727951740364,1.0056736325214493,0.056575980888510964
906,90.60000000000001,2,0.3,-4.119562838331212,1.0005798545101865,0.00579686459520396
907,90.7,0,0.1,-4.033962060428734,1.0000634282655139,0.0006342625402666974
907,90.7,1,0.2,-4.083107152901862,1.0056366251666018,0.05620798838502736
907,90.7,2,0.3,-4.1190123761760535,1.0005506136872535,0.005504621551582247
908,90.8,0,0.1,-4.033815918652333,1.0001461524556305,0.0014614177640127344
908,90.8,1,0.2,-4.077520298930372,1.0056024895444653,0.055868539714903756
908,90.8,2,0.3,-4.118489537949224,1.0005229749305586,0.005228382268294438
909,90.9,0,0.1,-4.0335873420117725,1.000228602766191,0.0022857664056006584
909,90.9,1,0.2,-4.071965577225326,1.0055701777764625,0.05554721705045532
909,90.9,2,0.3,-4.117993661167035,1.0004959997494056,0.004958767821889442
910,91.0,0,0.1,-4.033277072027229,1.0003103181232542,0.0031026998454388266
910,91.0,1,0.2,-4.06644223060669,1.0055386284201782,0.05523346618636496
910,91.0,2,0.3,-4.117525277323578,1.0004684935522972,0.004683838434571807
911,91.10000000000001,0,0.1,-4.032886383770792,1.0003907645850334,0.003906882564370329
911,91.10000000000001,1,0.2,-4.0609504786916455,1.0055068592271343,0.054917519150436724
911,91.10000000000001,2,0.3,-4.117086239275027,1.000439134439861,0.004390380485510173
912,91.2,0,0.1,-4.032417119943146,1.0004693739491408,0.004692638276458095
912,91.2,1,0.2,-4.055491380971895,1.0054740257458625,0.054590977197509265
912,91.2,2,0.3,-4.116679703695342,1.0004066182264724,0.004065355796845313
913,91.3,0,0.1,-4.031871663595767,1.0005456051357429,0.00545456347378379
913,91.3,1,0.2,-4.050066679164138,1.005439442144532,0.05424701807756757
913,91.3,2,0.3,-4.116309969013971,1.0003698030416641,0.003697346813718238
914,91.4,0,0.1,-4.031252837255614,1.000619017852676,0.0061882634015381355
914,91.4,1,0.2,-4.044678651745267,1.005402568943585,0.053880274188711066
914,91.4,2,0.3,-4.115982187500542,1.000327835239659,0.0032778151342857647
915,91.5,0,0.1,-4.030563728691813,1.000689346053656,0.006891085638010389
915,91.5,1,0.2,-4.039330002402803,1.0053629789039,0.05348649342464233
915,91.5,2,0.3,-4.115701987677307,1.000280239082873,0.0028019982323536567
916,91.60000000000001,0,0.1,-4.029807455546497,1.0007565591919554,0.007562731453151694
916,91.60000000000001,1,0.2,-4.034023789530782,1.0053203157528046,0.05306212872020924
916,91.60000000000001,2,0.3,-4.1154750574036285,1.0002269560243005,0.0022693027367813043
917,91.7,0,0.1,-4.028986890353611,1.0008209019486076,0.0082056519288636
917,91.7,1,0.2,-4.0287633895814645,1.0052742601458653,0.052603999493173396
917,91.7,2,0.3,-4.115306746281012,1.0001683252877283,0.0016831112261695826
918,91.8,0,0.1,-4.028104372642997,1.0008829072439505,0.008825177106138117
918,91.8,1,0.2,-4.023552476477082,1.005224513525348,0.052109131043825606
918,91.8,2,0.3,-4.115201746483823,1.0001050053098601,0.0010499979718848237
919,91.9,0,0.1,-4.0271614353900045,1.0009433819580893,0.009429372529926901
919,91.9,1,0.2,-4.018394994776815,1.0051708044030294,0.05157481700266424
919,91.9,2,0.3,-4.115163902677472,1.0000378445224367,0.000378438063508536
920,92.0,0,0.1,-4.026158569503315,1.001003368924828,0.01002865886689243
920,92.0,1,0.2,-4.0132951066936435,1.0051129146476614,0.05099888083172145
920,92.0,2,0.3,-4.115196184582648,0.9999677186158796,-0.00032281905175681364
921,92.10000000000001,0,0.1,-4.025095043572421,1.001064091675141,0.01063525930894558
921,92.10000000000001,1,0.2,-4.008257101457037,1.005050717323877,0.0503800523660615
921,92.10000000000001,2,0.3,-4.115300831731842,0.9998953583261279,-0.0010464714919410586
922,92.2,0,0.1,-4.023968788337908,1.001126889698106,0.011262552345128825
922,92.2,1,0.2,-4.003285267556506,1.0049842139754204,0.04971833900531413
922,92.2,2,0.3,-4.115479652288474,0.999821195430811,-0.0017882055663155279
923,92.3,0,0.1,-4.022776347909089,1.0011931516685832,0.011924404288193425
923,92.3,1,0.2,-3.998383740856033,1.0049135588330445,0.04901526700473115
923,92.3,2,0.3,-4.115734430873129,0.9997452538686522,-0.002547785846554052
924,92.4,0,0.1,-4.021512893884405,1.0012642525189714,0.012634540246833114
924,92.4,1,0.2,-3.993556351153461,1.0048390603202253,0.048273897025717154
924,92.4,2,0.3,-4.116067379081083,0.9996671072131496,-0.0033294820795412507
925,92.5,0,0.1,-4.020172294904753,1.0013414979841548,0.01340598979652517
925,92.5,1,0.2,-3.988806493913617,1.004761155693341,0.04749857239844161
925,92.5,2,0.3,-4.116481551252736,0.9995859135858011,-0.004141721716530946
926,92.60000000000001,0,0.1,-4.018747232830197,1.0014260779580222,0.01425062074555384
926,92.60000000000001,1,0.2,-3.984137051405545,1.0046803613430824,0.04669442508071377
926,92.60000000000001,2,0.3,-4.116981150053366,0.9995005259780698,-0.0049959880062995414
927,92.7,0,0.1,-4.0172293571853555,1.00151902820115,0.015178756448418236
927,92.7,1,0.2,-3.979550378712909,1.0045972075763603,0.04586672692636279
927,92.7,2,0.3,-4.117571662124182,0.9994096622471231,-0.005905120708158742
928,92.8,0,0.1,-4.015609470954871,1.0016211989549095,0.016198862304844606
928,92.8,1,0.2,-3.9750483569622213,1.0045121710757214,0.045020217506881795
928,92.8,2,0.3,-4.118259791243351,0.9993121075873755,-0.006881291191689734
929,92.9,0,0.1,-4.013877742351952,1.0017332289108127,0.01731728602918666
929,92.9,1,0.2,-3.97063250158116,1.004425619637659,0.044158553810609964
929,92.9,2,0.3,-4.11905319022341,0.9992069156776898,-0.00793398980059411
930,93.0,0,0.1,-4.012023938127477,1.001855523581813,0.01853804224475225
930,93.0,1,0.2,-3.9663041007782094,1.004337781859814,0.0432840080295074
930,93.0,2,0.3,-4.1199600266070036,0.9990935746682583,-0.009068363835931752
931,93.10000000000001,0,0.1,-4.010037673964647,1.001988238092191,0.019862641628297067
931,93.10000000000001,1,0.2,-3.9620643516439653,1.004248749585995,0.04239749134243714
931,93.10000000000001,2,0.3,-4.120988444288128,0.9989721109591027,-0.010284176811240732
932,93.2,0,0.1,-4.007908676527708,1.002131265361165,0.02128997436939294
932,93.2,1,0.2,-3.9579144601691083,1.0041585141981462,0.041498914748572396
932,93.2,2,0.3,-4.122145998025149,0.9988431159698729,-0.011575537370217095
933,93.3,0,0.1,-4.00562705014298,1.0022842312749596,0.022816263847281935
933,93.3,1,0.2,-3.9538556774341536,1.0040670307487896,0.04058782734954977
933,93.3,2,0.3,-4.123439137673587,0.9987076960963538,-0.012931396484373206
934,93.4,0,0.1,-4.003183539419282,1.0024464985291097,0.02443510723698208
934,93.4,1,0.2,-3.949889256086064,1.003974298007852,0.03966421348089106
934,93.4,2,0.3,-4.124872804486249,0.9985673603966516,-0.014336668126623152
935,93.5,0,0.1,-4.000569777921695,1.0026171803502095,0.026137614975871123
935,93.5,1,0.2,-3.9460163265468253,1.0038804390222835,0.038729295392390096
935,93.5,2,0.3,-4.126450176846849,0.998423871037329,-0.015773723606003827
936,93.60000000000001,0,0.1,-3.9977785127313283,1.0027951643981112,0.02791265190366083
936,93.60000000000001,1,0.2,-3.9422377080663056,1.0037857664596566,0.037786184805194245
936,93.60000000000001,2,0.3,-4.128172573365979,0.9982790859544973,-0.017223965191293853
937,93.7,0,0.1,-3.9948037955653004,1.002979146027585,0.029747171660280982
937,93.7,1,0.2,-3.9385536826026133,1.0036908198264738,0.03684025463692496
937,93.7,2,0.3,-4.130039494074809,0.9981348209036505,-0.01866920708829873
938,93.8,0,0.1,-3.991641133056897,1.0031676690020328,0.031626625084035374
938,93.8,1,0.2,-3.93496376712966,1.0035963669372652,0.03589915472953491
938,93.8,2,0.3,-4.132048761176681,0.9979927501239965,-0.020092671018724393
939,93.9,0,0.1,-3.988287591556133,1.0033591709121252,0.0335354150076366
939,93.9,1,0.2,-3.9314665210460498,1.0035033685839112,0.03497246083609941
939,93.9,2,0.3,-4.134196712756632,0.997854353617265,-0.021479515799505522
940,94.0,0,0.1,-3.9847418550271305,1.003552030089006,0.03545736529002787
940,94.0,1,0.2,-3.928059419985341,1.0034129118269428,0.03407101060709044
940,94.0,2,0.3,-4.136478406257352,0.9977209075832276,-0.022816935007200688
941,94.10000000000001,0,0.1,-3.9810042378773383,1.0037446107511916,0.03737617149791942
941,94.10000000000001,1,0.2,-3.9247388168779875,1.003326122417307,0.033206031073530984
941,94.10000000000001,2,0.3,-4.138887800810042,0.9975935057086058,-0.02409394552689975
942,94.2,0,0.1,-3.9770766574840137,1.003935303444856,0.03927580393324749
942,94.2,1,0.2,-3.9214999978713188,1.0032440696480434,0.032388190066689644
942,94.2,2,0.3,-4.141417904183455,0.9974730946404564,-0.02530103373413228
943,94.3,0,0.1,-3.9729625735032883,1.0041225584417885,0.0411408398072567
943,94.3,1,0.2,-3.9183373273285564,1.003167677061842,0.031626705427624933
943,94.3,2,0.3,-4.1440608862644615,0.9973605075211384,-0.02642982081006701
944,94.4,0,0.1,-3.9686669025733945,1.0043049105496473,0.04295670929893436
944,94.4,1,0.2,-3.915244465048513,1.0030976501133488,0.030928622800431987
944,94.4,2,0.3,-4.146808172688989,0.9972564839132984,-0.02747286424527694
945,94.5,0,0.1,-3.9641959176601036,1.004480994678615,0.044709849132911525
945,94.5,1,0.2,-3.9122146318265,1.0030344278057917,0.03029833222013062
945,94.5,2,0.3,-4.1496505375747255,0.997161670808791,-0.028423648857362434
946,94.60000000000001,0,0.1,-3.959557141011926,1.0046495524282761,0.04638776648177294
946,94.60000000000001,1,0.2,-3.9092408972647172,1.0029781604965025,0.029737345617825945
946,94.60000000000001,2,0.3,-4.152578213567413,0.9970766054714059,-0.029276759926870344
947,94.7,0,0.1,-3.954759238527659,1.0048094308483393,0.047979024842670866
947,94.7,1,0.2,-3.9063164660161545,1.0029287115691106,0.029244312485629528
947,94.7,2,0.3,-4.155581032579321,0.9970016849397891,-0.030028190119086348
948,94.8,0,0.1,-3.9498119213873646,1.0049595753204357,0.04947317140294786
948,94.8,1,0.2,-3.9034349441845646,1.0028856774061237,0.028815218315900143
948,94.8,2,0.3,-4.158648604234991,0.9969371285349762,-0.030675716556702395
949,94.9,0,0.1,-3.944725858238871,1.0050990191233244,0.050860631484930356
949,94.9,1,0.2,-3.900590574629241,1.0028484186125022,0.028443695553235022
949,94.9,2,0.3,-4.161770533109449,0.9968829392781646,-0.031219288744572363
950,95.0,0,0.1,-3.9395125983378914,1.0052268725855846,0.05213259900980057
950,95.0,1,0.2,-3.8977784365666404,1.002816095831904,0.0281213806260066
950,95.0,2,0.3,-4.164936670922185,0.9968388691159851,-0.03166137812736738
951,95.10000000000001,0,0.1,-3.934184503170151,1.0053423147099396,0.053280951677399
951,95.10000000000001,1,0.2,-3.894994609602536,1.002787705408525,0.027838269641040483
951,95.10000000000001,2,0.3,-4.168137395065112,0.9968043927139214,-0.032007241429263304
952,95.2,0,0.1,-3.9287546816492136,1.0054445897192732,0.054298215209377144
952,95.2,1,0.2,-3.892236304339301,1.0027621128872561,0.02758305263235329
952,95.2,2,0.3,-4.171363898606022,0.9967786960279941,-0.03226503540910214
953,95.3,0,0.1,-3.923236922381612,1.005533010138578,0.055177592676017656
953,95.3,1,0.2,-3.8895019609981945,1.0027380850674708,0.027343433411066043
953,95.3,2,0.3,-4.174608468146469,0.9967606883871967,-0.032445695404474575
954,95.4,0,0.1,-3.917645616025532,1.005606966883461,0.05591306356079485
954,95.4,1,0.2,-3.886791314877002,1.0027143232440987,0.02710646121192308
954,95.4,2,0.3,-4.177864715269186,0.9967490487002164,-0.032562471227161605
955,95.5,0,0.1,-3.9119956615751983,1.0056659455451133,0.05649954450334215
955,95.5,1,0.2,-3.8841054242653725,1.0026895008473276,0.02685890611629535
955,95.5,2,0.3,-4.181127717739127,0.99674231533704,-0.03263002469941342
956,95.60000000000001,0,0.1,-3.906302352397673,1.0057095468629829,0.05693309177524822
956,95.60000000000001,1,0.2,-3.8814466541594994,1.0026623077696946,0.02658770105872894
956,95.60000000000001,2,0.3,-4.184394022949203,0.9967390233616276,-0.03266305210075592
957,95.7,0,0.1,-3.9005812407299905,1.00573750848146,0.05721111667682847
957,95.7,1,0.2,-3.8788186090015375,1.0026315014957787,0.026280451579620386
957,95.7,2,0.3,-4.187661473518917,0.9967378817376343,-0.032674505697143
958,95.8,0,0.1,-3.894847982639974,1.0057497246681866,0.05733258090017006
958,95.8,1,0.2,-3.8762260103757966,1.0025959623158294,0.025925986257410525
958,95.8,2,0.3,-4.190928836855296,0.9967379686864078,-0.03267363336379078
959,95.9,0,0.1,-3.889118168611774,1.0057462608099275,0.057298140281991206
959,95.9,1,0.2,-3.8736745210024064,1.0025547471925758,0.02551489373390008
959,95.9,2,0.3,-4.1941952563958615,0.996738909403973,-0.032664195405655565
960,96.0,0,0.1,-3.883407147417142,1.0057273601654357,0.05711021194632396
960,96.0,1,0.2,-3.8711705235834257,1.002507135038835,0.025039974189808058
960,96.0,2,0.3,-4.197459586704522,0.9967409918248793,-0.0326433030866032
961,96.10000000000001,0,0.1,-3.877729852392039,1.0056934414059648,0.05677295025102462
961,96.10000000000001,1,0.2,-3.8687208706001925,1.0024526558345828,0.02449652983232977
961,96.10000000000001,2,0.3,-4.200719717566579,0.9967451775942405,-0.03260130862056953
962,96.2,0,0.1,-3.8721006394798696,1.0056450867028464,0.056292129121698765
962,96.2,1,0.2,-3.866332627317939,1.0023910974069037,0.02388243282253868
962,96.2,2,0.3,-4.203972021311246,0.9967529792662856,-0.03252303744667635
963,96.3,0,0.1,-3.8665331454820278,1.0055830212952204,0.0556749399784216
963,96.3,1,0.2,-3.864012833469657,1.002322486651878,0.02319793848281869
963,96.3,2,0.3,-4.207211061354026,0.9967661999883366,-0.032390400427797124
964,96.4,0,0.1,-3.861040173128476,1.0055080863871741,0.0549297235355126
964,96.4,1,0.2,-3.861768308341916,1.0022470459599364,0.0224452512774079
964,96.4,2,0.3,-4.210429671672604,0.9967865638549082,-0.03218610318578011
965,96.5,0,0.1,-3.8556336072285204,1.0054212077528588,0.05406565899955892
965,96.5,1,0.2,-3.859605519029285,1.00216512982848,0.021627893126311533
965,96.5,2,0.3,-4.213619457480483,0.9968152961539782,-0.031897858078792786
966,96.60000000000001,0,0.1,-3.85032436370222,1.0053233625357385,0.05309243526300014
966,96.60000000000001,1,0.2,-3.8575305230809733,1.0020771502421972,0.02074995948311554
966,96.60000000000001,2,0.3,-4.216771686295761,0.9968527342417071,-0.031522288152776114
967,96.7,0,0.1,-3.8451223710869606,1.0052155464710049,0.05201992615259628
967,96.7,1,0.2,-3.8555489860048855,1.0019835016180696,0.019815370760879487
967,96.7,2,0.3,-4.219878452847101,0.9968980544539912,-0.031067665513397447
968,96.8,0,0.1,-3.8400365823995237,1.0050987432628238,0.0508578868743721
968,96.8,1,0.2,-3.8536662629720104,1.0018844964686726,0.018827230328751735
968,96.8,2,0.3,-4.222933931452002,0.9969491846191814,-0.0305547860490147
969,96.9,0,0.1,-3.835075014096811,1.0049738972646194,0.04961568302712237
969,96.9,1,0.2,-3.8518875245356616,1.00178032132994,0.017787384363486407
969,96.9,2,0.3,-4.225935494690335,0.997002936948946,-0.030015632383324158
970,97.0,0,0.1,-3.8302448082611815,1.004841890084705,0.048302058356298166
970,97.0,1,0.2,-3.850217899914445,1.001671019220449,0.01669624621216765
970,97.0,2,0.3,-4.228884489261291,0.9970553494423271,-0.02948994570956377
971,97.10000000000001,0,0.1,-3.8255523138826715,1.0047035213715438,0.04692494378509648
971,97.10000000000001,1,0.2,-3.8486626094333545,1.0015565005725973,0.015552904810903552
971,97.10000000000001,2,0.3,-4.231786519433241,0.9971021766471866,-0.029020301719497623
972,97.2,0,0.1,-3.821003183024967,1.0045594938617461,0.04549130857704845
972,97.2,1,0.2,-3.8472270603040823,1.0014365800231642,0.014355491292722105
972,97.2,2,0.3,-4.23465118356936,0.9971394350989424,-0.02864664136119351
973,97.3,0,0.1,-3.816602477572637,1.0044104027763732,0.044007054523300955
973,97.3,1,0.2,-3.8459168864422777,1.0013110325145327,0.013101738618047276
973,97.3,2,0.3,-4.237491317965994,0.9971638949695116,-0.02840134396634381
974,97.4,0,0.1,-3.8123547820619774,1.004256729756281,0.04247695510659259
974,97.4,1,0.2,-3.8447379221685587,1.001179659525297,0.01178964273718896
974,97.4,2,0.3,-4.240321898544371,0.9971734217376454,-0.028305805783765764
975,97.5,0,0.1,-3.8082643177890554,1.0040988416404522,0.040904642729222666
975,97.5,1,0.2,-3.843696109731026,1.0010423553126186,0.010418124375327112
975,97.5,2,0.3,-4.2431588116090335,0.9971671071706213,-0.028369130646625444
976,97.60000000000001,0,0.1,-3.8043350530489937,1.003936994421433,0.03929264740061387
976,97.60000000000001,1,0.2,-3.8427973498982344,1.0008991638384357,0.008987598327915635
976,97.60000000000001,2,0.3,-4.246017716122286,0.9971451782625735,-0.02858904513252303
977,97.7,0,0.1,-3.800570804137565,1.0037713425943655,0.03764248911428894
977,97.7,1,0.2,-3.8420473119937113,1.0007503192532887,0.007500379045231469
977,97.7,2,0.3,-4.24891318093514,0.9971087230025217,-0.028954648128537964
978,97.8,0,0.1,-3.7969753218104887,1.0036019538273888,0.035954823270764984
978,97.8,1,0.2,-3.841451223826104,1.0005962658634646,0.005960881676072899
978,97.8,2,0.3,-4.251858203170851,0.9970593100882992,-0.029450222357116373
979,97.9,0,0.1,-3.793552358396369,1.0034288284434043,0.034229634141193364
979,97.9,1,0.2,-3.8410136628213865,1.000437656748498,0.004375610047175531
979,97.9,2,0.3,-4.2548641195762125,0.9969985968380802,-0.03005916405361041
980,98.0,0,0.1,-3.7903057117834043,1.0032519226783745,0.03246646612964994
980,98.0,1,0.2,-3.8407383676928006,1.0002753330257674,0.0027529512858583305
980,98.0,2,0.3,-4.257940835334741,0.9969280124810073,-0.030767157585291444
981,98.10000000000001,0,0.1,-3.7872392440467997,1.0030711741582616,0.030664677366043107
981,98.10000000000001,1,0.2,-3.8406280860103257,1.0001102877637231,0.0011028168247494588
981,98.10000000000001,2,0.3,-4.261097235388033,0.9968485761403606,-0.03156400053291272
982,98.2,0,0.1,-3.7843568744540543,1.0028865276140049,0.028823695927455123
982,98.2,1,0.2,-3.840684468033303,0.9999436195664587,-0.0005638202297753346
982,98.2,2,0.3,-4.264341623939995,0.99676086878942,-0.032443885519619256
983,98.3,0,0.1,-3.7816625487893734,1.002697958622132,0.026943256646811273
983,98.3,1,0.2,-3.8409080120385126,0.9997764809788898,-0.0022354400520942113
983,98.3,2,0.3,-4.267682059445162,0.9966651375423186,-0.03340435505167795
984,98.4,0,0.1,-3.779160189120446,1.0025054931840658,0.025023596689270986
984,98.4,1,0.2,-3.841298061739332,0.9996100263586758,-0.0039004970081931716
984,98.4,2,0.3,-4.271126505125694,0.9965614796174168,-0.034444456805313
985,98.5,0,0.1,-3.7768536300042563,1.0023092212700797,0.023065591161898415
985,98.5,1,0.2,-3.8418528525479947,0.9994453630593018,-0.005547908086627511
985,98.5,2,0.3,-4.274682781623041,0.996450039564476,-0.03556276497347557
986,98.60000000000001,0,0.1,-3.7747465484201155,1.002109303040531,0.021070815841406777
986,98.60000000000001,1,0.2,-3.842569600398447,0.9992835089519303,-0.007167478504523316
986,98.60000000000001,2,0.3,-4.278358369296725,0.9963311590301251,-0.036755876736830534
987,98.7,0,0.1,-3.7728423952120456,1.0019059672590176,0.019041532080700224
987,98.7,1,0.2,-3.8434446244857763,0.9991253586346089,-0.008750240873292512
987,98.7,2,0.3,-4.282160146817784,0.9962054400856255,-0.03801777521059473
988,98.8,0,0.1,-3.771144335401265,1.0016995023307205,0.016980598107806243
988,98.8,1,0.2,-3.8444734934607085,0.9989716601292762,-0.010288689749323206
988,98.8,2,0.3,-4.286094161506434,0.9960737134096624,-0.039340146886506236
989,98.9,0,0.1,-3.7696552034014172,1.001490241307471,0.014891319998476656
989,98.9,1,0.2,-3.8456511833512446,0.9988230033140499,-0.011776898905359151
989,98.9,2,0.3,-4.290165506048214,0.9959369321451848,-0.04071344541779362
990,99.0,0,0.1,-3.7683774770802207,1.0012785429612496,0.012777263211965656
990,99.0,1,0.2,-3.846972234959729,0.9986798205960737,-0.013210516084845777
990,99.0,2,0.3,-4.294378334723107,0.9957960328394475,-0.042128286748932715
991,99.10000000000001,0,0.1,-3.76731327203381,1.001064771513529,0.010642050464108247
991,99.10000000000001,1,0.2,-3.8484308990269946,0.9985423992660868,-0.01458664067265456
991,99.10000000000001,2,0.3,-4.298736003957936,0.9956518116292614,-0.04357669234828682
992,99.2,0,0.1,-3.766464354738484,1.0008492777275984,0.008489172953259277
992,99.2,1,0.2,-3.8500212593832455,0.9984109035966451,-0.0159036035625091
992,99.2,2,0.3,-4.30324128129842,0.9955048561976287,-0.04505277340484149
993,99.3,0,0.1,-3.7658321708204037,1.0006323837884497,0.0063218391808032275
993,99.3,1,0.2,-3.8517373277473506,0.9982854032392988,-0.01716068364105192
993,99.3,2,0.3,-4.307896544736418,0.9953555555059852,-0.04655263437998423
994,99.4,0,0.1,-3.7654178829078857,1.0004143737416076,0.00414287912517928
994,99.4,1,0.2,-3.853573108574784,0.9981659031875378,-0.018357808274334742
994,99.4,2,0.3,-4.312703895509356,0.9952041860432106,-0.04807350772937847
995,99.5,0,0.1,-3.7652224116747965,1.0001954903388355,0.001954712330891728
995,99.5,1,0.2,-3.855522637754421,0.9980523699180582,-0.01949529179636866
995,99.5,2,0.3,-4.317665129990925,0.9950510521149282,-0.04961234481569325
996,99.60000000000001,0,0.1,-3.7652464738637272,0.9999759381005616,-0.0002406218893069373
996,99.60000000000001,1,0.2,-3.8575800040222337,0.9979447486595252,-0.020573662678125458
996,99.60000000000001,2,0.3,-4.322781552588455,0.9948966439983282,-0.05116422597529099
997,99.7,0,0.1,-3.7654906122267833,0.9997558914362888,-0.002441383630560484
997,99.7,1,0.2,-3.8597393655377683,0.9978429682283211,-0.02159361515534764
997,99.7,2,0.3,-4.328053651286822,0.9947417744231126,-0.05272098698367722
998,99.8,0,0.1,-3.7659552141954182,0.9995355059421471,-0.004646019686349853
998,99.8,1,0.2,-3.861994975125543,0.9977469323879374,-0.02255609587774949
998,99.8,2,0.3,-4.333480690509686,0.9945876605503963,-0.05427039222863559
999,99.9,0,0.1,-3.7666405183113314,0.9993149306513206,-0.006853041159131072
999,99.9,1,0.2,-3.864341225625333,0.9976564997945336,-0.02346250499789781
999,99.9,2,0.3,-4.339060294983061,0.9944359326093078,-0.05579604473374879
1000,100.0,0,0.1,-3.767546609582517,0.9990943191055544,-0.009060912711858453
1000,100.0,1,0.2,-3.866772721711501,0.997571457605992,-0.024314960861679107
1000,100.0,2,0.3,-4.344788100133348,0.9942885674510279,-0.05727805150287472
1001,100.10000000000001,0,0.1,-3.768673406568602,0.9988738376112626,-0.011267969860847698
1001,100.10000000000001,1,0.2,-3.869284377293769,0.9974914959855108,-0.025116555822679656
1001,100.10000000000001,2,0.3,-4.350657530280827,0.9941477613065242,-0.05869430147478593
1002,100.2,0,0.1,-3.7700206438620567,0.9986536698232948,-0.013472372934547271
1002,100.2,1,0.2,-3.871871529725664,0.997416191362701,-0.025871524318949263
1002,100.2,2,0.3,-4.356659739723116,0.9940157678310356,-0.0600220944228925
1003,100.3,0,0.1,-3.7715878536097676,0.9984340176841876,-0.015672097477109407
1003,100.3,1,0.2,-3.8745300554055175,0.9973450050699852,-0.026585256798538473
1003,100.3,2,0.3,-4.362783719632201,0.9938947334363415,-0.06123979909085435
1004,100.4,0,0.1,-3.773374348905211,0.9982150995374152,-0.017864952954432387
1004,100.4,1,0.2,-3.8772564677554766,0.9972773009367751,-0.027264123499588407
1004,100.4,2,0.3,-4.369016541666166,0.9937865617085739,-0.06232822033964604
1005,100.5,0,0.1,-3.775379210541339,0.9979971467565547,-0.02004861636128233
1005,100.5,1,0.2,-3.8800479792409517,0.9972123811597481,-0.02791511485475232
1005,100.5,2,0.3,-4.37534368278635,0.9936928330884458,-0.06327141120184092
1006,100.60000000000001,0,0.1,-3.7776012771216947,0.9977804003819981,-0.0222206658035543
1006,100.60000000000001,1,0.2,-3.882902514335524,0.9971495352168609,-0.028545350945720978
1006,100.60000000000001,2,0.3,-4.381749359293555,0.9936147961015914,-0.06405676507204369
1007,100.7,0,0.1,-3.7800391372707574,0.9975651090186952,-0.024378601490628034
1007,100.7,1,0.2,-3.885818669313538,0.9970880928717811,-0.02916154978014062
1007,100.7,2,0.3,-4.38821679455785,0.9935534335816141,-0.06467435264294975
1008,100.8,0,0.1,-3.78269112197253,0.9973515287031383,-0.02651984701772898
1008,100.8,1,0.2,-3.8887956256148324,0.9970274704392882,-0.029769563012946337
1008,100.8,2,0.3,-4.394728355808184,0.9935095930239354,-0.06511561250335178
1009,100.9,0,0.1,-3.785555295052813,0.9971399247502019,-0.02864173080282506
1009,100.9,1,0.2,-3.8918330337811757,0.9969672000909411,-0.030374081663430884
1009,100.9,2,0.3,-4.401265520252084,0.9934841563311486,-0.06537164443898622
1010,101.0,0,0.1,-3.788629440469584,0.9969305749300008,-0.03074145416771487
1010,101.0,1,0.2,-3.894930892052178,0.9969069351408838,-0.030978582710023503
1010,101.0,2,0.3,-4.407808666849646,0.9934782131740395,-0.06543146597562649
1011,101.10000000000001,0,0.1,-3.791911046175481,0.9967237728770362,-0.03281605705896582
1011,101.10000000000001,1,0.2,-3.8980894456390716,0.9968464293957672,-0.03158553586893384
1011,101.10000000000001,2,0.3,-4.414336731624065,0.9934931967497374,-0.06528064774418472
1012,101.2,0,0.1,-3.7953972855371134,0.996519830515081,-0.03486239361632591
1012,101.2,1,0.2,-3.9013091285854054,0.9967854946745472,-0.03219682946333974
1012,101.2,2,0.3,-4.420826803314939,0.9935309433368128,-0.0649007169087438
1013,101.3,0,0.1,-3.7990849982800463,0.9963190785190652,-0.03687712742933101
1013,101.3,1,0.2,-3.9045905604968687,0.9967239461020949,-0.03281431911463537
1013,101.3,2,0.3,-4.427253763084155,0.9935936489625883,-0.06426959769216732
1014,101.4,0,0.1,-3.802970673385593,0.9961218643614986,-0.03885675105546162
1014,101.4,1,0.2,-3.907934597172154,0.9966615483880709,-0.033440366752849816
1014,101.4,2,0.3,-4.433590078413009,0.9936837167848581,-0.06336315328853274
1015,101.5,0,0.1,-3.8070504361518065,0.9959285481598571,-0.04079762766213922
1015,101.5,1,0.2,-3.9113424201844644,0.9965979770261588,-0.03407823012310656
1015,101.5,2,0.3,-4.439805842430369,0.9938035138808305,-0.06215764017360035
1016,101.60000000000001,0,0.1,-3.811320040787552,0.9957394971678191,-0.042696046357449634
1016,101.60000000000001,1,0.2,-3.9148156389986664,0.9965328058332723,-0.03473218814201632
1016,101.60000000000001,2,0.3,-4.445869106770254,0.9939550801527806,-0.06063264339884727
1017,101.7,0,0.1,-3.815774868652929,0.9955550801619655,-0.04454827865377351
1017,101.7,1,0.2,-3.918356373107371,0.9964655268986091,-0.03540734108704792
1017,101.7,2,0.3,-4.451746496749707,0.9941398480888817,-0.058773899794534186
1018,101.8,0,0.1,-3.820409930929684,0.9953756630471526,-0.046350622767555166
1018,101.8,1,0.2,-3.9219672826668526,0.9963956019346119,-0.036109095594818286
1018,101.8,2,0.3,-4.457404036269924,0.9943584342182783,-0.05657539520217513
1019,101.9,0,0.1,-3.8252198734718807,0.9952016067069385,-0.04809942542196167
1019,101.9,1,0.2,-3.925651524368094,0.9963225367901264,-0.03684241701241172
1019,101.9,2,0.3,-4.462808063247369,0.9946105485090814,-0.05404026977444226
1020,102.0,0,0.1,-3.8301989811552515,0.9950332675256052,-0.049791076833710146
1020,102.0,1,0.2,-3.9294126232605042,0.9962459651810276,-0.03761098892410378
1020,102.0,2,0.3,-4.46792609935288,0.994895038725948,-0.05118036105511272
1021,102.10000000000001,0,0.1,-3.835341179371941,0.9948710002518224,-0.05142198216689048
1021,102.10000000000001,1,0.2,-3.933254268038758,0.9961657248987998,-0.03841644778253556
1021,102.10000000000001,2,0.3,-4.472727557882902,0.9952100500453024,-0.048014585300220416
1022,102.2,0,0.1,-3.8406400313735123,0.9947151621507964,-0.0529885200157162
1022,102.2,1,0.2,-3.937180053246488,0.9960819106130121,-0.03925785207729905
1022,102.2,2,0.3,-4.47718422731917,0.9955532467783982,-0.044566694362677996
1023,102.3,0,0.1,-3.8460887317299384,0.9945661168875716,-0.05448700356426393
1023,102.3,1,0.2,-3.9411932033832593,0.9959948917888234,-0.04013150136771732
1023,102.3,2,0.3,-4.4812705408491045,0.9959220240886235,-0.04086313529934726
1024,102.4,0,0.1,-3.851680097890582,0.994424236433644,-0.05591366160643008
1024,102.4,1,0.2,-3.945296318397084,0.9959052912613487,-0.041031150138245265
1024,102.4,2,0.3,-4.484963711343254,0.9963136408722404,-0.036931704941493185
1025,102.5,0,0.1,-3.8574065632984227,0.9942898995425178,-0.05726465407841156
1025,102.5,1,0.2,-3.949491176435935,0.9958139280883203,-0.04194858038850907
1025,102.5,2,0.3,-4.488243853586611,0.9967252315460079,-0.03280142243357007
1026,102.60000000000001,0,0.1,-3.8632601763596983,0.9941634859517228,-0.05853613061275132
1026,102.60000000000001,1,0.2,-3.953778618769519,0.9957217356259553,-0.04287442333583769
1026,102.60000000000001,2,0.3,-4.491094214571869,0.9971536974367101,-0.02850360985257906
1027,102.7,0,0.1,-3.8692326095760676,0.9940453663097697,-0.0597243321636965
1027,102.7,1,0.2,-3.9581585258821077,0.995629670692168,-0.043799071125889814
1027,102.7,2,0.3,-4.493501585496834,0.9975955244685254,-0.02407370924965372
1028,102.8,0,0.1,-3.8753151822552625,0.9939358887161126,-0.06082572679195221
1028,102.8,1,0.2,-3.9626298763872585,0.9955386310998924,-0.04471350505151049
1028,102.8,2,0.3,-4.495456888636482,0.9980466072202225,-0.01955303139647424
1029,102.9,0,0.1,-3.8814988985688874,0.9938353635117653,-0.06183716313624382
1029,102.9,1,0.2,-3.9671908654312293,0.9954493964711525,-0.04560989043970454
1029,102.9,2,0.3,-4.496955844018106,0.9985021674908787,-0.014989553816241284
1030,103.0,0,0.1,-3.8877745006175757,0.9937440484141984,-0.06275602048688624
1030,103.0,1,0.2,-3.971839049859219,0.9953626016628638,-0.04648184427990019
1030,103.0,2,0.3,-4.497999555148734,0.998956833346392,-0.01043711130628348
1031,103.10000000000001,0,0.1,-3.89413253397745,0.9936621361654177,-0.06358033359873962
1031,103.10000000000001,1,0.2,-3.9765714855199708,0.9952787446692059,-0.04732435660751251
1031,103.10000000000001,2,0.3,-4.49859483481934,0.9994048974731861,-0.005952796706054134
1032,103.2,0,0.1,-3.900563421328178,0.9935897465502065,-0.06430887350728308
1032,103.2,1,0.2,-3.9813848278259716,0.9951982232622896,-0.048133423060011074
1032,103.2,2,0.3,-4.49875413158878,0.9998407159176169,-0.0015929676944016276
1033,103.3,0,0.1,-3.9070575385241244,0.9935269240104722,-0.0649411719594665
1033,103.3,1,0.2,-3.986275378441871,0.9951213886556304,-0.04890550615899881
1033,103.3,2,0.3,-4.498495006200956,1.0002591589637067,0.0025912538782348147
1034,103.4,0,0.1,-3.9136052870668285,0.9934736412523232,-0.06547748542703566
1034,103.4,1,0.2,-3.9912390757541454,0.9950486014756619,-0.049636973122737724
1034,103.4,2,0.3,-4.497839219133074,1.0006560021432331,0.0065578706788199615
1035,103.5,0,0.1,-3.9201971574255436,0.9934298083581123,-0.06591870358715488
1035,103.5,1,0.2,-3.9962714409739877,0.9949802759161833,-0.0503236521984258
1035,103.5,2,0.3,-4.496811591097093,1.0010281562265835,0.010276280359811681
1036,103.60000000000001,0,0.1,-3.9268237789525275,0.9933952861115268,-0.06626621526983335
1036,103.60000000000001,1,0.2,-4.001367502013972,0.9949169018498372,-0.05096061039983733
1036,103.60000000000001,2,0.3,-4.495438855749538,1.0013736779800015,0.013727353475551035
1037,103.7,0,0.1,-3.9334759540642583,0.9933699016252296,-0.06652175111731151
1037,103.7,1,0.2,-4.006521721427633,0.9948590407834499,-0.05154219413661858
1037,103.7,2,0.3,-4.493748719736413,1.0016915650979987,0.016901360131252725
1038,103.8,0,0.1,-3.9401446766562,0.9933534639924415,-0.06668722591942113
1038,103.8,1,0.2,-4.0117279521172025,0.9948072982410006,-0.052062306895693425
1038,103.8,2,0.3,-4.491769280711666,1.0019813994074454,0.019794390247468444
1039,103.9,0,0.1,-3.9468211371079387,0.9933457775923462,-0.06676460451738073
1039,103.9,1,0.2,-4.01697943635652,0.9947622806980485,-0.0525148423931698
1039,103.9,2,0.3,-4.4895288492458985,1.002242943107714,0.022404314657673872
1040,104.0,0,0.1,-3.953496718441693,0.9933466508608678,-0.06675581333754833
1040,104.0,1,0.2,-4.022268852511921,0.9947245481743318,-0.05289416155401428
1040,104.0,2,0.3,-4.487056107721964,1.0024758012707244,0.0247274152393487
1041,104.10000000000001,0,0.1,-3.960162989966638,0.9933558987713171,-0.06666271524944242
1041,104.10000000000001,1,0.2,-4.027588402941514,0.9946945733236895,-0.05319550429592192
1041,104.10000000000001,2,0.3,-4.484380451915164,1.0026792385684977,0.02675655806799731
1042,104.2,0,0.1,-3.9668117058536643,0.9933733379208772,-0.0664871588702669
1042,104.2,1,0.2,-4.032929928984338,0.9946727145406442,-0.053415260428243114
1042,104.2,2,0.3,-4.481532323187586,1.0028521884995383,0.028481287275782762
1043,104.3,0,0.1,-3.973434816363113,0.9933987739459186,-0.06623110509448903
1043,104.3,1,0.2,-4.038285036740567,0.9946592052726427,-0.05355107756229798
1043,104.3,2,0.3,-4.478543358714717,1.002993435881029,0.029889644728690636
1044,104.4,0,0.1,-3.9800244987732674,0.9934319819338095,-0.06589682410154
1044,104.4,1,0.2,-4.043645220896862,0.9946541559974039,-0.05360184156294676
1044,104.4,2,0.3,-4.4754462533681405,1.0031019063324473,0.030971053465759926
1045,104.5,0,0.1,-3.9865732133921497,0.993472681481568,-0.06548714618882662
1045,104.5,1,0.2,-4.049001981814134,0.9946575609421535,-0.05356760917271635
1045,104.5,2,0.3,-4.4722743155595825,1.00317697372642,0.03171937808558137
1046,104.60000000000001,0,0.1,-3.9930737874464737,0.9935205089685398,-0.06500574054323473
1046,104.60000000000001,1,0.2,-4.05434694071146,0.994669299979799,-0.05344958897325546
1046,104.60000000000001,2,0.3,-4.469060781374578,1.003218703121352,0.03213534185004089
1047,104.7,0,0.1,-3.9995195263196885,0.9935749903393188,-0.06445738873215234
1047,104.7,1,0.2,-4.059671965655011,0.9946891278692696,-0.05325024943551551
1047,104.7,2,0.3,-4.465838002626616,1.0032279774826818,0.03222778747962357
1048,104.8,0,0.1,-4.005904347870376,0.9936355181110368,-0.06384821550688011
1048,104.8,1,0.2,-4.064969324146468,0.9947166477690612,-0.05297358491457817
1048,104.8,2,0.3,-4.462636633660933,1.003206498820035,0.032013689656828645
1049,104.9,0,0.1,-4.012222931817906,0.9937013363259656,-0.06318583947529172
1049,104.9,1,0.2,-4.070231874636406,0.9947512724702534,-0.05262550489936841
1049,104.9,2,0.3,-4.4594849128485885,1.0031566927063524,0.031517208123445585
1050,105.0,0,0.1,-4.018470872900153,0.9937715367151475,-0.06247941082247266
1050,105.0,1,0.2,-4.075453299405741,0.9947921831743893,-0.05221424769335256
1050,105.0,2,0.3,-4.456408084361358,1.0030815667823947,0.03076828487231073
1051,105.10000000000001,0,0.1,-4.024644824136333,0.9938450684384423,-0.06173951236179504
1051,105.10000000000001,1,0.2,-4.080628367125599,0.9948382998737522,-0.05175067719858098
1051,105.10000000000001,2,0.3,-4.4534279562883565,1.0029845730691227,0.02980128073000822
1052,105.2,0,0.1,-4.030742615424341,0.9939207625097366,-0.06097791288008372
1052,105.2,1,0.2,-4.08575319875042,0.9948882779204723,-0.05124831624821205
1052,105.2,2,0.3,-4.450562561975938,1.0028695034785575,0.028653943124183307
1053,105.3,0,0.1,-4.03676333307527,0.9939973705500642,-0.06020717650929606
1053,105.3,1,0.2,-4.090825499572597,0.9949405415729664,-0.050723008221774224
1053,105.3,2,0.3,-4.447825892540559,1.002740417533501,0.027366694353798016
1054,105.4,0,0.1,-4.042707347768747,0.9940736160121733,-0.059440146934765445
1054,105.4,1,0.2,-4.095844717051612,0.994993357744977,-0.050192174790146975
1054,105.4,2,0.3,-4.445227696988126,1.002601573787635,0.0259819555243257
1055,105.5,0,0.1,-4.048576281661392,0.9941482546572799,-0.05868933892644868
1055,105.5,1,0.2,-4.100812090509311,0.9950449435390222,-0.04967373457698548
1055,105.5,2,0.3,-4.442773388245183,1.002457323024133,0.02454308742942641
1056,105.60000000000001,0,0.1,-4.054372909724893,0.9942201399699567,-0.05796628063500403
1056,105.60000000000001,1,0.2,-4.1057305745972625,0.9950935918483643,-0.04918484087951505
1056,105.60000000000001,2,0.3,-4.440464128869557,1.0023119277686667,0.023092593756260077
1057,105.7,0,0.1,-4.0601009954811085,0.9942882884477996,-0.05728085756216187
1057,105.7,1,0.2,-4.110604640674475,0.9951377929078681,-0.04874066077212468
1057,105.7,2,0.3,-4.438297181020071,1.0021692973777725,0.02166947849486024
1058,105.8,0,0.1,-4.065765066764217,0.9943519393259688,-0.056640712831089624
1058,105.8,1,0.2,-4.115439983987619,0.9951763281399283,-0.04835343313144333
1058,105.8,2,0.3,-4.436266581437306,1.0020326626462799,0.020305995827653068
1059,105.9,0,0.1,-4.071370142601611,0.9944106032922622,-0.05605075837393746
1059,105.9,1,0.2,-4.120243184103011,0.9952083168035477,-0.048032001153921824
1059,105.9,2,0.3,-4.434364145817911,1.001904246398153,0.019024356193949085
1060,106.0,0,0.1,-4.076921427392847,0.9944640951176025,-0.055512847912358824
1060,106.0,1,0.2,-4.125021376301221,0.9952332052019173,-0.04778192198209568
1060,106.0,2,0.3,-4.432580731985866,1.0017850050602919,0.017834138320448237
1061,106.10000000000001,0,0.1,-4.082423992879674,0.9945125458968103,-0.05502565486826569
1061,106.10000000000001,1,0.2,-4.1297819894807635,0.9952507005787838,-0.04760613179542388
1061,106.10000000000001,2,0.3,-4.430907619208342,1.001674513211627,0.016731127775243233
1062,106.2,0,0.1,-4.087882471483823,0.9945563918212509,-0.05458478604149474
1062,106.2,1,0.2,-4.134532591259553,0.995260664482273,-0.04750601778790212
1062,106.2,2,0.3,-4.429337814159369,1.0015710378379143,0.015698050489732832
1063,106.3,0,0.1,-4.093300785925215,0.9945963381482432,-0.05418314441392044
1063,106.3,1,0.2,-4.139280856210193,0.9952629902381286,-0.047482649506396725
1063,106.3,2,0.3,-4.427867088201869,1.0014718080053207,0.014707259574998358
1064,106.4,0,0.1,-4.098681939087856,0.9946332993067668,-0.0538115316264108
1064,106.4,1,0.2,-4.144034643830343,0.9952574937447343,-0.04753787620150035
1064,106.4,2,0.3,-4.426494589910977,1.001373440597727,0.013724982908919154
1065,106.5,0,0.1,-4.104027884429123,0.9946683187947785,-0.053459453412670596
1065,106.5,1,0.2,-4.148802145575408,0.9952438447527364,-0.04767501745064622
1065,106.5,2,0.3,-4.425222952023016,1.0012724467622487,0.012716378879612135
1066,106.60000000000001,0,0.1,-4.109339490629066,0.9947024754372004,-0.05311606199942078
1066,106.60000000000001,1,0.2,-4.153592041502129,0.9952215573308394,-0.047898959267205575
1066,106.60000000000001,2,0.3,-4.42405790398112,1.0011657269740037,0.011650480418960002
1067,106.7,0,0.1,-4.114616604859427,0.9947367852764287,-0.0527711423036189
1067,106.7,1,0.2,-4.15841360147988,0.9951900450835673,-0.04821559977751296
1067,106.7,2,0.3,-4.423007486754793,1.0010509691077192,0.01050417226326654
1068,106.8,0,0.1,-4.119858207765864,0.9947721103238462,-0.05241602906436902
1068,106.8,1,0.2,-4.16327667530802,0.9951487317704698,-0.04863073828140606
1068,106.8,2,0.3,-4.422081025860344,1.0009268901919097,0.009264608944495295
1069,106.9,0,0.1,-4.125062641319475,0.9948090860465743,-0.052044335536103326
1069,106.9,1,0.2,-4.168191538817185,0.9950971946696358,-0.04914863509164505
1069,106.9,2,0.3,-4.421288040902989,1.0007932994530502,0.007929849573544024
1070,107.0,0,0.1,-4.130227879882268,0.9948480783437135,-0.051652385627936774
1070,107.0,1,0.2,-4.173168594415491,0.995035309420608,-0.049770555983060294
1070,107.0,2,0.3,-4.420637256254269,1.0006509964549943,0.006507846487205185
1071,107.10000000000001,0,0.1,-4.135351807116955,0.9948891776880221,-0.05123927234686139
1071,107.10000000000001,1,0.2,-4.178217957800262,0.9949633632210942,-0.05049363384771258
1071,107.10000000000001,2,0.3,-4.420135837881419,1.0005015441040557,0.005014183728499616
1072,107.2,0,0.1,-4.140432458533064,0.9949322332632065,-0.050806514161093164
1072,107.2,1,0.2,-4.18334899040747,0.994882108654911,-0.05131032607208333
1072,107.2,2,0.3,-4.419788930639607,1.0003469674210876,0.0034690724181187546
1073,107.3,0,0.1,-4.145468192651006,0.9949769239346677,-0.05035734117943067
1073,107.3,1,0.2,-4.188569853460149,0.9947927419658853,-0.05220863052678956
1073,107.3,2,0.3,-4.419599522109613,1.0001894264689222,0.0018940852999361736
1074,107.4,0,0.1,-4.150457763136979,0.9950228567434077,-0.04989570485971947
1074,107.4,1,0.2,-4.193887160540418,0.9946968047735906,-0.05317307080268998
1074,107.4,2,0.3,-4.419568621311374,1.0000309012756743,0.00030900798239305723
1075,107.5,0,0.1,-4.155400278771637,0.9950696784975733,-0.049425156346585876
1075,107.5,1,0.2,-4.199305791041004,0.9945960237969766,-0.05418630500585972
1075,107.5,2,0.3,-4.419695714261646,0.9998729151256947,-0.0012709295027236334
1076,107.60000000000001,0,0.1,-4.160295055584727,0.9951171830853006,-0.04894776813089168
1076,107.60000000000001,1,0.2,-4.204828899529309,0.9944921158339584,-0.055231084883042576
1076,107.60000000000001,2,0.3,-4.4199794389037494,0.9997163156039263,-0.0028372464210322046
1077,107.7,0,0.1,-4.165141382940342,0.9951653971409079,-0.04846327355615463
1077,107.7,1,0.2,-4.210458121467357,0.9943865924436296,-0.056292219380485876
1077,107.7,2,0.3,-4.420418403514157,0.9995611317204613,-0.0043896461040751344
1078,107.8,0,0.1,-4.16993823958919,0.9952146298942335,-0.04796856648848819
1078,107.8,1,0.2,-4.216193940776827,0.9942805990961047,-0.057358193094699736
1078,107.8,2,0.3,-4.421012052315284,0.9994065273734594,-0.00593648801126923
1079,107.9,0,0.1,-4.174684003958875,0.9952654789769187,-0.04745764369684253
1079,107.9,1,0.2,-4.222036156295476,0.9941748170370048,-0.05842215518648998
1079,107.9,2,0.3,-4.421761462477616,0.9992508705753295,-0.007494101623323673
1080,108.0,0,0.1,-4.179376203545529,0.9953187915841837,-0.046921995866545
1080,108.0,1,0.2,-4.227984367691052,0.9940694441900971,-0.05948211395576113
1080,108.0,2,0.3,-4.422669946384267,0.9990919286399136,-0.009084839066507106
1081,108.10000000000001,0,0.1,-4.1840113410020985,0.9953755882149988,-0.04635137456568787
1081,108.10000000000001,1,0.2,-4.234038399830944,0.9939642565872242,-0.06054032139891791
1081,108.10000000000001,2,0.3,-4.423743342723769,0.9989271795442795,-0.010733963395023388
1082,108.2,0,0.1,-4.188584820777401,0.9954369626578405,-0.04573479775303018
1082,108.2,1,0.2,-4.240198597847131,0.9938587371023008,-0.06160198016187297
1082,108.2,2,0.3,-4.424989917546012,0.9987542018293999,-0.012465748222424008
1083,108.3,0,0.1,-4.193090982663604,0.9955039756284596,-0.04506161886202598
1083,108.3,1,0.2,-4.246465950117654,0.9937522466159685,-0.06267352270522687
1083,108.3,2,0.3,-4.426419861747414,0.9985710776816709,-0.014299442014023814
1084,108.4,0,0.1,-4.197523230844261,0.9955775597355866,-0.04432248180657416
1084,108.4,1,0.2,-4.2528420277815595,0.9936442063854936,-0.06376077663905366
1084,108.4,2,0.3,-4.4280444538234995,0.9983767268592806,-0.01624592076085424
1085,108.5,0,0.1,-4.201874232507214,0.9956584502314118,-0.04351001662952461
1085,108.5,1,0.2,-4.259328760804543,0.993534260412209,-0.06486733022983784
1085,108.5,2,0.3,-4.4298750361805,0.9981710921369601,-0.01830582357000947
1086,108.60000000000001,0,0.1,-4.206136151553125,0.9957471500425843,-0.042619190459106365
1086,108.60000000000001,1,0.2,-4.265928095900607,0.9934223926931962,-0.0659933509606369
1086,108.60000000000001,2,0.3,-4.431922005993154,0.9979551238012883,-0.02046969812653113
1087,108.7,0,0.1,-4.210300881785345,0.9958439302297318,-0.041647302322209846
1087,108.7,1,0.2,-4.272641596231823,0.9933089848658679,-0.06713500331216364
1087,108.7,2,0.3,-4.434194027552966,0.9977305575275549,-0.022720215598123386
1088,108.8,0,0.1,-4.214360249934036,0.9959488599488011,-0.040593681486911316
1088,108.8,1,0.2,-4.2794700446254454,0.9931948124847596,-0.06828448393622677
1088,108.8,2,0.3,-4.436697623632051,0.9974995353037943,-0.025035960790848223
1089,108.9,0,0.1,-4.218306170083488,0.9960618547637041,-0.03945920149451273
1089,108.9,1,0.2,-4.2864131016795115,0.9930809902803713,-0.06943057054065467
1089,108.9,2,0.3,-4.439437205832448,0.997264167030362,-0.02739582200397039
1090,109.0,0,0.1,-4.222130744548968,0.9961827299044376,-0.03824574465480563
1090,109.0,1,0.2,-4.293469050648844,0.992968885793328,-0.07055948969333105
1090,109.0,2,0.3,-4.442415481090235,0.9970261554043002,-0.029782752577871024
1091,109.10000000000001,0,0.1,-4.225826318617437,0.9963112461612376,-0.036955740684684504
1091,109.10000000000001,1,0.2,-4.300634637176887,0.9928600250765349,-0.07165586528042056
1091,109.10000000000001,2,0.3,-4.445634056648015,0.996786598504005,-0.03218575557780216
1092,109.2,0,0.1,-4.22938550490648,0.9964471401066449,-0.03559186289043151
1092,109.2,1,0.2,-4.307904989154231,0.9927560130984403,-0.07270351977344683
1092,109.2,2,0.3,-4.449093993140964,0.9965460421900434,-0.034599364929485975
1093,109.3,0,0.1,-4.23280119566057,0.9965901360814636,-0.03415690754090067
1093,109.3,1,0.2,-4.315273585130974,0.9926584855681116,-0.07368595976743528
1093,109.3,2,0.3,-4.452796049683502,0.996304787620353,-0.037020565425385114
1094,109.4,0,0.1,-4.236066577933571,0.9967399432894498,-0.03265382273001271
1094,109.4,1,0.2,-4.322732232207286,0.9925690996047034,-0.07458647076310751
1094,109.4,2,0.3,-4.456740432613389,0.9960633859306517,-0.039443829298863
1095,109.5,0,0.1,-4.239175158734774,0.9968962458334727,-0.031085808012029748
1095,109.5,1,0.2,-4.330271017486907,0.9924895600875201,-0.0753878527962158
1095,109.5,2,0.3,-4.46092598584611,0.9958231939869705,-0.04185553232721755
1096,109.60000000000001,0,0.1,-4.242120797462068,0.9970586954098166,-0.029456387272934467
1096,109.60000000000001,1,0.2,-4.337878210000899,0.9924216689437206,-0.07607192513991796
1096,109.60000000000001,2,0.3,-4.4653489122588725,0.9955868403217751,-0.04422926412762052
1097,109.7,0,0.1,-4.2448977344028025,0.997226915182126,-0.027769369407348223
1097,109.7,1,0.2,-4.345540109433754,0.9923673780970564,-0.07661899432855437
1097,109.7,2,0.3,-4.4700012499256445,0.995358467692889,-0.04652337666772242
1098,109.8,0,0.1,-4.247500599483074,0.9974005194359247,-0.026028650802720023
1098,109.8,1,0.2,-4.353240859547844,0.9923288246972998,-0.07700750114090209
1098,109.8,2,0.3,-4.474869406050462,0.9951436741422299,-0.04868156124817446
1099,109.9,0,0.1,-4.249924386425922,0.9975791480569741,-0.02423786942847854
1099,109.9,1,0.2,-4.360962262965125,0.99230833004086,-0.07721403417280345
1099,109.9,2,0.3,-4.479933052611845,0.9949491520851463,-0.05063646561382486
1100,110.0,0,0.1,-4.252164384128089,0.9977625092205036,-0.02239997702166668
1100,110.0,1,0.2,-4.368683645524803,0.9923083507380336,-0.07721382559678686
1100,110.0,2,0.3,-4.485164611448502,0.9947821019345152,-0.05231558836657455
1101,110.10000000000001,0,0.1,-4.254216067881326,0.9979504195112178,-0.020516837532367688
1101,110.10000000000001,1,0.2,-4.3763818198351325,0.9923313807449106,-0.07698174310328608
1101,110.10000000000001,2,0.3,-4.490529426071137,0.9946495502954776,-0.05364814622634815
1102,110.2,0,0.1,-4.256074965321496,0.9981428292396032,-0.01858897440170643
1102,110.2,1,0.2,-4.384031187990581,0.9923798138058787,-0.07649368155448578
1102,110.2,2,0.3,-4.495986571970338,0.9945577172723589,-0.05457145899201298
1103,110.3,0,0.1,-4.257736522424233,0.9983398225190533,-0.01661557102736838
1103,110.3,1,0.2,-4.3916040041472035,0.9924557853720699,-0.07572816156623294
1103,110.3,2,0.3,-4.5014901394976095,0.994511549355516,-0.05503567527271749
1104,110.4,0,0.1,-4.25919600050875,0.9985415864356787,-0.014594780845163946
1104,110.4,1,0.2,-4.399070792242231,0.9925610191139778,-0.07466788095026795
1104,110.4,2,0.3,-4.506990766728153,0.9945144735188699,-0.05500627230543095
1105,110.5,0,0.1,-4.26044843414233,0.9987483503340994,-0.012524336335807008
1105,110.5,1,0.2,-4.406400887573318,0.9926967042964404,-0.07330095331087055
1105,110.5,2,0.3,-4.5124372166348605,0.9945683551111284,-0.05446449906707816
1106,110.60000000000001,0,0.1,-4.261488671693397,0.9989603033084573,-0.010402375510664365
1106,110.60000000000001,1,0.2,-4.413563048701954,0.9928634260244998,-0.07162161128636158
1106,110.60000000000001,2,0.3,-4.51777787058204,0.9946735819907642,-0.05340653947178964
1107,110.7,0,0.1,-4.262311506382374,0.9991775037466543,-0.008228346889769724
1107,110.7,1,0.2,-4.42052607311224,0.9930611612764502,-0.06963024410286463
1107,110.7,2,0.3,-4.522962113970693,0.9948291716088875,-0.05184243388653382
1108,110.8,0,0.1,-4.262911888763944,0.9993997978118683,-0.006003823815703754
1108,110.8,1,0.2,-4.427259349491104,0.9932893413342916,-0.06733276378863834
1108,110.8,2,0.3,-4.527941675067844,0.9950328163639124,-0.0497956109715087
1109,110.9,0,0.1,-4.263285195194146,0.999626763239974,-0.0037330643020180446
1109,110.9,1,0.2,-4.433733292204127,0.9935469681046233,-0.06473942713022376
1109,110.9,2,0.3,-4.5326720060216905,0.9952808394414567,-0.04730330953846492
1110,111.0,0,0.1,-4.26342751456802,0.999857690753047,-0.0014231937387433034
1110,111.0,1,0.2,-4.439919627548345,0.9938327606299522,-0.061863353442181045
1110,111.0,2,0.3,-4.537113748758925,0.9955681072129927,-0.044417427372345525
1111,111.10000000000001,0,0.1,-4.263335910257623,1.0000916085062002,0.0009160431039755609
1111,111.10000000000001,1,0.2,-4.445791532170814,0.9941453013157961,-0.05871904622468836
1111,111.10000000000001,2,0.3,-4.541234220938842,0.9958880053178147,-0.04120472179916494
1112,111.2,0,0.1,-4.263008617122403,1.0003273467014613,0.0032729313521963816
1112,111.2,1,0.2,-4.451323655463165,0.9944831507228179,-0.05532123292351402
1112,111.2,2,0.3,-4.545008729202125,0.9962326062389676,-0.03774508263283175
1113,111.3,0,0.1,-4.2624451443504165,1.00056363155259,0.005634727719865716
1113,111.3,1,0.2,-4.456492083173766,0.9948449056312042,-0.051684277106017355
1113,111.3,2,0.3,-4.548421423653034,0.9965931221721313,-0.03412694450909387
1114,111.4,0,0.1,-4.261646271679381,1.000799191854798,0.007988726710354428
1114,111.4,1,0.2,-4.461274313327414,0.9952291865026971,-0.047822301536473516
1114,111.4,2,0.3,-4.551465397667709,0.9969606541770034,-0.030439740146747843
1115,111.5,0,0.1,-4.260613945938326,1.0010328587726773,0.010323257410549989
1115,111.5,1,0.2,-4.465649314485845,0.995634555217672,-0.04375001158431395
1115,111.5,2,0.3,-4.554141833279352,0.9973271428489308,-0.026764356116430323
1116,111.60000000000001,0,0.1,-4.259351102974231,1.001263640686035,0.012628429640954042
1116,111.60000000000001,1,0.2,-4.469597720167361,0.996059379023103,-0.03948405681514996
1116,111.60000000000001,2,0.3,-4.556458179406876,0.9976863345319885,-0.023163461275242072
1117,111.7,0,0.1,-4.257861453260623,1.0014907597928833,0.014896497136077394
1117,111.7,1,0.2,-4.473102184829867,0.9965016688068451,-0.035044646625064006
1117,111.7,2,0.3,-4.558425577733096,0.9980345357333041,-0.019673983262197277
1118,111.8,0,0.1,-4.256149275198141,1.0017136446762556,0.017121780624816816
1118,111.8,1,0.2,-4.476147891829181,0.9969589264610001,-0.030457069993145635
1118,111.8,2,0.3,-4.560055949842199,0.9983709562255126,-0.01630372109103199
1119,111.9,0,0.1,-4.254219257202749,1.0019318816789116,0.019300179953923323
1119,111.9,1,0.2,-4.478723169332429,0.9974280356791293,-0.025752775032479327
1119,111.9,2,0.3,-4.5613592650779315,0.998697533710714,-0.013033152357325715
1120,112.0,0,0.1,-4.252076418751457,1.0021451359703835,0.021428384512917172
1120,112.0,1,0.2,-4.4808201434460075,0.9979052230006061,-0.0209697411357824
1120,112.0,2,0.3,-4.5623414847049295,0.9990182625928055,-0.009822196269980158
1121,112.10000000000001,0,0.1,-4.2497261238105395,1.002353059049138,0.023502949409175626
1121,112.10000000000001,1,0.2,-4.482435344414617,0.998386102766449,-0.0161520096860976
1121,112.10000000000001,2,0.3,-4.563003527534531,0.9993381762723988,-0.006620428296013049
1122,112.2,0,0.1,-4.247174180824266,1.0025552019644284,0.02551942986273626
1122,112.2,1,0.2,-4.48357018445299,0.9988658036490663,-0.011348400383726732
1122,112.2,2,0.3,-4.56334136710299,0.999662217492902,-0.003378395684592498
1123,112.3,0,0.1,-4.244427005475192,1.0027509522931237,0.027471753490743607
1123,112.3,1,0.2,-4.484231243886334,0.9993391590183041,-0.006610594333436402
1123,112.3,2,0.3,-4.563347117588475,0.999994249531049,-5.7504854851234623e-05
1124,112.4,0,0.1,-4.241491809249494,1.0029395081318708,0.029351962256975724
1124,112.4,1,0.2,-4.484430331724095,0.9998009319789072,-0.0019908783776133
1124,112.4,2,0.3,-4.563010765528569,1.0003364086326034,0.0033635205990642423
1125,112.5,0,0.1,-4.238376771010783,1.0031198950120273,0.031150382387112423
1125,112.5,1,0.2,-4.484184321038288,1.0002460409489171,0.002460106858066664
1125,112.5,2,0.3,-4.562322109641302,1.0006888930651738,0.006886558872665596
1126,112.60000000000001,0,0.1,-4.235091151415359,1.0032910231598855,0.032856195954235584
1126,112.60000000000001,1,0.2,-4.483514791088688,1.000669754134807,0.006695299495999547
1126,112.60000000000001,2,0.3,-4.561272500342946,1.0010501603309683,0.010496092983557574
1127,112.7,0,0.1,-4.231645320542457,1.003451774573139,0.03445830872902374
1127,112.7,1,0.2,-4.482447530383748,1.0010678304303104,0.010672607049402923
1127,112.7,2,0.3,-4.559856103629947,1.0014174002765823,0.014163967129992822
1128,112.8,0,0.1,-4.228050685467217,1.003601103524151,0.03594635075240253
1128,112.8,1,0.2,-4.481011963520399,1.0014365977827175,0.014355668633490842
1128,112.8,2,0.3,-4.558070599385261,1.0017870992065185,0.01785504244686033
1129,112.9,0,0.1,-4.224319523448174,1.003738131469403,0.037311620190424596
1129,112.9,1,0.2,-4.479240558777651,1.0017729746069475,0.01771404742748244
1129,112.9,2,0.3,-4.5559173975375025,1.0021555216515605,0.021532018477586175
1130,113.0,0,0.1,-4.220464744236922,1.0038622184284114,0.03854779211252654
1130,113.0,1,0.2,-4.477168255583207,1.002074451898708,0.020723031944439654
1130,113.0,2,0.3,-4.5534015622409845,1.0025190026657735,0.025158352965181416
1131,113.10000000000001,0,0.1,-4.216499618319768,1.0039729974293305,0.03965125917153695
1131,113.10000000000001,1,0.2,-4.474831926421296,1.002339060505579,0.023363291619105338
1131,113.10000000000001,2,0.3,-4.5505316480902875,1.0028740362967714,0.028699141506966837
1132,113.2,0,0.1,-4.212437514199857,1.0040703656474579,0.0406210411991049
1132,113.2,1,0.2,-4.472269863208931,1.002565348101082,0.02562063212365441
1132,113.2,2,0.3,-4.547319583013343,1.003217229285751,0.03212065076944453
1133,113.3,0,0.1,-4.208291686084185,1.004154433949714,0.04145828115672559
1133,113.3,1,0.2,-4.469521260118136,1.002752383963516,0.027486030907947663
1133,113.3,2,0.3,-4.543780619509639,1.0035452330287364,0.03538963503704397
1134,113.4,0,0.1,-4.204075144113874,1.004225444091062,0.0421654197031049
1134,113.4,1,0.2,-4.466625657982162,1.002899798441139,0.028956021359742595
1134,113.4,2,0.3,-4.539933271961352,1.0038547580904618,0.03847347548287088
1135,113.5,0,0.1,-4.199800624566018,1.0042836683374534,0.04274519547856202
1135,113.5,1,0.2,-4.463622321660985,1.003007850854128,0.030033363211769457
1135,113.5,2,0.3,-4.535799107597297,1.0041427218101142,0.04134164364054684
1136,113.60000000000001,0,0.1,-4.195480660245449,1.0043293088175533,0.04319964320568546
1136,113.60000000000001,1,0.2,-4.460549539666114,1.0030775078287106,0.030727819948707814
1136,113.60000000000001,2,0.3,-4.531402282294287,1.0044065055215923,0.04396825303009402
1137,113.7,0,0.1,-4.1911277349094265,1.0043624130769944,0.04352925336023076
1137,113.7,1,0.2,-4.457443860666295,1.0031105066172263,0.03105678999818905
1137,113.7,2,0.3,-4.526768798307965,1.0046442351719829,0.046334839863225036
1138,113.8,0,0.1,-4.186754493026907,1.0043828184599415,0.04373241882519778
1138,113.8,1,0.2,-4.454339308036832,1.0031093767439252,0.03104552629463696
1138,113.8,2,0.3,-4.521925572151949,1.0048549735332264,0.048432261560161206
1139,113.9,0,0.1,-4.182373969539479,1.00439013200543,0.043805234874275276
1139,113.9,1,0.2,-4.451266634736458,1.003077398799712,0.030726733003738228
1139,113.9,2,0.3,-4.516899489964521,1.005038734126186,0.050260821874279646
1140,114.0,0,0.1,-4.177999804330872,1.0043837458332285,0.043741652086073654
1140,114.0,1,0.2,-4.448252690900664,1.0030184903309955,0.030139438357938468
1140,114.0,2,0.3,-4.511716656323179,1.0051962877570575,0.05182833641342494
1141,114.10000000000001,0,0.1,-4.1736464122001005,1.004362881908204,0.043533921307710895
1141,114.10000000000001,1,0.2,-4.445319972328627,1.0029370231982053,0.029327185720366685
1141,114.10000000000001,2,0.3,-4.506401995730563,1.0053288084538121,0.05314660592615086
1142,114.2,0,0.1,-4.169329089463563,1.0043266558007933,0.043173227365376446
1142,114.2,1,0.2,-4.44248639925605,1.0028375914353005,0.028335730725769726
1142,114.2,2,0.3,-4.500979258149132,1.00543746723585,0.05422737581431167
1143,114.3,0,0.1,-4.16506405036105,1.0042741473261592,0.04265039102513655
1143,114.3,1,0.2,-4.439765344347091,1.0027247603389986,0.027210549089595075
1143,114.3,2,0.3,-4.49547134879022,1.0055231057790228,0.05507909358912635
1144,114.4,0,0.1,-4.160868397571251,1.0042044668635843,0.041956527897980295
1144,114.4,1,0.2,-4.437165892233228,1.0026028336188944,0.025994521138625885
1144,114.4,2,0.3,-4.489900795046056,1.0055860981288782,0.055705537441634555
1145,114.5,0,0.1,-4.156760039195394,1.004116809249239,0.04108358375857669
1145,114.5,1,0.2,-4.434693277278443,1.002475674388223,0.024726149547850424
1145,114.5,2,0.3,-4.484290119216728,1.0056264451493457,0.05610675829328712
1146,114.60000000000001,0,0.1,-4.152757568313067,1.004010491466056,0.04002470882326406
1146,114.60000000000001,1,0.2,-4.432349418842173,1.0023466074197782,0.023438584362700743
1146,114.60000000000001,2,0.3,-4.478661921477633,1.0056440657995496,0.05628197739094584
1147,114.7,0,0.1,-4.148880120552552,1.0038849747864882,0.03877447760515239
1147,114.7,1,0.2,-4.430133460119328,1.0022184157739478,0.022159587228448723
1147,114.7,2,0.3,-4.473038581797612,1.0056391803331377,0.05623339680021253
1148,114.8,0,0.1,-4.145147220998792,1.003739875500768,0.03732899553759984
1148,114.8,1,0.2,-4.428042221020082,1.0020934272647917,0.02091239099246364
1148,114.8,2,0.3,-4.467441626230126,1.0056126477858538,0.05596955567485614
1149,114.9,0,0.1,-4.141578625858637,1.0035749701568215,0.035685951401550904
1149,114.9,1,0.2,-4.426070497408135,1.0019736687371539,0.019717236119463615
1149,114.9,2,0.3,-4.461890924501871,1.005566135415812,0.05550701728254974
1150,115.0,0,0.1,-4.1381941585358115,1.0033902010991231,0.03384467322825572
1150,115.0,1,0.2,-4.424211174611961,1.001861052408608,0.018593227961743956
1150,115.0,2,0.3,-4.4564039497369725,1.0055020557813694,0.05486974764898767
1151,115.10000000000001,0,0.1,-4.135013535808923,1.0031856862743422,0.03180622726887967
1151,115.10000000000001,1,0.2,-4.422455165706334,1.001757551592123,0.017560089056266215
1151,115.10000000000001,2,0.3,-4.450995315245031,1.0054232875612632,0.054086344919412714
1152,115.2,0,0.1,-4.1320561786831895,1.0029617344203288,0.029573571257339188
1152,115.2,1,0.2,-4.420791226165689,1.001665324656185,0.016639395406451266
1152,115.2,2,0.3,-4.445676713078658,1.0053327710392699,0.053186021663730015
1153,115.3,0,0.1,-4.129341004383984,1.0027188637233306,0.027151742992056905
1153,115.3,1,0.2,-4.419205727679181,1.0015867560537692,0.015854984865085534
1153,115.3,2,0.3,-4.440457245724949,1.0052331125032452,0.05219467353709226
1154,115.4,0,0.1,-4.126886200241096,1.002457819641559,0.024548041428873586
1154,115.4,1,0.2,-4.417682488571485,1.001524399825661,0.015232391076958984
1154,115.4,2,0.3,-4.435344011977647,1.0051263286365428,0.05113233747301668
1155,115.5,0,0.1,-4.124708985647511,1.0021795864463101,0.021772145935853433
1155,115.5,1,0.2,-4.416202753026135,1.0014808308942007,0.014797355453498315
1155,115.5,2,0.3,-4.430342726183869,1.0050138130990776,0.05001285793778294
1156,115.60000000000001,0,0.1,-4.122825373398049,1.001885387361381,0.01883612249461936
1156,115.60000000000001,1,0.2,-4.414745386801706,1.0014584286986603,0.014573662244287001
1156,115.60000000000001,2,0.3,-4.4254581460033995,1.0048965291896155,0.04884580180469139
1157,115.7,0,0.1,-4.121249945198924,1.0015766698380826,0.01575428199125018
1157,115.7,1,0.2,-4.413287317943039,1.0014591323578876,0.014580688586668108
1157,115.7,2,0.3,-4.420694160626536,1.0047753511968975,0.047639853768635596
1158,115.8,0,0.1,-4.119995657122874,1.001255075024325,0.012542880760505073
1158,115.8,1,0.2,-4.411804204752169,1.001484213547156,0.014831131908704397
1158,115.8,2,0.3,-4.4160535243661645,1.0046514206885715,0.046406362603719636
1159,115.9,0,0.1,-4.119073689024816,1.0009223932412903,0.009219680980575897
1159,115.9,1,0.2,-4.41027126917083,1.0015341111276894,0.015329355813385818
1159,115.9,2,0.3,-4.411537365008228,1.0045263725746594,0.04516159357935982
1160,116.0,0,0.1,-4.118493347811869,1.0005805096434894,0.005803412129470661
1160,116.0,1,0.2,-4.408664200600683,1.0016083605968749,0.016070685701477874
1160,116.0,2,0.3,-4.407144702292027,1.004402324601024,0.04392662716201451
1161,116.10000000000001,0,0.1,-4.118262028829976,1.0002313457381917,0.0023131898189274994
1161,116.10000000000001,1,0.2,-4.406960019759596,1.0017056337824972,0.017041808410861104
1161,116.10000000000001,2,0.3,-4.402872240703469,1.0042816015646674,0.0427246158855751
1162,116.2,0,0.1,-4.118385233557523,0.9998768028618441,-0.0012320472754635138
1162,116.2,1,0.2,-4.405137797557058,1.001823883458322,0.018222222025389073
1162,116.2,2,0.3,-4.398714638024228,1.0041662574995376,0.041576026792411604
1163,116.3,0,0.1,-4.118866636303122,0.9995187131101109,-0.00481402745599296
1163,116.3,1,0.2,-4.403179148973237,1.0019605679889005,0.01958648583820666
1163,116.3,2,0.3,-4.394665311985143,1.0040575356371426,0.04049326039085041
1164,116.4,0,0.1,-4.119708188439737,0.999158801869073,-0.00841552136614893
1164,116.4,1,0.2,-4.401068461264631,1.0021129167779215,0.02110687708605494
1164,116.4,2,0.3,-4.390717672609329,1.0039554415675036,0.039476393758143234
1165,116.5,0,0.1,-4.12091024623559,0.9987986643862213,-0.012020577958536522
1165,116.5,1,0.2,-4.398792861294835,1.0022781911125027,0.022755999697966673
1165,116.5,2,0.3,-4.386866511453472,1.0038585864058656,0.03851161155856927
1166,116.60000000000001,0,0.1,-4.1224717075507815,0.9984397571312599,-0.015614613151909486
1166,116.60000000000001,1,0.2,-4.396341969133548,1.0024538980526831,0.024508921612864797
1166,116.60000000000001,2,0.3,-4.383109191816568,1.0037643872112707,0.037573196369035236
1167,116.7,0,0.1,-4.124390143275092,0.9980834032973004,-0.019184357243108276
1167,116.7,1,0.2,-4.3937075160265815,1.0026379263278957,0.026344531069667887
1167,116.7,2,0.3,-4.379446297610689,1.0036696108010832,0.03662894205879605
1168,116.8,0,0.1,-4.126661911001373,0.997730810785057,-0.022717677262812555
1168,116.8,1,0.2,-4.390882918959521,1.0028285899999458,0.028245970670603356
1168,116.8,2,0.3,-4.375881514534874,1.0035711444717563,0.03564783075814962
1169,116.9,0,0.1,-4.129282240731674,0.9973831003370244,-0.02620329730300018
1169,116.9,1,0.2,-4.387862899706811,1.0030245841050103,0.03020019252709636
1169,116.9,2,0.3,-4.372420705591215,1.0034668044573787,0.03460808943658893
1170,117.0,0,0.1,-4.132245285229626,0.9970413409858656,-0.02963044497952429
1170,117.0,1,0.2,-4.384643215795802,1.0032248726604691,0.032196839110094244
1170,117.0,2,0.3,-4.369070351185879,1.0033559731157946,0.033503544053356774
1171,117.10000000000001,0,0.1,-4.1355441309573315,0.996706589485576,-0.03298845727705387
1171,117.10000000000001,1,0.2,-4.381220539655469,1.0034285401846472,0.03422676140333244
1171,117.10000000000001,2,0.3,-4.3658356927617135,1.0032398955770039,0.032346584241655395
1172,117.2,0,0.1,-4.139170769440115,0.9963799298278637,-0.03626638482783868
1172,117.2,1,0.2,-4.377592487471511,1.003634641531705,0.0362805218395777
1172,117.2,2,0.3,-4.362719000278598,1.0031215544188732,0.031166924831158124
1173,117.3,0,0.1,-4.14311603338844,0.9960625083808304,-0.0394526394832462
1173,117.3,1,0.2,-4.373757768060223,1.0038420813550912,0.0383471941128843
1173,117.3,2,0.3,-4.359718355569948,1.0030051511492655,0.03000644708650306
1174,117.4,0,0.1,-4.1473695067488405,0.9957555598453747,-0.04253473360400576
1174,117.4,1,0.2,-4.369716400067098,1.0040495453329217,0.04041367993124478
1174,117.4,2,0.3,-4.356827214528411,1.0028953244204055,0.028911410415364023
1175,117.5,0,0.1,-4.151919422515212,0.9954604194196864,-0.04549915766371352
1175,117.5,1,0.2,-4.365469936196839,1.0042554928738814,0.042464638702590846
1175,117.5,2,0.3,-4.3540348175712404,1.0027962993290318,0.027923969571707542
1176,117.60000000000001,0,0.1,-4.156752565772998,0.9951785175853494,-0.048331432577861974
1176,117.60000000000001,1,0.2,-4.361021636373956,1.0044582081948952,0.04448299822882593
1176,117.60000000000001,2,0.3,-4.351327312653621,1.0027111735192307,0.02707504917619499
1177,117.7,0,0.1,-4.161854201091633,0.9949113559212486,-0.05101635318635124
1177,117.7,1,0.2,-4.356376545558889,1.0046558959732435,0.04645090815067741
1177,117.7,2,0.3,-4.348689292538334,1.0026415027520992,0.026380201152866156
1178,117.8,0,0.1,-4.167208042156193,0.9946604651999701,-0.053538410645600214
1178,117.8,1,0.2,-4.351541452473633,1.0048468010098572,0.04835093085256145
1178,117.8,2,0.3,-4.34610536939795,1.0025872643469693,0.025839231403842835
1179,117.9,0,0.1,-4.172796276980989,0.9944273503147778,-0.055882348247959464
1179,117.9,1,0.2,-4.3465247280573545,1.0050293292477201,0.05016724416278001
1179,117.9,2,0.3,-4.343561432713166,1.0025471752373538,0.02543936684783926
1180,118.0,0,0.1,-4.1785996543873845,0.9942134296599651,-0.05803377406395579
1180,118.0,1,0.2,-4.341336062710093,1.005202149783292,0.051886653472615514
1180,118.0,2,0.3,-4.341045350486783,1.0025192502176863,0.025160822263831414
1181,118.10000000000001,0,0.1,-4.184597627659731,0.9940199786596718,-0.05997973272346457
1181,118.10000000000001,1,0.2,-4.335986136030643,1.0053642630920379,0.05349926679449878
1181,118.10000000000001,2,0.3,-4.338547044207404,1.0025014296470127,0.02498306279378646
1182,118.2,0,0.1,-4.1907685411397955,0.9938480875019623,-0.06170913480064395
1182,118.2,1,0.2,-4.330486260093404,1.0055150280203577,0.05499875937238976
1182,118.2,2,0.3,-4.336058045888228,1.0024920984470305,0.024889983191764026
1183,118.3,0,0.1,-4.197089837132724,0.9936986413664827,-0.06321295992928992
1183,118.3,1,0.2,-4.324848037197692,1.0056541475893461,0.0563822289571224
1183,118.3,2,0.3,-4.333570782178328,1.0024903595164447,0.024872637098997424
1184,118.4,0,0.1,-4.203538255991742,0.9935723275760193,-0.0644841885901693
1184,118.4,1,0.2,-4.319083066614415,1.0057816200052894,0.057649705832764714
1184,118.4,2,0.3,-4.331077891177281,1.0024960008374433,0.024928910010471133
1185,118.5,0,0.1,-4.2100900031609685,0.9934696687302136,-0.06551747169227279
1185,118.5,1,0.2,-4.3132027241258255,1.0058976656411927,0.058803424885901526
1185,118.5,2,0.3,-4.328571850131348,1.00250918379153,0.025060410459333587
1186,118.60000000000001,0,0.1,-4.216720863762692,0.9933910750435886,-0.06630860601723011
1186,118.60000000000001,1,0.2,-4.307218025399351,1.0060026428146918,0.05984698726474159
1186,118.60000000000001,2,0.3,-4.326045089094461,1.0025299559879475,0.025267610368862114
1187,118.7,0,0.1,-4.223406257153339,0.993336904134833,-0.06685393390647601
1187,118.7,1,0.2,-4.301139571643635,1.0060969650434088,0.060784537557164856
1187,118.7,2,0.3,-4.323490618560093,1.002557735974121,0.02554470534368004
1188,118.8,0,0.1,-4.230121238565829,0.9933075136956216,-0.06714981412489988
1188,118.8,1,0.2,-4.294977565353132,1.006181030506972,0.061620062905033586
1188,118.8,2,0.3,-4.320903048919214,1.002590920288591,0.025875696408796195
1189,118.9,0,0.1,-4.236840469388287,0.993303292733739,-0.06719230822457826
1189,118.9,1,0.2,-4.2887418764964815,1.0062551712387142,0.06235688856649625
1189,118.9,2,0.3,-4.318279765139138,1.0026267275996847,0.026232837800754787
1190,119.0,0,0.1,-4.243538188399027,0.9933246607169826,-0.06697719010740169
1190,119.0,1,0.2,-4.282442135886106,1.0063196257113172,0.06299740610376328
1190,119.0,2,0.3,-4.315621968204012,1.0026613320085418,0.02657796935126173
1191,119.10000000000001,0,0.1,-4.250188220498898,0.9933720304309914,-0.06650032099870239
1191,119.10000000000001,1,0.2,-4.27608783274536,1.0063745345544255,0.06354303140744824
1191,119.10000000000001,2,0.3,-4.3129353149132434,1.0026902655779841,0.026866532907685522
1192,119.2,0,0.1,-4.256764055533621,0.9934457384546744,-0.06575835034723294
1192,119.2,1,0.2,-4.269688397201743,1.0064199556803333,0.06399435543617579
1192,119.2,2,0.3,-4.310229970534168,1.0027090071254317,0.027053443790753678
1193,119.3,0,0.1,-4.2632390178289,0.9935459551022809,-0.06474962295279253
1193,119.3,1,0.2,-4.263253254672001,1.0064558925453218,0.06435142529742788
1193,119.3,2,0.3,-4.3075200111394425,1.0027136346538705,0.0270995939472589
1194,119.4,0,0.1,-4.2695865290998825,0.9936725916217496,-0.06347511270982223
1194,119.4,1,0.2,-4.256791846635099,1.006482327966941,0.06461408036901321
1194,119.4,2,0.3,-4.304822243802267,1.0027014095860551,0.026977673371752973
1195,119.5,0,0.1,-4.275780447018715,0.9938252248474612,-0.06193917918832522
1195,119.5,1,0.2,-4.250313619724265,1.0064992560086847,0.0647822691083403
1195,119.5,2,0.3,-4.302154624025178,1.0026711810407216,0.026676197770891103
1196,119.60000000000001,0,0.1,-4.281795443314013,0.9940030575787855,-0.06014996295297712
1196,119.60000000000001,1,0.2,-4.243827991082186,1.006506705873248,0.06485628642078803
1196,119.60000000000001,2,0.3,-4.299534519752398,1.0026235397457575,0.026201042727798093
1197,119.7,0,0.1,-4.287607373049745,0.9942049268556427,-0.05811929735732743
1197,119.7,1,0.2,-4.237344301481282,1.0065047542171937,0.064836896009041
1197,119.7,2,0.3,-4.296977090573915,1.002560702190055,0.025574291784834845
1198,119.8,0,0.1,-4.2931935837367226,0.9944293631748232,-0.055862106869776065
1198,119.8,1,0.2,-4.230871768282808,1.0064935253077456,0.06472533198474663
1198,119.8,2,0.3,-4.294494021273592,1.002486154670098,0.024830693003227457
1199,119.9,0,0.1,-4.298533120280503,0.9946746934430273,-0.053395365437798215
1199,119.9,1,0.2,-4.22441944798897,1.0064731813557073,0.06452320293837471
1199,119.9,2,0.3,-4.292092781325157,1.002404125234039,0.02401239948435014
1200,120.0,0,0.1,-4.3036067983086435,0.9949391713358622,-0.050736780281409155
1200,120.0,1,0.2,-4.217996213647391,1.0064439075505351,0.06423234341579241
1200,120.0,2,0.3,-4.289776491517105,1.0023189744797147,0.023162898080518954
1201,120.10000000000001,0,0.1,-4.3083971409309525,0.9952211127698598,-0.04790342622308632
1201,120.10000000000001,1,0.2,-4.21161074688662,1.0064058973167092,0.06385466760769798
1201,120.10000000000001,2,0.3,-4.287544381755232,1.0022346027734137,0.022321097618725232
1202,120.2,0,0.1,-4.3128881979056,0.9955190127415308,-0.044910569746481666
1202,120.2,1,0.2,-4.20527153928957,1.0063593428983288,0.06339207597050672
1202,120.2,2,0.3,-4.2853927349319685,1.0021539632763878,0.021516468232639755
1203,120.3,0,0.1,-4.317065286649092,0.9958316231573444,-0.04177088743492223
1203,120.3,1,0.2,-4.198986894418369,1.0063044346873804,0.06284644871201196
1203,120.3,2,0.3,-4.283316142578668,1.0020787499644357,0.02076592353300495
1204,120.4,0,0.1,-4.32091470748562,0.9961579786861902,-0.03849420836526845
1204,120.4,1,0.2,-4.192764920926059,1.0062413701770647,0.06221973492309376
1204,120.4,2,0.3,-4.281308857687236,1.002009300836383,0.02007284891431922
1205,120.5,0,0.1,-4.3244234886230535,0.9964973674416597,-0.03508781137434113
1205,120.5,1,0.2,-4.186613509027141,1.006170370687597,0.06151411898918896
1205,120.5,2,0.3,-4.279366023867866,1.0019447223438263,0.019428338193697707
1206,120.60000000000001,0,0.1,-4.327579209353574,0.9968492533225276,-0.031557207305199036
1206,120.60000000000001,1,0.2,-4.1805402866693,1.0060917017636504,0.0607322235783984
1206,120.60000000000001,2,0.3,-4.2774845888755255,1.0018832060016611,0.018814349923406755
1207,120.7,0,0.1,-4.3303699347565665,0.9972131650512401,-0.027907254029930138
1207,120.7,1,0.2,-4.17455255702377,1.0060056919318934,0.05987729645531189
1207,120.7,2,0.3,-4.275663770383139,1.001822477188953,0.01820818492386348
1208,120.8,0,0.1,-4.332784275098778,0.9975885718333001,-0.02414340342211356
1208,120.8,1,0.2,-4.1686572240874975,1.0059127446105431,0.05895332936272426
1208,120.8,2,0.3,-4.273905023211989,1.0017602946740458,0.01758747171150532
1209,120.9,0,0.1,-4.334811562226804,0.9979747664305717,-0.020272871280260722
1209,120.9,1,0.2,-4.162860717024891,1.0058133393167132,0.05796507062605766
1209,120.9,2,0.3,-4.272211545976257,1.0016949119780931,0.01693477235732066
1210,121.0,0,0.1,-4.336442117340193,0.9983707735193657,-0.016305551133887024
1210,121.0,1,0.2,-4.157168925498908,1.005708020547496,0.056917915259834154
1210,121.0,2,0.3,-4.270587444810796,1.0016254207320316,0.016241011654606154
1211,121.10000000000001,0,0.1,-4.337667572436257,0.9987752954674066,-0.012254550960645382
1211,121.10000000000001,1,0.2,-4.151587157344738,1.0055973752469118,0.0558176815416941
1211,121.10000000000001,2,0.3,-4.2690367270295635,1.0015519207658006,0.015507177812324812
1212,121.2,0,0.1,-4.338481202801904,0.9991867005417879,-0.00813630365646791
1212,121.2,1,0.2,-4.146120126816595,1.0054820020102901,0.05467030528143324
1212,121.2,2,0.3,-4.26756231727791,1.0014754972281077,0.014744097516539994
1213,121.3,0,0.1,-4.33887823004357,0.9996030515632199,-0.003970272416662594
1213,121.3,1,0.2,-4.14077197705128,1.0053624766476557,0.05348149765315695
1213,121.3,2,0.3,-4.266165269494815,1.0013980241089542,0.013970477830947643
1214,121.4,0,0.1,-4.338856062886705,1.0000221674025587,0.00022167156865647073
1214,121.4,1,0.2,-4.135546335331907,1.0052393191992202,0.05225641719372563
1214,121.4,2,0.3,-4.264844294903441,1.0013218474626138,0.01320974591373479
1215,121.5,0,0.1,-4.338414454173151,1.0004417062370368,0.004416087135537234
1215,121.5,1,0.2,-4.13044639514605,1.0051129670167445,0.050999401858569784
1215,121.5,2,0.3,-4.263595652089392,1.0012494226930506,0.01248642814049532
1216,121.60000000000001,0,0.1,-4.337555564784468,1.0008592583397953,0.008588893886826533
1216,121.60000000000001,1,0.2,-4.125475015590222,1.0049837573662699,0.04971379555827513
1216,121.60000000000001,2,0.3,-4.262413367559539,1.0011829837037214,0.011822845298529274
1217,121.7,0,0.1,-4.336283936586055,1.0012724370603716,0.012716281984133828
1217,121.7,1,0.2,-4.120634826675776,1.0048519215505647,0.048401889144467615
1217,121.7,2,0.3,-4.261289692097835,1.0011243070215095,0.011236754617041739
1218,121.8,0,0.1,-4.334606385526923,1.0016789589350608,0.016775510591316833
1218,121.8,1,0.2,-4.115928328489579,1.0047175911449542,0.04706498186197107
1218,121.8,2,0.3,-4.260215663884726,1.0010746051879538,0.010740282131083745
1219,121.9,0,0.1,-4.332531832091355,1.0020767068103862,0.020745534355677726
1219,121.9,1,0.2,-4.111357972695755,1.0045808157991094,0.045703557938235315
1219,121.9,2,0.3,-4.259181650264805,1.0010345483963103,0.0103401361992086
1220,122.0,0,0.1,-4.330071089375097,1.0024637728285488,0.024607427162585415
1220,122.0,1,0.2,-4.1069262162468245,1.0044415912045888,0.04431756448930709
1220,122.0,2,0.3,-4.258177773435553,1.0010043808822513,0.010038768292526827
1221,122.10000000000001,0,0.1,-4.327236629571722,1.0028384806826727,0.028344598033746917
1221,122.10000000000001,1,0.2,-4.102635539247277,1.0042998951334003,0.042906769995468504
1221,122.10000000000001,2,0.3,-4.2571941798000585,1.0009840775223504,0.009835936354941894
1222,122.2,0,0.1,-4.324042348208638,1.0031993885162436,0.031942813630838215
1222,122.2,1,0.2,-4.098488421708982,1.0041557287299931,0.041471175382954556
1222,122.2,2,0.3,-4.256221171472996,1.0009734818532339,0.00973008327062763
1223,122.3,0,0.1,-4.3205033426612705,1.003545275221455,0.035390055473680584
1223,122.3,1,0.2,-4.094487277603213,1.004009159369356,0.04001144105769022
1223,122.3,2,0.3,-4.255249264019111,1.0009723799089831,0.009719074538852564
1224,122.4,0,0.1,-4.31663571778332,1.0038751137907052,0.03867624877950452
1224,122.4,1,0.2,-4.090634349244507,1.003860360429188,0.03852928358706214
1224,122.4,2,0.3,-4.254269253910265,1.0009804904756612,0.009800101088454357
1225,122.5,0,0.1,-4.3124564272898205,1.0041880359069772,0.041792904934994254
1225,122.5,1,0.2,-4.086931570477854,1.0037096425209895,0.03702778766652803
1225,122.5,2,0.3,-4.253272367552425,1.0009973834142012,0.009968863578402888
1226,122.60000000000001,0,0.1,-4.307983155122738,1.0044832921842064,0.044732721670822165
1226,122.60000000000001,1,0.2,-4.0833804128195705,1.003557470489048,0.03551157658283319
1226,122.60000000000001,2,0.3,-4.252250525706536,1.0010223641041414,0.010218418458886287
1227,122.7,0,0.1,-4.303234236718401,1.0047602123883346,0.04748918404337047
1227,122.7,1,0.2,-4.0799817336418505,1.003404461236395,0.03398679177720269
1227,122.7,2,0.3,-4.251196705367183,1.0010543758031096,0.010538203393535882
1228,122.8,0,0.1,-4.298228616214074,1.005018169552497,0.0500562050432702
1228,122.8,1,0.2,-4.076735648453184,1.0032513594285255,0.03246085188666832
1228,122.8,2,0.3,-4.250105332468527,1.0010919686627715,0.010913728986557469
1229,122.9,0,0.1,-4.292985832521264,1.0052565511326226,0.05242783692809724
1229,122.9,1,0.2,-4.073641449132746,1.0030989912963226,0.03094199320437155
1229,122.9,2,0.3,-4.248972609007473,1.0011333652345678,0.011327234610537673
1230,123.0,0,0.1,-4.287526025151118,1.0054747392811558,0.05459807370146263
1230,123.0,1,0.2,-4.0706975858998184,1.0029482006535084,0.02943863232928113
1230,123.0,2,0.3,-4.247796677429673,1.001176623256433,0.011759315777997827
1231,123.10000000000001,0,0.1,-4.281869949870277,1.0056721010747511,0.056560752808407395
1231,123.10000000000001,1,0.2,-4.067901722911059,1.002799775058706,0.02795862988759207
1231,123.10000000000001,2,0.3,-4.246577554763769,1.0012198660980218,0.012191226659038561
1232,123.2,0,0.1,-4.276038994671277,1.0058479883086064,0.058309551990006744
1232,123.2,1,0.2,-4.06525086672578,1.0026543728112063,0.026508561852793107
1232,123.2,2,0.3,-4.245316821200835,1.0012615286215767,0.012607335629342848
1233,123.3,0,0.1,-4.270055187927774,1.0060017454778654,0.0598380674350308
1233,123.3,1,0.2,-4.062741555398027,1.0025124622844483,0.02509311327752926
1233,123.3,2,0.3,-4.244017107993338,1.0013005582007515,0.012997132074970736
1234,123.4,0,0.1,-4.263941192565471,1.0061327239813895,0.061139953623023165
1234,123.4,1,0.2,-4.060370086099517,1.0023742834559501,0.023714692985101957
1234,123.4,2,0.3,-4.242681480657973,1.001336519682792,0.013356273353649611
1235,123.5,0,0.1,-4.257720282121775,1.0062403004941405,0.0622091044369668
1235,123.5,1,0.2,-4.058132753333524,1.002239837462544,0.022373327659927108
1235,123.5,2,0.3,-4.241312841037759,1.001369576634849,0.013686396202140183
1236,123.60000000000001,0,0.1,-4.25141629622574,1.0063238978346603,0.06303985896034443
1236,123.60000000000001,1,0.2,-4.056026069611413,1.0021089043393692,0.021066837221111336
1236,123.60000000000001,2,0.3,-4.239913467984496,1.001400352632613,0.013993730532629783
1237,123.7,0,0.1,-4.245053573980762,1.0063830073621953,0.06362722244978165
1237,123.7,1,0.2,-4.054046946278517,1.001981083090133,0.019791233328955174
1237,123.7,2,0.3,-4.238484782102966,1.0014297069394027,0.01428685881530082
1238,123.8,0,0.1,-4.238656863875192,1.0064172127488331,0.06396710105570777
1238,123.8,1,0.2,-4.052192822783378,1.0018558434449425,0.018541234951393537
1238,123.8,2,0.3,-4.237027364169499,1.001458480483113,0.014574179334668477
1239,123.9,0,0.1,-4.232251208334032,1.0064262156294526,0.06405655541159469
1239,123.9,1,0.2,-4.050461745467882,1.001732576494772,0.01731077315495563
1239,123.9,2,0.3,-4.235541194011429,1.0014872750562274,0.014861701580704944
1240,124.0,0,0.1,-4.225861800235934,1.006409863909656,0.06389408098098323
1240,124.0,1,0.2,-4.048852408474205,1.0016106326714247,0.01609336993677693
1240,124.0,2,0.3,-4.2340260228317845,1.001516319631456,0.015151711796442563
1241,124.10000000000001,0,0.1,-4.219513808171994,1.006368183267484,0.06347992063938782
1241,124.10000000000001,1,0.2,-4.04736417623833,1.0014893402030385,0.014882322358750042
1241,124.10000000000001,2,0.3,-4.232481760554077,1.001545455264714,0.015442622777069663
1242,124.2,0,0.1,-4.2132321674534285,1.0063014115998021,0.06281640718566096
1242,124.2,1,0.2,-4.045997106921742,1.0013680041818056,0.013670693165873327
1242,124.2,2,0.3,-4.230908758181319,1.001574240189936,0.015730023727585703
1243,124.3,0,0.1,-4.207041335304647,1.0062100349567962,0.06190832148781485
1243,124.3,1,0.2,-4.044751988485911,1.0012458939176132,0.012451184358318199
1243,124.3,2,0.3,-4.229307893272491,1.0016021469771046,0.01600864908828028
1244,124.4,0,0.1,-4.200965011489726,1.0060948221187216,0.060763238149212175
1244,124.4,1,0.2,-4.043630385556011,1.001122232161693,0.011216029298991724
1244,124.4,2,0.3,-4.2276804170312525,1.001628801299432,0.016274762412383514
1245,124.5,0,0.1,-4.195025829676373,1.0059568537218952,0.0593918181335285
1245,124.5,1,0.2,-4.042634679289998,1.000996202146067,0.009957062660133641
1245,124.5,2,0.3,-4.22602758157813,1.0016542021385049,0.016528354531227637
1246,124.60000000000001,0,0.1,-4.18924502966101,1.0057975410831472,0.05780800015362471
1246,124.60000000000001,1,0.2,-4.041768068828113,1.0008669860772275,0.008666104618847797
1246,124.60000000000001,2,0.3,-4.224350121188969,1.0016788681128623,0.01677460389160358
1247,124.7,0,0.1,-4.183642125381927,1.0056186299032681,0.056029042790835946
1247,124.7,1,0.2,-4.041034496138391,1.000733841819973,0.007335726897226697
1247,124.7,2,0.3,-4.222647698659457,1.0017038724734362,0.017024225295126785
1248,124.8,0,0.1,-4.1782345874733196,1.0054221850314464,0.05407537908607681
1248,124.8,1,0.2,-4.040438459431858,1.000596214371707,0.005960367065327771
1248,124.8,2,0.3,-4.220918439064837,1.0017307556262105,0.01729259594619768
1249,124.9,0,0.1,-4.173037560990613,1.0052105544497523,0.05197026482706147
1249,124.9,1,0.2,-4.039984694647848,1.0004538677508228,0.00453764784009675
1249,124.9,2,0.3,-4.2191586558746685,1.0017613325173003,0.017597831901684124
1250,125.0,0,0.1,-4.168063638092067,1.0049863133876409,0.04973922898545984
1250,125.0,1,0.2,-4.03967772780584,1.0003070139611507,0.0030696684200838898
1250,125.0,2,0.3,-4.217362833054138,1.0017974362760143,0.017958228205304703
1251,125.10000000000001,0,0.1,-4.163322701514734,1.0047521925981453,0.047409365773325836
1251,125.10000000000001,1,0.2,-4.039521328705215,1.000156411331602,0.0015639910062502425
1251,125.10000000000001,2,0.3,-4.215523871264006,1.0018406537173359,0.01838961790132053
1252,125.2,0,0.1,-4.158821847807006,1.004510997763038,0.045008537077289364
1252,125.2,1,0.2,-4.039517922342312,1.0000034063687049,3.4063629028582005e-05
1252,125.2,2,0.3,-4.213633549624916,1.0018921094233577,0.018903216390900833
1253,125.3,0,0.1,-4.154565390266566,1.004265529122204,0.042564575404402595
1253,125.3,1,0.2,-4.039668032167753,0.9998499014404753,-0.0015010982544084472
1253,125.3,2,0.3,-4.21168311020989,1.0019523427592334,0.019504394150261506
1254,125.4,0,0.1,-4.1505549317398085,1.0040185111768958,0.04010458526756735
1254,125.4,1,0.2,-4.039969834005615,0.9996982436997316,-0.0030180183786218877
1254,125.4,2,0.3,-4.209663851356304,1.0020212989296615,0.020192588535861644
1255,125.5,0,0.1,-4.146789488607674,1.003772541319602,0.0376544313213433
1255,125.5,1,0.2,-4.04041888887796,0.9995510459377037,-0.004490548723455034
1255,125.5,2,0.3,-4.207567623705364,1.0020984262721238,0.020962276509398716
1256,125.60000000000001,0,0.1,-4.143265641233028,1.0035300634241318,0.035238473746460934
1256,125.60000000000001,1,0.2,-4.041008098273254,0.9994109641544745,-0.005892093952936714
1256,125.60000000000001,2,0.3,-4.205387158292515,1.0021828443563108,0.021804654128485895
1257,125.7,0,0.1,-4.139977684394877,1.0032933680972729,0.032879568381513825
1257,125.7,1,0.2,-4.041727890976341,0.999280466285537,-0.007197927030873484
1257,125.7,2,0.3,-4.203116210500987,1.0022735283465294,0.02270947791528273
1258,125.8,0,0.1,-4.1369177546209075,1.003064616137842,0.03059929773969468
1258,125.8,1,0.2,-4.042566613233801,0.9991616293717397,-0.00838722257460004
1258,125.8,2,0.3,-4.200749562977222,1.0023694502445968,0.023666475237648324
1259,125.9,0,0.1,-4.1340759197108605,1.0028458767507162,0.028418349100467276
1259,125.9,1,0.2,-4.043511061469925,0.9990559976147396,-0.009444482361233048
1259,125.9,2,0.3,-4.198282977855637,1.0024696296453441,0.024665851215848307
1260,126.0,0,0.1,-4.131440227882791,1.0026391683174225,0.026356918280693697
1260,126.0,1,0.2,-4.044547075880584,0.9989645220669884,-0.010360144106594282
1260,126.0,2,0.3,-4.195713208785323,1.002573073757006,0.02569769070314511
1261,126.10000000000001,0,0.1,-4.12899672765881,1.0024464880037045,0.024435002239806682
1261,126.10000000000001,1,0.2,-4.045660108455353,0.9988875866162391,-0.01113032574768707
1261,126.10000000000001,2,0.3,-4.193038167452542,1.0026786224483455,0.026750413327805086
1262,126.2,0,0.1,-4.126729482012159,1.0022698177915899,0.0226724564665139
1262,126.2,1,0.2,-4.04683569119483,0.9988251079872164,-0.011755827394771103
1262,126.2,2,0.3,-4.190257288278419,1.002784749405331,0.027808791741234434
1263,126.3,0,0.1,-4.124620608552284,1.0021110986974826,0.021088734598749916
1263,126.3,1,0.2,-4.048059756524076,0.998776683533136,-0.012240653292457522
1263,126.3,2,0.3,-4.187372060133418,1.0028893944216475,0.028852281450008597
1264,126.4,0,0.1,-4.122650379363629,1.001972171365485,0.019702291886554688
1264,126.4,1,0.2,-4.049318795962576,0.9987417528191239,-0.012590394385004791
1264,126.4,2,0.3,-4.184386615457725,1.0029899055537792,0.029854446756931392
1265,126.5,0,0.1,-4.120797408473682,1.0018546887013606,0.018529708899467312
1265,126.5,1,0.2,-4.050599877060687,0.9987197391359796,-0.012810810981110539
1265,126.5,2,0.3,-4.181308209372392,1.0030831492432188,0.030784060853330047
1266,126.60000000000001,0,0.1,-4.119038942331035,1.0017600131508884,0.01758466142646703
1266,126.60000000000001,1,0.2,-4.051890564726236,0.9987101449135377,-0.012906876655484078
1266,126.60000000000001,2,0.3,-4.178147405767037,1.0031658042123281,0.03160803605354709
1267,126.7,0,0.1,-4.1173512512930035,1.001689115990065,0.016876910380317762
1267,126.7,1,0.2,-4.0531788057513145,0.9987125884011856,-0.012882410250788134
1267,126.7,2,0.3,-4.174917825796735,1.0032348006824174,0.03229579970302338
1268,126.8,0,0.1,-4.115710101433958,1.0016424972824827,0.01641149859045492
1268,126.8,1,0.2,-4.054452832529679,0.9987267844492062,-0.012740267783649286
1268,126.8,2,0.3,-4.171635403787603,1.0032878150553919,0.03282422009132278
1269,126.9,0,0.1,-4.1140912700881636,1.0016201423605995,0.016188313457944088
1269,126.9,1,0.2,-4.055701125519744,0.9987524858035419,-0.012482929900644636
1269,126.9,2,0.3,-4.168317217417498,1.0033236976446234,0.03318186370104109
1270,127.0,0,0.1,-4.112471059225287,1.0016215241136486,0.016202108628765397
1270,127.0,1,0.2,-4.056912449228729,0.9987894096474377,-0.012113237089855367
1270,127.0,2,0.3,-4.164980082203704,1.003342709648668,0.03337135213794274
1271,127.10000000000001,0,0.1,-4.110826760547297,1.0016456512783196,0.01644298677990401
1271,127.10000000000001,1,0.2,-4.0580759505580835,0.9988371752758815,-0.01163501329353956
1271,127.10000000000001,2,0.3,-4.161639189501687,1.003346479704166,0.03340892702016588
1272,127.2,0,0.1,-4.109137035606168,1.0016911533307316,0.01689724941128386
1272,127.2,1,0.2,-4.059181288416041,0.9988952728029163,-0.011053378579575852
1272,127.2,2,0.3,-4.158307092756084,1.0033376543510764,0.03332096745603164
1273,127.3,0,0.1,-4.107382191470838,1.0017563847753632,0.017548441353306576
1273,127.3,1,0.2,-4.060218754789193,0.9989630716090234,-0.010374663731518886
1273,127.3,2,0.3,-4.154993293766289,1.0033192956916461,0.03313798989795746
1274,127.4,0,0.1,-4.105544353672576,1.0018395276572183,0.018378377982618085
1274,127.4,1,0.2,-4.06117935189053,0.9990398641243627,-0.00960597101337253
1274,127.4,2,0.3,-4.1517045547472415,1.0032941528544852,0.032887390190469684
1275,127.5,0,0.1,-4.103607558275328,1.0019386721969166,0.019367953972474473
1275,127.5,1,0.2,-4.062054805733674,0.9991249292547688,-0.008754538431441859
1275,127.5,2,0.3,-4.148445889348524,1.0032639806207493,0.03258665398717405
1276,127.60000000000001,0,0.1,-4.1015577989153655,1.002051861552764,0.020497593599627023
1276,127.60000000000001,1,0.2,-4.062837518513655,0.9992175934597628,-0.007827127799808096
1276,127.60000000000001,2,0.3,-4.145222008605665,1.0032290830354031,0.032238807428590116
1277,127.7,0,0.1,-4.099383068828687,1.0021770965272987,0.021747300866784683
1277,127.7,1,0.2,-4.06352048376596,0.9993172679153783,-0.006829652523050844
1277,127.7,2,0.3,-4.142038863814204,1.0031882163766122,0.03183144791461604
1278,127.8,0,0.1,-4.097073430905144,1.0023123071918305,0.023096379235429045
1278,127.8,1,0.2,-4.064097202872827,0.9994234471636316,-0.0057671910686710685
1278,127.8,2,0.3,-4.138904878236817,1.0031389016444727,0.03133985577387045
1279,127.9,0,0.1,-4.094621132189237,1.002455308059837,0.024522987159068105
1279,127.9,1,0.2,-4.0645616445598804,0.999535666149292,-0.004644416870531346
1279,127.9,2,0.3,-4.1358315145568705,1.0030780913040966,0.030733636799459996
1280,128.0,0,0.1,-4.0920207570821905,1.0026037590149035,0.026003751070470628
1280,128.0,1,0.2,-4.064908279336386,0.9996534252943878,-0.0034663477650555856
1280,128.0,2,0.3,-4.132832978505269,1.0030030361576132,0.029985360516013342
1281,128.1,0,0.1,-4.089269391497202,1.0027551540649808,0.027513655849890527
1281,128.1,1,0.2,-4.065132200764265,0.9997761036406525,-0.00223921427878983
1281,128.1,2,0.3,-4.12992507608322,1.002912134471432,0.029079024220496894
1282,128.2,0,0.1,-4.086366754269695,1.002906853957837,0.029026372275071086
1282,128.2,1,0.2,-4.065229320341034,0.9999028851391839,-0.0009711957676917235
1282,128.2,2,0.3,-4.1271234668735275,1.002805537384321,0.02801609209692461
1283,128.3,0,0.1,-4.083315246758482,1.0030561680996595,0.030515075112120538
1283,128.3,1,0.2,-4.06519659948397,1.0000327213923967,0.0003272085706384298
1283,128.3,2,0.3,-4.124441728261354,1.0026853376897078,0.026817386121725247
1284,128.4,0,0.1,-4.080119878735116,1.003200478653767,0.03195368023366467
1284,128.4,1,0.2,-4.065032267058046,1.0001643459292369,0.0016433242592396138
1284,128.4,2,0.3,-4.121889716021686,1.002555271394782,0.025520122396686447
1285,128.5,0,0.1,-4.07678804712814,1.0033373883275425,0.033318316069756666
1285,128.5,1,0.2,-4.064735968411444,1.0002963425473819,0.002962986466022057
1285,128.5,2,0.3,-4.11947265270124,1.0024199867729093,0.024170633204462486
1286,128.6,0,0.1,-4.0733291698454135,1.0034648661016272,0.03458877282726843
1286,128.6,1,0.2,-4.064308802981224,1.000427256678365,0.004271654302199467
1286,128.6,2,0.3,-4.117191206346324,1.002284050833934,0.022814463549158025
1287,128.7,0,0.1,-4.069754203757624,1.0035813639007702,0.03574966087789936
1287,128.7,1,0.2,-4.063753229660318,1.000555727680349,0.005555733209066421
1287,128.7,2,0.3,-4.115042579008909,1.0021509372912458,0.021486273374150655
1288,128.8,0,0.1,-4.066075097681735,1.0036858822942405,0.036791060758876684
1288,128.8,1,0.2,-4.06307284687851,1.0006806142946756,0.006803827818078874
1288,128.8,2,0.3,-4.1130223685729215,1.002022252435949,0.020202104359871978
1289,128.9,0,0.1,-4.062304242832045,1.0037779734677852,0.037708548496901896
1289,128.9,1,0.2,-4.06227208096517,1.0008010866119599,0.008007659133398192
1289,128.9,2,0.3,-4.111126765762796,1.001897400600919,0.01895602810125682
1290,129.0,0,0.1,-4.058453982211313,1.0038576823963559,0.03850260620732234
1290,129.0,1,0.2,-4.061355835468099,1.0009166653782042,0.009162454970708632
1290,129.0,2,0.3,-4.109354555740288,1.0017737813147722,0.017722100225078148
1291,129.1,0,0.1,-4.054536227367939,1.003925439276845,0.039177548433742
1291,129.1,1,0.2,-4.060329161379773,1.0010272012985764,0.010266740883260767
1291,129.1,2,0.3,-4.107708437946648,1.0016474733892566,0.016461177936398612
1292,129.2,0,0.1,-4.050562209226776,1.0039819250218165,0.039740181411638306
1292,129.2,1,0.2,-4.059197002398412,1.0011328001152724,0.01132158981360718
1292,129.2,2,0.3,-4.106195349559737,1.0015142336827159,0.015130883869113071
1293,129.3,0,0.1,-4.046542364536153,1.0040279351033932,0.04019844690621862
1293,129.3,1,0.2,-4.057964052361269,1.0012337104325177,0.012329500371427965
1293,129.3,2,0.3,-4.104825731989461,1.001370555924767,0.013696175702758934
1294,129.4,0,0.1,-4.04248633656282,1.0040642647872775,0.04056027973333495
1294,129.4,1,0.2,-4.056634738287384,1.0013301980034688,0.013293140738853328
1294,129.4,2,0.3,-4.103611947152334,1.0012145217720718,0.012137848371268214
1295,129.5,0,0.1,-4.038403052779916,1.0040916317446278,0.0408328378290369
1295,129.5,1,0.2,-4.055213317754347,1.0014224312300213,0.014214205330374794
1295,129.5,2,0.3,-4.1025662577740185,1.0010462363020745,0.010456893783157879
1296,129.6,0,0.1,-4.034300836183399,1.0041106422043025,0.041022165965174495
1296,129.6,1,0.2,-4.053704059052676,1.0015103982057814,0.015092587016703766
1296,129.6,2,0.3,-4.101698878164271,1.0008677558922263,0.008673796097476365
1297,129.7,0,0.1,-4.030187510759933,1.0041217967576213,0.041133254234664414
1297,129.7,1,0.2,-4.052111460598671,1.0015938673124276,0.01592598454005147
1297,129.7,2,0.3,-4.101016556784676,1.0006825542137803,0.006823213795952686
1298,129.8,0,0.1,-4.026070473354902,1.0041255240461375,0.04117037405030063
1298,129.8,1,0.2,-4.050440463977017,1.0016723935144687,0.01670996621653995
1298,129.8,2,0.3,-4.100521986333896,1.00049469277091,0.004945704507796064
1299,129.9,0,0.1,-4.021956719955149,1.0041222264980314,0.041137533997528515
1299,129.9,1,0.2,-4.048696621791428,1.001745363562592,0.017438421855891943
1299,129.9,2,0.3,-4.100214100599537,1.0003079331360367,0.003078857343590433
1300,130.0,0,0.1,-4.017852829873042,1.004112322570399,0.04103890082107553
1300,130.0,1,0.2,-4.046886194345633,1.0018120672590018,0.01810427445795174
1300,130.0,2,0.3,-4.100089077423676,1.0001250309915843,0.0012502317586094592
1301,130.1,0,0.1,-4.013764922777795,1.0040962739845938,0.04087907095247322
1301,130.1,1,0.2,-4.045016164216469,1.0018717797259347,0.01870030129163531
1301,130.1,2,0.3,-4.100141690094582,0.9999473887131157,-0.0005261267090617438
1302,130.2,0,0.1,-4.009698608755459,1.0040745926946242,0.04066314022336268
1302,130.2,1,0.2,-4.043094171339469,1.0019238410892042,0.01921992877000565
1302,130.2,2,0.3,-4.100366582282018,0.9997751330989159,-0.0022489218743616704
1303,130.3,0,0.1,-4.005658950298715,1.004047828875163,0.04039658456743003
1303,130.3,1,0.2,-4.041128380741849,1.0019677240306566,0.01965790597619141
1303,130.3,2,0.3,-4.100759099146348,0.9996075601603363,-0.003925168643296391
1304,130.4,0,0.1,-4.001650448815153,1.0040165462712232,0.04008501483562249
1304,130.4,1,0.2,-4.0391272995944885,1.002003084646405,0.020010811473608642
1304,130.4,2,0.3,-4.101315468308255,0.9994437855827155,-0.0055636916190685394
1305,130.5,0,0.1,-3.997677059543766,1.0039812936481256,0.03973389271387133
1305,130.5,1,0.2,-4.0370995604861895,1.0020297963615339,0.020277391082991245
1305,130.5,2,0.3,-4.10203233821453,0.9992833869835672,-0.007168699062747716
1306,130.6,0,0.1,-3.9937422306179156,1.0039425805289308,0.0393482892585051
1306,130.6,1,0.2,-4.0350536855303805,1.0020479691859103,0.020458749558091068
1306,130.6,2,0.3,-4.102905883128874,0.999126836514941,-0.00873544914344265
1307,130.7,0,0.1,-3.989848956764458,1.0039008624891226,0.03893273853457612
1307,130.7,1,0.2,-4.032997843205296,1.0020579570178278,0.020558423250848282
1307,130.7,2,0.3,-4.103930814143183,0.9989755940480829,-0.010249310143093965
1308,130.8,0,0.1,-3.9859998369441354,1.0038565371957537,0.03849119820321891
1308,130.8,1,0.2,-4.03093960835474,1.0020603544698807,0.020582348505553166
1308,130.8,2,0.3,-4.105099658237368,0.9988318387380066,-0.01168844094184341
1309,130.9,0,0.1,-3.9821971278744233,1.0038099485414727,0.03802709069712357
1309,130.9,1,0.2,-4.0288857361845345,1.0020559828103988,0.0205387217020559
1309,130.9,2,0.3,-4.106402579957379,0.9986979267139715,-0.013029217200114148
1310,131.0,0,0.1,-3.978442790407864,1.0037613938193457,0.037543374665596124
1310,131.0,1,0.2,-4.026841962873664,1.0020458632390816,0.020437733108710273
1310,131.0,2,0.3,-4.107827853110403,0.9985757420663772,-0.01425273153024068
1311,131.1,0,0.1,-3.9747385311159515,1.003711128539569,0.037042592919125254
1311,131.1,1,0.2,-4.024812847192,1.0020311757300115,0.020291156816637554
1311,131.1,2,0.3,-4.1093628959098325,0.9984661347761485,-0.015350427994294853
1312,131.2,0,0.1,-3.97108584517313,1.0036593651299683,0.036526859428216284
1312,131.2,1,0.2,-4.022801667590757,1.0020132033794371,0.020111796012428663
1312,131.2,2,0.3,-4.110995621032123,0.9983686070482514,-0.016327251222901615
1313,131.3,0,0.1,-3.967486067462985,1.0036062646914878,0.03599777710144261
1313,131.3,1,0.2,-4.0208103863062306,1.0019932652017307,0.01991281284526183
1313,131.3,2,0.3,-4.112715768902334,0.9982813307362067,-0.017201478702114057
1314,131.4,0,0.1,-3.963940436508137,1.0035519241398543,0.03545630954848035
1314,131.4,1,0.2,-4.018839685739297,1.0019726436735128,0.01970700566933493
1314,131.4,2,0.3,-4.114515909248546,0.9982014789346315,-0.018001403462114453
1315,131.5,0,0.1,-3.960450171184595,1.0034963633921181,0.034902653235422174
1315,131.5,1,0.2,-4.016889073590069,1.0019525158306866,0.019506121492282036
1315,131.5,2,0.3,-4.116391902101941,0.998125765721335,-0.01875992853395232
1316,131.6,0,0.1,-3.957016554780458,1.0034395180176352,0.034336164041375024
1316,131.6,1,0.2,-4.01495704383894,1.0019338973231493,0.019320297511288265
1316,131.6,2,0.3,-4.118342767304922,0.9980510364976842,-0.019508652029812668
1317,131.7,0,0.1,-3.953641016551214,1.0033812417741181,0.033755382292441606
1317,131.7,1,0.2,-4.013041273109995,1.001917606990119,0.019157707289451077
1317,131.7,2,0.3,-4.120370069430365,0.9979747514635282,-0.02027302125443002
1318,131.8,0,0.1,-3.95032519888717,1.0033213210685152,0.03315817664043009
1318,131.8,1,0.2,-4.0111388284726655,1.0019042554332596,0.019024446373294816
1318,131.8,2,0.3,-4.122477034425143,0.9978952530978784,-0.021069649947773255
1319,131.9,0,0.1,-3.947070999126888,1.0032595004165608,0.03254199760282369
1319,131.9,1,0.2,-4.009246364644107,1.0018942556683823,0.018924638285585625
1319,131.9,2,0.3,-4.124667646161489,0.9978117859024582,-0.021906117363467283
1320,132.0,0,0.1,-3.9438805785736655,1.0031955153616285,0.03190420553222676
1320,132.0,1,0.2,-4.007360295720072,1.0018878486707608,0.018860689240353074
1320,132.0,2,0.3,-4.126945924215573,0.9977243152515646,-0.022782780540834453
1321,132.1,0,0.1,-3.940756336284249,1.0031291278208947,0.031242422894168342
1321,132.1,1,0.2,-4.0054769373094885,1.0018851330439498,0.018833584105833984
1321,132.1,2,0.3,-4.129315483918578,0.9976332454874611,-0.023695597030056983
1322,132.2,0,0.1,-3.9377008502292186,1.0030601588105141,0.03055486055030428
1322,132.2,1,0.2,-4.003592626403803,1.0018860873350872,0.01884310905685745
1322,132.2,2,0.3,-4.131779367405933,0.9975391493821743,-0.024638834873550744
1323,132.3,0,0.1,-3.9347167921539725,1.002988514808492,0.029840580752453646
1323,132.3,1,0.2,-4.00170383514562,1.0018905761479757,0.018887912581822132
1323,132.3,2,0.3,-4.134340051942618,0.9974425912193076,-0.025606845366844273
1324,132.4,0,0.1,-3.9318068241625683,1.0029142060581422,0.029099679914043598
1324,132.4,1,0.2,-3.999807298020693,1.001898336688927,0.01896537124927208
1324,132.4,2,0.3,-4.136999516758002,0.9973440684282949,-0.026594648153840786
1325,132.5,0,0.1,-3.928973484764054,1.002837357098194,0.028333393985146504
1325,132.5,1,0.2,-3.9979001683806006,1.00190894936846,0.019071296400926502
1325,132.5,2,0.3,-4.139759285833226,0.9972440355866491,-0.027597690752242846
1326,132.6,0,0.1,-3.926219070642631,1.002758211005262,0.02754414121423011
1326,132.6,1,0.2,-3.9959802100049946,1.0019218026758256,0.019199583756060994
1326,132.6,2,0.3,-4.142620441115949,0.9971429339211746,-0.028611552827230675
1327,132.7,0,0.1,-3.9235455189062636,1.0026771288629783,0.026735517363675597
1327,132.7,1,0.2,-3.9940460149680876,1.001936066798717,0.019341950369070594
1327,132.7,2,0.3,-4.1455836819315,0.9970411452491228,-0.02963240815551051
1328,132.8,0,0.1,-3.9209542941120064,1.0025945849188769,0.025912247942566295
1328,132.8,1,0.2,-3.992097224159261,1.001950690935751,0.019487908088260408
1328,132.8,2,0.3,-4.148649553200583,0.9969388237149385,-0.03065871269082279
1329,132.9,0,0.1,-3.9184462854991158,1.0025111562974152,0.025080086128907202
1329,132.9,1,0.2,-3.9901347156918283,1.0019644354475408,0.01962508467432956
1329,132.9,2,0.3,-4.151818951410709,0.9968356190304372,-0.031693982101261425
1330,133.0,0,0.1,-3.9160217223126126,1.002427504816735,0.024245631865033302
1330,133.0,1,0.2,-3.9881607227306466,1.001975942567913,0.019739929611818374
1330,133.0,2,0.3,-4.155093940125581,0.9967303682111162,-0.032749887148721596
1331,133.1,0,0.1,-3.9136801178082474,1.0023443482013257,0.02341604504365291
1331,133.1,1,0.2,-3.986178847888933,1.001983840053711,0.019818748417136395
1331,133.1,2,0.3,-4.158478788424203,0.9966208738423665,-0.033848482986222596
1332,133.2,0,0.1,-3.9114202539541694,1.002262419271,0.022598638540781875
1332,133.2,1,0.2,-3.9841939558508925,1.001986863240234,0.019848920380406438
1332,133.2,2,0.3,-4.1619810266585615,0.9965038874486795,-0.03502238234358778
1333,133.3,0,0.1,-3.90924021748967,1.0021824144717262,0.02180036464498995
1333,133.3,1,0.2,-3.9822119464498615,1.0019839748799821,0.019820094010305423
1333,133.3,2,0.3,-4.165612239391703,0.9963753721470371,-0.03631212733140883
1334,133.4,0,0.1,-3.9071374929898752,1.0021049367752857,0.0210272449979477
1334,133.4,1,0.2,-3.98023943248271,1.001974460652571,0.0197251396715148
1334,133.4,2,0.3,-4.16938831868546,0.9962310411284143,-0.03776079293756888
1335,133.5,0,0.1,-3.905109110094643,1.0020304414554309,0.02028382895232221
1335,133.5,1,0.2,-3.9782833648355846,1.0019579819954403,0.019560676471256366
1335,133.5,2,0.3,-4.1733289908840305,0.9960670820611087,-0.039406721985708625
1336,133.6,0,0.1,-3.9031518314665763,1.0019591953481952,0.01957278628066939
1336,133.6,1,0.2,-3.9763506574952983,1.0019345762229253,0.01932707340286498
1336,133.6,2,0.3,-4.1774565864470565,0.995880911251286,-0.04127595563026233
1337,133.7,0,0.1,-3.9012623576986463,1.0018912599482932,0.018894737679301353
1337,133.7,1,0.2,-3.9744478640839,1.0019046048715439,0.019027934113983153
1337,133.7,2,0.3,-4.1817942016528615,0.9956717786597985,-0.043376152058052474
1338,133.8,0,0.1,-3.8994375180635226,1.0018265056682307,0.018248396351232835
1338,133.8,1,0.2,-3.972580945673724,1.0018686621873456,0.018669184101756303
1338,133.8,2,0.3,-4.186363550426865,0.9954410748177206,-0.04569348774002462
1339,133.9,0,0.1,-3.8976744141084834,1.0017646591366651,0.017631039550393027
1339,133.9,1,0.2,-3.9707551495134714,1.0018274639409166,0.018257961602526834
1339,133.9,2,0.3,-4.191182879851076,0.9951922649107205,-0.048193294242112016
1340,134.0,0,0.1,-3.895970487986069,1.0017053786294006,0.0170392612241442
1340,134.0,1,0.2,-3.968974994703762,1.0017817402259053,0.017801548097097122
1340,134.0,2,0.3,-4.196265302598671,0.994930470909976,-0.0508242274759525
1341,134.1,0,0.1,-3.894323498805895,1.0016483462117571,0.016469891801743457
1341,134.1,1,0.2,-3.9672443395064234,1.001732153645352,0.017306551973384918
1341,134.1,2,0.3,-4.2016177913581245,0.9946618102853061,-0.053524887594539036
1342,134.2,0,0.1,-3.892731406231012,1.0015933606271292,0.01592092574882999
1342,134.2,1,0.2,-3.9655664910606765,1.0016792568210204,0.016778484457470166
1342,134.2,2,0.3,-4.207240917915465,0.9943926536269531,-0.05623126557340861
1343,134.3,0,0.1,-3.8911921777283665,1.0015404137228674,0.01539228502645079
1343,134.3,1,0.2,-3.96394431518828,1.0016234923114127,0.016221758723960675
1343,134.3,2,0.3,-4.213129251191992,0.9941289689807175,-0.05888333276525597
1344,134.4,0,0.1,-3.889703550465792,1.001489735818145,0.01488627262574567
1344,134.4,1,0.2,-3.9623803123443193,1.0015652265342772,0.015640028439608322
1344,134.4,2,0.3,-4.219272201726088,0.993875878810895,-0.06142950534096763
1345,134.5,0,0.1,-3.888262787393988,1.0014418014695536,0.014407630718041561
1345,134.5,1,0.2,-3.960876643290146,1.0015048001313367,0.015036690541735143
1345,134.5,2,0.3,-4.225655047187231,0.9936374816257356,-0.06382845461142679
1346,134.6,0,0.1,-3.886866467458946,1.001397295243617,0.013963199350418249
1346,134.6,1,0.2,-3.9594351099618024,1.0014425728369472,0.014415333283435958
1346,134.6,2,0.3,-4.2322599022523,0.9934169090475143,-0.06604855065070069
1347,134.7,0,0.1,-3.88551034198399,1.0013570454289187,0.013561254749561928
1347,134.7,1,0.2,-3.9580571172317094,1.0013789425983288,0.01377992730093059
1347,134.7,2,0.3,-4.239066488132915,0.9932165264566272,-0.06806585880614723
1348,134.8,0,0.1,-3.884189274900588,1.0013219400769064,0.013210670834015496
1348,134.8,1,0.2,-3.9567436540209244,1.0013143261813735,0.01313463210784661
1348,134.8,2,0.3,-4.246052674531171,0.9930381602721544,-0.06986186398254733
1349,134.9,0,0.1,-3.88289726716047,1.0012928427416892,0.012920077401182463
1349,134.9,1,0.2,-3.955495333502952,1.001249099994342,0.012483205179725941
1349,134.9,2,0.3,-4.253194866162817,0.9928832532056675,-0.07142191631646051
1350,135.0,0,0.1,-3.8816275495451227,1.0012705240480364,0.012697176153474043
1350,135.0,1,0.2,-3.954312520838371,1.001183512463364,0.011828126645810462
1350,135.0,2,0.3,-4.260468352917185,0.992752901034578,-0.07273486754368422
1351,135.1,0,0.1,-3.8803727170956757,1.0012556200810994,0.0125483244944709
1351,135.1,1,0.2,-3.9531955552012654,1.0011175896755442,0.011169656371055683
1351,135.1,2,0.3,-4.267847724287432,0.9926477893399421,-0.07379371370248108
1352,135.2,0,0.1,-3.8791248750751275,1.001248620899341,0.012478420205482442
1352,135.2,1,0.2,-3.9521450459162777,1.0010510612631358,0.010505092849877926
1352,135.2,2,0.3,-4.275307377651239,0.9925681007953328,-0.0745965336380692
1353,135.3,0,0.1,-3.8778757712891285,1.0012498842410555,0.012491037859986778
1353,135.3,1,0.2,-3.95116219716313,1.0009833319072596,0.00982848753147579
1353,135.3,2,0.3,-4.28282205961242,0.9925134826677406,-0.07514681961179616
1354,135.4,0,0.1,-3.8766169010980365,1.0012596629007757,0.012588701910921258
1354,135.4,1,0.2,-3.9502490988292336,1.0009135153350914,0.009130983338963524
1354,135.4,2,0.3,-4.29036731087587,0.9924831426868217,-0.07545251263449944
1355,135.5,0,0.1,-3.87533958615815,1.0012781310540557,0.012773149398866595
1355,135.5,1,0.2,-3.949408917895218,1.0008405339848852,0.008401809340155475
1355,135.5,2,0.3,-4.297919670534265,0.9924760877497415,-0.07552359658395498
1356,135.6,0,0.1,-3.8740350415750893,1.0013053958714864,0.013045445830606925
1356,135.6,1,0.2,-3.948645937275626,1.0007632717633461,0.007629806195921674
1356,135.6,2,0.3,-4.305456546007606,0.9924914555521248,-0.07536875473341349
1357,135.7,0,0.1,-3.872694454756049,1.0013414858072291,0.013405868190404442
1357,135.7,1,0.2,-3.94796541551595,1.0006807533671438,0.0068052175967596145
1357,135.7,2,0.3,-4.312955754120212,0.992528840789904,-0.0749920811260683
1358,135.8,0,0.1,-3.8713091001913367,1.001386314611631,0.013853545647119117
1358,135.8,1,0.2,-3.947373275780429,1.0005923150848628,0.005921397355209454
1358,135.8,2,0.3,-4.3203948492934305,0.9925885064092709,-0.07439095173216699
1359,135.9,0,0.1,-3.869870507152733,1.0014396283099543,0.01438593038603912
1359,135.9,1,0.2,-3.946875668351047,1.0004977312564973,0.004976074293821247
1359,135.9,2,0.3,-4.327750431672707,0.9926714037101197,-0.07355582379277222
1360,136.0,0,0.1,-3.8683706836053,1.0015009488452822,0.014998235474329177
1360,136.0,1,0.2,-3.9464784790218825,1.0003972682192903,0.003971893291643495
1360,136.0,2,0.3,-4.334997637003657,0.9927789923367765,-0.07247205330950436
1361,136.1,0,0.1,-3.866802383056062,1.0015695309756867,0.015683005492382666
1361,136.1,1,0.2,-3.9461868694052837,1.0002916521388163,0.002916096165988146
1361,136.1,2,0.3,-4.342109942437944,0.9929129271539455,-0.07112305434287385
1362,136.2,0,0.1,-3.865159386064288,1.00164434745083,0.016429969917740418
1362,136.2,1,0.2,-3.946004930544576,1.0001819554125861,0.0018193886070784128
1362,136.2,2,0.3,-4.349059300212111,0.9930747331747267,-0.06949357774166783
1363,136.3,0,0.1,-3.8634367588750993,1.001724111763739,0.01722627189188194
1363,136.3,1,0.2,-3.94593550878846,1.0000694241658614,0.0006942175611566823
1363,136.3,2,0.3,-4.355816480605015,0.9932655980157109,-0.0675718039290298
1364,136.4,0,0.1,-3.8616310508564498,1.0018073392910931,0.01805708018649646
1364,136.4,1,0.2,-3.9459802272113973,0.9999552825769167,-0.0004471842293707594
1364,136.4,2,0.3,-4.3623514206244165,0.9934863662641017,-0.0653494001940162
1365,136.5,0,0.1,-3.859740400701635,1.0018924385607246,0.01890650154814929
1365,136.5,1,0.2,-3.946139684717414,0.9998405552066558,-0.0015945750601665605
1365,136.5,2,0.3,-4.3686333758293685,0.9937377350230278,-0.06281955204952362
1366,136.6,0,0.1,-3.8577645369544786,1.0019778170522062,0.01975863747156416
1366,136.6,1,0.2,-3.9464137775347536,0.9997259447426646,-0.0027409281733971505
1366,136.6,2,0.3,-4.374630768671579,0.9940205556189915,-0.05997392842210466
1367,136.70000000000002,0,0.1,-3.8557046776957686,1.0020619822262142,0.020598592587095267
1367,136.70000000000002,1,0.2,-3.9468020626280675,0.9996117902795871,-0.0038828509331381208
1367,136.70000000000002,2,0.3,-4.380310788740914,0.9943360807459166,-0.05680020069334143
1368,136.8,0,0.1,-3.853563352651605,1.0021436193179392,0.021413250441636552
1368,136.8,1,0.2,-3.9473040754937387,0.9994981131217043,-0.0050201286567122605
1368,136.8,2,0.3,-4.38563896891543,0.9946859894002845,-0.053281801745160534
1369,136.9,0,0.1,-3.8513441842689775,1.0022216325592532,0.02219168382627716
1369,136.9,1,0.2,-3.9479195276266577,0.9993847372188975,-0.006154521329189494
1369,136.9,2,0.3,-4.390579067365182,0.9950720837678874,-0.04940098449752132
1370,137.0,0,0.1,-3.8490516695256765,1.0022951445644759,0.022925147433011855
1370,137.0,1,0.2,-3.9486483387906435,0.9992714543543623,-0.007288111639858623
1370,137.0,2,0.3,-4.395093575875391,0.9954956665657541,-0.045145085102096597
1371,137.1,0,0.1,-3.8466910005186064,1.0023634575800182,0.023606690070702385
1371,137.1,1,0.2,-3.949490499175045,0.9991581941331279,-0.008421603844013727
1371,137.1,2,0.3,-4.399145036152463,0.9959567358156651,-0.04051460277072269
1372,137.20000000000002,0,0.1,-3.8442679504938435,1.002425987982935,0.024230500247622896
1372,137.20000000000002,1,0.2,-3.950445797191009,0.9990451581359203,-0.009552980159639506
1372,137.20000000000002,2,0.3,-4.402698112097825,0.9964532287597323,-0.03553075945361331
1373,137.3,0,0.1,-3.8417888359577446,1.0024821900815584,0.024791145360990884
1373,137.3,1,0.2,-3.9515134804233263,0.9989328865386284,-0.010676832323173787
1373,137.3,2,0.3,-4.40572211210936,0.9969805676711163,-0.030240000115348605
1374,137.4,0,0.1,-3.8392605487261275,1.0025314860450516,0.02528287231617165
1374,137.4,1,0.2,-3.9526919325642362,0.9988222419611322,-0.011784521409100138
1374,137.4,2,0.3,-4.408193471762714,0.9975316916417803,-0.0247135965335424
1375,137.5,0,0.1,-3.836690637967101,1.002573215810304,0.025699107590268295
1375,137.5,1,0.2,-3.9539784444007586,0.9987143153650574,-0.012865118365224703
1375,137.5,2,0.3,-4.410097666959842,0.9980976166323382,-0.01904195197128475
1376,137.6,0,0.1,-3.8340874141670573,1.0026066151292778,0.026032238000436674
1376,137.6,1,0.2,-3.9553691333230807,0.9986102776374042,-0.0139068892232216
1376,137.6,2,0.3,-4.411430156905849,0.9986683974245399,-0.01332489946007063
1377,137.70000000000002,0,0.1,-3.831460045592823,1.0026308231318495,0.026273685742335816
1377,137.70000000000002,1,0.2,-3.956859029150425,0.9985112135164402,-0.014898958273438177
1377,137.70000000000002,2,0.3,-4.412196219866756,0.9992342303904107,-0.007660629609061366
1378,137.8,0,0.1,-3.8288186226329546,1.0026449145911098,0.02641422959868728
1378,137.8,1,0.2,-3.9584423033218634,0.9984179785458935,-0.015832741714386433
1378,137.8,2,0.3,-4.412409855274268,0.9997863874109066,-0.0021363540751197056
1379,137.9,0,0.1,-3.826174174424342,1.0026479478459664,0.026444482086126878
1379,137.9,1,0.2,-3.9601125837308513,0.9983311137330236,-0.016702804089879626
1379,137.9,2,0.3,-4.412092174970027,1.0003177307699722,0.0031768030424041555
1380,138.0,0,0.1,-3.823538632759263,1.0026390177581384,0.026355416650793273
1380,138.0,1,0.2,-3.9618632773930496,0.9982508379080506,-0.017506936621983656
1380,138.0,2,0.3,-4.41126980566716,1.0008227075412148,0.008223693028668788
1381,138.1,0,0.1,-3.8209247478401784,1.002617304094731,0.02613884919084579
1381,138.1,1,0.2,-3.9636878229116506,0.9981771179527268,-0.0182454551860111
1381,138.1,2,0.3,-4.409973739519514,1.0012969064043458,0.01296066147646509
1382,138.20000000000002,0,0.1,-3.8183459671289346,1.0025821086262618,0.02578780711243258
1382,138.20000000000002,1,0.2,-3.965579814651393,0.9981097969483903,-0.018919917397419855
1382,138.20000000000002,2,0.3,-4.408238832903357,1.001736412437334,0.01734906616156767
1383,138.3,0,0.1,-3.815816291516014,1.0025328779419893,0.025296756129208668
1383,138.3,1,0.2,-3.9675329758858764,0.998048744943694,-0.019531612344835247
1383,138.3,2,0.3,-4.406103853061591,1.0021372605340166,0.021349798417659265
1384,138.4,0,0.1,-3.8133501225878073,1.0024692124242087,0.024661689282067537
1384,138.4,1,0.2,-3.9695410001687907,0.9979939904490767,-0.0200802428291447
1384,138.4,2,0.3,-4.403611718444507,1.0024952425658313,0.024921346170840047
1385,138.5,0,0.1,-3.8109621119578154,1.0023908641983748,0.02388010629991968
1385,138.5,1,0.2,-3.971597318130574,0.9979457948115705,-0.020563179617832997
1385,138.5,2,0.3,-4.400809463749548,1.0028061846807297,0.028022546949594756
1386,138.6,0,0.1,-3.808667019831587,1.0022977278661986,0.02295092126228712
1386,138.6,1,0.2,-3.9736948709095055,0.9979046455475947,-0.020975527789316523
1386,138.6,2,0.3,-4.397747526022983,1.003066630246064,0.03061937726564775
1387,138.70000000000002,0,0.1,-3.8064795864132237,1.0021898275962262,0.021874334183626408
1387,138.70000000000002,1,0.2,-3.975825974864069,0.9978711652352232,-0.021311039545630222
1387,138.70000000000002,2,0.3,-4.394478169739701,1.0032747064574892,0.032693562832816554
1388,138.8,0,0.1,-3.8044144171497427,1.0020673031942477,0.0206516926348111
1388,138.8,1,0.2,-3.977982343482315,0.9978459546743044,-0.021563686182460965
1388,138.8,2,0.3,-4.3910531673127675,1.0034308744497291,0.03425002426933527
1389,138.9,0,0.1,-3.802485881253347,1.0019303967177755,0.01928535896395743
1389,138.9,1,0.2,-3.9801552954527653,0.9978294071805993,-0.021729519704504333
1389,138.9,2,0.3,-4.387521122482887,1.0035382898506202,0.035320448298803216
1390,139.0,0,0.1,-3.8007080220596134,1.0017794405223777,0.01777859193733734
1390,139.0,1,0.2,-3.9823361313443484,0.9978215404032598,-0.021808358915832566
1390,139.0,2,0.3,-4.3839249755625005,1.0036026208147553,0.03596146920387105
1391,139.1,0,0.1,-3.799094476993593,1.0016148475302946,0.01613545066020719
1391,139.1,1,0.2,-3.9845166166001484,0.9978218902752582,-0.021804852558001814
1391,139.1,2,0.3,-4.380300213447696,1.003631339509762,0.036247621148046534
1392,139.20000000000002,0,0.1,-3.797658403782805,1.0014371048577022,0.014360732107873208
1392,139.20000000000002,1,0.2,-3.986689476871301,0.9978294986808596,-0.02172860271151883
1392,139.20000000000002,2,0.3,-4.376674133062386,1.0036326625682268,0.03626080385308825
1393,139.3,0,0.1,-3.796412408018109,1.0012467723399217,0.012459957646960437
1393,139.3,1,0.2,-3.9888488015276984,0.9978430050079526,-0.021593246563976883
1393,139.3,2,0.3,-4.373066234478742,1.0036144148840997,0.03607898583644725
1394,139.4,0,0.1,-3.795368465625399,1.001044487490237,0.01043942392710277
1394,139.4,1,0.2,-3.9909902658351077,0.9978608269914104,-0.021414643074094793
1394,139.4,2,0.3,-4.369489537210585,1.0035831012826282,0.035766972681569954
1395,139.5,0,0.1,-3.7945378330193975,1.0008309776768,0.008306326060015162
1395,139.5,1,0.2,-3.993111119059633,0.9978813941955779,-0.021208532245254968
1395,139.5,2,0.3,-4.365952406147788,1.0035433940930834,0.0353713106279694
1396,139.6,0,0.1,-3.793930938475434,1.0006070787417185,0.006068945439637109
1396,139.6,1,0.2,-3.9952099363615954,0.9979033836749859,-0.02098817301962383
1396,139.6,2,0.3,-4.36246039967402,1.0034981106315601,0.034920064737688813
1397,139.70000000000002,0,0.1,-3.7935572511107685,1.0003737571944864,0.0037368736466527994
1397,139.70000000000002,1,0.2,-3.9972861848864536,0.9979259053881662,-0.02076248524857743
1397,139.70000000000002,2,0.3,-4.359017724013494,1.0034486084746752,0.03442675660524691
1398,139.8,0,0.1,-3.7934251287925678,1.0001321310467386,0.001321223182007078
1398,139.8,1,0.2,-3.9993396964098555,0.9979485954888815,-0.020535115234020573
1398,139.8,2,0.3,-4.3556280605582955,1.0033954148609756,0.03389663455198837
1399,139.9,0,0.1,-3.7935416525853327,0.9998834829958687,-0.001165237927649509
1399,139.9,1,0.2,-4.001370160192527,0.9979715962144291,-0.02030463782671914
1399,139.9,2,0.3,-4.35229475964471,1.0033388625388817,0.033333009135853804
1400,140.0,0,0.1,-3.7939124617283717,0.9996292595981743,-0.003708091430390181
1400,140.0,1,0.2,-4.003376745281916,0.9979954267566002,-0.020065850893883384
1400,140.0,2,0.3,-4.349020588866115,1.0032795367304885,0.032741707785952284
1401,140.1,0,0.1,-3.794541608005675,0.9993710515937171,-0.006291462773031855
1401,140.1,1,0.2,-4.005357932500443,0.9980207740374509,-0.01981187218527693
1401,140.1,2,0.3,-4.34580732757441,1.0032184293497273,0.03213261291705476
1402,140.20000000000002,0,0.1,-3.7954314502620057,0.9991105535358835,-0.008898422563306172
1402,140.20000000000002,1,0.2,-4.007311589785266,0.9980482498613986,-0.01953657284821997
1402,140.20000000000002,2,0.3,-4.342655488696615,1.0031568111445064,0.031518388777939714
1403,140.3,0,0.1,-3.7965826077927565,0.9988495047969072,-0.011511575307508558
1403,140.3,1,0.2,-4.009235271480257,0.9980781673947634,-0.01923681694991795
1403,140.3,2,0.3,-4.339564342296855,1.0030959289193453,0.03091146399760445
1404,140.4,0,0.1,-3.797993985302816,0.9985896180147695,-0.014113775100597883
1404,140.4,1,0.2,-4.011126675074183,0.9981103839826648,-0.018914035939260297
1404,140.4,2,0.3,-4.336532261616799,1.003036682086117,0.030320806800558434
1405,140.5,0,0.1,-3.7996628729595523,0.9983325041618986,-0.016688876567362124
1405,140.5,1,0.2,-4.012984158514208,0.9981442406147072,-0.01857483440025226
1405,140.5,2,0.3,-4.3335572721016895,1.0029794191880714,0.029749895151100516
1406,140.6,0,0.1,-3.801585114444809,0.9980796048376913,-0.019222414852567687
1406,140.6,1,0.2,-4.014807214130682,0.9981786051400463,-0.018230556164741046
1406,140.6,2,0.3,-4.330637606562147,1.0029239319140932,0.02919665539543092
1407,140.70000000000002,0,0.1,-3.8037553259908843,0.9978321416603757,-0.021702115460748357
1407,140.70000000000002,1,0.2,-4.01659681211876,0.998212002387583,-0.017895979880769113
1407,140.70000000000002,2,0.3,-4.327772076740167,1.0028696393769732,0.028655298219793103
1408,140.8,0,0.1,-3.806167142285162,0.9975910897978512,-0.02411816294278028
1408,140.8,1,0.2,-4.018355562267798,0.9982427955457087,-0.017587501490386903
1408,140.8,2,0.3,-4.324960151495796,1.0028158824143794,0.0281192524437051
1409,140.9,0,0.1,-3.8088134624261936,0.9973571782774541,-0.02646320141031539
1409,140.9,1,0.2,-4.0200876875404425,0.9982693739905737,-0.017321252726444233
1409,140.9,2,0.3,-4.322201746851017,1.0027622125433082,0.027584046447792124
1410,141.0,0,0.1,-3.8116866714524975,0.9971309146883738,-0.0287320902630411
1410,141.0,1,0.2,-4.021798845559425,0.9982903051771955,-0.017111580189822367
1410,141.0,2,0.3,-4.319496835789893,1.0027085726337135,0.027049110611240695
1411,141.1,0,0.1,-3.8147788198704533,0.996912627349235,-0.030921484179559738
1411,141.1,1,0.2,-4.023495863530861,0.9983044211493753,-0.01697017971436051
1411,141.1,2,0.3,-4.316845037953431,1.0026553169623276,0.02651797836462117
1412,141.20000000000002,0,0.1,-3.8180817535792597,0.9967025149762032,-0.033029337088056596
1412,141.20000000000002,1,0.2,-4.025186461885206,0.9983108299020698,-0.016905983543452116
1412,141.20000000000002,2,0.3,-4.3142453366039355,1.002603083503277,0.025997013494952398
1413,141.3,0,0.1,-3.8215871974429603,0.9965006930316985,-0.035054438637007516
1413,141.3,1,0.2,-4.026879030660083,0.998308862811852,-0.016925687748764313
1413,141.3,2,0.3,-4.311696005275087,1.0025525836371108,0.02549331328849081
1414,141.4,0,0.1,-3.8252868051278246,0.9963072274319649,-0.03699607684864536
1414,141.4,1,0.2,-4.028582494696365,0.9982979860350806,-0.01703464036282395
1414,141.4,2,0.3,-4.309194742217553,1.0025043938257228,0.025012630575337626
1415,141.5,0,0.1,-3.8291721937133163,0.9961221497704307,-0.03885388585491921
1415,141.5,1,0.2,-4.030306267667549,0.9982777118721442,-0.017237729711841877
1415,141.5,2,0.3,-4.30673894486152,1.0024588152963376,0.02455797356033213
1416,141.6,0,0.1,-3.833234982821591,0.9959454528538321,-0.040627891082747426
1416,141.6,1,0.2,-4.0320602612860705,0.9982475437293216,-0.01753993618521676
1416,141.6,2,0.3,-4.304326035270016,1.002415823000645,0.024129095915041126
1417,141.70000000000002,0,0.1,-3.8374668544823956,0.9957770700901774,-0.0423187166080378
1417,141.70000000000002,1,0.2,-4.03385489424476,0.9982069764321401,-0.017946329586889048
1417,141.70000000000002,2,0.3,-4.301953774612717,1.0023750766939625,0.023722606572981354
1418,141.8,0,0.1,-3.841859642594038,0.9956168460699191,-0.043927881116425926
1418,141.8,1,0.2,-4.035701041599331,0.9981555557272489,-0.018461473545708866
1418,141.8,2,0.3,-4.2996205600900685,1.002335938585849,0.02333214522648807
1419,141.9,0,0.1,-3.8464054513850923,0.9954645077594528,-0.04545808791054631
1419,141.9,1,0.2,-4.037609880393896,0.9980929818795637,-0.019088387945657124
1419,141.9,2,0.3,-4.297325747276091,1.002297447912204,0.022948128139780505
1420,142.0,0,0.1,-3.851096792824125,0.9953196457150042,-0.04691341439033092
1420,142.0,1,0.2,-4.039592617160086,0.9980192275578913,-0.0198273676619032
1420,142.0,2,0.3,-4.295070052061115,1.0022582412093957,0.022556952149753902
1421,142.1,0,0.1,-3.855926725460216,0.9951817127322181,-0.04829932636091269
1421,142.1,1,0.2,-4.04166011921702,0.9979346337532607,-0.02067502056933297
1421,142.1,2,0.3,-4.292856044444133,1.0022164603416293,0.022140076169822203
1422,142.20000000000002,0,0.1,-3.860888973185324,0.9950500438863898,-0.04962247725106765
1422,142.20000000000002,1,0.2,-4.043822504389773,0.9978399510977882,-0.021623851727529755
1422,142.20000000000002,2,0.3,-4.290688663058491,1.0021697318544915,0.02167381385641716
1423,142.3,0,0.1,-3.865978002597623,0.9949238977596644,-0.05089029412299451
1423,142.3,1,0.2,-4.046088763650714,0.9977363067657846,-0.0226625926094139
1423,142.3,2,0.3,-4.2885755902966425,1.002115306873433,0.02113072761848698
1424,142.4,0,0.1,-3.8711890418832464,0.9948025146260525,-0.05211039285623572
1424,142.4,1,0.2,-4.048466492370803,0.9976250958377231,-0.02377728720088925
1424,142.4,2,0.3,-4.286527279487509,1.0020504100307603,0.020483108091334856
1425,142.5,0,0.1,-3.8765180315733985,0.9946851841867487,-0.05328989690152356
1425,142.5,1,0.2,-4.050961787276775,0.9975078157544852,-0.024952949059723648
1425,142.5,2,0.3,-4.2845564546946555,1.0019727681444945,0.019708247928537103
1426,142.6,0,0.1,-3.8819615068490108,0.9945713135894836,-0.054434752756125956
1426,142.6,1,0.2,-4.053579331886947,0.997385878172641,-0.02617544610172089
1426,142.6,2,0.3,-4.28267701986237,1.0018812020768968,0.018794348322855828
1427,142.70000000000002,0,0.1,-3.8875164207414787,0.994460486113278,-0.0555491389246672
1427,142.70000000000002,1,0.2,-4.056322651295093,0.9972604400539544,-0.027433194081452485
1427,142.70000000000002,2,0.3,-4.280902490941029,1.001776104329518,0.017745289213402644
1428,142.8,0,0.1,-3.8931799261694167,0.994352501985314,-0.056635054279382424
1428,142.8,1,0.2,-4.05919447793667,0.9971322931078735,-0.02871826641577421
1428,142.8,2,0.3,-4.279244245844869,1.0016596207448423,0.01658245096160288
1429,142.9,0,0.1,-3.898949141057295,0.994247395074834,-0.057692148878788437
1429,142.9,1,0.2,-4.062197143222234,0.9970018382052256,-0.03002665285564092
1429,142.9,2,0.3,-4.277710004681054,1.0015354187139285,0.015342411638155957
1430,143.0,0,0.1,-3.9048209239350142,0.994145422347775,-0.0587178287771939
1430,143.0,1,0.2,-4.06533290260627,0.9968691519744669,-0.03135759384036164
1430,143.0,2,0.3,-4.276302952144762,1.0014080428991543,0.014070525362913333
1431,143.1,0,0.1,-3.910791686907413,0.9940470266094359,-0.05970762972398964
1431,143.1,1,0.2,-4.068604116086008,0.9967341311097245,-0.03271213479737875
1431,143.1,2,0.3,-4.275021776423378,1.001281996777601,0.012811757213847148
1432,143.20000000000002,0,0.1,-3.916857268559472,0.9939527768512418,-0.060655816520575695
1432,143.20000000000002,1,0.2,-4.07201323931726,0.996596681231434,-0.03409123231251534
1432,143.20000000000002,2,0.3,-4.273861652211864,1.0011607974159153,0.011601242115133052
1433,143.3,0,0.1,-3.9230128814609073,0.9938632940691046,-0.06155612901435864
1433,143.3,1,0.2,-4.075562624884988,0.9964569060552273,-0.035493855677277496
1433,143.3,2,0.3,-4.2728159095065275,1.0010462896848893,0.010457427053368091
1434,143.4,0,0.1,-3.929253138126995,0.9937791732985445,-0.062402566660878726
1434,143.4,1,0.2,-4.079254178358458,0.9963152519333034,-0.03691553473470709
1434,143.4,2,0.3,-4.2718778971220095,1.0009384524557214,0.009380123845180144
1435,143.5,0,0.1,-3.935572146756721,0.9937009143187885,-0.0631900862972659
1435,143.5,1,0.2,-4.083088948907916,0.9961725727934492,-0.03834770549457685
1435,143.5,2,0.3,-4.2710424552947215,1.0008357909060164,0.008354418272880557
1436,143.6,0,0.1,-3.9419636554936672,0.9936288735074709,-0.06391508736946525
1436,143.6,1,0.2,-4.087066751108222,0.996030098775222,-0.03977802200306306
1436,143.6,2,0.3,-4.270306501805388,1.0007362243695503,0.007359534893334603
1437,143.70000000000002,0,0.1,-3.948421213434776,0.993563247278447,-0.06457557941107114
1437,143.70000000000002,1,0.2,-4.091185909090518,0.9958893141123213,-0.04119157982294959
1437,143.70000000000002,2,0.3,-4.269668497934306,1.0006382074388427,0.00638003871082337
1438,143.8,0,0.1,-3.9549383103773073,0.9935040932758562,-0.06517096942531812
1438,143.8,1,0.2,-4.095443187670631,0.9957517707838986,-0.042572785801138414
1438,143.8,2,0.3,-4.269126920467154,1.0005417241467058,0.005415774671515858
1439,143.9,0,0.1,-3.961508457277017,0.9934513893242347,-0.06570146899710068
1439,143.9,1,0.2,-4.099833933635365,0.99561887926786,-0.04390745964733683
1439,143.9,2,0.3,-4.268678209915467,1.000448811237326,0.0044871055168729575
1440,144.0,0,0.1,-3.9681251767026966,0.9934051228609869,-0.06616719425680027
1440,144.0,1,0.2,-4.104352403568557,0.9954917229941525,-0.04518469933192194
1440,144.0,2,0.3,-4.268314876096298,1.0003633998328956,0.0036333381916888573
1441,144.1,0,0.1,-3.9747818870242377,0.9933653964945224,-0.06656710321541516
1441,144.1,1,0.2,-4.108992213163194,0.9953709376936842,-0.04639809594637875
1441,144.1,2,0.3,-4.268024440649671,1.0002904776270845,0.0029043544662689645
1442,144.20000000000002,0,0.1,-3.9814716838929636,0.9933325300071817,-0.06689796868724318
1442,144.20000000000002,1,0.2,-4.113746816267331,0.9952566821285174,-0.047546031041354755
1442,144.20000000000002,2,0.3,-4.26778966896143,1.0002347992492706,0.0023477168824109986
1443,144.3,0,0.1,-3.9881870444733356,0.9933071370653863,-0.06715360580372413
1443,144.3,1,0.2,-4.118609915818031,0.995148706172697,-0.04863099550700688
1443,144.3,2,0.3,-4.267590152725601,1.0001995361405165,0.0019951623582860093
1444,144.4,0,0.1,-3.9949194995189523,0.993290157156186,-0.06732455045617086
1444,144.4,1,0.2,-4.123575724354451,0.9950465007072461,-0.04965808536419763
1444,144.4,2,0.3,-4.267404868804896,1.0001853010868318,0.0018528392070572496
1445,144.5,0,0.1,-4.001659331182814,0.9932828300609154,-0.06739831663861767
1445,144.5,1,0.2,-4.128639024964902,0.9949494962887919,-0.05063300610451304
1445,144.5,2,0.3,-4.267215002575807,1.0001898842548214,0.0018986622908824216
1446,144.6,0,0.1,-4.008395356657509,0.9932866106904563,-0.067360254746957
1446,144.6,1,0.2,-4.1337950263103656,0.9948572680140662,-0.051560013454639717
1446,144.6,2,0.3,-4.267006203837552,1.0002088205382296,0.0020879873825575624
1447,144.70000000000002,0,0.1,-4.015114847434978,0.9933030345196049,-0.06719490777467278
1447,144.70000000000002,1,0.2,-4.139039047779583,0.9947697044079541,-0.05244021469216571
1447,144.70000000000002,2,0.3,-4.266769594139473,1.000236637692361,0.002366096980787619
1448,144.8,0,0.1,-4.0218036118081955,0.9933335556190868,-0.06688764373218017
1448,144.8,1,0.2,-4.144366103344665,0.9946871080341605,-0.05327055565082031
1448,144.8,2,0.3,-4.2665012297308005,1.0002684004216216,0.002683644086722989
1449,144.9,0,0.1,-4.028446237660059,0.9933793876178563,-0.06642625851864303
1449,144.9,1,0.2,-4.149770468544276,0.9946102121098048,-0.05404365199610824
1449,144.9,2,0.3,-4.2662002242299675,1.0003010508075343,0.0030100550083302416
1450,145.0,0,0.1,-4.035026459440936,0.993441380469961,-0.0658022178087718
1450,145.0,1,0.2,-4.155245311756455,0.9945401164289048,-0.05474843212179925
1450,145.0,2,0.3,-4.265866183464164,1.0003340965636334,0.0033404076580369714
1451,145.1,0,0.1,-4.041527584712111,0.9935199613234443,-0.06501125271175226
1451,145.1,1,0.2,-4.160782450740989,0.9944781627139625,-0.05537138984533878
1451,145.1,2,0.3,-4.265496846570893,1.0003694051065388,0.0036933689327069853
1452,145.20000000000002,0,0.1,-4.047932898726077,0.9936151562803027,-0.06405314013964479
1452,145.20000000000002,1,0.2,-4.166372264411237,0.994425780268918,-0.055898136702468626
1452,145.20000000000002,2,0.3,-4.2650867729273045,1.000410157735279,0.004100736435884889
1453,145.3,0,0.1,-4.05422596533002,0.9937266932679066,-0.0629306660394349
1453,145.3,1,0.2,-4.172003756168914,0.994384335367984,-0.05631491757677729
1453,145.3,2,0.3,-4.2646275722221105,1.0004593061539782,0.0045920070519403335
1454,145.4,0,0.1,-4.060390760753507,0.9938541679393906,-0.061647954234874854
1454,145.4,1,0.2,-4.177664737120575,0.994355012207785,-0.05660980951661332
1454,145.4,2,0.3,-4.264109650329692,1.0005180560371199,0.005179218924187562
1455,145.5,0,0.1,-4.066411611132359,0.9939972386188665,-0.060208503788524805
1455,145.5,1,0.2,-4.1833420812450015,0.9943387415380504,-0.05677344124426543
1455,145.5,2,0.3,-4.263524906162902,1.0005849151629878,0.005847441667894747
1456,145.6,0,0.1,-4.072272948455266,0.9941558068025113,-0.058613373229071675
1456,145.6,1,0.2,-4.189022002748236,0.9943361787537526,-0.05679921503234698
1456,145.6,2,0.3,-4.262869444474257,1.0006556765506003,0.006554616886456461
1457,145.70000000000002,0,0.1,-4.0779589436873245,0.9943301394437832,-0.05685995232056968
1457,145.70000000000002,1,0.2,-4.194690317094644,0.9943477202366986,-0.056683143464071765
1457,145.70000000000002,2,0.3,-4.262145297949806,1.0007244087818463,0.0072414652445102114
1458,145.8,0,0.1,-4.083453109996181,0.9945208990197573,-0.05494166308856442
1458,145.8,1,0.2,-4.200332666789028,0.9943735384644258,-0.05642349694383918
1458,145.8,2,0.3,-4.261360414642535,1.0007851914087758,0.007848833072703789
1459,145.9,0,0.1,-4.088737984716146,0.994729065661902,-0.05284874719965716
1459,145.9,1,0.2,-4.205934714196672,0.9944136147994781,-0.05602047407644014
1459,145.9,2,0.3,-4.260526687210593,1.0008340750792653,0.00833727431942369
1460,146.0,0,0.1,-4.093794991085463,0.9949557587605461,-0.05057006369317672
1460,146.0,1,0.2,-4.211482319800377,0.9944677539442317,-0.055476056037052454
1460,146.0,2,0.3,-4.259656412350213,1.0008706536594247,0.008702748603797656
1461,146.1,0,0.1,-4.098604550130728,0.9952019883637737,-0.04809559045265306
1461,146.1,1,0.2,-4.216961730469064,0.9945355739205516,-0.05479410668688046
1461,146.1,2,0.3,-4.258758073140325,1.0008987428374119,0.008983392098880726
1462,146.20000000000002,0,0.1,-4.103146464936214,0.9954683840914277,-0.04541914805484237
1462,146.20000000000002,1,0.2,-4.222359796940277,0.9946164769091221,-0.05398066471211765
1462,146.20000000000002,2,0.3,-4.257832571061478,1.000925930488051,0.009255020788472406
1463,146.3,0,0.1,-4.107400543846896,0.9957549568654981,-0.0425407891068221
1463,146.3,1,0.2,-4.227664224815721,0.9947096157599772,-0.05304427875443576
1463,146.3,2,0.3,-4.256870926510901,1.0009621070789478,0.009616445505767337
1464,146.4,0,0.1,-4.111347378099699,0.9960609442606396,-0.03946834252803957
1464,146.4,1,0.2,-4.232863843938459,0.9948138754976792,-0.05199619122738437
1464,146.4,2,0.3,-4.255854056331884,1.0010173873667867,0.010168701790168067
1465,146.5,0,0.1,-4.1149691546775164,0.9963847741441695,-0.036217765778172435
1465,146.5,1,0.2,-4.237948863550908,0.9949278872133583,-0.0508501961244996
1465,146.5,2,0.3,-4.254754657735792,1.0011000031562591,0.010993985960921562
1466,146.6,0,0.1,-4.118250375281909,0.9967241567169344,-0.03281220604393029
1466,146.6,1,0.2,-4.2429110711624825,0.9950500838013638,-0.04962207611574348
1466,146.6,2,0.3,-4.253540662180422,1.0012147327462602,0.012139955553705641
1467,146.70000000000002,0,0.1,-4.12117837019448,0.9970762874839023,-0.029279949125700092
1467,146.70000000000002,1,0.2,-4.247743935357387,0.9951787953027732,-0.048328641949033746
1467,146.70000000000002,2,0.3,-4.252179343558154,1.0013622456370699,0.01361318622267095
1468,146.8,0,0.1,-4.123743537952192,0.9974381194737328,-0.025651677577124624
1468,146.8,1,0.2,-4.25244258718613,0.9953123695671028,-0.046986518287435615
1468,146.8,2,0.3,-4.2506410827895955,1.001539444498539,0.015382607685588731
1469,146.9,0,0.1,-4.125939298841347,0.9978066480303264,-0.021957608891548658
1469,146.9,1,0.2,-4.257003678043331,0.9954492951212396,-0.04561090857200949
1469,146.9,2,0.3,-4.248902017146125,1.0017405786950986,0.01739065643470915
1470,147.0,0,0.1,-4.127761809136521,0.998179149468249,-0.018225102951739885
1470,147.0,1,0.2,-4.261425138053913,0.9955883002535592,-0.04421460010582552
1470,147.0,2,0.3,-4.246945244931261,1.001958687942958,0.019567722148635672
1471,147.1,0,0.1,-4.129209530154095,0.9985533264249693,-0.014477210175743705
1471,147.1,1,0.2,-4.265705880953779,0.9957284064200705,-0.042807428998659296
1471,147.1,2,0.3,-4.244760749370548,1.0021868833094996,0.021844955607132198
1472,147.20000000000002,0,0.1,-4.1302827707840635,0.9989273350867771,-0.01073240629968031
1472,147.20000000000002,1,0.2,-4.269845513210329,0.9958689242101126,-0.04139632256548734
1472,147.20000000000002,2,0.3,-4.2423445715052,1.0024190991754143,0.02416177865347874
1473,147.3,0,0.1,-4.130983318952581,0.9992996971580597,-0.007005481685178737
1473,147.3,1,0.2,-4.273844103319162,0.9960093936078473,-0.03998590108833305
1473,147.3,2,0.3,-4.23969787602007,1.0026502010756864,0.02646695485129564
1474,147.4,0,0.1,-4.131314247940801,0.9996691257627383,-0.0033092898821964417
1474,147.4,1,0.2,-4.277702052101491,0.9961494835411611,-0.03857948782329365
1474,147.4,2,0.3,-4.236826392071181,1.0028756106078573,0.0287148394888986
1475,147.5,0,0.1,-4.131279935386009,1.000034313143475,0.00034312554792139413
1475,147.5,1,0.2,-4.28142008021864,0.9962888751911753,-0.03718028117149819
1475,147.5,2,0.3,-4.233740356991394,1.0030908017881919,0.030860350797869508
1476,147.6,0,0.1,-4.130886278084206,1.0003937347950072,0.003936573018030966
1476,147.6,1,0.2,-4.284999321288551,0.9964271567779849,-0.035792410699111245
1476,147.6,2,0.3,-4.230454701520694,1.003291059153228,0.032856554707001086
1477,147.70000000000002,0,0.1,-4.130141037577866,1.0007455182670413,0.007452405063393367
1477,147.70000000000002,1,0.2,-4.288441484939601,0.9965637538026884,-0.03442163651048985
1477,147.70000000000002,2,0.3,-4.226988959724082,1.003471754423777,0.03465741796611177
1478,147.8,0,0.1,-4.129054221116681,1.0010874072602058,0.010868164611848648
1478,147.8,1,0.2,-4.291749039708331,0.9966979091647974,-0.033075547687302025
1478,147.8,2,0.3,-4.223366379384082,1.003629149814581,0.03622580340000276
1479,147.9,0,0.1,-4.12763839642175,1.0014168274478996,0.014158246949317027
1479,147.9,1,0.2,-4.294925364021849,0.9968287148677845,-0.03176324313518289
1479,147.9,2,0.3,-4.219611964370979,1.003761471657575,0.03754415013103021
1480,148.0,0,0.1,-4.1259088571334,1.0017310358040616,0.017295392883501664
1480,148.0,1,0.2,-4.297974824301453,0.9969551846017345,-0.030494602796037953
1480,148.0,2,0.3,-4.2157496081743915,1.003869824706535,0.0386235619658781
1481,148.1,0,0.1,-4.123883593201721,1.0020273161638786,0.020252639316790153
1481,148.1,1,0.2,-4.300902758966291,0.997076347555489,-0.02927934664838705
1481,148.1,2,0.3,-4.211798914369356,1.003958508083024,0.03950693805035546
1482,148.20000000000002,0,0.1,-4.121583066660365,1.0023031747829338,0.023005265413557394
1482,148.20000000000002,1,0.2,-4.303715370191947,0.9971913404595779,-0.028126112256548198
1482,148.20000000000002,2,0.3,-4.207772571793016,1.0040344591833688,0.04026342576339354
1483,148.3,0,0.1,-4.119029836321235,1.0025564926075623,0.025532303391299423
1483,148.3,1,0.2,-4.306419545632893,0.9972994775479456,-0.027041754409459644
1483,148.3,2,0.3,-4.203675140146881,1.0041058375961962,0.04097431646134864
1484,148.4,0,0.1,-4.116248104351728,1.0027856045759,0.02781731969507087
1484,148.4,1,0.2,-4.309022645142178,0.9974002856163328,-0.02603099509285093
1484,148.4,2,0.3,-4.199503783725296,1.0041800686384916,0.04171356421585297
1485,148.5,0,0.1,-4.113263266772537,1.0029892966423,0.029848375791907165
1485,148.5,1,0.2,-4.3115322904844415,0.9974935011848354,-0.025096453422640868
1485,148.5,2,0.3,-4.195250951821997,1.0042618880264038,0.04252831903299523
1486,148.6,0,0.1,-4.110101537388476,1.0031667329222982,0.03161729384061298
1486,148.6,1,0.2,-4.313956189704182,0.9975790360518928,-0.024238992197408705
1486,148.6,2,0.3,-4.190908409746892,1.0043519845741442,0.043425420751053406
1487,148.70000000000002,0,0.1,-4.10678968476917,1.0033173428624775,0.033118526193051355
1487,148.70000000000002,1,0.2,-4.3163020151773255,0.9976569238252205,-0.023458254731426816
1487,148.70000000000002,2,0.3,-4.1864715689451755,1.004446698152974,0.044368408017153485
1488,148.8,0,0.1,-4.103354883044827,1.003440707415476,0.0343480172434349
1488,148.8,1,0.2,-4.318577339718045,0.997727262048015,-0.02275324540719788
1488,148.8,2,0.3,-4.181942908653009,1.0045389301712657,0.04528660292166622
1489,148.9,0,0.1,-4.0998246398088165,1.0035364818838173,0.03530243236010678
1489,148.9,1,0.2,-4.320789622553972,0.9977901624581864,-0.022122828359273518
1489,148.9,2,0.3,-4.177333493892258,1.0046200544542756,0.04609414760751647
1490,149.0,0,0.1,-4.096226737965255,1.0036043820617984,0.03597901843561884
1490,149.0,1,0.2,-4.322946229229507,0.99784571712983,-0.02156606675535089
1490,149.0,2,0.3,-4.1726621234572185,1.0046822982953114,0.04671370435039445
1491,149.1,0,0.1,-4.0925891195520725,1.0036442425766667,0.036376184131825376
1491,149.1,1,0.2,-4.325054467168421,0.997893982833777,-0.021082379389138015
1491,149.1,2,0.3,-4.167952326014278,1.0047209059717106,0.04709797442940468
1492,149.20000000000002,0,0.1,-4.088939650513148,1.0036561364594383,0.0364946903892355
1492,149.20000000000002,1,0.2,-4.327121620344287,0.9979349819138212,-0.02067153175865562
1492,149.20000000000002,2,0.3,-4.1632280464845435,1.0047354565324358,0.04724279529733791
1493,149.3,0,0.1,-4.085305733300542,1.0036405278948923,0.03633917212606293
1493,149.3,1,0.2,-4.329154969687617,0.9979687165110072,-0.020333493433303308
1493,149.3,2,0.3,-4.158509232982667,1.0047299646354493,0.04718813501876353
1494,149.4,0,0.1,-4.0817137721890635,1.0035984199347572,0.035919611114787295
1494,149.4,1,0.2,-4.331161787916119,0.9979951940848591,-0.020068182285016865
1494,149.4,2,0.3,-4.153808538299067,1.0047117602807247,0.047006946836003934
1495,149.5,0,0.1,-4.0781885350757285,1.0035314580696553,0.035252371133351675
1495,149.5,1,0.2,-4.333149296994529,0.9980144647099009,-0.019875090784103898
1495,149.5,2,0.3,-4.149129999668206,1.0046895000805764,0.0467853863086125
1496,149.6,0,0.1,-4.074752486015485,1.003441959043875,0.03436049060243835
1496,149.6,1,0.2,-4.335124573883795,0.9980266726862664,-0.019752768892661324
1496,149.6,2,0.3,-4.144469974876792,1.0046708995926625,0.046600247914148504
1497,149.70000000000002,0,0.1,-4.0714251775883685,1.0033328500623395,0.03327308427115615
1497,149.70000000000002,1,0.2,-4.337094387953681,0.9980321247406077,-0.019698140698856077
1497,149.70000000000002,2,0.3,-4.139819974776611,1.0046608281275842,0.0465000010017996
1498,149.8,0,0.1,-4.068222787858826,1.0032075228574957,0.03202389729542969
1498,149.8,1,0.2,-4.33906495478533,0.9980313734604689,-0.01970566831649313
1498,149.8,2,0.3,-4.135170531618966,1.00466026858939,0.04649443157644748
1499,149.9,0,0.1,-4.065157864018223,1.0030696255218814,0.030649238406025923
1499,149.9,1,0.2,-4.341041599155888,0.9980253079043961,-0.01976644370557891
1499,149.9,2,0.3,-4.13051501965532,1.0046663656961583,0.04655511963646484
1500,150.0,0,0.1,-4.062239298738954,1.0029228284373395,0.029185652792690912
1500,150.0,1,0.2,-4.34302833609665,0.99801523531474,-0.01986736940762348
1500,150.0,2,0.3,-4.125852450074861,1.0046734562714141,0.04662569580459229
1501,150.1,0,0.1,-4.0594725237027784,1.0027706060906334,0.027667750361761074
1501,150.1,1,0.2,-4.345027401574381,0.9980029313228614,-0.019990654777305467
1501,150.1,2,0.3,-4.121188644252363,1.0046746982917443,0.04663805822498633
1502,150.20000000000002,0,0.1,-4.056859866795983,1.0026160728691171,0.02612656906795091
1502,150.20000000000002,1,0.2,-4.3470387890791935,0.997990633979478,-0.0201138750481221
1502,150.20000000000002,2,0.3,-4.1165357104046825,1.0046637755531,0.04652933847679116
1503,150.3,0,0.1,-4.054400993434215,1.0024618988701444,0.024588733617677837
1503,150.3,1,0.2,-4.349059868514091,0.9979809615708997,-0.02021079434897936
1503,150.3,2,0.3,-4.111910234728473,1.00463618970161,0.04625475676209675
1504,150.4,0,0.1,-4.052093344171206,1.0023103139348843,0.023076492630088798
1504,150.4,1,0.2,-4.351085172031924,0.9979767460254543,-0.020253035178329257
1504,150.4,2,0.3,-4.10733089781124,1.0045898381039056,0.045793369172335945
1505,150.5,0,0.1,-4.049932492074365,1.0021631884202464,0.02160852096841149
1505,150.5,1,0.2,-4.353106422213839,0.997980791168642,-0.0202125018191535
1505,150.5,2,0.3,-4.102816263432472,1.0045248406940348,0.045146343787679025
1506,150.6,0,0.1,-4.047912371857728,1.0020221620341563,0.020201202166375592
1506,150.6,1,0.2,-4.3551128492072,0.9979955845357253,-0.020064269933605137
1506,150.6,2,0.3,-4.098383278062583,1.0044428255846707,0.044329853698894826
1507,150.70000000000002,0,0.1,-4.046025372043203,1.0018887813190653,0.018869998145247962
1507,150.70000000000002,1,0.2,-4.3570917980331725,0.9980230080022218,-0.01978948825972265
1507,150.70000000000002,2,0.3,-4.09404666503777,1.0043460297383697,0.043366130248115996
1508,150.8,0,0.1,-4.044262322448522,1.0017646046803805,0.01763049594680866
1508,150.8,1,0.2,-4.359029573141821,0.9980641011654099,-0.01937775108648342
1508,150.8,2,0.3,-4.089819037352219,1.0042365767100787,0.0422762768555109
1509,150.9,0,0.1,-4.042612442401168,1.0016512418482724,0.016498800473537627
1509,150.9,1,0.2,-4.360912416050232,0.9981189285283439,-0.018828429084117818
1509,150.9,2,0.3,-4.08571131613525,1.0041161694674925,0.04107721216969352
1510,151.0,0,0.1,-4.041063332125716,1.0015503107665933,0.01549110275452658
1510,151.0,1,0.2,-4.3627274762995185,0.9981865859764176,-0.018150602492862298
1510,151.0,2,0.3,-4.0817330029049534,1.003986237222933,0.039783132302970745
1511,151.1,0,0.1,-4.039601086088559,1.001463315640171,0.014622460371570277
1511,151.1,1,0.2,-4.364463626590299,0.9982653559463247,-0.017361502907809898
1511,151.1,2,0.3,-4.077892011184372,1.0038483777828542,0.03840991720581718
1512,151.20000000000002,0,0.1,-4.038210582714845,1.001391470571776,0.013905033737137308
1512,151.20000000000002,1,0.2,-4.366111995005554,0.9983529893978011,-0.01648368415253801
1512,151.20000000000002,2,0.3,-4.074194044292556,1.0037048128074382,0.03697966891815388
1513,151.3,0,0.1,-4.036875964675438,1.001335509038399,0.013346180394063415
1513,151.3,1,0.2,-4.367666138399987,0.9984470636610185,-0.01554143394433804
1513,151.3,2,0.3,-4.070641795906087,1.0035585650980636,0.03552248386468928
1514,151.4,0,0.1,-4.0355812766867425,1.0012955264590038,0.01294687988695993
1514,151.4,1,0.2,-4.369121851277082,0.9985453461589486,-0.014557128770951994
1514,151.4,2,0.3,-4.067234432948208,1.0034131746179795,0.03407362957879217
1515,151.5,0,0.1,-4.034311184396656,1.0012708991988795,0.012700922900866385
1515,151.5,1,0.2,-4.370476677968117,0.9986460906723101,-0.013548266910348931
1515,151.5,2,0.3,-4.063967821507164,1.0032719526304765,0.03266611441043751
1516,151.6,0,0.1,-4.033051669052325,1.0012603088668983,0.012595153443309576
1516,151.6,1,0.2,-4.371729254898741,0.9987482072164238,-0.012525769306242652
1516,151.6,2,0.3,-4.060835766413884,1.0031369651026358,0.03132055093280251
1517,151.70000000000002,0,0.1,-4.031790586029356,1.0012618785225265,0.01261083022969058
1517,151.70000000000002,1,0.2,-4.372878639117711,0.9988512760700725,-0.011493842189691123
1517,151.70000000000002,2,0.3,-4.0578322123586394,1.0030080692431316,0.03003554055244201
1518,151.8,0,0.1,-4.030517993854205,1.0012734022641745,0.012725921751509274
1518,151.8,1,0.2,-4.373923770905696,0.9989554141720255,-0.010451317879854354
1518,151.8,2,0.3,-4.054954005439165,1.0028823529337518,0.028782069194745435
1519,151.9,0,0.1,-4.029226201124745,1.001292627453079,0.012917927294600796
1519,151.9,1,0.2,-4.374863173406079,0.9990610386000117,-0.009394025003830998
1519,151.9,2,0.3,-4.052203557845602,1.0027542335447697,0.027504475935630667
1520,152.0,0,0.1,-4.027909533323022,1.0013175349893304,0.013166678017225346
1520,152.0,1,0.2,-4.375694921515799,0.9991685976968583,-0.008317481097198017
1520,152.0,2,0.3,-4.049590687068619,1.002616287298827,0.026128707769831713
1521,152.1,0,0.1,-4.026563877842726,1.001346561280885,0.013456554802964914
1521,152.1,1,0.2,-4.376416833492989,0.9992783485385673,-0.007219119771902227
1521,152.1,2,0.3,-4.047133048271152,1.0024606612672358,0.024576387974672164
1522,152.20000000000002,0,0.1,-4.025186110673094,1.0013787167268582,0.013777671696312475
1522,152.20000000000002,1,0.2,-4.377026772366082,0.9993902471018089,-0.0060993887309276915
1522,152.20000000000002,2,0.3,-4.044854907275896,1.0022807379301397,0.022781409952553993
1523,152.3,0,0.1,-4.023773531382894,1.0014135774502635,0.014125792902000804
1523,152.3,1,0.2,-4.377522908282057,0.9995039871390973,-0.004961359159745553
1523,152.3,2,0.3,-4.042784416253144,1.0020726359693988,0.020704910227521477
1524,152.4,0,0.1,-4.022323428494411,1.0014511547960743,0.014501028884837666
1524,152.4,1,0.2,-4.377903798143227,0.9996191826681639,-0.0038088986117037426
1524,152.4,2,0.3,-4.04094993284539,1.0018361671018534,0.01834483407754488
1525,152.5,0,0.1,-4.020832865536795,1.0014916743987368,0.014905629576161553
1525,152.5,1,0.2,-4.3781681855557455,0.9997356475347537,-0.0026438741251856696
1525,152.5,2,0.3,-4.039376159093094,1.0015750127841077,0.015737737522957047
1526,152.6,0,0.1,-4.019298725854733,1.0015353170763623,0.015341396820619286
1526,152.6,1,0.2,-4.378314501579915,0.9998536946794977,-0.0014631602416948775
1526,152.6,2,0.3,-4.038080909935251,1.0012960883553181,0.012952491578435879
1527,152.70000000000002,0,0.1,-4.017717993285055,1.0015819825859662,0.015807325696771415
1527,152.70000000000002,1,0.2,-4.378340135758253,0.9999743661502147,-0.00025634178338223846
1527,152.70000000000002,2,0.3,-4.037073154721393,1.0010082631697599,0.010077552138569796
1528,152.8,0,0.1,-4.01608818997553,1.0016311321607632,0.016298033095250946
1528,152.8,1,0.2,-4.378240624285868,1.0000995164238158,0.0009951147238496671
1528,152.8,2,0.3,-4.036352665617473,1.0007207487185412,0.007204891039203486
1529,152.9,0,0.1,-4.014407854831889,1.001681747697816,0.016803351436412827
1529,152.9,1,0.2,-4.378008946937472,1.0002317041876663,0.002316773483963662
1529,152.9,2,0.3,-4.035911242024259,1.0004415210349458,0.004414235932142214
1530,153.0,0,0.1,-4.012676935299381,1.0017324184384262,0.017309195325082447
1530,153.0,1,0.2,-4.377635122987645,1.000373893830707,0.003738239498272335
1530,153.0,2,0.3,-4.035735152182887,1.0001761053460982,0.0017608984137230557
1531,153.1,0,0.1,-4.010896984219974,1.0017815361326294,0.017799510794073062
1531,153.1,1,0.2,-4.377106246528466,1.0005290163389922,0.005288764591791252
1531,153.1,2,0.3,-4.03580821437159,0.9999269404802732,-0.0007306218870351404
1532,153.20000000000002,0,0.1,-4.0090710982095725,1.0018275539552672,0.01825886010400819
1532,153.20000000000002,1,0.2,-4.376407013006253,1.0006994780429606,0.006992335222120802
1532,153.20000000000002,2,0.3,-4.036114868205694,0.9996933931793769,-0.003066538341042615
1533,153.3,0,0.1,-4.007203594126126,1.0018692489552135,0.01867504083446931
1533,153.3,1,0.2,-4.375520681185018,1.0008867247293582,0.008863318212358143
1533,153.3,2,0.3,-4.0366426600707594,0.9994723473925605,-0.005277918650650493
1534,153.4,0,0.1,-4.0052994817727825,1.0019059263264236,0.019041123533433096
1534,153.4,1,0.2,-4.374430313393909,1.0010909624581834,0.010903677911083329
1534,153.4,2,0.3,-4.037383750510273,0.999259184100183,-0.007410904395133566
1535,153.5,0,0.1,-4.003363839615349,1.0019375167220141,0.019356421574335803
1535,153.5,1,0.2,-4.373120066785974,1.0013111053560382,0.013102466079351805
1535,153.5,2,0.3,-4.038335289982998,0.9990489130974017,-0.009515394727249146
1536,153.6,0,0.1,-4.001401224631095,1.0019645421736132,0.01962614984254541
1536,153.6,1,0.2,-4.371576287897328,1.0015449711287134,0.015437788886459625
1536,153.6,2,0.3,-4.039498744053651,0.9988372224796306,-0.011634540706531688
1537,153.70000000000002,0,0.1,-3.9994152417834132,1.0019879562177607,0.01985982847680915
1537,153.70000000000002,1,0.2,-4.3697881991022385,1.0017896883791169,0.017880887950894417
1537,153.70000000000002,2,0.3,-4.040878433182856,0.9986212622042758,-0.013796891292049612
1538,153.8,0,0.1,-3.9974083643300182,1.0020088925797634,0.020068774533951204
1538,153.8,1,0.2,-4.367748051895503,1.0020422297230211,0.020401472067358477
1538,153.8,2,0.3,-4.042479660361489,0.9984000541016403,-0.01601227178633293
1539,153.9,0,0.1,-3.9953820410860974,1.0020283776242438,0.020263232439209397
1539,153.9,1,0.2,-4.365450738947503,1.0022999537932853,0.022973129479996385
1539,153.9,2,0.3,-4.04430682798612,0.9981745006299186,-0.018271676246311912
1540,154.0,0,0.1,-3.993337063434287,1.0020470700446642,0.020449776518104475
1540,154.0,1,0.2,-4.362892977161323,1.002561035649517,0.025577617861804246
1540,154.0,2,0.3,-4.046361904811895,0.9979470333987999,-0.020550768257746658
1541,154.1,0,0.1,-3.9912741076603186,1.002065085131236,0.020629557739685396
1541,154.1,1,0.2,-4.360072268949087,1.0028246901527291,0.02820708212236394
1541,154.1,2,0.3,-4.048643511919179,0.997720993779768,-0.02281607107284552
1542,154.20000000000002,0,0.1,-3.9891943300114576,1.002081941886513,0.020797776488605525
1542,154.20000000000002,1,0.2,-4.356985896178117,1.0030911405231688,0.03086372770968646
1542,154.20000000000002,2,0.3,-4.051146770224975,0.997499872232551,-0.025032583057947724
1543,154.3,0,0.1,-3.987099881276985,1.0020966436243173,0.020944487344728504
1543,154.3,1,0.2,-4.353630189927202,1.0033613429363932,0.03355706250915715
1543,154.3,2,0.3,-4.053863905797079,0.9972865524996676,-0.027171355721044444
1544,154.4,0,0.1,-3.9849942269156307,1.00210787280832,0.021056543613543564
1544,154.4,1,0.2,-4.350000252616465,1.0036365335120276,0.03629937310736892
1544,154.4,2,0.3,-4.05678545846277,0.9970827109161948,-0.02921552665690885
1545,154.5,0,0.1,-3.982882203208797,1.0021142555998965,0.02112023706833841
1545,154.5,1,0.2,-4.346090203395371,1.0039177034364177,0.039100492210943916
1545,154.5,2,0.3,-4.059901804378814,0.9968885048496937,-0.03116345916044771
1546,154.6,0,0.1,-3.980769799245984,1.0021146366599067,0.0211240396281299
1546,154.6,1,0.2,-4.341893897766263,1.0042051224479496,0.04196305629108349
1546,154.6,2,0.3,-4.063204611338632,0.9967026413072473,-0.0330280695981796
1547,154.70000000000002,0,0.1,-3.978663715093403,1.0021083035055844,0.02106084152580366
1547,154.70000000000002,1,0.2,-4.337405965887357,1.0044980177277365,0.04487931878904706
1547,154.70000000000002,2,0.3,-4.066687825891198,0.9965228448018582,-0.03483214552565269
1548,154.8,0,0.1,-3.9765707945455584,1.0020951122347967,0.020929205478449422
1548,154.8,1,0.2,-4.332622944788223,1.0047944780034737,0.04783021099134027
1548,154.8,2,0.3,-4.070347865349105,0.9963466503224004,-0.036600394579073686
1549,154.9,0,0.1,-3.9744974558556105,1.002075489542835,0.020733386899479747
1549,154.9,1,0.2,-4.327544262710798,1.0050916004434132,0.05078682077426078
1549,154.9,2,0.3,-4.074182857148185,0.9961723523906681,-0.038349917990798635
1550,155.0,0,0.1,-3.97244924075147,1.0020503141295376,0.02048215104140666
1550,155.0,1,0.2,-4.322172871433757,1.0053858430629785,0.053713912770406436
1550,155.0,2,0.3,-4.078191006288914,0.995999872767791,-0.04008149140729117
1551,155.1,0,0.1,-3.970430572339959,1.0020207072943008,0.02018668411511219
1551,155.1,1,0.2,-4.316515404430018,1.0056735006926163,0.056574670037393575
1551,155.1,2,0.3,-4.082368424792342,0.9958312947720259,-0.04177418503428913
1552,155.20000000000002,0,0.1,-3.968444763581205,1.0019877817827672,0.019858087587536415
1552,155.20000000000002,1,0.2,-4.310581844659451,1.0059511982053215,0.059335597705660714
1552,155.20000000000002,2,0.3,-4.086706955571253,0.9956708670499137,-0.043385307789093455
1553,155.3,0,0.1,-3.9664942613290615,1.001952405719032,0.01950502252143438
1553,155.3,1,0.2,-4.304384790483691,1.006216295642258,0.06197054175760461
1553,155.3,2,0.3,-4.091192601427285,0.9955243996275669,-0.0448564585603276
1554,155.4,0,0.1,-3.9645810592905155,1.0019150333772868,0.019132020385460555
1554,155.4,1,0.2,-4.297938487887079,1.0064671247230585,0.06446302596611642
1554,155.4,2,0.3,-4.09580508866755,0.9953981339427074,-0.04612487240265124
1555,155.5,0,0.1,-3.962707177954437,1.001875638148891,0.01873881336078682
1555,155.5,1,0.2,-4.291257835384981,1.0067030178382992,0.06680652502099196
1555,155.5,2,0.3,-4.1005188570597495,0.995297323978229,-0.04713768392199659
1556,155.6,0,0.1,-3.9608750979131098,1.0018337593253372,0.018320800413272817
1556,155.6,1,0.2,-4.2843575589045715,1.0069241382408363,0.06900276480409533
1556,155.6,2,0.3,-4.105305423812581,0.9952248706019776,-0.047865667528317835
1557,155.70000000000002,0,0.1,-3.9590880469029197,1.001788648737445,0.017870510101896487
1557,155.70000000000002,1,0.2,-4.27725170300274,1.0071311624018164,0.07105855901829711
1557,155.70000000000002,2,0.3,-4.110136707480703,0.9951803682107557,-0.04831283668121034
1558,155.8,0,0.1,-3.9573500764222422,1.0017394816266887,0.017379704806775743
1558,155.8,1,0.2,-4.269953506514529,1.0073248932307073,0.07298196488211477
1558,155.8,2,0.3,-4.114988622211141,0.9951598367943575,-0.04851914730437832
1559,155.9,0,0.1,-3.9556659123205034,1.001685583102598,0.01684164101738979
1559,155.9,1,0.2,-4.2624756444358205,1.0075058911115309,0.07477862078709022
1559,155.9,2,0.3,-4.119844151588067,0.9951562396498491,-0.04855529376926625
1560,156.0,0,0.1,-3.9540406140435467,1.0016266197900554,0.016252982769567693
1560,156.0,1,0.2,-4.254830742926043,1.0076741983789648,0.07644901509778358
1560,156.0,2,0.3,-4.124695224898497,0.9951606741421073,-0.04851073310430385
1561,156.1,0,0.1,-3.9524791180498435,1.001562715763378,0.015614959937032324
1561,156.1,1,0.2,-4.247032025926305,1.0078292062005054,0.0779871699973844
1561,156.1,2,0.3,-4.12954302022923,0.9951639362639391,-0.04847795330732927
1562,156.20000000000002,0,0.1,-3.950985763652276,1.00149447000651,0.014933543975673638
1562,156.20000000000002,1,0.2,-4.239093938011713,1.0079696780676082,0.0793808791458958
1562,156.20000000000002,2,0.3,-4.134396717724173,0.9951580626603039,-0.04853697494942251
1563,156.3,0,0.1,-3.949563899992706,1.0014228749869694,0.014218636595698362
1563,156.3,1,0.2,-4.23103260844027,1.0080939095758814,0.08061329571444023
1563,156.3,2,0.3,-4.139271096301567,0.9951374819271759,-0.04874378577393756
1564,156.4,0,0.1,-3.9482156519691403,1.0013491573185382,0.01348248023565889
1564,156.4,1,0.2,-4.222866068142406,1.0081999774480481,0.08166540297863921
1564,156.4,2,0.3,-4.144183591097976,0.9950995517718454,-0.04912494796409485
1565,156.5,0,0.1,-3.9469418863047414,1.0012745772484353,0.012737656643989239
1565,156.5,1,0.2,-4.214614191736574,1.0082860169812649,0.08251876405832384
1565,156.5,2,0.3,-4.149151442615703,0.9950444678479218,-0.049678515177274445
1566,156.6,0,0.1,-3.9457423753175678,1.0012002306882122,0.011995109871737035
1566,156.6,1,0.2,-4.206298395942603,1.008350468066355,0.08315795793972154
1566,156.6,2,0.3,-4.154189384803219,0.9949747269588213,-0.05037942187516473
1567,156.70000000000002,0,0.1,-3.9446161151152173,1.0011268946715421,0.011262602023502592
1567,156.70000000000002,1,0.2,-4.197941171126298,1.008392243905776,0.0835722481630251
1567,156.70000000000002,2,0.3,-4.15930802301628,0.9948944396923137,-0.05118638213059414
1568,156.8,0,0.1,-3.943561725557114,1.0010549456221927,0.010543895581035013
1568,156.8,1,0.2,-4.1895655457752214,1.008410799033036,0.08375625351077197
1568,156.8,2,0.3,-4.164512769007756,0.9948087752305945,-0.05204745991476874
1569,156.9,0,0.1,-3.942577847097743,1.0009843626265562,0.009838784593708131
1569,156.9,1,0.2,-4.181194582022065,1.0084060982383094,0.08370963753157078
1569,156.9,2,0.3,-4.169803046754841,0.9947236911283038,-0.0529027774708476
1570,157.0,0,0.1,-3.9416634561970723,1.0009148090834814,0.009143909006708549
1570,157.0,1,0.2,-4.172850977234893,1.0083785096675673,0.08343604787171918
1570,157.0,2,0.3,-4.175171525443675,0.9946459058403574,-0.053684786888344715
1571,157.1,0,0.1,-3.9408180438030436,1.000845769855814,0.008454123940287364
1571,157.1,1,0.2,-4.164556809864229,1.0083286592714358,0.08294167370664712
1571,157.1,2,0.3,-4.180603359156314,0.994582892021458,-0.0543183371263942
1572,157.20000000000002,0,0.1,-3.940041634492134,1.0007767107946388,0.007764093109095438
1572,157.20000000000002,1,0.2,-4.156333426961055,1.00825728779026,0.08223382903172279
1572,157.20000000000002,2,0.3,-4.186075721435041,0.994542583819811,-0.05472362278725917
1573,157.3,0,0.1,-3.939334659305457,1.0007072251525373,0.007069751866768794
1573,157.3,1,0.2,-4.14820143554264,1.0081651458702667,0.08131991418415048
1573,157.3,2,0.3,-4.191558171879414,0.994532550760091,-0.05482450444373433
1574,157.4,0,0.1,-3.9386977252245146,1.000637136966527,0.00636934080942489
1574,157.4,1,0.2,-4.1401807374617965,1.0080529500498001,0.08020698080844392
1574,157.4,2,0.3,-4.1970144385156924,0.9945585917504688,-0.054562666362783833
1575,157.5,0,0.1,-3.9381313424475373,1.0005665432019883,0.005663827769773244
1575,157.5,1,0.2,-4.132290541257921,1.0079214058313046,0.07890196203875548
1575,157.5,2,0.3,-4.202405960723629,0.9946229859625041,-0.05391522207937123
1576,157.6,0,0.1,-3.937635674058522,1.0004957912528902,0.004956683890151863
1576,157.6,1,0.2,-4.124549294385751,1.0077712877917633,0.07741246872170478
1576,157.6,2,0.3,-4.207697032599898,0.9947229011895032,-0.05291071876269394
1577,157.70000000000002,0,0.1,-3.9372103617671517,1.000425402749467,0.004253122913703421
1577,157.70000000000002,1,0.2,-4.116974501626369,1.007603554076532,0.07574792759380831
1577,157.70000000000002,2,0.3,-4.21286074987585,0.9948495917941548,-0.051637172759508215
1578,157.8,0,0.1,-3.936854459751833,1.000355965355955,0.003559020153187855
1578,157.8,1,0.2,-4.109582424577498,1.007419465895648,0.07392077048871103
1578,157.8,2,0.3,-4.2178844134940485,0.9949889338758569,-0.05023663618198457
1579,157.9,0,0.1,-3.936566481981726,1.0002880192396857,0.0028797777010682282
1579,157.9,1,0.2,-4.102387686344145,1.0072206825459993,0.07194738233353225
1579,157.9,2,0.3,-4.2227728125383575,0.9951235297328429,-0.04888399044309211
1580,158.0,0,0.1,-3.9363445430970887,1.000221963514894,0.002219388846374086
1580,158.0,1,0.2,-4.095402829029689,1.0070093083260983,0.06984857314456369
1580,158.0,2,0.3,-4.227548053952666,0.9952361419243692,-0.04775241414308789
1581,158.1,0,0.1,-3.936186554518824,1.0001580010591173,0.0015798857826477618
1581,158.1,1,0.2,-4.088637885250326,1.0067878776979213,0.06764943779363926
1581,158.1,2,0.3,-4.232245327895439,0.9953137409949985,-0.04697273942772907
1582,158.20000000000002,0,0.1,-3.9360904294405863,1.000096129698401,0.0009612507823761919
1582,158.20000000000002,1,0.2,-4.082100026892617,1.0065592768051457,0.06537858357707661
1582,158.20000000000002,2,0.3,-4.236905021002235,0.9953511464203028,-0.04659693106795088
1583,158.3,0,0.1,-3.936054253573983,1.0000361765209578,0.0003617586660320732
1583,158.3,1,0.2,-4.07579334530026,1.006326610581946,0.06306681592356614
1583,158.3,2,0.3,-4.241562615780609,0.9953532349960948,-0.04657594778374284
1584,158.4,0,0.1,-3.9360763911745624,0.9999778626444553,-0.00022137600579342923
1584,158.4,1,0.2,-4.0697187995312625,1.006093033237515,0.06074545768998253
1584,158.4,2,0.3,-4.246238524299586,0.9953350065220572,-0.04675908518977411
1585,158.5,0,0.1,-3.936155514167693,0.9999208801370106,-0.0007912299313073584
1585,158.5,1,0.2,-4.06387434697905,1.0058615646858051,0.05844452552212664
1585,158.5,2,0.3,-4.250930171981701,0.9953193409052946,-0.046916476821155406
1586,158.6,0,0.1,-3.936290561352657,0.9998649619334969,-0.0013504718496371794
1586,158.6,1,0.2,-4.058255247568408,1.005634916161155,0.05619099410642078
1586,158.6,2,0.3,-4.255608208033205,0.9953328889167082,-0.04678036051504452
1587,158.70000000000002,0,0.1,-3.9364806501605862,0.9998099292578034,-0.00190088807929324
1587,158.70000000000002,1,0.2,-4.0528545125899145,1.0054153452378527,0.05400734978492687
1587,158.70000000000002,2,0.3,-4.260217779500281,0.99540103630213,-0.04609571467074698
1588,158.8,0,0.1,-3.9367249720312025,0.9997557079735413,-0.0024432187061630695
1588,158.8,1,0.2,-4.0476634547355745,1.0052045547394277,0.05191057854340226
1588,158.8,2,0.3,-4.264684607281212,0.9955431336567532,-0.04466827780931025
1589,158.9,0,0.1,-3.937022702844756,0.9997023135038667,-0.002977308135534598
1589,158.9,1,0.2,-4.042672288482369,1.0050036428724796,0.04991166253205676
1589,158.9,2,0.3,-4.268924459687783,0.9957691230782523,-0.0423985240657145
1590,159.0,0,0.1,-3.9373729527544064,0.9996498114206885,-0.0035024990965039963
1590,159.0,1,0.2,-4.037870729752968,1.004813104684648,0.04801558729401296
1590,159.0,2,0.3,-4.272853847656169,0.996078321974759,-0.03929387968385935
1591,159.1,0,0.1,-3.9377747676488,0.9995982658223994,-0.004018148943938599
1591,159.1,1,0.2,-4.033248549727653,1.0046328787769085,0.046221800253152666
1591,159.1,2,0.3,-4.276399596191495,0.9964605302078716,-0.03545748535326278
1592,159.20000000000002,0,0.1,-3.938227180702331,0.9995476892698233,-0.004524130535305064
1592,159.20000000000002,1,0.2,-4.02879604794774,1.0044624288939923,0.04452501779912286
1592,159.20000000000002,2,0.3,-4.279505441256445,0.9968989730824034,-0.031058450649494463
1593,159.3,0,0.1,-3.938729300432633,0.9994980063107131,-0.005021197303021482
1593,159.3,1,0.2,-4.024504422233697,1.0043008479277211,0.04291625714042868
1593,159.3,2,0.3,-4.282134805547809,0.9973740894592052,-0.026293642913641054
1594,159.4,0,0.1,-3.9392804139761908,0.9994490382916168,-0.005511135435578887
1594,159.4,1,0.2,-4.020366025320434,1.0041469719025917,0.04138396913263578
1594,159.4,2,0.3,-4.28427007816822,0.9978670054524474,-0.0213527262041081
1595,159.5,0,0.1,-3.939880082172569,0.99940051156866,-0.005996681963780567
1595,159.5,1,0.2,-4.0163745088249385,1.0039994932069893,0.039915164954955666
1595,159.5,2,0.3,-4.285909649056437,0.9983617724738514,-0.016395708882176275
1596,159.6,0,0.1,-3.940528206287275,0.9993520858723596,-0.00648124114706087
1596,159.6,1,0.2,-4.012524863232886,1.0038570649952803,0.03849645592052694
1596,159.6,2,0.3,-4.287064308625022,0.998846006794276,-0.011546595685852468
1597,159.70000000000002,0,0.1,-3.9412250533245072,0.9993033957042765,-0.006968470372322258
1597,159.70000000000002,1,0.2,-4.008813367787305,1.0037183915738133,0.03711495445580626
1597,159.70000000000002,2,0.3,-4.287754321354447,0.999310225274614,-0.006900127294241039
1598,159.8,0,0.1,-3.9419712356848113,0.9992540959645219,-0.007461823603041464
1598,159.8,1,0.2,-4.005237466871411,1.003582302077272,0.03575900915893752
1598,159.8,2,0.3,-4.288007688182833,0.9997466652662776,-0.002533668283861845
1599,159.9,0,0.1,-3.942767649142965,0.9992039035948702,-0.007964134581537783
1599,159.9,1,0.2,-4.00179559046008,1.0034478064695036,0.03441876411330842
1599,159.9,2,0.3,-4.287859187761287,1.00014851144828,0.0014850042154624665
1600,160.0,0,0.1,-3.9436153790182953,0.9991526293461259,-0.008477298753302647
1600,160.0,1,0.2,-3.9984869363011697,1.0033141337968248,0.033086541589108724
1600,160.0,2,0.3,-4.287349137017033,1.0005101808422523,0.005100507442535053
1601,160.1,0,0.1,-3.9445155871471322,0.9991001969369437,-0.009002081288370057
1601,160.1,1,0.2,-3.9953112313060655,1.0031807528883376,0.03175704995104403
1601,160.1,2,0.3,-4.2865207257074704,1.000828754536983,0.008284113095627292
1602,160.20000000000002,0,0.1,-3.945469391993023,0.9990466498813662,-0.009538048458905875
1602,160.20000000000002,1,0.2,-3.9922684894255394,1.0030473757182674,0.0304274188052542
1602,160.20000000000002,2,0.3,-4.285415315324689,1.0011060215740237,0.011054103827816393
1603,160.3,0,0.1,-3.9464777518670773,0.9989921483499248,-0.010083598740542894
1603,160.3,1,0.2,-3.9893587828961254,1.0029139438342318,0.02909706529414079
1603,160.3,2,0.3,-4.284066053463676,1.0013501725243255,0.013492618610123287
1604,160.4,0,0.1,-3.947541358068261,0.9989369592274095,-0.010636062011837916
1604,160.4,1,0.2,-3.98658204269222,1.0027805989177074,0.027767402039057722
1604,160.4,2,0.3,-4.282491166635916,1.0015761276133004,0.015748868277603918
1605,160.5,0,0.1,-3.948660541984319,0.9988814421366831,-0.011191839160580945
1605,160.5,1,0.2,-3.9839379017465846,1.0026476397694202,0.02644140945635404
1605,160.5,2,0.3,-4.280688948079696,1.00180384352812,0.018022185562199724
1606,160.6,0,0.1,-3.9498351985391507,0.9988260330841233,-0.01174656554831688
1606,160.6,1,0.2,-3.9814255906038607,1.0025154696408523,0.025123111427240205
1606,160.6,2,0.3,-4.27863645604842,1.0020545998348824,0.020524920312762263
1607,160.70000000000002,0,0.1,-3.951064727904271,0.998771226196416,-0.012295293651202722
1607,160.70000000000002,1,0.2,-3.9790438896197755,1.002384539486915,0.023817009840846472
1607,160.70000000000002,2,0.3,-4.276293200421232,1.0023460031963214,0.023432556271870908
1608,160.8,0,0.1,-3.952347997596872,0.9987175533458534,-0.012832696926006923
1608,160.8,1,0.2,-3.976791135070494,1.0022552939073033,0.022527545492817717
1608,160.8,2,0.3,-4.273609784576132,1.0026870194279827,0.02683415845100942
1609,160.9,0,0.1,-3.9536833271313627,0.9986655616212857,-0.013353295344909682
1609,160.9,1,0.2,-3.974665269504692,1.0021281268200943,0.02125865565802197
1609,160.9,2,0.3,-4.270539957337004,1.0030745439840627,0.03069827239128028
1610,161.0,0,0.1,-3.955068496492787,0.9986157895428561,-0.013851693614244886
1610,161.0,1,0.2,-3.972663920551809,1.0020033529884003,0.02001348952883067
1610,161.0,2,0.3,-4.2670533022310035,1.0034927405584835,0.03486655106000412
1611,161.1,0,0.1,-3.9565007774760454,0.9985687442416208,-0.014322809832583975
1611,161.1,1,0.2,-3.9707844884013968,1.0018811993899783,0.018794321504121927
1611,161.1,2,0.3,-4.263145301530616,1.0039156468923207,0.03908000700387548
1612,161.20000000000002,0,0.1,-3.9579769836062875,0.998524882926071,-0.014762061302416836
1612,161.20000000000002,1,0.2,-3.969024221206556,1.0017618173745828,0.01760267194840503
1612,161.20000000000002,2,0.3,-4.25884201004903,1.0043125639362953,0.043032914815856124
1613,161.3,0,0.1,-3.9594935307406383,0.9984846022421531,-0.015165471343508737
1613,161.3,1,0.2,-3.967380260110952,1.0016453131404475,0.01643961095604145
1613,161.3,2,0.3,-4.254197973233227,1.004654837067225,0.04644036815802985
1614,161.4,0,0.1,-3.9610464977337556,0.9984482382361491,-0.015529669931174434
1614,161.4,1,0.2,-3.9658496411512574,1.0015317909547772,0.015306189596945057
1614,161.4,2,0.3,-4.249287898529622,1.0049221488740065,0.049100747036051065
1615,161.5,0,0.1,-3.9626316758987525,0.9984160775663036,-0.015851781649970156
1615,161.5,1,0.2,-3.9644292490014372,1.0014214013845297,0.014203921498202295
1615,161.5,2,0.3,-4.244194319817047,1.0051065730377973,0.05093578712575498
1616,161.6,0,0.1,-3.964244598147887,0.9983883778108971,-0.016129222491346545
1616,161.6,1,0.2,-3.963115726011057,1.0013143860395401,0.013135229903800862
1616,161.6,2,0.3,-4.238994519488277,1.0052133427529584,0.051998003287699504
1617,161.70000000000002,0,0.1,-3.9658805436421334,0.9983653919351639,-0.016359454942459106
1617,161.70000000000002,1,0.2,-3.961905347715503,1.00121111109899,0.012103782955540956
1617,161.70000000000002,2,0.3,-4.233750000067434,1.0052582959861134,0.052445194208422814
1618,161.8,0,0.1,-3.967534520646746,0.998347390061551,-0.016539770046125443
1618,161.8,1,0.2,-3.9607938816301633,1.0011120839926755,0.011114660853395818
1618,161.8,2,0.3,-4.2285008854088035,1.0052629153976338,0.052491146586305035
1619,161.9,0,0.1,-3.9692012375089796,0.9983346713389625,-0.01666716862233836
1619,161.9,1,0.2,-3.959776448836164,1.0010179505543249,0.010174327939994088
1619,161.9,2,0.3,-4.223266121022126,1.0052484897049203,0.05234764386677546
1620,162.0,0,0.1,-3.9708750773539285,0.9983275602436809,-0.016738398449490495
1620,162.0,1,0.2,-3.9588474074138245,1.000929473114998,0.009290414223395688
1620,162.0,2,0.3,-4.218048710436584,1.0052310449739057,0.052174105855427776
1621,162.1,0,0.1,-3.9725500945442382,0.9983263848680508,-0.016750171903098084
1621,162.1,1,0.2,-3.958000273601918,1.0008474927310977,0.008471338119063126
1621,162.1,2,0.3,-4.212843934179024,1.0052183446354153,0.05204776257559847
1622,162.20000000000002,0,0.1,-3.9742200491812,0.9983314389614264,-0.01669954636961244
1622,162.20000000000002,1,0.2,-3.9572276915406044,1.000772880579706,0.007725820613136334
1622,162.20000000000002,2,0.3,-4.207647888071346,1.0052095689669098,0.05196046107677139
1623,162.3,0,0.1,-3.9758784899918584,0.9983429336423814,-0.016584408106586734
1623,162.3,1,0.2,-3.9565214566786606,1.000706484304502,0.0070623486194380655
1623,162.3,2,0.3,-4.202463882715733,1.0051974655605833,0.051840053556129924
1624,162.4,0,0.1,-3.9775188870094045,0.9983609476982516,-0.01640397017546129
1624,162.4,1,0.2,-3.9558725923936504,1.0006490748429793,0.006488642850102457
1624,162.4,2,0.3,-4.197305161248564,1.0051720505812964,0.051587214671696295
1625,162.5,0,0.1,-3.9791348055353435,0.9983853863674403,-0.016159185259391005
1625,162.5,1,0.2,-3.955271474784746,1.0006012983163015,0.006011176089045009
1625,162.5,2,0.3,-4.192193698517083,1.0051245485434888,0.05111462731481289
1626,162.6,0,0.1,-3.9807201043573057,0.9984159571004569,-0.015852988219623235
1626,162.6,1,0.2,-3.954707997244242,1.0005636363237957,0.005634775405041524
1626,162.6,2,0.3,-4.187156107527858,1.005050300984336,0.0503759098922558
1627,162.70000000000002,0,0.1,-3.982269136204624,0.9984521672832699,-0.015490318473180085
1627,162.70000000000002,1,0.2,-3.954171764220477,1.0005363768223952,0.005362330237649206
1627,162.70000000000002,2,0.3,-4.182218497379744,1.0049498202330425,0.049376101481122134
1628,162.8,0,0.1,-3.9837769282202946,0.9984933441316144,-0.01507792015670614
1628,162.8,1,0.2,-3.9536523022626486,1.0005195969015561,0.005194619578281785
1628,162.8,2,0.3,-4.177402270664108,1.00482784337753,0.04816226715636692
1629,162.9,0,0.1,-3.9852393248497817,0.9985386721514067,-0.014623966294871891
1629,162.9,1,0.2,-3.953139275688382,1.000513158194907,0.005130265742665799
1629,162.9,2,0.3,-4.172722325312313,1.0046909133993223,0.04679945351794767
1630,163.0,0,0.1,-3.9866530837571292,0.9985872399789928,-0.01413758907347598
1630,163.0,1,0.2,-3.9526226939097007,1.0005167152300272,0.005165817786814425
1630,163.0,2,0.3,-4.168188158658866,1.0045444615407653,0.04534166653447338
1631,163.1,0,0.1,-3.988015924976537,0.9986380870269549,-0.013628412194078508
1631,163.1,1,0.2,-3.9520930977195303,1.000529736450992,0.005295961901703751
1631,163.1,2,0.3,-4.1638073060413285,1.0043904625805187,0.04380852617537983
1632,163.20000000000002,0,0.1,-3.9893265419234822,0.9986902415363569,-0.013106169469449331
1632,163.20000000000002,1,0.2,-3.951541713016542,1.0005515367434765,0.00551384702988197
1632,163.20000000000002,2,0.3,-4.159589734550307,1.0042264779624865,0.04217571491020351
1633,163.3,0,0.1,-3.9905845879020463,0.9987427450295351,-0.0125804597856412
1633,163.3,1,0.2,-3.9509605629143882,1.0005813190025918,0.005811501021537932
1633,163.3,2,0.3,-4.155551505433129,1.0040463937509008,0.040382291171783345
1634,163.4,0,0.1,-3.991790652117392,0.9987946627877996,-0.012060642153458164
1634,163.4,1,0.2,-3.950342533144292,1.0006182207898446,0.006180297700964306
1634,163.4,2,0.3,-4.151716293769738,1.0038425754985885,0.03835211663391509
1635,163.5,0,0.1,-3.9929462350525875,0.99884508449365,-0.011555829351955307
1635,163.5,1,0.2,-3.9496813909336663,1.0006613608133101,0.00661142210625558
1635,163.5,2,0.3,-4.148114096534379,1.003608692945087,0.036021972353588
1636,163.6,0,0.1,-3.9940537258592244,0.998893122234973,-0.011074908066369201
1636,163.6,1,0.2,-3.9489717634622705,1.0007098793165383,0.007096274713958421
1636,163.6,2,0.3,-4.14477740554334,1.0033422639411047,0.03336690991039693
1637,163.70000000000002,0,0.1,-3.9951163765477813,0.9989379137247434,-0.010626506885566904
1637,163.70000000000002,1,0.2,-3.948209087481825,1.000762966891723,0.007626759804451531
1637,163.70000000000002,2,0.3,-4.141735950439747,1.0030460850208716,0.030414551035919692
1638,163.8,0,0.1,-3.9961382619115993,0.9989786365832252,-0.01021885363818034
1638,163.8,1,0.2,-3.9473895454774293,1.000819877920704,0.008195420043959812
1638,163.8,2,0.3,-4.139011565647988,1.0027280993004901,0.02724384791759226
1639,163.9,0,0.1,-3.997124212419983,0.9990145353811182,-0.009859505083836267
1639,163.9,1,0.2,-3.946510004761757,1.000879927625033,0.008795407156721391
1639,163.9,2,0.3,-4.136614681687607,1.0023997587831543,0.023968839603815382
1640,164.0,0,0.1,-3.9980797107320787,0.99904495803106,-0.009554983120959025
1640,164.0,1,0.2,-3.9455679735672478,1.000942475045258,0.00942031194509472
1640,164.0,2,0.3,-4.134543430470011,1.0020733977401395,0.020712512175961106
1641,164.1,0,0.1,-3.999010750449673,0.9990693935654055,-0.009310397175941705
1641,164.1,1,0.2,-3.944561582762466,1.0010068973859332,0.010063908047817666
1641,164.1,2,0.3,-4.132785567740566,1.0017594086758534,0.017578627294448812
1642,164.20000000000002,0,0.1,-3.9999236662343662,0.999087500796144,-0.009129157846932278
1642,164.20000000000002,1,0.2,-3.943489594329996,1.001072563217439,0.010719884324698952
1642,164.20000000000002,2,0.3,-4.131322604304218,1.001464034089401,0.014629634363473313
1643,164.3,0,0.1,-4.000824954502256,0.9990991177703868,-0.009012882678894286
1643,164.3,1,0.2,-3.9423514299184514,1.0011388123664615,0.01138164411544527
1643,164.3,2,0.3,-4.130134943659078,1.001188366193334,0.011876606451402658
1644,164.4,0,0.1,-4.001721110450934,0.9991042454791417,-0.008961559486780301
1644,164.4,1,0.2,-3.9411472065835453,1.0012049487029653,0.012042233349061756
1644,164.4,2,0.3,-4.12920661390804,1.0009287607824713,0.009283297510381233
1645,164.5,0,0.1,-4.0026185077457495,0.9991030052457146,-0.008973972948159114
1645,164.5,1,0.2,-3.939877763956929,1.0012702487099638,0.01269442626616507
1645,164.5,2,0.3,-4.128528401681609,1.0006784422643447,0.006782122264308684
1646,164.6,0,0.1,-4.00352334079316,0.9990955761905714,-0.009048330474108982
1646,164.6,1,0.2,-3.938544668458944,1.0013339844647704,0.013330954979849577
1646,164.6,2,0.3,-4.1280987570657945,1.0004297369262818,0.0042964461581454175
1647,164.70000000000002,0,0.1,-4.0044416369522535,0.9990821253457925,-0.009182961590930148
1647,164.70000000000002,1,0.2,-3.9371501856507125,1.001395455551488,0.013944828082311948
1647,164.70000000000002,2,0.3,-4.127922548120883,1.0001762244706196,0.001762089449117309
1648,164.8,0,0.1,-4.005379329789393,0.9990627466594079,-0.009376928371392345
1648,164.8,1,0.2,-3.9356972201234925,1.0014540215930454,0.014529655272200452
1648,164.8,2,0.3,-4.1280083685574525,0.999914183245899,-0.000858204365696884
1649,164.9,0,0.1,-4.006342368259776,0.9990374251023402,-0.009630384703829813
1649,164.9,1,0.2,-3.93418923131483,1.0015091263955371,0.015079888086627382
1649,164.9,2,0.3,-4.128365449297323,0.9996429830058692,-0.003570807398709722
1650,165.0,0,0.1,-4.007336824526459,0.9990060380410803,-0.00994456266683542
1650,165.0,1,0.2,-3.9326301408617854,1.0015603064664411,0.015590904530445647
1650,165.0,2,0.3,-4.1290012039461,0.9993644474003902,-0.00635754648776335
1651,165.1,0,0.1,-4.008368958368533,0.9989683986248518,-0.010321338420738489
1651,165.1,1,0.2,-3.931024250420206,1.001607180574146,0.016058904415793076
1651,165.1,2,0.3,-4.129920086091318,0.9990815398977003,-0.009188821452186769
1652,165.20000000000002,0,0.1,-4.009445200624441,0.9989243366850763,-0.010762422559078328
1652,165.20000000000002,1,0.2,-3.929376187096168,1.0016494221267602,0.016480633240379544
1652,165.20000000000002,2,0.3,-4.131123893883621,0.9987969164936351,-0.012038077923023954
1653,165.3,0,0.1,-4.0105720316369515,0.9988738036231566,-0.01126831012510607
1653,165.3,1,0.2,-3.9276908868637217,1.0016867211489944,0.0168530023244627
1653,165.3,2,0.3,-4.132613116239503,0.998511885985474,-0.014892223558816434
1654,165.4,0,0.1,-4.011755750862237,0.9988169810939619,-0.011837192252857738
1654,165.4,1,0.2,-3.92597361604978,1.0017187461678723,0.017172708139417823
1654,165.4,2,0.3,-4.1343885528952296,0.9982261384995982,-0.017754366557270928
1655,165.5,0,0.1,-4.013002156654429,0.998754370648887,-0.01246405792192
1655,165.5,1,0.2,-3.9242300196550874,1.0017451173427312,0.017435963946926696
1655,165.5,2,0.3,-4.136452366220162,0.997938314873468,-0.02063813324932557
1656,165.6,0,0.1,-4.014316175909412,0.9986868436903011,-0.013140192549832756
1656,165.6,1,0.2,-3.9224661758753854,1.0017654002671408,0.01763843779702168
1656,165.6,2,0.3,-4.138807945713732,0.9976471927066654,-0.023555794935702597
1657,165.70000000000002,0,0.1,-4.015701497186239,0.9986156378377483,-0.013853212768261305
1657,165.70000000000002,1,0.2,-3.9206886312858606,1.0017791253583987,0.017775445895243224
1657,165.70000000000002,2,0.3,-4.14145839884478,0.9973530562187111,-0.026504531310476778
1658,165.8,0,0.1,-4.017160264859591,0.998542295811022,-0.014587676733520401
1658,165.8,1,0.2,-3.9189043923264855,1.00178583166082,0.017842389593752853
1658,165.8,2,0.3,-4.144403972924973,0.997058759866773,-0.029455740801928598
1659,165.9,0,0.1,-4.018692884579285,0.9984685541421368,-0.01532619719694404
1659,165.9,1,0.2,-3.9171208560686646,1.0017851277046061,0.01783536257821007
1659,165.9,2,0.3,-4.147639099921664,0.9967701003880479,-0.0323512699669078
1660,166.0,0,0.1,-4.020297972961386,0.9983961990833321,-0.01605088382101363
1660,166.0,1,0.2,-3.915345675284783,1.001776757350048,0.017751807838816035
1660,166.0,2,0.3,-4.151149920211063,0.9964953354341662,-0.03510820289399619
1661,166.1,0,0.1,-4.021972460297823,0.9983269138352932,-0.01674487336436587
1661,166.1,1,0.2,-3.9135865668690366,1.001760656554604,0.017591084157465464
1661,166.1,2,0.3,-4.154913040643274,0.9962439512321937,-0.03763120432211267
1662,166.20000000000002,0,0.1,-4.023711828927419,0.9982621431953512,-0.017393686295954988
1662,166.20000000000002,1,0.2,-3.9118510853633324,1.0017369883252922,0.01735481505703845
1662,166.20000000000002,2,0.3,-4.158895959096782,0.9960250028460764,-0.03982918453506717
1663,166.3,0,0.1,-4.02551044705885,0.9982029984128331,-0.017986181314314422
1663,166.3,1,0.2,-3.9101463916382544,1.0017061475414126,0.017046937250780738
1663,166.3,2,0.3,-4.163059147161175,0.9958454659893867,-0.04163188064393767
1664,166.4,0,0.1,-4.027361942994151,0.9981502170259545,-0.018514959353012003
1664,166.4,1,0.2,-3.908479048567935,1.0016687338596435,0.01667343070319666
1664,166.4,2,0.3,-4.167359356129837,0.9957090236910618,-0.04300208968661923
1665,166.5,0,0.1,-4.029259561007702,0.998104181325179,-0.01897618013551147
1665,166.5,1,0.2,-3.9068548702410553,1.0016254980188732,0.016241783268796474
1665,166.5,2,0.3,-4.1717534166662364,0.9956155792232019,-0.043940605363997076
1666,166.6,0,0.1,-4.031196448445212,0.9980649871184994,-0.0193688743750997
1666,166.6,1,0.2,-3.9052788399691405,1.0015772728603238,0.01576030271914864
1666,166.6,2,0.3,-4.176201710631761,0.9955615850404081,-0.044482939655250714
1667,166.70000000000002,0,0.1,-4.033165842251289,0.998032544177479,-0.01969393806076077
1667,166.70000000000002,1,0.2,-3.9037550976194524,1.0015249038349219,0.0152374234968776
1667,166.70000000000002,2,0.3,-4.1806706127494335,0.9955410685671949,-0.04468902117671242
1668,166.8,0,0.1,-4.035161148210861,0.9980066833400567,-0.019953059595724267
1668,166.8,1,0.2,-3.902286981984158,1.0014691938446343,0.014681156352943371
1668,166.8,2,0.3,-4.185133477738755,0.9955470787945468,-0.04462864989321501
1669,166.9,0,0.1,-4.037175932348958,0.9979872441770293,-0.020147841380976396
1669,166.9,1,0.2,-3.900877102421509,1.0014108739100882,0.014098795626492324
1669,166.9,2,0.3,-4.189570094298212,0.9955732106851808,-0.044366165594571814
1670,167.0,0,0.1,-4.039203865500509,0.9979741217156038,-0.020279331515508134
1670,167.0,1,0.2,-3.899527408542112,1.0013506051261027,0.013496938793969505
1670,167.0,2,0.3,-4.193964844376064,0.9956148927052254,-0.04394750077852977
1671,167.1,0,0.1,-4.041238674259568,0.9979672600608287,-0.020348087590590414
1671,167.1,1,0.2,-3.8982392285686402,1.0012890100336778,0.012881799734719323
1671,167.1,2,0.3,-4.198304024739021,0.9956702202782135,-0.04339180362956687
1672,167.20000000000002,0,0.1,-4.043274151515186,0.997966592923372,-0.020354772556179047
1672,167.20000000000002,1,0.2,-3.8970132558070905,1.001226724573358,0.012259727615495085
1672,167.20000000000002,2,0.3,-4.202572882912506,0.9957402404500523,-0.04268858173483909
1673,167.3,0,0.1,-4.045304267339135,0.9979719434674117,-0.02030115823948302
1673,167.3,1,0.2,-3.8958494764898233,1.0011644567711937,0.011637793172672545
1673,167.3,2,0.3,-4.206752908674798,0.9958286983854405,-0.041800257622928313
1674,167.4,0,0.1,-4.047323398555411,0.9979829058578866,-0.02019131216276841
1674,167.4,1,0.2,-3.8947470480180226,1.0011030363694355,0.011024284718007054
1674,167.4,2,0.3,-4.210819846083014,0.9959413213819377,-0.04066937408216074
1675,167.5,0,0.1,-4.049326667549212,0.9979987362103184,-0.020032689938008802
1675,167.5,1,0.2,-3.8937041508579253,1.0010434411664384,0.010428971600973707
1675,167.5,2,0.3,-4.21474278751076,0.9960847432548399,-0.039229414277459636
1676,167.6,0,0.1,-4.051310353674703,0.9980182800795057,-0.019836861254908262
1676,167.6,1,0.2,-3.89271784691412,1.0009867905014915,0.00986303943805445
1676,167.6,2,0.3,-4.21848459676598,0.9962651825895958,-0.03741809255220154
1677,167.70000000000002,0,0.1,-4.053272319916851,0.9980399571555332,-0.01961966242147726
1677,167.70000000000002,1,0.2,-3.8917839800499383,1.0009343030536122,0.009338668641814082
1677,167.70000000000002,2,0.3,-4.222003774273317,0.9964870075402721,-0.03519177507336745
1678,167.8,0,0.1,-4.055212387899493,0.9980618127328112,-0.019400679826421234
1678,167.8,1,0.2,-3.8908971499640677,1.000887223435941,0.008868300858706995
1678,167.8,2,0.3,-4.225257702728152,0.9967513598329013,-0.03253928454834928
1679,167.9,0,0.1,-4.057132598233818,0.9980816320900696,-0.019202103343253212
1679,167.9,1,0.2,-3.8900507798408435,1.0008467283954867,0.008463701232242419
1679,167.9,2,0.3,-4.228206986541494,0.9970550610517006,-0.02949283813341975
1680,168.0,0,0.1,-4.05903730999797,0.9980971010481561,-0.019047117641522976
1680,168.0,1,0.2,-3.889237283347421,1.0008138274714387,0.00813496493422374
1680,168.0,2,0.3,-4.2308203443568795,0.9973900540313778,-0.026133578153856682
1681,168.1,0,0.1,-4.060933119423344,0.9981059864862345,-0.018958094253732596
1681,168.1,1,0.2,-3.8884483207029943,1.0007892739573199,0.007889626444268943
1681,168.1,2,0.3,-4.233079290548359,0.9977436033073801,-0.02258946191479389
1682,168.20000000000002,0,0.1,-4.06282860810414,0.9981063066233674,-0.018954886807960446
1682,168.20000000000002,1,0.2,-3.887675119841269,1.0007734998585682,0.007732008617249893
1682,168.20000000000002,2,0.3,-4.234981731719799,0.9980993673227324,-0.019024411714396842
1683,168.3,0,0.1,-4.064733958803019,0.9980964633294614,-0.019053506988787577
1683,168.3,1,0.2,-3.8869088297105865,1.0007665838059734,0.007662901306826777
1683,168.3,2,0.3,-4.236543680426767,0.9984392705000514,-0.015619487069678861
1684,168.4,0,0.1,-4.066660496296797,0.9980753170884139,-0.01926537493778578
1684,168.4,1,0.2,-3.886140870008847,1.0007682546582912,0.007679597017396392
1684,168.4,2,0.3,-4.237798574690391,0.9987458927869257,-0.012548942636244223
1685,168.5,0,0.1,-4.068620217668856,0.9980421976280959,-0.019597213720593535
1685,168.5,1,0.2,-3.8853632452880547,1.0007779271492825,0.007776247207922802
1685,168.5,2,0.3,-4.238794140196332,0.9990049299049791,-0.009955655059413215
1686,168.6,0,0.1,-4.0706253697682175,0.9979968568751184,-0.020051520993612546
1686,168.6,1,0.2,-3.884568800225513,1.0007947607176049,0.00794445062541494
1686,168.6,2,0.3,-4.2395872283392615,0.9992072262683479,-0.007930881429292665
1687,168.70000000000002,0,0.1,-4.072688113027968,0.997939382733084,-0.020627432597497303
1687,168.70000000000002,1,0.2,-3.8837514047805364,1.0008177296036738,0.008173954449766459
1687,168.70000000000002,2,0.3,-4.240237465189302,0.9993499745081272,-0.0065023685004013876
1688,168.8,0,0.1,-4.074820284903294,0.9978700995884561,-0.021321718753261155
1688,168.8,1,0.2,-3.882906070281933,1.00084569189451,0.008453344986035153
1688,168.8,2,0.3,-4.240800736805097,0.99943688699188,-0.00563271615795312
1689,168.9,0,0.1,-4.077033248909927,0.9977894827929887,-0.022129640066329708
1689,168.9,1,0.2,-3.882029007674454,1.0008774473393574,0.008770626074788233
1689,168.9,2,0.3,-4.241323467886026,0.9994774055191599,-0.0052273108092929154
1690,169.0,0,0.1,-4.079337792940088,0.9976981093927313,-0.023045440301611354
1690,169.0,1,0.2,-3.8811176452950593,1.000911777796277,0.009113623793948719
1690,169.0,2,0.3,-4.241838363335088,0.9994852370868517,-0.005148954490614991
1691,169.1,0,0.1,-4.081744028378878,0.9975966572250936,-0.024062354387909525
1691,169.1,1,0.2,-3.8801706247795256,1.0009474690810514,0.009470205155338012
1691,169.1,2,0.3,-4.2423618862366075,0.9994766141126837,-0.005235229015197205
1692,169.20000000000002,0,0.1,-4.084261242396806,0.9974859515086184,-0.025172140179273543
1692,169.20000000000002,1,0.2,-3.879187790295166,1.0009833176244407,0.00982834484359206
1692,169.20000000000002,2,0.3,-4.24289338057738,0.9994686468773251,-0.005314943407722552
1693,169.3,0,0.1,-4.086897669530177,0.9973670451884667,-0.026364271333704614
1693,169.3,1,0.2,-3.8781701795530656,1.0010181286835844,0.01017610742100552
1693,169.3,2,0.3,-4.243415531284804,0.9994779855895327,-0.00522150707424481
1694,169.4,0,0.1,-4.0896601721670605,0.9972413095623137,-0.027625026368839806
1694,169.4,1,0.2,-3.877120016939083,1.0010507142278182,0.010501626139825568
1694,169.4,2,0.3,-4.243895842840457,0.9995198037754763,-0.004803115556528954
1695,169.5,0,0.1,-4.092553847393136,0.9971105074167058,-0.02893675226075474
1695,169.5,1,0.2,-3.876040701774819,1.0010798978344857,0.010793151642643554
1695,169.5,2,0.3,-4.2442889807589,0.9996069393501424,-0.003931379184427765
1696,169.6,0,0.1,-4.095581603252891,0.9969768231704562,-0.030277558597557375
1696,169.6,1,0.2,-3.8749367800332464,1.0011045312874547,0.011039217415725406
1696,169.6,2,0.3,-4.244540049694937,0.9997489625791305,-0.0025106893603689434
1697,169.70000000000002,0,0.1,-4.0987437646273435,0.9968428329921089,-0.03162161374451414
1697,169.70000000000002,1,0.2,-3.873813886936391,1.001123523777349,0.011228930968549489
1697,169.70000000000002,2,0.3,-4.24458902919866,0.9999510216957535,-0.0004897950372305667
1698,169.8,0,0.1,-4.10203777316105,0.9967114107603704,-0.03294008533706726
1698,169.8,1,0.2,-3.8726786509605677,1.0011358806000943,0.011352359758234988
1698,169.8,2,0.3,-4.244376522114849,1.0002125296650406,0.0021250708381083216
1699,169.9,0,0.1,-4.1054580353376275,0.9965855802573175,-0.03420262176577732
1699,169.9,1,0.2,-3.8715385561140345,1.0011407450017187,0.011400948465332777
1699,169.9,2,0.3,-4.243850639526204,1.0005260208891362,0.0052588258864541765
1700,170.0,0,0.1,-4.108995949505408,0.9964683368764897,-0.03537914167780466
1700,170.0,1,0.2,-3.8704017674100273,1.0011374350931987,0.011367887040073058
1700,170.0,2,0.3,-4.242974318344512,1.0008767052632837,0.008763211816918358
1701,170.1,0,0.1,-4.11264011099595,0.9963624704075938,-0.0364416149054246
1701,170.1,1,0.2,-3.8692769323009966,1.0011254679733093,0.011248351090307836
1701,170.1,2,0.3,-4.24173182906404,1.0012432614900657,0.012424892804717298
1702,170.20000000000002,0,0.1,-4.116376661156171,0.9962704220566122,-0.03736550160220492
1702,170.20000000000002,1,0.2,-3.8681729765626867,1.0011045653217432,0.01103955738309652
1702,170.20000000000002,2,0.3,-4.2401329282121525,1.0016001797753882,0.015989008518873776
1703,170.3,0,0.1,-4.120189718532975,0.9961942030953447,-0.038130573768040354
1703,170.3,1,0.2,-3.8670989152731714,1.001074638299905,0.010740612895153212
1703,170.3,2,0.3,-4.238213250296491,1.0019215216769315,0.01919677915661498
1704,170.4,0,0.1,-4.1240618151048665,0.9961353903275898,-0.03872096571891468
1704,170.4,1,0.2,-3.8660636974605156,1.0010357538355663,0.010352178126558675
1704,170.4,2,0.3,-4.236030183671868,1.0021854512495159,0.02183066624622878
1705,170.5,0,0.1,-4.127974261437741,0.9960951973135778,-0.03912446332874576
1705,170.5,1,0.2,-3.865076096971738,1.0009880883267235,0.009876004887777186
1705,170.5,2,0.3,-4.2336545042864895,1.0023785035476416,0.023756793853789943
1706,170.6,0,0.1,-4.131907382576719,0.996074603451401,-0.039331211389781476
1706,170.6,1,0.2,-3.8641446533154498,1.0009318775846467,0.009314436562882196
1706,170.6,2,0.3,-4.2311591560913095,1.0024984641677606,0.02495348195180078
1707,170.70000000000002,0,0.1,-4.135840598199249,0.9960745093387384,-0.03933215622529567
1707,170.70000000000002,1,0.2,-3.8632776564718423,1.0008673727940123,0.008669968436072734
1707,170.70000000000002,2,0.3,-4.228607413832685,1.0025550007239001,0.02551742258624176
1708,170.8,0,0.1,-4.139752359602031,0.9960958795693866,-0.039117614027823766
1708,170.8,1,0.2,-3.8624831610324617,1.0007948111344829,0.007944954393806387
1708,170.8,2,0.3,-4.2260429626199665,1.0025677422303465,0.025644512127184563
1709,170.9,0,0.1,-4.143619994082232,0.9961398351849543,-0.038676344802006636
1709,170.9,1,0.2,-3.8617690094283823,1.0007144066710514,0.007141516040794344
1709,170.9,2,0.3,-4.223484066169483,1.002562173220381,0.025588964504833844
1710,171.0,0,0.1,-4.147419535703324,0.9962076675038267,-0.03799541621092078
1710,171.0,1,0.2,-3.8611428427212786,1.0006263627904008,0.0062616670710372805
1710,171.0,2,0.3,-4.220923052704141,1.0025642956616458,0.025610134653428
1711,171.1,0,0.1,-4.1511256336397375,0.9963007611684224,-0.037060979364140656
1711,171.1,1,0.2,-3.8606120808520332,1.0005309027482496,0.005307618692454188
1711,171.1,2,0.3,-4.218331065164665,1.0025953496433944,0.02591987539475907
1712,171.20000000000002,0,0.1,-4.154711621998931,0.9964204336183904,-0.03585988359192955
1712,171.20000000000002,1,0.2,-3.860183861734218,1.0004283108167105,0.004282191178152231
1712,171.20000000000002,2,0.3,-4.215666737015727,1.0026678806254676,0.026643281489369723
1713,171.3,0,0.1,-4.158149809160263,0.9965677166360878,-0.03438187161332014
1713,171.3,1,0.2,-3.8598649386119317,1.000318973983672,0.003189231222862258
1713,171.3,2,0.3,-4.212886519417136,1.002784085987696,0.027802175985913086
1714,171.4,0,0.1,-4.161412005262123,0.9967431190785526,-0.03262196101859701
1714,171.4,1,0.2,-3.8596615455582386,1.0002034137394629,0.0020339305369311326
1714,171.4,2,0.3,-4.209954079433698,1.002936743791425,0.029324399834386727
1715,171.5,0,0.1,-4.164470261554199,0.9969464154100633,-0.030582562920768514
1715,171.5,1,0.2,-3.8595792496333368,1.0000822993113045,0.0008229592490183647
1715,171.5,2,0.3,-4.206846625139612,1.003112287435139,0.03107454294086053
1716,171.6,0,0.1,-4.167297754229756,0.997176500917021,-0.028274926755564252
1716,171.6,1,0.2,-3.8596228131821464,0.9999564374000678,-0.0004356354880963557
1716,171.6,2,0.3,-4.2035570733083825,1.003294968344526,0.032895518312294404
1717,171.70000000000002,0,0.1,-4.169869716586812,0.9974313423043639,-0.025719623570562268
1717,171.70000000000002,1,0.2,-3.8597960899466193,0.9998267382470786,-0.0017327676447283448
1717,171.70000000000002,2,0.3,-4.200092318461161,1.0034707640484286,0.0346475484722052
1718,171.8,0,0.1,-4.172164312731497,0.9977080344286293,-0.022945961446848767
1718,171.8,1,0.2,-3.860101974041851,0.9996941626825383,-0.003058840952317073
1718,171.8,2,0.3,-4.196469032215421,1.0036298582824086,0.0362328624574036
1719,171.9,0,0.1,-4.174163355262018,0.9980029542242441,-0.019990425305210807
1719,171.9,1,0.2,-3.860542412373348,0.9995596586472265,-0.004404383314971201
1719,171.9,2,0.3,-4.192709016667475,1.0037670932744134,0.03760015547946019
1720,172.0,0,0.1,-4.175852795746009,0.9983119858172529,-0.016894404839914296
1720,172.0,1,0.2,-3.86111848053727,0.999424097731486,-0.00576068163921783
1720,172.0,2,0.3,-4.1888359629285805,1.0038805637038961,0.03873053738894903
1721,172.1,0,0.1,-4.177222953890777,0.9986307800933429,-0.013701581447672308
1721,172.1,1,0.2,-3.861830511823962,0.9992882221474295,-0.007120312866924344
1721,172.1,2,0.3,-4.1848746165785675,1.0039692028531502,0.03961346350013221
1722,172.20000000000002,0,0.1,-4.1782684906076035,0.998955009666248,-0.01045536716826707
1722,172.20000000000002,1,0.2,-3.862678260716108,0.9991526103454248,-0.008477488921457015
1722,172.20000000000002,2,0.3,-4.18085216092256,1.0040305565889984,0.04022455656006203
1723,172.3,0,0.1,-4.178988163305508,0.9992805862043793,-0.0071967269790466845
1723,172.3,1,0.2,-3.863661077751512,0.9990176657710754,-0.009828170354038716
1723,172.3,2,0.3,-4.176800551438868,1.0040598283495261,0.040516094836926614
1724,172.4,0,0.1,-4.179384422533897,0.9996038192719295,-0.003962592283892844
1724,172.4,1,0.2,-3.864778072437083,0.998883628920783,-0.011169946855709791
1724,172.4,2,0.3,-4.172757982715484,1.0040507509263161,0.04042568723384273
1725,172.5,0,0.1,-4.17946291494863,0.9999215106657162,-0.0007849241473234961
1725,172.5,1,0.2,-3.8660282446983785,0.998750608878492,-0.012501722612957167
1725,172.5,2,0.3,-4.1687678643135895,1.0039980895227039,0.03990118401894676
1726,172.6,0,0.1,-4.179231949875421,1.0002309917476953,0.0023096507320909047
1726,172.6,1,0.2,-3.8674105719279757,0.998618627744608,-0.013823272295972697
1726,172.6,2,0.3,-4.16487457238144,1.003900880638337,0.03893291932149489
1727,172.70000000000002,0,0.1,-4.178701970060487,1.0005301202790484,0.005299798149332918
1727,172.70000000000002,1,0.2,-3.868924046361504,0.998487670291325,-0.015134744335282169
1727,172.70000000000002,2,0.3,-4.161116518010882,1.0037651247110175,0.03758054370557352
1728,172.8,0,0.1,-4.177885047732545,1.00081725609987,0.008169223279424397
1728,172.8,1,0.2,-3.8705676645363964,0.9983577318257303,-0.016436181748923185
1728,172.8,2,0.3,-4.15751827308684,1.0036047263789316,0.035982449240423535
1729,172.9,0,0.1,-4.176794410805402,1.0010912318878715,0.010906369271426805
1729,172.9,1,0.2,-3.8723403756674157,0.9982288591933104,-0.017727111310193895
1729,172.9,2,0.3,-4.154084181444476,1.0034399948905655,0.03434091642363608
1730,173.0,0,0.1,-4.1754439949998465,1.0013513280275599,0.013504158055558038
1730,173.0,1,0.2,-3.874240998328311,0.9981011823786067,-0.019006226608954093
1730,173.0,2,0.3,-4.150795789821469,1.0032938043141302,0.03288391623007501
1731,173.1,0,0.1,-4.173848017108243,1.00159725214212,0.015959778916033524
1731,173.1,1,0.2,-3.8762681151045686,0.9979749364373524,-0.02027116776257669
1731,173.1,2,0.3,-4.1476145431345985,1.0031863122222604,0.03181246686870768
1732,173.20000000000002,0,0.1,-4.172020570946089,1.0018291169595006,0.01827446162153496
1732,173.20000000000002,1,0.2,-3.8784199537845843,0.9978504748650804,-0.021518386800151827
1732,173.20000000000002,2,0.3,-4.144489736735837,1.0031296936955698,0.031248063987609598
1733,173.3,0,0.1,-4.169975257024355,1.002047407003013,0.02045313921734798
1733,173.3,1,0.2,-3.8806942623969034,0.9977282756679912,-0.02274308612319272
1733,173.3,2,0.3,-4.141370126859106,1.0031244809235607,0.03119609876731388
1734,173.4,0,0.1,-4.167724865161729,1.002252925894892,0.02250391862626117
1734,173.4,1,0.2,-3.8830881850462324,0.9976089404983226,-0.023939226493291638
1734,173.4,2,0.3,-4.138216371163881,1.0031587340148092,0.031537556952249815
1735,173.5,0,0.1,-4.165281132338508,1.0024467211720225,0.024437328232204403
1735,173.5,1,0.2,-3.8855981465701914,0.9974931857956993,-0.02509961523959135
1735,173.5,2,0.3,-4.13501103976287,1.0032104739687824,0.032053314010111626
1736,173.6,0,0.1,-4.162654594091893,1.0026299906201315,0.026265382466156666
1736,173.6,1,0.2,-3.8882197562751393,0.9973818237127589,-0.026216097049479962
1736,173.6,2,0.3,-4.131763512555735,1.003252806136557,0.03247527207135022
1737,173.70000000000002,0,0.1,-4.159854537039572,1.0028039808735223,0.028000570523201446
1737,173.70000000000002,1,0.2,-3.890947743404891,0.9972757304458705,-0.02727987129751243
1737,173.70000000000002,2,0.3,-4.128508529078222,1.003260286688626,0.03254983477512111
1738,173.8,0,0.1,-4.156889045249781,1.0029698932102855,0.029654917897909437
1738,173.8,1,0.2,-3.893775938079742,0.9971758009000664,-0.028281946748511196
1738,173.8,2,0.3,-4.125299018083396,1.0032146669898376,0.032095109948262084
1739,173.9,0,0.1,-4.153765118090978,1.0031288117042476,0.031239271588036743
1739,173.9,1,0.2,-3.8966973097601767,0.997082891373481,-0.029213716804347697
1739,173.9,2,0.3,-4.12219547118375,1.003108367887422,0.031035468996460466
1740,174.0,0,0.1,-4.150488826052455,1.0032816649494227,0.032762920385229405
1740,174.0,1,0.2,-3.8997040699384717,0.9969977555980039,-0.030067601782952137
1740,174.0,2,0.3,-4.119254984593278,1.0029448140617512,0.029404865904726914
1741,174.1,0,0.1,-4.147065467012848,1.0034292254255017,0.0342335903960686
1741,174.1,1,0.2,-3.9027878368276507,0.9969209830361258,-0.030837668891791712
1741,174.1,2,0.3,-4.116522916479962,1.0027358036125087,0.027320681133159885
1742,174.20000000000002,0,0.1,-4.14349968985938,1.0035721420999009,0.035657771534679195
1742,174.20000000000002,1,0.2,-3.9059398485583277,0.9968529506431089,-0.03152011730676201
1742,174.20000000000002,2,0.3,-4.114029006904425,1.0024970219548155,0.02493909575536401
1743,174.3,0,0.1,-4.139795564305823,1.0037109943049027,0.03704125553557024
1743,174.3,1,0.2,-3.9091512000893203,0.9967937993431041,-0.03211351530992795
1743,174.3,2,0.3,-4.1117881943964285,1.0022433250046723,0.022408125079965865
1744,174.4,0,0.1,-4.135956592323049,1.0038463502743804,0.03838971982774493
1744,174.4,1,0.2,-3.912413070506392,0.9967434437026769,-0.03261870417072118
1744,174.4,2,0.3,-4.10980478982558,1.0019853728187567,0.01983404570849003
1745,174.5,0,0.1,-4.131985673696324,1.0039788131701655,0.03970918626724943
1745,174.5,1,0.2,-3.9157169042683493,0.9967016178913682,-0.03303833761957275
1745,174.5,2,0.3,-4.108077650080107,1.0017286321103738,0.017271397454728814
1746,174.6,0,0.1,-4.127885051678381,1.0041090410722635,0.04100622017943378
1746,174.6,1,0.2,-3.9190545139604196,0.9966679539356974,-0.033376096920704985
1746,174.6,2,0.3,-4.106603858982936,1.0014748776609939,0.014737910971708018
1747,174.70000000000002,0,0.1,-4.12365627133706,1.0042377342498303,0.04228780341319831
1747,174.70000000000002,1,0.2,-3.922418083382709,0.9966420810403233,-0.03363569422288783
1747,174.70000000000002,2,0.3,-4.105379208948115,1.0012254002248835,0.012246500348209169
1748,174.8,0,0.1,-4.119300181619781,1.0043655912676168,0.043560897172787695
1748,174.8,1,0.2,-3.9258000666932245,0.996623729153407,-0.03381983310515505
1748,174.8,2,0.3,-4.104395209838786,1.0009844833952857,0.009839991093292814
1749,174.9,0,0.1,-4.114817003090243,1.0044932430090674,0.04483178529538533
1749,174.9,1,0.2,-3.9291929986240928,0.9966128175582956,-0.03392931930868508
1749,174.9,2,0.3,-4.10363392483104,1.0007615748587262,0.007612850077461253
1750,175.0,0,0.1,-4.11020646928866,1.004621178665765,0.04610533801583201
1750,175.0,1,0.2,-3.9325892483801788,0.9966095109766426,-0.033962497560861823
1750,175.0,2,0.3,-4.103063077314273,1.000571010481218,0.005708475167667584
1751,175.1,0,0.1,-4.105468034386687,1.0047496790374857,0.04738434901973057
1751,175.1,1,0.2,-3.935980761672396,0.9966142313927614,-0.033915132922175115
1751,175.1,2,0.3,-4.102634152239603,1.0004290170761831,0.004289250746696526
1752,175.20000000000002,0,0.1,-4.100601127033111,1.0048787699841375,0.04866907353574982
1752,175.20000000000002,1,0.2,-3.9393588385042273,0.9966276224503656,-0.033780768318304545
1752,175.20000000000002,2,0.3,-4.102285476231758,1.00034873680239,0.0034867600784497087
1753,175.3,0,0.1,-4.095605422937332,1.0050082034311447,0.049957040957793804
1753,175.3,1,0.2,-3.942713987810443,0.99665047291766,-0.03355149306216023
1753,175.3,2,0.3,-4.1019506865955355,1.0003348456845271,0.003347896362227067
1754,175.4,0,0.1,-4.090481108157632,1.0051374665356643,0.051243147797007255
1754,175.4,1,0.2,-3.9460358851117463,0.9966836140950839,-0.03321897301303356
1754,175.4,2,0.3,-4.101571069033419,1.0003796896259822,0.003796175621167069
1755,175.5,0,0.1,-4.085229110740039,1.00526581333249,0.05251997417592712
1755,175.5,1,0.2,-3.94931343933452,0.9967278110947608,-0.03277554222773835
1755,175.5,2,0.3,-4.10110860700449,1.0004625689809796,0.004624620289286604
1756,175.6,0,0.1,-4.079851288154566,1.0053923090302221,0.053778225854740076
1756,175.6,1,0.2,-3.9525349544971164,0.9967836683496267,-0.03221515162596683
1756,175.6,2,0.3,-4.100555865119571,1.0005528946748652,0.005527418849196367
1757,175.70000000000002,0,0.1,-4.074350568791578,1.0055158760979808,0.0550071936298621
1757,175.70000000000002,1,0.2,-3.9556883559074656,0.99685156533779,-0.03153401410348427
1757,175.70000000000002,2,0.3,-4.099939385072384,1.000616670110066,0.006164800471867002
1758,175.8,0,0.1,-4.068731054432944,1.0056353334474317,0.05619514358634489
1758,175.8,1,0.2,-3.958761442622519,0.9969316303826717,-0.03073086715053638
1758,175.8,2,0.3,-4.099315016855044,1.0006245631757482,0.006243682173395015
1759,175.9,0,0.1,-4.062998094740799,1.005749424554655,0.057329596921457046
1759,175.9,1,0.2,-3.961742129893824,0.997023750566636,-0.029806872713049076
1759,175.9,2,0.3,-4.0987559848860835,1.0005591882564535,0.0055903196896081985
1760,176.0,0,0.1,-4.057158343512168,1.005856835816226,0.05839751228630673
1760,176.0,1,0.2,-3.964618656293748,0.9971276068380678,-0.028765263999243586
1760,176.0,2,0.3,-4.098336678396485,1.0004193944108524,0.004193064895981163
1761,176.1,0,0.1,-4.0512198005103475,1.0059562111052622,0.05938543001821177
1761,176.1,1,0.2,-3.9673797468931404,0.9972427177054255,-0.02761090599392603
1761,176.1,2,0.3,-4.098116411188301,1.0002202914687868,0.0022026720818414535
1762,176.20000000000002,0,0.1,-4.045191834308193,1.0060461709512432,0.060279662021529186
1762,176.20000000000002,1,0.2,-3.97001474136007,0.9973684740837847,-0.026349944669291196
1762,176.20000000000002,2,0.3,-4.09812733350245,0.9999890777454993,-0.00010922314149117444
1763,176.3,0,0.1,-4.0390851737421904,1.0061253442298728,0.061066605660030776
1763,176.3,1,0.2,-3.9725137089971896,0.9975041521831884,-0.024989676371195733
1763,176.3,2,0.3,-4.098369377901102,0.9997579848917303,-0.0024204439865195535
1764,176.4,0,0.1,-4.032911851167968,1.0061924168014116,0.06173322574223224
1764,176.4,1,0.2,-3.9748675775092766,0.9976488996639991,-0.02353868512087099
1764,176.4,2,0.3,-4.098813035421126,0.9995564408814211,-0.004436575200239798
1765,176.5,0,0.1,-4.026685081692908,1.0062461961048912,0.062267694750598665
1765,176.5,1,0.2,-3.9770682970007885,0.9978017003161966,-0.022007194915120296
1765,176.5,2,0.3,-4.099408533454779,0.9994046792401106,-0.005954980336531418
1766,176.6,0,0.1,-4.020419069399616,1.0062856848162811,0.0626601229329218
1766,176.6,1,0.2,-3.9791090465585732,0.9979613313558121,-0.02040749557784887
1766,176.6,2,0.3,-4.100098278642744,0.9993104926315665,-0.006897451879642028
1767,176.70000000000002,0,0.1,-4.014128743050154,1.006310152000392,0.06290326349460597
1767,176.70000000000002,1,0.2,-3.9809844716714986,0.9981263323978866,-0.01875425112924951
1767,176.70000000000002,2,0.3,-4.100828744123573,0.999269801244131,-0.007304654808296123
1768,176.8,0,0.1,-4.007829437267488,1.006319188135754,0.0629930578266649
1768,176.8,1,0.2,-3.9826909222588576,0.9982950045716078,-0.017064505873590624
1768,176.8,2,0.3,-4.101558536427022,0.9992704739301853,-0.007297923034484259
1769,176.9,0,0.1,-4.001536547384862,1.006312731713147,0.06292889882626798
1769,176.9,1,0.2,-3.984226648973302,0.9984654519104006,-0.015357267144443283
1769,176.9,2,0.3,-4.102260994473991,0.9992977886189234,-0.007024580469697072
1770,177.0,0,0.1,-3.9952651938135966,1.0062910596821981,0.06271353571265427
1770,177.0,1,0.2,-3.985591913990232,0.9986356665333672,-0.013652650169300949
1770,177.0,2,0.3,-4.102921789999649,0.9993394227516239,-0.006607955256577134
1771,177.1,0,0.1,-3.989029932633082,1.0062547408874838,0.06235261180515116
1771,177.1,1,0.2,-3.9867889832007966,0.9988036469909735,-0.011970692105647954
1771,177.1,2,0.3,-4.103533844717966,0.9993881325489643,-0.006120547183173023
1772,177.20000000000002,0,0.1,-3.9828445424258674,1.0062045592354818,0.061853902072130186
1772,177.20000000000002,1,0.2,-3.9878219877532795,0.9989675288130478,-0.01033004552482662
1772,177.20000000000002,2,0.3,-4.104092764479723,0.9994412364047975,-0.005589197617562442
1773,177.3,0,0.1,-3.9767219041998807,1.0061414198869498,0.06122638225987036
1773,177.3,1,0.2,-3.9886966694096313,0.9991257007661405,-0.008746816563518998
1773,177.3,2,0.3,-4.104595577730999,0.9994973131381221,-0.005028132512761305
1774,177.4,0,0.1,-3.970673974149245,1.0060662557050495,0.06047930050636096
1774,177.4,1,0.2,-3.989420049590221,0.9992768813957763,-0.007233801805895246
1774,177.4,2,0.3,-4.105044002544913,0.999551675713466,-0.004484248139142976
1775,177.5,0,0.1,-3.9647118315816954,1.005979951515117,0.05962142567549905
1775,177.5,1,0.2,-3.9900000796242296,0.9994201381508923,-0.005800300340088934
1775,177.5,2,0.3,-4.105451331834568,0.9995927536576571,-0.004073292896551682
1776,177.6,0,0.1,-3.95884577034712,1.0058833002636949,0.05866061234575671
1776,177.6,1,0.2,-3.9904453347207722,0.9995548440147973,-0.004452550965426103
1776,177.6,2,0.3,-4.105850126456856,0.999601284885718,-0.003987946222876686
1777,177.70000000000002,0,0.1,-3.953085394641718,1.005776998572194,0.05760375705400578
1777,177.70000000000002,1,0.2,-3.990764804750878,0.9996805809950108,-0.0031947003010561145
1777,177.70000000000002,2,0.3,-4.10629699206604,0.9995532342203808,-0.004468656091843976
1778,177.8,0,0.1,-3.9474396808748358,1.005661680843223,0.05645713766882708
1778,177.8,1,0.2,-3.9909678129424373,0.9997970124132093,-0.0020300819155939552
1778,177.8,2,0.3,-4.106871201025524,0.9994259558669314,-0.005742089594838233
1779,177.9,0,0.1,-3.9419169763398294,1.0055379827804931,0.055227045350066756
1779,177.9,1,0.2,-3.9910640641015296,0.999903753472902,-0.0009625115909229202
1779,177.9,2,0.3,-4.107665699951919,0.9992058166043081,-0.007944989263953157
1780,178.0,0,0.1,-3.9365249209089748,1.0054066187253374,0.05392055430854943
1780,178.0,1,0.2,-3.991063793980817,1.000000270120749,2.701207124644765e-06
1780,178.0,2,0.3,-4.108771513293479,0.9988947978447067,-0.011058133415594102
1781,178.1,0,0.1,-3.931270296651251,1.005268454008539,0.05254624257723904
1781,178.1,1,0.2,-3.990977968081999,1.0000858295819661,0.0008582589881811974
1781,178.1,2,0.3,-4.1102588538404445,0.9985137649958115,-0.014873405469658386
1782,178.20000000000002,0,0.1,-3.926158828210794,1.0051245542817204,0.05111468440455794
1782,178.20000000000002,1,0.2,-3.9908184670259312,1.0001595137770374,0.0015950105606773162
1782,178.20000000000002,2,0.3,-4.112159612744831,0.9981010463938266,-0.019007589043860247
1783,178.3,0,0.1,-3.9211949701750815,1.0049761983891505,0.04963858035713036
1783,178.3,1,0.2,-3.9905981991472625,1.000220292139419,0.002202678786687021
1783,178.3,2,0.3,-4.114455913905631,0.9977063333218029,-0.02296301160799838
1784,178.4,0,0.1,-3.9163817236447307,1.0048248488088383,0.0481324653035103
1784,178.4,1,0.2,-3.9903310980396394,1.0002671367823002,0.0026710110762319514
1784,178.4,2,0.3,-4.11707810333403,0.997381245507294,-0.02622189428399018
1785,178.5,0,0.1,-3.9117205214809783,1.0046720824650843,0.046612021637526965
1785,178.5,1,0.2,-3.9900319889712708,1.0002991538059465,0.0029910906836862518
1785,178.5,2,0.3,-4.119913271681845,0.9971688469463901,-0.02835168347815992
1786,178.6,0,0.1,-3.907211210760947,1.0045194929608257,0.045093107200313905
1786,178.6,1,0.2,-3.989716336878907,1.0003157019157276,0.0031565209236374533
1786,178.6,2,0.3,-4.1228227570956015,0.9970947430370639,-0.029094854137562954
1787,178.70000000000002,0,0.1,-3.902852144026202,1.0043685812859755,0.04359066734744296
1787,178.70000000000002,1,0.2,-3.989399913099015,1.0003164738471768,0.0031642377989175596
1787,178.70000000000002,2,0.3,-4.125664729828985,0.9971620618481628,-0.028419727333830667
1788,178.8,0,0.1,-3.898640371416696,1.0042206545890113,0.04211772609506132
1788,178.8,1,0.2,-3.9890984325393886,1.0003015260094579,0.0030148055962666057
1788,178.8,2,0.3,-4.128316597990732,0.997351644934518,-0.02651868161747268
1789,178.9,0,0.1,-3.8945719077160543,1.004076751134313,0.040684637006418535
1789,178.9,1,0.2,-3.9888272147787913,1.0002712545434596,0.002712177605972575
1789,178.9,2,0.3,-4.130692087587273,0.9976273296460687,-0.023754895965410156
1790,179.0,0,0.1,-3.890642035381313,1.0039376044083943,0.039298723347414036
1790,179.0,1,0.2,-3.9886009120617256,1.0002263283254573,0.0022630271706570904
1790,179.0,2,0.3,-4.132749509796196,0.9979446928333898,-0.020574222089228048
1791,179.1,0,0.1,-3.886845599430188,1.003803651542378,0.03796435951125548
1791,179.1,1,0.2,-3.98843332780975,1.000167598295001,0.0016758425197550394
1791,179.1,2,0.3,-4.134490436907201,0.9982605874235726,-0.017409271110048075
1792,179.20000000000002,0,0.1,-3.88317725365638,1.0036750823890588,0.03668345773807201
1792,179.20000000000002,1,0.2,-3.988337326560956,1.0000960058570616,0.0009600124879403132
1792,179.20000000000002,2,0.3,-4.135950813849503,0.9985406888892033,-0.014603769423017231
1793,179.3,0,0.1,-3.879631629264977,1.0035519175530963,0.03545624391403136
1793,179.3,1,0.2,-3.988324816124593,1.0000125105146185,0.0001251043636285658
1793,179.3,2,0.3,-4.137188413481157,0.9987631658789385,-0.01237599631654333
1794,179.4,0,0.1,-3.8762034142279305,1.0034340980870822,0.03428215037046573
1794,179.4,1,0.2,-3.988406770097919,0.9999180493848091,-0.0008195397332589249
1794,179.4,2,0.3,-4.138270868219472,0.9989181309044857,-0.010824547383148702
1795,179.5,0,0.1,-3.872887350859213,1.0033215675892828,0.03316063368717448
1795,179.5,1,0.2,-3.988593256392542,0.9998135310928653,-0.001864862946230445
1795,179.5,2,0.3,-4.139267298192469,0.9990040662985012,-0.009964299729974825
1796,179.6,0,0.1,-3.869678176306911,1.00321432946582,0.0320917455230259
1796,179.6,1,0.2,-3.9888934449037916,0.9996998565408135,-0.0030018851124948326
1796,179.6,2,0.3,-4.1402444221008965,0.999023353321689,-0.009771239084273575
1797,179.70000000000002,0,0.1,-3.8665705423083767,1.0031124676988956,0.031076339985333806
1797,179.70000000000002,1,0.2,-3.9893155821443718,0.9995779518468088,-0.0042213724058006
1797,179.70000000000002,2,0.3,-4.141265889360374,0.9989790542606161,-0.01021467259477705
1798,179.8,0,0.1,-3.8635589543032753,1.0030161273920346,0.030115880051015443
1798,179.8,1,0.2,-3.989866937986973,0.9994487961261004,-0.005513558426013845
1798,179.8,2,0.3,-4.142392240593817,0.9988742828620139,-0.01126351233442577
1799,179.9,0,0.1,-3.860637765178996,1.0029254599548516,0.02921189124279688
1799,179.9,1,0.2,-3.9905537445506907,0.9993134292339251,-0.006868065637175959
1799,179.9,2,0.3,-4.143678847685273,0.9987142202325964,-0.012866070914557447
1800,180.0,0,0.1,-3.857801246670254,1.0028405452337603,0.028365185087421644
1800,180.0,1,0.2,-3.9913811555129257,0.9991729312478258,-0.008274109622350893
1800,180.0,2,0.3,-4.145170358466562,0.9985096009681191,-0.014915107812890365
1801,180.1,0,0.1,-3.855043744429959,1.0027613076465993,0.027575022402951857
1801,180.1,1,0.2,-3.992353253470686,0.9990283743763954,-0.009720979577601539
1801,180.1,2,0.3,-4.146892070568805,0.998279769193794,-0.017217121022437977
1802,180.20000000000002,0,0.1,-3.8523599046695285,1.002687444482471,0.026838397604296852
1802,180.20000000000002,1,0.2,-3.9934731236437764,0.998880756647504,-0.0111987017309031
1802,180.20000000000002,2,0.3,-4.148840527947803,0.9980534396317998,-0.019484573789969605
1803,180.3,0,0.1,-3.849744944847752,1.0026183818113499,0.026149598217767675
1803,180.3,1,0.2,-3.9947429968038968,0.9987309327876145,-0.01269873160120466
1803,180.3,2,0.3,-4.150976746497405,0.9978660615413636,-0.021362185496026746
1804,180.4,0,0.1,-3.847194931345327,1.0025532675522253,0.02550013502424931
1804,180.4,1,0.2,-3.9961644470453717,0.9985795595404114,-0.014214502414749672
1804,180.4,2,0.3,-4.153225381155191,0.9977538916272078,-0.02248634657785814
1805,180.5,0,0.1,-3.8447070252658118,1.0024910034859984,0.024879060795154645
1805,180.5,1,0.2,-3.9977386155678345,0.9984270698309282,-0.015741685224629272
1805,180.5,2,0.3,-4.155481796534679,0.9977461284120513,-0.02256415379488303
1806,180.6,0,0.1,-3.8422796636250127,1.002430310068217,0.024273616407991798
1806,180.6,1,0.2,-3.9994664239071738,0.9982736834621834,-0.017278083393393744
1806,180.6,2,0.3,-4.157626752234201,0.997857343074072,-0.021449556995217885
1807,180.70000000000002,0,0.1,-3.839912655689365,1.002369811510523,0.023670079356471644
1807,180.70000000000002,1,0.2,-4.0013487410875035,0.9981194532676317,-0.018823171803292897
1807,180.70000000000002,2,0.3,-4.159545939490673,0.9980826532058048,-0.019191872564721178
1808,180.8,0,0.1,-3.837607190209501,1.002308125108905,0.023054654798643416
1808,180.8,1,0.2,-4.00338647866228,0.9979643372029118,-0.020377375747769925
1808,180.8,2,0.3,-4.1611497445964005,0.9983974803024083,-0.016038051057273097
1809,180.9,0,0.1,-3.8353657651911517,1.0022439388892723,0.022414250183492464
1809,180.9,1,0.2,-4.005580602981492,0.9978082810120317,-0.021941243192121897
1809,180.9,2,0.3,-4.16238810915095,0.9987624019024192,-0.012383645545491356
1810,181.0,0,0.1,-3.8331920642004143,1.0021760651914473,0.021737009907375607
1810,181.0,1,0.2,-4.007932071115796,0.9976512944011277,-0.023514681343038916
1810,181.0,2,0.3,-4.163256542469252,0.9991319436607762,-0.008684333183027132
1811,181.1,0,0.1,-3.8310908094612532,1.0021034639219815,0.021012547391611264
1811,181.1,1,0.2,-4.0104417111145985,0.9974935065149034,-0.025096399988024137
1811,181.1,2,0.3,-4.163791914618131,0.999464771137218,-0.005353721488790291
1812,181.20000000000002,0,0.1,-3.829067621070017,1.0020252364178177,0.020231883912358146
1812,181.20000000000002,1,0.2,-4.013110074933225,0.997335193099687,-0.026683638186260666
1812,181.20000000000002,2,0.3,-4.164059721191642,0.9997322292834684,-0.0026780657351104815
1813,181.3,0,0.1,-3.8271289040903986,1.0019405975064555,0.019387169796184482
1813,181.3,1,0.2,-4.0159372915622535,0.9971767761841694,-0.02827216629028567
1813,181.3,2,0.3,-4.164136934077318,0.9999227900951625,-0.0007721288567541946
1814,181.4,0,0.1,-3.825281773163166,1.001848837924418,0.018471309272328703
1814,181.4,1,0.2,-4.018922939154019,0.9970188050215911,-0.02985647591765953
1814,181.4,2,0.3,-4.164095483697344,1.0000414512390523,0.00041450379973719946
1815,181.5,0,0.1,-3.8235340106195035,1.0017492907708134,0.01747762543662478
1815,181.5,1,0.2,-4.022065941061607,0.996861932152301,-0.031430019075877176
1815,181.5,2,0.3,-4.163990634719933,1.0001048544742575,0.0010484897741137075
1816,181.6,0,0.1,-3.82189404225222,1.0016413138508227,0.01639968367283733
1816,181.6,1,0.2,-4.025364475996983,0.9967068992543866,-0.03298534935376206
1816,181.6,2,0.3,-4.163856449409452,1.000134194313732,0.0013418531048082424
1817,181.70000000000002,0,0.1,-3.8203709077185026,1.0015242950922751,0.015231345337168724
1817,181.70000000000002,1,0.2,-4.028815881623733,0.9965545436272523,-0.034514056267492745
1817,181.70000000000002,2,0.3,-4.163708012896727,1.0001484475299696,0.0014843651272485837
1818,181.8,0,0.1,-3.8189742017437247,1.0013976818228392,0.013967059747780026
1818,181.8,1,0.2,-4.032416527501199,0.9964058286747137,-0.03600645877465985
1818,181.8,2,0.3,-4.1635480125866495,1.0001600131108102,0.0016000031007746627
1819,181.9,0,0.1,-3.8177139680948455,1.0012610280769907,0.012602336488792438
1819,181.9,1,0.2,-4.03616163901627,0.9962618926685141,-0.037451115150714996
1819,181.9,2,0.3,-4.163374275765857,1.0001737519139076,0.0017373682079214624
1820,182.0,0,0.1,-3.8166005393891504,1.0011140487975576,0.011134287056951487
1820,182.0,1,0.2,-4.040045067799772,0.9961241019745145,-0.03883428783502339
1820,182.0,2,0.3,-4.163185214050466,1.000189079588684,0.0018906171539169146
1821,182.1,0,0.1,-3.815644329666745,1.0009566670366732,0.009562097224056753
1821,182.1,1,0.2,-4.044059022687309,0.9959940902614949,-0.0401395488753687
1821,182.1,2,0.3,-4.162981563324605,1.0002036714640772,0.002036507258607161
1822,182.20000000000002,0,0.1,-3.81485560009293,1.0007890407027784,0.007887295738145266
1822,182.20000000000002,1,0.2,-4.048193793471784,0.9958737656108462,-0.041347707844740546
1822,182.20000000000002,2,0.3,-4.1627647171143805,1.0002168697230638,0.0021684621022450344
1823,182.3,0,0.1,-3.8142442280262863,1.0006115589926374,0.006113720666438908
1823,182.3,1,0.2,-4.052437512103362,0.9957652732182103,-0.04243718631578261
1823,182.3,2,0.3,-4.162533546207136,1.0002311976292975,0.002311709072442401
1824,182.4,0,0.1,-3.813819513576614,1.0004248046536237,0.004247144496720942
1824,182.4,1,0.2,-4.056775998366659,0.995670911372814,-0.04338486263297161
1824,182.4,2,0.3,-4.162282239932675,1.0002513378545281,0.002513062744613635
1825,182.5,0,0.1,-3.8135900545157453,1.0002294853886127,0.002294590608689215
1825,182.5,1,0.2,-4.061192727546761,0.9955930102241766,-0.04416729180102304
1825,182.5,2,0.3,-4.162001152615844,1.0002811268255727,0.0028108731683131258
1826,182.6,0,0.1,-3.813563710316954,1.0000263445458026,0.00026344198791329707
1826,182.6,1,0.2,-4.065668937414268,0.995533793428699,-0.044762098675071076
1826,182.6,2,0.3,-4.161681135984724,1.0003200678419044,0.003200166311199308
1827,182.70000000000002,0,0.1,-3.813747660938344,0.9998160662964881,-0.0018395062138983045
1827,182.70000000000002,1,0.2,-4.07018386525,0.9954952491291008,-0.04514927835731126
1827,182.70000000000002,2,0.3,-4.161320017289459,1.0003611839064708,0.0036111869526492374
1828,182.8,0,0.1,-3.814148548568011,0.9995991927150419,-0.0040088762966708
1828,182.8,1,0.2,-4.074715078954194,0.9954790367564355,-0.04531213704194217
1828,182.8,2,0.3,-4.160928523889042,1.0003915700439596,0.003914934004170202
1829,182.9,0,0.1,-3.814772674277269,0.9993760690166791,-0.006241257092583296
1829,182.9,1,0.2,-4.079238846521875,0.9954864492568365,-0.045237675676815046
1829,182.9,2,0.3,-4.160532682704659,1.0003959195398424,0.0039584118438276165
1830,183.0,0,0.1,-3.815626209617948,0.9991468288169956,-0.008535353406787169
1830,183.0,1,0.2,-4.083730481106807,0.995518437719677,-0.04491634584932214
1830,183.0,2,0.3,-4.1601707426563745,1.000362005556487,0.003619400482844021
1831,183.1,0,0.1,-3.816715378125584,0.998911424421097,-0.010891685076362465
1831,183.1,1,0.2,-4.088164607489285,0.995575689841758,-0.04434126382477895
1831,183.1,2,0.3,-4.159884654644513,1.00028612893894,0.0028608801186182325
1832,183.20000000000002,0,0.1,-3.818046564675032,0.998669699086341,-0.013311865494475576
1832,183.20000000000002,1,0.2,-4.092515319063107,0.9956587390611464,-0.04350711573821618
1832,183.20000000000002,2,0.3,-4.159708352195816,1.0001763179908871,0.0017630244869688992
1833,183.3,0,0.1,-3.819626321391911,0.9984214904419408,-0.015797567168790227
1833,183.3,1,0.2,-4.096756227526784,0.9957680714897494,-0.04240908463677214
1833,183.3,2,0.3,-4.159656642020673,1.0000517115121372,0.0005171017514271919
1834,183.4,0,0.1,-3.821461255585904,0.9981667482685281,-0.018349341939934916
1834,183.4,1,0.2,-4.10086044234592,0.9959041959600226,-0.04104214819135932
1834,183.4,2,0.3,-4.159718796463507,0.9999378474887128,-0.0006215444283430925
1835,183.5,0,0.1,-3.823557805010234,0.9979056468003153,-0.020965494243300267
1835,183.5,1,0.2,-4.104800544648471,0.9960676497159354,-0.03940102302551598
1835,183.5,2,0.3,-4.1598597519082405,0.9998590544890187,-0.001409554447331454
1836,183.6,0,0.1,-3.8259219251161034,0.9976386722251659,-0.02364120105869417
1836,183.6,1,0.2,-4.108548632622658,0.9962589273401355,-0.03748087974187122
1836,183.6,2,0.3,-4.1600294750171685,0.9998302912932242,-0.001697231089279424
1837,183.70000000000002,0,0.1,-3.828558728358247,0.9973666700700408,-0.02636803242143171
1837,183.70000000000002,1,0.2,-4.112076508210672,0.9964783400535835,-0.03527875588012905
1837,183.70000000000002,2,0.3,-4.160178284342808,0.9998512017459191,-0.0014880932563962005
1838,183.8,0,0.1,-3.831472124216853,0.997090843960685,-0.02913395858606004
1838,183.8,1,0.2,-4.115356048287447,0.9967258317408143,-0.0327954007677552
1838,183.8,2,0.3,-4.160273640763721,0.9999046481253661,-0.000953564209131895
1839,183.9,0,0.1,-3.8346645088526174,0.9968127056059566,-0.031923846357646155
1839,183.9,1,0.2,-4.118359763061455,0.9970007918638664,-0.03003714774007797
1839,183.9,2,0.3,-4.160313011285474,0.9999606302532561,-0.00039370521752959427
1840,184.0,0,0.1,-3.838136545136781,0.9965339842639465,-0.0347203628416379
1840,184.0,1,0.2,-4.121061499654546,0.9973019098126029,-0.027017365930916287
1840,184.0,2,0.3,-4.160328333115719,0.9999846782871344,-0.0001532183024455323
1841,184.1,0,0.1,-3.841887058651091,0.9962565108770649,-0.037505135143100964
1841,184.1,1,0.2,-4.12343721103012,0.9976271083932686,-0.023757113755734877
1841,184.1,2,0.3,-4.160380163641326,0.9999481708175708,-0.0005183052560742436
1842,184.20000000000002,0,0.1,-3.8459130558537686,0.9959820962589991,-0.04025997202676796
1842,184.20000000000002,1,0.2,-4.125465689855302,0.9979735771475892,-0.020284788251818505
1842,184.20000000000002,2,0.3,-4.160542933407041,0.9998372434805651,-0.001627697657146839
1843,184.3,0,0.1,-3.850209850463626,0.9957124234047375,-0.0429679460985779
1843,184.3,1,0.2,-4.127129169766888,0.9983379029042537,-0.016634799115858693
1843,184.3,2,0.3,-4.160885619944162,0.9996573721732037,-0.003426865371212368
1844,184.4,0,0.1,-3.8547712668995864,0.9954489710241455,-0.04561416435960457
1844,184.4,1,0.2,-4.12841372320164,0.9987162712508559,-0.012845534347523844
1844,184.4,2,0.3,-4.161453601994633,0.9994321792208002,-0.005679820504705158
1845,184.5,0,0.1,-3.8595898785062372,0.9951929792774609,-0.04818611606651143
1845,184.5,1,0.2,-4.129309429398849,0.9991046948278447,-0.00895706197209074
1845,184.5,2,0.3,-4.162256989936093,0.9991969346882268,-0.00803387941460666
1846,184.6,0,0.1,-3.8646572353864124,0.9949454605134584,-0.0506735688017541
1846,184.6,1,0.2,-4.129810337261874,0.9994992175703736,-0.005009078630253967
1846,184.6,2,0.3,-4.163268594738865,0.998988906696874,-0.010116048027715726
1847,184.70000000000002,0,0.1,-3.869964042523811,0.994707249088047,-0.05306807137397521
1847,184.70000000000002,1,0.2,-4.129914292115838,0.9998960505491556,-0.0010395485396317151
1847,184.70000000000002,2,0.3,-4.164431640039131,0.9988376307747917,-0.011630453002655215
1848,184.8,0,0.1,-3.8755002624115757,0.9944790767360487,-0.055362198877649635
1848,184.8,1,0.2,-4.129622721041503,1.0002916135853115,0.0029157107433432352
1848,184.8,2,0.3,-4.165674319187352,0.9987580926577757,-0.012426791482216966
1849,184.9,0,0.1,-3.8812551349821294,0.9942616549887333,-0.05754872570553953
1849,184.9,1,0.2,-4.128940471159626,1.0006824826672642,0.006822498818773003
1849,184.9,2,0.3,-4.16692630047691,0.9987488021120478,-0.012519812895580174
1850,185.0,0,0.1,-3.887217127571916,0.9940557448204248,-0.059619925897868076
1850,185.0,1,0.2,-4.127875768596828,1.0010652695597815,0.010647025627977308
1850,185.0,2,0.3,-4.168131958487508,0.998795068503017,-0.012056580105977563
1851,185.1,0,0.1,-3.8933738448993953,0.9938621964212045,-0.06156717327479816
1851,185.1,1,0.2,-4.126440319592919,1.0014364797539683,0.01435449003909543
1851,185.1,2,0.3,-4.169256606915525,0.9988759837520106,-0.011246484280170251
1852,185.20000000000002,0,0.1,-3.8997119399741726,0.9936819482818878,-0.06338095074775899
1852,185.20000000000002,1,0.2,-4.124649521413293,1.001792402616284,0.017907981796257223
1852,185.20000000000002,2,0.3,-4.1702848205965575,0.998972314749526,-0.010282136810324409
1853,185.3,0,0.1,-3.906217069070301,0.9935159834513952,-0.06505129096128584
1853,185.3,1,0.2,-4.122522703713676,1.0021290809806254,0.021268176996170993
1853,185.3,2,0.3,-4.171213008866751,0.999072242363293,-0.009281882701933059
1854,185.4,0,0.1,-3.91287392669772,0.9933652501659711,-0.06656857627419678
1854,185.4,1,0.2,-4.120083293462026,1.002442388033689,0.024394102516495375
1854,185.4,2,0.3,-4.172040535004141,0.9991728161679345,-0.008275261373907243
1855,185.5,0,0.1,-3.919666381133368,0.9932305621404832,-0.06792454435648074
1855,185.5,1,0.2,-4.117358796135425,1.0027282121423446,0.027244973266011156
1855,185.5,2,0.3,-4.17276401735894,0.9992767792954569,-0.00723482354798618
1856,185.6,0,0.1,-3.9265777105100264,0.993112498933516,-0.06911329376658897
1856,185.6,1,0.2,-4.114380513290574,1.0029827223354622,0.029782828448514126
1856,185.6,2,0.3,-4.173377856692105,0.9993863490276551,-0.006138393331652019
1857,185.70000000000002,0,0.1,-3.93359091787092,0.9930113277876494,-0.07013207360891908
1857,185.70000000000002,1,0.2,-4.111182965164258,1.003202665736474,0.031975481263152805
1857,185.70000000000002,2,0.3,-4.173881130224979,0.9994968530880082,-0.005032735328737125
1858,185.8,0,0.1,-3.9406890854950527,0.9929269648676398,-0.07098167624133249
1858,185.8,1,0.2,-4.107803044730798,1.0033856388052604,0.033799204334601075
1858,185.8,2,0.3,-4.17428791730188,0.9995932956497436,-0.0040678707690136135
1859,185.9,0,0.1,-3.9478557180959744,0.9928589864731333,-0.0716663260092206
1859,185.9,1,0.2,-4.104278982548911,1.0035302789896787,0.03524062181887034
1859,185.9,2,0.3,-4.174636124562075,0.9996518533569175,-0.0034820726019459715
1860,186.0,0,0.1,-3.955075023639002,0.9928066910465082,-0.07219305543028265
1860,186.0,1,0.2,-4.100649237308721,1.0036363407430293,0.03629745240190758
1860,186.0,2,0.3,-4.174989847404385,0.9996463397102385,-0.003537228423100759
1861,186.1,0,0.1,-3.962332089890901,0.9927692026698811,-0.07257066251899115
1861,186.1,1,0.2,-4.096951437527748,1.0037046450774942,0.03697799780973054
1861,186.1,2,0.3,-4.175432378031373,0.9995575672752475,-0.004425306269882053
1862,186.20000000000002,0,0.1,-3.9696129325733716,0.9927455984424728,-0.0728084268246899
1862,186.20000000000002,1,0.2,-4.093221484079627,1.0037369183814175,0.03729953448120367
1862,186.20000000000002,2,0.3,-4.17605042490358,0.9993821440794204,-0.006180468722066495
1863,186.3,0,0.1,-3.9769044134236498,0.9927350375043812,-0.07291480850278613
1863,186.3,1,0.2,-4.089492886279686,1.0037355576682125,0.037285977999410476
1863,186.3,2,0.3,-4.176913632138655,0.9991371652211133,-0.008632072350752076
1864,186.4,0,0.1,-3.9841940487805854,0.9927368695919744,-0.07289635356936024
1864,186.4,1,0.2,-4.085796355901901,1.0037033709724266,0.03696530377785156
1864,186.4,2,0.3,-4.178055734174766,0.9988585499141978,-0.011421020361109351
1865,186.5,0,0.1,-3.991469746725418,0.9927507058712565,-0.07275697944832929
1865,186.5,1,0.2,-4.0821596355705445,1.0036433412224177,0.03636720331356742
1865,186.5,2,0.3,-4.179463800996969,0.9985929240387635,-0.01408066822203482
1866,186.6,0,0.1,-3.9987195196414014,0.9927764432955664,-0.07249772915983911
1866,186.6,1,0.2,-4.078607501318182,1.0035584505578092,0.03552134252362318
1866,186.6,2,0.3,-4.181079916373723,0.9983851898344829,-0.016161153767538603
1867,186.70000000000002,0,0.1,-4.005931217629625,0.9928142439065503,-0.0721169798822188
1867,186.70000000000002,1,0.2,-4.075161861144895,1.0034515832152895,0.034456401732861845
1867,186.70000000000002,2,0.3,-4.182815874347529,0.9982655479297158,-0.017359579738057067
1868,186.8,0,0.1,-4.013092317239305,0.9928644799684067,-0.07161099609680883
1868,186.8,1,0.2,-4.071841874606016,1.0033255037982411,0.03319986538879516
1868,186.8,2,0.3,-4.184577175328879,0.9982402491989784,-0.017613009813502892
1869,186.9,0,0.1,-4.02018978238805,0.9929276623746404,-0.07097465148744724
1869,186.9,1,0.2,-4.068664040022964,1.003182889252254,0.031778345830526106
1869,186.9,2,0.3,-4.186289134730966,0.9982895051645317,-0.017119594020870016
1870,187.0,0,0.1,-4.02720999465659,0.9930043718593687,-0.07020212268540726
1870,187.0,1,0.2,-4.065642228815561,1.0030263814812317,0.030218112074031408
1870,187.0,2,0.3,-4.187916614941299,0.9983738434174279,-0.016274802103329693
1871,187.1,0,0.1,-4.034138733316243,0.9930952097074739,-0.06928738659653216
1871,187.1,1,0.2,-4.062787681305496,1.0028586256102618,0.028545475100651377
1871,187.1,2,0.3,-4.189470522527935,0.9984472991026498,-0.015539075866356273
1872,187.20000000000002,0,0.1,-4.040961175735457,0.9932007776052991,-0.06822442419212263
1872,187.20000000000002,1,0.2,-4.060109005776813,1.0026822663855073,0.02678675528681675
1872,187.20000000000002,2,0.3,-4.1909984799492666,0.9984732093112938,-0.015279574213314795
1873,187.3,0,0.1,-4.047661888690597,0.9933216867626286,-0.06700712955141011
1873,187.3,1,0.2,-4.057612235528446,1.0024998897749107,0.024967702483672836
1873,187.3,2,0.3,-4.19256253958352,0.9984371628695774,-0.01564059634253301
1874,187.4,0,0.1,-4.054224790631703,0.9934585868644985,-0.0656290194110591
1874,187.4,1,0.2,-4.055300993957354,1.002313914548795,0.023112415710927686
1874,187.4,2,0.3,-4.194211420701004,0.9983524775401285,-0.016488811174842737
1875,187.5,0,0.1,-4.060633081687511,0.99361219825081,-0.06408291055808676
1875,187.5,1,0.2,-4.053176796752944,1.0021264549096118,0.021241972044096044
1875,187.5,2,0.3,-4.195956805113637,0.998256137884947,-0.017453844126330435
1876,187.6,0,0.1,-4.066869157735187,0.993783327918738,-0.06236076047676419
1876,187.6,1,0.2,-4.051239488524512,1.0019391860224445,0.019373082284320765
1876,187.6,2,0.3,-4.197762027285515,0.9981964062616241,-0.018052221718783873
1877,187.70000000000002,0,0.1,-4.072914541879967,0.9939728524224252,-0.06045384144778023
1877,187.70000000000002,1,0.2,-4.049487776749419,1.0017532469184105,0.017517117750931913
1877,187.70000000000002,2,0.3,-4.199547474175925,0.998216146071699,-0.017854468904095304
1878,187.8,0,0.1,-4.078749876226765,0.9941816581483083,-0.05835334346798836
1878,187.8,1,0.2,-4.0479197976106995,1.0015692090607553,0.01567979138719178
1878,187.8,2,0.3,-4.20121143486087,0.9983374229301026,-0.01663960684944771
1879,187.9,0,0.1,-4.084355015536522,0.9944105401746741,-0.0560513930975702
1879,187.9,1,0.2,-4.046533633417462,1.0013871253628845,0.01386164193237861
1879,187.9,2,0.3,-4.2026597327926565,0.9985527503455296,-0.01448297931786773
1880,188.0,0,0.1,-4.089709251422947,0.9946600724863472,-0.05354235886425889
1880,188.0,1,0.2,-4.045327703975888,1.0012066568668614,0.012059294415741181
1880,188.0,2,0.3,-4.203834058987623,0.9988263630562105,-0.011743261949668906
1881,188.1,0,0.1,-4.094791673189002,0.9949304718865403,-0.050824217660550675
1881,188.1,1,0.2,-4.044300974399019,1.001027256844119,0.010267295768687262
1881,188.1,2,0.3,-4.204728922638091,0.9991055366206042,-0.008948636504673655
1882,188.20000000000002,0,0.1,-4.099581643765895,0.9952214830373812,-0.04789970576892143
1882,188.20000000000002,1,0.2,-4.04345295512317,1.000848378945857,0.00848019275848684
1882,188.20000000000002,2,0.3,-4.20539088286575,0.9993382588196762,-0.006619602276590358
1883,188.3,0,0.1,-4.104059342595974,0.9955323111172445,-0.044776988300790126
1883,188.3,1,0.2,-4.042783508912635,1.0006696703396616,0.006694462105354785
1883,188.3,2,0.3,-4.205900031652612,0.9994909808073866,-0.005091487868620638
1884,188.4,0,0.1,-4.108206307975664,0.9958616214074365,-0.041469653796897404
1884,188.4,1,0.2,-4.042292515622201,1.0004911138473693,0.004909932904340332
1884,188.4,2,0.3,-4.20634016978134,0.9995599587178491,-0.004401381287282541
1885,188.5,0,0.1,-4.112005904327054,0.9962076129810848,-0.03799596351390593
1885,188.5,1,0.2,-4.0419794704598315,1.0003130941661196,0.0031304516236920323
1885,188.5,2,0.3,-4.2067682402340765,0.9995720211563477,-0.004280704527364309
1886,188.6,0,0.1,-4.115443647529033,0.9965681590717451,-0.03437743201979178
1886,188.6,1,0.2,-4.041843100104069,1.000136379654622,0.0013637035576242404
1886,188.6,2,0.3,-4.207193872001853,0.9995744588005745,-0.0042563176777668165
1887,188.70000000000002,0,0.1,-4.118507342999409,0.996940992855502,-0.030636954703748526
1887,188.70000000000002,1,0.2,-4.041881071760898,0.9999620290640859,-0.00037971656828608393
1887,188.70000000000002,2,0.3,-4.207576369937319,0.9996175752075428,-0.0038249793546621023
1888,188.8,0,0.1,-4.1211870226872325,0.9973239074489493,-0.026796796878240516
1888,188.8,1,0.2,-4.042089845627682,0.9997912479249629,-0.0020877386678465138
1888,188.8,2,0.3,-4.207840434543058,0.9997359702562508,-0.0026406460573814962
1889,188.9,0,0.1,-4.123474702181667,0.9977149352500208,-0.02287679494434999
1889,188.9,1,0.2,-4.042464687139318,0.999625228732667,-0.0037484151163538113
1889,188.9,2,0.3,-4.207905270150566,0.9999351664942738,-0.0006483560750858799
1890,189.0,0,0.1,-4.125364010535674,0.9981124752655753,-0.018893083540066878
1890,189.0,1,0.2,-4.0429998195660755,0.9994650107310624,-0.005351324267577644
1890,189.0,2,0.3,-4.207716712939244,1.00018857498935,0.0018855721132205977
1891,189.1,0,0.1,-4.126849766659224,0.9985153470656549,-0.014857561235502593
1891,189.1,1,0.2,-4.043688667862207,0.9993113889053875,-0.0068884829613140046
1891,189.1,2,0.3,-4.207270464790156,1.0004463477326062,0.004462481490881385
1892,189.20000000000002,0,0.1,-4.12792758300137,0.9989227642932623,-0.010778163421460754
1892,189.20000000000002,1,0.2,-4.04452412731859,0.9991648894426978,-0.00835459456383335
1892,189.20000000000002,2,0.3,-4.206617337049243,1.000653341075278,0.006531277409126027
1893,189.3,0,0.1,-4.12859356859601,0.9993342361245433,-0.006659855946394112
1893,189.3,1,0.2,-4.045498788774809,0.9990258133719805,-0.009746614562189946
1893,189.3,2,0.3,-4.205847813994198,1.0007698192138734,0.007695230550455616
1894,189.4,0,0.1,-4.128844181572614,0.999749418424205,-0.002506129766040175
1894,189.4,1,0.2,-4.046605065553893,0.9988943349194817,-0.011062767790842106
1894,189.4,2,0.3,-4.205060852613051,1.0007872711164991,0.007869613811469115
1895,189.5,0,0.1,-4.128676250811967,1.0001679448618062,0.0016793076064659362
1895,189.5,1,0.2,-4.047835192210901,0.9987706296386442,-0.012301266570072389
1895,189.5,2,0.3,-4.2043276738944355,1.0007334475598313,0.007331787186153765
1896,189.6,0,0.1,-4.128087153972607,1.0005892703909813,0.005890968393602926
1896,189.6,1,0.2,-4.049181095578388,0.9986550019542458,-0.013459033674872655
1896,189.6,2,0.3,-4.203663225052093,1.0006646696373744,0.006644488423424399
1897,189.70000000000002,0,0.1,-4.127075111132993,1.001012555127773,0.01012042839613639
1897,189.70000000000002,1,0.2,-4.050634167499214,0.9985479832770228,-0.014530719208260016
1897,189.70000000000002,2,0.3,-4.2030154934264745,1.000647941449049,0.006477316256184499
1898,189.8,0,0.1,-4.125639535004269,1.0014366070614031,0.01435576128724218
1898,189.8,1,0.2,-4.052184989837492,0.9984503795652906,-0.015508223382783896
1898,189.8,2,0.3,-4.202276924991382,1.0007388412439184,0.007385684350929431
1899,189.9,0,0.1,-4.123781372966834,1.0018598894903106,0.0185816203743549
1899,189.9,1,0.2,-4.053823071721021,0.9983632590403194,-0.016380818835283015
1899,189.9,2,0.3,-4.201314733911943,1.0009626541337795,0.009621910794389002
1900,190.0,0,0.1,-4.121503383178079,1.0022805863787878,0.022779897887545048
1900,190.0,1,0.2,-4.055536655251736,0.998287883815284,-0.017135835307150325
1900,190.0,2,0.3,-4.200010179688431,1.001305405524522,0.013045542235117965
1901,190.1,0,0.1,-4.118810304165406,1.0026967086074883,0.026930790126737245
1901,190.1,1,0.2,-4.057312630848553,0.9982256005146593,-0.01775975596817959
1901,190.1,2,0.3,-4.198293253816587,1.0017184006329662,0.017169258718442302
1902,190.20000000000002,0,0.1,-4.115708900234302,1.003106218260049,0.031014039311029914
1902,190.20000000000002,1,0.2,-4.059136581034685,0.9981777122001525,-0.018239501861310476
1902,190.20000000000002,2,0.3,-4.196160331646599,1.0021351984665798,0.021329221699874647
1903,190.3,0,0.1,-4.112207888467838,1.0035071474664554,0.03501011766464423
1903,190.3,1,0.2,-4.060992947170396,0.9981453558461963,-0.018563661357112682
1903,190.3,2,0.3,-4.1936682748502925,1.0024951645508753,0.02492056796306627
1904,190.4,0,0.1,-4.108317772266501,1.0038976925244405,0.038901162013369454
1904,190.4,1,0.2,-4.062865292625938,0.9981294062897491,-0.018723454555421525
1904,190.4,2,0.3,-4.190907168459984,1.002764921755293,0.027611063903087332
1905,190.5,0,0.1,-4.104050617901334,1.0042762716320042,0.04267154365167579
1905,190.5,1,0.2,-4.064736622208494,0.9981304202629646,-0.0187132958255642
1905,190.5,2,0.3,-4.187961892171888,1.002949617875648,0.029452762880961002
1906,190.6,0,0.1,-4.099419813083901,1.0046415435640088,0.04630804817433095
1906,190.6,1,0.2,-4.066589713274348,0.9981486248473176,-0.018530910658532906
1906,190.6,2,0.3,-4.184876890930321,1.0030897647551198,0.03085001241567473
1907,190.70000000000002,0,0.1,-4.094439840851917,1.004992392903339,0.04979972231982299
1907,190.70000000000002,1,0.2,-4.068407418537161,0.998183945762887,-0.018177052628130273
1907,190.70000000000002,2,0.3,-4.181637400791128,1.0032447429579943,0.03239490139192265
1908,190.8,0,0.1,-4.089126090572543,1.005327893290103,0.053137502793750534
1908,190.8,1,0.2,-4.0701729117916905,0.998236064311927,-0.017654932545295602
1908,190.8,2,0.3,-4.178174620318719,1.0034687828229825,0.034627804724085304
1909,190.9,0,0.1,-4.083494713947645,1.0056472626322746,0.05631376624897975
1909,190.9,1,0.2,-4.071869862056131,0.9983044887415711,-0.016969502644404853
1909,190.9,2,0.3,-4.174393914366235,1.0037878618364895,0.037807059524841355
1910,191.0,0,0.1,-4.0775625209893684,1.0059498232597994,0.05932192958276854
1910,191.0,1,0.2,-4.07348253524847,0.9983886264663385,-0.01612673192339023
1910,191.0,2,0.3,-4.170216771572813,1.0041858792145717,0.04177142793422976
1911,191.1,0,0.1,-4.071346901718072,1.0062349763173206,0.062156192712968995
1911,191.1,1,0.2,-4.074995832510917,0.9984878471944812,-0.015132972624468416
1911,191.1,2,0.3,-4.165621719634671,1.0046056253782645,0.04595051938142175
1912,191.20000000000002,0,0.1,-4.0648657552844405,1.0065021945104986,0.06481146433629928
1912,191.20000000000002,1,0.2,-4.076395279251697,0.9986015320281783,-0.013994467407802007
1912,191.20000000000002,2,0.3,-4.160668991430891,1.0049650132352101,0.04952728203778218
1913,191.3,0,0.1,-4.05813740941231,1.0067510320428117,0.06728345872131164
1913,191.3,1,0.2,-4.077666979202239,0.9987291083171792,-0.012716999505420658
1913,191.3,2,0.3,-4.155499055696095,1.0051833229128881,0.05169935734797032
1914,191.4,0,0.1,-4.051180518375683,1.0069811464177985,0.0695689103662684
1914,191.4,1,0.2,-4.078797545068932,0.99887007298212,-0.011305658666929761
1914,191.4,2,0.3,-4.150304375437836,1.0052081960029415,0.051946802582592724
1915,191.5,0,0.1,-4.044013935275748,1.007192324512515,0.07166583099935639
1915,191.5,1,0.2,-4.079774014227985,0.9990240074318186,-0.009764691590526398
1915,191.5,2,0.3,-4.145283232641191,1.0050337698593856,0.0502114279664518
1916,191.6,0,0.1,-4.036656562073516,1.0073845051716417,0.07357373202232038
1916,191.6,1,0.2,-4.080583756752492,0.9991905852285001,-0.00809742524507097
1916,191.6,2,0.3,-4.140590430960505,1.004703830119169,0.04692801680686021
1917,191.70000000000002,0,0.1,-4.029127186873711,1.0075577922212884,0.07529375199803631
1917,191.70000000000002,1,0.2,-4.081214385260177,0.9993695702966794,-0.006306285076849947
1917,191.70000000000002,2,0.3,-4.136300274267428,1.0042993725898033,0.042901566930763316
1918,191.8,0,0.1,-4.021444321238396,1.0077124545749099,0.07682865635315832
1918,191.8,1,0.2,-4.081653681495678,0.9995608002409622,-0.004392962355011215
1918,191.8,2,0.3,-4.132392861075656,1.0039150570834017,0.03907413191771569
1919,191.9,0,0.1,-4.01362605055694,1.0078489131647004,0.07818270681455797
1919,191.9,1,0.2,-4.081889561512265,0.9997641478009173,-0.002358800165867115
1919,191.9,2,0.3,-4.128767327062835,1.0036321142111015,0.036255340128212694
1920,192.0,0,0.1,-4.005689908188417,1.0079677170180716,0.07936142368523587
1920,192.0,1,0.2,-4.081910106980772,0.9999794547425489,-0.00020545468507827738
1920,192.0,2,0.3,-4.125277462962467,1.0034959607662033,0.034898641003684214
1921,192.1,0,0.1,-3.997652780204463,1.008069512398158,0.08037127983954852
1921,192.1,1,0.2,-4.081703691438241,1.0002064368476853,0.0020641554253143578
1921,192.1,2,0.3,-4.121778284676254,1.0035053075576046,0.03499178286213244
1922,192.20000000000002,0,0.1,-3.9895308432454284,1.0081550093657177,0.08121936959032557
1922,192.20000000000002,1,0.2,-4.081259224818172,1.0004445654099925,0.004444666200685943
1922,192.20000000000002,2,0.3,-4.118168634543177,1.0036161727658979,0.03609650133076304
1923,192.3,0,0.1,-3.981339534256765,1.0082249495508162,0.0819130898866407
1923,192.3,1,0.2,-4.0805665265753674,1.0006929382136385,0.006926982428048628
1923,192.3,2,0.3,-4.114416204626977,1.0037594790957642,0.03752429916200164
1924,192.4,0,0.1,-3.9730935483078706,1.0082800777333936,0.0824598594889461
1924,192.4,1,0.2,-4.079616818379345,1.0009501593116488,0.009497081960221905
1924,192.4,2,0.3,-4.1105575172508235,1.0038661416951649,0.03858687376153688
1925,192.5,0,0.1,-3.9648068594498365,1.0083211185010186,0.08286688858034656
1925,192.5,1,0.2,-4.078403304933377,1.0012142500513406,0.012135134459683863
1925,192.5,2,0.3,-4.106674351268802,1.0038907152395533,0.03883165982021318
1926,192.6,0,0.1,-3.9564927593613537,1.0083487582023816,0.08314100088483241
1926,192.6,1,0.2,-4.076921790562015,1.0014826123559377,0.014815143713616538
1926,192.6,2,0.3,-4.102856397150685,1.0038252517893775,0.03817954118117801
1927,192.70000000000002,0,0.1,-3.948163908834494,1.0083636318982985,0.08328850526857827
1927,192.70000000000002,1,0.2,-4.075171264658235,1.0017520589686766,0.017505259037800442
1927,192.70000000000002,2,0.3,-4.099164341130707,1.0036988800544597,0.03692056019977179
1928,192.8,0,0.1,-3.9398323974085256,1.0083663150557576,0.08331511425968803
1928,192.8,1,0.2,-4.07315438478712,1.0020189151413905,0.020168798711149884
1928,192.8,2,0.3,-4.09560669730751,1.0035639797494114,0.03557643823197434
1929,192.9,0,0.1,-3.9315098062948457,1.0083573201534446,0.08322591113680418
1929,192.9,1,0.2,-4.0708777940535406,1.0022791841339276,0.022765907335796826
1929,192.9,2,0.3,-4.0921382454619755,1.003474473885008,0.03468451845534323
1930,193.0,0,0.1,-3.923207269085627,1.0083370988548424,0.0830253720921939
1930,193.0,1,0.2,-4.068352228445659,1.002528757535277,0.02525565607881896
1930,193.0,2,0.3,-4.08868002219935,1.003464209815649,0.03458223262625656
1931,193.1,0,0.1,-3.9149355238724466,1.0083060506209098,0.08271745213180663
1931,193.1,1,0.2,-4.0655923968626455,1.00276364342407,0.027598315830134515
1931,193.1,2,0.3,-4.085153082066769,1.0035331671044965,0.03526940132580792
1932,193.20000000000002,0,0.1,-3.9067049498306634,1.00826453833424,0.08230574041781308
1932,193.20000000000002,1,0.2,-4.062616646188808,1.0029801826149014,0.029757506738372526
1932,193.20000000000002,2,0.3,-4.0815132081904,1.003646506261861,0.03639873876368387
1933,193.3,0,0.1,-3.898525581629238,1.008212910623083,0.08179368201425972
1933,193.3,1,0.2,-4.05944645027925,1.0031752262949751,0.03170195909557985
1933,193.3,2,0.3,-4.077773259585671,1.0037469509392478,0.03739948604729583
1934,193.4,0,0.1,-3.890407096642704,1.008151529248356,0.08118484986534576
1934,193.4,1,0.2,-4.056105780105676,1.003346256431061,0.0334067017357428
1934,193.4,2,0.3,-4.074004329297699,1.0037760416369828,0.03768930287972198
1935,193.5,0,0.1,-3.8823587729928772,1.0080807984707718,0.08048323649827008
1935,193.5,1,0.2,-4.052620419618532,1.0034914414186997,0.0348536048714385
1935,193.5,2,0.3,-4.070314821958797,1.003696321949378,0.036895073389022634
1936,193.6,0,0.1,-3.87438942064079,1.0080011921652388,0.0796935235208763
1936,193.6,1,0.2,-4.049017287781544,1.0036096309198455,0.03603131836988665
1936,193.6,2,0.3,-4.066814842311539,1.0035061117279889,0.034999796472583215
1937,193.70000000000002,0,0.1,-3.866507292398817,1.007913273992606,0.07882128241971194
1937,193.70000000000002,1,0.2,-4.045323813930054,1.0037003031313692,0.036934738514889306
1937,193.70000000000002,2,0.3,-4.063578680924876,1.0032414034100754,0.032361613866617595
1938,193.8,0,0.1,-3.858719985894444,1.0078177064356282,0.07787306504373424
1938,193.8,1,0.2,-4.041567395107282,1.0037634830065325,0.037564188227723255
1938,193.8,2,0.3,-4.060618832926846,1.0029642326730397,0.029598479980307863
1939,193.9,0,0.1,-3.85103435020554,1.0077152459962773,0.07685635688904562
1939,193.9,1,0.2,-4.037774945036387,1.0037996505092222,0.037924500708952306
1939,193.9,2,0.3,-4.0578809765476,1.0027416077307945,0.027378563792456626
1940,194.0,0,0.1,-3.8434564113267085,1.0076067241226567,0.07577938878831944
1940,194.0,1,0.2,-4.0339725290658395,1.0038096543256587,0.038024159705474174
1940,194.0,2,0.3,-4.055262223488305,1.0026221849882249,0.026187530592950804
1941,194.1,0,0.1,-3.8359913284676583,1.0074930160547082,0.07465082859050545
1941,194.1,1,0.2,-4.03018507047582,1.0037946400749678,0.03787458590019492
1941,194.1,2,0.3,-4.052646985273433,1.0026186609334236,0.02615238214872455
1942,194.20000000000002,0,0.1,-3.8286433886306592,1.0073750021904972,0.07347939836997436
1942,194.20000000000002,1,0.2,-4.026436111671125,1.0037559949407349,0.03748958804694205
1942,194.20000000000002,2,0.3,-4.049948438818247,1.0027021908090863,0.026985464551850216
1943,194.3,0,0.1,-3.821416040721118,1.0072535282218473,0.0722734790954146
1943,194.3,1,0.2,-4.0227476178003245,1.003695304735688,0.03688493870800823
1943,194.3,2,0.3,-4.04714107805668,1.0028113050889762,0.028073607615672277
1944,194.4,0,0.1,-3.8143119637892036,1.0071293707473696,0.0710407693191502
1944,194.4,1,0.2,-4.019139817627978,1.0036143161171072,0.03607800172346948
1944,194.4,2,0.3,-4.044272498119747,1.0028726982493221,0.028685799369336205
1945,194.5,0,0.1,-3.8073331582366943,1.007003214163926,0.0697880555250969
1945,194.5,1,0.2,-4.015631083893529,1.0035148965464384,0.03508733734448576
1945,194.5,2,0.3,-4.041449777650366,1.0028267080959068,0.02822720469380418
1946,194.6,0,0.1,-3.8004810451899247,1.0068756424847942,0.06852113046769971
1946,194.6,1,0.2,-4.012237860124138,1.0033989872702715,0.03393223769391633
1946,194.6,2,0.3,-4.038804934528955,1.0026483438045515,0.026448431214111504
1947,194.70000000000002,0,0.1,-3.7937565585721096,1.0067471467420437,0.06724486617813577
1947,194.70000000000002,1,0.2,-4.008974641233303,1.0032685489857782,0.03263218890834065
1947,194.70000000000002,2,0.3,-4.036451324099816,1.0023563823444082,0.023536104291389727
1948,194.8,0,0.1,-3.7871602169320435,1.0066181454169378,0.06596341640066436
1948,194.8,1,0.2,-4.0058540110220004,1.0031255044466703,0.03120630211302888
1948,194.8,2,0.3,-4.0344457976044925,1.0020075389086767,0.020055264953234873
1949,194.9,0,0.1,-3.780692167340658,1.0064890125963575,0.0646804959138595
1949,194.9,1,0.2,-4.002886732142632,1.0029716856089295,0.029672788793685977
1949,194.9,2,0.3,-4.032769234994822,1.0016779688265232,0.016765626096707353
1950,195.0,0,0.1,-3.774352200582863,1.0063601068871268,0.06339966757795162
1950,195.0,1,0.2,-4.000081875454702,1.002808793978768,0.02804856687929895
1950,195.0,2,0.3,-4.031331855313637,1.0014384132064893,0.01437379681185373
1951,195.1,0,0.1,-3.7681397439903725,1.0062317939243195,0.062124565924909426
1951,195.1,1,0.2,-3.997446968614255,1.002638381258395,0.02634906840447354
1951,195.1,2,0.3,-4.030001592806838,1.0013311476984366,0.013302625067988717
1952,195.20000000000002,0,0.1,-3.7620538440467035,1.0061044566584012,0.06085899943667654
1952,195.20000000000002,1,0.2,-3.9949881404306873,1.002461853580722,0.02458828183567237
1952,195.20000000000002,2,0.3,-4.02864618164076,1.0013563301509456,0.013554111660770944
1953,195.3,0,0.1,-3.756093154076196,1.005978490232676,0.05960689970507699
1953,195.3,1,0.2,-3.992710239232938,1.0022804975857469,0.022779011977493064
1953,195.3,2,0.3,-4.027174763189382,1.0014725015186579,0.014714184513780763
1954,195.4,0,0.1,-3.750255942181487,1.0058542816130864,0.05837211894709314
1954,195.4,1,0.2,-3.9906169101261186,1.0020955216498322,0.020933291068195938
1954,195.4,2,0.3,-4.025564695757474,1.0016113642863906,0.016100674319084823
1955,195.5,0,0.1,-3.7445401311110924,1.0057321774860792,0.057158110703950854
1955,195.5,1,0.2,-3.9887106262041323,1.001908102036279,0.019062839219864375
1955,195.5,2,0.3,-4.023864321944093,1.001701820268655,0.017003738133808257
1956,195.6,0,0.1,-3.7389433756376644,1.0056124465687593,0.0559675547342829
1956,195.6,1,0.2,-3.9869926801903395,1.001719422528449,0.017179460137929235
1956,195.6,2,0.3,-4.022171125396522,1.0016946308142305,0.01693196547571592
1957,195.70000000000002,0,0.1,-3.7334631755968206,1.0054952438054794,0.05480200040842573
1957,195.70000000000002,1,0.2,-3.98546315293687,1.0015306975768836,0.015295272534690948
1957,195.70000000000002,2,0.3,-4.0205936142798135,1.001578756041912,0.015775111167078713
1958,195.8,0,0.1,-3.7280970155561812,1.0053805836657157,0.05366160040639695
1958,195.8,1,0.2,-3.984120881371442,1.0013431728151014,0.013422715654281756
1958,195.8,2,0.3,-4.019210874912201,1.00138369579247,0.013827393676129849
1959,195.9,0,0.1,-3.722842516679138,1.0052683279673043,0.052544988770433995
1959,195.9,1,0.2,-3.9829634493700317,1.0011581020843294,0.011574320014103403
1959,195.9,2,0.3,-4.018044099618276,1.001167456241029,0.01166775293924682
1960,196.0,0,0.1,-3.7176975838525017,1.0051581907207714,0.05144932826636709
1960,196.0,1,0.2,-3.9819872204031435,1.0009767056334853,0.009762289668882596
1960,196.0,2,0.3,-4.017049769358629,1.0009948247698677,0.009943302596467373
1961,196.1,0,0.1,-3.7126605320571726,1.005049759067494,0.050370517953293815
1961,196.1,1,0.2,-3.981187421649595,1.0008001186778575,0.00799798753548454
1961,196.1,2,0.3,-4.016136440854348,1.0009137457157673,0.009133285042813263
1962,196.20000000000002,0,0.1,-3.7077301800265015,1.0049425262156937,0.04930352030670038
1962,196.20000000000002,1,0.2,-3.9805582775790955,1.0006293420231418,0.00629144070499378
1962,196.20000000000002,2,0.3,-4.015198807857497,1.0009380727120893,0.00937632996850688
1963,196.3,0,0.1,-3.7029059055235916,1.0048359300507996,0.04824274502910172
1963,196.3,1,0.2,-3.9800931792728176,1.0004652064812651,0.00465098306277971
1963,196.3,2,0.3,-4.014156499645657,1.0010428516038217,0.010423082118400966
1964,196.4,0,0.1,-3.69818766367134,1.0047293902821062,0.047182418522518275
1964,196.4,1,0.2,-3.979784866432933,1.0003083603731733,0.003083128398846566
1964,196.4,2,0.3,-4.012983155198487,1.0011740330850762,0.01173344447170055
1965,196.5,0,0.1,-3.6935759761301403,1.0046223377376875,0.04611687541199934
1965,196.5,1,0.2,-3.979625594018751,1.0001592850987064,0.0015927241418190814
1965,196.5,2,0.3,-4.0117146981757354,1.0012692618546233,0.012684570227517622
1966,196.6,0,0.1,-3.6890719031771364,1.0045142315355264,0.0450407295300418
1966,196.6,1,0.2,-3.9796072557078075,1.0000183384790913,0.00018338310943556357
1966,196.6,2,0.3,-4.010433473395983,1.0012820458988625,0.012812247797527494
1967,196.70000000000002,0,0.1,-3.6846770120326977,1.0044045628420197,0.04394891144437696
1967,196.70000000000002,1,0.2,-3.9797214418248266,0.9998858204019673,-0.0011418611701905126
1967,196.70000000000002,2,0.3,-4.009234048249438,1.0012001447445582,0.011994251465440912
1968,196.8,0,0.1,-3.68039335291674,1.0042928470983792,0.04283659115958093
1968,196.8,1,0.2,-3.979959418954505,0.9997620511846329,-0.002379771296783375
1968,196.8,2,0.3,-4.008183387687292,1.0010512126993072,0.010506605621465923
1969,196.9,0,0.1,-3.676223449815056,1.0041786092446736,0.041699031016839846
1969,196.9,1,0.2,-3.980312030415642,0.9996474506989779,-0.003526114611372067
1969,196.9,2,0.3,-4.00729021038323,1.000893576305694,0.008931773040617383
1970,197.0,0,0.1,-3.672170306880351,1.0040613680272674,0.040531429347054976
1970,197.0,1,0.2,-3.9807695290841716,0.9995426059680289,-0.004574986685295362
1970,197.0,2,0.3,-4.006495130370486,1.0007953961726428,0.007950800127441324
1971,197.1,0,0.1,-3.6682374251862515,1.0039406256219652,0.03932881694099556
1971,197.1,1,0.2,-3.9813213647623544,0.9994483165551212,-0.005518356781828751
1971,197.1,2,0.3,-4.0056860194471895,1.00080943834184,0.008091109232966536
1972,197.20000000000002,0,0.1,-3.664428819596168,1.0038158675447344,0.03808605590082803
1972,197.20000000000002,1,0.2,-3.9819559558580284,0.99936561021467,-0.006345910956738421
1972,197.20000000000002,2,0.3,-4.004734249306228,1.000952223217892,0.009517701409611556
1973,197.3,0,0.1,-3.6607490228958666,1.0036865754644533,0.03679796700301483
1973,197.3,1,0.2,-3.9826604786119777,0.9992957253639345,-0.007045227539493172
1973,197.3,2,0.3,-4.003539850864379,1.0011951120197389,0.011943984418492771
1974,197.4,0,0.1,-3.6572030646276485,1.0035522526158704,0.0354595826821822
1974,197.4,1,0.2,-3.9834207061889,0.9992400613228475,-0.007602275769223331
1974,197.4,2,0.3,-4.002069858940245,1.001471072891869,0.0146999192413419
1975,197.5,0,0.1,-3.6537964151770237,1.0034124586756556,0.03406649450625048
1975,197.5,1,0.2,-3.9842209249118006,0.9992001013667156,-0.008002187229006374
1975,197.5,2,0.3,-4.00037598785555,1.001695306494672,0.01693871084694639
1976,197.6,0,0.1,-3.650534890927186,1.003266848807204,0.03261524249837685
1976,197.6,1,0.2,-3.9850439465239367,0.9991773169772558,-0.008230216121361458
1976,197.6,2,0.3,-3.998585060150214,1.001792532374165,0.017909277053363887
1977,197.70000000000002,0,0.1,-3.6474245226145623,1.0031152105271994,0.03110368312623194
1977,197.70000000000002,1,0.2,-3.9858712246939816,0.9991730639301964,-0.008272781700447214
1977,197.70000000000002,2,0.3,-3.9968655521488823,1.0017209872029267,0.017195080013313022
1978,197.8,0,0.1,-3.644471395120467,1.0029574922706166,0.029531274940956545
1978,197.8,1,0.2,-3.986683072336343,0.999188481816773,-0.008118476423613536
1978,197.8,2,0.3,-3.9953821218331567,1.0014845311427425,0.014834303157257044
1979,197.9,0,0.1,-3.6416814716534884,1.0027938189252887,0.02789923466978531
1979,197.9,1,0.2,-3.987458965097329,0.9992244081659682,-0.0077589276098604075
1979,197.9,2,0.3,-3.9942537136062146,1.001129045119041,0.0112840822694211
1980,198.0,0,0.1,-3.6390604177880963,1.0026244918301155,0.0262105386539228
1980,198.0,1,0.2,-3.988177906944336,0.9992813165297598,-0.007189418470070894
1980,198.0,2,0.3,-3.9935287853331882,1.0007251910970325,0.0072492827302643404
1981,198.1,0,0.1,-3.6366134407862005,1.0024499732935737,0.024469770018959173
1981,198.1,1,0.2,-3.9888188274263614,0.9993592848636341,-0.006409204820255008
1981,198.1,2,0.3,-3.9931846681828413,1.0003441763654455,0.003441171503468983
1982,198.20000000000002,0,0.1,-3.6343451572154666,1.0022708580721111,0.022682835707334262
1982,198.20000000000002,1,0.2,-3.9893609777708416,0.9994579965924628,-0.005421503444801179
1982,198.20000000000002,2,0.3,-3.9931495565726034,1.0000351122266578,0.0003511161023793986
1983,198.3,0,0.1,-3.6322594977022535,1.002087836013899,0.020856595132131638
1983,198.3,1,0.2,-3.9897842949676834,0.9995767723892411,-0.004233171968417678
1983,198.3,2,0.3,-3.993337855661306,0.9998117186384577,-0.0018829908870278095
1984,198.4,0,0.1,-3.630359652599662,1.0019016509517282,0.018998451025914433
1984,198.4,1,0.2,-3.990069709142178,0.9997146265522563,-0.002854141744945855
1984,198.4,2,0.3,-3.993685020767088,0.9996528951490501,-0.0034716510578205215
1985,198.5,0,0.1,-3.6286480573597126,1.001713060855143,0.017115952399496676
1985,198.5,1,0.2,-3.9901993789026124,0.9998703386463257,-0.0012966976043449945
1985,198.5,2,0.3,-3.99416830502355,0.9995168325065636,-0.00483284256461963
1986,198.6,0,0.1,-3.627126412289911,1.001522803359088,0.015216450698015449
1986,198.6,1,0.2,-3.9901568504111755,1.0000425293957862,0.0004252849143693524
1986,198.6,2,0.3,-3.994805222536621,0.9993632852758326,-0.006369175130709699
1987,198.70000000000002,0,0.1,-3.625795728688764,1.001331569353412,0.013306836011467732
1987,198.70000000000002,1,0.2,-3.98992714673837,1.0002297300567142,0.002297036728053403
1987,198.70000000000002,2,0.3,-3.9956302630043323,0.9991752997845951,-0.008250404677110702
1988,198.8,0,0.1,-3.6246563922859094,1.0011399856931376,0.011393364028547496
1988,198.8,1,0.2,-3.9894968026990285,1.000430436650622,0.004303440393416369
1988,198.8,2,0.3,-3.996659134340433,0.998971657770536,-0.010288713361009146
1989,198.9,0,0.1,-3.6237082353200503,1.0009486066087747,0.009481569658592022
1989,198.9,1,0.2,-3.988853865350863,1.000643144076684,0.006429373481653765
1989,198.9,2,0.3,-3.9978551593268867,0.9988046899663685,-0.011960249864536157
1990,199.0,0,0.1,-3.6229506100789264,1.0007579123116197,0.007576252411239257
1990,199.0,1,0.2,-3.987987880996027,1.0008663594275484,0.008659843548360295
1990,199.0,2,0.3,-3.999112438423821,0.9987435109472927,-0.012572790969343654
1991,199.1,0,0.1,-3.6223824587789735,1.0005683127284732,0.0056815129995294485
1991,199.1,1,0.2,-3.9868898862002657,1.0010985978127303,0.010979947957615102
1991,199.1,2,0.3,-4.000265028139046,0.9988480742611785,-0.011525897152254262
1992,199.20000000000002,0,0.1,-3.622002376761983,1.0003801542573123,0.0038008201699027094
1992,199.20000000000002,1,0.2,-3.9855524143144643,1.0013383667002094,0.013374718858011626
1992,199.20000000000002,2,0.3,-4.001122328864223,0.9991430666520988,-0.008573007251760072
1993,199.3,0,0.1,-3.6218086677308823,1.0001937277939068,0.001937090311008415
1993,199.3,1,0.2,-3.983969522147123,1.0015841456024117,0.015828921673413997
1993,199.3,2,0.3,-4.001520916605151,0.9996014916846123,-0.003985877409285137
1994,199.4,0,0.1,-3.6217993909158044,1.0000092768581077,9.276815077897099e-05
1994,199.4,1,0.2,-3.982136835784307,1.0018343667588576,0.018326863628158538
1994,199.4,2,0.3,-4.001375698399421,1.0001452287504038,0.0014521820572977733
1995,199.5,0,0.1,-3.6219724006250607,0.9998270052560604,-0.0017300970925627642
1995,199.5,1,0.2,-3.980051611590173,1.00208739978604,0.020852241941341575
1995,199.5,2,0.3,-4.000711862738888,1.0006640560481892,0.006638356605331119
1996,199.6,0,0.1,-3.6223253787178193,0.9996470841966792,-0.003529780927587135
1996,199.6,1,0.2,-3.977712808695648,1.0023415400274704,0.023388028945251712
1996,199.6,2,0.3,-3.999665099551975,1.001047311234707,0.010467631869133838
1997,199.70000000000002,0,0.1,-3.622855860347123,0.9994696590511988,-0.005304816293033491
1997,199.70000000000002,1,0.2,-3.975121172184853,1.0025949977037334,0.02591636510794381
1997,199.70000000000002,2,0.3,-3.9984490576459892,1.0012167815847406,0.012160419059853999
1998,199.8,0,0.1,-3.623561253085313,0.9992948559927795,-0.0070539273819040915
1998,199.8,1,0.2,-3.9722793300914665,1.0028458839544987,0.028418420933868323
1998,199.8,2,0.3,-3.9973011025765017,1.0011486142221102,0.011479550694875704
1999,199.9,0,0.1,-3.6244388494302284,0.9991227886301313,-0.008775963449152935
1999,199.9,1,0.2,-3.969191910053911,1.0030921910275532,0.030874200375558637
1999,199.9,2,0.3,-3.996424918967918,1.0008765675695737,0.008761836085838191
2000,200.0,0,0.1,-3.625485832786471,0.9989535645396022,-0.010469833562428183
2000,200.0,1,0.2,-3.9658656810334185,1.0033317670587993,0.03326229020492477
2000,200.0,2,0.3,-3.995948686196989,1.0004763461877586,0.004762327709291463
