ky,z_index,z,phi_real,phi_imag,growth_rate,frequency,normalization,source
0.1,0,-0.5,-0.08415026889815293,0.48476597392823734,0.0023337994466213667,-0.058123496516293,unit_mode_chain_amplitude,stellarator-linear-scan:stella-geometry
0.1,1,-0.49609375,0.4880742270595767,0.17028263377143077,0.0023337994466213667,-0.058123496516293,unit_mode_chain_amplitude,stellarator-linear-scan:stella-geometry
0.1,2,-0.4921875,0.7106978594598644,-0.2335795023559305,0.0023337994466213667,-0.058123496516293,unit_mode_chain_amplitude,stellarator-linear-scan:stella-geometry
0.1,3,-0.48828125,0.5976680169431092,-0.29248394469972094,0.0023337994466213667,-0.058123496516293,unit_mode_chain_amplitude,stellarator-linear-scan:stella-geometry
0.1,4,-0.484375,0.585635668457046,0.05898078218864617,0.0023337994466213667,-0.058123496516293,unit_mode_chain_amplitude,stellarator-linear-scan:stella-geometry
0.1,5,-0.48046875,0.6596672644144947,0.36513100573565166,0.0023337994466213667,-0.058123496516293,unit_mode_chain_amplitude,stellarator-linear-scan:stella-geometry
0.1,6,-0.4765625,0.896354521115592,0.34975070494217764,0.0023337994466213667,-0.058123496516293,unit_mode_chain_amplitude,stellarator-linear-scan:stella-geometry
0.1,7,-0.47265625,0.8734792437089012,0.03679013541870035,0.0023337994466213667,-0.058123496516293,unit_mode_chain_amplitude,stellarator-linear-scan:stella-geometry
0.1,8,-0.46875,0.4601999255756054,-0.2661547202451593,0.0023337994466213667,-0.058123496516293,unit_mode_chain_amplitude,stellarator-linear-scan:stella-geometry
0.1,9,-0.46484375,0.10314796996479722,-0.31769865638787326,0.0023337994466213667,-0.058123496516293,unit_mode_chain_amplitude,stellarator-linear-scan:stella-geometry
0.1,10,-0.4609375,0.21173330312200844,-0.1898708133581654,0.0023337994466213667,-0.058123496516293,unit_mode_chain_amplitude,stellarator-linear-scan:stella-geometry
0.1,11,-0.45703125,0.5057400912765228,-0.3874359146732449,0.0023337994466213667,-0.058123496516293,unit_mode_chain_amplitude,stellarator-linear-scan:stella-geometry
0.1,12,-0.453125,0.6310890570401205,-0.5735580384232504,0.0023337994466213667,-0.058123496516293,unit_mode_chain_amplitude,stellarator-linear-scan:stella-geometry
0.1,13,-0.44921875,0.4666812157123903,-0.5469755420342173,0.0023337994466213667,-0.058123496516293,unit_mode_chain_amplitude,stellarator-linear-scan:stella-geometry
0.1,14,-0.4453125,0.18113685726369652,-0.38276663902452096,0.0023337994466213667,-0.058123496516293,unit_mode_chain_amplitude,stellarator-linear-scan:stella-geometry
0.1,15,-0.44140625,-0.24414320453609473,-0.3091630570654698,0.0023337994466213667,-0.058123496516293,unit_mode_chain_amplitude,stellarator-linear-scan:stella-geometry
0.1,16,-0.4375,-0.6958825265834631,-0.3057701287949228,0.0023337994466213667,-0.058123496516293,unit_mode_chain_amplitude,stellarator-linear-scan:stella-geometry
0.1,17,-0.43359375,-0.9589893462788874,-0.2790089932317088,0.0023337994466213667,-0.058123496516293,unit_mode_chain_amplitude,stellarator-linear-scan:stella-geometry
0.1,18,-0.4296875,-1.115478223679721,-0.20212008046262142,0.0023337994466213667,-0.058123496516293,unit_mode_chain_amplitude,stellarator-linear-scan:stella-geometry
0.1,19,-0.42578125,-1.112413530603348,-0.13542990215827838,0.0023337994466213667,-0.058123496516293,unit_mode_chain_amplitude,stellarator-linear-scan:stella-geometry
0.1,20,-0.421875,-0.8010464165777982,-0.0668464647639401,0.0023337994466213667,-0.058123496516293,unit_mode_chain_amplitude,stellarator-linear-scan:stella-geometry
0.1,21,-0.41796875,-0.4021105611568714,0.1409793418940325,0.0023337994466213667,-0.058123496516293,unit_mode_chain_amplitude,stellarator-linear-scan:stella-geometry
0.1,22,-0.4140625,-0.0323576185453562,0.4272708870764788,0.0023337994466213667,-0.058123496516293,unit_mode_chain_amplitude,stellarator-linear-scan:stella-geometry
0.1,23,-0.41015625,0.20109403369341652,0.8297537436384455,0.0023337994466213667,-0.058123496516293,unit_mode_chain_amplitude,stellarator-linear-scan:stella-geometry
0.1,24,-0.40625,0.05349588025483107,0.8709266307412032,0.0023337994466213667,-0.058123496516293,unit_mode_chain_amplitude,stellarator-linear-scan:stella-geometry
0.1,25,-0.40234375,-0.03050119899326267,0.44639755217725824,0.0023337994466213667,-0.058123496516293,unit_mode_chain_amplitude,stellarator-linear-scan:stella-geometry
0.1,26,-0.3984375,0.44890132748984574,-0.013479790908772106,0.0023337994466213667,-0.058123496516293,unit_mode_chain_amplitude,stellarator-linear-scan:stella-geometry
0.1,27,-0.39453125,1.0924130551646625,-0.09402663587632745,0.0023337994466213667,-0.058123496516293,unit_mode_chain_amplitude,stellarator-linear-scan:stella-geometry
0.1,28,-0.390625,0.9340386374838223,-0.02840785334484977,0.0023337994466213667,-0.058123496516293,unit_mode_chain_amplitude,stellarator-linear-scan:stella-geometry
0.1,29,-0.38671875,0.31659998992310295,0.08670165610979527,0.0023337994466213667,-0.058123496516293,unit_mode_chain_amplitude,stellarator-linear-scan:stella-geometry
0.1,30,-0.3828125,-0.12383079649310004,0.06846274459634559,0.0023337994466213667,-0.058123496516293,unit_mode_chain_amplitude,stellarator-linear-scan:stella-geometry
0.1,31,-0.37890625,-0.08985900049242573,-0.09205148197871262,0.0023337994466213667,-0.058123496516293,unit_mode_chain_amplitude,stellarator-linear-scan:stella-geometry
0.1,32,-0.375,0.4340191387821203,-0.16115485533611837,0.0023337994466213667,-0.058123496516293,unit_mode_chain_amplitude,stellarator-linear-scan:stella-geometry
0.1,33,-0.37109375,0.9865894375658109,0.0014819101221692536,0.0023337994466213667,-0.058123496516293,unit_mode_chain_amplitude,stellarator-linear-scan:stella-geometry
0.1,34,-0.3671875,1.0836923826964848,-0.05869976955017861,0.0023337994466213667,-0.058123496516293,unit_mode_chain_amplitude,stellarator-linear-scan:stella-geometry
0.1,35,-0.36328125,0.5414453330023452,-0.3178963058217149,0.0023337994466213667,-0.058123496516293,unit_mode_chain_amplitude,stellarator-linear-scan:stella-geometry
0.1,36,-0.359375,0.041234890111363075,-0.3828375358909723,0.0023337994466213667,-0.058123496516293,unit_mode_chain_amplitude,stellarator-linear-scan:stella-geometry
0.1,37,-0.35546875,-0.3608482841755581,-0.25534546774865197,0.0023337994466213667,-0.058123496516293,unit_mode_chain_amplitude,stellarator-linear-scan:stella-geometry
0.1,38,-0.3515625,-0.6897411757433047,0.054683298667847414,0.0023337994466213667,-0.058123496516293,unit_mode_chain_amplitude,stellarator-linear-scan:stella-geometry
0.1,39,-0.34765625,-0.9077742564177477,0.12117948087599624,0.0023337994466213667,-0.058123496516293,unit_mode_chain_amplitude,stellarator-linear-scan:stella-geometry
0.1,40,-0.34375,-1.0941563215477073,-0.061449060196206794,0.0023337994466213667,-0.058123496516293,unit_mode_chain_amplitude,stellarator-linear-scan:stella-geometry
0.1,41,-0.33984375,-1.335038619217179,-0.13635979575174537,0.0023337994466213667,-0.058123496516293,unit_mode_chain_amplitude,stellarator-linear-scan:stella-geometry
0.1,42,-0.3359375,-1.3318296941203003,0.11321735217234206,0.0023337994466213667,-0.058123496516293,unit_mode_chain_amplitude,stellarator-linear-scan:stella-geometry
0.1,43,-0.33203125,-1.0251940247001834,0.29862702314554007,0.0023337994466213667,-0.058123496516293,unit_mode_chain_amplitude,stellarator-linear-scan:stella-geometry
0.1,44,-0.328125,-0.49566142957757614,0.24371341191260942,0.0023337994466213667,-0.058123496516293,unit_mode_chain_amplitude,stellarator-linear-scan:stella-geometry
0.1,45,-0.32421875,0.06453977063902466,-0.008589074855190724,0.0023337994466213667,-0.058123496516293,unit_mode_chain_amplitude,stellarator-linear-scan:stella-geometry
0.1,46,-0.3203125,0.2443417542105681,-0.03194667761074273,0.0023337994466213667,-0.058123496516293,unit_mode_chain_amplitude,stellarator-linear-scan:stella-geometry
0.1,47,-0.31640625,0.04490749321471156,0.29363078939708237,0.0023337994466213667,-0.058123496516293,unit_mode_chain_amplitude,stellarator-linear-scan:stella-geometry
0.1,48,-0.3125,-0.14583645417038038,0.7305430857447339,0.0023337994466213667,-0.058123496516293,unit_mode_chain_amplitude,stellarator-linear-scan:stella-geometry
0.1,49,-0.30859375,-0.050769098979023396,0.7352786651364316,0.0023337994466213667,-0.058123496516293,unit_mode_chain_amplitude,stellarator-linear-scan:stella-geometry
0.1,50,-0.3046875,0.39369474489572887,0.39138629650683865,0.0023337994466213667,-0.058123496516293,unit_mode_chain_amplitude,stellarator-linear-scan:stella-geometry
0.1,51,-0.30078125,0.8370831865421646,-0.0018413716042866555,0.0023337994466213667,-0.058123496516293,unit_mode_chain_amplitude,stellarator-linear-scan:stella-geometry
0.1,52,-0.296875,0.9955351091206094,-0.17182030284285316,0.0023337994466213667,-0.058123496516293,unit_mode_chain_amplitude,stellarator-linear-scan:stella-geometry
0.1,53,-0.29296875,1.1460685093246175,-0.14311181651388202,0.0023337994466213667,-0.058123496516293,unit_mode_chain_amplitude,stellarator-linear-scan:stella-geometry
0.1,54,-0.2890625,1.2113561189532003,-0.0029041133006810615,0.0023337994466213667,-0.058123496516293,unit_mode_chain_amplitude,stellarator-linear-scan:stella-geometry
0.1,55,-0.28515625,1.1940028967965852,-0.04023491018207292,0.0023337994466213667,-0.058123496516293,unit_mode_chain_amplitude,stellarator-linear-scan:stella-geometry
0.1,56,-0.28125,0.866229127636675,-0.055652113445502145,0.0023337994466213667,-0.058123496516293,unit_mode_chain_amplitude,stellarator-linear-scan:stella-geometry
0.1,57,-0.27734375,0.4733817086554705,-0.11243873200261757,0.0023337994466213667,-0.058123496516293,unit_mode_chain_amplitude,stellarator-linear-scan:stella-geometry
0.1,58,-0.2734375,-0.07265159840180058,-0.34484908322759084,0.0023337994466213667,-0.058123496516293,unit_mode_chain_amplitude,stellarator-linear-scan:stella-geometry
0.1,59,-0.26953125,-0.6111202134934489,-0.64579833304948,0.0023337994466213667,-0.058123496516293,unit_mode_chain_amplitude,stellarator-linear-scan:stella-geometry
0.1,60,-0.265625,-1.1817506890486886,-0.9048980223749731,0.0023337994466213667,-0.058123496516293,unit_mode_chain_amplitude,stellarator-linear-scan:stella-geometry
0.1,61,-0.26171875,-1.3288411212031688,-0.8761348238901193,0.0023337994466213667,-0.058123496516293,unit_mode_chain_amplitude,stellarator-linear-scan:stella-geometry
0.1,62,-0.2578125,-1.3782426403060422,-0.47772045357334,0.0023337994466213667,-0.058123496516293,unit_mode_chain_amplitude,stellarator-linear-scan:stella-geometry
0.1,63,-0.25390625,-1.4925120423300329,-0.13357041361912866,0.0023337994466213667,-0.058123496516293,unit_mode_chain_amplitude,stellarator-linear-scan:stella-geometry
0.1,64,-0.25,-1.1552502359234091,-0.10612457176556711,0.0023337994466213667,-0.058123496516293,unit_mode_chain_amplitude,stellarator-linear-scan:stella-geometry
0.1,65,-0.24609375,-0.3713994850963256,-0.030017352614692554,0.0023337994466213667,-0.058123496516293,unit_mode_chain_amplitude,stellarator-linear-scan:stella-geometry
0.1,66,-0.2421875,0.21874273661834867,0.10961311504731185,0.0023337994466213667,-0.058123496516293,unit_mode_chain_amplitude,stellarator-linear-scan:stella-geometry
0.1,67,-0.23828125,0.41568894495694936,0.36128229212554147,0.0023337994466213667,-0.058123496516293,unit_mode_chain_amplitude,stellarator-linear-scan:stella-geometry
0.1,68,-0.234375,0.1497812329092775,0.5438382006611379,0.0023337994466213667,-0.058123496516293,unit_mode_chain_amplitude,stellarator-linear-scan:stella-geometry
0.1,69,-0.23046875,-0.25847374698842074,0.5905538276995203,0.0023337994466213667,-0.058123496516293,unit_mode_chain_amplitude,stellarator-linear-scan:stella-geometry
0.1,70,-0.2265625,-0.5958159459418163,0.5861103445586807,0.0023337994466213667,-0.058123496516293,unit_mode_chain_amplitude,stellarator-linear-scan:stella-geometry
0.1,71,-0.22265625,-0.42585114828104764,0.6642228217419036,0.0023337994466213667,-0.058123496516293,unit_mode_chain_amplitude,stellarator-linear-scan:stella-geometry
0.1,72,-0.21875,-0.2232332450223454,0.6432016138857194,0.0023337994466213667,-0.058123496516293,unit_mode_chain_amplitude,stellarator-linear-scan:stella-geometry
0.1,73,-0.21484375,0.05589253303809855,0.40997473953413155,0.0023337994466213667,-0.058123496516293,unit_mode_chain_amplitude,stellarator-linear-scan:stella-geometry
0.1,74,-0.2109375,0.46715892056661945,0.005141574213269665,0.0023337994466213667,-0.058123496516293,unit_mode_chain_amplitude,stellarator-linear-scan:stella-geometry
0.1,75,-0.20703125,0.9442258307200524,-0.32685184958014063,0.0023337994466213667,-0.058123496516293,unit_mode_chain_amplitude,stellarator-linear-scan:stella-geometry
0.1,76,-0.203125,1.361335380994,-0.28960386737782656,0.0023337994466213667,-0.058123496516293,unit_mode_chain_amplitude,stellarator-linear-scan:stella-geometry
0.1,77,-0.19921875,1.899600346623625,0.17595428219100157,0.0023337994466213667,-0.058123496516293,unit_mode_chain_amplitude,stellarator-linear-scan:stella-geometry
0.1,78,-0.1953125,2.2001010064551716,0.5202486571510296,0.0023337994466213667,-0.058123496516293,unit_mode_chain_amplitude,stellarator-linear-scan:stella-geometry
0.1,79,-0.19140625,1.8114575475083914,0.44377430518418665,0.0023337994466213667,-0.058123496516293,unit_mode_chain_amplitude,stellarator-linear-scan:stella-geometry
0.1,80,-0.1875,0.9574198547759565,0.08867536888545656,0.0023337994466213667,-0.058123496516293,unit_mode_chain_amplitude,stellarator-linear-scan:stella-geometry
0.1,81,-0.18359375,0.14714913503837446,-0.2179827167999514,0.0023337994466213667,-0.058123496516293,unit_mode_chain_amplitude,stellarator-linear-scan:stella-geometry
0.1,82,-0.1796875,-0.33753979351333985,-0.2988177347912492,0.0023337994466213667,-0.058123496516293,unit_mode_chain_amplitude,stellarator-linear-scan:stella-geometry
0.1,83,-0.17578125,-0.35364078499611296,-0.37496574976528213,0.0023337994466213667,-0.058123496516293,unit_mode_chain_amplitude,stellarator-linear-scan:stella-geometry
0.1,84,-0.171875,-0.1642973812589063,-0.7281491180776555,0.0023337994466213667,-0.058123496516293,unit_mode_chain_amplitude,stellarator-linear-scan:stella-geometry
0.1,85,-0.16796875,-0.14503621733470404,-1.127268914738416,0.0023337994466213667,-0.058123496516293,unit_mode_chain_amplitude,stellarator-linear-scan:stella-geometry
0.1,86,-0.1640625,-0.4454841225662466,-1.0819069534548087,0.0023337994466213667,-0.058123496516293,unit_mode_chain_amplitude,stellarator-linear-scan:stella-geometry
0.1,87,-0.16015625,-0.6146793971643701,-0.6305016775770622,0.0023337994466213667,-0.058123496516293,unit_mode_chain_amplitude,stellarator-linear-scan:stella-geometry
0.1,88,-0.15625,-0.9235144355751923,0.05040124074025729,0.0023337994466213667,-0.058123496516293,unit_mode_chain_amplitude,stellarator-linear-scan:stella-geometry
0.1,89,-0.15234375,-1.0925233537011627,0.4223725225139797,0.0023337994466213667,-0.058123496516293,unit_mode_chain_amplitude,stellarator-linear-scan:stella-geometry
0.1,90,-0.1484375,-1.2632108027391928,0.4918508526355063,0.0023337994466213667,-0.058123496516293,unit_mode_chain_amplitude,stellarator-linear-scan:stella-geometry
0.1,91,-0.14453125,-1.1387904381262755,0.15909265135182865,0.0023337994466213667,-0.058123496516293,unit_mode_chain_amplitude,stellarator-linear-scan:stella-geometry
0.1,92,-0.140625,-0.6675923094520806,-0.02957452850250237,0.0023337994466213667,-0.058123496516293,unit_mode_chain_amplitude,stellarator-linear-scan:stella-geometry
0.1,93,-0.13671875,-0.5700982764317042,0.15504300567952414,0.0023337994466213667,-0.058123496516293,unit_mode_chain_amplitude,stellarator-linear-scan:stella-geometry
0.1,94,-0.1328125,-0.2528771950432125,0.2904627169724436,0.0023337994466213667,-0.058123496516293,unit_mode_chain_amplitude,stellarator-linear-scan:stella-geometry
0.1,95,-0.12890625,0.10860401138061593,0.3998319048394246,0.0023337994466213667,-0.058123496516293,unit_mode_chain_amplitude,stellarator-linear-scan:stella-geometry
0.1,96,-0.125,0.6268383472077435,0.4335070281718232,0.0023337994466213667,-0.058123496516293,unit_mode_chain_amplitude,stellarator-linear-scan:stella-geometry
0.1,97,-0.12109375,1.002092933275497,0.5680621442579421,0.0023337994466213667,-0.058123496516293,unit_mode_chain_amplitude,stellarator-linear-scan:stella-geometry
0.1,98,-0.1171875,1.267102728514899,0.5996406809678855,0.0023337994466213667,-0.058123496516293,unit_mode_chain_amplitude,stellarator-linear-scan:stella-geometry
0.1,99,-0.11328125,1.434433224634656,0.5739422359243604,0.0023337994466213667,-0.058123496516293,unit_mode_chain_amplitude,stellarator-linear-scan:stella-geometry
0.1,100,-0.109375,1.5100745273401754,0.35825733217378697,0.0023337994466213667,-0.058123496516293,unit_mode_chain_amplitude,stellarator-linear-scan:stella-geometry
0.1,101,-0.10546875,1.1389546451560353,0.04674112750484638,0.0023337994466213667,-0.058123496516293,unit_mode_chain_amplitude,stellarator-linear-scan:stella-geometry
0.1,102,-0.1015625,0.43390134360304083,-0.2929746849549886,0.0023337994466213667,-0.058123496516293,unit_mode_chain_amplitude,stellarator-linear-scan:stella-geometry
0.1,103,-0.09765625,-0.27232862061046154,-0.5013276732874423,0.0023337994466213667,-0.058123496516293,unit_mode_chain_amplitude,stellarator-linear-scan:stella-geometry
0.1,104,-0.09375,-0.8439204545153504,-0.7120930548025857,0.0023337994466213667,-0.058123496516293,unit_mode_chain_amplitude,stellarator-linear-scan:stella-geometry
0.1,105,-0.08984375,-0.9240822798124919,-0.8767001559062294,0.0023337994466213667,-0.058123496516293,unit_mode_chain_amplitude,stellarator-linear-scan:stella-geometry
0.1,106,-0.0859375,-0.7791517327143831,-0.9008541399834089,0.0023337994466213667,-0.058123496516293,unit_mode_chain_amplitude,stellarator-linear-scan:stella-geometry
0.1,107,-0.08203125,-0.7477137276869732,-0.6523564974789461,0.0023337994466213667,-0.058123496516293,unit_mode_chain_amplitude,stellarator-linear-scan:stella-geometry
0.1,108,-0.078125,-0.6548506392846816,-0.31100767075403846,0.0023337994466213667,-0.058123496516293,unit_mode_chain_amplitude,stellarator-linear-scan:stella-geometry
0.1,109,-0.07421875,-0.19823171978060383,-0.01818417113702584,0.0023337994466213667,-0.058123496516293,unit_mode_chain_amplitude,stellarator-linear-scan:stella-geometry
0.1,110,-0.0703125,0.1806393849366644,0.13302239127462726,0.0023337994466213667,-0.058123496516293,unit_mode_chain_amplitude,stellarator-linear-scan:stella-geometry
0.1,111,-0.06640625,0.025453355602683456,0.2941642813578388,0.0023337994466213667,-0.058123496516293,unit_mode_chain_amplitude,stellarator-linear-scan:stella-geometry
0.1,112,-0.0625,-0.6606776799770401,0.5880588633063731,0.0023337994466213667,-0.058123496516293,unit_mode_chain_amplitude,stellarator-linear-scan:stella-geometry
0.1,113,-0.05859375,-1.6096998058052026,0.904240275517468,0.0023337994466213667,-0.058123496516293,unit_mode_chain_amplitude,stellarator-linear-scan:stella-geometry
0.1,114,-0.0546875,-2.078829783533356,0.7892371017909537,0.0023337994466213667,-0.058123496516293,unit_mode_chain_amplitude,stellarator-linear-scan:stella-geometry
0.1,115,-0.05078125,-1.9808518046780828,0.34687232332443385,0.0023337994466213667,-0.058123496516293,unit_mode_chain_amplitude,stellarator-linear-scan:stella-geometry
0.1,116,-0.046875,-1.2922779810602643,-0.019897557659887793,0.0023337994466213667,-0.058123496516293,unit_mode_chain_amplitude,stellarator-linear-scan:stella-geometry
0.1,117,-0.04296875,-0.7215258435304878,-0.07820469546987008,0.0023337994466213667,-0.058123496516293,unit_mode_chain_amplitude,stellarator-linear-scan:stella-geometry
0.1,118,-0.0390625,-0.07096491382561382,0.0034354772087963822,0.0023337994466213667,-0.058123496516293,unit_mode_chain_amplitude,stellarator-linear-scan:stella-geometry
0.1,119,-0.03515625,0.5441453680706603,0.16690403560745987,0.0023337994466213667,-0.058123496516293,unit_mode_chain_amplitude,stellarator-linear-scan:stella-geometry
0.1,120,-0.03125,1.0839602511545905,0.3911906479298694,0.0023337994466213667,-0.058123496516293,unit_mode_chain_amplitude,stellarator-linear-scan:stella-geometry
0.1,121,-0.02734375,1.317923640805884,0.7230019350812241,0.0023337994466213667,-0.058123496516293,unit_mode_chain_amplitude,stellarator-linear-scan:stella-geometry
0.1,122,-0.0234375,1.3179489998331597,1.0520048251019791,0.0023337994466213667,-0.058123496516293,unit_mode_chain_amplitude,stellarator-linear-scan:stella-geometry
0.1,123,-0.01953125,1.0372092935271007,1.067823040861483,0.0023337994466213667,-0.058123496516293,unit_mode_chain_amplitude,stellarator-linear-scan:stella-geometry
0.1,124,-0.015625,0.8311172355566157,0.539822465055677,0.0023337994466213667,-0.058123496516293,unit_mode_chain_amplitude,stellarator-linear-scan:stella-geometry
0.1,125,-0.01171875,0.7919186292284868,-0.17789297314531757,0.0023337994466213667,-0.058123496516293,unit_mode_chain_amplitude,stellarator-linear-scan:stella-geometry
0.1,126,-0.0078125,0.8317454991014146,-0.7538249806061879,0.0023337994466213667,-0.058123496516293,unit_mode_chain_amplitude,stellarator-linear-scan:stella-geometry
0.1,127,-0.00390625,0.6758538673977906,-0.8281790758039071,0.0023337994466213667,-0.058123496516293,unit_mode_chain_amplitude,stellarator-linear-scan:stella-geometry
0.1,128,0.0,0.5596846404666206,-0.5154638386341502,0.0023337994466213667,-0.058123496516293,unit_mode_chain_amplitude,stellarator-linear-scan:stella-geometry
0.1,129,0.00390625,0.40980366919278444,-0.4014884135248417,0.0023337994466213667,-0.058123496516293,unit_mode_chain_amplitude,stellarator-linear-scan:stella-geometry
0.1,130,0.0078125,0.2424072661581693,-0.4435817897523191,0.0023337994466213667,-0.058123496516293,unit_mode_chain_amplitude,stellarator-linear-scan:stella-geometry
0.1,131,0.01171875,-0.2052480990719363,-0.5865677695206661,0.0023337994466213667,-0.058123496516293,unit_mode_chain_amplitude,stellarator-linear-scan:stella-geometry
0.1,132,0.015625,-0.7127822754605998,-0.4003362565485174,0.0023337994466213667,-0.058123496516293,unit_mode_chain_amplitude,stellarator-linear-scan:stella-geometry
0.1,133,0.01953125,-0.8994156344553059,-0.04156767177903939,0.0023337994466213667,-0.058123496516293,unit_mode_chain_amplitude,stellarator-linear-scan:stella-geometry
0.1,134,0.0234375,-0.8467771570308829,0.051157936143299325,0.0023337994466213667,-0.058123496516293,unit_mode_chain_amplitude,stellarator-linear-scan:stella-geometry
0.1,135,0.02734375,-0.9114723250785105,-0.2599292586552685,0.0023337994466213667,-0.058123496516293,unit_mode_chain_amplitude,stellarator-linear-scan:stella-geometry
0.1,136,0.03125,-1.175898621186868,-0.48426193941179213,0.0023337994466213667,-0.058123496516293,unit_mode_chain_amplitude,stellarator-linear-scan:stella-geometry
0.1,137,0.03515625,-1.3159170598911296,-0.2744068737413649,0.0023337994466213667,-0.058123496516293,unit_mode_chain_amplitude,stellarator-linear-scan:stella-geometry
0.1,138,0.0390625,-0.9205314368025097,0.24746043217010827,0.0023337994466213667,-0.058123496516293,unit_mode_chain_amplitude,stellarator-linear-scan:stella-geometry
0.1,139,0.04296875,-0.07433233164777618,0.6581264295641481,0.0023337994466213667,-0.058123496516293,unit_mode_chain_amplitude,stellarator-linear-scan:stella-geometry
0.1,140,0.046875,0.6741859273613179,0.8139873719412406,0.0023337994466213667,-0.058123496516293,unit_mode_chain_amplitude,stellarator-linear-scan:stella-geometry
0.1,141,0.05078125,1.2028570565663323,0.7585933429089432,0.0023337994466213667,-0.058123496516293,unit_mode_chain_amplitude,stellarator-linear-scan:stella-geometry
0.1,142,0.0546875,1.2210890255319176,0.5730344349149707,0.0023337994466213667,-0.058123496516293,unit_mode_chain_amplitude,stellarator-linear-scan:stella-geometry
0.1,143,0.05859375,1.2389185158406,0.5005062866916985,0.0023337994466213667,-0.058123496516293,unit_mode_chain_amplitude,stellarator-linear-scan:stella-geometry
0.1,144,0.0625,1.3964339358705116,0.23096568466139009,0.0023337994466213667,-0.058123496516293,unit_mode_chain_amplitude,stellarator-linear-scan:stella-geometry
0.1,145,0.06640625,1.17076260242977,-0.11549988426162311,0.0023337994466213667,-0.058123496516293,unit_mode_chain_amplitude,stellarator-linear-scan:stella-geometry
0.1,146,0.0703125,0.5843835677472992,-0.30720292492126117,0.0023337994466213667,-0.058123496516293,unit_mode_chain_amplitude,stellarator-linear-scan:stella-geometry
0.1,147,0.07421875,0.125928341680072,-0.31800711609692345,0.0023337994466213667,-0.058123496516293,unit_mode_chain_amplitude,stellarator-linear-scan:stella-geometry
0.1,148,0.078125,-0.0037843823839708085,-0.30392699038463367,0.0023337994466213667,-0.058123496516293,unit_mode_chain_amplitude,stellarator-linear-scan:stella-geometry
0.1,149,0.08203125,0.17546658790797637,-0.5490162251984531,0.0023337994466213667,-0.058123496516293,unit_mode_chain_amplitude,stellarator-linear-scan:stella-geometry
0.1,150,0.0859375,0.41872410336830856,-1.0774463276232793,0.0023337994466213667,-0.058123496516293,unit_mode_chain_amplitude,stellarator-linear-scan:stella-geometry
0.1,151,0.08984375,0.5632834398574955,-1.1732186081614955,0.0023337994466213667,-0.058123496516293,unit_mode_chain_amplitude,stellarator-linear-scan:stella-geometry
0.1,152,0.09375,0.5677065177796422,-0.7187973688741434,0.0023337994466213667,-0.058123496516293,unit_mode_chain_amplitude,stellarator-linear-scan:stella-geometry
0.1,153,0.09765625,0.6688671146551259,-0.21789103769051182,0.0023337994466213667,-0.058123496516293,unit_mode_chain_amplitude,stellarator-linear-scan:stella-geometry
0.1,154,0.1015625,0.5040345800063467,0.010967504081484124,0.0023337994466213667,-0.058123496516293,unit_mode_chain_amplitude,stellarator-linear-scan:stella-geometry
0.1,155,0.10546875,-0.010578256736378673,-0.024520519466310307,0.0023337994466213667,-0.058123496516293,unit_mode_chain_amplitude,stellarator-linear-scan:stella-geometry
0.1,156,0.109375,-0.8810416199518205,-0.06362810660043398,0.0023337994466213667,-0.058123496516293,unit_mode_chain_amplitude,stellarator-linear-scan:stella-geometry
0.1,157,0.11328125,-1.7420114984657014,-0.06930304373551113,0.0023337994466213667,-0.058123496516293,unit_mode_chain_amplitude,stellarator-linear-scan:stella-geometry
0.1,158,0.1171875,-2.3139762814560676,-0.19786721283088624,0.0023337994466213667,-0.058123496516293,unit_mode_chain_amplitude,stellarator-linear-scan:stella-geometry
0.1,159,0.12109375,-2.1953517412349792,-0.5725786555661522,0.0023337994466213667,-0.058123496516293,unit_mode_chain_amplitude,stellarator-linear-scan:stella-geometry
0.1,160,0.125,-1.6952919248754161,-0.8138158863610829,0.0023337994466213667,-0.058123496516293,unit_mode_chain_amplitude,stellarator-linear-scan:stella-geometry
0.1,161,0.12890625,-1.0169007357926076,-0.430991492042533,0.0023337994466213667,-0.058123496516293,unit_mode_chain_amplitude,stellarator-linear-scan:stella-geometry
0.1,162,0.1328125,-0.40236783760042083,0.2808502236410453,0.0023337994466213667,-0.058123496516293,unit_mode_chain_amplitude,stellarator-linear-scan:stella-geometry
0.1,163,0.13671875,0.07497575483318494,0.8443717101288384,0.0023337994466213667,-0.058123496516293,unit_mode_chain_amplitude,stellarator-linear-scan:stella-geometry
0.1,164,0.140625,0.09387231625053111,0.84297170038125,0.0023337994466213667,-0.058123496516293,unit_mode_chain_amplitude,stellarator-linear-scan:stella-geometry
0.1,165,0.14453125,0.16409744684854252,0.6655362779635844,0.0023337994466213667,-0.058123496516293,unit_mode_chain_amplitude,stellarator-linear-scan:stella-geometry
0.1,166,0.1484375,0.2591363446879437,0.6549206858505174,0.0023337994466213667,-0.058123496516293,unit_mode_chain_amplitude,stellarator-linear-scan:stella-geometry
0.1,167,0.15234375,0.3702089872286762,0.8176771948128115,0.0023337994466213667,-0.058123496516293,unit_mode_chain_amplitude,stellarator-linear-scan:stella-geometry
0.1,168,0.15625,0.6436263526003626,0.7425529956655915,0.0023337994466213667,-0.058123496516293,unit_mode_chain_amplitude,stellarator-linear-scan:stella-geometry
0.1,169,0.16015625,0.7203562157492956,0.2233800874520682,0.0023337994466213667,-0.058123496516293,unit_mode_chain_amplitude,stellarator-linear-scan:stella-geometry
0.1,170,0.1640625,0.7955896578336424,-0.2747620781890237,0.0023337994466213667,-0.058123496516293,unit_mode_chain_amplitude,stellarator-linear-scan:stella-geometry
0.1,171,0.16796875,0.9527424878760464,-0.36773561381110903,0.0023337994466213667,-0.058123496516293,unit_mode_chain_amplitude,stellarator-linear-scan:stella-geometry
0.1,172,0.171875,1.0539183078017549,0.02438332947907901,0.0023337994466213667,-0.058123496516293,unit_mode_chain_amplitude,stellarator-linear-scan:stella-geometry
0.1,173,0.17578125,0.9124159136910426,0.18694586665112797,0.0023337994466213667,-0.058123496516293,unit_mode_chain_amplitude,stellarator-linear-scan:stella-geometry
0.1,174,0.1796875,0.7207012420391863,-0.1074711205994876,0.0023337994466213667,-0.058123496516293,unit_mode_chain_amplitude,stellarator-linear-scan:stella-geometry
0.1,175,0.18359375,0.33915394025715256,-0.5959470282119669,0.0023337994466213667,-0.058123496516293,unit_mode_chain_amplitude,stellarator-linear-scan:stella-geometry
0.1,176,0.1875,-0.14099202107937236,-0.805264763814862,0.0023337994466213667,-0.058123496516293,unit_mode_chain_amplitude,stellarator-linear-scan:stella-geometry
0.1,177,0.19140625,-0.4899740802031802,-0.6739004014804211,0.0023337994466213667,-0.058123496516293,unit_mode_chain_amplitude,stellarator-linear-scan:stella-geometry
0.1,178,0.1953125,-0.7604315332271476,-0.42536219133698444,0.0023337994466213667,-0.058123496516293,unit_mode_chain_amplitude,stellarator-linear-scan:stella-geometry
0.1,179,0.19921875,-0.881314671822731,-0.3477214870735206,0.0023337994466213667,-0.058123496516293,unit_mode_chain_amplitude,stellarator-linear-scan:stella-geometry
0.1,180,0.203125,-1.0027719112978017,-0.35117120886798736,0.0023337994466213667,-0.058123496516293,unit_mode_chain_amplitude,stellarator-linear-scan:stella-geometry
0.1,181,0.20703125,-1.248032357536328,-0.1545226305862805,0.0023337994466213667,-0.058123496516293,unit_mode_chain_amplitude,stellarator-linear-scan:stella-geometry
0.1,182,0.2109375,-1.3539561587176967,0.15620459774579132,0.0023337994466213667,-0.058123496516293,unit_mode_chain_amplitude,stellarator-linear-scan:stella-geometry
0.1,183,0.21484375,-0.9650873448241297,0.4539196661980986,0.0023337994466213667,-0.058123496516293,unit_mode_chain_amplitude,stellarator-linear-scan:stella-geometry
0.1,184,0.21875,-0.27434250679033606,0.5890920220152008,0.0023337994466213667,-0.058123496516293,unit_mode_chain_amplitude,stellarator-linear-scan:stella-geometry
0.1,185,0.22265625,0.5149891098193778,0.4849691871662742,0.0023337994466213667,-0.058123496516293,unit_mode_chain_amplitude,stellarator-linear-scan:stella-geometry
0.1,186,0.2265625,0.8809623764220104,0.38513219935963405,0.0023337994466213667,-0.058123496516293,unit_mode_chain_amplitude,stellarator-linear-scan:stella-geometry
0.1,187,0.23046875,0.6805068950221469,0.5100188690053168,0.0023337994466213667,-0.058123496516293,unit_mode_chain_amplitude,stellarator-linear-scan:stella-geometry
0.1,188,0.234375,0.24905575714265327,0.5603556358831393,0.0023337994466213667,-0.058123496516293,unit_mode_chain_amplitude,stellarator-linear-scan:stella-geometry
0.1,189,0.23828125,0.04916115609630636,0.4228716873296476,0.0023337994466213667,-0.058123496516293,unit_mode_chain_amplitude,stellarator-linear-scan:stella-geometry
0.1,190,0.2421875,-0.06462193781296849,0.280444055066414,0.0023337994466213667,-0.058123496516293,unit_mode_chain_amplitude,stellarator-linear-scan:stella-geometry
0.1,191,0.24609375,0.13474218171684457,0.23713611836543158,0.0023337994466213667,-0.058123496516293,unit_mode_chain_amplitude,stellarator-linear-scan:stella-geometry
0.1,192,0.25,0.5472408869985683,0.18761594987944497,0.0023337994466213667,-0.058123496516293,unit_mode_chain_amplitude,stellarator-linear-scan:stella-geometry
0.1,193,0.25390625,1.0011645575152863,-0.11768813510708252,0.0023337994466213667,-0.058123496516293,unit_mode_chain_amplitude,stellarator-linear-scan:stella-geometry
0.1,194,0.2578125,1.6178879028497528,-0.6560191064758493,0.0023337994466213667,-0.058123496516293,unit_mode_chain_amplitude,stellarator-linear-scan:stella-geometry
0.1,195,0.26171875,2.055819429881657,-0.6266777494084168,0.0023337994466213667,-0.058123496516293,unit_mode_chain_amplitude,stellarator-linear-scan:stella-geometry
0.1,196,0.265625,2.094428809859643,0.01636541844616725,0.0023337994466213667,-0.058123496516293,unit_mode_chain_amplitude,stellarator-linear-scan:stella-geometry
0.1,197,0.26953125,1.5122136482620412,0.3591152640859848,0.0023337994466213667,-0.058123496516293,unit_mode_chain_amplitude,stellarator-linear-scan:stella-geometry
0.1,198,0.2734375,0.8680500922265697,0.1507192533035657,0.0023337994466213667,-0.058123496516293,unit_mode_chain_amplitude,stellarator-linear-scan:stella-geometry
0.1,199,0.27734375,0.21457056028816057,-0.3259623774140492,0.0023337994466213667,-0.058123496516293,unit_mode_chain_amplitude,stellarator-linear-scan:stella-geometry
0.1,200,0.28125,-0.3734640627518589,-0.7143082685903669,0.0023337994466213667,-0.058123496516293,unit_mode_chain_amplitude,stellarator-linear-scan:stella-geometry
0.1,201,0.28515625,-0.8943218000065706,-0.5647726083779464,0.0023337994466213667,-0.058123496516293,unit_mode_chain_amplitude,stellarator-linear-scan:stella-geometry
0.1,202,0.2890625,-1.2360315549992225,-0.3001636307061402,0.0023337994466213667,-0.058123496516293,unit_mode_chain_amplitude,stellarator-linear-scan:stella-geometry
0.1,203,0.29296875,-1.3112662534049866,-0.34022265195259294,0.0023337994466213667,-0.058123496516293,unit_mode_chain_amplitude,stellarator-linear-scan:stella-geometry
0.1,204,0.296875,-0.9013394019983266,-0.5770000360547046,0.0023337994466213667,-0.058123496516293,unit_mode_chain_amplitude,stellarator-linear-scan:stella-geometry
0.1,205,0.30078125,-0.4564935943694574,-0.44038377343660295,0.0023337994466213667,-0.058123496516293,unit_mode_chain_amplitude,stellarator-linear-scan:stella-geometry
0.1,206,0.3046875,-0.3217778891197831,0.05216565435164483,0.0023337994466213667,-0.058123496516293,unit_mode_chain_amplitude,stellarator-linear-scan:stella-geometry
0.1,207,0.30859375,-0.5115645061775774,0.5781452457518712,0.0023337994466213667,-0.058123496516293,unit_mode_chain_amplitude,stellarator-linear-scan:stella-geometry
0.1,208,0.3125,-0.8754137540381676,0.7101451180485417,0.0023337994466213667,-0.058123496516293,unit_mode_chain_amplitude,stellarator-linear-scan:stella-geometry
0.1,209,0.31640625,-0.982826809394868,0.4343322195035014,0.0023337994466213667,-0.058123496516293,unit_mode_chain_amplitude,stellarator-linear-scan:stella-geometry
0.1,210,0.3203125,-0.7793493155337323,0.14782647222232953,0.0023337994466213667,-0.058123496516293,unit_mode_chain_amplitude,stellarator-linear-scan:stella-geometry
0.1,211,0.32421875,-0.2620485556255573,0.13055000193071364,0.0023337994466213667,-0.058123496516293,unit_mode_chain_amplitude,stellarator-linear-scan:stella-geometry
0.1,212,0.328125,0.26238283869181145,0.2406546241461126,0.0023337994466213667,-0.058123496516293,unit_mode_chain_amplitude,stellarator-linear-scan:stella-geometry
0.1,213,0.33203125,0.6144176527674939,0.12402928520489608,0.0023337994466213667,-0.058123496516293,unit_mode_chain_amplitude,stellarator-linear-scan:stella-geometry
0.1,214,0.3359375,0.7020919919216383,-0.058226396124160154,0.0023337994466213667,-0.058123496516293,unit_mode_chain_amplitude,stellarator-linear-scan:stella-geometry
0.1,215,0.33984375,0.7853099697489087,-0.20252281497159227,0.0023337994466213667,-0.058123496516293,unit_mode_chain_amplitude,stellarator-linear-scan:stella-geometry
0.1,216,0.34375,1.1556804558508469,-0.04170318616348143,0.0023337994466213667,-0.058123496516293,unit_mode_chain_amplitude,stellarator-linear-scan:stella-geometry
0.1,217,0.34765625,1.482608702220954,0.07847701426027776,0.0023337994466213667,-0.058123496516293,unit_mode_chain_amplitude,stellarator-linear-scan:stella-geometry
0.1,218,0.3515625,1.590958809502514,-0.15096159989715865,0.0023337994466213667,-0.058123496516293,unit_mode_chain_amplitude,stellarator-linear-scan:stella-geometry
0.1,219,0.35546875,1.0178449026207934,-0.38767804755208657,0.0023337994466213667,-0.058123496516293,unit_mode_chain_amplitude,stellarator-linear-scan:stella-geometry
0.1,220,0.359375,0.029090664847514824,-0.47480297146921496,0.0023337994466213667,-0.058123496516293,unit_mode_chain_amplitude,stellarator-linear-scan:stella-geometry
0.1,221,0.36328125,-0.8299217963912734,-0.3807212524850196,0.0023337994466213667,-0.058123496516293,unit_mode_chain_amplitude,stellarator-linear-scan:stella-geometry
0.1,222,0.3671875,-0.9772786622780987,-0.2110685965199739,0.0023337994466213667,-0.058123496516293,unit_mode_chain_amplitude,stellarator-linear-scan:stella-geometry
0.1,223,0.37109375,-0.35836670155063854,-0.42108409189676527,0.0023337994466213667,-0.058123496516293,unit_mode_chain_amplitude,stellarator-linear-scan:stella-geometry
0.1,224,0.375,0.18148340339835772,-0.5680025625837086,0.0023337994466213667,-0.058123496516293,unit_mode_chain_amplitude,stellarator-linear-scan:stella-geometry
0.1,225,0.37890625,0.050298564960489005,-0.43413581953917113,0.0023337994466213667,-0.058123496516293,unit_mode_chain_amplitude,stellarator-linear-scan:stella-geometry
0.1,226,0.3828125,-0.3742049716640155,-0.11337084787922533,0.0023337994466213667,-0.058123496516293,unit_mode_chain_amplitude,stellarator-linear-scan:stella-geometry
0.1,227,0.38671875,-0.5504922931515301,0.09704761309838665,0.0023337994466213667,-0.058123496516293,unit_mode_chain_amplitude,stellarator-linear-scan:stella-geometry
0.1,228,0.390625,-0.6609361963153833,0.2413773538965954,0.0023337994466213667,-0.058123496516293,unit_mode_chain_amplitude,stellarator-linear-scan:stella-geometry
0.1,229,0.39453125,-0.8183014924368176,0.46236495648514114,0.0023337994466213667,-0.058123496516293,unit_mode_chain_amplitude,stellarator-linear-scan:stella-geometry
0.1,230,0.3984375,-1.1522953139226901,0.6124927937686061,0.0023337994466213667,-0.058123496516293,unit_mode_chain_amplitude,stellarator-linear-scan:stella-geometry
0.1,231,0.40234375,-1.5105157437194132,0.8025534814164318,0.0023337994466213667,-0.058123496516293,unit_mode_chain_amplitude,stellarator-linear-scan:stella-geometry
0.1,232,0.40625,-1.541239761928013,0.6035964030040695,0.0023337994466213667,-0.058123496516293,unit_mode_chain_amplitude,stellarator-linear-scan:stella-geometry
0.1,233,0.41015625,-0.9290756051735125,0.171302367945932,0.0023337994466213667,-0.058123496516293,unit_mode_chain_amplitude,stellarator-linear-scan:stella-geometry
0.1,234,0.4140625,-0.3624195812424726,-0.00014064331487720358,0.0023337994466213667,-0.058123496516293,unit_mode_chain_amplitude,stellarator-linear-scan:stella-geometry
0.1,235,0.41796875,0.02027411216655714,0.18414092910390323,0.0023337994466213667,-0.058123496516293,unit_mode_chain_amplitude,stellarator-linear-scan:stella-geometry
0.1,236,0.421875,0.5355798804346701,0.566050276603504,0.0023337994466213667,-0.058123496516293,unit_mode_chain_amplitude,stellarator-linear-scan:stella-geometry
0.1,237,0.42578125,1.0742749665401776,0.523422066058842,0.0023337994466213667,-0.058123496516293,unit_mode_chain_amplitude,stellarator-linear-scan:stella-geometry
0.1,238,0.4296875,1.4573384083093501,0.023511747290850208,0.0023337994466213667,-0.058123496516293,unit_mode_chain_amplitude,stellarator-linear-scan:stella-geometry
0.1,239,0.43359375,1.6419918113948462,-0.2765349121187029,0.0023337994466213667,-0.058123496516293,unit_mode_chain_amplitude,stellarator-linear-scan:stella-geometry
0.1,240,0.4375,1.394965688453998,0.1050761104851704,0.0023337994466213667,-0.058123496516293,unit_mode_chain_amplitude,stellarator-linear-scan:stella-geometry
0.1,241,0.44140625,0.9309226821855806,0.5167713594956604,0.0023337994466213667,-0.058123496516293,unit_mode_chain_amplitude,stellarator-linear-scan:stella-geometry
0.1,242,0.4453125,0.5624518370467838,0.3828275449866902,0.0023337994466213667,-0.058123496516293,unit_mode_chain_amplitude,stellarator-linear-scan:stella-geometry
0.1,243,0.44921875,0.4042199969475338,-0.13722492384332458,0.0023337994466213667,-0.058123496516293,unit_mode_chain_amplitude,stellarator-linear-scan:stella-geometry
0.1,244,0.453125,0.3198604126843405,-0.5187120024795907,0.0023337994466213667,-0.058123496516293,unit_mode_chain_amplitude,stellarator-linear-scan:stella-geometry
0.1,245,0.45703125,0.21094318697711587,-0.475202091199007,0.0023337994466213667,-0.058123496516293,unit_mode_chain_amplitude,stellarator-linear-scan:stella-geometry
0.1,246,0.4609375,-0.1595638106787518,-0.1597636342894148,0.0023337994466213667,-0.058123496516293,unit_mode_chain_amplitude,stellarator-linear-scan:stella-geometry
0.1,247,0.46484375,-0.5474922629544612,-0.2416966986540923,0.0023337994466213667,-0.058123496516293,unit_mode_chain_amplitude,stellarator-linear-scan:stella-geometry
0.1,248,0.46875,-0.6481624069625712,-0.5647548923944081,0.0023337994466213667,-0.058123496516293,unit_mode_chain_amplitude,stellarator-linear-scan:stella-geometry
0.1,249,0.47265625,-0.4290201222090566,-0.615559255777585,0.0023337994466213667,-0.058123496516293,unit_mode_chain_amplitude,stellarator-linear-scan:stella-geometry
0.1,250,0.4765625,-0.31769022841521954,-0.31818589911996104,0.0023337994466213667,-0.058123496516293,unit_mode_chain_amplitude,stellarator-linear-scan:stella-geometry
0.1,251,0.48046875,-0.324502819663745,0.06576676918000487,0.0023337994466213667,-0.058123496516293,unit_mode_chain_amplitude,stellarator-linear-scan:stella-geometry
0.1,252,0.484375,-0.7862792508916405,0.31853226507962484,0.0023337994466213667,-0.058123496516293,unit_mode_chain_amplitude,stellarator-linear-scan:stella-geometry
0.1,253,0.48828125,-1.2868958089926466,0.41207969857080606,0.0023337994466213667,-0.058123496516293,unit_mode_chain_amplitude,stellarator-linear-scan:stella-geometry
0.1,254,0.4921875,-1.3092923794820066,0.4578318130339419,0.0023337994466213667,-0.058123496516293,unit_mode_chain_amplitude,stellarator-linear-scan:stella-geometry
0.1,255,0.49609375,-0.8116097486283468,0.5040619724511272,0.0023337994466213667,-0.058123496516293,unit_mode_chain_amplitude,stellarator-linear-scan:stella-geometry
0.2,0,-0.5,0.3933979623667422,0.22462253214153377,0.002205932411667862,-0.12746017361233958,unit_mode_chain_amplitude,stellarator-linear-scan:stella-geometry
0.2,1,-0.49609375,0.1277839157370097,0.8970469640803928,0.002205932411667862,-0.12746017361233958,unit_mode_chain_amplitude,stellarator-linear-scan:stella-geometry
0.2,2,-0.4921875,-0.26875735391647293,1.1799969600947582,0.002205932411667862,-0.12746017361233958,unit_mode_chain_amplitude,stellarator-linear-scan:stella-geometry
0.2,3,-0.48828125,-0.3540976864896859,0.550835400015626,0.002205932411667862,-0.12746017361233958,unit_mode_chain_amplitude,stellarator-linear-scan:stella-geometry
0.2,4,-0.484375,-0.3231370919210416,0.181682607875066,0.002205932411667862,-0.12746017361233958,unit_mode_chain_amplitude,stellarator-linear-scan:stella-geometry
0.2,5,-0.48046875,-0.2329771660390733,-0.1311277162997198,0.002205932411667862,-0.12746017361233958,unit_mode_chain_amplitude,stellarator-linear-scan:stella-geometry
0.2,6,-0.4765625,-0.4299940508952458,0.29750703262337974,0.002205932411667862,-0.12746017361233958,unit_mode_chain_amplitude,stellarator-linear-scan:stella-geometry
0.2,7,-0.47265625,-0.155835485570254,0.0647009253093132,0.002205932411667862,-0.12746017361233958,unit_mode_chain_amplitude,stellarator-linear-scan:stella-geometry
0.2,8,-0.46875,0.6479542886693528,-0.4972827576018665,0.002205932411667862,-0.12746017361233958,unit_mode_chain_amplitude,stellarator-linear-scan:stella-geometry
0.2,9,-0.46484375,1.474827631468301,-1.3002622129691634,0.002205932411667862,-0.12746017361233958,unit_mode_chain_amplitude,stellarator-linear-scan:stella-geometry
0.2,10,-0.4609375,0.7652635761110534,-0.4060440063506111,0.002205932411667862,-0.12746017361233958,unit_mode_chain_amplitude,stellarator-linear-scan:stella-geometry
0.2,11,-0.45703125,-0.321233166314723,0.3006884367830329,0.002205932411667862,-0.12746017361233958,unit_mode_chain_amplitude,stellarator-linear-scan:stella-geometry
0.2,12,-0.453125,-0.40390615322289375,0.028661839386682954,0.002205932411667862,-0.12746017361233958,unit_mode_chain_amplitude,stellarator-linear-scan:stella-geometry
0.2,13,-0.44921875,0.2186153685256335,-0.42168587756958925,0.002205932411667862,-0.12746017361233958,unit_mode_chain_amplitude,stellarator-linear-scan:stella-geometry
0.2,14,-0.4453125,0.5785351640868485,-0.5363782081794979,0.002205932411667862,-0.12746017361233958,unit_mode_chain_amplitude,stellarator-linear-scan:stella-geometry
0.2,15,-0.44140625,0.41504474306846423,-0.3492161422042693,0.002205932411667862,-0.12746017361233958,unit_mode_chain_amplitude,stellarator-linear-scan:stella-geometry
0.2,16,-0.4375,0.026375860917518177,0.08645759912814724,0.002205932411667862,-0.12746017361233958,unit_mode_chain_amplitude,stellarator-linear-scan:stella-geometry
0.2,17,-0.43359375,-0.17396678881601219,-0.11864535596999329,0.002205932411667862,-0.12746017361233958,unit_mode_chain_amplitude,stellarator-linear-scan:stella-geometry
0.2,18,-0.4296875,-0.20122885109233946,-0.5606701226895306,0.002205932411667862,-0.12746017361233958,unit_mode_chain_amplitude,stellarator-linear-scan:stella-geometry
0.2,19,-0.42578125,0.0828708506359109,-0.012093923144739121,0.002205932411667862,-0.12746017361233958,unit_mode_chain_amplitude,stellarator-linear-scan:stella-geometry
0.2,20,-0.421875,0.3699877904639108,0.6188649508848332,0.002205932411667862,-0.12746017361233958,unit_mode_chain_amplitude,stellarator-linear-scan:stella-geometry
0.2,21,-0.41796875,0.42139478531676183,0.19381096740905482,0.002205932411667862,-0.12746017361233958,unit_mode_chain_amplitude,stellarator-linear-scan:stella-geometry
0.2,22,-0.4140625,0.21162450673278022,-0.40525677066802207,0.002205932411667862,-0.12746017361233958,unit_mode_chain_amplitude,stellarator-linear-scan:stella-geometry
0.2,23,-0.41015625,-0.1310136132960252,-0.3929294292164334,0.002205932411667862,-0.12746017361233958,unit_mode_chain_amplitude,stellarator-linear-scan:stella-geometry
0.2,24,-0.40625,-0.33548592066450666,-0.08937894285168878,0.002205932411667862,-0.12746017361233958,unit_mode_chain_amplitude,stellarator-linear-scan:stella-geometry
0.2,25,-0.40234375,-0.07717891703333969,0.6832318397996838,0.002205932411667862,-0.12746017361233958,unit_mode_chain_amplitude,stellarator-linear-scan:stella-geometry
0.2,26,-0.3984375,-0.012168892798008278,1.0265213993323772,0.002205932411667862,-0.12746017361233958,unit_mode_chain_amplitude,stellarator-linear-scan:stella-geometry
0.2,27,-0.39453125,0.025427220024644422,0.37340179956208,0.002205932411667862,-0.12746017361233958,unit_mode_chain_amplitude,stellarator-linear-scan:stella-geometry
0.2,28,-0.390625,0.18611048069164854,-0.25301165053576957,0.002205932411667862,-0.12746017361233958,unit_mode_chain_amplitude,stellarator-linear-scan:stella-geometry
0.2,29,-0.38671875,0.3405275231618595,-0.3425161849719776,0.002205932411667862,-0.12746017361233958,unit_mode_chain_amplitude,stellarator-linear-scan:stella-geometry
0.2,30,-0.3828125,0.23383396115275115,-0.7588981730717618,0.002205932411667862,-0.12746017361233958,unit_mode_chain_amplitude,stellarator-linear-scan:stella-geometry
0.2,31,-0.37890625,0.4332125689661433,-1.6587063291410198,0.002205932411667862,-0.12746017361233958,unit_mode_chain_amplitude,stellarator-linear-scan:stella-geometry
0.2,32,-0.375,0.4648478142883227,-1.738875250300274,0.002205932411667862,-0.12746017361233958,unit_mode_chain_amplitude,stellarator-linear-scan:stella-geometry
0.2,33,-0.37109375,0.5130629106597562,-1.0488556826279842,0.002205932411667862,-0.12746017361233958,unit_mode_chain_amplitude,stellarator-linear-scan:stella-geometry
0.2,34,-0.3671875,0.5356821262791603,-0.11004982206174287,0.002205932411667862,-0.12746017361233958,unit_mode_chain_amplitude,stellarator-linear-scan:stella-geometry
0.2,35,-0.36328125,0.1121159899304539,0.06416518530623098,0.002205932411667862,-0.12746017361233958,unit_mode_chain_amplitude,stellarator-linear-scan:stella-geometry
0.2,36,-0.359375,-0.608048458878294,0.2061703318274141,0.002205932411667862,-0.12746017361233958,unit_mode_chain_amplitude,stellarator-linear-scan:stella-geometry
0.2,37,-0.35546875,-0.9716440777968799,-0.04112302297717871,0.002205932411667862,-0.12746017361233958,unit_mode_chain_amplitude,stellarator-linear-scan:stella-geometry
0.2,38,-0.3515625,-0.7391517859506855,0.022730114693747795,0.002205932411667862,-0.12746017361233958,unit_mode_chain_amplitude,stellarator-linear-scan:stella-geometry
0.2,39,-0.34765625,-0.22008449679021608,-0.10297979273197733,0.002205932411667862,-0.12746017361233958,unit_mode_chain_amplitude,stellarator-linear-scan:stella-geometry
0.2,40,-0.34375,0.2975936986240485,0.02505751637226405,0.002205932411667862,-0.12746017361233958,unit_mode_chain_amplitude,stellarator-linear-scan:stella-geometry
0.2,41,-0.33984375,0.14388090778493717,-0.671987062988597,0.002205932411667862,-0.12746017361233958,unit_mode_chain_amplitude,stellarator-linear-scan:stella-geometry
0.2,42,-0.3359375,-0.14540314504691523,-0.8604692672590165,0.002205932411667862,-0.12746017361233958,unit_mode_chain_amplitude,stellarator-linear-scan:stella-geometry
0.2,43,-0.33203125,-0.05307844474762177,-0.7820092425148714,0.002205932411667862,-0.12746017361233958,unit_mode_chain_amplitude,stellarator-linear-scan:stella-geometry
0.2,44,-0.328125,0.008056282395502821,0.23858590139595406,0.002205932411667862,-0.12746017361233958,unit_mode_chain_amplitude,stellarator-linear-scan:stella-geometry
0.2,45,-0.32421875,-0.029487784393405988,1.0943513834372398,0.002205932411667862,-0.12746017361233958,unit_mode_chain_amplitude,stellarator-linear-scan:stella-geometry
0.2,46,-0.3203125,-0.3068579677838696,0.9277282365894324,0.002205932411667862,-0.12746017361233958,unit_mode_chain_amplitude,stellarator-linear-scan:stella-geometry
0.2,47,-0.31640625,-0.2219575278885152,-0.4041772728274942,0.002205932411667862,-0.12746017361233958,unit_mode_chain_amplitude,stellarator-linear-scan:stella-geometry
0.2,48,-0.3125,0.05294682265851579,-0.6905985105909804,0.002205932411667862,-0.12746017361233958,unit_mode_chain_amplitude,stellarator-linear-scan:stella-geometry
0.2,49,-0.30859375,0.021939472424283377,-0.17922865949023772,0.002205932411667862,-0.12746017361233958,unit_mode_chain_amplitude,stellarator-linear-scan:stella-geometry
0.2,50,-0.3046875,-0.310299398211029,0.5351626000655441,0.002205932411667862,-0.12746017361233958,unit_mode_chain_amplitude,stellarator-linear-scan:stella-geometry
0.2,51,-0.30078125,-0.287086213773525,0.5229411409238035,0.002205932411667862,-0.12746017361233958,unit_mode_chain_amplitude,stellarator-linear-scan:stella-geometry
0.2,52,-0.296875,-0.08722374215392685,0.3051375282699602,0.002205932411667862,-0.12746017361233958,unit_mode_chain_amplitude,stellarator-linear-scan:stella-geometry
0.2,53,-0.29296875,0.3456449565486843,0.3880478437386246,0.002205932411667862,-0.12746017361233958,unit_mode_chain_amplitude,stellarator-linear-scan:stella-geometry
0.2,54,-0.2890625,0.03789121958346922,0.8614523300162236,0.002205932411667862,-0.12746017361233958,unit_mode_chain_amplitude,stellarator-linear-scan:stella-geometry
0.2,55,-0.28515625,-0.7423926301389778,0.34954130136747263,0.002205932411667862,-0.12746017361233958,unit_mode_chain_amplitude,stellarator-linear-scan:stella-geometry
0.2,56,-0.28125,-0.9812793088564876,-0.49068795885026145,0.002205932411667862,-0.12746017361233958,unit_mode_chain_amplitude,stellarator-linear-scan:stella-geometry
0.2,57,-0.27734375,-0.4775635438256368,-0.6317165714616979,0.002205932411667862,-0.12746017361233958,unit_mode_chain_amplitude,stellarator-linear-scan:stella-geometry
0.2,58,-0.2734375,0.13166763897335626,-0.07755801010888688,0.002205932411667862,-0.12746017361233958,unit_mode_chain_amplitude,stellarator-linear-scan:stella-geometry
0.2,59,-0.26953125,0.7626780256498881,0.33144290811509564,0.002205932411667862,-0.12746017361233958,unit_mode_chain_amplitude,stellarator-linear-scan:stella-geometry
0.2,60,-0.265625,0.9779937522380773,0.32940595617061674,0.002205932411667862,-0.12746017361233958,unit_mode_chain_amplitude,stellarator-linear-scan:stella-geometry
0.2,61,-0.26171875,0.656154034424687,-0.19768450925455652,0.002205932411667862,-0.12746017361233958,unit_mode_chain_amplitude,stellarator-linear-scan:stella-geometry
0.2,62,-0.2578125,0.13124448325308818,-0.7902468052487508,0.002205932411667862,-0.12746017361233958,unit_mode_chain_amplitude,stellarator-linear-scan:stella-geometry
0.2,63,-0.25390625,0.2563713777293569,-0.6588959411000297,0.002205932411667862,-0.12746017361233958,unit_mode_chain_amplitude,stellarator-linear-scan:stella-geometry
0.2,64,-0.25,0.21256110470736692,-0.026164675347912628,0.002205932411667862,-0.12746017361233958,unit_mode_chain_amplitude,stellarator-linear-scan:stella-geometry
0.2,65,-0.24609375,0.1536219213167993,-0.018736734511996353,0.002205932411667862,-0.12746017361233958,unit_mode_chain_amplitude,stellarator-linear-scan:stella-geometry
0.2,66,-0.2421875,-0.28314515384423034,-0.5727638910797916,0.002205932411667862,-0.12746017361233958,unit_mode_chain_amplitude,stellarator-linear-scan:stella-geometry
0.2,67,-0.23828125,-0.47561742429244924,-0.595910561856156,0.002205932411667862,-0.12746017361233958,unit_mode_chain_amplitude,stellarator-linear-scan:stella-geometry
0.2,68,-0.234375,-0.5438346683968959,0.04466138687805187,0.002205932411667862,-0.12746017361233958,unit_mode_chain_amplitude,stellarator-linear-scan:stella-geometry
0.2,69,-0.23046875,-0.44126494286269,0.5565910489033554,0.002205932411667862,-0.12746017361233958,unit_mode_chain_amplitude,stellarator-linear-scan:stella-geometry
0.2,70,-0.2265625,-0.6496441722185071,-0.010008301514756344,0.002205932411667862,-0.12746017361233958,unit_mode_chain_amplitude,stellarator-linear-scan:stella-geometry
0.2,71,-0.22265625,-0.1915434644473715,-0.6983964253236198,0.002205932411667862,-0.12746017361233958,unit_mode_chain_amplitude,stellarator-linear-scan:stella-geometry
0.2,72,-0.21875,0.2937288895001281,-0.8222777166655345,0.002205932411667862,-0.12746017361233958,unit_mode_chain_amplitude,stellarator-linear-scan:stella-geometry
0.2,73,-0.21484375,0.4923853323517582,-0.40042892483638043,0.002205932411667862,-0.12746017361233958,unit_mode_chain_amplitude,stellarator-linear-scan:stella-geometry
0.2,74,-0.2109375,0.39162306334074,0.21998373527957474,0.002205932411667862,-0.12746017361233958,unit_mode_chain_amplitude,stellarator-linear-scan:stella-geometry
0.2,75,-0.20703125,0.009549081828343518,0.3457953107109504,0.002205932411667862,-0.12746017361233958,unit_mode_chain_amplitude,stellarator-linear-scan:stella-geometry
0.2,76,-0.203125,-0.4021622210496072,0.3172785490415571,0.002205932411667862,-0.12746017361233958,unit_mode_chain_amplitude,stellarator-linear-scan:stella-geometry
0.2,77,-0.19921875,-1.007136630195022,0.49611902006856057,0.002205932411667862,-0.12746017361233958,unit_mode_chain_amplitude,stellarator-linear-scan:stella-geometry
0.2,78,-0.1953125,-1.2889881381694561,0.9105046444316561,0.002205932411667862,-0.12746017361233958,unit_mode_chain_amplitude,stellarator-linear-scan:stella-geometry
0.2,79,-0.19140625,-1.1674143699828088,0.9178488954503854,0.002205932411667862,-0.12746017361233958,unit_mode_chain_amplitude,stellarator-linear-scan:stella-geometry
0.2,80,-0.1875,-0.8852400294075516,0.7425297228071877,0.002205932411667862,-0.12746017361233958,unit_mode_chain_amplitude,stellarator-linear-scan:stella-geometry
0.2,81,-0.18359375,-0.6511769401803328,0.0016909982168550942,0.002205932411667862,-0.12746017361233958,unit_mode_chain_amplitude,stellarator-linear-scan:stella-geometry
0.2,82,-0.1796875,-0.2579576756383676,0.01041161454670995,0.002205932411667862,-0.12746017361233958,unit_mode_chain_amplitude,stellarator-linear-scan:stella-geometry
0.2,83,-0.17578125,0.14103481669109033,0.6062479929770317,0.002205932411667862,-0.12746017361233958,unit_mode_chain_amplitude,stellarator-linear-scan:stella-geometry
0.2,84,-0.171875,0.5509725646352,1.4634362689306308,0.002205932411667862,-0.12746017361233958,unit_mode_chain_amplitude,stellarator-linear-scan:stella-geometry
0.2,85,-0.16796875,0.6175677060991311,1.2679185768056618,0.002205932411667862,-0.12746017361233958,unit_mode_chain_amplitude,stellarator-linear-scan:stella-geometry
0.2,86,-0.1640625,0.4794885243595674,0.19155821998867678,0.002205932411667862,-0.12746017361233958,unit_mode_chain_amplitude,stellarator-linear-scan:stella-geometry
0.2,87,-0.16015625,0.43134219462014395,-0.6218831546405543,0.002205932411667862,-0.12746017361233958,unit_mode_chain_amplitude,stellarator-linear-scan:stella-geometry
0.2,88,-0.15625,0.6626988381867301,-0.6386009324425839,0.002205932411667862,-0.12746017361233958,unit_mode_chain_amplitude,stellarator-linear-scan:stella-geometry
0.2,89,-0.15234375,0.6311676456477793,-0.8436456885664719,0.002205932411667862,-0.12746017361233958,unit_mode_chain_amplitude,stellarator-linear-scan:stella-geometry
0.2,90,-0.1484375,0.382877283289206,-0.9940811583298559,0.002205932411667862,-0.12746017361233958,unit_mode_chain_amplitude,stellarator-linear-scan:stella-geometry
0.2,91,-0.14453125,0.4775265063938551,-1.4598108187864727,0.002205932411667862,-0.12746017361233958,unit_mode_chain_amplitude,stellarator-linear-scan:stella-geometry
0.2,92,-0.140625,0.8098992789348288,-0.5950265679263707,0.002205932411667862,-0.12746017361233958,unit_mode_chain_amplitude,stellarator-linear-scan:stella-geometry
0.2,93,-0.13671875,0.5922588302301199,0.19544368221775246,0.002205932411667862,-0.12746017361233958,unit_mode_chain_amplitude,stellarator-linear-scan:stella-geometry
0.2,94,-0.1328125,-0.12562779232273624,0.45861832486511445,0.002205932411667862,-0.12746017361233958,unit_mode_chain_amplitude,stellarator-linear-scan:stella-geometry
0.2,95,-0.12890625,-0.8209306859730475,0.052754503506386,0.002205932411667862,-0.12746017361233958,unit_mode_chain_amplitude,stellarator-linear-scan:stella-geometry
0.2,96,-0.125,-1.1935713179686764,-0.25146430724346996,0.002205932411667862,-0.12746017361233958,unit_mode_chain_amplitude,stellarator-linear-scan:stella-geometry
0.2,97,-0.12109375,-0.7785369171996173,-0.45680203540444575,0.002205932411667862,-0.12746017361233958,unit_mode_chain_amplitude,stellarator-linear-scan:stella-geometry
0.2,98,-0.1171875,-0.218889341776291,-0.11952494356130511,0.002205932411667862,-0.12746017361233958,unit_mode_chain_amplitude,stellarator-linear-scan:stella-geometry
0.2,99,-0.11328125,-0.14222313256615174,0.21579146994979087,0.002205932411667862,-0.12746017361233958,unit_mode_chain_amplitude,stellarator-linear-scan:stella-geometry
0.2,100,-0.109375,-0.24585361379549361,0.12116234561454309,0.002205932411667862,-0.12746017361233958,unit_mode_chain_amplitude,stellarator-linear-scan:stella-geometry
0.2,101,-0.10546875,-0.2196303062223019,-0.029717999664678897,0.002205932411667862,-0.12746017361233958,unit_mode_chain_amplitude,stellarator-linear-scan:stella-geometry
0.2,102,-0.1015625,0.018775061381366764,0.4298069785233717,0.002205932411667862,-0.12746017361233958,unit_mode_chain_amplitude,stellarator-linear-scan:stella-geometry
0.2,103,-0.09765625,0.4474937672047919,0.7489540347980871,0.002205932411667862,-0.12746017361233958,unit_mode_chain_amplitude,stellarator-linear-scan:stella-geometry
0.2,104,-0.09375,0.6566882663619683,0.7357527893632932,0.002205932411667862,-0.12746017361233958,unit_mode_chain_amplitude,stellarator-linear-scan:stella-geometry
0.2,105,-0.08984375,1.006326855193622,0.017263813579915833,0.002205932411667862,-0.12746017361233958,unit_mode_chain_amplitude,stellarator-linear-scan:stella-geometry
0.2,106,-0.0859375,0.8762509108913309,-0.11808465336591806,0.002205932411667862,-0.12746017361233958,unit_mode_chain_amplitude,stellarator-linear-scan:stella-geometry
0.2,107,-0.08203125,0.5566499467598609,0.31904892832023524,0.002205932411667862,-0.12746017361233958,unit_mode_chain_amplitude,stellarator-linear-scan:stella-geometry
0.2,108,-0.078125,0.19699856241127894,0.8611475705634355,0.002205932411667862,-0.12746017361233958,unit_mode_chain_amplitude,stellarator-linear-scan:stella-geometry
0.2,109,-0.07421875,-0.4912373529744446,0.4074905996359883,0.002205932411667862,-0.12746017361233958,unit_mode_chain_amplitude,stellarator-linear-scan:stella-geometry
0.2,110,-0.0703125,-0.8929029648199166,-0.1998358949315024,0.002205932411667862,-0.12746017361233958,unit_mode_chain_amplitude,stellarator-linear-scan:stella-geometry
0.2,111,-0.06640625,-0.7462727148158663,-0.5685262839566948,0.002205932411667862,-0.12746017361233958,unit_mode_chain_amplitude,stellarator-linear-scan:stella-geometry
0.2,112,-0.0625,-0.21089384352064847,-0.32912418434375934,0.002205932411667862,-0.12746017361233958,unit_mode_chain_amplitude,stellarator-linear-scan:stella-geometry
0.2,113,-0.05859375,0.5409944247365118,-0.44173654782430266,0.002205932411667862,-0.12746017361233958,unit_mode_chain_amplitude,stellarator-linear-scan:stella-geometry
0.2,114,-0.0546875,0.7759425563667202,-1.2236011485169265,0.002205932411667862,-0.12746017361233958,unit_mode_chain_amplitude,stellarator-linear-scan:stella-geometry
0.2,115,-0.05078125,0.5463143646476842,-1.8879273787373276,0.002205932411667862,-0.12746017361233958,unit_mode_chain_amplitude,stellarator-linear-scan:stella-geometry
0.2,116,-0.046875,0.5765145655330556,-1.3069032041556627,0.002205932411667862,-0.12746017361233958,unit_mode_chain_amplitude,stellarator-linear-scan:stella-geometry
0.2,117,-0.04296875,0.7703887331050022,-0.5085962436015263,0.002205932411667862,-0.12746017361233958,unit_mode_chain_amplitude,stellarator-linear-scan:stella-geometry
0.2,118,-0.0390625,0.7991212434503605,0.16223412893912667,0.002205932411667862,-0.12746017361233958,unit_mode_chain_amplitude,stellarator-linear-scan:stella-geometry
0.2,119,-0.03515625,0.3090630369056714,-0.05257275904358794,0.002205932411667862,-0.12746017361233958,unit_mode_chain_amplitude,stellarator-linear-scan:stella-geometry
0.2,120,-0.03125,-0.4677909627073177,-0.5953247744335228,0.002205932411667862,-0.12746017361233958,unit_mode_chain_amplitude,stellarator-linear-scan:stella-geometry
0.2,121,-0.02734375,-1.002902867719426,-0.7565786608765334,0.002205932411667862,-0.12746017361233958,unit_mode_chain_amplitude,stellarator-linear-scan:stella-geometry
0.2,122,-0.0234375,-0.8545779884563094,0.2728583486954639,0.002205932411667862,-0.12746017361233958,unit_mode_chain_amplitude,stellarator-linear-scan:stella-geometry
0.2,123,-0.01953125,-0.3238153187846295,0.6993709125574276,0.002205932411667862,-0.12746017361233958,unit_mode_chain_amplitude,stellarator-linear-scan:stella-geometry
0.2,124,-0.015625,-0.26879272500665746,0.6641083090094171,0.002205932411667862,-0.12746017361233958,unit_mode_chain_amplitude,stellarator-linear-scan:stella-geometry
0.2,125,-0.01171875,-0.5821416797719116,0.3268144054762814,0.002205932411667862,-0.12746017361233958,unit_mode_chain_amplitude,stellarator-linear-scan:stella-geometry
0.2,126,-0.0078125,-0.8325950451786283,0.7755252693397188,0.002205932411667862,-0.12746017361233958,unit_mode_chain_amplitude,stellarator-linear-scan:stella-geometry
0.2,127,-0.00390625,-0.6786961422655603,1.3113912345066252,0.002205932411667862,-0.12746017361233958,unit_mode_chain_amplitude,stellarator-linear-scan:stella-geometry
0.2,128,0.0,-0.15606239926682408,1.2613642292654754,0.002205932411667862,-0.12746017361233958,unit_mode_chain_amplitude,stellarator-linear-scan:stella-geometry
0.2,129,0.00390625,-0.1011478703430632,0.053224314600257394,0.002205932411667862,-0.12746017361233958,unit_mode_chain_amplitude,stellarator-linear-scan:stella-geometry
0.2,130,0.0078125,-0.058129626681623074,-0.7751588777138186,0.002205932411667862,-0.12746017361233958,unit_mode_chain_amplitude,stellarator-linear-scan:stella-geometry
0.2,131,0.01171875,0.41728999458063054,-0.9809690428800043,0.002205932411667862,-0.12746017361233958,unit_mode_chain_amplitude,stellarator-linear-scan:stella-geometry
0.2,132,0.015625,0.8410270952738514,-0.5282441783203228,0.002205932411667862,-0.12746017361233958,unit_mode_chain_amplitude,stellarator-linear-scan:stella-geometry
0.2,133,0.01953125,0.9340524215256126,-0.37282419379141746,0.002205932411667862,-0.12746017361233958,unit_mode_chain_amplitude,stellarator-linear-scan:stella-geometry
0.2,134,0.0234375,0.5011256228138026,-0.3868160753318628,0.002205932411667862,-0.12746017361233958,unit_mode_chain_amplitude,stellarator-linear-scan:stella-geometry
0.2,135,0.02734375,0.0622207069420592,-0.5845457687436515,0.002205932411667862,-0.12746017361233958,unit_mode_chain_amplitude,stellarator-linear-scan:stella-geometry
0.2,136,0.03125,0.009711583099325216,-0.2547677907463223,0.002205932411667862,-0.12746017361233958,unit_mode_chain_amplitude,stellarator-linear-scan:stella-geometry
0.2,137,0.03515625,0.19186006191520907,-0.18513733336765953,0.002205932411667862,-0.12746017361233958,unit_mode_chain_amplitude,stellarator-linear-scan:stella-geometry
0.2,138,0.0390625,0.2557346118204599,-0.5286740057639007,0.002205932411667862,-0.12746017361233958,unit_mode_chain_amplitude,stellarator-linear-scan:stella-geometry
0.2,139,0.04296875,0.01731025284438739,-0.8900406043510282,0.002205932411667862,-0.12746017361233958,unit_mode_chain_amplitude,stellarator-linear-scan:stella-geometry
0.2,140,0.046875,-0.4552687883054158,-0.4593895602802583,0.002205932411667862,-0.12746017361233958,unit_mode_chain_amplitude,stellarator-linear-scan:stella-geometry
0.2,141,0.05078125,-0.9518554527298607,0.26451266762370396,0.002205932411667862,-0.12746017361233958,unit_mode_chain_amplitude,stellarator-linear-scan:stella-geometry
0.2,142,0.0546875,-1.123871141146098,0.87022154369001,0.002205932411667862,-0.12746017361233958,unit_mode_chain_amplitude,stellarator-linear-scan:stella-geometry
0.2,143,0.05859375,-0.8438920857788628,0.9314652202880133,0.002205932411667862,-0.12746017361233958,unit_mode_chain_amplitude,stellarator-linear-scan:stella-geometry
0.2,144,0.0625,-0.7362575597756623,0.3702912219772959,0.002205932411667862,-0.12746017361233958,unit_mode_chain_amplitude,stellarator-linear-scan:stella-geometry
0.2,145,0.06640625,-0.41147583418278544,-0.01998175467327169,0.002205932411667862,-0.12746017361233958,unit_mode_chain_amplitude,stellarator-linear-scan:stella-geometry
0.2,146,0.0703125,0.12112302536804262,0.1986985909201775,0.002205932411667862,-0.12746017361233958,unit_mode_chain_amplitude,stellarator-linear-scan:stella-geometry
0.2,147,0.07421875,0.464976723571357,0.6640370025065523,0.002205932411667862,-0.12746017361233958,unit_mode_chain_amplitude,stellarator-linear-scan:stella-geometry
0.2,148,0.078125,0.5572144443843818,0.9068274327257533,0.002205932411667862,-0.12746017361233958,unit_mode_chain_amplitude,stellarator-linear-scan:stella-geometry
0.2,149,0.08203125,0.30525414635678294,0.7304642970396862,0.002205932411667862,-0.12746017361233958,unit_mode_chain_amplitude,stellarator-linear-scan:stella-geometry
0.2,150,0.0859375,0.43114728666662916,1.1091532415860128,0.002205932411667862,-0.12746017361233958,unit_mode_chain_amplitude,stellarator-linear-scan:stella-geometry
0.2,151,0.08984375,0.84832163025292,1.8762550745613125,0.002205932411667862,-0.12746017361233958,unit_mode_chain_amplitude,stellarator-linear-scan:stella-geometry
0.2,152,0.09375,0.5768788030622979,2.090541024192625,0.002205932411667862,-0.12746017361233958,unit_mode_chain_amplitude,stellarator-linear-scan:stella-geometry
0.2,153,0.09765625,-0.16236567905782454,1.0503149047300944,0.002205932411667862,-0.12746017361233958,unit_mode_chain_amplitude,stellarator-linear-scan:stella-geometry
0.2,154,0.1015625,-0.8196327390239164,-0.01577845731090825,0.002205932411667862,-0.12746017361233958,unit_mode_chain_amplitude,stellarator-linear-scan:stella-geometry
0.2,155,0.10546875,-0.8006897550348252,-0.36108088505539027,0.002205932411667862,-0.12746017361233958,unit_mode_chain_amplitude,stellarator-linear-scan:stella-geometry
0.2,156,0.109375,0.06357145849039104,0.05755652153509927,0.002205932411667862,-0.12746017361233958,unit_mode_chain_amplitude,stellarator-linear-scan:stella-geometry
0.2,157,0.11328125,1.0280713589902648,-0.019678463188980283,0.002205932411667862,-0.12746017361233958,unit_mode_chain_amplitude,stellarator-linear-scan:stella-geometry
0.2,158,0.1171875,1.2137148706109084,-1.092861395680347,0.002205932411667862,-0.12746017361233958,unit_mode_chain_amplitude,stellarator-linear-scan:stella-geometry
0.2,159,0.12109375,0.5680947200972795,-1.851341377256751,0.002205932411667862,-0.12746017361233958,unit_mode_chain_amplitude,stellarator-linear-scan:stella-geometry
0.2,160,0.125,-0.01625936363073748,-1.2914214881288801,0.002205932411667862,-0.12746017361233958,unit_mode_chain_amplitude,stellarator-linear-scan:stella-geometry
0.2,161,0.12890625,0.09145792604380511,-0.5650634936536224,0.002205932411667862,-0.12746017361233958,unit_mode_chain_amplitude,stellarator-linear-scan:stella-geometry
0.2,162,0.1328125,0.45865754678710136,-0.25879125312554296,0.002205932411667862,-0.12746017361233958,unit_mode_chain_amplitude,stellarator-linear-scan:stella-geometry
0.2,163,0.13671875,0.7542082832927072,-1.071681231716076,0.002205932411667862,-0.12746017361233958,unit_mode_chain_amplitude,stellarator-linear-scan:stella-geometry
0.2,164,0.140625,0.17646634462084704,-1.6662113953527184,0.002205932411667862,-0.12746017361233958,unit_mode_chain_amplitude,stellarator-linear-scan:stella-geometry
0.2,165,0.14453125,-0.44607405949808243,-0.9240171739515334,0.002205932411667862,-0.12746017361233958,unit_mode_chain_amplitude,stellarator-linear-scan:stella-geometry
0.2,166,0.1484375,-0.2771217376851579,0.5841449529810799,0.002205932411667862,-0.12746017361233958,unit_mode_chain_amplitude,stellarator-linear-scan:stella-geometry
0.2,167,0.15234375,0.24471298253182044,1.2830647397007842,0.002205932411667862,-0.12746017361233958,unit_mode_chain_amplitude,stellarator-linear-scan:stella-geometry
0.2,168,0.15625,0.39420382610779375,1.068454885975099,0.002205932411667862,-0.12746017361233958,unit_mode_chain_amplitude,stellarator-linear-scan:stella-geometry
0.2,169,0.16015625,-0.13841541003288757,0.6978157981070732,0.002205932411667862,-0.12746017361233958,unit_mode_chain_amplitude,stellarator-linear-scan:stella-geometry
0.2,170,0.1640625,-0.2109915376890449,0.7882203210347004,0.002205932411667862,-0.12746017361233958,unit_mode_chain_amplitude,stellarator-linear-scan:stella-geometry
0.2,171,0.16796875,0.28008681486522885,0.7435290232115845,0.002205932411667862,-0.12746017361233958,unit_mode_chain_amplitude,stellarator-linear-scan:stella-geometry
0.2,172,0.171875,0.5710618208395764,0.3464063078768925,0.002205932411667862,-0.12746017361233958,unit_mode_chain_amplitude,stellarator-linear-scan:stella-geometry
0.2,173,0.17578125,0.4199360207780825,-0.2422927657285745,0.002205932411667862,-0.12746017361233958,unit_mode_chain_amplitude,stellarator-linear-scan:stella-geometry
0.2,174,0.1796875,0.029179922818650953,0.0009710522498358421,0.002205932411667862,-0.12746017361233958,unit_mode_chain_amplitude,stellarator-linear-scan:stella-geometry
0.2,175,0.18359375,-0.1267233660361066,-0.0034195874333869565,0.002205932411667862,-0.12746017361233958,unit_mode_chain_amplitude,stellarator-linear-scan:stella-geometry
0.2,176,0.1875,-0.0262904289045164,-0.2702951545166365,0.002205932411667862,-0.12746017361233958,unit_mode_chain_amplitude,stellarator-linear-scan:stella-geometry
0.2,177,0.19140625,-0.02819299314580504,-0.8147225419716084,0.002205932411667862,-0.12746017361233958,unit_mode_chain_amplitude,stellarator-linear-scan:stella-geometry
0.2,178,0.1953125,0.13925966282839633,-0.8833791758116194,0.002205932411667862,-0.12746017361233958,unit_mode_chain_amplitude,stellarator-linear-scan:stella-geometry
0.2,179,0.19921875,0.2585124556124096,-1.2242421911447614,0.002205932411667862,-0.12746017361233958,unit_mode_chain_amplitude,stellarator-linear-scan:stella-geometry
0.2,180,0.203125,0.14773243425851534,-1.2507715852039631,0.002205932411667862,-0.12746017361233958,unit_mode_chain_amplitude,stellarator-linear-scan:stella-geometry
0.2,181,0.20703125,0.051106964718701735,-1.081331912598409,0.002205932411667862,-0.12746017361233958,unit_mode_chain_amplitude,stellarator-linear-scan:stella-geometry
0.2,182,0.2109375,-0.04360588024067621,-1.0275618192972615,0.002205932411667862,-0.12746017361233958,unit_mode_chain_amplitude,stellarator-linear-scan:stella-geometry
0.2,183,0.21484375,-0.1692045813529943,-1.303537726398162,0.002205932411667862,-0.12746017361233958,unit_mode_chain_amplitude,stellarator-linear-scan:stella-geometry
0.2,184,0.21875,-0.4963068561251953,-1.1110435512491617,0.002205932411667862,-0.12746017361233958,unit_mode_chain_amplitude,stellarator-linear-scan:stella-geometry
0.2,185,0.22265625,-1.1019257086605758,-0.47304712517614556,0.002205932411667862,-0.12746017361233958,unit_mode_chain_amplitude,stellarator-linear-scan:stella-geometry
0.2,186,0.2265625,-1.7457077910095118,-0.11983852690358422,0.002205932411667862,-0.12746017361233958,unit_mode_chain_amplitude,stellarator-linear-scan:stella-geometry
0.2,187,0.23046875,-1.6362071209162727,-0.501440139592935,0.002205932411667862,-0.12746017361233958,unit_mode_chain_amplitude,stellarator-linear-scan:stella-geometry
0.2,188,0.234375,-1.5032881369003015,-1.0480555065978057,0.002205932411667862,-0.12746017361233958,unit_mode_chain_amplitude,stellarator-linear-scan:stella-geometry
0.2,189,0.23828125,-0.9816944859978041,-0.9434003389423186,0.002205932411667862,-0.12746017361233958,unit_mode_chain_amplitude,stellarator-linear-scan:stella-geometry
0.2,190,0.2421875,-0.12437516858823584,-0.2772335147714643,0.002205932411667862,-0.12746017361233958,unit_mode_chain_amplitude,stellarator-linear-scan:stella-geometry
0.2,191,0.24609375,0.8339671852301437,0.3737142579726456,0.002205932411667862,-0.12746017361233958,unit_mode_chain_amplitude,stellarator-linear-scan:stella-geometry
0.2,192,0.25,1.1096910507850317,0.39722154870796345,0.002205932411667862,-0.12746017361233958,unit_mode_chain_amplitude,stellarator-linear-scan:stella-geometry
0.2,193,0.25390625,0.6529414896880185,0.2809399085276097,0.002205932411667862,-0.12746017361233958,unit_mode_chain_amplitude,stellarator-linear-scan:stella-geometry
0.2,194,0.2578125,-0.08330324564560491,1.2382753676195781,0.002205932411667862,-0.12746017361233958,unit_mode_chain_amplitude,stellarator-linear-scan:stella-geometry
0.2,195,0.26171875,-0.2039527504900031,2.4064368527126283,0.002205932411667862,-0.12746017361233958,unit_mode_chain_amplitude,stellarator-linear-scan:stella-geometry
0.2,196,0.265625,0.23288817436921597,2.490918335871789,0.002205932411667862,-0.12746017361233958,unit_mode_chain_amplitude,stellarator-linear-scan:stella-geometry
0.2,197,0.26953125,0.3045441704104632,1.4147356387014527,0.002205932411667862,-0.12746017361233958,unit_mode_chain_amplitude,stellarator-linear-scan:stella-geometry
0.2,198,0.2734375,-0.34438085182668704,0.3210855052429659,0.002205932411667862,-0.12746017361233958,unit_mode_chain_amplitude,stellarator-linear-scan:stella-geometry
0.2,199,0.27734375,-1.048737339383889,0.16053609062086582,0.002205932411667862,-0.12746017361233958,unit_mode_chain_amplitude,stellarator-linear-scan:stella-geometry
0.2,200,0.28125,-1.4562499979816323,0.8876970990480811,0.002205932411667862,-0.12746017361233958,unit_mode_chain_amplitude,stellarator-linear-scan:stella-geometry
0.2,201,0.28515625,-0.5001096239783099,1.0089663682035854,0.002205932411667862,-0.12746017361233958,unit_mode_chain_amplitude,stellarator-linear-scan:stella-geometry
0.2,202,0.2890625,0.4569412267643196,-0.2701903474762754,0.002205932411667862,-0.12746017361233958,unit_mode_chain_amplitude,stellarator-linear-scan:stella-geometry
0.2,203,0.29296875,0.16739195160732678,-1.604070045035033,0.002205932411667862,-0.12746017361233958,unit_mode_chain_amplitude,stellarator-linear-scan:stella-geometry
0.2,204,0.296875,-0.7136414207615707,-1.3474534999251284,0.002205932411667862,-0.12746017361233958,unit_mode_chain_amplitude,stellarator-linear-scan:stella-geometry
0.2,205,0.30078125,-0.6035953868990038,-0.6240124180236999,0.002205932411667862,-0.12746017361233958,unit_mode_chain_amplitude,stellarator-linear-scan:stella-geometry
0.2,206,0.3046875,-0.1067044404139,-0.31359386919862675,0.002205932411667862,-0.12746017361233958,unit_mode_chain_amplitude,stellarator-linear-scan:stella-geometry
0.2,207,0.30859375,0.1507670275445293,-0.7168255356539781,0.002205932411667862,-0.12746017361233958,unit_mode_chain_amplitude,stellarator-linear-scan:stella-geometry
0.2,208,0.3125,-0.3341844775081394,-0.5446446119268125,0.002205932411667862,-0.12746017361233958,unit_mode_chain_amplitude,stellarator-linear-scan:stella-geometry
0.2,209,0.31640625,-0.8843380876525818,0.2073266008694956,0.002205932411667862,-0.12746017361233958,unit_mode_chain_amplitude,stellarator-linear-scan:stella-geometry
0.2,210,0.3203125,-0.5059650520451502,1.1583603618663114,0.002205932411667862,-0.12746017361233958,unit_mode_chain_amplitude,stellarator-linear-scan:stella-geometry
0.2,211,0.32421875,0.5550377663695577,0.8796728130189223,0.002205932411667862,-0.12746017361233958,unit_mode_chain_amplitude,stellarator-linear-scan:stella-geometry
0.2,212,0.328125,1.168604012863491,0.4844347400486876,0.002205932411667862,-0.12746017361233958,unit_mode_chain_amplitude,stellarator-linear-scan:stella-geometry
0.2,213,0.33203125,1.1429028511524426,0.13454770353174753,0.002205932411667862,-0.12746017361233958,unit_mode_chain_amplitude,stellarator-linear-scan:stella-geometry
0.2,214,0.3359375,0.4921992169525472,0.722568671493324,0.002205932411667862,-0.12746017361233958,unit_mode_chain_amplitude,stellarator-linear-scan:stella-geometry
0.2,215,0.33984375,0.10673562790167028,0.7381556668067926,0.002205932411667862,-0.12746017361233958,unit_mode_chain_amplitude,stellarator-linear-scan:stella-geometry
0.2,216,0.34375,0.23545041360983024,0.9481818891802914,0.002205932411667862,-0.12746017361233958,unit_mode_chain_amplitude,stellarator-linear-scan:stella-geometry
0.2,217,0.34765625,0.29538969146373206,0.5871905870506037,0.002205932411667862,-0.12746017361233958,unit_mode_chain_amplitude,stellarator-linear-scan:stella-geometry
0.2,218,0.3515625,0.24255558717895798,0.8310453646412094,0.002205932411667862,-0.12746017361233958,unit_mode_chain_amplitude,stellarator-linear-scan:stella-geometry
0.2,219,0.35546875,0.2363915947572873,0.9008072203385151,0.002205932411667862,-0.12746017361233958,unit_mode_chain_amplitude,stellarator-linear-scan:stella-geometry
0.2,220,0.359375,0.4199569150963764,0.5329422049451481,0.002205932411667862,-0.12746017361233958,unit_mode_chain_amplitude,stellarator-linear-scan:stella-geometry
0.2,221,0.36328125,0.8007248456492198,-0.7903751011564609,0.002205932411667862,-0.12746017361233958,unit_mode_chain_amplitude,stellarator-linear-scan:stella-geometry
0.2,222,0.3671875,1.3304318738762768,-1.3629466423378376,0.002205932411667862,-0.12746017361233958,unit_mode_chain_amplitude,stellarator-linear-scan:stella-geometry
0.2,223,0.37109375,1.945665565622629,-1.516634600804654,0.002205932411667862,-0.12746017361233958,unit_mode_chain_amplitude,stellarator-linear-scan:stella-geometry
0.2,224,0.375,1.770417032397472,-1.2622523989605703,0.002205932411667862,-0.12746017361233958,unit_mode_chain_amplitude,stellarator-linear-scan:stella-geometry
0.2,225,0.37890625,1.5442102133300217,-0.7758684864531952,0.002205932411667862,-0.12746017361233958,unit_mode_chain_amplitude,stellarator-linear-scan:stella-geometry
0.2,226,0.3828125,0.9224457050041306,-0.23159746990481536,0.002205932411667862,-0.12746017361233958,unit_mode_chain_amplitude,stellarator-linear-scan:stella-geometry
0.2,227,0.38671875,0.32527715861238304,-0.1649456253166847,0.002205932411667862,-0.12746017361233958,unit_mode_chain_amplitude,stellarator-linear-scan:stella-geometry
0.2,228,0.390625,-0.5069503950542017,-0.3856895055290786,0.002205932411667862,-0.12746017361233958,unit_mode_chain_amplitude,stellarator-linear-scan:stella-geometry
0.2,229,0.39453125,-1.0477577915774128,-0.37589551180841696,0.002205932411667862,-0.12746017361233958,unit_mode_chain_amplitude,stellarator-linear-scan:stella-geometry
0.2,230,0.3984375,-0.95724113449885,-0.6404308411092559,0.002205932411667862,-0.12746017361233958,unit_mode_chain_amplitude,stellarator-linear-scan:stella-geometry
0.2,231,0.40234375,-0.5741247878934543,-1.3875923393613128,0.002205932411667862,-0.12746017361233958,unit_mode_chain_amplitude,stellarator-linear-scan:stella-geometry
0.2,232,0.40625,-0.6328149695698756,-1.9111296040825678,0.002205932411667862,-0.12746017361233958,unit_mode_chain_amplitude,stellarator-linear-scan:stella-geometry
0.2,233,0.41015625,-0.5789106452114203,-1.3364443575698275,0.002205932411667862,-0.12746017361233958,unit_mode_chain_amplitude,stellarator-linear-scan:stella-geometry
0.2,234,0.4140625,-0.21457660560647623,-0.30016577823475515,0.002205932411667862,-0.12746017361233958,unit_mode_chain_amplitude,stellarator-linear-scan:stella-geometry
0.2,235,0.41796875,0.5371963745645978,0.3867197541050702,0.002205932411667862,-0.12746017361233958,unit_mode_chain_amplitude,stellarator-linear-scan:stella-geometry
0.2,236,0.421875,1.2863566613822799,0.29027083679707694,0.002205932411667862,-0.12746017361233958,unit_mode_chain_amplitude,stellarator-linear-scan:stella-geometry
0.2,237,0.42578125,1.1786074030579186,-0.2544490332051918,0.002205932411667862,-0.12746017361233958,unit_mode_chain_amplitude,stellarator-linear-scan:stella-geometry
0.2,238,0.4296875,0.03908771075338617,0.15346674142276379,0.002205932411667862,-0.12746017361233958,unit_mode_chain_amplitude,stellarator-linear-scan:stella-geometry
0.2,239,0.43359375,-0.5657153423386554,1.1660603623220105,0.002205932411667862,-0.12746017361233958,unit_mode_chain_amplitude,stellarator-linear-scan:stella-geometry
0.2,240,0.4375,0.025633936753006042,1.1221892997166345,0.002205932411667862,-0.12746017361233958,unit_mode_chain_amplitude,stellarator-linear-scan:stella-geometry
0.2,241,0.44140625,0.9156390514466415,0.25765709499876327,0.002205932411667862,-0.12746017361233958,unit_mode_chain_amplitude,stellarator-linear-scan:stella-geometry
0.2,242,0.4453125,1.1748484711443066,0.06596106435955462,0.002205932411667862,-0.12746017361233958,unit_mode_chain_amplitude,stellarator-linear-scan:stella-geometry
0.2,243,0.44921875,0.47504762029759223,0.3694829487856085,0.002205932411667862,-0.12746017361233958,unit_mode_chain_amplitude,stellarator-linear-scan:stella-geometry
0.2,244,0.453125,-0.16634517870367008,0.8663811182810985,0.002205932411667862,-0.12746017361233958,unit_mode_chain_amplitude,stellarator-linear-scan:stella-geometry
0.2,245,0.45703125,-0.12075614010441713,0.4839255986936112,0.002205932411667862,-0.12746017361233958,unit_mode_chain_amplitude,stellarator-linear-scan:stella-geometry
0.2,246,0.4609375,0.2668895576610749,-0.7874623067233026,0.002205932411667862,-0.12746017361233958,unit_mode_chain_amplitude,stellarator-linear-scan:stella-geometry
0.2,247,0.46484375,-0.38684424667113215,-1.372419886698152,0.002205932411667862,-0.12746017361233958,unit_mode_chain_amplitude,stellarator-linear-scan:stella-geometry
0.2,248,0.46875,-1.2552642872084603,-0.3967241606154496,0.002205932411667862,-0.12746017361233958,unit_mode_chain_amplitude,stellarator-linear-scan:stella-geometry
0.2,249,0.47265625,-1.388443102948261,0.27302318024803873,0.002205932411667862,-0.12746017361233958,unit_mode_chain_amplitude,stellarator-linear-scan:stella-geometry
0.2,250,0.4765625,-0.6401844372782937,0.22979086420105413,0.002205932411667862,-0.12746017361233958,unit_mode_chain_amplitude,stellarator-linear-scan:stella-geometry
0.2,251,0.48046875,-0.447639425391737,-0.3678065759278721,0.002205932411667862,-0.12746017361233958,unit_mode_chain_amplitude,stellarator-linear-scan:stella-geometry
0.2,252,0.484375,-0.6948376368299725,-0.2721485342385141,0.002205932411667862,-0.12746017361233958,unit_mode_chain_amplitude,stellarator-linear-scan:stella-geometry
0.2,253,0.48828125,-0.8648925594042858,-0.16488677571864171,0.002205932411667862,-0.12746017361233958,unit_mode_chain_amplitude,stellarator-linear-scan:stella-geometry
0.2,254,0.4921875,-0.47246207208551105,-0.06355138202203761,0.002205932411667862,-0.12746017361233958,unit_mode_chain_amplitude,stellarator-linear-scan:stella-geometry
0.2,255,0.49609375,0.16845492664024653,-0.36772785322814383,0.002205932411667862,-0.12746017361233958,unit_mode_chain_amplitude,stellarator-linear-scan:stella-geometry
0.3,0,-0.5,-0.007786936738044333,0.3290887837287483,0.003611396623391806,-0.1889074770596314,unit_mode_chain_amplitude,stellarator-linear-scan:stella-geometry
0.3,1,-0.49609375,0.33440637084643116,-0.09306804837966381,0.003611396623391806,-0.1889074770596314,unit_mode_chain_amplitude,stellarator-linear-scan:stella-geometry
0.3,2,-0.4921875,0.24412831648177274,0.013012113751714035,0.003611396623391806,-0.1889074770596314,unit_mode_chain_amplitude,stellarator-linear-scan:stella-geometry
0.3,3,-0.48828125,-0.11819308262400638,0.14213684344482524,0.003611396623391806,-0.1889074770596314,unit_mode_chain_amplitude,stellarator-linear-scan:stella-geometry
0.3,4,-0.484375,-0.45065004583236395,0.4182593542013801,0.003611396623391806,-0.1889074770596314,unit_mode_chain_amplitude,stellarator-linear-scan:stella-geometry
0.3,5,-0.48046875,-0.20129951945812943,0.21904523979028254,0.003611396623391806,-0.1889074770596314,unit_mode_chain_amplitude,stellarator-linear-scan:stella-geometry
0.3,6,-0.4765625,0.3791723399153747,0.37359704255837023,0.003611396623391806,-0.1889074770596314,unit_mode_chain_amplitude,stellarator-linear-scan:stella-geometry
0.3,7,-0.47265625,0.22108317434889285,0.20444261282261456,0.003611396623391806,-0.1889074770596314,unit_mode_chain_amplitude,stellarator-linear-scan:stella-geometry
0.3,8,-0.46875,-0.45211862447232426,-0.5707754464260715,0.003611396623391806,-0.1889074770596314,unit_mode_chain_amplitude,stellarator-linear-scan:stella-geometry
0.3,9,-0.46484375,-1.27450887696498,0.20638199946508584,0.003611396623391806,-0.1889074770596314,unit_mode_chain_amplitude,stellarator-linear-scan:stella-geometry
0.3,10,-0.4609375,-0.2259089895838857,0.007964944644305624,0.003611396623391806,-0.1889074770596314,unit_mode_chain_amplitude,stellarator-linear-scan:stella-geometry
0.3,11,-0.45703125,-0.21145859669422612,0.06575660787050674,0.003611396623391806,-0.1889074770596314,unit_mode_chain_amplitude,stellarator-linear-scan:stella-geometry
0.3,12,-0.453125,-0.18593376394962155,0.4039509861974166,0.003611396623391806,-0.1889074770596314,unit_mode_chain_amplitude,stellarator-linear-scan:stella-geometry
0.3,13,-0.44921875,-0.4420215201676654,1.1856605770113424,0.003611396623391806,-0.1889074770596314,unit_mode_chain_amplitude,stellarator-linear-scan:stella-geometry
0.3,14,-0.4453125,0.41331481992813907,-0.10049703910094926,0.003611396623391806,-0.1889074770596314,unit_mode_chain_amplitude,stellarator-linear-scan:stella-geometry
0.3,15,-0.44140625,0.3889694902659048,0.20875271704521178,0.003611396623391806,-0.1889074770596314,unit_mode_chain_amplitude,stellarator-linear-scan:stella-geometry
0.3,16,-0.4375,0.8317518734245326,-0.7475330607203853,0.003611396623391806,-0.1889074770596314,unit_mode_chain_amplitude,stellarator-linear-scan:stella-geometry
0.3,17,-0.43359375,0.7304782392861301,0.25122686439654635,0.003611396623391806,-0.1889074770596314,unit_mode_chain_amplitude,stellarator-linear-scan:stella-geometry
0.3,18,-0.4296875,0.5350011248001719,-0.04364410283072638,0.003611396623391806,-0.1889074770596314,unit_mode_chain_amplitude,stellarator-linear-scan:stella-geometry
0.3,19,-0.42578125,0.4647750304394274,0.03798767944840383,0.003611396623391806,-0.1889074770596314,unit_mode_chain_amplitude,stellarator-linear-scan:stella-geometry
0.3,20,-0.421875,0.4931283944612113,-1.3965317715867522,0.003611396623391806,-0.1889074770596314,unit_mode_chain_amplitude,stellarator-linear-scan:stella-geometry
0.3,21,-0.41796875,-0.31776961263793374,-0.06385786311680361,0.003611396623391806,-0.1889074770596314,unit_mode_chain_amplitude,stellarator-linear-scan:stella-geometry
0.3,22,-0.4140625,-0.36071083804654125,-1.0638410594026766,0.003611396623391806,-0.1889074770596314,unit_mode_chain_amplitude,stellarator-linear-scan:stella-geometry
0.3,23,-0.41015625,0.38691421084802785,0.3518084497596184,0.003611396623391806,-0.1889074770596314,unit_mode_chain_amplitude,stellarator-linear-scan:stella-geometry
0.3,24,-0.40625,-1.0642037595831808,0.33009508287638983,0.003611396623391806,-0.1889074770596314,unit_mode_chain_amplitude,stellarator-linear-scan:stella-geometry
0.3,25,-0.40234375,-0.7138186679211647,-0.4096031082013694,0.003611396623391806,-0.1889074770596314,unit_mode_chain_amplitude,stellarator-linear-scan:stella-geometry
0.3,26,-0.3984375,-0.6929691823294377,-0.29674175305981343,0.003611396623391806,-0.1889074770596314,unit_mode_chain_amplitude,stellarator-linear-scan:stella-geometry
0.3,27,-0.39453125,0.16782654159084814,0.5041806494263723,0.003611396623391806,-0.1889074770596314,unit_mode_chain_amplitude,stellarator-linear-scan:stella-geometry
0.3,28,-0.390625,-0.025132331541395644,0.5205752348523012,0.003611396623391806,-0.1889074770596314,unit_mode_chain_amplitude,stellarator-linear-scan:stella-geometry
0.3,29,-0.38671875,0.12035291074444106,0.22806317494487963,0.003611396623391806,-0.1889074770596314,unit_mode_chain_amplitude,stellarator-linear-scan:stella-geometry
0.3,30,-0.3828125,-0.5857135894615683,0.12575639824297666,0.003611396623391806,-0.1889074770596314,unit_mode_chain_amplitude,stellarator-linear-scan:stella-geometry
0.3,31,-0.37890625,-0.19718909823920322,-0.5736274534314793,0.003611396623391806,-0.1889074770596314,unit_mode_chain_amplitude,stellarator-linear-scan:stella-geometry
0.3,32,-0.375,-0.7173084364370724,1.1332565616658186,0.003611396623391806,-0.1889074770596314,unit_mode_chain_amplitude,stellarator-linear-scan:stella-geometry
0.3,33,-0.37109375,-0.5779062671792816,0.9351854011516209,0.003611396623391806,-0.1889074770596314,unit_mode_chain_amplitude,stellarator-linear-scan:stella-geometry
0.3,34,-0.3671875,-0.9615701661855552,0.8844993284381389,0.003611396623391806,-0.1889074770596314,unit_mode_chain_amplitude,stellarator-linear-scan:stella-geometry
0.3,35,-0.36328125,-0.985077670220968,0.3690791981194833,0.003611396623391806,-0.1889074770596314,unit_mode_chain_amplitude,stellarator-linear-scan:stella-geometry
0.3,36,-0.359375,-0.8537236116649798,0.16795002307997584,0.003611396623391806,-0.1889074770596314,unit_mode_chain_amplitude,stellarator-linear-scan:stella-geometry
0.3,37,-0.35546875,-0.9666394583520832,-0.1568032581894069,0.003611396623391806,-0.1889074770596314,unit_mode_chain_amplitude,stellarator-linear-scan:stella-geometry
0.3,38,-0.3515625,-0.4742145254254448,-0.14846142179071117,0.003611396623391806,-0.1889074770596314,unit_mode_chain_amplitude,stellarator-linear-scan:stella-geometry
0.3,39,-0.34765625,-0.06432251878428792,-0.5895627363796985,0.003611396623391806,-0.1889074770596314,unit_mode_chain_amplitude,stellarator-linear-scan:stella-geometry
0.3,40,-0.34375,0.3806183759452253,-0.6766565781113094,0.003611396623391806,-0.1889074770596314,unit_mode_chain_amplitude,stellarator-linear-scan:stella-geometry
0.3,41,-0.33984375,0.5368184375172976,-0.5637860524854619,0.003611396623391806,-0.1889074770596314,unit_mode_chain_amplitude,stellarator-linear-scan:stella-geometry
0.3,42,-0.3359375,0.913282553548148,-0.5970169350200013,0.003611396623391806,-0.1889074770596314,unit_mode_chain_amplitude,stellarator-linear-scan:stella-geometry
0.3,43,-0.33203125,0.5661261334602083,-0.10551778094477353,0.003611396623391806,-0.1889074770596314,unit_mode_chain_amplitude,stellarator-linear-scan:stella-geometry
0.3,44,-0.328125,0.2808191843597995,0.20732538981062107,0.003611396623391806,-0.1889074770596314,unit_mode_chain_amplitude,stellarator-linear-scan:stella-geometry
0.3,45,-0.32421875,0.6562035266241668,0.05748781567827327,0.003611396623391806,-0.1889074770596314,unit_mode_chain_amplitude,stellarator-linear-scan:stella-geometry
0.3,46,-0.3203125,0.8429226949373219,0.13742136967566657,0.003611396623391806,-0.1889074770596314,unit_mode_chain_amplitude,stellarator-linear-scan:stella-geometry
0.3,47,-0.31640625,0.6381422261544533,0.5956304762307046,0.003611396623391806,-0.1889074770596314,unit_mode_chain_amplitude,stellarator-linear-scan:stella-geometry
0.3,48,-0.3125,-0.005486768985410394,0.257430704570214,0.003611396623391806,-0.1889074770596314,unit_mode_chain_amplitude,stellarator-linear-scan:stella-geometry
0.3,49,-0.30859375,-0.3847404025393735,-0.01948969344185327,0.003611396623391806,-0.1889074770596314,unit_mode_chain_amplitude,stellarator-linear-scan:stella-geometry
0.3,50,-0.3046875,-0.7406961483901399,-0.42574006493872846,0.003611396623391806,-0.1889074770596314,unit_mode_chain_amplitude,stellarator-linear-scan:stella-geometry
0.3,51,-0.30078125,-0.7815412608870956,-0.2936873675190983,0.003611396623391806,-0.1889074770596314,unit_mode_chain_amplitude,stellarator-linear-scan:stella-geometry
0.3,52,-0.296875,-1.479880448170861,-0.04040845165409218,0.003611396623391806,-0.1889074770596314,unit_mode_chain_amplitude,stellarator-linear-scan:stella-geometry
0.3,53,-0.29296875,-1.123236402072611,-0.01816048788890973,0.003611396623391806,-0.1889074770596314,unit_mode_chain_amplitude,stellarator-linear-scan:stella-geometry
0.3,54,-0.2890625,-0.594893231208274,-0.5895319427849837,0.003611396623391806,-0.1889074770596314,unit_mode_chain_amplitude,stellarator-linear-scan:stella-geometry
0.3,55,-0.28515625,-0.04568467348117718,-0.028853901497959668,0.003611396623391806,-0.1889074770596314,unit_mode_chain_amplitude,stellarator-linear-scan:stella-geometry
0.3,56,-0.28125,-0.3296247502660203,0.940508326841589,0.003611396623391806,-0.1889074770596314,unit_mode_chain_amplitude,stellarator-linear-scan:stella-geometry
0.3,57,-0.27734375,-0.0032881020780550483,0.8241643752328336,0.003611396623391806,-0.1889074770596314,unit_mode_chain_amplitude,stellarator-linear-scan:stella-geometry
0.3,58,-0.2734375,-0.25430672683766276,0.27085226677657265,0.003611396623391806,-0.1889074770596314,unit_mode_chain_amplitude,stellarator-linear-scan:stella-geometry
0.3,59,-0.26953125,0.12093489599042724,-0.31230910456866307,0.003611396623391806,-0.1889074770596314,unit_mode_chain_amplitude,stellarator-linear-scan:stella-geometry
0.3,60,-0.265625,0.35282519737205265,0.25087771645541873,0.003611396623391806,-0.1889074770596314,unit_mode_chain_amplitude,stellarator-linear-scan:stella-geometry
0.3,61,-0.26171875,0.873581550436724,0.2858663089269731,0.003611396623391806,-0.1889074770596314,unit_mode_chain_amplitude,stellarator-linear-scan:stella-geometry
0.3,62,-0.2578125,0.7409342160720949,0.15998093194288004,0.003611396623391806,-0.1889074770596314,unit_mode_chain_amplitude,stellarator-linear-scan:stella-geometry
0.3,63,-0.25390625,0.19391392364546262,-0.01793233222640774,0.003611396623391806,-0.1889074770596314,unit_mode_chain_amplitude,stellarator-linear-scan:stella-geometry
0.3,64,-0.25,-0.27200622924047607,0.018804218063608286,0.003611396623391806,-0.1889074770596314,unit_mode_chain_amplitude,stellarator-linear-scan:stella-geometry
0.3,65,-0.24609375,-0.17528322110752162,-0.10492044589757342,0.003611396623391806,-0.1889074770596314,unit_mode_chain_amplitude,stellarator-linear-scan:stella-geometry
0.3,66,-0.2421875,0.6938236515463639,-0.0085068776937382,0.003611396623391806,-0.1889074770596314,unit_mode_chain_amplitude,stellarator-linear-scan:stella-geometry
0.3,67,-0.23828125,1.1124928987690472,-0.2878103009868852,0.003611396623391806,-0.1889074770596314,unit_mode_chain_amplitude,stellarator-linear-scan:stella-geometry
0.3,68,-0.234375,1.0995206196308434,-0.3668688628992221,0.003611396623391806,-0.1889074770596314,unit_mode_chain_amplitude,stellarator-linear-scan:stella-geometry
0.3,69,-0.23046875,0.5800779779087116,-1.5074157804763384,0.003611396623391806,-0.1889074770596314,unit_mode_chain_amplitude,stellarator-linear-scan:stella-geometry
0.3,70,-0.2265625,0.3888942392017382,-1.5655789893227245,0.003611396623391806,-0.1889074770596314,unit_mode_chain_amplitude,stellarator-linear-scan:stella-geometry
0.3,71,-0.22265625,0.43367051761485576,-0.7877214273210134,0.003611396623391806,-0.1889074770596314,unit_mode_chain_amplitude,stellarator-linear-scan:stella-geometry
0.3,72,-0.21875,0.3868808619305246,-0.35241813703034386,0.003611396623391806,-0.1889074770596314,unit_mode_chain_amplitude,stellarator-linear-scan:stella-geometry
0.3,73,-0.21484375,0.1924899253684158,-0.4622072702313053,0.003611396623391806,-0.1889074770596314,unit_mode_chain_amplitude,stellarator-linear-scan:stella-geometry
0.3,74,-0.2109375,0.21958722687280474,-0.416727143760884,0.003611396623391806,-0.1889074770596314,unit_mode_chain_amplitude,stellarator-linear-scan:stella-geometry
0.3,75,-0.20703125,0.0033367516588944193,0.10041442210117503,0.003611396623391806,-0.1889074770596314,unit_mode_chain_amplitude,stellarator-linear-scan:stella-geometry
0.3,76,-0.203125,-0.1048166833761648,0.6407440229559452,0.003611396623391806,-0.1889074770596314,unit_mode_chain_amplitude,stellarator-linear-scan:stella-geometry
0.3,77,-0.19921875,-0.9331753048237342,0.6928628879432199,0.003611396623391806,-0.1889074770596314,unit_mode_chain_amplitude,stellarator-linear-scan:stella-geometry
0.3,78,-0.1953125,-0.9824068543543426,0.3077094740860542,0.003611396623391806,-0.1889074770596314,unit_mode_chain_amplitude,stellarator-linear-scan:stella-geometry
0.3,79,-0.19140625,-1.3463200280165906,0.02179865681359171,0.003611396623391806,-0.1889074770596314,unit_mode_chain_amplitude,stellarator-linear-scan:stella-geometry
0.3,80,-0.1875,-0.8035324298610175,-0.19502780668363864,0.003611396623391806,-0.1889074770596314,unit_mode_chain_amplitude,stellarator-linear-scan:stella-geometry
0.3,81,-0.18359375,-1.1879579429399851,0.07111976077810547,0.003611396623391806,-0.1889074770596314,unit_mode_chain_amplitude,stellarator-linear-scan:stella-geometry
0.3,82,-0.1796875,-1.650342389963907,0.34823298343928116,0.003611396623391806,-0.1889074770596314,unit_mode_chain_amplitude,stellarator-linear-scan:stella-geometry
0.3,83,-0.17578125,-1.386195020018466,-0.5686004671416489,0.003611396623391806,-0.1889074770596314,unit_mode_chain_amplitude,stellarator-linear-scan:stella-geometry
0.3,84,-0.171875,-0.6393651728938814,-0.9909146435837359,0.003611396623391806,-0.1889074770596314,unit_mode_chain_amplitude,stellarator-linear-scan:stella-geometry
0.3,85,-0.16796875,0.4328247616494518,-0.664291680001919,0.003611396623391806,-0.1889074770596314,unit_mode_chain_amplitude,stellarator-linear-scan:stella-geometry
0.3,86,-0.1640625,1.009711483075526,0.2893342821707062,0.003611396623391806,-0.1889074770596314,unit_mode_chain_amplitude,stellarator-linear-scan:stella-geometry
0.3,87,-0.16015625,1.5926884785157978,0.49462274907695647,0.003611396623391806,-0.1889074770596314,unit_mode_chain_amplitude,stellarator-linear-scan:stella-geometry
0.3,88,-0.15625,1.9019822885620825,0.3270340652943409,0.003611396623391806,-0.1889074770596314,unit_mode_chain_amplitude,stellarator-linear-scan:stella-geometry
0.3,89,-0.15234375,2.14278242260379,0.04486386086827637,0.003611396623391806,-0.1889074770596314,unit_mode_chain_amplitude,stellarator-linear-scan:stella-geometry
0.3,90,-0.1484375,1.7816947240877432,0.6204548240826075,0.003611396623391806,-0.1889074770596314,unit_mode_chain_amplitude,stellarator-linear-scan:stella-geometry
0.3,91,-0.14453125,1.34597496958213,0.6686096535175964,0.003611396623391806,-0.1889074770596314,unit_mode_chain_amplitude,stellarator-linear-scan:stella-geometry
0.3,92,-0.140625,0.6734682813519569,-0.0653955982634784,0.003611396623391806,-0.1889074770596314,unit_mode_chain_amplitude,stellarator-linear-scan:stella-geometry
0.3,93,-0.13671875,-0.10693588942431423,-0.45192005673208124,0.003611396623391806,-0.1889074770596314,unit_mode_chain_amplitude,stellarator-linear-scan:stella-geometry
0.3,94,-0.1328125,-0.6736356838777606,-0.22506670265564815,0.003611396623391806,-0.1889074770596314,unit_mode_chain_amplitude,stellarator-linear-scan:stella-geometry
0.3,95,-0.12890625,-0.5803032405115249,-0.38411785366352397,0.003611396623391806,-0.1889074770596314,unit_mode_chain_amplitude,stellarator-linear-scan:stella-geometry
0.3,96,-0.125,-0.09608955081854034,0.13736352560436463,0.003611396623391806,-0.1889074770596314,unit_mode_chain_amplitude,stellarator-linear-scan:stella-geometry
0.3,97,-0.12109375,-0.04596833405448254,-0.27961075736490654,0.003611396623391806,-0.1889074770596314,unit_mode_chain_amplitude,stellarator-linear-scan:stella-geometry
0.3,98,-0.1171875,-0.3388164081202291,-0.42410849399694645,0.003611396623391806,-0.1889074770596314,unit_mode_chain_amplitude,stellarator-linear-scan:stella-geometry
0.3,99,-0.11328125,-0.32753460519740496,-0.4148959789208189,0.003611396623391806,-0.1889074770596314,unit_mode_chain_amplitude,stellarator-linear-scan:stella-geometry
0.3,100,-0.109375,-0.24501919382187412,-0.13585879112466923,0.003611396623391806,-0.1889074770596314,unit_mode_chain_amplitude,stellarator-linear-scan:stella-geometry
0.3,101,-0.10546875,-0.10931493953538857,-0.0406514315609268,0.003611396623391806,-0.1889074770596314,unit_mode_chain_amplitude,stellarator-linear-scan:stella-geometry
0.3,102,-0.1015625,-0.04682898325131821,0.18260725193674052,0.003611396623391806,-0.1889074770596314,unit_mode_chain_amplitude,stellarator-linear-scan:stella-geometry
0.3,103,-0.09765625,-0.7119239659369013,-0.09076374806532536,0.003611396623391806,-0.1889074770596314,unit_mode_chain_amplitude,stellarator-linear-scan:stella-geometry
0.3,104,-0.09375,-1.216113174193562,0.5798272375138928,0.003611396623391806,-0.1889074770596314,unit_mode_chain_amplitude,stellarator-linear-scan:stella-geometry
0.3,105,-0.08984375,-0.9934361059074523,1.401193674420651,0.003611396623391806,-0.1889074770596314,unit_mode_chain_amplitude,stellarator-linear-scan:stella-geometry
0.3,106,-0.0859375,-0.3412511326461053,2.1746380129463487,0.003611396623391806,-0.1889074770596314,unit_mode_chain_amplitude,stellarator-linear-scan:stella-geometry
0.3,107,-0.08203125,-0.21894301657579293,1.6696237517136099,0.003611396623391806,-0.1889074770596314,unit_mode_chain_amplitude,stellarator-linear-scan:stella-geometry
0.3,108,-0.078125,-0.31648248365063925,0.7771591712830576,0.003611396623391806,-0.1889074770596314,unit_mode_chain_amplitude,stellarator-linear-scan:stella-geometry
0.3,109,-0.07421875,-0.4724551305659616,0.34817938649033053,0.003611396623391806,-0.1889074770596314,unit_mode_chain_amplitude,stellarator-linear-scan:stella-geometry
0.3,110,-0.0703125,-0.03825458350734398,0.1229427012551241,0.003611396623391806,-0.1889074770596314,unit_mode_chain_amplitude,stellarator-linear-scan:stella-geometry
0.3,111,-0.06640625,0.7966526628707569,-0.28951345847378357,0.003611396623391806,-0.1889074770596314,unit_mode_chain_amplitude,stellarator-linear-scan:stella-geometry
0.3,112,-0.0625,1.3519295944899166,-0.6722543060484483,0.003611396623391806,-0.1889074770596314,unit_mode_chain_amplitude,stellarator-linear-scan:stella-geometry
0.3,113,-0.05859375,1.4241028775518105,-1.341169956040728,0.003611396623391806,-0.1889074770596314,unit_mode_chain_amplitude,stellarator-linear-scan:stella-geometry
0.3,114,-0.0546875,1.4932307836843293,-1.7833674454001123,0.003611396623391806,-0.1889074770596314,unit_mode_chain_amplitude,stellarator-linear-scan:stella-geometry
0.3,115,-0.05078125,1.0615435466078995,-0.9666389385838476,0.003611396623391806,-0.1889074770596314,unit_mode_chain_amplitude,stellarator-linear-scan:stella-geometry
0.3,116,-0.046875,1.0035124591006903,-0.3829129664889559,0.003611396623391806,-0.1889074770596314,unit_mode_chain_amplitude,stellarator-linear-scan:stella-geometry
0.3,117,-0.04296875,0.5173649525472579,-0.3836675473484277,0.003611396623391806,-0.1889074770596314,unit_mode_chain_amplitude,stellarator-linear-scan:stella-geometry
0.3,118,-0.0390625,0.7744568773715812,-0.14751503885712253,0.003611396623391806,-0.1889074770596314,unit_mode_chain_amplitude,stellarator-linear-scan:stella-geometry
0.3,119,-0.03515625,1.1067827865530508,-0.04790650962654335,0.003611396623391806,-0.1889074770596314,unit_mode_chain_amplitude,stellarator-linear-scan:stella-geometry
0.3,120,-0.03125,0.6036300216355592,0.9846130351922266,0.003611396623391806,-0.1889074770596314,unit_mode_chain_amplitude,stellarator-linear-scan:stella-geometry
0.3,121,-0.02734375,-0.20097592332969977,1.4471251289221423,0.003611396623391806,-0.1889074770596314,unit_mode_chain_amplitude,stellarator-linear-scan:stella-geometry
0.3,122,-0.0234375,-0.7000050082950107,0.5944551962543603,0.003611396623391806,-0.1889074770596314,unit_mode_chain_amplitude,stellarator-linear-scan:stella-geometry
0.3,123,-0.01953125,-0.8937236911346392,-0.38330823146336873,0.003611396623391806,-0.1889074770596314,unit_mode_chain_amplitude,stellarator-linear-scan:stella-geometry
0.3,124,-0.015625,-1.1799017602854927,-0.2903882974220904,0.003611396623391806,-0.1889074770596314,unit_mode_chain_amplitude,stellarator-linear-scan:stella-geometry
0.3,125,-0.01171875,-1.5955418399322636,-0.627554819570393,0.003611396623391806,-0.1889074770596314,unit_mode_chain_amplitude,stellarator-linear-scan:stella-geometry
0.3,126,-0.0078125,-1.8912529900008808,-0.6045472273366396,0.003611396623391806,-0.1889074770596314,unit_mode_chain_amplitude,stellarator-linear-scan:stella-geometry
0.3,127,-0.00390625,-1.8044815035063808,-1.0871712935340436,0.003611396623391806,-0.1889074770596314,unit_mode_chain_amplitude,stellarator-linear-scan:stella-geometry
0.3,128,0.0,-1.1356022458010215,-0.9983562229695535,0.003611396623391806,-0.1889074770596314,unit_mode_chain_amplitude,stellarator-linear-scan:stella-geometry
0.3,129,0.00390625,0.05603731336817938,-0.2441241613447786,0.003611396623391806,-0.1889074770596314,unit_mode_chain_amplitude,stellarator-linear-scan:stella-geometry
0.3,130,0.0078125,0.43472514379240645,0.4035349151168602,0.003611396623391806,-0.1889074770596314,unit_mode_chain_amplitude,stellarator-linear-scan:stella-geometry
0.3,131,0.01171875,0.1982975107836726,0.5223033665870678,0.003611396623391806,-0.1889074770596314,unit_mode_chain_amplitude,stellarator-linear-scan:stella-geometry
0.3,132,0.015625,0.35024740404351856,0.8689917831053504,0.003611396623391806,-0.1889074770596314,unit_mode_chain_amplitude,stellarator-linear-scan:stella-geometry
0.3,133,0.01953125,0.14468120474434953,0.3563567659716428,0.003611396623391806,-0.1889074770596314,unit_mode_chain_amplitude,stellarator-linear-scan:stella-geometry
0.3,134,0.0234375,0.08068889959113802,0.3578494274443978,0.003611396623391806,-0.1889074770596314,unit_mode_chain_amplitude,stellarator-linear-scan:stella-geometry
0.3,135,0.02734375,-0.04676243772798739,0.7949156764076387,0.003611396623391806,-0.1889074770596314,unit_mode_chain_amplitude,stellarator-linear-scan:stella-geometry
0.3,136,0.03125,0.014261784169161204,0.4425371577047646,0.003611396623391806,-0.1889074770596314,unit_mode_chain_amplitude,stellarator-linear-scan:stella-geometry
0.3,137,0.03515625,0.05256221929669163,-0.22569916543091523,0.003611396623391806,-0.1889074770596314,unit_mode_chain_amplitude,stellarator-linear-scan:stella-geometry
0.3,138,0.0390625,-0.3290201086992494,-0.18487109723501371,0.003611396623391806,-0.1889074770596314,unit_mode_chain_amplitude,stellarator-linear-scan:stella-geometry
0.3,139,0.04296875,-0.49271229186370974,-0.2983866103551452,0.003611396623391806,-0.1889074770596314,unit_mode_chain_amplitude,stellarator-linear-scan:stella-geometry
0.3,140,0.046875,0.4343658403925898,0.04938012444922566,0.003611396623391806,-0.1889074770596314,unit_mode_chain_amplitude,stellarator-linear-scan:stella-geometry
0.3,141,0.05078125,0.9572340005662017,-0.5549506456442456,0.003611396623391806,-0.1889074770596314,unit_mode_chain_amplitude,stellarator-linear-scan:stella-geometry
0.3,142,0.0546875,0.869270883882998,-1.4066395366310314,0.003611396623391806,-0.1889074770596314,unit_mode_chain_amplitude,stellarator-linear-scan:stella-geometry
0.3,143,0.05859375,0.36083066998561186,-1.2267247003818114,0.003611396623391806,-0.1889074770596314,unit_mode_chain_amplitude,stellarator-linear-scan:stella-geometry
0.3,144,0.0625,0.372772306082761,-1.0253874279634847,0.003611396623391806,-0.1889074770596314,unit_mode_chain_amplitude,stellarator-linear-scan:stella-geometry
0.3,145,0.06640625,0.1790571869215725,-1.0501091827727567,0.003611396623391806,-0.1889074770596314,unit_mode_chain_amplitude,stellarator-linear-scan:stella-geometry
0.3,146,0.0703125,-0.11578662901560698,-0.615180341683858,0.003611396623391806,-0.1889074770596314,unit_mode_chain_amplitude,stellarator-linear-scan:stella-geometry
0.3,147,0.07421875,-0.5689629291061393,-0.4362810882461268,0.003611396623391806,-0.1889074770596314,unit_mode_chain_amplitude,stellarator-linear-scan:stella-geometry
0.3,148,0.078125,-1.0472580436022674,0.22056444406531414,0.003611396623391806,-0.1889074770596314,unit_mode_chain_amplitude,stellarator-linear-scan:stella-geometry
0.3,149,0.08203125,-1.265590522211116,0.7887257027856378,0.003611396623391806,-0.1889074770596314,unit_mode_chain_amplitude,stellarator-linear-scan:stella-geometry
0.3,150,0.0859375,-1.4062254870808146,1.4496646446455188,0.003611396623391806,-0.1889074770596314,unit_mode_chain_amplitude,stellarator-linear-scan:stella-geometry
0.3,151,0.08984375,-1.3335481243493406,1.4263827964325146,0.003611396623391806,-0.1889074770596314,unit_mode_chain_amplitude,stellarator-linear-scan:stella-geometry
0.3,152,0.09375,-0.8162802249480023,1.24104728226351,0.003611396623391806,-0.1889074770596314,unit_mode_chain_amplitude,stellarator-linear-scan:stella-geometry
0.3,153,0.09765625,-0.7989646136457786,0.7269337125476106,0.003611396623391806,-0.1889074770596314,unit_mode_chain_amplitude,stellarator-linear-scan:stella-geometry
0.3,154,0.1015625,-0.9277948657146576,0.9827186000192941,0.003611396623391806,-0.1889074770596314,unit_mode_chain_amplitude,stellarator-linear-scan:stella-geometry
0.3,155,0.10546875,-0.7837452106294585,0.40900513902591845,0.003611396623391806,-0.1889074770596314,unit_mode_chain_amplitude,stellarator-linear-scan:stella-geometry
0.3,156,0.109375,-0.7340389580273793,0.23576462786482172,0.003611396623391806,-0.1889074770596314,unit_mode_chain_amplitude,stellarator-linear-scan:stella-geometry
0.3,157,0.11328125,0.0329727574071326,-0.6473833181300375,0.003611396623391806,-0.1889074770596314,unit_mode_chain_amplitude,stellarator-linear-scan:stella-geometry
0.3,158,0.1171875,0.6079513213696564,-0.3540643886057968,0.003611396623391806,-0.1889074770596314,unit_mode_chain_amplitude,stellarator-linear-scan:stella-geometry
0.3,159,0.12109375,0.9485249847737907,0.32031480571196924,0.003611396623391806,-0.1889074770596314,unit_mode_chain_amplitude,stellarator-linear-scan:stella-geometry
0.3,160,0.125,0.9118494883430076,1.0402165209455536,0.003611396623391806,-0.1889074770596314,unit_mode_chain_amplitude,stellarator-linear-scan:stella-geometry
0.3,161,0.12890625,0.9865593400113268,0.1727838652268571,0.003611396623391806,-0.1889074770596314,unit_mode_chain_amplitude,stellarator-linear-scan:stella-geometry
0.3,162,0.1328125,1.3901129640330814,0.3435670518251069,0.003611396623391806,-0.1889074770596314,unit_mode_chain_amplitude,stellarator-linear-scan:stella-geometry
0.3,163,0.13671875,2.037796796310571,-0.12822582451758166,0.003611396623391806,-0.1889074770596314,unit_mode_chain_amplitude,stellarator-linear-scan:stella-geometry
0.3,164,0.140625,1.2837624847321203,0.03850371392558505,0.003611396623391806,-0.1889074770596314,unit_mode_chain_amplitude,stellarator-linear-scan:stella-geometry
0.3,165,0.14453125,-0.06507358635283879,-0.21658218588852135,0.003611396623391806,-0.1889074770596314,unit_mode_chain_amplitude,stellarator-linear-scan:stella-geometry
0.3,166,0.1484375,-0.8519612022154059,-0.7010477070389918,0.003611396623391806,-0.1889074770596314,unit_mode_chain_amplitude,stellarator-linear-scan:stella-geometry
0.3,167,0.15234375,-0.6688590734344517,-1.1777635034790037,0.003611396623391806,-0.1889074770596314,unit_mode_chain_amplitude,stellarator-linear-scan:stella-geometry
0.3,168,0.15625,-0.07344779184015482,-0.7213294241276643,0.003611396623391806,-0.1889074770596314,unit_mode_chain_amplitude,stellarator-linear-scan:stella-geometry
0.3,169,0.16015625,0.0859291501114745,-0.29214276339185435,0.003611396623391806,-0.1889074770596314,unit_mode_chain_amplitude,stellarator-linear-scan:stella-geometry
0.3,170,0.1640625,0.1706274651311973,0.17906791250385407,0.003611396623391806,-0.1889074770596314,unit_mode_chain_amplitude,stellarator-linear-scan:stella-geometry
0.3,171,0.16796875,0.11362692274364007,-0.11090385624897488,0.003611396623391806,-0.1889074770596314,unit_mode_chain_amplitude,stellarator-linear-scan:stella-geometry
0.3,172,0.171875,-0.05290511632118922,-0.05390902555022062,0.003611396623391806,-0.1889074770596314,unit_mode_chain_amplitude,stellarator-linear-scan:stella-geometry
0.3,173,0.17578125,-0.33332507854611576,0.3385720045384576,0.003611396623391806,-0.1889074770596314,unit_mode_chain_amplitude,stellarator-linear-scan:stella-geometry
0.3,174,0.1796875,-0.37439264523486965,0.5333994600427278,0.003611396623391806,-0.1889074770596314,unit_mode_chain_amplitude,stellarator-linear-scan:stella-geometry
0.3,175,0.18359375,-0.15381791768582154,-0.23753596618179906,0.003611396623391806,-0.1889074770596314,unit_mode_chain_amplitude,stellarator-linear-scan:stella-geometry
0.3,176,0.1875,0.060281314269222466,0.0778125856068308,0.003611396623391806,-0.1889074770596314,unit_mode_chain_amplitude,stellarator-linear-scan:stella-geometry
0.3,177,0.19140625,-0.3674049091923648,-0.0004134114549171986,0.003611396623391806,-0.1889074770596314,unit_mode_chain_amplitude,stellarator-linear-scan:stella-geometry
0.3,178,0.1953125,-0.781381938982084,-0.01735566737143268,0.003611396623391806,-0.1889074770596314,unit_mode_chain_amplitude,stellarator-linear-scan:stella-geometry
0.3,179,0.19921875,-0.8033821523550899,0.14238295385756228,0.003611396623391806,-0.1889074770596314,unit_mode_chain_amplitude,stellarator-linear-scan:stella-geometry
0.3,180,0.203125,0.3179760841126224,0.02905322979969947,0.003611396623391806,-0.1889074770596314,unit_mode_chain_amplitude,stellarator-linear-scan:stella-geometry
0.3,181,0.20703125,0.6509039572865316,0.31213282091148786,0.003611396623391806,-0.1889074770596314,unit_mode_chain_amplitude,stellarator-linear-scan:stella-geometry
0.3,182,0.2109375,0.5430803229963135,0.9171544318610326,0.003611396623391806,-0.1889074770596314,unit_mode_chain_amplitude,stellarator-linear-scan:stella-geometry
0.3,183,0.21484375,-0.2107594993475848,1.1174553859993288,0.003611396623391806,-0.1889074770596314,unit_mode_chain_amplitude,stellarator-linear-scan:stella-geometry
0.3,184,0.21875,-0.027972232508796244,0.865814153987412,0.003611396623391806,-0.1889074770596314,unit_mode_chain_amplitude,stellarator-linear-scan:stella-geometry
0.3,185,0.22265625,1.2893469195947602,-0.03537522588931244,0.003611396623391806,-0.1889074770596314,unit_mode_chain_amplitude,stellarator-linear-scan:stella-geometry
0.3,186,0.2265625,1.6086807060868031,-0.9734020427991819,0.003611396623391806,-0.1889074770596314,unit_mode_chain_amplitude,stellarator-linear-scan:stella-geometry
0.3,187,0.23046875,1.1653755707773967,-0.2608824056929544,0.003611396623391806,-0.1889074770596314,unit_mode_chain_amplitude,stellarator-linear-scan:stella-geometry
0.3,188,0.234375,0.957078240982263,0.19079661400333403,0.003611396623391806,-0.1889074770596314,unit_mode_chain_amplitude,stellarator-linear-scan:stella-geometry
0.3,189,0.23828125,0.5184680724411357,-1.3495102279748152,0.003611396623391806,-0.1889074770596314,unit_mode_chain_amplitude,stellarator-linear-scan:stella-geometry
0.3,190,0.2421875,0.5342291445135324,-1.4138036141024624,0.003611396623391806,-0.1889074770596314,unit_mode_chain_amplitude,stellarator-linear-scan:stella-geometry
0.3,191,0.24609375,0.6854418078823781,-1.641958360635473,0.003611396623391806,-0.1889074770596314,unit_mode_chain_amplitude,stellarator-linear-scan:stella-geometry
0.3,192,0.25,0.32897219953579127,-0.5891756408317425,0.003611396623391806,-0.1889074770596314,unit_mode_chain_amplitude,stellarator-linear-scan:stella-geometry
0.3,193,0.25390625,0.20308447087885131,0.11130747740023982,0.003611396623391806,-0.1889074770596314,unit_mode_chain_amplitude,stellarator-linear-scan:stella-geometry
0.3,194,0.2578125,-0.6792787401674372,0.33793723016251276,0.003611396623391806,-0.1889074770596314,unit_mode_chain_amplitude,stellarator-linear-scan:stella-geometry
0.3,195,0.26171875,-1.0134142035770906,-0.16135394498592956,0.003611396623391806,-0.1889074770596314,unit_mode_chain_amplitude,stellarator-linear-scan:stella-geometry
0.3,196,0.265625,-0.915205247871079,0.08007868087071653,0.003611396623391806,-0.1889074770596314,unit_mode_chain_amplitude,stellarator-linear-scan:stella-geometry
0.3,197,0.26953125,-0.6009346854814464,-0.34548089611125143,0.003611396623391806,-0.1889074770596314,unit_mode_chain_amplitude,stellarator-linear-scan:stella-geometry
0.3,198,0.2734375,-1.3128941611870284,0.7104603571905186,0.003611396623391806,-0.1889074770596314,unit_mode_chain_amplitude,stellarator-linear-scan:stella-geometry
0.3,199,0.27734375,-1.1287289624773595,0.5716097628629775,0.003611396623391806,-0.1889074770596314,unit_mode_chain_amplitude,stellarator-linear-scan:stella-geometry
0.3,200,0.28125,-1.4197564839005825,0.5368006220171284,0.003611396623391806,-0.1889074770596314,unit_mode_chain_amplitude,stellarator-linear-scan:stella-geometry
0.3,201,0.28515625,-0.13850039238472722,0.3789987073512979,0.003611396623391806,-0.1889074770596314,unit_mode_chain_amplitude,stellarator-linear-scan:stella-geometry
0.3,202,0.2890625,0.883043407279237,1.0094926354785896,0.003611396623391806,-0.1889074770596314,unit_mode_chain_amplitude,stellarator-linear-scan:stella-geometry
0.3,203,0.29296875,1.2752881695667786,0.9738945056500511,0.003611396623391806,-0.1889074770596314,unit_mode_chain_amplitude,stellarator-linear-scan:stella-geometry
0.3,204,0.296875,0.5218054677478988,0.09998487728748406,0.003611396623391806,-0.1889074770596314,unit_mode_chain_amplitude,stellarator-linear-scan:stella-geometry
0.3,205,0.30078125,0.09582669862813346,-0.7272125255368581,0.003611396623391806,-0.1889074770596314,unit_mode_chain_amplitude,stellarator-linear-scan:stella-geometry
0.3,206,0.3046875,-0.12774661909603446,-0.622829284506108,0.003611396623391806,-0.1889074770596314,unit_mode_chain_amplitude,stellarator-linear-scan:stella-geometry
0.3,207,0.30859375,0.2674939326579142,-0.440493844916003,0.003611396623391806,-0.1889074770596314,unit_mode_chain_amplitude,stellarator-linear-scan:stella-geometry
0.3,208,0.3125,0.38879897640080135,-0.2150456648568684,0.003611396623391806,-0.1889074770596314,unit_mode_chain_amplitude,stellarator-linear-scan:stella-geometry
0.3,209,0.31640625,0.1678174579103599,-0.5661983029072313,0.003611396623391806,-0.1889074770596314,unit_mode_chain_amplitude,stellarator-linear-scan:stella-geometry
0.3,210,0.3203125,-0.16213856356199555,-0.7659289703578528,0.003611396623391806,-0.1889074770596314,unit_mode_chain_amplitude,stellarator-linear-scan:stella-geometry
0.3,211,0.32421875,0.11687314743690033,-0.22208625816189517,0.003611396623391806,-0.1889074770596314,unit_mode_chain_amplitude,stellarator-linear-scan:stella-geometry
0.3,212,0.328125,0.24532036792267178,0.870828106195256,0.003611396623391806,-0.1889074770596314,unit_mode_chain_amplitude,stellarator-linear-scan:stella-geometry
0.3,213,0.33203125,1.0924959602713067,0.6386463839817795,0.003611396623391806,-0.1889074770596314,unit_mode_chain_amplitude,stellarator-linear-scan:stella-geometry
0.3,214,0.3359375,0.4931979929524918,-0.22383476012888476,0.003611396623391806,-0.1889074770596314,unit_mode_chain_amplitude,stellarator-linear-scan:stella-geometry
0.3,215,0.33984375,-0.13304626092423114,0.07468065812442731,0.003611396623391806,-0.1889074770596314,unit_mode_chain_amplitude,stellarator-linear-scan:stella-geometry
0.3,216,0.34375,-0.3641126752314717,0.4036266828498278,0.003611396623391806,-0.1889074770596314,unit_mode_chain_amplitude,stellarator-linear-scan:stella-geometry
0.3,217,0.34765625,-0.14621245821393067,0.9279143134707933,0.003611396623391806,-0.1889074770596314,unit_mode_chain_amplitude,stellarator-linear-scan:stella-geometry
0.3,218,0.3515625,-0.2487358058428059,0.39564083811468054,0.003611396623391806,-0.1889074770596314,unit_mode_chain_amplitude,stellarator-linear-scan:stella-geometry
0.3,219,0.35546875,-0.15560466147988064,-0.6734976237220918,0.003611396623391806,-0.1889074770596314,unit_mode_chain_amplitude,stellarator-linear-scan:stella-geometry
0.3,220,0.359375,-0.08749874955035669,-0.9268307993966687,0.003611396623391806,-0.1889074770596314,unit_mode_chain_amplitude,stellarator-linear-scan:stella-geometry
0.3,221,0.36328125,-0.582458493293622,-0.5509305078956271,0.003611396623391806,-0.1889074770596314,unit_mode_chain_amplitude,stellarator-linear-scan:stella-geometry
0.3,222,0.3671875,-0.3092080506157161,0.0026713139677914583,0.003611396623391806,-0.1889074770596314,unit_mode_chain_amplitude,stellarator-linear-scan:stella-geometry
0.3,223,0.37109375,-0.6637830555483611,0.30392107697728143,0.003611396623391806,-0.1889074770596314,unit_mode_chain_amplitude,stellarator-linear-scan:stella-geometry
0.3,224,0.375,-0.11639938677894926,0.6028444631961377,0.003611396623391806,-0.1889074770596314,unit_mode_chain_amplitude,stellarator-linear-scan:stella-geometry
0.3,225,0.37890625,0.4024918128659252,-0.7345615530419211,0.003611396623391806,-0.1889074770596314,unit_mode_chain_amplitude,stellarator-linear-scan:stella-geometry
0.3,226,0.3828125,-0.4695864719193358,1.2514228986599747,0.003611396623391806,-0.1889074770596314,unit_mode_chain_amplitude,stellarator-linear-scan:stella-geometry
0.3,227,0.38671875,-0.5643769882857308,0.8446461647218955,0.003611396623391806,-0.1889074770596314,unit_mode_chain_amplitude,stellarator-linear-scan:stella-geometry
0.3,228,0.390625,-1.512050424253236,0.7394859320557522,0.003611396623391806,-0.1889074770596314,unit_mode_chain_amplitude,stellarator-linear-scan:stella-geometry
0.3,229,0.39453125,-0.6698258255174555,0.2235266416960196,0.003611396623391806,-0.1889074770596314,unit_mode_chain_amplitude,stellarator-linear-scan:stella-geometry
0.3,230,0.3984375,0.017192057407623987,-0.16047278435655152,0.003611396623391806,-0.1889074770596314,unit_mode_chain_amplitude,stellarator-linear-scan:stella-geometry
0.3,231,0.40234375,0.5771877865301831,-0.05623299398803077,0.003611396623391806,-0.1889074770596314,unit_mode_chain_amplitude,stellarator-linear-scan:stella-geometry
0.3,232,0.40625,0.016427101924176638,1.2818444480732043,0.003611396623391806,-0.1889074770596314,unit_mode_chain_amplitude,stellarator-linear-scan:stella-geometry
0.3,233,0.41015625,1.8808590845167827,-0.2170603519546989,0.003611396623391806,-0.1889074770596314,unit_mode_chain_amplitude,stellarator-linear-scan:stella-geometry
0.3,234,0.4140625,-0.7442896918065608,-0.8945915883946428,0.003611396623391806,-0.1889074770596314,unit_mode_chain_amplitude,stellarator-linear-scan:stella-geometry
0.3,235,0.41796875,1.0315423250424718,0.42300736241263076,0.003611396623391806,-0.1889074770596314,unit_mode_chain_amplitude,stellarator-linear-scan:stella-geometry
0.3,236,0.421875,1.1295401582267472,-0.6845895177959228,0.003611396623391806,-0.1889074770596314,unit_mode_chain_amplitude,stellarator-linear-scan:stella-geometry
0.3,237,0.42578125,0.4119092243311084,1.6114720141544472,0.003611396623391806,-0.1889074770596314,unit_mode_chain_amplitude,stellarator-linear-scan:stella-geometry
0.3,238,0.4296875,-0.0915778048023835,-0.006823218401818702,0.003611396623391806,-0.1889074770596314,unit_mode_chain_amplitude,stellarator-linear-scan:stella-geometry
0.3,239,0.43359375,-0.39241383053663387,-0.55079111541152,0.003611396623391806,-0.1889074770596314,unit_mode_chain_amplitude,stellarator-linear-scan:stella-geometry
0.3,240,0.4375,-0.7620827193261303,-0.476975088459098,0.003611396623391806,-0.1889074770596314,unit_mode_chain_amplitude,stellarator-linear-scan:stella-geometry
0.3,241,0.44140625,-0.39917784906019865,1.124176299768978,0.003611396623391806,-0.1889074770596314,unit_mode_chain_amplitude,stellarator-linear-scan:stella-geometry
0.3,242,0.4453125,-0.5167723782036808,0.011197465760250928,0.003611396623391806,-0.1889074770596314,unit_mode_chain_amplitude,stellarator-linear-scan:stella-geometry
0.3,243,0.44921875,-1.0862873446479624,1.0340638884897753,0.003611396623391806,-0.1889074770596314,unit_mode_chain_amplitude,stellarator-linear-scan:stella-geometry
0.3,244,0.453125,-0.35693975276670525,-0.22186707390285756,0.003611396623391806,-0.1889074770596314,unit_mode_chain_amplitude,stellarator-linear-scan:stella-geometry
0.3,245,0.45703125,-0.31906621540503116,0.46751134666619665,0.003611396623391806,-0.1889074770596314,unit_mode_chain_amplitude,stellarator-linear-scan:stella-geometry
0.3,246,0.4609375,0.5586429649279037,0.49768054794694955,0.003611396623391806,-0.1889074770596314,unit_mode_chain_amplitude,stellarator-linear-scan:stella-geometry
0.3,247,0.46484375,0.15176921329050433,0.2940761021317039,0.003611396623391806,-0.1889074770596314,unit_mode_chain_amplitude,stellarator-linear-scan:stella-geometry
0.3,248,0.46875,0.4985632991969477,-1.3633640251410073,0.003611396623391806,-0.1889074770596314,unit_mode_chain_amplitude,stellarator-linear-scan:stella-geometry
0.3,249,0.47265625,-0.7312214860992822,0.5162294795075221,0.003611396623391806,-0.1889074770596314,unit_mode_chain_amplitude,stellarator-linear-scan:stella-geometry
0.3,250,0.4765625,0.05032569212515411,0.0894716546641082,0.003611396623391806,-0.1889074770596314,unit_mode_chain_amplitude,stellarator-linear-scan:stella-geometry
0.3,251,0.48046875,-0.2609338723564045,0.22410507238149593,0.003611396623391806,-0.1889074770596314,unit_mode_chain_amplitude,stellarator-linear-scan:stella-geometry
0.3,252,0.484375,0.32528064822293934,-0.08906008075615658,0.003611396623391806,-0.1889074770596314,unit_mode_chain_amplitude,stellarator-linear-scan:stella-geometry
0.3,253,0.48828125,0.4132039100320714,-0.5683333387571738,0.003611396623391806,-0.1889074770596314,unit_mode_chain_amplitude,stellarator-linear-scan:stella-geometry
0.3,254,0.4921875,0.19804641663287414,-0.5088048581021083,0.003611396623391806,-0.1889074770596314,unit_mode_chain_amplitude,stellarator-linear-scan:stella-geometry
0.3,255,0.49609375,-0.05760006927980614,-0.2531022491219067,0.003611396623391806,-0.1889074770596314,unit_mode_chain_amplitude,stellarator-linear-scan:stella-geometry
