ky,z_index,z,phi_real,phi_imag,growth_rate,frequency,normalization,source
0.1,0,-0.5,-0.1486984102715221,-0.2834336970578635,0.2131055968316198,-0.01697183155907473,unit_mode_chain_amplitude,stellarator-linear-scan:stella-geometry
0.1,1,-0.49609375,0.1654408607444597,-0.1749486245818534,0.2131055968316198,-0.01697183155907473,unit_mode_chain_amplitude,stellarator-linear-scan:stella-geometry
0.1,2,-0.4921875,0.2851755878224506,-0.13415379209596484,0.2131055968316198,-0.01697183155907473,unit_mode_chain_amplitude,stellarator-linear-scan:stella-geometry
0.1,3,-0.48828125,0.15963774317112625,-0.23726003976628632,0.2131055968316198,-0.01697183155907473,unit_mode_chain_amplitude,stellarator-linear-scan:stella-geometry
0.1,4,-0.484375,-0.07723049489273268,0.04251682280028017,0.2131055968316198,-0.01697183155907473,unit_mode_chain_amplitude,stellarator-linear-scan:stella-geometry
0.1,5,-0.48046875,-0.2624178698785203,0.22939039877695291,0.2131055968316198,-0.01697183155907473,unit_mode_chain_amplitude,stellarator-linear-scan:stella-geometry
0.1,6,-0.4765625,-0.2539663831170446,0.4764784568201396,0.2131055968316198,-0.01697183155907473,unit_mode_chain_amplitude,stellarator-linear-scan:stella-geometry
0.1,7,-0.47265625,-0.08105033005511966,0.6670129294189348,0.2131055968316198,-0.01697183155907473,unit_mode_chain_amplitude,stellarator-linear-scan:stella-geometry
0.1,8,-0.46875,0.11296156952040437,0.8968453040807772,0.2131055968316198,-0.01697183155907473,unit_mode_chain_amplitude,stellarator-linear-scan:stella-geometry
0.1,9,-0.46484375,0.23789480003259536,1.0566594394821156,0.2131055968316198,-0.01697183155907473,unit_mode_chain_amplitude,stellarator-linear-scan:stella-geometry
0.1,10,-0.4609375,0.2254545093046602,1.1051582499183052,0.2131055968316198,-0.01697183155907473,unit_mode_chain_amplitude,stellarator-linear-scan:stella-geometry
0.1,11,-0.45703125,0.04008651443716096,0.9139825155410763,0.2131055968316198,-0.01697183155907473,unit_mode_chain_amplitude,stellarator-linear-scan:stella-geometry
0.1,12,-0.453125,-0.13147070803902408,0.6713845221438207,0.2131055968316198,-0.01697183155907473,unit_mode_chain_amplitude,stellarator-linear-scan:stella-geometry
0.1,13,-0.44921875,-0.14437157178221327,0.4558039840102854,0.2131055968316198,-0.01697183155907473,unit_mode_chain_amplitude,stellarator-linear-scan:stella-geometry
0.1,14,-0.4453125,-0.0045770893559481905,0.3250217482286353,0.2131055968316198,-0.01697183155907473,unit_mode_chain_amplitude,stellarator-linear-scan:stella-geometry
0.1,15,-0.44140625,0.14628604325024314,0.1086678275447481,0.2131055968316198,-0.01697183155907473,unit_mode_chain_amplitude,stellarator-linear-scan:stella-geometry
0.1,16,-0.4375,0.17932024119475204,-0.22331653345212857,0.2131055968316198,-0.01697183155907473,unit_mode_chain_amplitude,stellarator-linear-scan:stella-geometry
0.1,17,-0.43359375,0.10607519111009554,-0.671964102412563,0.2131055968316198,-0.01697183155907473,unit_mode_chain_amplitude,stellarator-linear-scan:stella-geometry
0.1,18,-0.4296875,-0.029629008198985188,-0.947847699413539,0.2131055968316198,-0.01697183155907473,unit_mode_chain_amplitude,stellarator-linear-scan:stella-geometry
0.1,19,-0.42578125,-0.13425721336001553,-0.9686601441136357,0.2131055968316198,-0.01697183155907473,unit_mode_chain_amplitude,stellarator-linear-scan:stella-geometry
0.1,20,-0.421875,-0.16991854428965364,-0.8088769953485394,0.2131055968316198,-0.01697183155907473,unit_mode_chain_amplitude,stellarator-linear-scan:stella-geometry
0.1,21,-0.41796875,-0.059501757627983105,-0.6929274708365997,0.2131055968316198,-0.01697183155907473,unit_mode_chain_amplitude,stellarator-linear-scan:stella-geometry
0.1,22,-0.4140625,0.17760776024939776,-0.7656397346390472,0.2131055968316198,-0.01697183155907473,unit_mode_chain_amplitude,stellarator-linear-scan:stella-geometry
0.1,23,-0.41015625,0.3084799210224555,-0.9479234839636791,0.2131055968316198,-0.01697183155907473,unit_mode_chain_amplitude,stellarator-linear-scan:stella-geometry
0.1,24,-0.40625,0.09014159817485101,-0.9226792954218626,0.2131055968316198,-0.01697183155907473,unit_mode_chain_amplitude,stellarator-linear-scan:stella-geometry
0.1,25,-0.40234375,-0.23474262679224894,-0.6322723312888813,0.2131055968316198,-0.01697183155907473,unit_mode_chain_amplitude,stellarator-linear-scan:stella-geometry
0.1,26,-0.3984375,-0.29829562644654434,-0.1917454110615843,0.2131055968316198,-0.01697183155907473,unit_mode_chain_amplitude,stellarator-linear-scan:stella-geometry
0.1,27,-0.39453125,-0.0676725265914309,0.13061320749384203,0.2131055968316198,-0.01697183155907473,unit_mode_chain_amplitude,stellarator-linear-scan:stella-geometry
0.1,28,-0.390625,0.17092484468353997,0.24101159308281322,0.2131055968316198,-0.01697183155907473,unit_mode_chain_amplitude,stellarator-linear-scan:stella-geometry
0.1,29,-0.38671875,0.20164490906324156,0.3652599030982891,0.2131055968316198,-0.01697183155907473,unit_mode_chain_amplitude,stellarator-linear-scan:stella-geometry
0.1,30,-0.3828125,0.047866174989450005,0.69183681703494,0.2131055968316198,-0.01697183155907473,unit_mode_chain_amplitude,stellarator-linear-scan:stella-geometry
0.1,31,-0.37890625,-0.2255862774559026,1.1076647959289236,0.2131055968316198,-0.01697183155907473,unit_mode_chain_amplitude,stellarator-linear-scan:stella-geometry
0.1,32,-0.375,-0.4168252616227868,1.44462654256697,0.2131055968316198,-0.01697183155907473,unit_mode_chain_amplitude,stellarator-linear-scan:stella-geometry
0.1,33,-0.37109375,-0.267350703856724,1.5182305529444384,0.2131055968316198,-0.01697183155907473,unit_mode_chain_amplitude,stellarator-linear-scan:stella-geometry
0.1,34,-0.3671875,0.034016208283454454,1.1970352888130218,0.2131055968316198,-0.01697183155907473,unit_mode_chain_amplitude,stellarator-linear-scan:stella-geometry
0.1,35,-0.36328125,0.14133356543523448,0.771793118035348,0.2131055968316198,-0.01697183155907473,unit_mode_chain_amplitude,stellarator-linear-scan:stella-geometry
0.1,36,-0.359375,0.016673461693869365,0.49037077111001076,0.2131055968316198,-0.01697183155907473,unit_mode_chain_amplitude,stellarator-linear-scan:stella-geometry
0.1,37,-0.35546875,-0.16199335251542832,0.31491854829031835,0.2131055968316198,-0.01697183155907473,unit_mode_chain_amplitude,stellarator-linear-scan:stella-geometry
0.1,38,-0.3515625,-0.23731287003708929,0.06379035131834913,0.2131055968316198,-0.01697183155907473,unit_mode_chain_amplitude,stellarator-linear-scan:stella-geometry
0.1,39,-0.34765625,-0.1350303397467536,-0.2927510142849659,0.2131055968316198,-0.01697183155907473,unit_mode_chain_amplitude,stellarator-linear-scan:stella-geometry
0.1,40,-0.34375,0.11698602014446707,-0.6632051116460606,0.2131055968316198,-0.01697183155907473,unit_mode_chain_amplitude,stellarator-linear-scan:stella-geometry
0.1,41,-0.33984375,0.3235982628722482,-0.8641366337939715,0.2131055968316198,-0.01697183155907473,unit_mode_chain_amplitude,stellarator-linear-scan:stella-geometry
0.1,42,-0.3359375,0.3344915003231946,-0.8872703477636188,0.2131055968316198,-0.01697183155907473,unit_mode_chain_amplitude,stellarator-linear-scan:stella-geometry
0.1,43,-0.33203125,0.16161277705984797,-0.9698878399599732,0.2131055968316198,-0.01697183155907473,unit_mode_chain_amplitude,stellarator-linear-scan:stella-geometry
0.1,44,-0.328125,-0.0528379650548759,-1.0327568239347507,0.2131055968316198,-0.01697183155907473,unit_mode_chain_amplitude,stellarator-linear-scan:stella-geometry
0.1,45,-0.32421875,-0.1599241309395334,-1.0466613209119384,0.2131055968316198,-0.01697183155907473,unit_mode_chain_amplitude,stellarator-linear-scan:stella-geometry
0.1,46,-0.3203125,-0.0641263777489612,-0.9932543631120336,0.2131055968316198,-0.01697183155907473,unit_mode_chain_amplitude,stellarator-linear-scan:stella-geometry
0.1,47,-0.31640625,0.12451601864730819,-0.8238147813291914,0.2131055968316198,-0.01697183155907473,unit_mode_chain_amplitude,stellarator-linear-scan:stella-geometry
0.1,48,-0.3125,0.19751005313808073,-0.5305252024513049,0.2131055968316198,-0.01697183155907473,unit_mode_chain_amplitude,stellarator-linear-scan:stella-geometry
0.1,49,-0.30859375,0.058502789918232434,-0.23418801095537015,0.2131055968316198,-0.01697183155907473,unit_mode_chain_amplitude,stellarator-linear-scan:stella-geometry
0.1,50,-0.3046875,-0.13193064618674039,0.017580203228092575,0.2131055968316198,-0.01697183155907473,unit_mode_chain_amplitude,stellarator-linear-scan:stella-geometry
0.1,51,-0.30078125,-0.19592870006053584,0.2809972883089258,0.2131055968316198,-0.01697183155907473,unit_mode_chain_amplitude,stellarator-linear-scan:stella-geometry
0.1,52,-0.296875,-0.09529526239669209,0.6046711957623413,0.2131055968316198,-0.01697183155907473,unit_mode_chain_amplitude,stellarator-linear-scan:stella-geometry
0.1,53,-0.29296875,0.03897631355624213,1.092130779905294,0.2131055968316198,-0.01697183155907473,unit_mode_chain_amplitude,stellarator-linear-scan:stella-geometry
0.1,54,-0.2890625,0.11078780373242507,1.483400687475748,0.2131055968316198,-0.01697183155907473,unit_mode_chain_amplitude,stellarator-linear-scan:stella-geometry
0.1,55,-0.28515625,0.12571774685417966,1.4683877520183422,0.2131055968316198,-0.01697183155907473,unit_mode_chain_amplitude,stellarator-linear-scan:stella-geometry
0.1,56,-0.28125,0.10943639433030906,1.2037881840253017,0.2131055968316198,-0.01697183155907473,unit_mode_chain_amplitude,stellarator-linear-scan:stella-geometry
0.1,57,-0.27734375,0.027159605704637574,0.9182589495826986,0.2131055968316198,-0.01697183155907473,unit_mode_chain_amplitude,stellarator-linear-scan:stella-geometry
0.1,58,-0.2734375,-0.13664737362285956,0.7781558954758027,0.2131055968316198,-0.01697183155907473,unit_mode_chain_amplitude,stellarator-linear-scan:stella-geometry
0.1,59,-0.26953125,-0.24543357690278514,0.7570316357056323,0.2131055968316198,-0.01697183155907473,unit_mode_chain_amplitude,stellarator-linear-scan:stella-geometry
0.1,60,-0.265625,-0.06906789917903984,0.6020070641577953,0.2131055968316198,-0.01697183155907473,unit_mode_chain_amplitude,stellarator-linear-scan:stella-geometry
0.1,61,-0.26171875,0.27170268430582684,0.1726278798230435,0.2131055968316198,-0.01697183155907473,unit_mode_chain_amplitude,stellarator-linear-scan:stella-geometry
0.1,62,-0.2578125,0.39449469142265664,-0.3756678209660849,0.2131055968316198,-0.01697183155907473,unit_mode_chain_amplitude,stellarator-linear-scan:stella-geometry
0.1,63,-0.25390625,0.19305924881833267,-0.7609153899061465,0.2131055968316198,-0.01697183155907473,unit_mode_chain_amplitude,stellarator-linear-scan:stella-geometry
0.1,64,-0.25,-0.09169299519162621,-0.799811203774717,0.2131055968316198,-0.01697183155907473,unit_mode_chain_amplitude,stellarator-linear-scan:stella-geometry
0.1,65,-0.24609375,-0.20405805998346474,-0.7282535631647733,0.2131055968316198,-0.01697183155907473,unit_mode_chain_amplitude,stellarator-linear-scan:stella-geometry
0.1,66,-0.2421875,-0.07791983712929458,-0.8886348276119851,0.2131055968316198,-0.01697183155907473,unit_mode_chain_amplitude,stellarator-linear-scan:stella-geometry
0.1,67,-0.23828125,0.18523794594535736,-1.2981738511311933,0.2131055968316198,-0.01697183155907473,unit_mode_chain_amplitude,stellarator-linear-scan:stella-geometry
0.1,68,-0.234375,0.3589806560342915,-1.6825680133272456,0.2131055968316198,-0.01697183155907473,unit_mode_chain_amplitude,stellarator-linear-scan:stella-geometry
0.1,69,-0.23046875,0.18274246350425907,-1.7066538548670016,0.2131055968316198,-0.01697183155907473,unit_mode_chain_amplitude,stellarator-linear-scan:stella-geometry
0.1,70,-0.2265625,-0.14901120190630981,-1.2468028055708134,0.2131055968316198,-0.01697183155907473,unit_mode_chain_amplitude,stellarator-linear-scan:stella-geometry
0.1,71,-0.22265625,-0.2413815877016007,-0.6480445940121744,0.2131055968316198,-0.01697183155907473,unit_mode_chain_amplitude,stellarator-linear-scan:stella-geometry
0.1,72,-0.21875,-0.03857447132084574,-0.2625566076280973,0.2131055968316198,-0.01697183155907473,unit_mode_chain_amplitude,stellarator-linear-scan:stella-geometry
0.1,73,-0.21484375,0.16873438488255987,-0.030432448116685447,0.2131055968316198,-0.01697183155907473,unit_mode_chain_amplitude,stellarator-linear-scan:stella-geometry
0.1,74,-0.2109375,0.22233712742578812,0.28800033512269707,0.2131055968316198,-0.01697183155907473,unit_mode_chain_amplitude,stellarator-linear-scan:stella-geometry
0.1,75,-0.20703125,0.08331879035818712,0.8139875393752876,0.2131055968316198,-0.01697183155907473,unit_mode_chain_amplitude,stellarator-linear-scan:stella-geometry
0.1,76,-0.203125,-0.1874010428389799,1.3626704452026166,0.2131055968316198,-0.01697183155907473,unit_mode_chain_amplitude,stellarator-linear-scan:stella-geometry
0.1,77,-0.19921875,-0.3997845279594759,1.7695485868515481,0.2131055968316198,-0.01697183155907473,unit_mode_chain_amplitude,stellarator-linear-scan:stella-geometry
0.1,78,-0.1953125,-0.35397936611598657,1.7009894046072587,0.2131055968316198,-0.01697183155907473,unit_mode_chain_amplitude,stellarator-linear-scan:stella-geometry
0.1,79,-0.19140625,-0.13110225943061285,1.392180758969922,0.2131055968316198,-0.01697183155907473,unit_mode_chain_amplitude,stellarator-linear-scan:stella-geometry
0.1,80,-0.1875,0.05253591004839198,1.144519452853107,0.2131055968316198,-0.01697183155907473,unit_mode_chain_amplitude,stellarator-linear-scan:stella-geometry
0.1,81,-0.18359375,0.08694583488442631,0.9564226840644705,0.2131055968316198,-0.01697183155907473,unit_mode_chain_amplitude,stellarator-linear-scan:stella-geometry
0.1,82,-0.1796875,-0.045974754942988645,0.8130687156612968,0.2131055968316198,-0.01697183155907473,unit_mode_chain_amplitude,stellarator-linear-scan:stella-geometry
0.1,83,-0.17578125,-0.2080389444659737,0.5296828405205172,0.2131055968316198,-0.01697183155907473,unit_mode_chain_amplitude,stellarator-linear-scan:stella-geometry
0.1,84,-0.171875,-0.18971203205628104,0.11646756254531188,0.2131055968316198,-0.01697183155907473,unit_mode_chain_amplitude,stellarator-linear-scan:stella-geometry
0.1,85,-0.16796875,0.01582395394332823,-0.30940162967248264,0.2131055968316198,-0.01697183155907473,unit_mode_chain_amplitude,stellarator-linear-scan:stella-geometry
0.1,86,-0.1640625,0.18889407359839747,-0.6090494975395169,0.2131055968316198,-0.01697183155907473,unit_mode_chain_amplitude,stellarator-linear-scan:stella-geometry
0.1,87,-0.16015625,0.17733972528954886,-0.8155675218867741,0.2131055968316198,-0.01697183155907473,unit_mode_chain_amplitude,stellarator-linear-scan:stella-geometry
0.1,88,-0.15625,0.061408355860199784,-1.0612793640800833,0.2131055968316198,-0.01697183155907473,unit_mode_chain_amplitude,stellarator-linear-scan:stella-geometry
0.1,89,-0.15234375,-0.04322289278283524,-1.3927001712228013,0.2131055968316198,-0.01697183155907473,unit_mode_chain_amplitude,stellarator-linear-scan:stella-geometry
0.1,90,-0.1484375,-0.0849540170734869,-1.7239675853165792,0.2131055968316198,-0.01697183155907473,unit_mode_chain_amplitude,stellarator-linear-scan:stella-geometry
0.1,91,-0.14453125,-0.08956709614506717,-1.7485906575018377,0.2131055968316198,-0.01697183155907473,unit_mode_chain_amplitude,stellarator-linear-scan:stella-geometry
0.1,92,-0.140625,-0.03668432753456056,-1.4166431954733294,0.2131055968316198,-0.01697183155907473,unit_mode_chain_amplitude,stellarator-linear-scan:stella-geometry
0.1,93,-0.13671875,0.036070025682262384,-0.9743834892128395,0.2131055968316198,-0.01697183155907473,unit_mode_chain_amplitude,stellarator-linear-scan:stella-geometry
0.1,94,-0.1328125,0.10676980599308551,-0.6519595675775713,0.2131055968316198,-0.01697183155907473,unit_mode_chain_amplitude,stellarator-linear-scan:stella-geometry
0.1,95,-0.12890625,0.11270060739496628,-0.41391422292597135,0.2131055968316198,-0.01697183155907473,unit_mode_chain_amplitude,stellarator-linear-scan:stella-geometry
0.1,96,-0.125,0.013431029170154115,-0.06661996988979343,0.2131055968316198,-0.01697183155907473,unit_mode_chain_amplitude,stellarator-linear-scan:stella-geometry
0.1,97,-0.12109375,-0.1991859842752514,0.5206205032844066,0.2131055968316198,-0.01697183155907473,unit_mode_chain_amplitude,stellarator-linear-scan:stella-geometry
0.1,98,-0.1171875,-0.36788855710074275,1.1780207258079585,0.2131055968316198,-0.01697183155907473,unit_mode_chain_amplitude,stellarator-linear-scan:stella-geometry
0.1,99,-0.11328125,-0.2886935582823834,1.5669665129115107,0.2131055968316198,-0.01697183155907473,unit_mode_chain_amplitude,stellarator-linear-scan:stella-geometry
0.1,100,-0.109375,-0.025744006427351876,1.531196902888882,0.2131055968316198,-0.01697183155907473,unit_mode_chain_amplitude,stellarator-linear-scan:stella-geometry
0.1,101,-0.10546875,0.1780224931404289,1.2604710340978023,0.2131055968316198,-0.01697183155907473,unit_mode_chain_amplitude,stellarator-linear-scan:stella-geometry
0.1,102,-0.1015625,0.12989815783668335,1.0614110982742875,0.2131055968316198,-0.01697183155907473,unit_mode_chain_amplitude,stellarator-linear-scan:stella-geometry
0.1,103,-0.09765625,-0.14291904590311835,1.2273367353625217,0.2131055968316198,-0.01697183155907473,unit_mode_chain_amplitude,stellarator-linear-scan:stella-geometry
0.1,104,-0.09375,-0.35536542519362085,1.4906993796520078,0.2131055968316198,-0.01697183155907473,unit_mode_chain_amplitude,stellarator-linear-scan:stella-geometry
0.1,105,-0.08984375,-0.16753110468880944,1.3708409846070717,0.2131055968316198,-0.01697183155907473,unit_mode_chain_amplitude,stellarator-linear-scan:stella-geometry
0.1,106,-0.0859375,0.23026010453750098,0.8222686204737446,0.2131055968316198,-0.01697183155907473,unit_mode_chain_amplitude,stellarator-linear-scan:stella-geometry
0.1,107,-0.08203125,0.37672620593354883,0.09957813186708298,0.2131055968316198,-0.01697183155907473,unit_mode_chain_amplitude,stellarator-linear-scan:stella-geometry
0.1,108,-0.078125,0.16907214086000358,-0.3361715321978879,0.2131055968316198,-0.01697183155907473,unit_mode_chain_amplitude,stellarator-linear-scan:stella-geometry
0.1,109,-0.07421875,-0.0933270585499159,-0.45096060367839585,0.2131055968316198,-0.01697183155907473,unit_mode_chain_amplitude,stellarator-linear-scan:stella-geometry
0.1,110,-0.0703125,-0.18382912448027247,-0.6276536916191853,0.2131055968316198,-0.01697183155907473,unit_mode_chain_amplitude,stellarator-linear-scan:stella-geometry
0.1,111,-0.06640625,-0.08240163321753109,-1.1572582444387216,0.2131055968316198,-0.01697183155907473,unit_mode_chain_amplitude,stellarator-linear-scan:stella-geometry
0.1,112,-0.0625,0.1586621223375043,-1.8278790197534394,0.2131055968316198,-0.01697183155907473,unit_mode_chain_amplitude,stellarator-linear-scan:stella-geometry
0.1,113,-0.05859375,0.3750977438141787,-2.260142745485658,0.2131055968316198,-0.01697183155907473,unit_mode_chain_amplitude,stellarator-linear-scan:stella-geometry
0.1,114,-0.0546875,0.32098626285654464,-2.2232406190175755,0.2131055968316198,-0.01697183155907473,unit_mode_chain_amplitude,stellarator-linear-scan:stella-geometry
0.1,115,-0.05078125,0.06248661726446386,-1.662961491560562,0.2131055968316198,-0.01697183155907473,unit_mode_chain_amplitude,stellarator-linear-scan:stella-geometry
0.1,116,-0.046875,-0.10110939214516328,-1.038975891962244,0.2131055968316198,-0.01697183155907473,unit_mode_chain_amplitude,stellarator-linear-scan:stella-geometry
0.1,117,-0.04296875,-0.06993775840787968,-0.6484752323802981,0.2131055968316198,-0.01697183155907473,unit_mode_chain_amplitude,stellarator-linear-scan:stella-geometry
0.1,118,-0.0390625,0.043220745823184956,-0.4139125048515665,0.2131055968316198,-0.01697183155907473,unit_mode_chain_amplitude,stellarator-linear-scan:stella-geometry
0.1,119,-0.03515625,0.15102117388957856,-0.003930711646578518,0.2131055968316198,-0.01697183155907473,unit_mode_chain_amplitude,stellarator-linear-scan:stella-geometry
0.1,120,-0.03125,0.17163429445611414,0.5875555766526606,0.2131055968316198,-0.01697183155907473,unit_mode_chain_amplitude,stellarator-linear-scan:stella-geometry
0.1,121,-0.02734375,0.039577815110557885,1.21770604270774,0.2131055968316198,-0.01697183155907473,unit_mode_chain_amplitude,stellarator-linear-scan:stella-geometry
0.1,122,-0.0234375,-0.1427922031581806,1.4715734695022418,0.2131055968316198,-0.01697183155907473,unit_mode_chain_amplitude,stellarator-linear-scan:stella-geometry
0.1,123,-0.01953125,-0.2192872006873927,1.3962062406728164,0.2131055968316198,-0.01697183155907473,unit_mode_chain_amplitude,stellarator-linear-scan:stella-geometry
0.1,124,-0.015625,-0.15007488405852729,1.4021424060490257,0.2131055968316198,-0.01697183155907473,unit_mode_chain_amplitude,stellarator-linear-scan:stella-geometry
0.1,125,-0.01171875,-0.031135363284479085,1.4630018868952774,0.2131055968316198,-0.01697183155907473,unit_mode_chain_amplitude,stellarator-linear-scan:stella-geometry
0.1,126,-0.0078125,0.06348152473717471,1.495921818779799,0.2131055968316198,-0.01697183155907473,unit_mode_chain_amplitude,stellarator-linear-scan:stella-geometry
0.1,127,-0.00390625,0.07421412028441715,1.4096238009701687,0.2131055968316198,-0.01697183155907473,unit_mode_chain_amplitude,stellarator-linear-scan:stella-geometry
0.1,128,0.0,0.0015257269062309417,1.1061493433938843,0.2131055968316198,-0.01697183155907473,unit_mode_chain_amplitude,stellarator-linear-scan:stella-geometry
0.1,129,0.00390625,-0.08878478520511408,0.6193980141879513,0.2131055968316198,-0.01697183155907473,unit_mode_chain_amplitude,stellarator-linear-scan:stella-geometry
0.1,130,0.0078125,-0.0934546709608098,0.16012935327754513,0.2131055968316198,-0.01697183155907473,unit_mode_chain_amplitude,stellarator-linear-scan:stella-geometry
0.1,131,0.01171875,-0.039807253259495606,-0.19017817793465427,0.2131055968316198,-0.01697183155907473,unit_mode_chain_amplitude,stellarator-linear-scan:stella-geometry
0.1,132,0.015625,0.02655958463531841,-0.527080742263399,0.2131055968316198,-0.01697183155907473,unit_mode_chain_amplitude,stellarator-linear-scan:stella-geometry
0.1,133,0.01953125,0.09348515313065893,-0.9462215911498084,0.2131055968316198,-0.01697183155907473,unit_mode_chain_amplitude,stellarator-linear-scan:stella-geometry
0.1,134,0.0234375,0.23072186238663733,-1.5820235086071348,0.2131055968316198,-0.01697183155907473,unit_mode_chain_amplitude,stellarator-linear-scan:stella-geometry
0.1,135,0.02734375,0.3198955775481449,-1.9973859248671502,0.2131055968316198,-0.01697183155907473,unit_mode_chain_amplitude,stellarator-linear-scan:stella-geometry
0.1,136,0.03125,0.15754305850601297,-1.8860208595142849,0.2131055968316198,-0.01697183155907473,unit_mode_chain_amplitude,stellarator-linear-scan:stella-geometry
0.1,137,0.03515625,-0.10312480629621995,-1.4941486148287775,0.2131055968316198,-0.01697183155907473,unit_mode_chain_amplitude,stellarator-linear-scan:stella-geometry
0.1,138,0.0390625,-0.17076063056627003,-1.1167084953573188,0.2131055968316198,-0.01697183155907473,unit_mode_chain_amplitude,stellarator-linear-scan:stella-geometry
0.1,139,0.04296875,0.04902562452615383,-0.9397143450903431,0.2131055968316198,-0.01697183155907473,unit_mode_chain_amplitude,stellarator-linear-scan:stella-geometry
0.1,140,0.046875,0.3148222159269509,-0.8734459272120253,0.2131055968316198,-0.01697183155907473,unit_mode_chain_amplitude,stellarator-linear-scan:stella-geometry
0.1,141,0.05078125,0.21438438418879965,-0.5782513488534643,0.2131055968316198,-0.01697183155907473,unit_mode_chain_amplitude,stellarator-linear-scan:stella-geometry
0.1,142,0.0546875,-0.2530942072017216,0.03263026104761582,0.2131055968316198,-0.01697183155907473,unit_mode_chain_amplitude,stellarator-linear-scan:stella-geometry
0.1,143,0.05859375,-0.5456627579800111,0.6945083207514562,0.2131055968316198,-0.01697183155907473,unit_mode_chain_amplitude,stellarator-linear-scan:stella-geometry
0.1,144,0.0625,-0.3821581170988613,1.0822173409001625,0.2131055968316198,-0.01697183155907473,unit_mode_chain_amplitude,stellarator-linear-scan:stella-geometry
0.1,145,0.06640625,-0.040470800490806494,1.061981436021264,0.2131055968316198,-0.01697183155907473,unit_mode_chain_amplitude,stellarator-linear-scan:stella-geometry
0.1,146,0.0703125,0.16259391310143112,0.9317521256642582,0.2131055968316198,-0.01697183155907473,unit_mode_chain_amplitude,stellarator-linear-scan:stella-geometry
0.1,147,0.07421875,0.12437352602568803,1.1441100630115606,0.2131055968316198,-0.01697183155907473,unit_mode_chain_amplitude,stellarator-linear-scan:stella-geometry
0.1,148,0.078125,-0.07583382717764961,1.638379373602602,0.2131055968316198,-0.01697183155907473,unit_mode_chain_amplitude,stellarator-linear-scan:stella-geometry
0.1,149,0.08203125,-0.2951571569723828,1.9824012515441312,0.2131055968316198,-0.01697183155907473,unit_mode_chain_amplitude,stellarator-linear-scan:stella-geometry
0.1,150,0.0859375,-0.27338233864375944,1.873574121364421,0.2131055968316198,-0.01697183155907473,unit_mode_chain_amplitude,stellarator-linear-scan:stella-geometry
0.1,151,0.08984375,0.00012261271627123698,1.2507818783197528,0.2131055968316198,-0.01697183155907473,unit_mode_chain_amplitude,stellarator-linear-scan:stella-geometry
0.1,152,0.09375,0.20770741547559285,0.561823456058493,0.2131055968316198,-0.01697183155907473,unit_mode_chain_amplitude,stellarator-linear-scan:stella-geometry
0.1,153,0.09765625,0.15160344126016218,0.18916014693218938,0.2131055968316198,-0.01697183155907473,unit_mode_chain_amplitude,stellarator-linear-scan:stella-geometry
0.1,154,0.1015625,-0.0013749351997007007,-0.04790435645467812,0.2131055968316198,-0.01697183155907473,unit_mode_chain_amplitude,stellarator-linear-scan:stella-geometry
0.1,155,0.10546875,-0.10528684779536267,-0.4383392156785266,0.2131055968316198,-0.01697183155907473,unit_mode_chain_amplitude,stellarator-linear-scan:stella-geometry
0.1,156,0.109375,-0.1319760350005947,-1.072621384509575,0.2131055968316198,-0.01697183155907473,unit_mode_chain_amplitude,stellarator-linear-scan:stella-geometry
0.1,157,0.11328125,-0.07362349870234959,-1.6961117490682247,0.2131055968316198,-0.01697183155907473,unit_mode_chain_amplitude,stellarator-linear-scan:stella-geometry
0.1,158,0.1171875,0.08725141821350219,-2.0466110403213142,0.2131055968316198,-0.01697183155907473,unit_mode_chain_amplitude,stellarator-linear-scan:stella-geometry
0.1,159,0.12109375,0.20308800570561014,-1.815892957173782,0.2131055968316198,-0.01697183155907473,unit_mode_chain_amplitude,stellarator-linear-scan:stella-geometry
0.1,160,0.125,0.195570187478446,-1.4127921258998035,0.2131055968316198,-0.01697183155907473,unit_mode_chain_amplitude,stellarator-linear-scan:stella-geometry
0.1,161,0.12890625,0.053196161692772234,-1.1357009655901913,0.2131055968316198,-0.01697183155907473,unit_mode_chain_amplitude,stellarator-linear-scan:stella-geometry
0.1,162,0.1328125,-0.09489754178284916,-0.9558048028154047,0.2131055968316198,-0.01697183155907473,unit_mode_chain_amplitude,stellarator-linear-scan:stella-geometry
0.1,163,0.13671875,-0.1399249087753683,-0.790740784299049,0.2131055968316198,-0.01697183155907473,unit_mode_chain_amplitude,stellarator-linear-scan:stella-geometry
0.1,164,0.140625,-0.021881841643871962,-0.4400572688163516,0.2131055968316198,-0.01697183155907473,unit_mode_chain_amplitude,stellarator-linear-scan:stella-geometry
0.1,165,0.14453125,0.13658924005707246,0.06633223260929567,0.2131055968316198,-0.01697183155907473,unit_mode_chain_amplitude,stellarator-linear-scan:stella-geometry
0.1,166,0.1484375,0.16589146121479587,0.525960536512491,0.2131055968316198,-0.01697183155907473,unit_mode_chain_amplitude,stellarator-linear-scan:stella-geometry
0.1,167,0.15234375,0.08044535950543213,0.7956207700727769,0.2131055968316198,-0.01697183155907473,unit_mode_chain_amplitude,stellarator-linear-scan:stella-geometry
0.1,168,0.15625,0.005380343935927686,0.9311341984961186,0.2131055968316198,-0.01697183155907473,unit_mode_chain_amplitude,stellarator-linear-scan:stella-geometry
0.1,169,0.16015625,-0.0576424013744487,1.0995497071716238,0.2131055968316198,-0.01697183155907473,unit_mode_chain_amplitude,stellarator-linear-scan:stella-geometry
0.1,170,0.1640625,-0.13498105549686218,1.3520739049066537,0.2131055968316198,-0.01697183155907473,unit_mode_chain_amplitude,stellarator-linear-scan:stella-geometry
0.1,171,0.16796875,-0.20888546208791786,1.6023717034171236,0.2131055968316198,-0.01697183155907473,unit_mode_chain_amplitude,stellarator-linear-scan:stella-geometry
0.1,172,0.171875,-0.11709923702855135,1.5653342123137344,0.2131055968316198,-0.01697183155907473,unit_mode_chain_amplitude,stellarator-linear-scan:stella-geometry
0.1,173,0.17578125,0.08619614546950584,1.2041229279887968,0.2131055968316198,-0.01697183155907473,unit_mode_chain_amplitude,stellarator-linear-scan:stella-geometry
0.1,174,0.1796875,0.1562143817225991,0.7813219208036272,0.2131055968316198,-0.01697183155907473,unit_mode_chain_amplitude,stellarator-linear-scan:stella-geometry
0.1,175,0.18359375,-0.023210543361088007,0.49134437779233003,0.2131055968316198,-0.01697183155907473,unit_mode_chain_amplitude,stellarator-linear-scan:stella-geometry
0.1,176,0.1875,-0.2428233202524738,0.2500376813893869,0.2131055968316198,-0.01697183155907473,unit_mode_chain_amplitude,stellarator-linear-scan:stella-geometry
0.1,177,0.19140625,-0.22624888601078866,-0.1127404110617306,0.2131055968316198,-0.01697183155907473,unit_mode_chain_amplitude,stellarator-linear-scan:stella-geometry
0.1,178,0.1953125,0.17773882488252754,-0.6784557785883244,0.2131055968316198,-0.01697183155907473,unit_mode_chain_amplitude,stellarator-linear-scan:stella-geometry
0.1,179,0.19921875,0.5828914527523946,-1.1804317938041018,0.2131055968316198,-0.01697183155907473,unit_mode_chain_amplitude,stellarator-linear-scan:stella-geometry
0.1,180,0.203125,0.5560936338627616,-1.4312856718009315,0.2131055968316198,-0.01697183155907473,unit_mode_chain_amplitude,stellarator-linear-scan:stella-geometry
0.1,181,0.20703125,0.1924607938295168,-1.3705666949879403,0.2131055968316198,-0.01697183155907473,unit_mode_chain_amplitude,stellarator-linear-scan:stella-geometry
0.1,182,0.2109375,-0.11597807201720607,-1.1071783605258139,0.2131055968316198,-0.01697183155907473,unit_mode_chain_amplitude,stellarator-linear-scan:stella-geometry
0.1,183,0.21484375,-0.17797198513166115,-0.9153706114389208,0.2131055968316198,-0.01697183155907473,unit_mode_chain_amplitude,stellarator-linear-scan:stella-geometry
0.1,184,0.21875,-0.009729985063289665,-1.051716179711506,0.2131055968316198,-0.01697183155907473,unit_mode_chain_amplitude,stellarator-linear-scan:stella-geometry
0.1,185,0.22265625,0.22011361419631445,-1.213697958817077,0.2131055968316198,-0.01697183155907473,unit_mode_chain_amplitude,stellarator-linear-scan:stella-geometry
0.1,186,0.2265625,0.21199885595120588,-0.9977129895072571,0.2131055968316198,-0.01697183155907473,unit_mode_chain_amplitude,stellarator-linear-scan:stella-geometry
0.1,187,0.23046875,-0.044455118326340866,-0.46374181585078883,0.2131055968316198,-0.01697183155907473,unit_mode_chain_amplitude,stellarator-linear-scan:stella-geometry
0.1,188,0.234375,-0.2748443135256394,0.10841652458629703,0.2131055968316198,-0.01697183155907473,unit_mode_chain_amplitude,stellarator-linear-scan:stella-geometry
0.1,189,0.23828125,-0.23323811404757688,0.37043188108373415,0.2131055968316198,-0.01697183155907473,unit_mode_chain_amplitude,stellarator-linear-scan:stella-geometry
0.1,190,0.2421875,-0.06433216827701192,0.42487180170894995,0.2131055968316198,-0.01697183155907473,unit_mode_chain_amplitude,stellarator-linear-scan:stella-geometry
0.1,191,0.24609375,0.06582030126013254,0.5844623965002922,0.2131055968316198,-0.01697183155907473,unit_mode_chain_amplitude,stellarator-linear-scan:stella-geometry
0.1,192,0.25,0.11430457899885031,1.0270792002502864,0.2131055968316198,-0.01697183155907473,unit_mode_chain_amplitude,stellarator-linear-scan:stella-geometry
0.1,193,0.25390625,0.055851709829285064,1.5465340755101566,0.2131055968316198,-0.01697183155907473,unit_mode_chain_amplitude,stellarator-linear-scan:stella-geometry
0.1,194,0.2578125,-0.11296319049059333,1.7673720521908638,0.2131055968316198,-0.01697183155907473,unit_mode_chain_amplitude,stellarator-linear-scan:stella-geometry
0.1,195,0.26171875,-0.22768824549327657,1.5974444576382212,0.2131055968316198,-0.01697183155907473,unit_mode_chain_amplitude,stellarator-linear-scan:stella-geometry
0.1,196,0.265625,-0.15604715090311286,1.11227235308113,0.2131055968316198,-0.01697183155907473,unit_mode_chain_amplitude,stellarator-linear-scan:stella-geometry
0.1,197,0.26953125,0.019003908319735464,0.6877523513849987,0.2131055968316198,-0.01697183155907473,unit_mode_chain_amplitude,stellarator-linear-scan:stella-geometry
0.1,198,0.2734375,0.13453450311045248,0.4321959676260281,0.2131055968316198,-0.01697183155907473,unit_mode_chain_amplitude,stellarator-linear-scan:stella-geometry
0.1,199,0.27734375,0.15046089903880547,0.24437532200054526,0.2131055968316198,-0.01697183155907473,unit_mode_chain_amplitude,stellarator-linear-scan:stella-geometry
0.1,200,0.28125,0.022310171526940977,-0.1255958702953714,0.2131055968316198,-0.01697183155907473,unit_mode_chain_amplitude,stellarator-linear-scan:stella-geometry
0.1,201,0.28515625,-0.17976016877984244,-0.5889069469850121,0.2131055968316198,-0.01697183155907473,unit_mode_chain_amplitude,stellarator-linear-scan:stella-geometry
0.1,202,0.2890625,-0.27075693609795864,-1.0469255172752707,0.2131055968316198,-0.01697183155907473,unit_mode_chain_amplitude,stellarator-linear-scan:stella-geometry
0.1,203,0.29296875,-0.1643453849552749,-1.173459564916405,0.2131055968316198,-0.01697183155907473,unit_mode_chain_amplitude,stellarator-linear-scan:stella-geometry
0.1,204,0.296875,0.0004944237418733115,-1.0593540136322885,0.2131055968316198,-0.01697183155907473,unit_mode_chain_amplitude,stellarator-linear-scan:stella-geometry
0.1,205,0.30078125,0.1027102394481509,-0.9785581285155515,0.2131055968316198,-0.01697183155907473,unit_mode_chain_amplitude,stellarator-linear-scan:stella-geometry
0.1,206,0.3046875,0.13215700927534452,-0.9679012102024295,0.2131055968316198,-0.01697183155907473,unit_mode_chain_amplitude,stellarator-linear-scan:stella-geometry
0.1,207,0.30859375,0.06973936818298106,-0.9776320343307972,0.2131055968316198,-0.01697183155907473,unit_mode_chain_amplitude,stellarator-linear-scan:stella-geometry
0.1,208,0.3125,-0.06758221119732939,-0.8959752714485457,0.2131055968316198,-0.01697183155907473,unit_mode_chain_amplitude,stellarator-linear-scan:stella-geometry
0.1,209,0.31640625,-0.14572006961849412,-0.639398183021978,0.2131055968316198,-0.01697183155907473,unit_mode_chain_amplitude,stellarator-linear-scan:stella-geometry
0.1,210,0.3203125,-0.05174319631647896,-0.2984620420566582,0.2131055968316198,-0.01697183155907473,unit_mode_chain_amplitude,stellarator-linear-scan:stella-geometry
0.1,211,0.32421875,0.11785993423984037,-0.003167634663455393,0.2131055968316198,-0.01697183155907473,unit_mode_chain_amplitude,stellarator-linear-scan:stella-geometry
0.1,212,0.328125,0.2044684795772205,0.21891271546877042,0.2131055968316198,-0.01697183155907473,unit_mode_chain_amplitude,stellarator-linear-scan:stella-geometry
0.1,213,0.33203125,0.12853700429913706,0.4669424704074119,0.2131055968316198,-0.01697183155907473,unit_mode_chain_amplitude,stellarator-linear-scan:stella-geometry
0.1,214,0.3359375,-0.1015458289537453,0.7477157875133442,0.2131055968316198,-0.01697183155907473,unit_mode_chain_amplitude,stellarator-linear-scan:stella-geometry
0.1,215,0.33984375,-0.4014835249403512,1.1034366511238616,0.2131055968316198,-0.01697183155907473,unit_mode_chain_amplitude,stellarator-linear-scan:stella-geometry
0.1,216,0.34375,-0.5124699744751543,1.275006325990575,0.2131055968316198,-0.01697183155907473,unit_mode_chain_amplitude,stellarator-linear-scan:stella-geometry
0.1,217,0.34765625,-0.2586399939549889,1.1997027461298482,0.2131055968316198,-0.01697183155907473,unit_mode_chain_amplitude,stellarator-linear-scan:stella-geometry
0.1,218,0.3515625,0.08823318852573213,0.9483542798397162,0.2131055968316198,-0.01697183155907473,unit_mode_chain_amplitude,stellarator-linear-scan:stella-geometry
0.1,219,0.35546875,0.21397957065733125,0.7002960886710277,0.2131055968316198,-0.01697183155907473,unit_mode_chain_amplitude,stellarator-linear-scan:stella-geometry
0.1,220,0.359375,0.038463599479610575,0.5765191559331271,0.2131055968316198,-0.01697183155907473,unit_mode_chain_amplitude,stellarator-linear-scan:stella-geometry
0.1,221,0.36328125,-0.2315669744540841,0.5061412276864337,0.2131055968316198,-0.01697183155907473,unit_mode_chain_amplitude,stellarator-linear-scan:stella-geometry
0.1,222,0.3671875,-0.23985866713881993,0.246382953709242,0.2131055968316198,-0.01697183155907473,unit_mode_chain_amplitude,stellarator-linear-scan:stella-geometry
0.1,223,0.37109375,0.11020325306963094,-0.17516814843118206,0.2131055968316198,-0.01697183155907473,unit_mode_chain_amplitude,stellarator-linear-scan:stella-geometry
0.1,224,0.375,0.42133534690682467,-0.569621458734999,0.2131055968316198,-0.01697183155907473,unit_mode_chain_amplitude,stellarator-linear-scan:stella-geometry
0.1,225,0.37890625,0.3606024846669833,-0.7476898154015201,0.2131055968316198,-0.01697183155907473,unit_mode_chain_amplitude,stellarator-linear-scan:stella-geometry
0.1,226,0.3828125,0.12040511339440738,-0.7127864836116421,0.2131055968316198,-0.01697183155907473,unit_mode_chain_amplitude,stellarator-linear-scan:stella-geometry
0.1,227,0.38671875,-0.06869939080412087,-0.6173701650390525,0.2131055968316198,-0.01697183155907473,unit_mode_chain_amplitude,stellarator-linear-scan:stella-geometry
0.1,228,0.390625,-0.12783762064934928,-0.7736083362836428,0.2131055968316198,-0.01697183155907473,unit_mode_chain_amplitude,stellarator-linear-scan:stella-geometry
0.1,229,0.39453125,-0.052522599712408004,-1.072432624231347,0.2131055968316198,-0.01697183155907473,unit_mode_chain_amplitude,stellarator-linear-scan:stella-geometry
0.1,230,0.3984375,0.13438770926214139,-1.202844550620887,0.2131055968316198,-0.01697183155907473,unit_mode_chain_amplitude,stellarator-linear-scan:stella-geometry
0.1,231,0.40234375,0.2368254545596323,-1.0144487687681711,0.2131055968316198,-0.01697183155907473,unit_mode_chain_amplitude,stellarator-linear-scan:stella-geometry
0.1,232,0.40625,0.10249309218771518,-0.6328103762227114,0.2131055968316198,-0.01697183155907473,unit_mode_chain_amplitude,stellarator-linear-scan:stella-geometry
0.1,233,0.41015625,-0.12264861241325781,-0.26211923623630423,0.2131055968316198,-0.01697183155907473,unit_mode_chain_amplitude,stellarator-linear-scan:stella-geometry
0.1,234,0.4140625,-0.19227193997091704,-0.09074118293442582,0.2131055968316198,-0.01697183155907473,unit_mode_chain_amplitude,stellarator-linear-scan:stella-geometry
0.1,235,0.41796875,-0.12642176671416924,0.07499240922467337,0.2131055968316198,-0.01697183155907473,unit_mode_chain_amplitude,stellarator-linear-scan:stella-geometry
0.1,236,0.421875,-0.003089074010913816,0.35816175863274946,0.2131055968316198,-0.01697183155907473,unit_mode_chain_amplitude,stellarator-linear-scan:stella-geometry
0.1,237,0.42578125,0.1623005412398874,0.7835266274401594,0.2131055968316198,-0.01697183155907473,unit_mode_chain_amplitude,stellarator-linear-scan:stella-geometry
0.1,238,0.4296875,0.274675708558135,1.1385212937957505,0.2131055968316198,-0.01697183155907473,unit_mode_chain_amplitude,stellarator-linear-scan:stella-geometry
0.1,239,0.43359375,0.16113048206202257,1.3168158532000902,0.2131055968316198,-0.01697183155907473,unit_mode_chain_amplitude,stellarator-linear-scan:stella-geometry
0.1,240,0.4375,-0.059545578742286234,1.0866958831166642,0.2131055968316198,-0.01697183155907473,unit_mode_chain_amplitude,stellarator-linear-scan:stella-geometry
0.1,241,0.44140625,-0.18650465741786318,0.8242817615726525,0.2131055968316198,-0.01697183155907473,unit_mode_chain_amplitude,stellarator-linear-scan:stella-geometry
0.1,242,0.4453125,-0.09972346416959578,0.6482241163251468,0.2131055968316198,-0.01697183155907473,unit_mode_chain_amplitude,stellarator-linear-scan:stella-geometry
0.1,243,0.44921875,0.08816361043003502,0.5791309346557346,0.2131055968316198,-0.01697183155907473,unit_mode_chain_amplitude,stellarator-linear-scan:stella-geometry
0.1,244,0.453125,0.2248803772454416,0.4292394385330242,0.2131055968316198,-0.01697183155907473,unit_mode_chain_amplitude,stellarator-linear-scan:stella-geometry
0.1,245,0.45703125,0.14836304665232108,0.19949831973317528,0.2131055968316198,-0.01697183155907473,unit_mode_chain_amplitude,stellarator-linear-scan:stella-geometry
0.1,246,0.4609375,-0.10220302065226533,-0.1383101122747664,0.2131055968316198,-0.01697183155907473,unit_mode_chain_amplitude,stellarator-linear-scan:stella-geometry
0.1,247,0.46484375,-0.26042562304214506,-0.359962404235483,0.2131055968316198,-0.01697183155907473,unit_mode_chain_amplitude,stellarator-linear-scan:stella-geometry
0.1,248,0.46875,-0.22758106989152727,-0.5604322313366622,0.2131055968316198,-0.01697183155907473,unit_mode_chain_amplitude,stellarator-linear-scan:stella-geometry
0.1,249,0.47265625,-0.09508331822438319,-0.6348361894917633,0.2131055968316198,-0.01697183155907473,unit_mode_chain_amplitude,stellarator-linear-scan:stella-geometry
0.1,250,0.4765625,0.07547397168307927,-0.7520754069750982,0.2131055968316198,-0.01697183155907473,unit_mode_chain_amplitude,stellarator-linear-scan:stella-geometry
0.1,251,0.48046875,0.20006300858783857,-0.8009607481738441,0.2131055968316198,-0.01697183155907473,unit_mode_chain_amplitude,stellarator-linear-scan:stella-geometry
0.1,252,0.484375,0.29907885387546274,-0.9611339638940359,0.2131055968316198,-0.01697183155907473,unit_mode_chain_amplitude,stellarator-linear-scan:stella-geometry
0.1,253,0.48828125,0.0592287892514756,-0.7027950956178518,0.2131055968316198,-0.01697183155907473,unit_mode_chain_amplitude,stellarator-linear-scan:stella-geometry
0.1,254,0.4921875,-0.2205541323791067,-0.4816752797503421,0.2131055968316198,-0.01697183155907473,unit_mode_chain_amplitude,stellarator-linear-scan:stella-geometry
0.1,255,0.49609375,-0.28182546244069573,-0.36455030052235665,0.2131055968316198,-0.01697183155907473,unit_mode_chain_amplitude,stellarator-linear-scan:stella-geometry
0.2,0,-0.5,-0.19551923534858548,-0.22885406025456698,0.213145343227345,-0.03379356872161376,unit_mode_chain_amplitude,stellarator-linear-scan:stella-geometry
0.2,1,-0.49609375,0.18708145482967797,-0.11995785106300705,0.213145343227345,-0.03379356872161376,unit_mode_chain_amplitude,stellarator-linear-scan:stella-geometry
0.2,2,-0.4921875,0.30513188612196207,-0.033945164631384174,0.213145343227345,-0.03379356872161376,unit_mode_chain_amplitude,stellarator-linear-scan:stella-geometry
0.2,3,-0.48828125,0.18455009563697294,-0.09599031118097016,0.213145343227345,-0.03379356872161376,unit_mode_chain_amplitude,stellarator-linear-scan:stella-geometry
0.2,4,-0.484375,-0.12862156924197027,-0.0024150604547158593,0.213145343227345,-0.03379356872161376,unit_mode_chain_amplitude,stellarator-linear-scan:stella-geometry
0.2,5,-0.48046875,-0.3612408321283524,0.08388525475147623,0.213145343227345,-0.03379356872161376,unit_mode_chain_amplitude,stellarator-linear-scan:stella-geometry
0.2,6,-0.4765625,-0.3868063526784042,0.43258169719440953,0.213145343227345,-0.03379356872161376,unit_mode_chain_amplitude,stellarator-linear-scan:stella-geometry
0.2,7,-0.47265625,-0.07325100896593152,0.7764282515870106,0.213145343227345,-0.03379356872161376,unit_mode_chain_amplitude,stellarator-linear-scan:stella-geometry
0.2,8,-0.46875,0.2920879173867009,0.927756786150286,0.213145343227345,-0.03379356872161376,unit_mode_chain_amplitude,stellarator-linear-scan:stella-geometry
0.2,9,-0.46484375,0.4868905666036463,0.9303046337560595,0.213145343227345,-0.03379356872161376,unit_mode_chain_amplitude,stellarator-linear-scan:stella-geometry
0.2,10,-0.4609375,0.4224221377593054,0.9277699614665947,0.213145343227345,-0.03379356872161376,unit_mode_chain_amplitude,stellarator-linear-scan:stella-geometry
0.2,11,-0.45703125,0.07213469899272276,0.7921077326574655,0.213145343227345,-0.03379356872161376,unit_mode_chain_amplitude,stellarator-linear-scan:stella-geometry
0.2,12,-0.453125,-0.2554138806215632,0.5767767336557916,0.213145343227345,-0.03379356872161376,unit_mode_chain_amplitude,stellarator-linear-scan:stella-geometry
0.2,13,-0.44921875,-0.29969403658917443,0.3824198236589123,0.213145343227345,-0.03379356872161376,unit_mode_chain_amplitude,stellarator-linear-scan:stella-geometry
0.2,14,-0.4453125,-0.03943539469110168,0.24648101570696312,0.213145343227345,-0.03379356872161376,unit_mode_chain_amplitude,stellarator-linear-scan:stella-geometry
0.2,15,-0.44140625,0.24056579125857946,0.06476687778653842,0.213145343227345,-0.03379356872161376,unit_mode_chain_amplitude,stellarator-linear-scan:stella-geometry
0.2,16,-0.4375,0.2812268567472883,-0.24709771954206688,0.213145343227345,-0.03379356872161376,unit_mode_chain_amplitude,stellarator-linear-scan:stella-geometry
0.2,17,-0.43359375,0.11483640431783294,-0.6768025868787992,0.213145343227345,-0.03379356872161376,unit_mode_chain_amplitude,stellarator-linear-scan:stella-geometry
0.2,18,-0.4296875,-0.141275379568354,-0.9420701946353415,0.213145343227345,-0.03379356872161376,unit_mode_chain_amplitude,stellarator-linear-scan:stella-geometry
0.2,19,-0.42578125,-0.2771430913686401,-0.962247634074979,0.213145343227345,-0.03379356872161376,unit_mode_chain_amplitude,stellarator-linear-scan:stella-geometry
0.2,20,-0.421875,-0.24727940846400168,-0.8446087745994152,0.213145343227345,-0.03379356872161376,unit_mode_chain_amplitude,stellarator-linear-scan:stella-geometry
0.2,21,-0.41796875,0.027080367993872204,-0.7193089552585274,0.213145343227345,-0.03379356872161376,unit_mode_chain_amplitude,stellarator-linear-scan:stella-geometry
0.2,22,-0.4140625,0.42354905169477686,-0.6476673490831667,0.213145343227345,-0.03379356872161376,unit_mode_chain_amplitude,stellarator-linear-scan:stella-geometry
0.2,23,-0.41015625,0.5796819749209544,-0.7070008184705702,0.213145343227345,-0.03379356872161376,unit_mode_chain_amplitude,stellarator-linear-scan:stella-geometry
0.2,24,-0.40625,0.1680120412258678,-0.7306791725703027,0.213145343227345,-0.03379356872161376,unit_mode_chain_amplitude,stellarator-linear-scan:stella-geometry
0.2,25,-0.40234375,-0.2770703467308995,-0.5403860985548449,0.213145343227345,-0.03379356872161376,unit_mode_chain_amplitude,stellarator-linear-scan:stella-geometry
0.2,26,-0.3984375,-0.40742458796203923,-0.18937151845139225,0.213145343227345,-0.03379356872161376,unit_mode_chain_amplitude,stellarator-linear-scan:stella-geometry
0.2,27,-0.39453125,-0.13057150192165293,0.16945363879839687,0.213145343227345,-0.03379356872161376,unit_mode_chain_amplitude,stellarator-linear-scan:stella-geometry
0.2,28,-0.390625,0.2401237188060746,0.32907268443560034,0.213145343227345,-0.03379356872161376,unit_mode_chain_amplitude,stellarator-linear-scan:stella-geometry
0.2,29,-0.38671875,0.25241162376269327,0.49929860148004906,0.213145343227345,-0.03379356872161376,unit_mode_chain_amplitude,stellarator-linear-scan:stella-geometry
0.2,30,-0.3828125,-0.032432663362327696,0.7889324959591734,0.213145343227345,-0.03379356872161376,unit_mode_chain_amplitude,stellarator-linear-scan:stella-geometry
0.2,31,-0.37890625,-0.5210587352455832,1.0497948024611672,0.213145343227345,-0.03379356872161376,unit_mode_chain_amplitude,stellarator-linear-scan:stella-geometry
0.2,32,-0.375,-0.8925962554172494,1.2486497997785073,0.213145343227345,-0.03379356872161376,unit_mode_chain_amplitude,stellarator-linear-scan:stella-geometry
0.2,33,-0.37109375,-0.6088416983744742,1.4044913885638663,0.213145343227345,-0.03379356872161376,unit_mode_chain_amplitude,stellarator-linear-scan:stella-geometry
0.2,34,-0.3671875,0.026536735024255718,1.1488436935726325,0.213145343227345,-0.03379356872161376,unit_mode_chain_amplitude,stellarator-linear-scan:stella-geometry
0.2,35,-0.36328125,0.2703670541834591,0.7647057756228287,0.213145343227345,-0.03379356872161376,unit_mode_chain_amplitude,stellarator-linear-scan:stella-geometry
0.2,36,-0.359375,0.08541170822941041,0.45253053475339855,0.213145343227345,-0.03379356872161376,unit_mode_chain_amplitude,stellarator-linear-scan:stella-geometry
0.2,37,-0.35546875,-0.24900157051097094,0.20044228813338788,0.213145343227345,-0.03379356872161376,unit_mode_chain_amplitude,stellarator-linear-scan:stella-geometry
0.2,38,-0.3515625,-0.3405736883958446,-0.1127928577354862,0.213145343227345,-0.03379356872161376,unit_mode_chain_amplitude,stellarator-linear-scan:stella-geometry
0.2,39,-0.34765625,-0.11383460371837446,-0.39896218446801723,0.213145343227345,-0.03379356872161376,unit_mode_chain_amplitude,stellarator-linear-scan:stella-geometry
0.2,40,-0.34375,0.3036901627360446,-0.5738835413122875,0.213145343227345,-0.03379356872161376,unit_mode_chain_amplitude,stellarator-linear-scan:stella-geometry
0.2,41,-0.33984375,0.6089492211788441,-0.6621443398064478,0.213145343227345,-0.03379356872161376,unit_mode_chain_amplitude,stellarator-linear-scan:stella-geometry
0.2,42,-0.3359375,0.6082062408433669,-0.7894767111276537,0.213145343227345,-0.03379356872161376,unit_mode_chain_amplitude,stellarator-linear-scan:stella-geometry
0.2,43,-0.33203125,0.2703905461908764,-1.0236517778283734,0.213145343227345,-0.03379356872161376,unit_mode_chain_amplitude,stellarator-linear-scan:stella-geometry
0.2,44,-0.328125,-0.13290815293677868,-1.048049372776493,0.213145343227345,-0.03379356872161376,unit_mode_chain_amplitude,stellarator-linear-scan:stella-geometry
0.2,45,-0.32421875,-0.31138158740403743,-0.9583769982743029,0.213145343227345,-0.03379356872161376,unit_mode_chain_amplitude,stellarator-linear-scan:stella-geometry
0.2,46,-0.3203125,-0.12066084834375045,-0.8351200548360155,0.213145343227345,-0.03379356872161376,unit_mode_chain_amplitude,stellarator-linear-scan:stella-geometry
0.2,47,-0.31640625,0.19364337662098652,-0.6403690912671918,0.213145343227345,-0.03379356872161376,unit_mode_chain_amplitude,stellarator-linear-scan:stella-geometry
0.2,48,-0.3125,0.3094364989186688,-0.37828314025282495,0.213145343227345,-0.03379356872161376,unit_mode_chain_amplitude,stellarator-linear-scan:stella-geometry
0.2,49,-0.30859375,0.10291828166494446,-0.13986860479916505,0.213145343227345,-0.03379356872161376,unit_mode_chain_amplitude,stellarator-linear-scan:stella-geometry
0.2,50,-0.3046875,-0.19807556902609336,0.05976645250748543,0.213145343227345,-0.03379356872161376,unit_mode_chain_amplitude,stellarator-linear-scan:stella-geometry
0.2,51,-0.30078125,-0.3080844977995061,0.3226523251579882,0.213145343227345,-0.03379356872161376,unit_mode_chain_amplitude,stellarator-linear-scan:stella-geometry
0.2,52,-0.296875,-0.13397562156379586,0.6683737680037082,0.213145343227345,-0.03379356872161376,unit_mode_chain_amplitude,stellarator-linear-scan:stella-geometry
0.2,53,-0.29296875,0.13470827313925965,1.1507073913678532,0.213145343227345,-0.03379356872161376,unit_mode_chain_amplitude,stellarator-linear-scan:stella-geometry
0.2,54,-0.2890625,0.31307739850543254,1.5178515843504596,0.213145343227345,-0.03379356872161376,unit_mode_chain_amplitude,stellarator-linear-scan:stella-geometry
0.2,55,-0.28515625,0.321689313990455,1.4865004493419713,0.213145343227345,-0.03379356872161376,unit_mode_chain_amplitude,stellarator-linear-scan:stella-geometry
0.2,56,-0.28125,0.1913211216587768,1.2243460049567412,0.213145343227345,-0.03379356872161376,unit_mode_chain_amplitude,stellarator-linear-scan:stella-geometry
0.2,57,-0.27734375,-0.06956459098641642,0.9438866982890031,0.213145343227345,-0.03379356872161376,unit_mode_chain_amplitude,stellarator-linear-scan:stella-geometry
0.2,58,-0.2734375,-0.38834449059997,0.7217343672256245,0.213145343227345,-0.03379356872161376,unit_mode_chain_amplitude,stellarator-linear-scan:stella-geometry
0.2,59,-0.26953125,-0.5242285981186469,0.5991638297399143,0.213145343227345,-0.03379356872161376,unit_mode_chain_amplitude,stellarator-linear-scan:stella-geometry
0.2,60,-0.265625,-0.12632979578573897,0.45707930732548396,0.213145343227345,-0.03379356872161376,unit_mode_chain_amplitude,stellarator-linear-scan:stella-geometry
0.2,61,-0.26171875,0.4134561353946831,0.1650214287798038,0.213145343227345,-0.03379356872161376,unit_mode_chain_amplitude,stellarator-linear-scan:stella-geometry
0.2,62,-0.2578125,0.5787343528656008,-0.317176190441709,0.213145343227345,-0.03379356872161376,unit_mode_chain_amplitude,stellarator-linear-scan:stella-geometry
0.2,63,-0.25390625,0.3063822957025031,-0.7736667849919607,0.213145343227345,-0.03379356872161376,unit_mode_chain_amplitude,stellarator-linear-scan:stella-geometry
0.2,64,-0.25,-0.12154671949493724,-0.885341294668513,0.213145343227345,-0.03379356872161376,unit_mode_chain_amplitude,stellarator-linear-scan:stella-geometry
0.2,65,-0.24609375,-0.2659715097260169,-0.8431877170683518,0.213145343227345,-0.03379356872161376,unit_mode_chain_amplitude,stellarator-linear-scan:stella-geometry
0.2,66,-0.2421875,-0.014635334057282259,-0.9762678755635293,0.213145343227345,-0.03379356872161376,unit_mode_chain_amplitude,stellarator-linear-scan:stella-geometry
0.2,67,-0.23828125,0.4517320355879693,-1.255666115422149,0.213145343227345,-0.03379356872161376,unit_mode_chain_amplitude,stellarator-linear-scan:stella-geometry
0.2,68,-0.234375,0.7750518997762454,-1.5347989435502853,0.213145343227345,-0.03379356872161376,unit_mode_chain_amplitude,stellarator-linear-scan:stella-geometry
0.2,69,-0.23046875,0.4493887096316442,-1.5809260492705213,0.213145343227345,-0.03379356872161376,unit_mode_chain_amplitude,stellarator-linear-scan:stella-geometry
0.2,70,-0.2265625,-0.1905202461308932,-1.1926392773514594,0.213145343227345,-0.03379356872161376,unit_mode_chain_amplitude,stellarator-linear-scan:stella-geometry
0.2,71,-0.22265625,-0.44954109162558736,-0.6323058368868212,0.213145343227345,-0.03379356872161376,unit_mode_chain_amplitude,stellarator-linear-scan:stella-geometry
0.2,72,-0.21875,-0.15439688670080448,-0.20436298987331558,0.213145343227345,-0.03379356872161376,unit_mode_chain_amplitude,stellarator-linear-scan:stella-geometry
0.2,73,-0.21484375,0.22857555160265408,0.10048753598548286,0.213145343227345,-0.03379356872161376,unit_mode_chain_amplitude,stellarator-linear-scan:stella-geometry
0.2,74,-0.2109375,0.33314350126959297,0.48027116452595947,0.213145343227345,-0.03379356872161376,unit_mode_chain_amplitude,stellarator-linear-scan:stella-geometry
0.2,75,-0.20703125,0.03828789607665558,0.975104708436512,0.213145343227345,-0.03379356872161376,unit_mode_chain_amplitude,stellarator-linear-scan:stella-geometry
0.2,76,-0.203125,-0.494496572821729,1.32213480597434,0.213145343227345,-0.03379356872161376,unit_mode_chain_amplitude,stellarator-linear-scan:stella-geometry
0.2,77,-0.19921875,-0.8897473582846609,1.5719573121617298,0.213145343227345,-0.03379356872161376,unit_mode_chain_amplitude,stellarator-linear-scan:stella-geometry
0.2,78,-0.1953125,-0.7467567060762672,1.5978614734891994,0.213145343227345,-0.03379356872161376,unit_mode_chain_amplitude,stellarator-linear-scan:stella-geometry
0.2,79,-0.19140625,-0.21962193864567925,1.4271633211989567,0.213145343227345,-0.03379356872161376,unit_mode_chain_amplitude,stellarator-linear-scan:stella-geometry
0.2,80,-0.1875,0.1669583167775839,1.195606114325175,0.213145343227345,-0.03379356872161376,unit_mode_chain_amplitude,stellarator-linear-scan:stella-geometry
0.2,81,-0.18359375,0.21015753576754848,0.9501882048649007,0.213145343227345,-0.03379356872161376,unit_mode_chain_amplitude,stellarator-linear-scan:stella-geometry
0.2,82,-0.1796875,-0.0742946895348928,0.6955284547479587,0.213145343227345,-0.03379356872161376,unit_mode_chain_amplitude,stellarator-linear-scan:stella-geometry
0.2,83,-0.17578125,-0.3450275355707111,0.34886017610677317,0.213145343227345,-0.03379356872161376,unit_mode_chain_amplitude,stellarator-linear-scan:stella-geometry
0.2,84,-0.171875,-0.25602640927375564,-0.03968395541968053,0.213145343227345,-0.03379356872161376,unit_mode_chain_amplitude,stellarator-linear-scan:stella-geometry
0.2,85,-0.16796875,0.0969754362700381,-0.37731765254345356,0.213145343227345,-0.03379356872161376,unit_mode_chain_amplitude,stellarator-linear-scan:stella-geometry
0.2,86,-0.1640625,0.3375727124517826,-0.6244853473659863,0.213145343227345,-0.03379356872161376,unit_mode_chain_amplitude,stellarator-linear-scan:stella-geometry
0.2,87,-0.16015625,0.27228441284214505,-0.8602757534570521,0.213145343227345,-0.03379356872161376,unit_mode_chain_amplitude,stellarator-linear-scan:stella-geometry
0.2,88,-0.15625,0.051136472134261396,-1.1470042603549764,0.213145343227345,-0.03379356872161376,unit_mode_chain_amplitude,stellarator-linear-scan:stella-geometry
0.2,89,-0.15234375,-0.14038998716691248,-1.472558998368251,0.213145343227345,-0.03379356872161376,unit_mode_chain_amplitude,stellarator-linear-scan:stella-geometry
0.2,90,-0.1484375,-0.23864869844681028,-1.7752123117987375,0.213145343227345,-0.03379356872161376,unit_mode_chain_amplitude,stellarator-linear-scan:stella-geometry
0.2,91,-0.14453125,-0.2567725420090583,-1.7484556638600393,0.213145343227345,-0.03379356872161376,unit_mode_chain_amplitude,stellarator-linear-scan:stella-geometry
0.2,92,-0.140625,-0.09711569638424968,-1.387908845631983,0.213145343227345,-0.03379356872161376,unit_mode_chain_amplitude,stellarator-linear-scan:stella-geometry
0.2,93,-0.13671875,0.14103123743575396,-0.9281947069762391,0.213145343227345,-0.03379356872161376,unit_mode_chain_amplitude,stellarator-linear-scan:stella-geometry
0.2,94,-0.1328125,0.3182091208461386,-0.5872079376673615,0.213145343227345,-0.03379356872161376,unit_mode_chain_amplitude,stellarator-linear-scan:stella-geometry
0.2,95,-0.12890625,0.29247608683011184,-0.29914434906214066,0.213145343227345,-0.03379356872161376,unit_mode_chain_amplitude,stellarator-linear-scan:stella-geometry
0.2,96,-0.125,0.03316179876953263,0.05585348149612451,0.213145343227345,-0.03379356872161376,unit_mode_chain_amplitude,stellarator-linear-scan:stella-geometry
0.2,97,-0.12109375,-0.35777025166153703,0.5813601782310283,0.213145343227345,-0.03379356872161376,unit_mode_chain_amplitude,stellarator-linear-scan:stella-geometry
0.2,98,-0.1171875,-0.5910062883715548,1.153766231175789,0.213145343227345,-0.03379356872161376,unit_mode_chain_amplitude,stellarator-linear-scan:stella-geometry
0.2,99,-0.11328125,-0.43374297445230775,1.5570036318954819,0.213145343227345,-0.03379356872161376,unit_mode_chain_amplitude,stellarator-linear-scan:stella-geometry
0.2,100,-0.109375,-0.027881838717379048,1.5674353269932044,0.213145343227345,-0.03379356872161376,unit_mode_chain_amplitude,stellarator-linear-scan:stella-geometry
0.2,101,-0.10546875,0.257206327767029,1.333214129515811,0.213145343227345,-0.03379356872161376,unit_mode_chain_amplitude,stellarator-linear-scan:stella-geometry
0.2,102,-0.1015625,0.10165689092000216,1.132826764834142,0.213145343227345,-0.03379356872161376,unit_mode_chain_amplitude,stellarator-linear-scan:stella-geometry
0.2,103,-0.09765625,-0.40416041072680464,1.1896355778490642,0.213145343227345,-0.03379356872161376,unit_mode_chain_amplitude,stellarator-linear-scan:stella-geometry
0.2,104,-0.09375,-0.7638356262249533,1.302476099095143,0.213145343227345,-0.03379356872161376,unit_mode_chain_amplitude,stellarator-linear-scan:stella-geometry
0.2,105,-0.08984375,-0.39627523256802655,1.199701903241346,0.213145343227345,-0.03379356872161376,unit_mode_chain_amplitude,stellarator-linear-scan:stella-geometry
0.2,106,-0.0859375,0.33557382463298807,0.7693544203838354,0.213145343227345,-0.03379356872161376,unit_mode_chain_amplitude,stellarator-linear-scan:stella-geometry
0.2,107,-0.08203125,0.6449727226268283,0.11352813274931614,0.213145343227345,-0.03379356872161376,unit_mode_chain_amplitude,stellarator-linear-scan:stella-geometry
0.2,108,-0.078125,0.379860419835952,-0.39479973873647,0.213145343227345,-0.03379356872161376,unit_mode_chain_amplitude,stellarator-linear-scan:stella-geometry
0.2,109,-0.07421875,-0.06401106067034791,-0.5819952325277893,0.213145343227345,-0.03379356872161376,unit_mode_chain_amplitude,stellarator-linear-scan:stella-geometry
0.2,110,-0.0703125,-0.2487244444817239,-0.8109510900988581,0.213145343227345,-0.03379356872161376,unit_mode_chain_amplitude,stellarator-linear-scan:stella-geometry
0.2,111,-0.06640625,-0.062443309251449905,-1.321753325015408,0.213145343227345,-0.03379356872161376,unit_mode_chain_amplitude,stellarator-linear-scan:stella-geometry
0.2,112,-0.0625,0.42419032620869357,-1.8506820122365977,0.213145343227345,-0.03379356872161376,unit_mode_chain_amplitude,stellarator-linear-scan:stella-geometry
0.2,113,-0.05859375,0.8756269289761378,-2.0794708452306274,0.213145343227345,-0.03379356872161376,unit_mode_chain_amplitude,stellarator-linear-scan:stella-geometry
0.2,114,-0.0546875,0.7770355659674555,-2.0754418220192585,0.213145343227345,-0.03379356872161376,unit_mode_chain_amplitude,stellarator-linear-scan:stella-geometry
0.2,115,-0.05078125,0.15154660259862435,-1.65938809301063,0.213145343227345,-0.03379356872161376,unit_mode_chain_amplitude,stellarator-linear-scan:stella-geometry
0.2,116,-0.046875,-0.27757110607540636,-1.1045637145844074,0.213145343227345,-0.03379356872161376,unit_mode_chain_amplitude,stellarator-linear-scan:stella-geometry
0.2,117,-0.04296875,-0.23549405128931503,-0.6499814748957928,0.213145343227345,-0.03379356872161376,unit_mode_chain_amplitude,stellarator-linear-scan:stella-geometry
0.2,118,-0.0390625,0.03863769913333168,-0.3161393321534482,0.213145343227345,-0.03379356872161376,unit_mode_chain_amplitude,stellarator-linear-scan:stella-geometry
0.2,119,-0.03515625,0.2612358982901468,0.16949527661456396,0.213145343227345,-0.03379356872161376,unit_mode_chain_amplitude,stellarator-linear-scan:stella-geometry
0.2,120,-0.03125,0.227210021163862,0.7528130878163484,0.213145343227345,-0.03379356872161376,unit_mode_chain_amplitude,stellarator-linear-scan:stella-geometry
0.2,121,-0.02734375,-0.07556426204294667,1.3013372883272118,0.213145343227345,-0.03379356872161376,unit_mode_chain_amplitude,stellarator-linear-scan:stella-geometry
0.2,122,-0.0234375,-0.3416815068068327,1.4763562875026865,0.213145343227345,-0.03379356872161376,unit_mode_chain_amplitude,stellarator-linear-scan:stella-geometry
0.2,123,-0.01953125,-0.3841478704674622,1.3978886930437373,0.213145343227345,-0.03379356872161376,unit_mode_chain_amplitude,stellarator-linear-scan:stella-geometry
0.2,124,-0.015625,-0.21564243603870942,1.4461685922449068,0.213145343227345,-0.03379356872161376,unit_mode_chain_amplitude,stellarator-linear-scan:stella-geometry
0.2,125,-0.01171875,0.0059361664557897745,1.5279954805658231,0.213145343227345,-0.03379356872161376,unit_mode_chain_amplitude,stellarator-linear-scan:stella-geometry
0.2,126,-0.0078125,0.18120585458338775,1.5240320189584446,0.213145343227345,-0.03379356872161376,unit_mode_chain_amplitude,stellarator-linear-scan:stella-geometry
0.2,127,-0.00390625,0.20173979857498717,1.3699512046492308,0.213145343227345,-0.03379356872161376,unit_mode_chain_amplitude,stellarator-linear-scan:stella-geometry
0.2,128,0.0,0.04730807357104964,1.0049456297583468,0.213145343227345,-0.03379356872161376,unit_mode_chain_amplitude,stellarator-linear-scan:stella-geometry
0.2,129,0.00390625,-0.17036997568820134,0.5020733793736456,0.213145343227345,-0.03379356872161376,unit_mode_chain_amplitude,stellarator-linear-scan:stella-geometry
0.2,130,0.0078125,-0.22789336123029183,0.03233372933272728,0.213145343227345,-0.03379356872161376,unit_mode_chain_amplitude,stellarator-linear-scan:stella-geometry
0.2,131,0.01171875,-0.13831598772366838,-0.32199454922163584,0.213145343227345,-0.03379356872161376,unit_mode_chain_amplitude,stellarator-linear-scan:stella-geometry
0.2,132,0.015625,0.015119681587195441,-0.651474242214871,0.213145343227345,-0.03379356872161376,unit_mode_chain_amplitude,stellarator-linear-scan:stella-geometry
0.2,133,0.01953125,0.16821064025152926,-1.004893257109786,0.213145343227345,-0.03379356872161376,unit_mode_chain_amplitude,stellarator-linear-scan:stella-geometry
0.2,134,0.0234375,0.3923836577741755,-1.5504673229069423,0.213145343227345,-0.03379356872161376,unit_mode_chain_amplitude,stellarator-linear-scan:stella-geometry
0.2,135,0.02734375,0.4942258802269363,-1.9051941012108387,0.213145343227345,-0.03379356872161376,unit_mode_chain_amplitude,stellarator-linear-scan:stella-geometry
0.2,136,0.03125,0.20625056393826832,-1.8171009609321873,0.213145343227345,-0.03379356872161376,unit_mode_chain_amplitude,stellarator-linear-scan:stella-geometry
0.2,137,0.03515625,-0.18366572819476196,-1.4558664115477606,0.213145343227345,-0.03379356872161376,unit_mode_chain_amplitude,stellarator-linear-scan:stella-geometry
0.2,138,0.0390625,-0.21150744749411524,-1.1232622753788748,0.213145343227345,-0.03379356872161376,unit_mode_chain_amplitude,stellarator-linear-scan:stella-geometry
0.2,139,0.04296875,0.22565793765833844,-0.8861542564020439,0.213145343227345,-0.03379356872161376,unit_mode_chain_amplitude,stellarator-linear-scan:stella-geometry
0.2,140,0.046875,0.6844964537009308,-0.6847064011366831,0.213145343227345,-0.03379356872161376,unit_mode_chain_amplitude,stellarator-linear-scan:stella-geometry
0.2,141,0.05078125,0.4457778675258563,-0.34664999464936364,0.213145343227345,-0.03379356872161376,unit_mode_chain_amplitude,stellarator-linear-scan:stella-geometry
0.2,142,0.0546875,-0.42631715932092507,0.09499254511396331,0.213145343227345,-0.03379356872161376,unit_mode_chain_amplitude,stellarator-linear-scan:stella-geometry
0.2,143,0.05859375,-0.9322121872192494,0.6006447802681695,0.213145343227345,-0.03379356872161376,unit_mode_chain_amplitude,stellarator-linear-scan:stella-geometry
0.2,144,0.0625,-0.6994054904671169,1.05540134447483,0.213145343227345,-0.03379356872161376,unit_mode_chain_amplitude,stellarator-linear-scan:stella-geometry
0.2,145,0.06640625,-0.17189824519857694,1.1489064376296136,0.213145343227345,-0.03379356872161376,unit_mode_chain_amplitude,stellarator-linear-scan:stella-geometry
0.2,146,0.0703125,0.19120708967685,1.0675974974390037,0.213145343227345,-0.03379356872161376,unit_mode_chain_amplitude,stellarator-linear-scan:stella-geometry
0.2,147,0.07421875,0.14561321963502408,1.2659752096323806,0.213145343227345,-0.03379356872161376,unit_mode_chain_amplitude,stellarator-linear-scan:stella-geometry
0.2,148,0.078125,-0.2266510191629789,1.6510908099074728,0.213145343227345,-0.03379356872161376,unit_mode_chain_amplitude,stellarator-linear-scan:stella-geometry
0.2,149,0.08203125,-0.6688603731974084,1.7975951376410637,0.213145343227345,-0.03379356872161376,unit_mode_chain_amplitude,stellarator-linear-scan:stella-geometry
0.2,150,0.0859375,-0.6687125519430623,1.6274824419292244,0.213145343227345,-0.03379356872161376,unit_mode_chain_amplitude,stellarator-linear-scan:stella-geometry
0.2,151,0.08984375,-0.09238652952266635,1.1604764956919704,0.213145343227345,-0.03379356872161376,unit_mode_chain_amplitude,stellarator-linear-scan:stella-geometry
0.2,152,0.09375,0.43630511986889237,0.5990336565571911,0.213145343227345,-0.03379356872161376,unit_mode_chain_amplitude,stellarator-linear-scan:stella-geometry
0.2,153,0.09765625,0.3993170370227526,0.20842972774645876,0.213145343227345,-0.03379356872161376,unit_mode_chain_amplitude,stellarator-linear-scan:stella-geometry
0.2,154,0.1015625,0.08821082459934707,-0.12767259186925908,0.213145343227345,-0.03379356872161376,unit_mode_chain_amplitude,stellarator-linear-scan:stella-geometry
0.2,155,0.10546875,-0.17626763634131895,-0.5760893158612332,0.213145343227345,-0.03379356872161376,unit_mode_chain_amplitude,stellarator-linear-scan:stella-geometry
0.2,156,0.109375,-0.20279200333780573,-1.207276896145067,0.213145343227345,-0.03379356872161376,unit_mode_chain_amplitude,stellarator-linear-scan:stella-geometry
0.2,157,0.11328125,-0.008891179774192572,-1.7234536465713273,0.213145343227345,-0.03379356872161376,unit_mode_chain_amplitude,stellarator-linear-scan:stella-geometry
0.2,158,0.1171875,0.3100977518769844,-1.9413123356096444,0.213145343227345,-0.03379356872161376,unit_mode_chain_amplitude,stellarator-linear-scan:stella-geometry
0.2,159,0.12109375,0.42985530566775254,-1.6854911601547822,0.213145343227345,-0.03379356872161376,unit_mode_chain_amplitude,stellarator-linear-scan:stella-geometry
0.2,160,0.125,0.31878708319976795,-1.3513776075258648,0.213145343227345,-0.03379356872161376,unit_mode_chain_amplitude,stellarator-linear-scan:stella-geometry
0.2,161,0.12890625,0.005431816072806993,-1.1483157750317474,0.213145343227345,-0.03379356872161376,unit_mode_chain_amplitude,stellarator-linear-scan:stella-geometry
0.2,162,0.1328125,-0.25932210811202255,-0.9675131868102881,0.213145343227345,-0.03379356872161376,unit_mode_chain_amplitude,stellarator-linear-scan:stella-geometry
0.2,163,0.13671875,-0.3152524371151322,-0.723475000871937,0.213145343227345,-0.03379356872161376,unit_mode_chain_amplitude,stellarator-linear-scan:stella-geometry
0.2,164,0.140625,-0.07350048255984999,-0.30512219671085483,0.213145343227345,-0.03379356872161376,unit_mode_chain_amplitude,stellarator-linear-scan:stella-geometry
0.2,165,0.14453125,0.2232405327407319,0.21526755837976738,0.213145343227345,-0.03379356872161376,unit_mode_chain_amplitude,stellarator-linear-scan:stella-geometry
0.2,166,0.1484375,0.3058827818879382,0.6549954322720445,0.213145343227345,-0.03379356872161376,unit_mode_chain_amplitude,stellarator-linear-scan:stella-geometry
0.2,167,0.15234375,0.1957928132629827,0.9075431238400475,0.213145343227345,-0.03379356872161376,unit_mode_chain_amplitude,stellarator-linear-scan:stella-geometry
0.2,168,0.15625,0.06780963279651062,1.0008532276912878,0.213145343227345,-0.03379356872161376,unit_mode_chain_amplitude,stellarator-linear-scan:stella-geometry
0.2,169,0.16015625,-0.07803916160690688,1.087701596588942,0.213145343227345,-0.03379356872161376,unit_mode_chain_amplitude,stellarator-linear-scan:stella-geometry
0.2,170,0.1640625,-0.2291702127863038,1.22956551437509,0.213145343227345,-0.03379356872161376,unit_mode_chain_amplitude,stellarator-linear-scan:stella-geometry
0.2,171,0.16796875,-0.3307507606466915,1.4275823314487175,0.213145343227345,-0.03379356872161376,unit_mode_chain_amplitude,stellarator-linear-scan:stella-geometry
0.2,172,0.171875,-0.12867027364864847,1.3894946601484477,0.213145343227345,-0.03379356872161376,unit_mode_chain_amplitude,stellarator-linear-scan:stella-geometry
0.2,173,0.17578125,0.20007013120724604,1.0557517067991498,0.213145343227345,-0.03379356872161376,unit_mode_chain_amplitude,stellarator-linear-scan:stella-geometry
0.2,174,0.1796875,0.2392437975674652,0.6818570173574817,0.213145343227345,-0.03379356872161376,unit_mode_chain_amplitude,stellarator-linear-scan:stella-geometry
0.2,175,0.18359375,-0.13776593912141136,0.40081143450386003,0.213145343227345,-0.03379356872161376,unit_mode_chain_amplitude,stellarator-linear-scan:stella-geometry
0.2,176,0.1875,-0.5180278349576842,0.09924475619577312,0.213145343227345,-0.03379356872161376,unit_mode_chain_amplitude,stellarator-linear-scan:stella-geometry
0.2,177,0.19140625,-0.43658900027892145,-0.30708495444093487,0.213145343227345,-0.03379356872161376,unit_mode_chain_amplitude,stellarator-linear-scan:stella-geometry
0.2,178,0.1953125,0.3383483928670464,-0.7359894582936031,0.213145343227345,-0.03379356872161376,unit_mode_chain_amplitude,stellarator-linear-scan:stella-geometry
0.2,179,0.19921875,0.9879168534601596,-0.9630564209605975,0.213145343227345,-0.03379356872161376,unit_mode_chain_amplitude,stellarator-linear-scan:stella-geometry
0.2,180,0.203125,0.9210523330238914,-1.2202920959481451,0.213145343227345,-0.03379356872161376,unit_mode_chain_amplitude,stellarator-linear-scan:stella-geometry
0.2,181,0.20703125,0.3685329335542557,-1.3271014330816167,0.213145343227345,-0.03379356872161376,unit_mode_chain_amplitude,stellarator-linear-scan:stella-geometry
0.2,182,0.2109375,-0.12025952567438444,-1.146935928948754,0.213145343227345,-0.03379356872161376,unit_mode_chain_amplitude,stellarator-linear-scan:stella-geometry
0.2,183,0.21484375,-0.23858914416116409,-0.962203327805773,0.213145343227345,-0.03379356872161376,unit_mode_chain_amplitude,stellarator-linear-scan:stella-geometry
0.2,184,0.21875,0.05198698410451533,-1.034647955092615,0.213145343227345,-0.03379356872161376,unit_mode_chain_amplitude,stellarator-linear-scan:stella-geometry
0.2,185,0.22265625,0.4700959040973297,-1.0477465350398512,0.213145343227345,-0.03379356872161376,unit_mode_chain_amplitude,stellarator-linear-scan:stella-geometry
0.2,186,0.2265625,0.49053804920201893,-0.7664137051810964,0.213145343227345,-0.03379356872161376,unit_mode_chain_amplitude,stellarator-linear-scan:stella-geometry
0.2,187,0.23046875,0.00303579475936205,-0.3340066793991066,0.213145343227345,-0.03379356872161376,unit_mode_chain_amplitude,stellarator-linear-scan:stella-geometry
0.2,188,0.234375,-0.5044594287142039,0.08643689317623192,0.213145343227345,-0.03379356872161376,unit_mode_chain_amplitude,stellarator-linear-scan:stella-geometry
0.2,189,0.23828125,-0.4955817111607092,0.3248141192605466,0.213145343227345,-0.03379356872161376,unit_mode_chain_amplitude,stellarator-linear-scan:stella-geometry
0.2,190,0.2421875,-0.21346012521941024,0.45091428315290355,0.213145343227345,-0.03379356872161376,unit_mode_chain_amplitude,stellarator-linear-scan:stella-geometry
0.2,191,0.24609375,0.06794366994695092,0.6706160908786084,0.213145343227345,-0.03379356872161376,unit_mode_chain_amplitude,stellarator-linear-scan:stella-geometry
0.2,192,0.25,0.19025975289844682,1.0955923396004068,0.213145343227345,-0.03379356872161376,unit_mode_chain_amplitude,stellarator-linear-scan:stella-geometry
0.2,193,0.25390625,0.029128779924275813,1.5005698830330274,0.213145343227345,-0.03379356872161376,unit_mode_chain_amplitude,stellarator-linear-scan:stella-geometry
0.2,194,0.2578125,-0.3086711447335724,1.4875266294611122,0.213145343227345,-0.03379356872161376,unit_mode_chain_amplitude,stellarator-linear-scan:stella-geometry
0.2,195,0.26171875,-0.4816046444639979,1.2729738432080504,0.213145343227345,-0.03379356872161376,unit_mode_chain_amplitude,stellarator-linear-scan:stella-geometry
0.2,196,0.265625,-0.28188550820434405,0.9509639493150572,0.213145343227345,-0.03379356872161376,unit_mode_chain_amplitude,stellarator-linear-scan:stella-geometry
0.2,197,0.26953125,0.11366235707868406,0.694956802222018,0.213145343227345,-0.03379356872161376,unit_mode_chain_amplitude,stellarator-linear-scan:stella-geometry
0.2,198,0.2734375,0.33841756093823105,0.45474479454256567,0.213145343227345,-0.03379356872161376,unit_mode_chain_amplitude,stellarator-linear-scan:stella-geometry
0.2,199,0.27734375,0.3262499558297654,0.18678328867714072,0.213145343227345,-0.03379356872161376,unit_mode_chain_amplitude,stellarator-linear-scan:stella-geometry
0.2,200,0.28125,0.04519579031267781,-0.2515923185784359,0.213145343227345,-0.03379356872161376,unit_mode_chain_amplitude,stellarator-linear-scan:stella-geometry
0.2,201,0.28515625,-0.3229206985996735,-0.6878113706762439,0.213145343227345,-0.03379356872161376,unit_mode_chain_amplitude,stellarator-linear-scan:stella-geometry
0.2,202,0.2890625,-0.4599084681548291,-1.101009444741009,0.213145343227345,-0.03379356872161376,unit_mode_chain_amplitude,stellarator-linear-scan:stella-geometry
0.2,203,0.29296875,-0.2905921344692364,-1.1914799579776003,0.213145343227345,-0.03379356872161376,unit_mode_chain_amplitude,stellarator-linear-scan:stella-geometry
0.2,204,0.296875,-0.026109535250994634,-1.0238550122140546,0.213145343227345,-0.03379356872161376,unit_mode_chain_amplitude,stellarator-linear-scan:stella-geometry
0.2,205,0.30078125,0.14480702896611014,-0.8595873366319581,0.213145343227345,-0.03379356872161376,unit_mode_chain_amplitude,stellarator-linear-scan:stella-geometry
0.2,206,0.3046875,0.20311203084018942,-0.8094486499312403,0.213145343227345,-0.03379356872161376,unit_mode_chain_amplitude,stellarator-linear-scan:stella-geometry
0.2,207,0.30859375,0.09733902609803889,-0.8150240590416988,0.213145343227345,-0.03379356872161376,unit_mode_chain_amplitude,stellarator-linear-scan:stella-geometry
0.2,208,0.3125,-0.1436326620577268,-0.7225812839361188,0.213145343227345,-0.03379356872161376,unit_mode_chain_amplitude,stellarator-linear-scan:stella-geometry
0.2,209,0.31640625,-0.2712623393087504,-0.4704808660765874,0.213145343227345,-0.03379356872161376,unit_mode_chain_amplitude,stellarator-linear-scan:stella-geometry
0.2,210,0.3203125,-0.07904671048492172,-0.19386556050628515,0.213145343227345,-0.03379356872161376,unit_mode_chain_amplitude,stellarator-linear-scan:stella-geometry
0.2,211,0.32421875,0.24264783973621357,0.05135715615743405,0.213145343227345,-0.03379356872161376,unit_mode_chain_amplitude,stellarator-linear-scan:stella-geometry
0.2,212,0.328125,0.39262586869823696,0.2762094912313394,0.213145343227345,-0.03379356872161376,unit_mode_chain_amplitude,stellarator-linear-scan:stella-geometry
0.2,213,0.33203125,0.23068386952342415,0.5747834418532927,0.213145343227345,-0.03379356872161376,unit_mode_chain_amplitude,stellarator-linear-scan:stella-geometry
0.2,214,0.3359375,-0.20336661406437243,0.7509159598699955,0.213145343227345,-0.03379356872161376,unit_mode_chain_amplitude,stellarator-linear-scan:stella-geometry
0.2,215,0.33984375,-0.6410192148619425,0.8519921204756004,0.213145343227345,-0.03379356872161376,unit_mode_chain_amplitude,stellarator-linear-scan:stella-geometry
0.2,216,0.34375,-0.7411294545495681,0.9141537331197727,0.213145343227345,-0.03379356872161376,unit_mode_chain_amplitude,stellarator-linear-scan:stella-geometry
0.2,217,0.34765625,-0.37936995228322073,0.9875216076505109,0.213145343227345,-0.03379356872161376,unit_mode_chain_amplitude,stellarator-linear-scan:stella-geometry
0.2,218,0.3515625,0.11304103682759412,0.8677300240264183,0.213145343227345,-0.03379356872161376,unit_mode_chain_amplitude,stellarator-linear-scan:stella-geometry
0.2,219,0.35546875,0.294207079897869,0.6743732549105296,0.213145343227345,-0.03379356872161376,unit_mode_chain_amplitude,stellarator-linear-scan:stella-geometry
0.2,220,0.359375,-0.0028782080440295965,0.518599905853157,0.213145343227345,-0.03379356872161376,unit_mode_chain_amplitude,stellarator-linear-scan:stella-geometry
0.2,221,0.36328125,-0.43837587828041125,0.3566953831871406,0.213145343227345,-0.03379356872161376,unit_mode_chain_amplitude,stellarator-linear-scan:stella-geometry
0.2,222,0.3671875,-0.46858928029260793,0.055454329194936765,0.213145343227345,-0.03379356872161376,unit_mode_chain_amplitude,stellarator-linear-scan:stella-geometry
0.2,223,0.37109375,0.16102854146213255,-0.24338316891879724,0.213145343227345,-0.03379356872161376,unit_mode_chain_amplitude,stellarator-linear-scan:stella-geometry
0.2,224,0.375,0.7361205060952909,-0.4221169639758131,0.213145343227345,-0.03379356872161376,unit_mode_chain_amplitude,stellarator-linear-scan:stella-geometry
0.2,225,0.37890625,0.6472414235464143,-0.6142857793461626,0.213145343227345,-0.03379356872161376,unit_mode_chain_amplitude,stellarator-linear-scan:stella-geometry
0.2,226,0.3828125,0.2893802443495395,-0.6887825897555812,0.213145343227345,-0.03379356872161376,unit_mode_chain_amplitude,stellarator-linear-scan:stella-geometry
0.2,227,0.38671875,-0.0411986011595159,-0.6579512469110624,0.213145343227345,-0.03379356872161376,unit_mode_chain_amplitude,stellarator-linear-scan:stella-geometry
0.2,228,0.390625,-0.1929524903898789,-0.7988370066076764,0.213145343227345,-0.03379356872161376,unit_mode_chain_amplitude,stellarator-linear-scan:stella-geometry
0.2,229,0.39453125,-0.060242436916870395,-0.9955657359888277,0.213145343227345,-0.03379356872161376,unit_mode_chain_amplitude,stellarator-linear-scan:stella-geometry
0.2,230,0.3984375,0.2707942894792425,-0.9139326116720661,0.213145343227345,-0.03379356872161376,unit_mode_chain_amplitude,stellarator-linear-scan:stella-geometry
0.2,231,0.40234375,0.4171812847662568,-0.6383426560417126,0.213145343227345,-0.03379356872161376,unit_mode_chain_amplitude,stellarator-linear-scan:stella-geometry
0.2,232,0.40625,0.2093305837381003,-0.4514029032777035,0.213145343227345,-0.03379356872161376,unit_mode_chain_amplitude,stellarator-linear-scan:stella-geometry
0.2,233,0.41015625,-0.23426251583994007,-0.2991261929746541,0.213145343227345,-0.03379356872161376,unit_mode_chain_amplitude,stellarator-linear-scan:stella-geometry
0.2,234,0.4140625,-0.39518811763409484,-0.16801940383818442,0.213145343227345,-0.03379356872161376,unit_mode_chain_amplitude,stellarator-linear-scan:stella-geometry
0.2,235,0.41796875,-0.28055764797664307,0.10193578322464775,0.213145343227345,-0.03379356872161376,unit_mode_chain_amplitude,stellarator-linear-scan:stella-geometry
0.2,236,0.421875,-0.011523984725052417,0.4307361407794165,0.213145343227345,-0.03379356872161376,unit_mode_chain_amplitude,stellarator-linear-scan:stella-geometry
0.2,237,0.42578125,0.2967615895014631,0.8090958885834346,0.213145343227345,-0.03379356872161376,unit_mode_chain_amplitude,stellarator-linear-scan:stella-geometry
0.2,238,0.4296875,0.432385877253272,1.0663171654516772,0.213145343227345,-0.03379356872161376,unit_mode_chain_amplitude,stellarator-linear-scan:stella-geometry
0.2,239,0.43359375,0.1921613723587674,1.1722348207426347,0.213145343227345,-0.03379356872161376,unit_mode_chain_amplitude,stellarator-linear-scan:stella-geometry
0.2,240,0.4375,-0.12287954413095759,0.9035211037533661,0.213145343227345,-0.03379356872161376,unit_mode_chain_amplitude,stellarator-linear-scan:stella-geometry
0.2,241,0.44140625,-0.28222253900165395,0.6565584217533966,0.213145343227345,-0.03379356872161376,unit_mode_chain_amplitude,stellarator-linear-scan:stella-geometry
0.2,242,0.4453125,-0.12373561399488532,0.5506607974107893,0.213145343227345,-0.03379356872161376,unit_mode_chain_amplitude,stellarator-linear-scan:stella-geometry
0.2,243,0.44921875,0.18678955272910447,0.5148313768811915,0.213145343227345,-0.03379356872161376,unit_mode_chain_amplitude,stellarator-linear-scan:stella-geometry
0.2,244,0.453125,0.397059663331111,0.31109429541576167,0.213145343227345,-0.03379356872161376,unit_mode_chain_amplitude,stellarator-linear-scan:stella-geometry
0.2,245,0.45703125,0.2600255706516685,0.06695462244864887,0.213145343227345,-0.03379356872161376,unit_mode_chain_amplitude,stellarator-linear-scan:stella-geometry
0.2,246,0.4609375,-0.16399474276721301,-0.1582780394534518,0.213145343227345,-0.03379356872161376,unit_mode_chain_amplitude,stellarator-linear-scan:stella-geometry
0.2,247,0.46484375,-0.4530067746402327,-0.2842467315877336,0.213145343227345,-0.03379356872161376,unit_mode_chain_amplitude,stellarator-linear-scan:stella-geometry
0.2,248,0.46875,-0.4340154481933827,-0.5409142300786425,0.213145343227345,-0.03379356872161376,unit_mode_chain_amplitude,stellarator-linear-scan:stella-geometry
0.2,249,0.47265625,-0.19135217714982197,-0.6798234545116226,0.213145343227345,-0.03379356872161376,unit_mode_chain_amplitude,stellarator-linear-scan:stella-geometry
0.2,250,0.4765625,0.11233118715429008,-0.6846522072208198,0.213145343227345,-0.03379356872161376,unit_mode_chain_amplitude,stellarator-linear-scan:stella-geometry
0.2,251,0.48046875,0.25791415964701014,-0.5510867584648655,0.213145343227345,-0.03379356872161376,unit_mode_chain_amplitude,stellarator-linear-scan:stella-geometry
0.2,252,0.484375,0.35829718163906626,-0.6006498852124011,0.213145343227345,-0.03379356872161376,unit_mode_chain_amplitude,stellarator-linear-scan:stella-geometry
0.2,253,0.48828125,0.09046073228887654,-0.46612274044087637,0.213145343227345,-0.03379356872161376,unit_mode_chain_amplitude,stellarator-linear-scan:stella-geometry
0.2,254,0.4921875,-0.25745456873182465,-0.3491373552138691,0.213145343227345,-0.03379356872161376,unit_mode_chain_amplitude,stellarator-linear-scan:stella-geometry
0.2,255,0.49609375,-0.39937827171678353,-0.2755752029962834,0.213145343227345,-0.03379356872161376,unit_mode_chain_amplitude,stellarator-linear-scan:stella-geometry
0.3,0,-0.5,-0.23471996187382932,-0.17254605287983996,0.21050665966678278,-0.0511576126543482,unit_mode_chain_amplitude,stellarator-linear-scan:stella-geometry
0.3,1,-0.49609375,0.10052157147776226,-0.07694299903018749,0.21050665966678278,-0.0511576126543482,unit_mode_chain_amplitude,stellarator-linear-scan:stella-geometry
0.3,2,-0.4921875,0.19891965934040162,-0.03156806109736487,0.21050665966678278,-0.0511576126543482,unit_mode_chain_amplitude,stellarator-linear-scan:stella-geometry
0.3,3,-0.48828125,0.16821125931172318,-0.07036992474643343,0.21050665966678278,-0.0511576126543482,unit_mode_chain_amplitude,stellarator-linear-scan:stella-geometry
0.3,4,-0.484375,-0.08362077535674695,-0.0695368382428493,0.21050665966678278,-0.0511576126543482,unit_mode_chain_amplitude,stellarator-linear-scan:stella-geometry
0.3,5,-0.48046875,-0.2939232787847371,-0.07091094273823248,0.21050665966678278,-0.0511576126543482,unit_mode_chain_amplitude,stellarator-linear-scan:stella-geometry
0.3,6,-0.4765625,-0.42906296048000114,0.33451652997945064,0.21050665966678278,-0.0511576126543482,unit_mode_chain_amplitude,stellarator-linear-scan:stella-geometry
0.3,7,-0.47265625,-0.03653032617470931,0.8666954998112268,0.21050665966678278,-0.0511576126543482,unit_mode_chain_amplitude,stellarator-linear-scan:stella-geometry
0.3,8,-0.46875,0.47136786768815625,0.8995844763290674,0.21050665966678278,-0.0511576126543482,unit_mode_chain_amplitude,stellarator-linear-scan:stella-geometry
0.3,9,-0.46484375,0.6573742915515861,0.7159425180097111,0.21050665966678278,-0.0511576126543482,unit_mode_chain_amplitude,stellarator-linear-scan:stella-geometry
0.3,10,-0.4609375,0.5278615481901046,0.7113711580801791,0.21050665966678278,-0.0511576126543482,unit_mode_chain_amplitude,stellarator-linear-scan:stella-geometry
0.3,11,-0.45703125,0.09616466758541016,0.6732074402853329,0.21050665966678278,-0.0511576126543482,unit_mode_chain_amplitude,stellarator-linear-scan:stella-geometry
0.3,12,-0.453125,-0.3041711033655745,0.47880718957751656,0.21050665966678278,-0.0511576126543482,unit_mode_chain_amplitude,stellarator-linear-scan:stella-geometry
0.3,13,-0.44921875,-0.3775147931434459,0.29876254474049907,0.21050665966678278,-0.0511576126543482,unit_mode_chain_amplitude,stellarator-linear-scan:stella-geometry
0.3,14,-0.4453125,-0.053076858373186896,0.18476632817868435,0.21050665966678278,-0.0511576126543482,unit_mode_chain_amplitude,stellarator-linear-scan:stella-geometry
0.3,15,-0.44140625,0.2772921048483855,0.08107984646354836,0.21050665966678278,-0.0511576126543482,unit_mode_chain_amplitude,stellarator-linear-scan:stella-geometry
0.3,16,-0.4375,0.31170250668127936,-0.193176176917475,0.21050665966678278,-0.0511576126543482,unit_mode_chain_amplitude,stellarator-linear-scan:stella-geometry
0.3,17,-0.43359375,0.10136019330090705,-0.6034175832408862,0.21050665966678278,-0.0511576126543482,unit_mode_chain_amplitude,stellarator-linear-scan:stella-geometry
0.3,18,-0.4296875,-0.23585166979817043,-0.8735065644142475,0.21050665966678278,-0.0511576126543482,unit_mode_chain_amplitude,stellarator-linear-scan:stella-geometry
0.3,19,-0.42578125,-0.39756944041249925,-0.923033528815942,0.21050665966678278,-0.0511576126543482,unit_mode_chain_amplitude,stellarator-linear-scan:stella-geometry
0.3,20,-0.421875,-0.27910168325111484,-0.8822393025445293,0.21050665966678278,-0.0511576126543482,unit_mode_chain_amplitude,stellarator-linear-scan:stella-geometry
0.3,21,-0.41796875,0.15825194483948532,-0.7008430326328314,0.21050665966678278,-0.0511576126543482,unit_mode_chain_amplitude,stellarator-linear-scan:stella-geometry
0.3,22,-0.4140625,0.6106095554475369,-0.42332746956433664,0.21050665966678278,-0.0511576126543482,unit_mode_chain_amplitude,stellarator-linear-scan:stella-geometry
0.3,23,-0.41015625,0.7107473490841558,-0.38450166210071424,0.21050665966678278,-0.0511576126543482,unit_mode_chain_amplitude,stellarator-linear-scan:stella-geometry
0.3,24,-0.40625,0.20461185426695636,-0.5573725545498299,0.21050665966678278,-0.0511576126543482,unit_mode_chain_amplitude,stellarator-linear-scan:stella-geometry
0.3,25,-0.40234375,-0.18314052016555837,-0.4613863718069727,0.21050665966678278,-0.0511576126543482,unit_mode_chain_amplitude,stellarator-linear-scan:stella-geometry
0.3,26,-0.3984375,-0.37340150555678475,-0.20883488540479142,0.21050665966678278,-0.0511576126543482,unit_mode_chain_amplitude,stellarator-linear-scan:stella-geometry
0.3,27,-0.39453125,-0.15439535982765337,0.16592781077828758,0.21050665966678278,-0.0511576126543482,unit_mode_chain_amplitude,stellarator-linear-scan:stella-geometry
0.3,28,-0.390625,0.2728953278743809,0.3996730717760552,0.21050665966678278,-0.0511576126543482,unit_mode_chain_amplitude,stellarator-linear-scan:stella-geometry
0.3,29,-0.38671875,0.21310099075748268,0.589815225403003,0.21050665966678278,-0.0511576126543482,unit_mode_chain_amplitude,stellarator-linear-scan:stella-geometry
0.3,30,-0.3828125,-0.18631422891938842,0.7986013020614343,0.21050665966678278,-0.0511576126543482,unit_mode_chain_amplitude,stellarator-linear-scan:stella-geometry
0.3,31,-0.37890625,-0.7832238291104419,0.8659850214027044,0.21050665966678278,-0.0511576126543482,unit_mode_chain_amplitude,stellarator-linear-scan:stella-geometry
0.3,32,-0.375,-1.2696075223504792,0.8905361020164019,0.21050665966678278,-0.0511576126543482,unit_mode_chain_amplitude,stellarator-linear-scan:stella-geometry
0.3,33,-0.37109375,-0.9093836303005458,1.2353451201898187,0.21050665966678278,-0.0511576126543482,unit_mode_chain_amplitude,stellarator-linear-scan:stella-geometry
0.3,34,-0.3671875,-0.018728506689733575,1.0964609558485443,0.21050665966678278,-0.0511576126543482,unit_mode_chain_amplitude,stellarator-linear-scan:stella-geometry
0.3,35,-0.36328125,0.2926906350854054,0.7329666848947235,0.21050665966678278,-0.0511576126543482,unit_mode_chain_amplitude,stellarator-linear-scan:stella-geometry
0.3,36,-0.359375,0.10962670569102367,0.4198830543575199,0.21050665966678278,-0.0511576126543482,unit_mode_chain_amplitude,stellarator-linear-scan:stella-geometry
0.3,37,-0.35546875,-0.29484423018237077,0.1162246458830107,0.21050665966678278,-0.0511576126543482,unit_mode_chain_amplitude,stellarator-linear-scan:stella-geometry
0.3,38,-0.3515625,-0.3430845050167993,-0.19746733922340923,0.21050665966678278,-0.0511576126543482,unit_mode_chain_amplitude,stellarator-linear-scan:stella-geometry
0.3,39,-0.34765625,-0.05509811352341784,-0.3895945827700301,0.21050665966678278,-0.0511576126543482,unit_mode_chain_amplitude,stellarator-linear-scan:stella-geometry
0.3,40,-0.34375,0.374716389108826,-0.3920536735836349,0.21050665966678278,-0.0511576126543482,unit_mode_chain_amplitude,stellarator-linear-scan:stella-geometry
0.3,41,-0.33984375,0.7301926127325109,-0.37251558427305803,0.21050665966678278,-0.0511576126543482,unit_mode_chain_amplitude,stellarator-linear-scan:stella-geometry
0.3,42,-0.3359375,0.8350683709433281,-0.6254704120296213,0.21050665966678278,-0.0511576126543482,unit_mode_chain_amplitude,stellarator-linear-scan:stella-geometry
0.3,43,-0.33203125,0.4130776965790715,-1.0555082013835588,0.21050665966678278,-0.0511576126543482,unit_mode_chain_amplitude,stellarator-linear-scan:stella-geometry
0.3,44,-0.328125,-0.15642951502246866,-1.001464564135889,0.21050665966678278,-0.0511576126543482,unit_mode_chain_amplitude,stellarator-linear-scan:stella-geometry
0.3,45,-0.32421875,-0.38995766496691897,-0.8252641887083325,0.21050665966678278,-0.0511576126543482,unit_mode_chain_amplitude,stellarator-linear-scan:stella-geometry
0.3,46,-0.3203125,-0.14510313757230534,-0.6757985617072091,0.21050665966678278,-0.0511576126543482,unit_mode_chain_amplitude,stellarator-linear-scan:stella-geometry
0.3,47,-0.31640625,0.21909722330693343,-0.4933621182808771,0.21050665966678278,-0.0511576126543482,unit_mode_chain_amplitude,stellarator-linear-scan:stella-geometry
0.3,48,-0.3125,0.34464261516457406,-0.26061126734432044,0.21050665966678278,-0.0511576126543482,unit_mode_chain_amplitude,stellarator-linear-scan:stella-geometry
0.3,49,-0.30859375,0.12183253338876486,-0.0820759953468197,0.21050665966678278,-0.0511576126543482,unit_mode_chain_amplitude,stellarator-linear-scan:stella-geometry
0.3,50,-0.3046875,-0.22443512752940536,0.049334709761601946,0.21050665966678278,-0.0511576126543482,unit_mode_chain_amplitude,stellarator-linear-scan:stella-geometry
0.3,51,-0.30078125,-0.3684468583023426,0.30067998548083724,0.21050665966678278,-0.0511576126543482,unit_mode_chain_amplitude,stellarator-linear-scan:stella-geometry
0.3,52,-0.296875,-0.14767655662827084,0.6923515420251771,0.21050665966678278,-0.0511576126543482,unit_mode_chain_amplitude,stellarator-linear-scan:stella-geometry
0.3,53,-0.29296875,0.2381452156340029,1.1795416887301666,0.21050665966678278,-0.0511576126543482,unit_mode_chain_amplitude,stellarator-linear-scan:stella-geometry
0.3,54,-0.2890625,0.5245910017198623,1.5240848599607886,0.21050665966678278,-0.0511576126543482,unit_mode_chain_amplitude,stellarator-linear-scan:stella-geometry
0.3,55,-0.28515625,0.5202317671388444,1.4913029758775145,0.21050665966678278,-0.0511576126543482,unit_mode_chain_amplitude,stellarator-linear-scan:stella-geometry
0.3,56,-0.28125,0.2588700094579554,1.2740166667384156,0.21050665966678278,-0.0511576126543482,unit_mode_chain_amplitude,stellarator-linear-scan:stella-geometry
0.3,57,-0.27734375,-0.20923533463599384,0.9840447272154247,0.21050665966678278,-0.0511576126543482,unit_mode_chain_amplitude,stellarator-linear-scan:stella-geometry
0.3,58,-0.2734375,-0.650720470978362,0.6105920599361137,0.21050665966678278,-0.0511576126543482,unit_mode_chain_amplitude,stellarator-linear-scan:stella-geometry
0.3,59,-0.26953125,-0.7514475747458256,0.35972107761692057,0.21050665966678278,-0.0511576126543482,unit_mode_chain_amplitude,stellarator-linear-scan:stella-geometry
0.3,60,-0.265625,-0.1406241925876984,0.32816372294014784,0.21050665966678278,-0.0511576126543482,unit_mode_chain_amplitude,stellarator-linear-scan:stella-geometry
0.3,61,-0.26171875,0.44286224719725875,0.2384416095784368,0.21050665966678278,-0.0511576126543482,unit_mode_chain_amplitude,stellarator-linear-scan:stella-geometry
0.3,62,-0.2578125,0.614514752792328,-0.17030902546792376,0.21050665966678278,-0.0511576126543482,unit_mode_chain_amplitude,stellarator-linear-scan:stella-geometry
0.3,63,-0.25390625,0.37124965043141445,-0.7211677636800217,0.21050665966678278,-0.0511576126543482,unit_mode_chain_amplitude,stellarator-linear-scan:stella-geometry
0.3,64,-0.25,-0.14097442943195548,-0.9581534719125836,0.21050665966678278,-0.0511576126543482,unit_mode_chain_amplitude,stellarator-linear-scan:stella-geometry
0.3,65,-0.24609375,-0.2719112860765712,-0.9625844816611799,0.21050665966678278,-0.0511576126543482,unit_mode_chain_amplitude,stellarator-linear-scan:stella-geometry
0.3,66,-0.2421875,0.11691942329816672,-1.0217400908924312,0.21050665966678278,-0.0511576126543482,unit_mode_chain_amplitude,stellarator-linear-scan:stella-geometry
0.3,67,-0.23828125,0.7256320465541849,-1.1068134059840775,0.21050665966678278,-0.0511576126543482,unit_mode_chain_amplitude,stellarator-linear-scan:stella-geometry
0.3,68,-0.234375,1.141360504948852,-1.2696624951389959,0.21050665966678278,-0.0511576126543482,unit_mode_chain_amplitude,stellarator-linear-scan:stella-geometry
0.3,69,-0.23046875,0.6662015632348178,-1.4383522681577245,0.21050665966678278,-0.0511576126543482,unit_mode_chain_amplitude,stellarator-linear-scan:stella-geometry
0.3,70,-0.2265625,-0.20522572184498375,-1.1928972333467427,0.21050665966678278,-0.0511576126543482,unit_mode_chain_amplitude,stellarator-linear-scan:stella-geometry
0.3,71,-0.22265625,-0.5816877910129857,-0.6758256592679072,0.21050665966678278,-0.0511576126543482,unit_mode_chain_amplitude,stellarator-linear-scan:stella-geometry
0.3,72,-0.21875,-0.23903230022041738,-0.16870638996159862,0.21050665966678278,-0.0511576126543482,unit_mode_chain_amplitude,stellarator-linear-scan:stella-geometry
0.3,73,-0.21484375,0.26485687912728667,0.23429206936141983,0.21050665966678278,-0.0511576126543482,unit_mode_chain_amplitude,stellarator-linear-scan:stella-geometry
0.3,74,-0.2109375,0.3579029182599562,0.6493581368844414,0.21050665966678278,-0.0511576126543482,unit_mode_chain_amplitude,stellarator-linear-scan:stella-geometry
0.3,75,-0.20703125,-0.08733702287754556,1.0568496510565035,0.21050665966678278,-0.0511576126543482,unit_mode_chain_amplitude,stellarator-linear-scan:stella-geometry
0.3,76,-0.203125,-0.7503628869565963,1.1447052187799605,0.21050665966678278,-0.0511576126543482,unit_mode_chain_amplitude,stellarator-linear-scan:stella-geometry
0.3,77,-0.19921875,-1.2393415272468489,1.2134663835064954,0.21050665966678278,-0.0511576126543482,unit_mode_chain_amplitude,stellarator-linear-scan:stella-geometry
0.3,78,-0.1953125,-1.1054547187497883,1.426044731915379,0.21050665966678278,-0.0511576126543482,unit_mode_chain_amplitude,stellarator-linear-scan:stella-geometry
0.3,79,-0.19140625,-0.34637648316981506,1.4897182146736812,0.21050665966678278,-0.0511576126543482,unit_mode_chain_amplitude,stellarator-linear-scan:stella-geometry
0.3,80,-0.1875,0.21845437453053898,1.2524732835446737,0.21050665966678278,-0.0511576126543482,unit_mode_chain_amplitude,stellarator-linear-scan:stella-geometry
0.3,81,-0.18359375,0.2865057324294454,0.9449323684839152,0.21050665966678278,-0.0511576126543482,unit_mode_chain_amplitude,stellarator-linear-scan:stella-geometry
0.3,82,-0.1796875,-0.11306820853467688,0.5894888821873419,0.21050665966678278,-0.0511576126543482,unit_mode_chain_amplitude,stellarator-linear-scan:stella-geometry
0.3,83,-0.17578125,-0.44369168055944347,0.20969878698500158,0.21050665966678278,-0.0511576126543482,unit_mode_chain_amplitude,stellarator-linear-scan:stella-geometry
0.3,84,-0.171875,-0.2835018629252232,-0.14176426883013518,0.21050665966678278,-0.0511576126543482,unit_mode_chain_amplitude,stellarator-linear-scan:stella-geometry
0.3,85,-0.16796875,0.16404401460138823,-0.3827452788547436,0.21050665966678278,-0.0511576126543482,unit_mode_chain_amplitude,stellarator-linear-scan:stella-geometry
0.3,86,-0.1640625,0.4430667468911665,-0.578161198303214,0.21050665966678278,-0.0511576126543482,unit_mode_chain_amplitude,stellarator-linear-scan:stella-geometry
0.3,87,-0.16015625,0.34298066070384403,-0.8723111283065385,0.21050665966678278,-0.0511576126543482,unit_mode_chain_amplitude,stellarator-linear-scan:stella-geometry
0.3,88,-0.15625,0.028437898965568028,-1.2345767960847305,0.21050665966678278,-0.0511576126543482,unit_mode_chain_amplitude,stellarator-linear-scan:stella-geometry
0.3,89,-0.15234375,-0.25606818154362415,-1.563084557462348,0.21050665966678278,-0.0511576126543482,unit_mode_chain_amplitude,stellarator-linear-scan:stella-geometry
0.3,90,-0.1484375,-0.41552052618112323,-1.8341399376034215,0.21050665966678278,-0.0511576126543482,unit_mode_chain_amplitude,stellarator-linear-scan:stella-geometry
0.3,91,-0.14453125,-0.4310619804859301,-1.7559518253652178,0.21050665966678278,-0.0511576126543482,unit_mode_chain_amplitude,stellarator-linear-scan:stella-geometry
0.3,92,-0.140625,-0.14155410306993899,-1.38740778700992,0.21050665966678278,-0.0511576126543482,unit_mode_chain_amplitude,stellarator-linear-scan:stella-geometry
0.3,93,-0.13671875,0.27974241864403254,-0.9077388939367659,0.21050665966678278,-0.0511576126543482,unit_mode_chain_amplitude,stellarator-linear-scan:stella-geometry
0.3,94,-0.1328125,0.5552296107691469,-0.5166007696258088,0.21050665966678278,-0.0511576126543482,unit_mode_chain_amplitude,stellarator-linear-scan:stella-geometry
0.3,95,-0.12890625,0.4651262472372216,-0.15120680762841693,0.21050665966678278,-0.0511576126543482,unit_mode_chain_amplitude,stellarator-linear-scan:stella-geometry
0.3,96,-0.125,0.022923408947112887,0.17381670016983242,0.21050665966678278,-0.0511576126543482,unit_mode_chain_amplitude,stellarator-linear-scan:stella-geometry
0.3,97,-0.12109375,-0.5027026522309883,0.570803951845717,0.21050665966678278,-0.0511576126543482,unit_mode_chain_amplitude,stellarator-linear-scan:stella-geometry
0.3,98,-0.1171875,-0.7419743432151831,1.0314124690981916,0.21050665966678278,-0.0511576126543482,unit_mode_chain_amplitude,stellarator-linear-scan:stella-geometry
0.3,99,-0.11328125,-0.5318868701707004,1.4754096717657388,0.21050665966678278,-0.0511576126543482,unit_mode_chain_amplitude,stellarator-linear-scan:stella-geometry
0.3,100,-0.109375,-0.021953577494436258,1.5806115781689067,0.21050665966678278,-0.0511576126543482,unit_mode_chain_amplitude,stellarator-linear-scan:stella-geometry
0.3,101,-0.10546875,0.3233534999407222,1.4240797090359372,0.21050665966678278,-0.0511576126543482,unit_mode_chain_amplitude,stellarator-linear-scan:stella-geometry
0.3,102,-0.1015625,0.020961010418893363,1.2026398658213846,0.21050665966678278,-0.0511576126543482,unit_mode_chain_amplitude,stellarator-linear-scan:stella-geometry
0.3,103,-0.09765625,-0.6964172206970451,1.0735848231346425,0.21050665966678278,-0.0511576126543482,unit_mode_chain_amplitude,stellarator-linear-scan:stella-geometry
0.3,104,-0.09375,-1.1391233250398896,0.9804954259095356,0.21050665966678278,-0.0511576126543482,unit_mode_chain_amplitude,stellarator-linear-scan:stella-geometry
0.3,105,-0.08984375,-0.5632530540275035,0.9984706417237971,0.21050665966678278,-0.0511576126543482,unit_mode_chain_amplitude,stellarator-linear-scan:stella-geometry
0.3,106,-0.0859375,0.43060297664248093,0.8125667587073888,0.21050665966678278,-0.0511576126543482,unit_mode_chain_amplitude,stellarator-linear-scan:stella-geometry
0.3,107,-0.08203125,0.833961660149386,0.23766398162921537,0.21050665966678278,-0.0511576126543482,unit_mode_chain_amplitude,stellarator-linear-scan:stella-geometry
0.3,108,-0.078125,0.5579491145617431,-0.3946615525459472,0.21050665966678278,-0.0511576126543482,unit_mode_chain_amplitude,stellarator-linear-scan:stella-geometry
0.3,109,-0.07421875,-0.027134181159689942,-0.7239513486166542,0.21050665966678278,-0.0511576126543482,unit_mode_chain_amplitude,stellarator-linear-scan:stella-geometry
0.3,110,-0.0703125,-0.2652919403207315,-1.0299632653103765,0.21050665966678278,-0.0511576126543482,unit_mode_chain_amplitude,stellarator-linear-scan:stella-geometry
0.3,111,-0.06640625,0.035108573744010614,-1.4740796301207848,0.21050665966678278,-0.0511576126543482,unit_mode_chain_amplitude,stellarator-linear-scan:stella-geometry
0.3,112,-0.0625,0.7059858042280266,-1.7786215017167215,0.21050665966678278,-0.0511576126543482,unit_mode_chain_amplitude,stellarator-linear-scan:stella-geometry
0.3,113,-0.05859375,1.2776785152877037,-1.743013641025979,0.21050665966678278,-0.0511576126543482,unit_mode_chain_amplitude,stellarator-linear-scan:stella-geometry
0.3,114,-0.0546875,1.17077003939377,-1.8444506102746108,0.21050665966678278,-0.0511576126543482,unit_mode_chain_amplitude,stellarator-linear-scan:stella-geometry
0.3,115,-0.05078125,0.2516511346876967,-1.7274412909908663,0.21050665966678278,-0.0511576126543482,unit_mode_chain_amplitude,stellarator-linear-scan:stella-geometry
0.3,116,-0.046875,-0.3986990695839628,-1.2632307480863532,0.21050665966678278,-0.0511576126543482,unit_mode_chain_amplitude,stellarator-linear-scan:stella-geometry
0.3,117,-0.04296875,-0.3647755036526711,-0.687940831222573,0.21050665966678278,-0.0511576126543482,unit_mode_chain_amplitude,stellarator-linear-scan:stella-geometry
0.3,118,-0.0390625,0.04609509826764741,-0.2185544551970966,0.21050665966678278,-0.0511576126543482,unit_mode_chain_amplitude,stellarator-linear-scan:stella-geometry
0.3,119,-0.03515625,0.36133220074232225,0.3283515719213519,0.21050665966678278,-0.0511576126543482,unit_mode_chain_amplitude,stellarator-linear-scan:stella-geometry
0.3,120,-0.03125,0.2502577466436737,0.8695715970289831,0.21050665966678278,-0.0511576126543482,unit_mode_chain_amplitude,stellarator-linear-scan:stella-geometry
0.3,121,-0.02734375,-0.1942751078169331,1.3111476802144337,0.21050665966678278,-0.0511576126543482,unit_mode_chain_amplitude,stellarator-linear-scan:stella-geometry
0.3,122,-0.0234375,-0.5143869355442495,1.415375697560869,0.21050665966678278,-0.0511576126543482,unit_mode_chain_amplitude,stellarator-linear-scan:stella-geometry
0.3,123,-0.01953125,-0.5314821651936441,1.3722638665355362,0.21050665966678278,-0.0511576126543482,unit_mode_chain_amplitude,stellarator-linear-scan:stella-geometry
0.3,124,-0.015625,-0.27912790549556715,1.5074597722447547,0.21050665966678278,-0.0511576126543482,unit_mode_chain_amplitude,stellarator-linear-scan:stella-geometry
0.3,125,-0.01171875,0.0531048672470412,1.6308295108760495,0.21050665966678278,-0.0511576126543482,unit_mode_chain_amplitude,stellarator-linear-scan:stella-geometry
0.3,126,-0.0078125,0.32366756186416495,1.5770934010543034,0.21050665966678278,-0.0511576126543482,unit_mode_chain_amplitude,stellarator-linear-scan:stella-geometry
0.3,127,-0.00390625,0.34332188769666216,1.3370513084395308,0.21050665966678278,-0.0511576126543482,unit_mode_chain_amplitude,stellarator-linear-scan:stella-geometry
0.3,128,0.0,0.07873529165542428,0.91038343843437,0.21050665966678278,-0.0511576126543482,unit_mode_chain_amplitude,stellarator-linear-scan:stella-geometry
0.3,129,0.00390625,-0.2799298765044028,0.3964799813533539,0.21050665966678278,-0.0511576126543482,unit_mode_chain_amplitude,stellarator-linear-scan:stella-geometry
0.3,130,0.0078125,-0.3804508360372584,-0.09984667751076037,0.21050665966678278,-0.0511576126543482,unit_mode_chain_amplitude,stellarator-linear-scan:stella-geometry
0.3,131,0.01171875,-0.2363379269990348,-0.4758922401099946,0.21050665966678278,-0.0511576126543482,unit_mode_chain_amplitude,stellarator-linear-scan:stella-geometry
0.3,132,0.015625,0.02471657506598147,-0.7905809129110867,0.21050665966678278,-0.0511576126543482,unit_mode_chain_amplitude,stellarator-linear-scan:stella-geometry
0.3,133,0.01953125,0.2557656027600867,-1.0407881454309933,0.21050665966678278,-0.0511576126543482,unit_mode_chain_amplitude,stellarator-linear-scan:stella-geometry
0.3,134,0.0234375,0.533678670710915,-1.4629631275308157,0.21050665966678278,-0.0511576126543482,unit_mode_chain_amplitude,stellarator-linear-scan:stella-geometry
0.3,135,0.02734375,0.6171384372016039,-1.7484469990964073,0.21050665966678278,-0.0511576126543482,unit_mode_chain_amplitude,stellarator-linear-scan:stella-geometry
0.3,136,0.03125,0.224323832811889,-1.7124675145103394,0.21050665966678278,-0.0511576126543482,unit_mode_chain_amplitude,stellarator-linear-scan:stella-geometry
0.3,137,0.03515625,-0.26953696965315516,-1.4111331541499386,0.21050665966678278,-0.0511576126543482,unit_mode_chain_amplitude,stellarator-linear-scan:stella-geometry
0.3,138,0.0390625,-0.22561983248483747,-1.1371604110286304,0.21050665966678278,-0.0511576126543482,unit_mode_chain_amplitude,stellarator-linear-scan:stella-geometry
0.3,139,0.04296875,0.41925059327640063,-0.7905265190205881,0.21050665966678278,-0.0511576126543482,unit_mode_chain_amplitude,stellarator-linear-scan:stella-geometry
0.3,140,0.046875,1.0232454083079263,-0.38917516481492065,0.21050665966678278,-0.0511576126543482,unit_mode_chain_amplitude,stellarator-linear-scan:stella-geometry
0.3,141,0.05078125,0.606334749961452,-0.037438025079754425,0.21050665966678278,-0.0511576126543482,unit_mode_chain_amplitude,stellarator-linear-scan:stella-geometry
0.3,142,0.0546875,-0.6209999618215443,0.06993061432936273,0.21050665966678278,-0.0511576126543482,unit_mode_chain_amplitude,stellarator-linear-scan:stella-geometry
0.3,143,0.05859375,-1.2185759301413854,0.36192383582334603,0.21050665966678278,-0.0511576126543482,unit_mode_chain_amplitude,stellarator-linear-scan:stella-geometry
0.3,144,0.0625,-0.9443711093988164,0.9416080784143783,0.21050665966678278,-0.0511576126543482,unit_mode_chain_amplitude,stellarator-linear-scan:stella-geometry
0.3,145,0.06640625,-0.30500821893968527,1.2082572702899532,0.21050665966678278,-0.0511576126543482,unit_mode_chain_amplitude,stellarator-linear-scan:stella-geometry
0.3,146,0.0703125,0.188129546406391,1.2334449852008078,0.21050665966678278,-0.0511576126543482,unit_mode_chain_amplitude,stellarator-linear-scan:stella-geometry
0.3,147,0.07421875,0.12029897019225352,1.4099320891414029,0.21050665966678278,-0.0511576126543482,unit_mode_chain_amplitude,stellarator-linear-scan:stella-geometry
0.3,148,0.078125,-0.40913256341283005,1.6192529647157283,0.21050665966678278,-0.0511576126543482,unit_mode_chain_amplitude,stellarator-linear-scan:stella-geometry
0.3,149,0.08203125,-0.9725899778990287,1.4956714820224912,0.21050665966678278,-0.0511576126543482,unit_mode_chain_amplitude,stellarator-linear-scan:stella-geometry
0.3,150,0.0859375,-0.9565706664390103,1.2838396580267721,0.21050665966678278,-0.0511576126543482,unit_mode_chain_amplitude,stellarator-linear-scan:stella-geometry
0.3,151,0.08984375,-0.1530537235732866,1.1073689045431843,0.21050665966678278,-0.0511576126543482,unit_mode_chain_amplitude,stellarator-linear-scan:stella-geometry
0.3,152,0.09375,0.619271210712587,0.7595877715891959,0.21050665966678278,-0.0511576126543482,unit_mode_chain_amplitude,stellarator-linear-scan:stella-geometry
0.3,153,0.09765625,0.6021612279247883,0.29821361645685673,0.21050665966678278,-0.0511576126543482,unit_mode_chain_amplitude,stellarator-linear-scan:stella-geometry
0.3,154,0.1015625,0.17276223801192522,-0.20382995848196395,0.21050665966678278,-0.0511576126543482,unit_mode_chain_amplitude,stellarator-linear-scan:stella-geometry
0.3,155,0.10546875,-0.24550067156700678,-0.7282062486374946,0.21050665966678278,-0.0511576126543482,unit_mode_chain_amplitude,stellarator-linear-scan:stella-geometry
0.3,156,0.109375,-0.24757297072797063,-1.3186144048909696,0.21050665966678278,-0.0511576126543482,unit_mode_chain_amplitude,stellarator-linear-scan:stella-geometry
0.3,157,0.11328125,0.07003726712139995,-1.6773284206336003,0.21050665966678278,-0.0511576126543482,unit_mode_chain_amplitude,stellarator-linear-scan:stella-geometry
0.3,158,0.1171875,0.4854803287577689,-1.741185008314376,0.21050665966678278,-0.0511576126543482,unit_mode_chain_amplitude,stellarator-linear-scan:stella-geometry
0.3,159,0.12109375,0.6023164289552396,-1.4973514657531328,0.21050665966678278,-0.0511576126543482,unit_mode_chain_amplitude,stellarator-linear-scan:stella-geometry
0.3,160,0.125,0.41986813682007595,-1.2867247612724044,0.21050665966678278,-0.0511576126543482,unit_mode_chain_amplitude,stellarator-linear-scan:stella-geometry
0.3,161,0.12890625,-0.05158462142490553,-1.1993572773646792,0.21050665966678278,-0.0511576126543482,unit_mode_chain_amplitude,stellarator-linear-scan:stella-geometry
0.3,162,0.1328125,-0.43740591281261443,-1.002586834182228,0.21050665966678278,-0.0511576126543482,unit_mode_chain_amplitude,stellarator-linear-scan:stella-geometry
0.3,163,0.13671875,-0.5010883030445976,-0.650326319638466,0.21050665966678278,-0.0511576126543482,unit_mode_chain_amplitude,stellarator-linear-scan:stella-geometry
0.3,164,0.140625,-0.10230219802129263,-0.155400671238233,0.21050665966678278,-0.0511576126543482,unit_mode_chain_amplitude,stellarator-linear-scan:stella-geometry
0.3,165,0.14453125,0.345658909018894,0.36049527787921437,0.21050665966678278,-0.0511576126543482,unit_mode_chain_amplitude,stellarator-linear-scan:stella-geometry
0.3,166,0.1484375,0.4699458355524217,0.7809012804205876,0.21050665966678278,-0.0511576126543482,unit_mode_chain_amplitude,stellarator-linear-scan:stella-geometry
0.3,167,0.15234375,0.3176752622172978,1.0242499204723003,0.21050665966678278,-0.0511576126543482,unit_mode_chain_amplitude,stellarator-linear-scan:stella-geometry
0.3,168,0.15625,0.12101848789200476,1.0735567080672115,0.21050665966678278,-0.0511576126543482,unit_mode_chain_amplitude,stellarator-linear-scan:stella-geometry
0.3,169,0.16015625,-0.10779561679817086,1.0572548022656643,0.21050665966678278,-0.0511576126543482,unit_mode_chain_amplitude,stellarator-linear-scan:stella-geometry
0.3,170,0.1640625,-0.30223376036588584,1.0752066515700853,0.21050665966678278,-0.0511576126543482,unit_mode_chain_amplitude,stellarator-linear-scan:stella-geometry
0.3,171,0.16796875,-0.4076526690055635,1.2128100860921793,0.21050665966678278,-0.0511576126543482,unit_mode_chain_amplitude,stellarator-linear-scan:stella-geometry
0.3,172,0.171875,-0.11699950968383259,1.1848555167828443,0.21050665966678278,-0.0511576126543482,unit_mode_chain_amplitude,stellarator-linear-scan:stella-geometry
0.3,173,0.17578125,0.2937496699454572,0.9007963625158824,0.21050665966678278,-0.0511576126543482,unit_mode_chain_amplitude,stellarator-linear-scan:stella-geometry
0.3,174,0.1796875,0.2972157485656099,0.5845909537112547,0.21050665966678278,-0.0511576126543482,unit_mode_chain_amplitude,stellarator-linear-scan:stella-geometry
0.3,175,0.18359375,-0.2425901384805368,0.29444511337534146,0.21050665966678278,-0.0511576126543482,unit_mode_chain_amplitude,stellarator-linear-scan:stella-geometry
0.3,176,0.1875,-0.7279777994657157,-0.09253537051545739,0.21050665966678278,-0.0511576126543482,unit_mode_chain_amplitude,stellarator-linear-scan:stella-geometry
0.3,177,0.19140625,-0.5709525922748657,-0.5567443492971952,0.21050665966678278,-0.0511576126543482,unit_mode_chain_amplitude,stellarator-linear-scan:stella-geometry
0.3,178,0.1953125,0.5319832044193579,-0.7422068542802911,0.21050665966678278,-0.0511576126543482,unit_mode_chain_amplitude,stellarator-linear-scan:stella-geometry
0.3,179,0.19921875,1.2393875150427214,-0.6113583374254624,0.21050665966678278,-0.0511576126543482,unit_mode_chain_amplitude,stellarator-linear-scan:stella-geometry
0.3,180,0.203125,1.1257651148495476,-0.9171027268928207,0.21050665966678278,-0.0511576126543482,unit_mode_chain_amplitude,stellarator-linear-scan:stella-geometry
0.3,181,0.20703125,0.5046952194642386,-1.2274047668248227,0.21050665966678278,-0.0511576126543482,unit_mode_chain_amplitude,stellarator-linear-scan:stella-geometry
0.3,182,0.2109375,-0.09642824503743731,-1.1605422233131535,0.21050665966678278,-0.0511576126543482,unit_mode_chain_amplitude,stellarator-linear-scan:stella-geometry
0.3,183,0.21484375,-0.2600327598734591,-1.0136809071765855,0.21050665966678278,-0.0511576126543482,unit_mode_chain_amplitude,stellarator-linear-scan:stella-geometry
0.3,184,0.21875,0.13189444796872393,-0.9980534767625346,0.21050665966678278,-0.0511576126543482,unit_mode_chain_amplitude,stellarator-linear-scan:stella-geometry
0.3,185,0.22265625,0.6704808024851763,-0.814302622347827,0.21050665966678278,-0.0511576126543482,unit_mode_chain_amplitude,stellarator-linear-scan:stella-geometry
0.3,186,0.2265625,0.6771711820048955,-0.46657989640844616,0.21050665966678278,-0.0511576126543482,unit_mode_chain_amplitude,stellarator-linear-scan:stella-geometry
0.3,187,0.23046875,-0.005358815643311625,-0.21725713293650936,0.21050665966678278,-0.0511576126543482,unit_mode_chain_amplitude,stellarator-linear-scan:stella-geometry
0.3,188,0.234375,-0.7069709781173523,-0.038207510212112196,0.21050665966678278,-0.0511576126543482,unit_mode_chain_amplitude,stellarator-linear-scan:stella-geometry
0.3,189,0.23828125,-0.6880093192924428,0.19654310623611373,0.21050665966678278,-0.0511576126543482,unit_mode_chain_amplitude,stellarator-linear-scan:stella-geometry
0.3,190,0.2421875,-0.34427726380324336,0.44831650471281675,0.21050665966678278,-0.0511576126543482,unit_mode_chain_amplitude,stellarator-linear-scan:stella-geometry
0.3,191,0.24609375,0.05331889121701654,0.7657491116556809,0.21050665966678278,-0.0511576126543482,unit_mode_chain_amplitude,stellarator-linear-scan:stella-geometry
0.3,192,0.25,0.23876437877600057,1.160789770932556,0.21050665966678278,-0.0511576126543482,unit_mode_chain_amplitude,stellarator-linear-scan:stella-geometry
0.3,193,0.25390625,-0.02015837785098846,1.387822360022297,0.21050665966678278,-0.0511576126543482,unit_mode_chain_amplitude,stellarator-linear-scan:stella-geometry
0.3,194,0.2578125,-0.4009968106183057,1.1347741572433947,0.21050665966678278,-0.0511576126543482,unit_mode_chain_amplitude,stellarator-linear-scan:stella-geometry
0.3,195,0.26171875,-0.5835617143192706,0.9106642729871709,0.21050665966678278,-0.0511576126543482,unit_mode_chain_amplitude,stellarator-linear-scan:stella-geometry
0.3,196,0.265625,-0.3542746960006477,0.7858686898893673,0.21050665966678278,-0.0511576126543482,unit_mode_chain_amplitude,stellarator-linear-scan:stella-geometry
0.3,197,0.26953125,0.18323567021569104,0.7502383638848916,0.21050665966678278,-0.0511576126543482,unit_mode_chain_amplitude,stellarator-linear-scan:stella-geometry
0.3,198,0.2734375,0.5135478082528258,0.5078905705620925,0.21050665966678278,-0.0511576126543482,unit_mode_chain_amplitude,stellarator-linear-scan:stella-geometry
0.3,199,0.27734375,0.49062427248112184,0.11634221752322493,0.21050665966678278,-0.0511576126543482,unit_mode_chain_amplitude,stellarator-linear-scan:stella-geometry
0.3,200,0.28125,0.04227505063104181,-0.39761189353440046,0.21050665966678278,-0.0511576126543482,unit_mode_chain_amplitude,stellarator-linear-scan:stella-geometry
0.3,201,0.28515625,-0.49517249074924474,-0.7689561312259731,0.21050665966678278,-0.0511576126543482,unit_mode_chain_amplitude,stellarator-linear-scan:stella-geometry
0.3,202,0.2890625,-0.655735048262356,-1.1252647628273884,0.21050665966678278,-0.0511576126543482,unit_mode_chain_amplitude,stellarator-linear-scan:stella-geometry
0.3,203,0.29296875,-0.4056351635345695,-1.1833329243620836,0.21050665966678278,-0.0511576126543482,unit_mode_chain_amplitude,stellarator-linear-scan:stella-geometry
0.3,204,0.296875,-0.04141468655519154,-0.9664317297715932,0.21050665966678278,-0.0511576126543482,unit_mode_chain_amplitude,stellarator-linear-scan:stella-geometry
0.3,205,0.30078125,0.17066567817036288,-0.7323827663494258,0.21050665966678278,-0.0511576126543482,unit_mode_chain_amplitude,stellarator-linear-scan:stella-geometry
0.3,206,0.3046875,0.23982212255103696,-0.652448129034958,0.21050665966678278,-0.0511576126543482,unit_mode_chain_amplitude,stellarator-linear-scan:stella-geometry
0.3,207,0.30859375,0.10908990432255804,-0.6426249639347581,0.21050665966678278,-0.0511576126543482,unit_mode_chain_amplitude,stellarator-linear-scan:stella-geometry
0.3,208,0.3125,-0.1702274998657306,-0.5453940777065275,0.21050665966678278,-0.0511576126543482,unit_mode_chain_amplitude,stellarator-linear-scan:stella-geometry
0.3,209,0.31640625,-0.3176573127446504,-0.3263451406462986,0.21050665966678278,-0.0511576126543482,unit_mode_chain_amplitude,stellarator-linear-scan:stella-geometry
0.3,210,0.3203125,-0.08212953811953554,-0.12126047243100703,0.21050665966678278,-0.0511576126543482,unit_mode_chain_amplitude,stellarator-linear-scan:stella-geometry
0.3,211,0.32421875,0.31535576846899305,0.08199475328363118,0.21050665966678278,-0.0511576126543482,unit_mode_chain_amplitude,stellarator-linear-scan:stella-geometry
0.3,212,0.328125,0.48993509309677,0.31394582134699267,0.21050665966678278,-0.0511576126543482,unit_mode_chain_amplitude,stellarator-linear-scan:stella-geometry
0.3,213,0.33203125,0.25388767185837624,0.6815402455813694,0.21050665966678278,-0.0511576126543482,unit_mode_chain_amplitude,stellarator-linear-scan:stella-geometry
0.3,214,0.3359375,-0.3216989379007633,0.720828522631704,0.21050665966678278,-0.0511576126543482,unit_mode_chain_amplitude,stellarator-linear-scan:stella-geometry
0.3,215,0.33984375,-0.7253129957782256,0.5524939543996144,0.21050665966678278,-0.0511576126543482,unit_mode_chain_amplitude,stellarator-linear-scan:stella-geometry
0.3,216,0.34375,-0.7482674005842055,0.5474949716346974,0.21050665966678278,-0.0511576126543482,unit_mode_chain_amplitude,stellarator-linear-scan:stella-geometry
0.3,217,0.34765625,-0.41524692751511366,0.7586423395046309,0.21050665966678278,-0.0511576126543482,unit_mode_chain_amplitude,stellarator-linear-scan:stella-geometry
0.3,218,0.3515625,0.09896119430115644,0.7669150479693695,0.21050665966678278,-0.0511576126543482,unit_mode_chain_amplitude,stellarator-linear-scan:stella-geometry
0.3,219,0.35546875,0.31262626598479143,0.6383160324838367,0.21050665966678278,-0.0511576126543482,unit_mode_chain_amplitude,stellarator-linear-scan:stella-geometry
0.3,220,0.359375,-0.049007837391770406,0.4424940754528353,0.21050665966678278,-0.0511576126543482,unit_mode_chain_amplitude,stellarator-linear-scan:stella-geometry
0.3,221,0.36328125,-0.5519638946651273,0.1810313168584225,0.21050665966678278,-0.0511576126543482,unit_mode_chain_amplitude,stellarator-linear-scan:stella-geometry
0.3,222,0.3671875,-0.5960770575547097,-0.17387586676381198,0.21050665966678278,-0.0511576126543482,unit_mode_chain_amplitude,stellarator-linear-scan:stella-geometry
0.3,223,0.37109375,0.250179884595999,-0.2810944798164682,0.21050665966678278,-0.0511576126543482,unit_mode_chain_amplitude,stellarator-linear-scan:stella-geometry
0.3,224,0.375,0.9670568313696798,-0.1439638483330476,0.21050665966678278,-0.0511576126543482,unit_mode_chain_amplitude,stellarator-linear-scan:stella-geometry
0.3,225,0.37890625,0.816947395281777,-0.4067102836204335,0.21050665966678278,-0.0511576126543482,unit_mode_chain_amplitude,stellarator-linear-scan:stella-geometry
0.3,226,0.3828125,0.42169083046098244,-0.6109591876431736,0.21050665966678278,-0.0511576126543482,unit_mode_chain_amplitude,stellarator-linear-scan:stella-geometry
0.3,227,0.38671875,0.01769344197710218,-0.672887777676689,0.21050665966678278,-0.0511576126543482,unit_mode_chain_amplitude,stellarator-linear-scan:stella-geometry
0.3,228,0.390625,-0.2158178199588398,-0.8207193053765196,0.21050665966678278,-0.0511576126543482,unit_mode_chain_amplitude,stellarator-linear-scan:stella-geometry
0.3,229,0.39453125,-0.04332510325158762,-0.8871049233570938,0.21050665966678278,-0.0511576126543482,unit_mode_chain_amplitude,stellarator-linear-scan:stella-geometry
0.3,230,0.3984375,0.2995454183596118,-0.611047417054721,0.21050665966678278,-0.0511576126543482,unit_mode_chain_amplitude,stellarator-linear-scan:stella-geometry
0.3,231,0.40234375,0.3997536460440162,-0.34118793513345064,0.21050665966678278,-0.0511576126543482,unit_mode_chain_amplitude,stellarator-linear-scan:stella-geometry
0.3,232,0.40625,0.25204003320960494,-0.29892687176689986,0.21050665966678278,-0.0511576126543482,unit_mode_chain_amplitude,stellarator-linear-scan:stella-geometry
0.3,233,0.41015625,-0.2674616450791963,-0.37248124128787446,0.21050665966678278,-0.0511576126543482,unit_mode_chain_amplitude,stellarator-linear-scan:stella-geometry
0.3,234,0.4140625,-0.49837341387162004,-0.2752232048702149,0.21050665966678278,-0.0511576126543482,unit_mode_chain_amplitude,stellarator-linear-scan:stella-geometry
0.3,235,0.41796875,-0.40480821327052274,0.12525574149057608,0.21050665966678278,-0.0511576126543482,unit_mode_chain_amplitude,stellarator-linear-scan:stella-geometry
0.3,236,0.421875,-0.016044835754621022,0.5068254125941443,0.21050665966678278,-0.0511576126543482,unit_mode_chain_amplitude,stellarator-linear-scan:stella-geometry
0.3,237,0.42578125,0.41766124059754345,0.8018677071091018,0.21050665966678278,-0.0511576126543482,unit_mode_chain_amplitude,stellarator-linear-scan:stella-geometry
0.3,238,0.4296875,0.5329103758649724,0.9444432783920512,0.21050665966678278,-0.0511576126543482,unit_mode_chain_amplitude,stellarator-linear-scan:stella-geometry
0.3,239,0.43359375,0.1883178361195019,0.9819409085002974,0.21050665966678278,-0.0511576126543482,unit_mode_chain_amplitude,stellarator-linear-scan:stella-geometry
0.3,240,0.4375,-0.1467840557911584,0.7103928731850312,0.21050665966678278,-0.0511576126543482,unit_mode_chain_amplitude,stellarator-linear-scan:stella-geometry
0.3,241,0.44140625,-0.3155138258198242,0.5023648598329087,0.21050665966678278,-0.0511576126543482,unit_mode_chain_amplitude,stellarator-linear-scan:stella-geometry
0.3,242,0.4453125,-0.12769547251479246,0.4540020727613113,0.21050665966678278,-0.0511576126543482,unit_mode_chain_amplitude,stellarator-linear-scan:stella-geometry
0.3,243,0.44921875,0.2470345607947308,0.43061412508267727,0.21050665966678278,-0.0511576126543482,unit_mode_chain_amplitude,stellarator-linear-scan:stella-geometry
0.3,244,0.453125,0.47187585108661756,0.18419400172776504,0.21050665966678278,-0.0511576126543482,unit_mode_chain_amplitude,stellarator-linear-scan:stella-geometry
0.3,245,0.45703125,0.28895002138638615,-0.04969821213655464,0.21050665966678278,-0.0511576126543482,unit_mode_chain_amplitude,stellarator-linear-scan:stella-geometry
0.3,246,0.4609375,-0.20673592838580035,-0.1320131323616429,0.21050665966678278,-0.0511576126543482,unit_mode_chain_amplitude,stellarator-linear-scan:stella-geometry
0.3,247,0.46484375,-0.5619364862770755,-0.15641830261744405,0.21050665966678278,-0.0511576126543482,unit_mode_chain_amplitude,stellarator-linear-scan:stella-geometry
0.3,248,0.46875,-0.5667948770041069,-0.49750626801373365,0.21050665966678278,-0.0511576126543482,unit_mode_chain_amplitude,stellarator-linear-scan:stella-geometry
0.3,249,0.47265625,-0.24307073048399966,-0.7196971058888341,0.21050665966678278,-0.0511576126543482,unit_mode_chain_amplitude,stellarator-linear-scan:stella-geometry
0.3,250,0.4765625,0.13527496176719067,-0.6121230430326169,0.21050665966678278,-0.0511576126543482,unit_mode_chain_amplitude,stellarator-linear-scan:stella-geometry
0.3,251,0.48046875,0.222355842851468,-0.3819481679430611,0.21050665966678278,-0.0511576126543482,unit_mode_chain_amplitude,stellarator-linear-scan:stella-geometry
0.3,252,0.484375,0.2842982694236215,-0.34205296648458006,0.21050665966678278,-0.0511576126543482,unit_mode_chain_amplitude,stellarator-linear-scan:stella-geometry
0.3,253,0.48828125,0.0663522372454121,-0.26278554612728383,0.21050665966678278,-0.0511576126543482,unit_mode_chain_amplitude,stellarator-linear-scan:stella-geometry
0.3,254,0.4921875,-0.2065018326619728,-0.22389787573661646,0.21050665966678278,-0.0511576126543482,unit_mode_chain_amplitude,stellarator-linear-scan:stella-geometry
0.3,255,0.49609375,-0.41442070949730886,-0.18524374653057116,0.21050665966678278,-0.0511576126543482,unit_mode_chain_amplitude,stellarator-linear-scan:stella-geometry
