sample_index,time,ky_index,ky,log_amplitude,raw_amplitude,window_growth
0,0.0,0,0.1,-3.987061296180907,0.018554159260244077,
0,0.0,1,0.2,-4.0752691192536545,0.01698764236011412,
0,0.0,2,0.3,-4.197897765530439,0.015027134197841869,
1,0.1,0,0.1,-4.009484573849063,0.018142744072021502,-0.22423277668155883
1,0.1,1,0.2,-4.097723477318425,0.01661044645021945,-0.22454358064770474
1,0.1,2,0.3,-4.220361150743989,0.014693337036958886,-0.2246338521355007
2,0.2,0,0.1,-4.032825633992031,0.9769292353229566,-0.23341060142968217
2,0.2,1,0.2,-4.1210066676723525,0.9769857716475686,-0.23283190353927452
2,0.2,2,0.3,-4.243519251594388,0.977107989956653,-0.2315810085039871
3,0.3,0,0.1,-4.05709988657244,0.9760179975948452,-0.24274252580409167
3,0.3,1,0.2,-4.145120440416956,0.9761746413715903,-0.2411377274460325
3,0.3,2,0.3,-4.2673530359762495,0.9764479971776149,-0.23833784381861461
4,0.4,0,0.1,-4.082324563086913,0.97509080741152,-0.25224676514472566
4,0.4,1,0.2,-4.17005895081653,0.9753698852889612,-0.24938510399574723
4,0.4,2,0.3,-4.291821960867778,0.9758280124085869,-0.244689248915284
5,0.5,0,0.1,-4.108516797627538,0.974147806752077,-0.2619223454062514
5,0.5,1,0.2,-4.19580565746614,0.9745819134661002,-0.2574670664960977
5,0.5,2,0.3,-4.316858837506556,0.9752739465401571,-0.2503687663877852
6,0.6,0,0.1,-4.1356913507159225,0.9731913531412173,-0.2717455308838446
6,0.6,1,0.2,-4.222330296473703,0.973824049481818,-0.2652463900756264
6,0.6,2,0.3,-4.34236553706842,0.9748158481047843,-0.25506699561863583
7,0.7000000000000001,0,0.1,-4.163858282694056,0.9722260576353351,-0.2816693197813344
7,0.7000000000000001,1,0.2,-4.249586012543208,0.9731123692351238,-0.27255716069505254
7,0.7000000000000001,2,0.3,-4.368209629378608,0.9744870077839711,-0.25844092310188116
8,0.8,0,0.1,-4.19302090498365,0.9712585033413512,-0.29162622289594436
8,0.8,1,0.2,-4.277506701809263,0.9724654906946336,-0.2792068926605485
8,0.8,2,0.3,-4.394222006647431,0.9743230300760536,-0.26012377268823
9,0.9,0,0.1,-4.223174272752646,0.9702967098947638,-0.3015336776899514
9,0.9,1,0.2,-4.306004604082341,0.9719043329338829,-0.2849790227307825
9,0.9,2,0.3,-4.420195586848112,0.9743608316863352,-0.2597358020068086
10,1.0,0,0.1,-4.2543043401352465,0.9693494841259482,-0.3113006738260094
10,1.0,1,0.2,-4.334968184333379,0.9714518438546292,-0.2896358025103752
10,1.0,2,0.3,-4.445885323423471,0.9746374370516506,-0.25689736575358785
11,1.1,0,0.1,-4.28638770922312,0.9684258419345136,-0.3208336908787321
11,1.1,1,0.2,-4.364260374081382,0.9711326679978745,-0.29292189748002934
11,1.1,2,0.3,-4.471009947669084,0.9751883723398602,-0.25124624245613325
12,1.2,0,0.1,-4.319391712358623,0.9675346864088259,-0.3300400313550349
12,1.2,1,0.2,-4.393717307410133,0.9709726933025302,-0.29456933328751805
12,1.2,2,0.3,-4.4952560803076125,0.9760454435500996,-0.24246132638528406
13,1.3,0,0.1,-4.353274425306304,0.9666848776086027,-0.3388271294768061
13,1.3,1,0.2,-4.423147779357492,0.9709983869212336,-0.2943047194735812
13,1.3,2,0.3,-4.518285476717828,0.9772337561866615,-0.23029396410215933
14,1.4000000000000001,0,0.1,-4.3879841611870605,0.9658857375448905,-0.3470973588075662
14,1.4000000000000001,1,0.2,-4.452333759698417,0.9712358169003308,-0.2918598034092576
14,1.4000000000000001,2,0.3,-4.5397461007353535,0.9787680166626548,-0.21460624017525
15,1.5,0,0.1,-4.423458066377727,0.9651479192523306,-0.35473905190667004
15,1.5,1,0.2,-4.481032382072507,0.9717092717750052,-0.2869862237408953
15,1.5,2,0.3,-4.559287349914694,0.9806484434108587,-0.1954124917934055
16,1.6,0,0.1,-4.459619625326214,0.9644844598001423,-0.3616155894848646
16,1.6,1,0.2,-4.5089798550284454,0.9724394448293122,-0.27947472955938557
16,1.6,2,0.3,-4.576579038593738,0.9828569545722182,-0.1729168867904372
17,1.7,0,0.1,-4.496375144745753,0.963911764252172,-0.36755519419538857
17,1.7,1,0.2,-4.5358976629656205,0.9734412473805293,-0.26917807937175053
17,1.7,2,0.3,-4.591332763428608,0.9853545780853493,-0.1475372483487016
18,1.8,0,0.1,-4.533609566338643,0.9634502553309857,-0.3723442159289011
18,1.8,1,0.2,-4.561501208108978,0.9747214460684089,-0.25603545143357365
18,1.8,2,0.3,-4.603323262277181,0.9880811007254927,-0.1199049884857305
19,1.9000000000000001,0,0.1,-4.571182177052466,0.9631244820256711,-0.3757261071382342
19,1.9000000000000001,1,0.2,-4.5855106873861695,0.9762764553189106,-0.24009479277191637
19,1.9000000000000001,2,0.3,-4.6124066832291835,0.9909577086892702,-0.09083420952002533
20,2.0,0,0.1,-4.608922881084152,0.9629626008419271,-0.37740704031685773
20,2.0,1,0.2,-4.607663545887133,0.9780907141433599,-0.22152858500963854
20,2.0,2,0.3,-4.618532655021825,0.9938927537157364,-0.06125971792641857
21,2.1,0,0.1,-4.646629630796057,0.9629952981371169,-0.37706749711904985
21,2.1,1,0.2,-4.627727399116899,0.9801360864538603,-0.20063853229765433
21,2.1,2,0.3,-4.621747864981672,0.9967899532925668,-0.03215209959846807
22,2.2,0,0.1,-4.684067390582171,0.9632543690130662,-0.3743775978611371
22,2.2,1,0.2,-4.64551200150343,0.9823726102865845,-0.1778460238653155
22,2.2,2,0.3,-4.622190369242733,0.9995575936295101,-0.004425042610609604
23,2.3000000000000003,0,0.1,-4.720968685616444,0.9637712596635092,-0.3690129503427283
23,2.3000000000000003,1,0.2,-4.660878782741938,0.9847506852804899,-0.15366781238507862
23,2.3000000000000003,2,0.3,-4.620075647009591,1.0021169598352282,0.021147222331423503
24,2.4,0,0.1,-4.7570354687559,0.9645758739269725,-0.36066783139456454
24,2.4,1,0.2,-4.673746738656407,0.9872144822478401,-0.12867955914468476
24,2.4,2,0.3,-4.615676906879922,1.004408428787787,0.04398740129668804
25,2.5,0,0.1,-4.7919418492365216,0.9656958200042576,-0.34906380480621524
25,2.5,1,0.2,-4.684094009363501,0.9897060781349257,-0.10347270707094393
25,2.5,2,0.3,-4.609302923506589,1.006394340434227,0.06373983373332942
26,2.6,0,0.1,-4.825337275036775,0.9671560455127819,-0.33395425800253314
26,2.6,1,0.2,-4.691955163327387,0.9921696640988821,-0.07861153963886196
26,2.6,2,0.3,-4.601276591186482,1.0080586296773102,0.08026332320106626
27,2.7,0,0.1,-4.856850087960308,0.9689785409262497,-0.3151281292353311
27,2.7,1,0.2,-4.697414838322154,0.9945552019440271,-0.05459674994766845
27,2.7,2,0.3,-4.591916602019837,1.0094039308561553,0.09359989166645369
28,2.8000000000000003,0,0.1,-4.886091905162144,0.9711815876551217,-0.292418172018358
28,2.8000000000000003,1,0.2,-4.7005988020073435,0.9968210997518263,-0.03183963685189359
28,2.8000000000000003,2,0.3,-4.581523545406394,1.0104472520155672,0.10393056613443354
29,2.9,0,0.1,-4.912663826128719,0.9737780062615398,-0.26571920966575663
29,2.9,1,0.2,-4.701663609804085,0.9989357589099175,-0.010648077967418994
29,2.9,2,0.3,-4.570370646039033,1.0112153248085451,0.11152899367360232
30,3.0,0,0.1,-4.936165739340529,0.9767721058951281,-0.235019132118097
30,3.0,1,0.2,-4.700785891935494,1.0008781031756413,0.008777178685912539
30,3.0,2,0.3,-4.558698557764597,1.0117404729015866,0.11672088274436544
31,3.1,0,0.1,-4.956209745013453,0.9801555399536003,-0.20044005672923842
31,3.1,1,0.2,-4.69815201159138,1.0026373520543022,0.026338803441143786
31,3.1,2,0.3,-4.546713206698738,1.0120574631943624,0.11985351065859173
32,3.2,0,0.1,-4.972437811183515,0.9839028994988875,-0.16228066170062214
32,3.2,1,0.2,-4.693948539068383,1.004212319505295,0.04203472522997128
32,3.2,2,0.3,-4.534585599807623,1.0122014445048426,0.12127606891114684
33,3.3000000000000003,0,0.1,-4.984542401894311,0.9879683751433423,-0.12104590710795715
33,3.3000000000000003,1,0.2,-4.688353782260037,1.005610436688284,0.05594756808345198
33,3.3000000000000003,2,0.3,-4.522452685063684,1.0122068171353968,0.12132914743938616
34,3.4,0,0.1,-4.992287407466874,0.9922849097019537,-0.07745005572562774
34,3.4,1,0.2,-4.6815305354353285,1.0068465782084008,0.06823246824708941
34,3.4,2,0.3,-4.510418646475885,1.012106738963855,0.12034038587799543
35,3.5,0,0.1,-4.995525864737232,0.9967667808763576,-0.032384572703580944
35,3.5,1,0.2,-4.673620226783396,1.007941677802084,0.07910308651932312
35,3.5,2,0.3,-4.498556336013409,1.011932946693883,0.11862310462475978
36,3.6,0,0.1,-4.994211148584813,1.001315580770567,0.013147161524189587
36,3.6,1,0.2,-4.664738696093007,1.0089210885086883,0.08881530690389097
36,3.6,2,0.3,-4.486908809572408,1.011715623005792,0.11647526441000967
37,3.7,0,0.1,-4.988399604992652,1.0058284633724237,0.05811543592161068
37,3.7,1,0.2,-4.654973850201337,1.0098126775621714,0.0976484589167014
37,3.7,2,0.3,-4.475491105017414,1.0114831353296114,0.11417704554993681
38,3.8000000000000003,0,0.1,-4.9782445360749135,1.0102068066150867,0.10155068917738311
38,3.8000000000000003,1,0.2,-4.64438538184286,1.0106447245699475,0.105884683584767
38,3.8000000000000003,2,0.3,-4.464292466717217,1.0112615777761422,0.11198638300196952
39,3.9,0,0.1,-4.963983286343177,1.0143634264986887,0.14261249731736086
39,3.9,1,0.2,-4.633006588688506,1.0114437778698242,0.11378793154354346
39,3.9,2,0.3,-4.453279195233611,1.0110741408095636,0.11013271483606463
40,4.0,0,0.1,-4.945920246210833,1.0182271635417353,0.1806304013234426
40,4.0,1,0.2,-4.620848118533134,1.0122326848275924,0.12158470155371848
40,4.0,2,0.3,-4.442398209096521,1.010940399362704,0.10880986137089534
41,4.1,0,0.1,-4.9244086288230955,1.0217446602723201,0.21511617387737736
41,4.1,1,0.2,-4.607903241237215,1.0130290249215637,0.12944877295918691
41,4.1,2,0.3,-4.431581280073392,1.0108756435123933,0.10816929023129734
42,4.2,0,0.1,-4.899833120336737,1.0248799753212146,0.24575508486358236
42,4.2,1,0.2,-4.594154063162866,1.0138441327068533,0.1374917807434965
42,4.2,2,0.3,-4.420749775977144,1.0108903772061837,0.10831504096247832
43,4.3,0,0.1,-4.872594462591901,1.0276130213069028,0.2723865774483612
43,4.3,1,0.2,-4.579578002427866,1.0146828095366691,0.14576060735000115
43,4.3,2,0.3,-4.409819643144639,1.0109900849635265,0.1093013283250514
44,4.4,0,0.1,-4.843096184430369,1.0299376620840788,0.2949827816153212
44,4.4,1,0.2,-4.564153859203173,1.0155437092654218,0.15424143224692793
44,4.4,2,0.3,-4.398706303732392,1.0111753219669455,0.11113339412246621
45,4.5,0,0.1,-4.811733295791061,1.0318598861829258,0.31362888639307696
45,4.5,1,0.2,-4.547866941625665,1.0164202724156666,0.1628691757750739
45,4.5,2,0.3,-4.387329140505421,1.0114421292912572,0.11377163226971061
46,4.6000000000000005,0,0.1,-4.778882763162533,1.0333960687033628,0.32850532628528484
46,4.6000000000000005,1,0.2,-4.530712913332764,1.0173020035492313,0.17154028292900933
46,4.6000000000000005,2,0.3,-4.375615292620098,1.0117827236722348,0.11713847885323085
47,4.7,0,0.1,-4.744895792600309,1.034571126760179,0.33986970562224117
47,4.7,1,0.2,-4.512700262297713,1.0181758572867745,0.18012651035051405
47,4.7,2,0.3,-4.363502578628782,1.0121863700024054,0.12112713991316014
48,4.8,0,0.1,-4.710092133175646,1.0354163945902346,0.3480365942466269
48,4.8,1,0.2,-4.493851497661652,1.0190275239647026,0.188487646360614
48,4.8,2,0.3,-4.350941478471095,1.0126403221338254,0.12561100157686456
49,4.9,0,0.1,-4.6747566409816645,1.0359672094164714,0.35335492193981277
49,4.9,1,0.2,-4.4742033193664845,1.0198424741841328,0.1964817829516708
49,4.9,2,0.3,-4.33789622190485,1.0131307171397155,0.13045256566245486
50,5.0,0,0.1,-4.639138190823807,1.0362603860650679,0.3561845015785727
50,5.0,1,0.2,-4.453806056666186,1.0206067084794954,0.20397262700298918
50,5.0,2,0.3,-4.324345125378693,1.0136433287798534,0.1355109652615654
51,5.1000000000000005,0,0.1,-4.603450757757268,1.0363318727863031,0.3568743306653913
51,5.1000000000000005,1,0.2,-4.432722644936307,1.0213072370881295,0.21083411729878487
51,5.1000000000000005,2,0.3,-4.310280377314985,1.0141641219758728,0.1406474806370809
52,5.2,0,0.1,-4.567876217434262,1.0362148850416315,0.3557454032300646
52,5.2,1,0.2,-4.41102733443911,1.0219323649655412,0.21695310497197162
52,5.2,2,0.3,-4.295707486394076,1.0146795931858983,0.14572890920908907
53,5.3,0,0.1,-4.532568223700612,1.0359387223049359,0.35307993733649695
53,5.3,1,0.2,-4.388804235950377,1.0224718709557994,0.22223098488733128
53,5.3,2,0.3,-4.280644581204503,1.0151769225039624,0.1506290518957348
54,5.4,0,0.1,-4.4976564644446215,1.0355283289777795,0.3491175925599047
54,5.4,1,0.2,-4.366145736935878,1.0229171526769074,0.22658499014498779
54,5.4,2,0.3,-4.2651216927341915,1.0156439943296847,0.15522888470311275
55,5.5,0,0.1,-4.463250676069667,1.0350045143254838,0.3440578837495435
55,5.5,1,0.2,-4.343150784784109,1.0232613742660621,0.22994952151768802
55,5.5,2,0.3,-4.249180078520932,1.0160693596652743,0.15941614213259625
56,5.6000000000000005,0,0.1,-4.429443979196794,1.03438463761631,0.3380669687287323
56,5.6000000000000005,1,0.2,-4.3199230311031105,1.0234996188095649,0.23227753680998706
56,5.6000000000000005,2,0.3,-4.232871574987527,1.0164422130556439,0.16308503533404653
57,5.7,0,0.1,-4.396315328429841,1.033683514864388,0.33128650766952933
57,5.7,1,0.2,-4.296568852043581,1.023629023316133,0.23354179059529384
57,5.7,2,0.3,-4.21625790677049,1.0167524426551728,0.16613668217036862
58,5.8,0,0.1,-4.363931089586158,1.0329143148673812,0.3238423884368314
58,5.8,1,0.2,-4.273195287976249,1.0236488665650672,0.23373564067331903
58,5.8,2,0.3,-4.199409848673225,1.0169907870700965,0.16848058097265256
59,5.9,0,0.1,-4.332345923332851,1.0320892710290221,0.31585166253306707
59,5.9,1,0.2,-4.249907967682523,1.0235605870308024,0.23287320293726363
59,5.9,2,0.3,-4.182406131666874,1.0171491030678907,0.17003717006350968
60,6.0,0,0.1,-4.3016032405506275,1.031220119051994,0.30742682782223807
60,6.0,1,0.2,-4.226809090014419,1.0233677227587943,0.23098877668103673
60,6.0,2,0.3,-4.16533200782886,1.0172207198346923,0.17074123838014604
61,6.1000000000000005,0,0.1,-4.27173550096357,1.030318254623717,0.29867739587057524
61,6.1000000000000005,1,0.2,-4.203995529598547,1.0230757799422558,0.22813560415872003
61,6.1000000000000005,2,0.3,-4.148277434031625,1.0172008333225282,0.17054573797234426
62,6.2,0,0.1,-4.242764570339339,1.0293946701797108,0.2897093062423128
62,6.2,1,0.2,-4.181557117858136,1.0226920464015785,0.22438411740410916
62,6.2,2,0.3,-4.1313348910356655,1.0170868818812684,0.16942542995959603
63,6.3,0,0.1,-4.214702261130083,1.0284597649397058,0.28062309209255887
63,6.3,1,0.2,-4.159575133700142,1.02222536805382,0.21981984157994539
63,6.3,2,0.3,-4.114596912627362,1.016878843202065,0.1673797840830377
64,6.4,0,0.1,-4.187551086546005,1.027523126403965,0.2715117458407764
64,6.4,1,0.2,-4.138121025760636,1.0216859019902687,0.21454107939505526
64,6.4,2,0.3,-4.098153448675839,1.0165794017790264,0.16443463951523096
65,6.5,0,0.1,-4.161305182627076,1.0265933607681441,0.2624590391892943
65,6.5,1,0.2,-4.117255383013892,1.0210848522647786,0.2086564274674448
65,6.5,2,0.3,-4.082089219135854,1.0161939529801538,0.1606422953998449
66,6.6000000000000005,0,0.1,-4.13595131064379,1.0256780150249327,0.25353871983285403
66,6.6000000000000005,1,0.2,-4.097027172084516,1.020434187690894,0.20228210929375548
66,6.6000000000000005,2,0.3,-4.066481229267962,1.0157304307309238,0.1560798986789172
67,6.7,0,0.1,-4.111469845741211,1.0247835964673697,0.24481464902579383
67,6.7,1,0.2,-4.077473264268026,1.0197463376774056,0.19553907816490648
67,6.7,2,0.3,-4.0513966094119365,1.015198966971568,0.1508461985602599
68,6.8,0,0.1,-4.087835680458817,1.0239156654660393,0.23634165282393566
68,6.8,1,0.2,-4.05861827843279,1.0190338635576135,0.18854985835235882
68,6.8,2,0.3,-4.036890918143449,1.0146114093609075,0.14505691268487605
69,6.9,0,0.1,-4.065019011161725,1.0230789605682784,0.22816669297092018
69,6.9,1,0.2,-4.04047476353195,1.018309108434201,0.18143514900839444
69,6.9,2,0.3,-4.023007009968715,1.01398073723079,0.1388390817473343
70,7.0,0,0.1,-4.04298601742171,1.0222775126725019,0.22032993740015072
70,7.0,1,0.2,-4.023043734022469,1.0175838364740741,0.17431029509481338
70,7.0,2,0.3,-4.009774522942414,1.0133204238288631,0.13232487026301468
71,7.1000000000000005,0,0.1,-4.02169947695828,1.0215147150054165,0.21286540463430256
71,7.1000000000000005,1,0.2,-4.006315552985094,1.0168688805116533,0.16728181037374856
71,7.1000000000000005,2,0.3,-3.997209992628148,1.0126437956546468,0.1256453031426601
72,7.2,0,0.1,-4.001119374410164,1.0207933331154444,0.2058010254811567
72,7.2,1,0.2,-3.9902711332642666,1.0161738225611077,0.16044419720827433
72,7.2,2,0.3,-3.9853175509365886,1.0119634379366833,0.11892441691559383
73,7.3,0,0.1,-3.9812035589758716,1.0201154584350147,0.1991581543429273
73,7.3,1,0.2,-3.974883400193479,1.015506733835815,0.15387733070787724
73,7.3,2,0.3,-3.974090125174371,1.0112906898494347,0.11227425762217398
74,7.4,0,0.1,-3.9619084868299512,1.019482425106748,0.19295072145920308
74,7.4,1,0.2,-3.9601189348737678,1.0148739984398807,0.1476446531971113
74,7.4,2,0.3,-3.9635110172037424,1.0106352645876233,0.10579107970628719
75,7.5,0,0.1,-3.9431900555552666,1.0188947193367934,0.1871843127468471
75,7.5,1,0.2,-3.945939698815649,1.014280238239033,0.14179236058118821
75,7.5,2,0.3,-3.9535557177024803,1.0100050183470421,0.09955299501262206
76,7.6000000000000005,0,0.1,-3.9250045072983335,1.0183519122831577,0.18185548256932985
76,7.6000000000000005,1,0.2,-3.932304732402661,1.0137283464962885,0.1363496641298793
76,7.6000000000000005,2,0.3,-3.9441937985539153,1.009405878989371,0.0936191914856494
77,7.7,0,0.1,-3.907309351965454,1.017852642140456,0.1769515533287975
77,7.7,1,0.2,-3.919171722983234,1.0132196261517423,0.13133009419426903
77,7.7,2,0.3,-3.935390729232077,1.0088419302847962,0.08803069321838418
78,7.8,0,0.1,-3.8900642464785427,1.0173946607805924,0.17245105486911222
78,7.8,1,0.2,-3.9064983535908144,1.0127540168699427,0.12673369392419742
78,7.8,2,0.3,-3.9271094814405485,1.0083156321736795,0.08281247791528419
79,7.9,0,0.1,-3.873231763129389,1.0169749478181025,0.1683248334915346
79,7.9,1,0.2,-3.8942433687148834,1.0123303848969814,0.12254984875930953
79,7.9,2,0.3,-3.9193118193192733,1.0078281430637424,0.07797662121275153
80,8.0,0,0.1,-3.856777988989469,1.0165898829582103,0.16453774139920055
80,8.0,1,0.2,-3.882367326066316,1.0119468428408307,0.11876042648567384
80,8.0,2,0.3,-3.911959217265627,1.0073796988019512,0.07352602053646544
81,8.1,0,0.1,-3.8406729166736504,1.0162354580095645,0.1610507231581876
81,8.1,1,0.2,-3.870833038699182,1.0116010637520405,0.11534287367134285
81,8.1,2,0.3,-3.9050133987027147,1.0069699967072512,0.06945818562912123
82,8.2,0,0.1,-3.8248906108266185,1.015907504208419,0.1578230584703194
82,8.2,1,0.2,-3.8596057454863772,1.0112905558034564,0.11227293212804619
82,8.2,2,0.3,-3.8984365401915246,1.006598533536933,0.06576858511190077
83,8.3,0,0.1,-3.8094091604125144,1.0156019088887367,0.15481450414103873
83,8.3,1,0.2,-3.8486530752904065,1.0110128702712904,0.10952670195970637
83,8.3,2,0.3,-3.892191228687401,1.006264854124083,0.06245311504123574
84,8.4,0,0.1,-3.7942104504007297,1.015314797787288,0.15198710011784797
84,8.4,1,0.2,-3.8379448875320348,1.0107657255928204,0.10708187758371716
84,8.4,2,0.3,-3.886240288722033,1.0059686819850417,0.05950939965368128
85,8.5,0,0.1,-3.7792798045745735,1.0150426647290558,0.14930645826156272
85,8.5,1,0.2,-3.8274530769208814,1.0105470426484595,0.10491810611153378
85,8.5,2,0.3,-3.8805466061273104,1.0057099224122934,0.05693682594722491
86,8.6,0,0.1,-3.7646055616596246,1.0147824381976653,0.1467424291494895
86,8.6,1,0.2,-3.8171514223275747,1.0103548993161673,0.10301654593306822
86,8.6,2,0.3,-3.8750730639922484,1.0054885493351677,0.054735421350620345
87,8.700000000000001,0,0.1,-3.750178648528961,1.0145314833117172,0.1442691313066315
87,8.700000000000001,1,0.2,-3.8070155405440667,1.0101874238274382,0.1013588178350785
87,8.700000000000001,2,0.3,-3.86978267684482,1.0053044059562524,0.0529038714742828
88,8.8,0,0.1,-3.735992206805022,1.0142875468298096,0.14186441723939286
88,8.8,1,0.2,-3.797022978224273,1.0100426546819705,0.09992562319793877
88,8.8,2,0.3,-3.864638965939826,1.0051569624969747,0.05143710904993899
89,8.9,0,0.1,-3.7220413139034743,1.0140486607283619,0.13950892901547768
89,8.9,1,0.2,-3.787153444247446,1.009918398451515,0.09869533976826918
89,8.9,2,0.3,-3.8596065698217403,1.0050450798910948,0.050323961180858315
90,9.0,0,0.1,-3.7083228188520536,1.0138130253813187,0.13718495051420693
90,9.0,1,0.2,-3.777389155392891,1.0098121150591879,0.09764288854555082
90,9.0,2,0.3,-3.854652038798942,1.0049668250068826,0.049545310227983204
91,9.1,0,0.1,-3.694835290490119,1.0135788953822449,0.13487528361934722
91,9.1,1,0.2,-3.76771524556184,1.0097208533504398,0.09673909831050799
91,9.1,2,0.3,-3.849744727623418,1.0049193717472669,0.04907311175524249
92,9.200000000000001,0,0.1,-3.681579054876064,1.0133444890436274,0.132562356140549
92,9.200000000000001,1,0.2,-3.7581201765490664,1.0096412492701972,0.09595069012773602
92,9.200000000000001,2,0.3,-3.844857683111471,1.0048990055908147,0.048870445119465894
93,9.3,0,0.1,-3.668556283672614,1.013107936784094,0.13022771203449904
93,9.3,1,0.2,-3.7485960881653955,1.0095695868425079,0.09524088383670948
93,9.3,2,0.3,-3.8399684246746535,1.0049012303641789,0.048892584368176624
94,9.4,0,0.1,-3.655771088688219,1.0128672750198664,0.12785194984394943
94,9.4,1,0.2,-3.739139036448731,1.0095019109307042,0.09457051716664588
94,9.4,2,0.3,-3.8350595338088502,1.0049209592098831,0.04908890865803279
95,9.5,0,0.1,-3.643229580620711,1.0126204825876661,0.12541508067508245
95,9.5,1,0.2,-3.729749087559311,1.0094341727711083,0.09389948889420052
95,9.5,2,0.3,-3.8301189981879733,1.0049527601906703,0.049405356208769464
96,9.6,0,0.1,-3.630939861264714,1.012365548277243,0.1228971935599703
96,9.6,1,0.2,-3.7204302569803653,1.0093623860709102,0.09318830578945592
96,9.6,2,0.3,-3.8251402898503195,1.0049911226999553,0.049787083376538095
97,9.700000000000001,0,0.1,-3.618911934961665,1.0121005526981743,0.12027926303048549
97,9.700000000000001,1,0.2,-3.7111903037576397,1.00928277337429,0.09239953222725507
97,9.700000000000001,2,0.3,-3.8201221877344262,1.0050307138771934,0.05018102115893192
98,9.8,0,0.1,-3.6071575426339146,1.0118237466702458,0.11754392327750593
98,9.8,1,0.2,-3.702040403617086,1.0091918884420599,0.09149900140553534
98,9.8,2,0.3,-3.815068377020271,1.005066602755963,0.05053810714155134
99,9.9,0,0.1,-3.595689935987454,1.0115336117129758,0.11467606646460778
99,9.9,1,0.2,-3.6929947308221327,1.0090867085317332,0.09045672794953528
99,9.9,2,0.3,-3.809986868940503,1.0050944408386442,0.05081508079768167
100,10.0,0,0.1,-3.5845236170957855,1.011228894928229,0.11166318891668454
100,10.0,1,0.2,-3.6840699769392384,1.0089646982415885,0.08924753882894297
100,10.0,2,0.3,-3.8048892858937453,1.005110597828463,0.05097583046757688
101,10.1,0,0.1,-3.573674068261275,1.010908618623033,0.10849548834510653
101,10.1,1,0.2,-3.6752848277887136,1.0088238518265622,0.08785149150524893
101,10.1,2,0.3,-3.799790051412473,1.0051122577041656,0.05099234481272159
102,10.200000000000001,0,0.1,-3.5631574897632325,1.0105720720732696,0.10516578498042178
102,10.200000000000001,1,0.2,-3.6666594115030624,1.0086627223717344,0.08625416285651044
102,10.200000000000001,2,0.3,-3.794705517590434,1.0050974819999807,0.050845338220390335
103,10.3,0,0.1,-3.5529905517828513,1.0102187968941132,0.10166937980381299
103,10.3,1,0.2,-3.6582147245013017,1.0084804439522534,0.0844468700176074
103,10.3,2,0.3,-3.78965305822445,1.0050652445619652,0.050524593659839925
104,10.4,0,0.1,-3.543190155436925,1.0098485774996984,0.09800396345926145
104,10.4,1,0.2,-3.649972040809105,1.0082767481392512,0.08242683692196746
104,10.4,2,0.3,-3.784650156539997,1.005015437092839,0.05002901684453072
105,10.5,0,0.1,-3.5337731902914027,1.0094614442716239,0.09416965145522516
105,10.5,1,0.2,-3.6419523140586874,1.0080519708977738,0.08019726750417651
105,10.5,2,0.3,-3.7797135217613334,1.0049488400361672,0.04936634778663702
106,10.6,0,0.1,-3.5247562744988103,1.0090576906401092,0.09016915792592371
106,10.6,1,0.2,-3.6341755892081364,1.007807042113966,0.07776724850550948
106,10.6,2,0.3,-3.774858276438197,1.0048670511256665,0.04855245323136543
107,10.700000000000001,0,0.1,-3.516155469313077,1.0086378983781648,0.08600805185733018
107,10.700000000000001,1,0.2,-3.626660449590393,1.0075434491517459,0.07515139617743198
107,10.700000000000001,2,0.3,-3.770097262482089,1.0047723655910001,0.0476101395610755
108,10.8,0,0.1,-3.5079859705384355,1.0082029601886817,0.0816949877464171
108,10.8,1,0.2,-3.619423530962261,1.0072631684080473,0.07236918628132054
108,10.8,2,0.3,-3.7654405144436858,1.0046676075396601,0.04656748038403452
109,10.9,0,0.1,-3.500261792208994,1.007754086751276,0.07724178329441528
109,10.9,1,0.2,-3.6124791350834133,1.0069685641081028,0.0694439587884779
109,10.9,2,0.3,-3.7608949411607004,1.004555920072644,0.04545573282985343
110,11.0,0,0.1,-3.492995468600253,1.0072927873974535,0.07266323608741158
110,11.0,1,0.2,-3.6058389698753537,1.006662259982299,0.0664016520805968
110,11.0,2,0.3,-3.756464241201462,1.0044405300229617,0.04430699959238298
111,11.1,0,0.1,-3.486197806210969,1.0068208189366574,0.06797662389284055
111,11.1,1,0.2,-3.5995120321493816,1.0063469950746862,0.0632693772597206
111,11.1,2,0.3,-3.7521490555733807,1.004324509448098,0.043151856280814346
112,11.200000000000001,0,0.1,-3.479877715790522,1.006340104332938,0.06320090420446699
112,11.200000000000001,1,0.2,-3.593504634640741,1.0060254781087052,0.06007397508640459
112,11.200000000000001,2,0.3,-3.747947336843469,1.0042105583262173,0.04201718729911648
113,11.3,0,0.1,-3.4740421459767252,1.005852629920326,0.05835569813796869
113,11.3,1,0.2,-3.5878205648879913,1.005700254728206,0.05684069752749841
113,11.3,2,0.3,-3.743854891790939,1.004100830540932,0.040924450525299395
114,11.4,0,0.1,-3.46869612667866,1.0053603347581057,0.053460192980652375
114,11.4,1,0.2,-3.5824613524222766,1.0053735987330472,0.0535921246571471
114,11.4,2,0.3,-3.7398660391485783,1.0039968187033548,0.03988852642360832
115,11.5,0,0.1,-3.463842915234092,1.0048650073501852,0.04853211444567868
115,11.5,1,0.2,-3.5774266147256464,1.0050474332858454,0.050347376966302274
115,11.5,2,0.3,-3.735974317462444,1.0038993042682174,0.03891721686134289
116,11.6,0,0.1,-3.4594842250752826,1.0043682030650085,0.04358690158809535
116,11.6,1,0.2,-3.5727144517356435,1.004723282689109,0.04712162990002894
116,11.6,2,0.3,-3.732173180956036,1.0038083699880247,0.038011365064081336
117,11.700000000000001,0,0.1,-3.4556205078718847,1.003871190981133,0.03863717203397899
117,11.700000000000001,1,0.2,-3.5683218618855834,1.0044022514141049,0.04392589850060018
117,11.700000000000001,2,0.3,-3.728456631673519,1.0037234642157113,0.03716549282517026
118,11.8,0,0.1,-3.452251257124631,1.0033749330524644,0.033692507472538165
118,11.8,1,0.2,-3.5642451572483176,1.0040850257012799,0.04076704637265852
118,11.8,2,0.3,-3.724819750709282,1.003643502440551,0.03636880964236879
119,11.9,0,0.1,-3.44937530348994,1.0028800931567516,0.02875953634690741
119,11.9,1,0.2,-3.560480358652597,1.003771894351857,0.03764798595720555
119,11.9,2,0.3,-3.7212591061799163,1.0035669911545542,0.035606445293656766
120,12.0,0,0.1,-3.4469910778703645,1.002387070145693,0.02384225619575639
120,12.0,1,0.2,-3.557023551965532,1.0034627883337806,0.03456806687065063
120,12.0,2,0.3,-3.7177730276708845,1.0034921619477781,0.03486078509031833
121,12.1,0,0.1,-3.4450968250308422,1.0018960480697934,0.018942528395222768
121,12.1,1,0.2,-3.5538711840905144,1.0031573418118136,0.03152367875017614
121,12.1,2,0.3,-3.714361744730977,1.0034171079873002,0.03411282939907346
122,12.200000000000001,0,0.1,-3.4436907560312906,1.0014070579780372,0.014060689995516263
122,12.200000000000001,1,0.2,-3.551020273511742,1.0028549782889775,0.028509105787723626
122,12.200000000000001,2,0.3,-3.71102739106149,1.0033399188103473,0.03334353669487153
123,12.3,0,0.1,-3.4427711310487363,1.000920047967261,0.009196249825542712
123,12.3,1,0.2,-3.548468508677525,1.0025550233571732,0.025517648342168277
123,12.3,2,0.3,-3.707773878379789,1.0032588110986833,0.03253512681701055
124,12.4,0,0.1,-3.442336265630961,1.0004349599854487,0.004348654177754889
124,12.4,1,0.2,-3.546214211652269,1.0022568398632068,0.022542970252561547
124,12.4,2,0.3,-3.7046066471895407,1.0031722521664193,0.0316723119024821
125,12.5,0,0.1,-3.442384454805623,0.9999518119864175,-0.00048189174662205576
125,12.5,1,0.2,-3.544256156648651,1.0019599732451199,0.01958055003618238
125,12.5,2,0.3,-3.7015323080060614,1.0030790698107956,0.03074339183479335
126,12.6,0,0.1,-3.4429138130608514,0.9994707818301332,-0.005293582552283757
126,12.6,1,0.2,-3.5425932533311637,1.0016642867079173,0.016629033174870914
126,12.6,2,0.3,-3.698558196608065,1.0029785384550658,0.029741113979962035
127,12.700000000000001,0,0.1,-3.44392203585681,0.9989922852898756,-0.010082227959586765
127,12.700000000000001,1,0.2,-3.541224130335653,1.001370060672282,0.013691229955105993
127,12.700000000000001,2,0.3,-3.695691879291449,1.0028704291317463,0.028663173166160887
128,12.8,0,0.1,-3.4454061004292442,0.998517036106833,-0.014840645724341125
128,12.8,1,0.2,-3.5401466798884393,1.0010780311054717,0.010774504472137496
128,12.8,2,0.3,-3.6929406558175684,1.002755011562345,0.027512234738806915
129,12.9,0,0.1,-3.4473619386019676,0.9980460732324193,-0.019558381727233856
129,12.9,1,0.2,-3.5393576429686586,1.0007893482913002,0.007890369197807195
129,12.9,2,0.3,-3.690311114828981,1.0026330012638065,0.026295409885874848
130,13.0,0,0.1,-3.449784128601775,0.9975807411353237,-0.024221899998075978
130,13.0,1,0.2,-3.5388523197802186,1.0005054508857107,0.005053231884399896
130,13.0,2,0.3,-3.6878087953659224,1.0025054528774624,0.025023194630584646
131,13.1,0,0.1,-3.4526656617913467,0.9971226144423871,-0.028815331895715272
131,13.1,1,0.2,-3.538624478330952,1.000227867407101,0.002278414492664646
131,13.1,2,0.3,-3.6854379967800583,1.0023736111510675,0.02370798585864095
132,13.200000000000001,0,0.1,-3.4559978393143758,0.9966733680192065,-0.03332177523029009
132,13.200000000000001,1,0.2,-3.538666504382299,0.999957974831735,-0.0004202605134695443
132,13.200000000000001,2,0.3,-3.683201758295913,1.0022387407302829,0.022362384841451935
133,13.3,0,0.1,-3.4597703400878466,0.9962346061677826,-0.037725007734708126
133,13.3,1,0.2,-3.5389697930482225,0.999696757321435,-0.0030328866592333023
133,13.3,2,0.3,-3.681102001866951,1.0021019624612657,0.02099756428961993
134,13.4,0,0.1,-3.463971475522574,0.9958076769896942,-0.042011354347275695
134,13.4,1,0.2,-3.539525333891516,0.9994446134409489,-0.005555408432935691
134,13.4,2,0.3,-3.6791398030859597,1.0019641251527882,0.019621987809914712
135,13.5,0,0.1,-3.4685886114522413,0.9953935066567065,-0.04617135929667188
135,13.5,1,0.2,-3.5403243978054038,0.9992012552526645,-0.007990639138877348
135,13.5,2,0.3,-3.6773157309628135,1.0018257367546834,0.018240721231461764
136,13.6,0,0.1,-3.4736087007802485,0.9949924902613991,-0.05020089328007256
136,13.6,1,0.2,-3.541359205559169,0.9989657274751425,-0.010348077537654135
136,13.6,2,0.3,-3.6756301840444126,1.0016869682510703,0.016855469184009545
137,13.700000000000001,0,0.1,-3.4790188398785222,0.9946044693478094,-0.05410139098273626
137,13.700000000000001,1,0.2,-3.5426234522971196,0.9987365520852848,-0.012642467379504294
137,13.700000000000001,2,0.3,-3.6740836512729733,1.0015477292699744,0.015465327714392131
138,13.8,0,0.1,-3.48480674608748,0.9942288114512168,-0.05787906208957881
138,13.8,1,0.2,-3.544112582428734,0.9985119780725051,-0.014891301316142299
138,13.8,2,0.3,-3.672676841775106,1.001407799518551,0.014068094978672058
139,13.9,0,0.1,-3.490961058509377,0.993864586568823,-0.061543124218968126
139,13.9,1,0.2,-3.5458237523314975,0.9982902933137314,-0.017111699027636602
139,13.9,2,0.3,-3.671410655731357,1.0012669879957357,0.01266186043749067
140,14.0,0,0.1,-3.4974713909650346,0.9935108138439844,-0.0651033245565771
140,14.0,1,0.2,-3.547755475771199,0.9980701411372135,-0.019317234397013897
140,14.0,2,0.3,-3.6702860030842475,1.0011252853060497,0.011246526471095959
141,14.1,0,0.1,-3.504328110515122,0.9931667341157215,-0.06856719550087512
141,14.1,1,0.2,-3.5499070069970498,0.9978507816584119,-0.021515312258508855
141,14.1,2,0.3,-3.6693035110277785,1.0009829748598933,0.009824920564689456
142,14.200000000000001,0,0.1,-3.5115218685918634,0.9928320550659686,-0.07193758076741283
142,14.200000000000001,1,0.2,-3.552277566397225,0.997632248156828,-0.023705594001750204
142,14.200000000000001,2,0.3,-3.66846318794781,1.000840676250327,0.00840323079968718
143,14.3,0,0.1,-3.519042962939597,0.9925071183080362,-0.07521094347733763
143,14.3,1,0.2,-3.554865542993677,0.9974153693279657,-0.025879765964522777
143,14.3,2,0.3,-3.667764125308183,1.0006993070408612,0.006990626396268265
144,14.4,0,0.1,-3.5268806455526116,0.9921929519344903,-0.07837682613014457
144,14.4,1,0.2,-3.5576678112015236,0.9972016544807106,-0.0280226820784658
144,14.4,2,0.3,-3.6672043171633337,1.0005599648666723,0.005598081448492407
145,14.5,0,0.1,-3.5350225058411984,0.991891194884857,-0.08141860288586796
145,14.5,1,0.2,-3.5606792763204664,0.9969930647937729,-0.030114651189428018
145,14.5,2,0.3,-3.6667806599184636,1.0004237470002753,0.004236572448701474
146,14.6,0,0.1,-3.543454045727524,0.991603905855416,-0.08431539886325753
146,14.6,1,0.2,-3.5638927198304886,0.9967917140735603,-0.03213443510022185
146,14.6,2,0.3,-3.666489165892701,1.0002915365142746,0.002914940257627851
147,14.700000000000001,0,0.1,-3.552158526782084,0.9913332932592652,-0.08704481054559886
147,14.700000000000001,1,0.2,-3.5672989613092336,0.9965995531805572,-0.034062414787449716
147,14.700000000000001,2,0.3,-3.6663253884060243,1.0001637908989414,0.0016377748667650617
148,14.8,0,0.1,-3.561117116925216,0.9910814184628371,-0.08958590143131971
148,14.8,1,0.2,-3.570887299779213,0.9964180919227336,-0.035883384699793144
148,14.8,2,0.3,-3.666285019601819,1.0000403696190363,0.0004036880420521541
149,14.9,0,0.1,-3.5703093072905636,0.9908499286623377,-0.09192190365347608
149,14.9,1,0.2,-3.5746461536451264,0.9962482017821275,-0.03758853865913472
149,14.9,2,0.3,-3.6663645908439317,0.9999204319235945,-0.0007957124211266404
150,15.0,0,0.1,-3.579713520972944,0.9906398676434849,-0.09404213682380236
150,15.0,1,0.2,-3.578563792162362,0.996090025417099,-0.039176385172354916
150,15.0,2,0.3,-3.666562183901274,0.9998024264628802,-0.001975930573423497
151,15.1,0,0.1,-3.589307804681221,0.9904515945912862,-0.0959428370827723
151,15.1,1,0.2,-3.5826290454266534,0.9959429986918756,-0.040652532642915386
151,15.1,2,0.3,-3.666878052109553,0.9996841816728311,-0.0031586820827911423
152,15.200000000000001,0,0.1,-3.599070487207952,0.9902848177559264,-0.0976268252673082
152,15.200000000000001,1,0.2,-3.5868318926951823,0.9958059723339119,-0.04202847268528871
152,15.200000000000001,2,0.3,-3.6673150552013687,0.999563092380128,-0.004370030918154848
153,15.3,0,0.1,-3.6089807046364504,0.9901387269596277,-0.09910217428498437
153,15.3,1,0.2,-3.59116385550275,0.9956774066091112,-0.043319628075675506
153,15.3,2,0.3,-3.6678788286549007,0.9994363854368606,-0.005637734535319814
154,15.4,0,0.1,-3.619018725341031,0.9900121920725051,-0.10038020704580522
154,15.4,1,0.2,-3.595618155736482,0.9955556054484688,-0.04454300233732072
154,15.4,2,0.3,-3.6685776359187487,0.999301436845083,-0.006988072638480805
155,15.5,0,0.1,-3.629166048475946,0.9899039872474834,-0.10147323134915212
155,15.5,1,0.2,-3.600189632765092,0.9954389562679212,-0.04571477028610287
155,15.5,2,0.3,-3.6694218864119894,0.9991561057859368,-0.008442504932406643
156,15.6,0,0.1,-3.639405287412807,0.9898130036101275,-0.10239238936860887
156,15.6,1,0.2,-3.60487444258375,0.9953261467863129,-0.04684809818657615
156,15.6,2,0.3,-3.670423339882319,0.9989990478168443,-0.010014534703297643
157,15.700000000000001,0,0.1,-3.6497198763378718,0.9897384240218021,-0.10314588925064724
157,15.700000000000001,1,0.2,-3.6096695828120664,0.9952163381025236,-0.04795140228316551
157,15.700000000000001,2,0.3,-3.671594054430343,0.9988299704709059,-0.0117071454802396
158,15.8,0,0.1,-3.6600936502628456,0.9896798480866921,-0.10373773924973888
158,15.8,1,0.2,-3.6145722997637675,0.995109281748301,-0.04902716951701098
158,15.8,2,0.3,-3.6729451672737574,0.9986497994986051,-0.013511128434142754
159,15.9,0,0.1,-3.6705103474807075,0.9896373686803916,-0.10416697217861907
159,15.9,1,0.2,-3.6195794389273828,0.995005375661151,-0.050071391636153
159,15.9,2,0.3,-3.6744856205113066,0.9984607326515256,-0.015404532375491498
160,16.0,0,0.1,-3.6809530745974035,0.9896116088550669,-0.10442727116696064
160,16.0,1,0.2,-3.624686799999618,0.9949056593202791,-0.05107361072235435
160,16.0,2,0.3,-3.6762209558058494,0.9982661695291657,-0.017353352945428453
161,16.1,0,0.1,-3.6914037650777383,0.9896037282493426,-0.10450690480334608
161,16.1,1,0.2,-3.6298885537727794,0.9948117519200861,-0.052017537731611586
161,16.1,2,0.3,-3.678152300087515,0.9980705195635992,-0.019313442816657204
162,16.2,0,0.1,-3.7018426590749374,0.9896154021618893,-0.10438893997199328
162,16.2,1,0.2,-3.635176771541763,0.9947257402394342,-0.052882177689835844
162,16.2,2,0.3,-3.680275648463771,0.9978789043331964,-0.021233483762559853
163,16.3,0,0.1,-3.7122478379862285,0.9896487676926465,-0.10405178911290965
163,16.3,1,0.2,-3.6405411082820582,0.994650025621046,-0.05364336740295274
163,16.3,2,0.3,-3.682581521521501,0.9976967834253196,-0.023058730577298577
164,16.4,0,0.1,-3.722594859855104,0.9897063244116538,-0.10347021868875704
164,16.4,1,0.2,-3.645968668323407,0.9945871425508918,-0.05427560041349038
164,16.4,2,0.3,-3.6850550349104054,0.9975295432246274,-0.024735133889044997
165,16.5,0,0.1,-3.7328565554467694,0.9897907759707644,-0.10261695591665308
165,16.5,1,0.2,-3.651444066609349,0.9945395643859346,-0.05475398285941602
165,16.5,2,0.3,-3.6876763740076806,0.9973820936119696,-0.026213390972750956
166,16.6,0,0.1,-3.7430030514691897,0.9899048060097788,-0.10146496022420093
166,16.6,1,0.2,-3.6569496808023016,0.9945095139249414,-0.05505614192952734
166,16.6,2,0.3,-3.6904216213875785,0.9972585173658496,-0.027452473798978583
167,16.7,0,0.1,-3.7530020797028976,0.9900507958466914,-0.09999028233708121
167,16.7,1,0.2,-3.6624660714492805,0.9944987966966329,-0.05516390646978959
167,16.7,2,0.3,-3.6932638461124743,0.9971618105718189,-0.02842224724895875
168,16.8,0,0.1,-3.7628196050632865,0.9902305092196229,-0.09817525360388794
168,16.8,1,0.2,-3.6679725318643928,0.9945086723493092,-0.0550646041511219
168,16.8,2,0.3,-3.696174337378862,0.9970937401071978,-0.02910491266387497
169,16.9,0,0.1,-3.772420763606372,0.9904447854235938,-0.09601158543085501
169,16.9,1,0.2,-3.6734477189533696,0.9945397744296939,-0.054751870889769905
169,16.9,2,0.3,-3.6991238549714223,0.9970548279609753,-0.029495175925605206
170,17.0,0,0.1,-3.781771050535858,0.990693291075297,-0.09350286929486229
170,17.0,1,0.2,-3.6788703125701248,0.994592082105203,-0.054225936167550455
170,17.0,2,0.3,-3.702083776787253,0.9970444544338966,-0.02959921815830893
171,17.1,0,0.1,-3.7908376496080294,0.9909743786009728,-0.09066599072171093
171,17.1,1,0.2,-3.6842196541542758,0.9946649406653153,-0.053493415841509365
171,17.1,2,0.3,-3.705027047638358,0.9970610563241561,-0.029432708511047536
172,17.2,0,0.1,-3.799590761014858,0.9912850855441872,-0.08753111406828848
172,17.2,1,0.2,-3.6894763235306254,0.9947571227326814,-0.052566693763497215
172,17.2,2,0.3,-3.7079288688091934,0.9971023850426749,-0.029018211708354343
173,17.3,0,0.1,-3.8080047741566196,0.9916212855960874,-0.08414013141761481
173,17.3,1,0.2,-3.694622622749715,0.9948669202918282,-0.0514629921908975
173,17.3,2,0.3,-3.7107671075270727,0.997165785273714,-0.028382387178793198
174,17.400000000000002,0,0.1,-3.8160591483270663,0.9919779753911043,-0.08054374170446518
174,17.400000000000002,1,0.2,-3.699642944421468,0.9949922590811443,-0.05020321671752743
174,17.400000000000002,2,0.3,-3.7135224421645256,0.9972484578130727,-0.027553346374528827
175,17.5,0,0.1,-3.8237389049610417,0.9923496573514226,-0.07679756633975629
175,17.5,1,0.2,-3.704524006974546,0.9951308304746733,-0.04881062553078068
175,17.5,2,0.3,-3.7161782864544626,0.9973476793444112,-0.026558442899369827
176,17.6,0,0.1,-3.831034690535971,0.9927307640625914,-0.07295785574929055
176,17.6,1,0.2,-3.709254940639353,0.9952802395749668,-0.04730933664807079
176,17.6,2,0.3,-3.7187205507909926,0.9974609644806997,-0.025422643365300063
177,17.7,0,0.1,-3.8379424272417233,0.9931160668663063,-0.06907736705752546
177,17.7,1,0.2,-3.713827208106032,0.9954381694353862,-0.045722674666791446
177,17.7,2,0.3,-3.7211373007469732,0.9975861680330378,-0.02416749955980675
178,17.8,0,0.1,-3.8444626177003474,0.9935010198597094,-0.06520190458623971
178,17.8,1,0.2,-3.7182343469043966,0.9956025583869852,-0.04407138798364345
178,17.8,2,0.3,-3.7234183653278152,0.997721535069936,-0.022810645808419527
179,17.900000000000002,0,0.1,-3.850599403038674,0.9938820062691474,-0.06136785338326424
179,17.900000000000002,1,0.2,-3.722471530982938,0.9957717801204596,-0.04237184078541507
179,17.900000000000002,2,0.3,-3.7255549352347805,0.9978657109338372,-0.021365699069652827
180,18.0,0,0.1,-3.856359488990368,0.9942564715372841,-0.057600859516943166
180,18.0,1,0.2,-3.726534969466174,0.9959448061120022,-0.04063438483235957
180,18.0,2,0.3,-3.727539179871552,0.9980177226751934,-0.01984244636771535
181,18.1,0,0.1,-3.861751056081486,0.9946229413206614,-0.05391567091117912
181,18.1,1,0.2,-3.7304211906019575,0.9961213204489897,-0.03886221135783463
181,18.1,2,0.3,-3.7293639049910667,0.9981769386792207,-0.01824725119514677
182,18.2,0,0.1,-3.866782763590188,0.9949809303260103,-0.050317075087021844
182,18.2,1,0.2,-3.734126293920529,0.9963017521074286,-0.037051033185716245
182,18.2,2,0.3,-3.731022272251403,0.9983430070708287,-0.016583672603363374
183,18.3,0,0.1,-3.871462948362143,0.9953307502268716,-0.046801847719550205
183,18.3,1,0.2,-3.7376452855802684,0.9964871927350066,-0.035189916597392956
183,18.3,2,0.3,-3.732507606230869,0.9985157685830904,-0.014853339794660202
184,18.400000000000002,0,0.1,-3.8757991106704877,0.9956732252698484,-0.04336162308344376
184,18.400000000000002,1,0.2,-3.7409716310157375,0.9966791807225076,-0.03326345435469011
184,18.400000000000002,2,0.3,-3.7338133201068366,0.9986951381975001,-0.013057138759675438
185,18.5,0,0.1,-3.8797977675243063,0.9960093271292175,-0.039986568538187016
185,18.5,1,0.2,-3.7440971564273706,0.9968793539580609,-0.03125525411633201
185,18.5,2,0.3,-3.7349329936943363,0.998880953013087,-0.011196735874996717
186,18.6,0,0.1,-3.8834647331351935,0.9963397494969779,-0.03666965610887144
186,18.6,1,0.2,-3.7470124010040236,0.9970890006225515,-0.0291524457665289
186,18.6,2,0.3,-3.7358606328408643,0.9990727909776546,-0.009276391465280344
187,18.7,0,0.1,-3.8868058502084106,0.9966644582474364,-0.033411170732172306
187,18.7,1,0.2,-3.7497074653230293,0.9973085641064905,-0.026950643190058486
187,18.7,2,0.3,-3.7365911250853845,0.9992697744999838,-0.00730492244520169
188,18.8,0,0.1,-3.8898281412066726,0.9969822715255947,-0.030222909982619686
188,18.8,1,0.2,-3.7521733248808404,0.9975371781764799,-0.024658595578110547
188,18.8,2,0.3,-3.7371208834090552,0.9994703819734946,-0.005297583236707406
189,18.900000000000002,0,0.1,-3.892541278985002,0.9972905394536087,-0.02713137778329117
189,18.900000000000002,1,0.2,-3.7544034936881494,0.9977723161714951,-0.022301688073089427
189,18.900000000000002,2,0.3,-3.737448640845283,0.9996722962703728,-0.003277574362279221
190,19.0,0,0.1,-3.894959201912616,0.9975849978934467,-0.02417922927614276
190,19.0,1,0.2,-3.7563958473228074,0.998009629784402,-0.019923536346580374
190,19.0,2,0.3,-3.737576328617518,0.9998723203795018,-0.001276877722347108
191,19.1,0,0.1,-3.897101636309774,0.9978598589773214,-0.02142434397157858
191,19.1,1,0.2,-3.758154363818434,0.998243028788571,-0.017585164956263916
191,19.1,2,0.3,-3.7375099450350895,1.0000663857858674,0.0006638358242838555
192,19.2,0,0.1,-3.8989952569173334,0.9981081711607883,-0.018936206075595277
192,19.2,1,0.2,-3.759690526495714,0.9984650166166653,-0.015361626772803278
192,19.2,2,0.3,-3.737260306753399,1.0002496694439191,0.0024963828169033953
193,19.3,0,0.1,-3.900674228430054,0.9983224371714594,-0.01678971512720538
193,19.3,1,0.2,-3.7610241604323655,0.99866725495789,-0.01333633936651405
193,19.3,2,0.3,-3.7368435717019213,1.0004168218975928,0.00416735051477873
194,19.400000000000002,0,0.1,-3.902179932993765,0.9984954284406772,-0.015057045637112196
194,19.400000000000002,1,0.2,-3.762183540061552,0.9988412921917189,-0.011593796291866467
194,19.400000000000002,2,0.3,-3.7362814352308042,1.0005622944994328,0.005621364711170172
195,19.5,0,0.1,-3.903559793199251,0.9986210913638797,-0.013798602054860016
195,19.5,1,0.2,-3.763204697571981,0.998979363693476,-0.010211575104288823
195,19.5,2,0.3,-3.7356009267123587,1.0006807401168993,0.006805085184456028
196,19.6,0,0.1,-3.9048652296034416,0.9986954153072536,-0.013054364041904335
196,19.6,1,0.2,-3.7641299632475245,0.9990751622507495,-0.009252656755433943
196,19.6,2,0.3,-3.7348337699390846,1.000767451113295,0.0076715677327409155
197,19.7,0,0.1,-3.906148921572081,0.9987171316114506,-0.012836919686392275
197,19.7,1,0.2,-3.7650058615452267,0.9991244851892386,-0.00875898297702201
197,19.7,2,0.3,-3.734015312989215,1.0008187919771547,0.008184569498697234
198,19.8,0,0.1,-3.9074616455160296,0.9986881373012273,-0.013127239439487494
198,19.8,1,0.2,-3.7658805559189625,0.9991256880598754,-0.008746943737358723
198,19.8,2,0.3,-3.7331830771771273,1.000832582216401,0.008322358120875666
199,19.900000000000002,0,0.1,-3.908849026890136,0.9986135805945084,-0.013873813741063026
199,19.900000000000002,1,0.2,-3.7668010730643133,0.9990799064005861,-0.009205171453507835
199,19.900000000000002,2,0.3,-3.7323750158446836,1.000808387901959,0.008080613324436988
200,20.0,0,0.1,-3.9103485535263327,0.9985015970921125,-0.014995266361968226
200,20.0,1,0.2,-3.7678105428360373,0.9989910395714826,-0.010094697717240246
200,20.0,2,0.3,-3.731627608159892,1.0007476870635144,0.007474076847917725
201,20.1,0,0.1,-3.911987160981338,0.9983627343292047,-0.01638607455005191
201,20.1,1,0.2,-3.768945669327845,0.9988655175205666,-0.011351264918077869
201,20.1,2,0.3,-3.7309739374425,1.0006538844066533,0.006536707173916319
202,20.2,0,0.1,-3.913779627280825,0.998209139208814,-0.01792466299487077
202,20.2,1,0.2,-3.7702346108320235,0.9987118888241358,-0.01288941504178381
202,20.2,2,0.3,-3.7304419150841115,1.000532163907385,0.005320223583886843
203,20.3,0,0.1,-3.9157279208149673,0.9980536031577345,-0.01948293534142359
203,20.3,1,0.2,-3.771695401341939,0.9985402759251986,-0.01460790509915523
203,20.3,2,0.3,-3.73005280775864,1.0003891830375464,0.0038910732547136617
204,20.400000000000002,0,0.1,-3.917821547135201,0.997908563786662,-0.020936263202337692
204,20.400000000000002,1,0.2,-3.773335001456173,0.9983617432957147,-0.016396001142337847
204,20.400000000000002,2,0.3,-3.7298202060816132,1.0002326287308947,0.0023260167702687466
205,20.5,0,0.1,-3.9200388504354695,0.9977851531008303,-0.022173033002684167
205,20.5,1,0.2,-3.775149025938059,0.9981876198660778,-0.018140244818863168
205,20.5,2,0.3,-3.729749537233718,1.000070671344997,0.0007066884789530698
206,20.6,0,0.1,-3.922349150850843,0.9976923662746175,-0.023103004153734678
206,20.6,1,0.2,-3.777122159123255,0.9980288121624006,-0.019731331851957353
206,20.6,2,0.3,-3.7298381742256126,0.9999113669362476,-0.0008863699189465154
207,20.7,0,0.1,-3.9247155417214077,0.9976364068250625,-0.023663908705647222
207,20.7,1,0.2,-3.77922923569585,0.9978951417549107,-0.021070765725950572
207,20.7,2,0.3,-3.7300761346660507,0.9997620678699021,-0.00237960440438117
208,20.8,0,0.1,-3.927098130628395,0.9976202472050857,-0.0238258890698747
208,20.8,1,0.2,-3.7814369301693804,0.9977947406915504,-0.02207694473530499
208,20.8,2,0.3,-3.7304472987484436,0.999628904790474,-0.0037116408239289992
209,20.900000000000002,0,0.1,-3.929457482104192,0.9976434296062829,-0.023593514757966557
209,20.900000000000002,1,0.2,-3.7837059619049858,0.9977335405709871,-0.02269031735605299
209,20.900000000000002,2,0.3,-3.7309310182989783,0.9995163974229053,-0.004837195505347156
210,21.0,0,0.1,-3.931758007073558,0.9977021192101456,-0.023005249693662178
210,21.0,1,0.2,-3.7859936843607676,0.9977148923868439,-0.02287722455781842
210,21.0,2,0.3,-3.7315039455214376,0.9994272368690029,-0.005729272224592863
211,21.1,0,0.1,-3.933971044932249,0.9977894091041842,-0.0221303785869106
211,21.1,1,0.2,-3.7882568912273857,0.9977393522550712,-0.022632068666181514
211,21.1,2,0.3,-3.732141889874884,0.9993622590897886,-0.0063794435344632005
212,21.2,0,0.1,-3.9360774012503628,0.9978958604936173,-0.021063563181136672
212,21.2,1,0.2,-3.7904546444346563,0.9978046600840463,-0.021977532072706054
212,21.2,2,0.3,-3.7328215195000705,0.9993206012707165,-0.006796296251865431
213,21.3,0,0.1,-3.938069140470539,0.9980102429761599,-0.01991739220176008
213,21.3,1,0.2,-3.7925509169850864,0.9979059230943813,-0.020962725504300707
213,21.3,2,0.3,-3.733521759911389,0.9993000046997825,-0.007002404113185434
214,21.400000000000002,0,0.1,-3.939950490087513,0.9981204190119063,-0.01881349616974033
214,21.400000000000002,1,0.2,-3.794516853249992,0.9980359949220556,-0.01965936264905793
214,21.400000000000002,2,0.3,-3.7342248015139603,0.9992972054732714,-0.00703041602571276
215,21.5,0,0.1,-3.941737788354089,0.9982142979998275,-0.017872982665761254
215,21.5,1,0.2,-3.7963324833517205,0.9981860171575163,-0.018156301017282883
215,21.5,2,0.3,-3.7349166977662622,0.9993083430527155,-0.006918962523019415
216,21.6,0,0.1,-3.9434584945008417,0.9982807734193144,-0.017207061467527686
216,21.6,1,0.2,-3.7979877841211676,0.9983460684852578,-0.016553007694470642
216,21.6,2,0.3,-3.73558760317317,0.9993293195998026,-0.006709054069076086
217,21.7,0,0.1,-3.9451493675902265,0.9983105556311422,-0.01690873089384795
217,21.7,1,0.2,-3.7994830491769305,0.9985058522960487,-0.014952650557629496
217,21.7,2,0.3,-3.736231750552482,0.9993560600390726,-0.006441473793121903
218,21.8,0,0.1,-3.9468539944212555,0.9982968252201021,-0.01704626831028986
218,21.8,1,0.2,-3.8008286033426755,0.9986553506863736,-0.013455541657449808
218,21.8,2,0.3,-3.736847289621515,0.9993846503362759,-0.00615539069032769
219,21.900000000000002,0,0.1,-3.9486198967458397,0.9982356559635295,-0.017659023245841537
219,21.900000000000002,1,0.2,-3.802043959099418,0.9987853824889579,-0.012153557567424582
219,21.900000000000002,2,0.3,-3.7374360997949303,0.9994113631412767,-0.00588810173415491
220,22.0,0,0.1,-3.9504954663388414,0.9981261881885285,-0.018755695930017646
220,22.0,1,0.2,-3.8031565542307812,0.9988880235731228,-0.011125951313633269
220,22.0,2,0.3,-3.738003652685793,0.9994326081368141,-0.005675528908626447
221,22.1,0,0.1,-3.9525269624144417,0.9979705660159391,-0.02031496075600241
221,22.1,1,0.2,-3.80420022415424,0.9989568745105765,-0.010436699234585975
221,22.1,2,0.3,-3.738558944502901,0.9994448623288597,-0.005552918171081088
222,22.2,0,0.1,-3.9547557651237613,0.997773679227181,-0.022288027093196248
222,22.2,1,0.2,-3.8052135497125694,0.9989871876826393,-0.010133255583295803
222,22.2,2,0.3,-3.7391144599636856,0.9994446388093612,-0.005555154607845955
223,22.3,0,0.1,-3.957216021745417,0.99754276732926,-0.02460256621655575
223,22.3,1,0.2,-3.8062381874663664,0.9989758870082207,-0.010246377537970051
223,22.3,2,0.3,-3.739686082774223,0.9994285405346559,-0.005716228105372341
224,22.400000000000002,0,0.1,-3.95993276102023,0.9972869477217052,-0.027167392748132683
224,22.400000000000002,1,0.2,-3.807317245054114,0.9989215243855449,-0.010790575877477185
224,22.400000000000002,2,0.3,-3.7402928453451194,0.9993934214722866,-0.006067625708965266
225,22.5,0,0.1,-3.962920497269887,0.9970167225925716,-0.029877362496569332
225,22.5,1,0.2,-3.8084937208102905,0.9988242160201137,-0.011764757561763236
225,22.5,2,0.3,-3.740956418359498,0.999336647101504,-0.006635730143784854
226,22.6,0,0.1,-3.96618230757822,0.9967435036156699,-0.03261810308333011
226,22.6,1,0.2,-3.8098089951215757,0.9986855902828705,-0.013152743112851785
226,22.6,2,0.3,-3.741700277829639,0.9992564171247275,-0.007438594701412065
227,22.7,0,0.1,-3.969709345938461,0.9964791743332739,-0.035270383602408945
227,22.7,1,0.2,-3.8113013479476274,0.998508760178693,-0.014923528260517889
227,22.7,2,0.3,-3.742548545225802,0.9991520922809166,-0.008482673961629675
228,22.8,0,0.1,-3.9734807567531987,0.9962356920229836,-0.03771410814737699
228,22.8,1,0.2,-3.813004484653795,0.9982983128081286,-0.01703136706167705
228,22.8,2,0.3,-3.7435245623031537,0.9990244590723935,-0.00976017077351607
229,22.900000000000002,0,0.1,-3.9774639615401166,0.9960247176508814,-0.03983204786917881
229,22.900000000000002,1,0.2,-3.81494607792113,0.998060290405567,-0.01941593267334757
229,22.900000000000002,2,0.3,-3.7446493221057335,0.9988758725026409,-0.011247598025798507
230,23.0,0,0.1,-3.9816153100851492,0.9958572563908575,-0.04151348545032718
230,23.0,1,0.2,-3.8171463700805797,0.9978021267089461,-0.022002921594497706
230,23.0,2,0.3,-3.7459399188856564,0.9987102356819385,-0.012905967799228533
231,23.1,0,0.1,-3.9858811031286114,0.9957432925280355,-0.042657930434621356
231,23.1,1,0.2,-3.819616918448247,0.9975325009252921,-0.02470548367667434
231,23.1,2,0.3,-3.7474081943744393,0.9985328019003066,-0.014682754887829011
232,23.2,0,0.1,-3.9901990016812205,0.9956914101684889,-0.04317898552609204
232,23.2,1,0.2,-3.822359596399269,0.9972610797539728,-0.027426779510220687
232,23.2,2,0.3,-3.7490597436784188,0.9983498137530835,-0.016515493039795177
233,23.3,0,0.1,-3.9944998342280713,0.9957084027888259,-0.043008325468507025
233,23.3,1,0.2,-3.8253659767557098,0.996998134279612,-0.030063803564405873
233,23.3,2,0.3,-3.7508934042108524,0.9981680195959551,-0.01833660532433586
234,23.400000000000002,0,0.1,-3.998709796099922,0.9957988875946364,-0.04209961871850461
234,23.400000000000002,1,0.2,-3.8286172162354553,0.9967540400760819,-0.03251239479745436
234,23.400000000000002,2,0.3,-3.7529012928732692,0.9979941257975274,-0.020078886624168284
235,23.5,0,0.1,-4.002753006476307,0.9959649523937172,-0.04043210376385084
235,23.5,1,0.2,-3.8320845286508916,0.9965386917707889,-0.03467312415436371
235,23.5,2,0.3,-3.7550693898467675,0.9978342516510896,-0.021680969734983364
236,23.6,0,0.1,-4.006554351188954,0.9962058712518133,-0.038013447126469826
236,23.6,1,0.2,-3.835730282748964,0.9963608835944844,-0.03645754098072499
236,23.6,2,0.3,-3.757378601982993,0.9976934520430067,-0.023092121362253363
237,23.7,0,0.1,-4.010042498430375,0.9965179292768516,-0.034881472414208435
237,23.7,1,0.2,-3.839509694321467,0.9962277214144202,-0.03779411572503025
237,23.7,2,0.3,-3.7598061838932075,0.9975753622838446,-0.024275819102146896
238,23.8,0,0.1,-4.013152935093649,0.9968943957332578,-0.03110436663273886
238,23.8,1,0.2,-3.8433730107739565,0.9961441365536539,-0.03863316452489441
238,23.8,2,0.3,-3.762327357176446,0.9974820022049109,-0.025211732832386067
239,23.900000000000002,0,0.1,-4.015830839515786,0.9973256779654326,-0.026779044221374067
239,23.900000000000002,1,0.2,-3.8472680207826806,0.996112565703743,-0.03895010008723998
239,23.900000000000002,2,0.3,-3.764916951681046,0.9974137556028188,-0.02589594504599687
240,24.0,0,0.1,-4.018033587545729,0.997799676239154,-0.022027480299434046
240,24.0,1,0.2,-3.851142673141509,0.9961328444210249,-0.03874652358828528
240,24.0,2,0.3,-3.7675508980529737,0.9973695194212451,-0.026339463719278762
241,24.1,0,0.1,-4.0197326882728355,0.9983023419273471,-0.016991007271060822
241,24.1,1,0.2,-3.8549475666686064,0.996202335908295,-0.038048935270972875
241,24.1,2,0.3,-3.7702074259798355,0.9973469975209436,-0.026565279268617358
242,24.2,0,0.1,-4.020914967341117,0.9988184195482693,-0.01182279068281414
242,24.2,1,0.2,-3.8586380825250925,0.9963162857274671,-0.036905158564862435
242,24.2,2,0.3,-3.7728678629982135,0.9973430988078769,-0.026604370183780934
243,24.3,0,0.1,-4.021582861128803,0.9993323292037213,-0.006678937876864926
243,24.3,1,0.2,-3.8621759716121042,0.9964683618686823,-0.03537889087011642
243,24.3,2,0.3,-3.775516978427915,0.9973543903801305,-0.026491154297012164
244,24.400000000000002,0,0.1,-4.021753752324556,0.9998291234053164,-0.0017089119575252922
244,24.400000000000002,1,0.2,-3.8655302772157136,0.9966513137946164,-0.03354305603609339
244,24.400000000000002,2,0.3,-3.778142869284846,0.9973775537787262,-0.02625890856931397
245,24.5,0,0.1,-4.0214583605252185,1.0002954354317914,0.0029539179933735856
245,24.5,1,0.2,-3.8686775562098523,0.996857668496656,-0.03147278994138759
245,24.5,2,0.3,-3.7807364336952167,0.9974097959720543,-0.02593564410370563
246,24.6,0,0.1,-4.020738290371573,1.0007203294663962,0.007200701536458251
246,24.6,1,0.2,-3.871601447522476,0.9970803790944976,-0.02923891312623675
246,24.6,2,0.3,-3.783290517456917,0.9974491751351418,-0.025540837617001513
247,24.7,0,0.1,-4.0196429218050085,1.0010959687018157,0.010953685665642489
247,24.7,1,0.2,-3.874291710790922,0.9973133522468245,-0.02690263268446071
247,24.7,2,0.3,-3.7857988478251694,0.9974948128637282,-0.025083303682525405
248,24.8,0,0.1,-4.018225889506125,1.0014180367635486,0.014170322988835492
248,24.8,1,0.2,-3.8767429104153224,0.9975518021122793,-0.024511996244002895
248,24.8,2,0.3,-3.788254884071729,0.9975469773427963,-0.024560362465595103
249,24.900000000000002,0,0.1,-4.016541431398054,1.0016858776045447,0.01684458108070584
249,24.900000000000002,1,0.2,-3.8789529443478465,0.9977924063944013,-0.022100339325241376
249,24.900000000000002,2,0.3,-3.7906507171911374,0.9976070345981115,-0.02395833119408463
250,25.0,0,0.1,-4.014640884268966,1.0019023543134824,0.01900547129088755
250,25.0,1,0.2,-3.8809216118898653,0.9980332690129076,-0.019686675420187847
250,25.0,2,0.3,-3.7929761426350357,0.9976772762632375,-0.023254254438982932
251,25.1,0,0.1,-4.012569569366182,1.002073461557374,0.020713149027837535
251,25.1,1,0.2,-3.8826493840578644,0.998273719571081,-0.017277721679991063
251,25.1,2,0.3,-3.7952180118713854,0.9977606418756079,-0.02241869236349693
252,25.2,0,0.1,-4.0103642494796565,1.0022077533929845,0.02205319886525328
252,25.2,1,0.2,-3.884136490485485,0.9985139987672279,-0.014871064276205421
252,25.2,2,0.3,-3.797359942513889,0.9978603616539965,-0.021419306425034992
253,25.3,0,0.1,-4.00805126312329,1.002315663372878,0.023129863563661982
253,25.3,1,0.2,-3.8853823767401963,0.9987548895393515,-0.012458862547113193
253,25.3,2,0.3,-3.799382434061508,0.9979795523102833,-0.02022491547619214
254,25.400000000000002,0,0.1,-4.005645364334806,1.002408795285401,0.02405898788484039
254,25.400000000000002,1,0.2,-3.8863855240164122,0.9989973557078098,-0.010031472762159623
254,25.400000000000002,2,0.3,-3.8012633980767014,0.9981208038889913,-0.01880964015193305
255,25.5,0,0.1,-4.003149230902094,1.0024992513674895,0.024961334327118754
255,25.5,1,0.2,-3.887143567470617,0.9992422437881491,-0.007580434542049536
255,25.5,2,0.3,-3.8029790693540804,0.9982857996452602,-0.017156712773789638
256,25.6,0,0.1,-4.0005535588719,1.0025990437034604,0.0259567203019447
256,25.6,1,0.2,-3.8876536068793226,0.9994900906392831,-0.005100394087054132
256,25.6,2,0.3,-3.8045052206378998,0.9984750126928411,-0.015261512838193663
257,25.7,0,0.1,-3.997837641640333,1.0027196086759005,0.027159172315670024
257,25.7,1,0.2,-3.887912579154605,0.9997410612551426,-0.00258972275282604
257,25.7,2,0.3,-3.805818561519324,0.9986875211732796,-0.013133408814241245
258,25.8,0,0.1,-3.994970337017668,1.002871419272276,0.02867304622665005
258,25.8,1,0.2,-3.887917559829855,0.9999950193371535,-4.980675250010265e-05
258,25.8,2,0.3,-3.806898167639768,0.9989209764445777,-0.010796061204443166
259,25.900000000000002,0,0.1,-3.9919113496584404,1.0030636708354066,0.030589873592274507
259,25.900000000000002,1,0.2,-3.887665880588589,1.0002517109151436,0.0025167924126634133
259,25.900000000000002,2,0.3,-3.8077267656955254,0.9991717451368158,-0.008285980557571786
260,26.0,0,0.1,-3.9886127897290033,1.0033040061648395,0.032985599294371316
260,26.0,1,0.2,-3.8871549897660103,1.0005110213495223,0.005108908225786133
260,26.0,2,0.3,-3.808291699343002,0.999435225897491,-0.005649336474764631
261,26.1,0,0.1,-3.9850210005743114,1.0035982473592124,0.035917891546918865
261,26.1,1,0.2,-3.886382036733787,1.000773251837401,0.0077295303222334475
261,26.1,2,0.3,-3.808585425503995,0.9997063169723125,-0.0029372616099320875
262,26.2,0,0.1,-3.9810786680890207,1.0039501137000215,0.03942332485290829
262,26.2,1,0.2,-3.8853432206375142,1.0010393558525998,0.010388160962726767
262,26.2,2,0.3,-3.808605440724359,0.9999799849799392,-0.00020015220363767553
263,26.3,0,0.1,-3.976727225109984,1.0043609242544582,0.043514429790367175
263,26.3,1,0.2,-3.8840329990380513,1.0013110803147776,0.013102215994629055
263,26.3,2,0.3,-3.8083536092144814,1.000251863222094,0.002518315098773946
264,26.400000000000002,0,0.1,-3.9719095426755207,1.0048293061254037,0.04817682434463164
264,26.400000000000002,1,0.2,-3.8824432928754335,1.001590970415301,0.01589706162617754
264,26.400000000000002,2,0.3,-3.80783494896085,1.0005187947811176,0.005186602536313349
265,26.5,0,0.1,-3.966572859032003,1.0053509491051351,0.05336683643517695
265,26.5,1,0.2,-3.8805628433761807,1.0018822186531735,0.018804494992528523
265,26.5,2,0.3,-3.8070560168513046,1.0007792355559442,0.007789321095455103
266,26.6,0,0.1,-3.960671844325921,1.0059184599914437,0.05901014706082202
266,26.6,1,0.2,-3.8783768704747144,1.0021883638821183,0.021859729014663508
266,26.6,2,0.3,-3.806023103500269,1.0010334469897495,0.010329133510355989
267,26.7,0,0.1,-3.954171644950543,1.0065213715208665,0.06500199375378074
267,26.7,1,0.2,-3.87586715204377,1.0025128704105546,0.02509718430944439
267,26.7,2,0.3,-3.8047404901759085,1.0012834362246135,0.012826133243604428
268,26.8,0,0.1,-3.9470507086283972,1.0071463504775777,0.07120936322145509
268,26.8,1,0.2,-3.8730125940749054,1.0028586360989598,0.02854557968864539
268,26.8,2,0.3,-3.80320902494733,1.0015326385203271,0.015314652285786995
269,26.900000000000002,0,0.1,-3.9393031701666197,1.0077776282950701,0.07747538461777449
269,26.900000000000002,1,0.2,-3.8697903023312885,1.0032274889064166,0.03222291743616833
269,26.900000000000002,2,0.3,-3.8014252401884643,1.0017853766492877,0.01783784758865511
270,27.0,0,0.1,-3.9309405852783286,1.0083976489752802,0.08362584888291291
270,27.0,1,0.2,-3.866177105498358,1.003619732297543,0.036131968329305646
270,27.0,2,0.3,-3.7993811632293903,1.0020461675085532,0.02044076959073981
271,27.1,0,0.1,-3.921992837398989,1.0089878986390073,0.08947747879339257
271,27.1,1,0.2,-3.862151427207572,1.0040337922180034,0.04025678290786093
271,27.1,2,0.3,-3.7970648769938746,1.0023189708988944,0.023162862355156858
272,27.2,0,0.1,-3.912508105756705,1.0095298542552442,0.09484731642284341
272,27.2,1,0.2,-3.857695365699426,1.0044660045136238,0.044560615081460205
272,27.2,2,0.3,-3.79446178327917,1.0026064847048652,0.026030937147046296
273,27.3,0,0.1,-3.9025518629360425,1.01000597110482,0.099562428206624
273,27.3,1,0.2,-3.8527968181222536,1.0049105650761057,0.048985475771722714
273,27.3,2,0.3,-3.791556425208339,1.0029095827139671,0.0290535807083088
274,27.400000000000002,0,0.1,-3.892204954778973,1.010400622510587,0.10346908157069143
274,27.400000000000002,1,0.2,-3.8474514810669076,1.0053596488585714,0.053453370553459355
274,27.400000000000002,2,0.3,-3.7883346533123365,1.0032269673811351,0.03221771896002544
275,27.5,0,0.1,-3.8815608923085665,1.0107009120277182,0.1064406247040695
275,27.5,1,0.2,-3.8416645672172747,1.0058036903814203,0.05786913849633048
275,27.5,2,0.3,-3.784785883192362,1.003555074460002,0.03548770119974418
276,27.6,0,0.1,-3.870722544129328,1.010897295847495,0.10838348179238301
276,27.6,1,0.2,-3.835452096546881,1.0062318080899535,0.06212470670393789
276,27.6,2,0.3,-3.780905196287195,1.003888226520402,0.0388068690516702
277,27.7,0,0.1,-3.859798451978003,1.010983977913192,0.10924092151325182
277,27.7,1,0.2,-3.828841646603431,1.0066323471913063,0.06610449943449978
277,27.7,2,0.3,-3.7766950753174653,1.0042189959796037,0.042101209697299254
278,27.8,0,0.1,-3.8488989998977154,1.010959067503057,0.10899452080287486
278,27.8,1,0.2,-3.821872478799471,1.006993508966928,0.06969167803959743
278,27.8,2,0.3,-3.7721666315739255,1.004538712639764,0.04528443743539714
279,27.900000000000002,0,0.1,-3.838132651357336,1.0108245142274273,0.10766348540379347
279,27.900000000000002,1,0.2,-3.814594996120809,1.0073040279108159,0.07277482678662024
279,27.900000000000002,2,0.3,-3.767340256891327,1.0048380403890262,0.04826374682598653
280,28.0,0,0.1,-3.827602434301977,1.0105858549123854,0.10530217055358951
280,28.0,1,0.2,-3.807069532186931,1.0075538514025324,0.07525463933878368
280,28.0,2,0.3,-3.7622457029913714,1.005107553205521,0.050945538999554986
281,28.1,0,0.1,-3.817402809189153,1.0102518185894132,0.10199625112824096
281,28.1,1,0.2,-3.7993645207591773,1.0077347714128775,0.07705011427753373
281,28.1,2,0.3,-3.7569216427391185,1.0053382582468475,0.053240602522527734
282,28.2,0,0.1,-3.8076170074324382,1.0098338392820934,0.09785801756714937
282,28.2,1,0.2,-3.7915541449817045,1.007840956325711,0.07810375777472955
282,28.2,2,0.3,-3.751414796296441,1.0055220369927573,0.05506846442677855
283,28.3,0,0.1,-3.7983148842475103,1.0093455223966943,0.09302123184927825
283,28.3,1,0.2,-3.7837156110868007,1.007869335629263,0.07838533894903743
283,28.3,2,0.3,-3.7457787121468407,1.005651996752748,0.056360841496000715
284,28.400000000000002,0,0.1,-3.7895512956855617,1.008802101225026,0.08763588561948463
284,28.400000000000002,1,0.2,-3.7759262252147936,1.007819802061327,0.07789385872006949
284,28.400000000000002,2,0.3,-3.7400722862005997,1.0057227386090204,0.05706425946240853
285,28.5,0,0.1,-3.781364987280636,1.0082199078501353,0.08186308404926021
285,28.5,1,0.2,-3.7682604684312366,1.0076952139193938,0.07665756783557129
285,28.5,2,0.3,-3.7343580916894066,1.0057305516617874,0.05714194511193271
286,28.6,0,0.1,-3.773777971409266,1.0076158702028828,0.07587015871369898
286,28.6,1,0.2,-3.7607872606855928,1.0075012018544618,0.07473207745643755
286,28.6,2,0.3,-3.7287005868643064,1.0056735387285578,0.0565750482510011
287,28.7,0,0.1,-3.7667953701534227,1.0070070364566375,0.06982601255843306
287,28.7,1,0.2,-3.753567579896639,1.00724580551719,0.07219680788953896
287,28.7,2,0.3,-3.723164270769909,1.0055516698136164,0.05536316094397649
288,28.8,0,0.1,-3.7604057065177683,1.0064101210852059,0.06389663635654318
288,28.8,1,0.2,-3.74665256202038,1.0069389818175556,0.06915017876258824
288,28.8,2,0.3,-3.7178118682380172,1.0053667522286844,0.05352402531891544
289,28.900000000000002,0,0.1,-3.754581634729062,1.0058410646680385,0.058240717887060596
289,28.900000000000002,1,0.2,-3.740082159163285,1.006592035305963,0.0657040285709511
289,28.900000000000002,2,0.3,-3.71270263778537,1.0051223048277378,0.05109230452647145
290,29.0,0,0.1,-3.749281105452408,1.0053146019351533,0.053005292766542554
290,29.0,1,0.2,-3.733884383902396,1.0062170212101265,0.06197775260889181
290,29.0,2,0.3,-3.707890902192242,1.0048233305827188,0.048117355931279665
291,29.1,0,0.1,-3.744448960338334,1.004843838754812,0.04832145114073969
291,29.1,1,0.2,-3.728075126325569,1.0058261640357606,0.05809257576826627
291,29.1,2,0.3,-3.703424893902806,1.0044759957669742,0.044660082894360444
292,29.2,0,0.1,-3.7400189401791906,1.0044398472044263,0.04430020159143494
292,29.2,1,0.2,-3.7226585005479156,1.0054313222181188,0.05416625777653676
292,29.2,2,0.3,-3.6993459822345214,1.0040872417505224,0.04078911668284755
293,29.3,0,0.1,-3.73591607196429,1.004111296501469,0.0410286821490041
293,29.3,1,0.2,-3.7176276605257543,1.0050435159457587,0.05030840022161182
293,29.3,2,0.3,-3.695688307926975,1.0036643717614284,0.03657674307546214
294,29.400000000000002,0,0.1,-3.7320593742863646,1.0038641443064693,0.03856697677925459
294,29.400000000000002,1,0.2,-3.71296601811028,1.0046725247737958,0.046616424154741105
294,29.400000000000002,2,0.3,-3.6924787990552956,1.0032146648598657,0.032095088716794326
295,29.5,0,0.1,-3.72836479166689,1.0037014160027489,0.036945826194748295
295,29.5,1,0.2,-3.7086487940262307,1.0043265567214745,0.04317224084049535
295,29.5,2,0.3,-3.689737490696602,1.0027450691801907,0.02741308358693631
296,29.6,0,0.1,-3.72474824126169,1.0036230980144898,0.03616550405199652
296,29.6,1,0.2,-3.7046448285767384,1.004011992028292,0.040039654494922736
296,29.6,2,0.3,-3.687478030151207,1.002262015049945,0.02259460545395132
297,29.7,0,0.1,-3.721128634902953,1.0036261650447327,0.036196063587371145
297,29.7,1,0.2,-3.7009185685418404,1.0037332111730561,0.03726260034898034
297,29.7,2,0.3,-3.6857082296081267,1.0017713675643634,0.017698005430802178
298,29.8,0,0.1,-3.7174307293035596,1.0037047512879402,0.036979055993934834
298,29.8,1,0.2,-3.697432128589462,1.0034925246534092,0.03486439952378579
298,29.8,2,0.3,-3.684430534412595,1.0012785117957899,0.012776951955317624
299,29.900000000000002,0,0.1,-3.713587659467742,1.00385046389763,0.03843069835817337
299,29.900000000000002,1,0.2,-3.6941473028014413,1.0032902267403592,0.03284825788020427
299,29.900000000000002,2,0.3,-3.6836423072692126,1.0007885378760346,0.00788227143382325
300,30.0,0,0.1,-3.7095430248635717,1.004052825177614,0.04044634604170569
300,30.0,1,0.2,-3.6910273822385484,1.003124792580504,0.031199205628929638
300,30.0,2,0.3,-3.6833358804666907,1.0003064737560103,0.003064268025219151
301,30.1,0,0.1,-3.7052524229950654,1.0042998196793071,0.04290601868506211
301,30.1,1,0.2,-3.6880386279321162,1.0029932250854947,0.02988754306432153
301,30.1,2,0.3,-3.6834983884104786,0.9998375052599129,-0.001625079437879128
302,30.2,0,0.1,-3.7006843580535733,1.0045785144554407,0.045680649414921864
302,30.2,1,0.2,-3.6851512647564495,1.002891535623545,0.028873631756667965
302,30.2,2,0.3,-3.6841114480427604,0.9993871282503783,-0.00613059632281767
303,30.3,0,0.1,-3.695820490670986,1.0048757151864727,0.04863867382587303
303,30.3,1,0.2,-3.6823399055419377,1.0028153147908083,0.028113592145117706
303,30.3,2,0.3,-3.6851507927953757,0.9989611951790675,-0.010393447526153418
304,30.400000000000002,0,0.1,-3.6906552362469593,1.005178617348387,0.05165254424026526
304,30.400000000000002,1,0.2,-3.6795833847150425,1.0027603235236977,0.027565208268951088
304,30.400000000000002,2,0.3,-3.686585978387302,0.998565843794403,-0.014351855919261042
305,30.5,0,0.1,-3.6851947620955565,1.00547540971309,0.05460474151402944
305,30.5,1,0.2,-3.676864066864559,1.002723018548968,0.027193178504836848
305,30.5,2,0.3,-3.688380264152269,0.9982073230033953,-0.017942857649671344
306,30.6,0,0.1,-3.6794554758204665,1.0057557875319385,0.057392862750899346
306,30.6,1,0.2,-3.6741667816006522,1.0027009262106257,0.0269728526390663
306,30.6,2,0.3,-3.690490736627165,0.9978917530062568,-0.021104724748961225
307,30.7,0,0.1,-3.6734621360779345,1.0060113357372404,0.0599333974253215
307,30.7,1,0.2,-3.671477602825154,1.002692797860136,0.026891787754981817
307,30.7,2,0.3,-3.6928686934947925,0.9976248682320393,-0.023779568676274794
308,30.8,0,0.1,-3.667245748141665,1.0062357497751986,0.062163879362694636
308,30.8,1,0.2,-3.668782721246206,1.002698516036388,0.026948815789480003
308,30.8,2,0.3,-3.6954602593011328,0.9974117894012843,-0.02591565806340198
309,30.900000000000002,0,0.1,-3.660841425374,1.006424874292162,0.06404322767664802
309,30.900000000000002,1,0.2,-3.6660676437974553,1.0027187666095574,0.027150774487507304
309,30.900000000000002,2,0.3,-3.6982071727036385,0.9972568559119981,-0.027469134025057292
310,31.0,0,0.1,-3.6542863988327667,1.0065765577478782,0.0655502654123344
310,31.0,1,0.2,-3.663316892760322,1.0027545378241407,0.027507510371332398
310,31.0,2,0.3,-3.701047677138347,0.9971635259809721,-0.028405044347086846
311,31.1,0,0.1,-3.6476183374359845,1.0066903424143778,0.06668061396782127
311,31.1,1,0.2,-3.660514281642519,1.0028065421038257,0.0280261111780296
311,31.1,2,0.3,-3.70391746447539,0.9971343265663537,-0.02869787337042643
312,31.2,0,0.1,-3.640874100176773,1.006767030840277,0.06744237259211838
312,31.2,1,0.2,-3.657643733527089,1.0028746720837438,0.028705481154301438
312,31.2,2,0.3,-3.70675065817085,0.9971708160101465,-0.028331936954600394
313,31.3,0,0.1,-3.634088983770594,1.0068081874589103,0.06785116406178641
313,31.3,1,0.2,-3.6546905041401083,1.0029575944648546,0.02953229386980685
313,31.3,2,0.3,-3.7094808655112774,0.9972735162861047,-0.027302073404275762
314,31.400000000000002,0,0.1,-3.627296461845861,1.0068156434232307,0.06792521924733022
314,31.400000000000002,1,0.2,-3.651642598415839,1.003052555311556,0.030479057242693407
314,31.400000000000002,2,0.3,-3.712042361294017,0.9974417820482685,-0.025614957827397502
315,31.5,0,0.1,-3.6205283462477498,1.0067910710516512,0.06768115598111335
315,31.5,1,0.2,-3.648492141201493,1.0031554251203643,0.031504572143462146
315,31.5,2,0.3,-3.714371472694082,0.9976735988753062,-0.023291114000648035
316,31.6,0,0.1,-3.6138152488068056,1.0067356807860188,0.06713097440944076
316,31.6,1,0.2,-3.645236484508303,1.0032609620994066,0.03255656693189788
316,31.6,2,0.3,-3.716408208653185,0.9979653367801344,-0.02036735959102891
317,31.7,0,0.1,-3.6071871926712613,1.0066500703097971,0.06628056135544433
317,31.7,1,0.2,-3.6418788978716674,1.0033632296445087,0.03357586636635617
317,31.7,2,0.3,-3.7180981185292294,0.9983115172176502,-0.016899098760445957
318,31.8,0,0.1,-3.600674221245627,1.0065342269445028,0.06512971425634358
318,31.8,1,0.2,-3.638428777308812,1.0034560790793672,0.034501205628551586
318,31.8,2,0.3,-3.7193942865824656,0.9987046716097543,-0.012961680532361613
319,31.900000000000002,0,0.1,-3.594306879178776,1.0063876566831647,0.06367342066850766
319,31.900000000000002,1,0.2,-3.6349013992138546,1.0035336066143643,0.03527378094957573
319,31.900000000000002,2,0.3,-3.7202592921656166,0.9991353684263308,-0.008650055831509339
320,32.0,0,0.1,-3.5881164868842306,1.006209592371148,0.061903922945455644
320,32.0,1,0.2,-3.631317316684081,1.0035905130337544,0.0358408252977379
320,32.0,2,0.3,-3.7206669139853106,0.9995924612467929,-0.004076218196940127
321,32.1,0,0.1,-3.582135186371753,1.0059992242082385,0.059813005124772764
321,32.1,1,0.2,-3.6277015328090405,1.0036223287074115,0.03615783875040306
321,32.1,2,0.3,-3.7206033497082043,1.0000635662973576,0.0006356427710629741
322,32.2,0,0.1,-3.5763957886005917,1.005755899669764,0.05739397771161421
322,32.2,1,0.2,-3.6240825847692597,1.003625504338821,0.03618948039780749
322,32.2,2,0.3,-3.720067767491955,1.000535725666013,0.005355822162491565
323,32.3,0,0.1,-3.570931489641874,1.0054792554701464,0.05464298958718006
323,32.3,1,0.2,-3.6204916415277517,1.003597398402583,0.035909432415081974
323,32.3,2,0.3,-3.719072096951922,1.0009961663844973,0.009956705400329679
324,32.4,0,0.1,-3.565775537748655,1.0051692666868246,0.05155951893219084
324,32.4,1,0.2,-3.6169616715417328,1.00353620766752,0.03529969986018905
324,32.4,2,0.3,-3.717640083190648,1.0014330395825852,0.014320137612741998
325,32.5,0,0.1,-3.5609609252856043,1.0048262213328942,0.04814612463050525
325,32.5,1,0.2,-3.613526692775006,1.0034408850670262,0.034349787667266665
325,32.5,2,0.3,-3.715805740479202,1.0018360261472128,0.01834342711445976
326,32.6,0,0.1,-3.5565201537681856,1.004450646355142,0.04440771517418555
326,32.6,1,0.2,-3.6102210896355764,1.0033110726705265,0.033056031394295776
326,32.6,2,0.3,-3.7136114243116354,1.0021967254412019,0.0219431616756657
327,32.7,0,0.1,-3.552485086673104,1.0040432189390371,0.04035067095081444
327,32.7,1,0.2,-3.607078977182976,1.0031470540622753,0.031421124526004984
327,32.7,2,0.3,-3.7111057732084722,1.002508792870398,0.025056511031631066
328,32.8,0,0.1,-3.5488868741907615,1.0036046938202887,0.035982124823428045
328,32.8,1,0.2,-3.604133609970609,1.0029497090681148,0.029453672123668794
328,32.8,2,0.3,-3.7083417504480636,1.0027678461931924,0.027640227604088147
329,32.9,0,0.1,-3.545755915778012,1.0031358649824598,0.031309584127496404
329,32.9,1,0.2,-3.6014168615067317,1.0027204421691842,0.027167484638774445
329,32.9,2,0.3,-3.7053749512427037,1.0029712045095962,0.029667992053598734
330,33.0,0,0.1,-3.5431218248507124,1.0026375631928912,0.026340909272994553
330,33.0,1,0.2,-3.598958826820511,1.002461058130216,0.024580346862208207
330,33.0,2,0.3,-3.702262253811134,1.003117546904562,0.03112697431569567
331,33.1,0,0.1,-3.5410133741646157,1.0021106750312774,0.021084506860966336
331,33.1,1,0.2,-3.596787611955677,1.0021735736586685,0.02171214864833595
331,33.1,2,0.3,-3.6990608081235186,1.0032065757879793,0.03201445687615444
332,33.2,0,0.1,-3.539458424075568,1.0015561596507918,0.01554950089047469
332,33.2,1,0.2,-3.5949293622671306,1.0018599773044474,0.018582496885466163
332,33.2,2,0.3,-3.6958272949565507,1.0032387466099504,0.03233513166967804
333,33.3,0,0.1,-3.5384838593940797,1.0009750397239552,0.009745646814885432
333,33.3,1,0.2,-3.5934085456263056,1.0015219736689207,0.015208166408250155
333,33.3,2,0.3,-3.6926173622099476,1.0032150900974954,0.03209932746603266
334,33.4,0,0.1,-3.538115574071692,1.0003683531477534,0.0036828532238785713
334,33.4,1,0.2,-3.592248454410467,1.0011607643819391,0.011600912158384715
334,33.4,2,0.3,-3.6894851554901495,1.0031371172048122,0.03132206719798036
335,33.5,0,0.1,-3.538378539316843,0.9997370693271785,-0.002629652451511218
335,33.5,1,0.2,-3.591471834713239,1.000776921344389,0.00776619697228298
335,33.5,2,0.3,-3.686482895558363,1.0030067712277002,0.030022599317866678
336,33.6,0,0.1,-3.539296967828448,0.999081993114773,-0.009184285116048277
336,33.6,1,0.2,-3.5911015079857873,1.0003703953068592,0.003703267274515146
336,33.6,2,0.3,-3.6836604996637003,1.0028263826037636,0.02822395894662448
337,33.7,0,0.1,-3.5408945485523793,0.9984036947288498,-0.01597580723931435
337,33.7,1,0.2,-3.5911608324753534,0.9999406772700967,-0.0005932448956613627
337,33.7,2,0.3,-3.681065279313098,1.0025985908500354,0.025952203506025194
338,33.8,0,0.1,-3.5431946818974636,0.9977025099345981,-0.023001333450844073
338,33.8,1,0.2,-3.591673866442271,0.9994870976125058,-0.005130339669175157
338,33.8,2,0.3,-3.6787417602430565,1.0023262205323704,0.02323519070041379
339,33.9,0,0.1,-3.5462206069476765,0.996978648446809,-0.030259250502128868
339,33.9,1,0.2,-3.5926651409563903,0.9990092166361599,-0.009912745141193861
339,33.9,2,0.3,-3.676731655836685,1.0020121260205586,0.02010104406371365
340,34.0,0,0.1,-3.5499952920042848,0.9962324301117084,-0.0377468505660822
340,34.0,1,0.2,-3.59415901761347,0.9985072386212217,-0.014938766570797634
340,34.0,2,0.3,-3.6750739867755065,1.0016590437540271,0.01657669061178678
341,34.1,0,0.1,-3.554540966453103,0.9954646414923894,-0.045456744488183064
341,34.1,1,0.2,-3.5961786804720615,0.9979823752880858,-0.020196628585913135
341,34.1,2,0.3,-3.6738052889296102,1.0012695029834644,0.012686978458962092
342,34.2,0,0.1,-3.5598782081102156,0.9946769761113392,-0.053372416571123925
342,34.2,1,0.2,-3.598744874841982,0.9974370954921081,-0.025661943699204128
342,34.2,2,0.3,-3.6729598042731317,1.0008458421793838,0.008454846564784782
343,34.300000000000004,0,0.1,-3.5660245613828274,0.9938724969169163,-0.06146353272611728
343,34.300000000000004,1,0.2,-3.6018745439751516,0.9968752231761714,-0.03129669133169655
343,34.300000000000004,2,0.3,-3.672569521627157,1.0003903588161553,0.0039028264597451012
344,34.4,0,0.1,-3.5729927370023695,0.9930560458237794,-0.06968175619542501
344,34.4,1,0.2,-3.6055795203771335,0.9963018785546571,-0.03704976401982074
344,34.4,2,0.3,-3.6726639363475577,0.999905589736529,-0.000944147204005095
345,34.5,0,0.1,-3.580788519100932,0.9922345262005972,-0.07795782098562465
345,34.5,1,0.2,-3.6098654018163505,0.9957232898436165,-0.04285881439216982
345,34.5,2,0.3,-3.6732694341161336,0.999394685508205,-0.006054977685758714
346,34.6,0,0.1,-3.589408564967191,0.9914170002064072,-0.08620045866258741
346,34.6,1,0.2,-3.61473069152137,0.9951465266458467,-0.04865289705019579
346,34.6,2,0.3,-3.674408268557001,0.9988618137849768,-0.011388344408675815
347,34.7,0,0.1,-3.5988383149948793,0.9906145706447467,-0.09429750027688176
347,34.7,1,0.2,-3.6201662214866968,0.9945792157985642,-0.05435529965326514
347,34.7,2,0.3,-3.6760971829362283,0.9983125110340831,-0.016889143792271116
348,34.800000000000004,0,0.1,-3.609050228940644,0.9898400506111659,-0.10211913945764671
348,34.800000000000004,1,0.2,-3.626154823235657,0.9940292941847994,-0.05988601748960235
348,34.800000000000004,2,0.3,-3.6783458059376217,0.9977539032574183,-0.022486230013933586
349,34.9,0,0.1,-3.62000253044034,0.9891074565925232,-0.10952301499696572
349,34.9,1,0.2,-3.632671175879462,0.9935048327399629,-0.06516352643805161
349,34.9,2,0.3,-3.681155013491001,0.9971947345778741,-0.028092075533795932
350,35.0,0,0.1,-3.6316385822594803,0.9884313852114642,-0.11636051819140127
350,35.0,1,0.2,-3.63968175559236,0.9930139370753023,-0.07010579712898213
350,35.0,2,0.3,-3.6845154795888724,0.9966451739488287,-0.033604660978711696
351,35.1,0,0.1,-3.64388694244301,0.9878263456609665,-0.12248360183529532
351,35.1,1,0.2,-3.647144834899453,0.9925647003191364,-0.07463079307092785
351,35.1,2,0.3,-3.688406632094323,0.996116408218637,-0.038911525054507456
352,35.2,0,0.1,-3.6566620812389607,0.9873061169040078,-0.12775138795950533
352,35.2,1,0.2,-3.6550105276434546,0.9921651608691595,-0.07865692744001394
352,35.2,2,0.3,-3.6927961853620648,0.9956200667402104,-0.04389553267741535
353,35.300000000000004,0,0.1,-3.66986568450819,0.9868831819214413,-0.13203603269228903
353,35.300000000000004,1,0.2,-3.6632209327114675,0.9918232082517797,-0.08210405068012844
353,35.300000000000004,2,0.3,-3.6976403477416215,0.9951675516524989,-0.048441623795566914
354,35.4,0,0.1,-3.6833884414455937,0.986568264790023,-0.1352275693740467
354,35.4,1,0.2,-3.671710479460975,0.9915463876915592,-0.08489546749507898
354,35.4,2,0.3,-3.7028847117098547,0.9947693637003684,-0.05244363968233433
355,35.5,0,0.1,-3.6971122162685455,0.98636996685487,-0.13723774822951534
355,35.5,1,0.2,-3.680406603574448,0.9913415778078115,-0.08696124113472746
355,35.5,2,0.3,-3.7084657433758696,0.9944345133586768,-0.055810316660149004
356,35.6,0,0.1,-3.7109125302185912,0.9862944738477366,-0.13800313950045576
356,35.6,1,0.2,-3.689230871733887,0.9912145514261077,-0.08824268159439139
356,35.6,2,0.3,-3.714312712407919,0.9941700912249222,-0.05846969032049204
357,35.7,0,0.1,-3.7246613189007007,0.9863452942440216,-0.13748788682109297
357,35.7,1,0.2,-3.6981006231721922,0.9911694687635109,-0.08869751438305025
357,35.7,2,0.3,-3.7203498563535793,0.9939810429903942,-0.060371439456602644
358,35.800000000000004,0,0.1,-3.7382299624253754,0.9865229955778748,-0.13568643524674492
358,35.800000000000004,1,0.2,-3.706931112107117,0.9912083853221045,-0.08830488934924538
358,35.800000000000004,2,0.3,-3.7264985629784153,0.9938701579876174,-0.061487066248359326
359,35.9,0,0.1,-3.7514925933891927,0.9868249302016342,-0.13262630963818056
359,35.9,1,0.2,-3.715638033436098,0.9913308741369385,-0.08706921328981705
359,35.9,2,0.3,-3.732679381778882,0.9938382431669801,-0.061808188004669654
360,36.0,0,0.1,-3.7643296576621466,0.9872449793947747,-0.12837064272953652
360,36.0,1,0.2,-3.7241402180364465,0.991533856755392,-0.0850218460034823
360,36.0,2,0.3,-3.738813734822036,0.9938844236864931,-0.06134353043154041
361,36.1,0,0.1,-3.7766316341419794,0.9877733834907518,-0.12301976479832713
361,36.1,1,0.2,-3.7323622186233494,0.9918117076137111,-0.08222000586902806
361,36.1,2,0.3,-3.7448252745722495,0.9940064934011067,-0.06011539750213316
362,36.2,0,0.1,-3.7883027257089403,0.9883967514317712,-0.11671091566960723
362,36.2,1,0.2,-3.740236492749405,0.9921566467573848,-0.07874274126055679
362,36.2,2,0.3,-3.7506409155168,0.9942012371603977,-0.05815640944550366
363,36.300000000000004,0,0.1,-3.7992642413223656,0.9890983428859149,-0.10961515613425132
363,36.300000000000004,1,0.2,-3.747704935609869,0.9925593766596693,-0.07468442860463559
363,36.300000000000004,2,0.3,-3.7561916301959335,0.9944646620737797,-0.05550714679133516
364,36.4,0,0.1,-3.809457331546601,0.9898586832600046,-0.10193090224235893
364,36.4,1,0.2,-3.754719616329916,0.993009864726398,-0.07014680720047693
364,36.4,2,0.3,-3.7614131355231386,0.9947921030360529,-0.052215053272054085
365,36.5,0,0.1,-3.818844745282482,0.9906565104800602,-0.0938741373588079
365,36.5,1,0.2,-3.761242706930896,0.9934981385694991,-0.06523090600979571
365,36.5,2,0.3,-3.7662465958222304,0.9951782020727032,-0.0483346029909175
366,36.6,0,0.1,-3.827411356990323,0.9914699771548309,-0.08566611707841221
366,36.6,1,0.2,-3.7672457324959088,0.9940149565925105,-0.06003025565012891
366,36.6,2,0.3,-3.770639436818513,0.9956167934170818,-0.04392840996282503
367,36.7,0,0.1,-3.835163361473251,0.9922779648131173,-0.07752004482927678
367,36.7,1,0.2,-3.772708381297336,0.9945522443335407,-0.0546264880142725
367,36.7,2,0.3,-3.774546309320556,0.996100749395173,-0.039068725020427464
368,36.800000000000004,0,0.1,-3.84212621565028,0.9930613303285004,-0.069628541770287
368,36.800000000000004,1,0.2,-3.7776171688290683,0.9951032408761026,-0.04908787531732114
368,36.800000000000004,2,0.3,-3.7779301766719864,0.9966218514752933,-0.03383867351430544
369,36.9,0,0.1,-3.848341579037145,0.9938039120289036,-0.06215363386865478
369,36.9,1,0.2,-3.7819642378394263,0.9956623658178982,-0.043470690103582205
369,36.9,2,0.3,-3.7807634413992988,0.997170745179259,-0.0283326472731254
370,37.0,0,0.1,-3.8538636235597115,0.9944931739400596,-0.05522044522566471
370,37.0,1,0.2,-3.785746502596623,0.996224878996789,-0.037822647571967315
370,37.0,2,0.3,-3.783028986253839,0.9977370195552433,-0.022655448545400813
371,37.1,0,0.1,-3.8587551209893096,0.995120446461514,-0.04891497429598088
371,37.1,1,0.2,-3.78896522986057,0.9967864472853432,-0.0321872726394674
371,37.1,2,0.3,-3.7847209899683736,0.9983094269167588,-0.016920037145346827
372,37.2,0,0.1,-3.8630836688293124,0.9956808068209655,-0.04328547840002744
372,37.2,1,0.2,-3.791626020838576,0.9973427457887468,-0.026607909780062732
372,37.2,2,0.3,-3.785845388859469,0.9988762330084798,-0.011243988910955967
373,37.300000000000004,0,0.1,-3.866918303091644,0.996172708558955,-0.03834634262331383
373,37.300000000000004,1,0.2,-3.7937390487473155,0.9978892029631574,-0.02113027908739321
373,37.300000000000004,2,0.3,-3.7864198864330376,0.9994256674185654,-0.00574497573568414
374,37.4,0,0.1,-3.8703266056947685,0.9965974990670383,-0.03408302603124829
374,37.4,1,0.2,-3.7953193403185788,0.9984209564319724,-0.015802915712633602
374,37.4,2,0.3,-3.786473455388041,0.9999464324797877,-0.0005356895500341657
375,37.5,0,0.1,-3.873372286215083,0.9969589528594761,-0.030456805203144654
375,37.5,1,0.2,-3.7963868796754654,0.9989330302605381,-0.010675393568866225
375,37.5,2,0.3,-3.7860453203181357,1.0004282267328053,0.004281350699053494
376,37.6,0,0.1,-3.8761131358196557,0.9972629030943939,-0.027408496045726205
376,37.6,1,0.2,-3.796966358209181,0.9994206893315436,-0.005794785337154191
376,37.6,2,0.3,-3.7851834476173103,1.000862244219828,0.008618727008253712
377,37.7,0,0.1,-3.878599232622097,0.9975169909768448,-0.02486096802441349
377,37.7,1,0.2,-3.797086480112646,0.9998798853108819,-0.0012012190346499636
377,37.7,2,0.3,-3.7839425980414565,1.001241619748212,0.012408495758537797
378,37.800000000000004,0,0.1,-3.880871320345242,0.9977304915143781,-0.022720877231447677
378,37.800000000000004,1,0.2,-3.7967788371768014,1.0003076902627854,0.0030764293584439445
378,37.800000000000004,2,0.3,-3.7823820174503306,1.0015617989307066,0.015605805911258264
379,37.9,0,0.1,-3.8829593669528646,0.9979141318451942,-0.020880466076228586
379,37.9,1,0.2,-3.7960764631282227,1.000702620770991,0.007023740485787976
379,37.9,2,0.3,-3.780562855609641,1.001820817519421,0.01819161840689635
380,38.0,0,0.1,-3.8848814071548,0.9980798057344893,-0.019220402019355102
380,38.0,1,0.2,-3.795012246049544,1.0010647835586086,0.01064217078678527
380,38.0,2,0.3,-3.778545415575815,1.00201947643518,0.020174400338261723
381,38.1,0,0.1,-3.8866428505182764,0.9982401070674196,-0.017614433634762533
381,38.1,1,0.2,-3.7936174048988187,1.0013958143940973,0.013948411507253924
381,38.1,2,0.3,-3.776386350054714,1.0021613979814057,0.021590655211007587
382,38.2,0,0.1,-3.888236469310814,0.9984076503436279,-0.015936187925373654
382,38.2,1,0.2,-3.7919202211139535,1.0016986248163813,0.016971837848651396
382,38.2,2,0.3,-3.7741359368055054,1.0022529473296575,0.02250413249208684
383,38.300000000000004,0,0.1,-3.8896432529434573,0.9985942054236008,-0.014067836326434402
383,38.300000000000004,1,0.2,-3.7899451666916595,1.001977006126976,0.019750544222940366
383,38.300000000000004,2,0.3,-3.771835580529871,1.0023030041250747,0.02300356275634264
384,38.4,0,0.1,-3.89083422946826,0.9988097324062709,-0.011909765248026682
384,38.4,1,0.2,-3.7877125003633068,1.002235160583754,0.02232666328352855
384,38.4,2,0.3,-3.7695156994529513,1.0023225740831072,0.023198810769199593
385,38.5,0,0.1,-3.8917732239042953,0.9990614462812855,-0.009389944360353874
385,38.5,1,0.2,-3.785238330213764,1.0024772334343488,0.024741701495427298
385,38.5,2,0.3,-3.7671941556443267,1.0023242406780153,0.023215438086245602
386,38.6,0,0.1,-3.892420374392193,0.9993530588688153,-0.006471504878975317
386,38.6,1,0.2,-3.7825350792195853,1.0027069080717377,0.027032509941786357
386,38.6,2,0.3,-3.764875374069809,1.0023214720276357,0.023187815745177812
387,38.7,0,0.1,-3.892736092381657,0.9996843318442155,-0.00315717989464388
387,38.7,1,0.2,-3.7796122499205964,1.0029271049291755,0.029228292989888632
387,38.7,2,0.3,-3.7625502630808656,1.0023278161556968,0.023251109889432468
388,38.800000000000004,0,0.1,-3.8926850633155516,1.0000510303681103,0.0005102906610554497
388,38.800000000000004,1,0.2,-3.7764773697696343,1.003139799026428,0.03134880150962038
388,38.800000000000004,2,0.3,-3.760196997896986,1.0023560362856785,0.023532651838795382
389,38.9,0,0.1,-3.8922398623090215,1.0004453001232065,0.004452010065301413
389,38.9,1,0.2,-3.7731370074280113,1.003345947569073,0.03340362341623239
389,38.9,2,0.3,-3.7577826613326497,1.0024172534218123,0.024143365643364542
390,39.0,0,0.1,-3.8913838132937455,1.0008564155298119,0.00856049015276016
390,39.0,1,0.2,-3.7695977753461047,1.0035455025591469,0.035392320819064904
390,39.0,2,0.3,-3.755265658852346,1.0025201727903814,0.02517002480303585
391,39.1,0,0.1,-3.8901128404918817,1.0012717808300864,0.012709728018638164
391,39.1,1,0.2,-3.7658672657584913,1.0037374765993123,0.03730509587613398
391,39.1,2,0.3,-3.7525987474911378,1.0026704707327854,0.026669113612082972
392,39.2,0,0.1,-3.8884362222257876,1.0016780245763377,0.01676618266094086
392,39.2,1,0.2,-3.7619548961348186,1.0039200329323485,0.0391236962367264
392,39.2,2,0.3,-3.7497324518247694,1.002870407419353,0.02866295666368272
393,39.300000000000004,0,0.1,-3.886376323456371,1.0020620218183918,0.020598987694166723
393,39.300000000000004,1,0.2,-3.7578726589864244,1.0040905808282254,0.04082237148394116
393,39.300000000000004,2,0.3,-3.7466185967411536,1.0031187081663149,0.031138550836157908
394,39.4,0,0.1,-3.8839675192643415,1.0024117076916998,0.02408804192029516
394,39.4,1,0.2,-3.7536357765821795,1.0042458706801045,0.042368824042451535
394,39.4,2,0.3,-3.7432136755923295,1.0034107244775954,0.03404921148824263
395,39.5,0,0.1,-3.8812546002643704,1.0027166022947949,0.027129189999710205
395,39.5,1,0.2,-3.749263254893129,1.004382095110256,0.043725216890506055
395,39.5,2,0.3,-3.739481797699832,1.0037388500191438,0.03731877892497462
396,39.6,0,0.1,-3.8782909620613824,1.0029680341202507,0.029636382029880195
396,39.6,1,0.2,-3.744778317973314,1.0044950093017717,0.04484936919814711
396,39.6,2,0.3,-3.735397018513191,1.0040931332681293,0.04084779186641127
397,39.7,0,0.1,-3.87513683102828,1.0031591105383506,0.031541310331024246
397,39.7,1,0.2,-3.7402086909367416,1.0045800837038217,0.045696270365724226
397,39.7,2,0.3,-3.7309449390667813,1.0044620046759452,0.044520794464095105
398,39.800000000000004,0,0.1,-3.8718576882857154,1.0032845250125968,0.032791427425644205
398,39.800000000000004,1,0.2,-3.73558669336323,1.004632695479845,0.046219975735114945
398,39.800000000000004,2,0.3,-3.726123553248564,1.004833027400822,0.04821385818217048
399,39.9,0,0.1,-3.8685229498609344,1.003340304850767,0.03334738424781237
399,39.9,1,0.2,-3.730949109677741,1.0046483539195599,0.04637583685489319
399,39.9,2,0.3,-3.7209434042272913,1.0051935891905524,0.05180149021273134
400,40.0,0,0.1,-3.865204869563358,1.0033235912195484,0.03318080297576251
400,40.0,1,0.2,-3.7263368194850006,1.0046229431750697,0.046122901927402774
400,40.0,2,0.3,-3.7154271699587476,1.0055314767028545,0.05516234268543673
401,40.1,0,0.1,-3.8619775707613053,1.0032325121376535,0.03227298802052701
401,40.1,1,0.2,-3.721794195868335,1.0045529569722504,0.04542623616665622
401,40.1,2,0.3,-3.7096088230263353,1.0058353063889718,0.0581834693241215
402,40.2,0,0.1,-3.858916091918613,1.00306616995507,0.030614788426923233
402,40.2,1,0.2,-3.717368307263064,1.0044356973156587,0.04425888605270981
402,40.2,2,0.3,-3.703532501597449,1.0060948197181443,0.060763214288862805
403,40.300000000000004,0,0.1,-3.8560953456137246,1.002824728352982,0.02820746304888337
403,40.300000000000004,1,0.2,-3.7131079815553174,1.0042694137968042,0.042603257077464214
403,40.300000000000004,2,0.3,-3.697251193603444,1.0063010767786627,0.06281307994004859
404,40.4,0,0.1,-3.853588930760657,1.0025095585366854,0.02506414853067938
404,40.4,1,0.2,-3.7090628033210398,1.0040533710111073,0.04045178234277865
404,40.4,2,0.3,-3.6908252886952537,1.0064465953296193,0.06425904908190648
405,40.5,0,0.1,-3.851467787725097,1.0021233942508836,0.02121143035559628
405,40.5,1,0.2,-3.7052821130361098,1.003787846109589,0.03780690284929946
405,40.5,2,0.3,-3.6843210072702326,1.006525480199458,0.06504281425021037
406,40.6,0,0.1,-3.8497987311308575,1.0016704502444496,0.01669056594239636
406,40.6,1,0.2,-3.7018140606814924,1.0034740730061509,0.034680523546172855
406,40.6,2,0.3,-3.6778086859305126,1.0065335726109923,0.06512321339719924
407,40.7,0,0.1,-3.848642924423378,1.0011564749094644,0.011558067074792623
407,40.7,1,0.2,-3.698704739032494,1.0031141606035459,0.031093216489983092
407,40.7,2,0.3,-3.6713608918943867,1.006468625809018,0.0644779403612574
408,40.800000000000004,0,0.1,-3.8480543686753745,1.000588728980922,0.005885557480036413
408,40.800000000000004,1,0.2,-3.6959973903059167,1.00271101690474,0.02707348726577369
408,40.800000000000004,2,0.3,-3.6650503562317818,1.0063304890428706,0.06310535662604887
409,40.9,0,0.1,-3.8480784668981034,0.9999759020676308,-0.00024098222728864674
409,40.9,1,0.2,-3.693731651132971,1.0022683078996006,0.022657391729456088
409,40.9,2,0.3,-3.6589477521232165,1.006121262933515,0.06102604108565571
410,41.0,0,0.1,-3.848750700518793,0.9993279922777092,-0.0067223362068967885
410,41.0,1,0.2,-3.6919427818727715,1.0017904702413212,0.01788869260199696
410,41.0,2,0.3,-3.6531193900005086,1.005845380071416,0.05828362122707904
411,41.1,0,0.1,-3.8500954258789775,0.9986561783778244,-0.013447253601843543
411,41.1,1,0.2,-3.690660821912263,1.0012827820224248,0.01281959960508487
411,41.1,2,0.3,-3.6476249449927574,1.0055095671539704,0.054944450077511246
412,41.2,0,0.1,-3.8521247752735763,0.9979727083426925,-0.020293493945988384
412,41.2,1,0.2,-3.6899096246925445,1.000751479439013,0.007511972197184917
412,41.2,2,0.3,-3.6425153630604643,1.0051226581078316,0.051095819322929774
413,41.300000000000004,0,0.1,-3.854837637174662,0.9972908145834117,-0.02712861901085845
413,41.300000000000004,1,0.2,-3.6897057534234188,1.0002038920522853,0.002038712691256854
413,41.300000000000004,2,0.3,-3.6378311030323016,1.0046952483248153,0.046842600281626234
414,41.4,0,0.1,-3.8582186985855356,0.99662464794089,-0.03381061410873546
414,41.4,1,0.2,-3.6900572566486924,0.9996485585447473,-0.0035150322527368384
414,41.4,2,0.3,-3.6336008590699715,1.004239204074352,0.04230243962330312
415,41.5,0,0.1,-3.8622375595637295,0.9959892038361804,-0.04018860978193871
415,41.5,1,0.2,-3.690962385942302,0.9990952802123483,-0.009051292936095173
415,41.5,2,0.3,-3.6298408728068368,1.0037670638792842,0.03759986263134731
416,41.6,0,0.1,-3.8668479722507016,0.9954001989513258,-0.04610412686972089
416,41.6,1,0.2,-3.692408359216289,0.9985550716416667,-0.014459732739870796
416,41.6,2,0.3,-3.6265548912708407,1.0032913862916777,0.03285981535995972
417,41.7,0,0.1,-3.8719873070021666,0.9948738490344129,-0.05139334751464924
417,41.7,1,0.2,-3.6943703059042248,0.9980399766714191,-0.01961946687935673
417,41.7,2,0.3,-3.623734763320342,1.0028241082521012,0.02820127950498867
418,41.800000000000004,0,0.1,-3.8775763965195886,0.994426500385418,-0.055890895174219066
418,41.800000000000004,1,0.2,-3.6968105493248435,0.9975627315529787,-0.02440243420618736
418,41.800000000000004,2,0.3,-3.621361603051407,1.0023759784426511,0.02373160268934937
419,41.9,0,0.1,-3.8835199440031625,0.9940740804533199,-0.05943547483574179
419,41.9,1,0.2,-3.699678383180491,0.9971362744516118,-0.028678338556475357
419,41.9,2,0.3,-3.6194073933496433,1.0019561204139842,0.019542097017636317
420,42.0,0,0.1,-3.8897076922577,0.9938313564343808,-0.06187748254537518
420,42.0,1,0.2,-3.702910481608227,0.9967731191796004,-0.032320984277358175
420,42.0,2,0.3,-3.6178368654815256,1.0015717617928968,0.015705278681177104
421,42.1,0,0.1,-3.8960165283020345,0.9937110228776084,-0.06308836044334319
421,42.1,1,0.2,-3.706432045544339,0.9964846294978419,-0.035215639361120876
421,42.1,2,0.3,-3.616609478032557,1.0012281409972106,0.012273874489685357
422,42.2,0,0.1,-3.902313637095491,0.9937226764444059,-0.06297108793456374
422,42.2,1,0.2,-3.7101587343038447,0.9962802467269082,-0.03726688759505717
422,42.2,2,0.3,-3.6156813334736833,1.0009285754183246,0.00928144558873787
423,42.300000000000004,0,0.1,-3.9084607189826803,0.9938717727671907,-0.06147081887189289
423,42.300000000000004,1,0.2,-3.713999364047895,0.9961667360415959,-0.03840629744050473
423,42.300000000000004,2,0.3,-3.615006911104016,1.0006746498435688,0.006744223696672951
424,42.4,0,0.1,-3.9143191562369646,0.9941586899267529,-0.058584372542845875
424,42.4,1,0.2,-3.7178592800505665,0.996147523897561,-0.03859916002671546
424,42.4,2,0.3,-3.6145405537223914,1.0004664661431348,0.0046635738162462016
425,42.5,0,0.1,-3.919755870628269,0.9945780377938017,-0.054367143913042544
425,42.5,1,0.2,-3.7216442351546704,0.9962221988098725,-0.03784955104103761
425,42.5,2,0.3,-3.6142377102925383,1.0003028892915542,0.0030284342985309035
426,42.6,0,0.1,-3.9246494793175466,0.9951183455060567,-0.04893608689277615
426,42.6,1,0.2,-3.7252645417482038,0.9963862388152044,-0.03620306593533355
426,42.6,2,0.3,-3.614055993854521,1.0001817329494496,0.0018171643801734047
427,42.7,0,0.1,-3.928896257329528,0.9957622267981073,-0.042467780119811956
427,42.7,1,0.2,-3.7286392185770167,0.9966310109930505,-0.03374676828812936
427,42.7,2,0.3,-3.613956149411121,1.0000998494280222,0.0009984444339972002
428,42.800000000000004,0,0.1,-3.9324153760291414,0.9964870661414069,-0.035191186996134716
428,42.800000000000004,1,0.2,-3.731699834968653,0.9969440625200436,-0.03060616391636418
428,42.800000000000004,2,0.3,-3.6139030308954845,1.0000531199264502,0.000531185156367179
429,42.9,0,0.1,-3.9351529240415095,0.9972661956552562,-0.027375480123682964
429,42.9,1,0.2,-3.7343937684884883,0.9973096918628257,-0.026939335198351986
429,42.9,2,0.3,-3.6138666568145066,1.000036374742523,0.00036374080977898804
430,43.0,0,0.1,-3.9370843306066234,0.998070457400328,-0.01931406565113897
430,43.0,1,0.2,-3.7366866376141474,0.9977097574908749,-0.02292869125659148
430,43.0,2,0.3,-3.6138233561647537,1.0000433015872396,0.0004330064975288588
431,43.1,0,0.1,-3.938214984942505,0.998869984612899,-0.011306543358817594
431,43.1,1,0.2,-3.7385637429897396,0.9981246552848826,-0.018771053755921318
431,43.1,2,0.3,-3.613756942787565,1.0000664155826058,0.0006641337718882218
432,43.2,0,0.1,-3.9385790480141787,0.9996360031912452,-0.0036406307167346536
432,43.2,1,0.2,-3.7400304386508725,0.9985343794112826,-0.014666956611328677
432,43.2,2,0.3,-3.613659785586252,1.0000971619212267,0.0009715720131309031
433,43.300000000000004,0,0.1,-3.938236647789845,1.0003424588499814,0.0034240022433351183
433,43.300000000000004,1,0.2,-3.741111445095147,0.998919577632709,-0.010810064442745416
433,43.300000000000004,2,0.3,-3.613533592974047,1.0001262005748275,0.00126192612204699
434,43.4,0,0.1,-3.9372698015758667,1.000967313760449,0.009668462139785223
434,43.4,1,0.2,-3.7418491963915335,0.9992625207751902,-0.00737751296386466
434,43.4,2,0.3,-3.6133897176167364,1.0001438857078664,0.0014387535731064922
435,43.5,0,0.1,-3.935777497252339,1.001493418363718,0.014923043235275168
435,43.5,1,0.2,-3.742301374116858,0.9995479244916158,-0.004521777253243478
435,43.5,2,0.3,-3.6132488189109067,1.0001409086325186,0.0014089870582978193
436,43.6,0,0.1,-3.933870383283036,1.001908933667756,0.0190711396930296
436,43.6,1,0.2,-3.742537817286369,0.9997635847809723,-0.002364431695109881
436,43.6,2,0.3,-3.6131397922450557,1.000109032609474,0.0010902666585099598
437,43.7,0,0.1,-3.9316654745521813,1.002207341329668,0.022049087308548508
437,43.7,1,0.2,-3.7426370104044273,0.9999008118014163,-0.0009919311805850343
437,43.7,2,0.3,-3.6130979725960253,1.0000418205234842,0.0004181964903038289
438,43.800000000000004,0,0.1,-3.929281196793389,1.0023871224093706,0.023842777587920964
438,43.800000000000004,1,0.2,-3.74268234611981,0.9999546653122653,-0.00045335715382676577
438,43.800000000000004,2,0.3,-3.6131627254745187,0.9999352492179289,-0.0006475287849338948
439,43.9,0,0.1,-3.9268329894174907,1.0024512066827185,0.02448207375898598
439,43.9,1,0.2,-3.742758341426255,0.9999240075811249,-0.0007599530644509121
439,43.9,2,0.3,-3.6133746291756728,0.9997881187488495,-0.0021190370115410457
440,44.0,0,0.1,-3.9244295852273674,1.0024062946811827,0.0240340419012327
440,44.0,1,0.2,-3.742946963282231,0.9998113959320079,-0.0018862185597612055
440,44.0,2,0.3,-3.6137725110216343,0.9996021972985232,-0.0039788184596156176
441,44.1,0,0.1,-3.9221700001166764,1.002262139897017,0.02259585110690988
441,44.1,1,0.2,-3.7433241954372214,0.999622838988113,-0.003772321549901871
441,44.1,2,0.3,-3.6143906168413924,0.999382085168292,-0.006181058197580659
442,44.2,0,0.1,-3.920141203679056,1.0020308558375786,0.020287964376204105
442,44.2,1,0.2,-3.7439569551982768,0.9993674403891842,-0.006327597610553591
442,44.2,2,0.3,-3.615256166657826,0.9991348246637574,-0.00865549816433374
443,44.300000000000004,0,0.1,-3.918416403955635,1.0017262880460271,0.017247997234210753
443,44.300000000000004,1,0.2,-3.7449004468212337,0.9990569533253182,-0.009434916229569134
443,44.300000000000004,2,0.3,-3.6163874881719824,0.9988693181887685,-0.011313215141566085
444,44.4,0,0.1,-3.9170538634179715,1.001363469217762,0.013625405376634588
444,44.4,1,0.2,-3.7461960160365786,0.9987052696721331,-0.012955692153449787
444,44.4,2,0.3,-3.617792836565789,0.998595638645815,-0.014053483938068734
445,44.5,0,0.1,-3.9160961636433056,1.0009581585155285,0.00957699774665852
445,44.5,1,0.2,-3.74786954685324,0.9983278687551843,-0.016735308166615264
445,44.5,2,0.3,-3.6194699200550997,0.9983243220293708,-0.016770834893104807
446,44.6,0,0.1,-3.9155698473129865,1.0005264548590609,0.005263163303190691
446,44.6,1,0.2,-3.7499304171708245,0.9979412518175832,-0.020608703175843665
446,44.6,2,0.3,-3.621406070242017,0.9980657229427742,-0.019361501869172574
447,44.7,0,0.1,-3.915485382900693,1.0000844679795127,0.0008446441229370429
447,44.7,1,0.2,-3.7523710053092425,0.9975623876754084,-0.024405881384179304
447,44.7,2,0.3,-3.623578936068624,0.997829493137463,-0.02172865826607109
448,44.800000000000004,0,0.1,-3.9158374154314624,0.9996480294254113,-0.0035203253076953656
448,44.800000000000004,1,0.2,-3.755166718155166,0.9972081915198922,-0.027957128459234638
448,44.800000000000004,2,0.3,-3.6259575468703646,0.9976242158513194,-0.02378610801740477
449,44.9,0,0.1,-3.916605282896261,0.999232427269979,-0.007678674647988873
449,44.9,1,0.2,-3.758276496762827,0.9968950517454265,-0.03109778607660995
449,44.9,2,0.3,-3.6285035854670955,0.9974571998105841,-0.025460385967310043
450,45.0,0,0.1,-3.9177537904423976,0.9988521517362342,-0.011485075461363629
450,45.0,1,0.2,-3.7616437500924516,0.9966384095100131,-0.03367253329624683
450,45.0,2,0.3,-3.6311727335728357,0.997334410902854,-0.02669148105740111
451,45.1,0,0.1,-3.9192342426180518,0.9985206431530742,-0.014804521756541579
451,45.1,1,0.2,-3.765197673638029,0.9964523841661187,-0.03553923545577436
451,45.1,2,0.3,-3.6339159924833866,0.9972605003858142,-0.027432589105508998
452,45.2,0,0.1,-3.9209857379649593,0.9982500376259387,-0.01751495346907525
452,45.2,1,0.2,-3.768854925738692,0.996349427500325,-0.03657252100662981
452,45.2,2,0.3,-3.6366809330016308,0.9972388784092774,-0.02764940518244124
453,45.300000000000004,0,0.1,-3.922936730960756,0.9980509089539402,-0.019509929957965688
453,45.300000000000004,1,0.2,-3.7725216557898262,0.9963399841945505,-0.036667300511341074
453,45.300000000000004,2,0.3,-3.639412879898531,0.9972717814740137,-0.027319468969002225
454,45.4,0,0.1,-3.9250068646567424,0.9979320075529612,-0.020701336959866378
454,45.4,1,0.2,-3.7760958977397032,0.9964321380493973,-0.03574241949877192
454,45.4,2,0.3,-3.642056078396956,0.9973602916749748,-0.026431984984253535
455,45.5,0,0.1,-3.927109073837116,0.9978999989137824,-0.021022091803737077
455,45.5,1,0.2,-3.779470349919504,0.996631234885248,-0.03374452179800654
455,45.5,2,0.3,-3.6445549155051906,0.9975042823863017,-0.02498837108234362
456,45.6,0,0.1,-3.9291519527248506,0.9979592063691233,-0.02042878887734438
456,45.6,1,0.2,-3.782535549968995,0.9969394928800334,-0.030652000494910243
456,45.6,2,0.3,-3.646855272586319,0.9977022867126105,-0.023003570811281578
457,45.7,0,0.1,-3.9310423716771634,0.9981113667641669,-0.018904189523127623
457,45.7,1,0.2,-3.7851834167638256,0.9973556357123781,-0.02647866794830607
457,45.7,2,0.3,-3.648906065801915,0.9979513082240259,-0.020507932155959516
458,45.800000000000004,0,0.1,-3.9326883117076363,0.9983554137859505,-0.01645940030472891
458,45.800000000000004,1,0.2,-3.787311071730192,0.9978746068870297,-0.021276549663662134
458,45.800000000000004,2,0.3,-3.650660990196321,0.9982466145850126,-0.017549243944063625
459,45.9,0,0.1,-3.934001861990327,0.9986873120468697,-0.0131355028269072
459,45.9,1,0.2,-3.7888247795279066,0.9984874372800898,-0.015137077977148444
459,45.9,2,0.3,-3.652080427069371,0.99858157005099,-0.01419436873050098
460,46.0,0,0.1,-3.9349022932596194,0.9990999739972957,-0.009004312692923882
460,46.0,1,0.2,-3.7896437794547713,0.9991813353620356,-0.008189999268646159
460,46.0,2,0.3,-3.653133412096162,0.9989475691674059,-0.010529850267908387
461,46.1,0,0.1,-3.935319081706084,0.9995832983977743,-0.004167884464645274
461,46.1,1,0.2,-3.789703733909419,0.9999400473425847,-0.0005995445464756969
461,46.1,2,0.3,-3.6537995049349647,0.9993341289517853,-0.006660928388026915
462,46.2,0,0.1,-3.9351947198426087,1.0001243695967321,0.0012436186347519573
462,46.2,1,0.2,-3.788959516052719,1.0007444948555206,0.007442178566998586
462,46.2,2,0.3,-3.6540703621181536,0.9997291794953064,-0.0027085718318886234
463,46.300000000000004,0,0.1,-3.9344871224747826,1.0007078477739022,0.007075973678260971
463,46.300000000000004,1,0.2,-3.7873871038216986,1.001573649119347,0.015724122310203148
463,46.300000000000004,2,0.3,-3.653950804630093,1.0001195646353422,0.0011955748806080466
464,46.4,0,0.1,-3.9331714283085466,1.0013165600715195,0.013156941662360781
464,46.4,1,0.2,-3.7849844370638763,1.002405555474675,0.024026667578224394
464,46.4,2,0.3,-3.653459196405334,1.0004917290838864,0.004916082247588273
465,46.5,0,0.1,-3.9312410199144767,1.0019322728318698,0.01930408394069855
465,46.5,1,0.2,-3.7817712110334054,1.0032183939750077,0.03213226030470871
465,46.5,2,0.3,-3.652627010315828,1.0008325324524225,0.00832186089505959
466,46.6,0,0.1,-3.928707640290943,1.0025365913412863,0.025333796235335798
466,46.6,1,0.2,-3.77778769656555,1.0039914592074384,0.03983514467855219
466,46.6,2,0.3,-3.6514975468765676,1.0011301015232992,0.011294634392604424
467,46.7,0,0.1,-3.9256005686231825,1.003111903618044,0.031070716677605418
467,46.7,1,0.2,-3.7730927681868556,1.0047059668230762,0.04694928378694496
467,46.7,2,0.3,-3.6501238739684903,1.0013746168288697,0.013736729080773084
468,46.800000000000004,0,0.1,-3.921964918192732,1.003642267424072,0.03635650430450392
468,46.800000000000004,1,0.2,-3.767761367558472,1.0053456378348864,0.053314006283837
468,46.800000000000004,2,0.3,-3.6485661553445237,1.0015589324978318,0.015577186239665641
469,46.9,0,0.1,-3.9178592171149997,1.0041141410150691,0.04105701077732571
469,46.9,1,0.2,-3.7618816261673684,1.0058970609988156,0.058797413911037
469,46.9,2,0.3,-3.646888613396728,1.0016789498084273,0.016775419477955533
470,47.0,0,0.1,-3.913352507944756,1.0045168796567514,0.04506709170243475
470,47.0,1,0.2,-3.7555518279481914,1.0063498737275445,0.06329798219176917
470,47.0,2,0.3,-3.6451564134659775,1.001733701055675,0.01732199930750664
471,47.1,0,0.1,-3.908521239765084,1.0048429575730675,0.04831268179671986
471,47.1,1,0.2,-3.748877329920418,1.006696822129488,0.0667449802777344
471,47.1,2,0.3,-3.643432755837653,1.0017251439799986,0.017236576283243574
472,47.2,0,0.1,-3.9034462192786687,1.0050879202157823,0.050750204864153214
472,47.2,1,0.2,-3.7419675004634176,1.0069337574095036,0.06909829457000151
472,47.2,2,0.3,-3.641776418859353,1.0016577094620533,0.01656336978300009
473,47.300000000000004,0,0.1,-3.8982098390092608,1.0052501140699075,0.052363802694079066
473,47.300000000000004,1,0.2,-3.734932699393033,1.0070596034091632,0.07034801070384578
473,47.300000000000004,2,0.3,-3.640239921392122,1.0015376784842636,0.015364974672311463
474,47.4,0,0.1,-3.8928937233709733,1.005330271254208,0.053161156382877904
474,47.4,1,0.2,-3.727881320297567,1.007076298606913,0.07051379095466227
474,47.4,2,0.3,-3.6388683794936747,1.0013724828921917,0.01371541898447315
475,47.5,0,0.1,-3.887576844910532,1.0053310381427032,0.05316878460441301
475,47.5,1,0.2,-3.720916940566999,1.0069886874196448,0.06964379730568195
475,47.5,2,0.3,-3.6376990374948583,1.0011700259457348,0.011693419988163367
476,47.6,0,0.1,-3.8823340821243493,1.0052565301160985,0.05242762786182557
476,47.6,1,0.2,-3.7141356654251276,1.006804320049983,0.06781275141871117
476,47.6,2,0.3,-3.6367613731429,1.0009381040966103,0.009376643519582872
477,47.7,0,0.1,-3.87723513197916,1.0051119719145245,0.050989501451893904
477,47.7,1,0.2,-3.7076237913093837,1.0065331224651464,0.0651187411574385
477,47.7,2,0.3,-3.6360776221840685,1.0006839847698048,0.00683750958831543
478,47.800000000000004,0,0.1,-3.8723436630625945,1.004903451680452,0.04891468916565264
478,47.800000000000004,1,0.2,-3.7014559340488087,1.006186917659291,0.061678572605749174
478,47.800000000000004,2,0.3,-3.6356635459410525,1.0004141619844178,0.004140762430160313
479,47.9,0,0.1,-3.8677165997667693,1.004637784682998,0.046270632958254475
479,47.9,1,0.2,-3.6956937568155253,1.0057788105091316,0.05762177233283755
479,47.9,2,0.3,-3.6355292759229663,1.0001342790327086,0.0013427001808619873
480,48.0,0,0.1,-3.863403457578436,1.0043224571735723,0.0431314218833328
480,48.0,1,0.2,-3.690385388413179,1.0053224827535672,0.053083684023461995
480,48.0,2,0.3,-3.6356801059725194,0.9998491813247267,-0.0015083004955318343
481,48.1,0,0.1,-3.8594456931297136,1.0039656067410068,0.039577644487222556
481,48.1,1,0.2,-3.6855655496500384,1.0048314728699885,0.04819838763140558
481,48.1,2,0.3,-3.636117153988315,0.9995630474757765,-0.0043704801579557626
482,48.2,0,0.1,-3.855876077250732,1.0035759945452816,0.03569615878981696
482,48.2,1,0.2,-3.681256317331069,1.0043185304116418,0.043092323189694526
482,48.2,2,0.3,-3.63683786883758,0.9992795448032996,-0.007207148492649371
483,48.300000000000004,0,0.1,-3.852718133586012,1.0031629352217837,0.031579436647199526
483,48.300000000000004,1,0.2,-3.677468369413092,1.0037951312598696,0.03787947917976932
483,48.300000000000004,2,0.3,-3.6378364015502895,0.9990019656551867,-0.009985327127095402
484,48.4,0,0.1,-3.849985702294376,1.002736167784479,0.027324312916358506
484,48.4,1,0.2,-3.6742024896447845,1.0032712185640107,0.03265879768307575
484,48.4,2,0.3,-3.639103884786489,0.9987333196814137,-0.01267483236199479
485,48.5,0,0.1,-3.84768268632569,1.0023056699469561,0.023030159686862846
485,48.5,1,0.2,-3.6714510810946726,1.0027551971484807,0.02751408550111872
485,48.5,2,0.3,-3.6406286679946285,0.9984763786831572,-0.015247832081395135
486,48.6,0,0.1,-3.8458030204358105,1.0018814335691837,0.01879665889879396
486,48.6,1,0.2,-3.669199454325513,1.002254163584343,0.02251626769159433
486,48.6,2,0.3,-3.642396540789931,0.9982336889713375,-0.017678727953023027
487,48.7,0,0.1,-3.8443308779438055,1.0014732266256978,0.01472142492004981
487,48.7,1,0.2,-3.6674267175262187,1.0017743090260849,0.017727367992943246
487,48.7,2,0.3,-3.644390952009112,0.9980075762973463,-0.01994411219181174
488,48.800000000000004,0,0.1,-3.8432411061440264,1.0010903658168282,0.01089771799779078
488,48.800000000000004,1,0.2,-3.666106192823705,1.0013213969791706,0.013205247025136292
488,48.800000000000004,2,0.3,-3.6465932073365233,0.997800167857702,-0.0220225532741122
489,48.9,0,0.1,-3.842499865896318,1.000741515034151,0.007412402477085389
489,48.9,1,0.2,-3.6652053971417433,1.000901201520242,0.009007956819618258
489,48.9,2,0.3,-3.6489826145009427,0.9976134451966097,-0.023894071644196237
490,49.0,0,0.1,-3.842065448332926,1.0004345119363665,0.0043441756339168075
490,49.0,1,0.2,-3.6646857345027275,1.000519797687037,0.005196626390158092
490,49.0,2,0.3,-3.6515365484407742,0.9974493245748521,-0.025539339398314622
491,49.1,0,0.1,-3.8418892511053246,1.0001762127512448,0.0017619722760153528
491,49.1,1,0.2,-3.6645021269132894,1.0001836244463433,0.0018360758943813688
491,49.1,2,0.3,-3.654230430583823,0.9973097431013938,-0.026938821430486266
492,49.2,0,0.1,-3.84191691264311,0.9999723388447916,-0.0002766153778521701
492,49.2,1,0.2,-3.6646028455049096,0.999899286480327,-0.0010071859162019549
492,49.2,2,0.3,-3.6570376514441465,0.9971967156996965,-0.028072208603235494
493,49.300000000000004,0,0.1,-3.84208961677157,0.9998273107840393,-0.0017270412846004145
493,49.300000000000004,1,0.2,-3.6649297841795256,0.9996731147640084,-0.003269386746160794
493,49.300000000000004,2,0.3,-3.65992950415656,0.9971123246658837,-0.028918527124135042
494,49.4,0,0.1,-3.842345582490323,0.9997440670376768,-0.0025596571875309625
494,49.4,1,0.2,-3.665419347544851,0.9995105564512653,-0.004895633653254906
494,49.4,2,0.3,-3.6628752261336195,0.9970586124049176,-0.029457219770596132
495,49.5,0,0.1,-3.8426217382697017,0.9997238823481186,-0.0027615577937866896
495,49.5,1,0.2,-3.6660040170380497,0.9994155013927041,-0.005846694931985669
495,49.5,2,0.3,-3.66584225564972,0.9970373677659438,-0.029670295161005743
496,49.6,0,0.1,-3.8428555460266156,0.9997662195739896,-0.002338077569139474
496,49.6,1,0.2,-3.666614535494322,0.9993896678721997,-0.0061051845627212685
496,49.6,2,0.3,-3.6687967931174086,0.9970498228828054,-0.029545374676884364
497,49.7,0,0.1,-3.8429868932677134,0.9998686613845735,-0.0013134724109775489
497,49.7,1,0.2,-3.6671825362880237,0.9994321604882115,-0.005680007937018869
497,49.7,2,0.3,-3.6717047130131317,0.9970963040080867,-0.02907919895723102
498,49.800000000000004,0,0.1,-3.8429599254472735,1.000026968184075,0.00026967820439871174
498,49.800000000000004,1,0.2,-3.6676433619818782,0.9995392804699972,-0.004608256938545208
498,49.800000000000004,2,0.3,-3.6745328089156506,0.9971758993934506,-0.028280959025188276
499,49.9,0,0.1,-3.8427246604778893,1.0002352926463576,0.002352649693842102
499,49.9,1,0.2,-3.667938785309517,0.9997046203055356,-0.002954233276386721
499,49.9,2,0.3,-3.6772502839252885,0.9972862139832377,-0.027174750096380807
500,50.0,0,0.1,-3.8422382281558574,1.0004865506494194,0.004864323220319308
500,50.0,1,0.2,-3.6680193670327226,0.9999194215234143,-0.0008058172320568487
500,50.0,2,0.3,-3.6798303377842276,0.9974232716194326,-0.025800538589390763
501,50.1,0,0.1,-3.8414656167719077,1.0007729099250056,0.00772611383949673
501,50.1,1,0.2,-3.667846252620131,1.0001731293977563,0.0017311441259159931
501,50.1,2,0.3,-3.682251665284272,0.9975816015488475,-0.02421327500044389
502,50.2,0,0.1,-3.840379884273263,1.0010863221195447,0.01085732498644616
502,50.2,1,0.2,-3.667392303784888,1.000454051885608,0.004539488352430723
502,50.2,2,0.3,-3.684499678042229,0.9977545121303746,-0.02248012757957131
503,50.300000000000004,0,0.1,-3.838961887124703,1.0014190029818837,0.014179971485601482
503,50.300000000000004,1,0.2,-3.666642557160968,1.0007500277541743,0.0074974662391990065
503,50.300000000000004,2,0.3,-3.686567295607229,0.9979345184837667,-0.020676175649998168
504,50.4,0,0.1,-3.8371996727083606,1.0017637680286322,0.017622144163423784
504,50.4,1,0.2,-3.6655940779423433,1.0010490290651115,0.010484792186247802
504,50.4,2,0.3,-3.688455215561996,0.9981138610451393,-0.018879199547671106
505,50.5,0,0.1,-3.8350877443515747,1.002114160048259,0.021119283567858336
505,50.5,1,0.2,-3.664255316733571,1.0013396577495992,0.013387612087720577
505,50.5,2,0.3,-3.6901716520018475,0.9982850357947218,-0.017164364398513966
506,50.6,0,0.1,-3.8326264208272427,1.0024643550677708,0.024613235243320025
506,50.6,1,0.2,-3.6626450810741473,1.0016115327849957,0.016102356594238414
506,50.6,2,0.3,-3.691731610117996,0.9984412579860753,-0.015599581161484855
507,50.7,0,0.1,-3.8298214656656304,1.0028088927290477,0.02804955161612237
507,50.7,1,0.2,-3.660791209031253,1.0018555915260732,0.01853872042894418
507,50.7,2,0.3,-3.69315582516369,0.9985767986672488,-0.014242150456937682
508,50.800000000000004,0,0.1,-3.826684063184505,1.0031423292793922,0.0313740248112544
508,50.800000000000004,1,0.2,-3.6587289985203477,1.0020643383294194,0.02062210510905131
508,50.800000000000004,2,0.3,-3.6944695255993643,0.998687162091001,-0.01313700435674451
509,50.9,0,0.1,-3.8232310905302818,1.0034589410318697,0.034529726542233706
509,50.9,1,0.2,-3.656499421224096,1.0022320646519518,0.022295772962516325
509,50.9,2,0.3,-3.6957011791052525,0.9987691046679898,-0.01231653505888345
510,51.0,0,0.1,-3.8194855111524464,1.003752602826497,0.037455793778353196
510,51.0,1,0.2,-3.6541471471560634,1.0023550428352193,0.023522740680328114
510,51.0,2,0.3,-3.6968813506380482,0.9988205245957505,-0.011801715327956873
511,51.1,0,0.1,-3.8154766295854743,1.0040169278813285,0.04008881566972043
511,51.1,1,0.2,-3.6517184282319364,1.0024316706510878,0.024287189241269592
511,51.1,2,0.3,-3.6980417538464434,0.9988402697990627,-0.0116040320839515
512,51.2,0,0.1,-3.811239926812695,1.004245690285963,0.0423670277277915
512,51.2,1,0.2,-3.6492589293682043,1.002462525912228,0.024594988637320552
512,51.2,2,0.3,-3.699214523558476,0.9988279177136089,-0.011727697120327119
513,51.300000000000004,0,0.1,-3.806816250544013,1.004433475168272,0.044236762686819454
513,51.300000000000004,1,0.2,-3.6468116387660383,1.0024502876622052,0.0244729060216594
513,51.300000000000004,2,0.3,-3.700431689417467,0.9987835745869275,-0.012171658589909921
514,51.4,0,0.1,-3.8022502564275396,1.0045764341512742,0.04565994116473775
514,51.4,1,0.2,-3.644415017950211,1.0023994950071518,0.023966208158273914
514,51.4,2,0.3,-3.7017247972198843,0.9987077279012199,-0.012931078024172774
515,51.5,0,0.1,-3.7975881575252495,1.0046729833936623,0.046620989022900135
515,51.5,1,0.2,-3.642101552928808,1.0023161431464573,0.023134650214031386
515,51.5,2,0.3,-3.703124608419091,0.9986011680795018,-0.013998111992066043
516,51.6,0,0.1,-3.7928750023137083,1.0047242795976847,0.04713155211541075
516,51.6,1,0.2,-3.639896834294029,1.0022071508140031,0.022047186347786372
516,51.6,2,0.3,-3.7046608083152064,0.9984649794549612,-0.015361998961153981
517,51.7,0,0.1,-3.7881518270977246,1.0047343469898675,0.047231752159836875
517,51.7,1,0.2,-3.6378192295505603,1.0020797644596238,0.020776047434689342
517,51.7,2,0.3,-3.7063616651294224,0.9983005888230115,-0.01700856814216032
518,51.800000000000004,0,0.1,-3.7834530871522527,1.0047097963342584,0.04698739945471808
518,51.800000000000004,1,0.2,-3.6358801275625647,1.001940983262053,0.0193910198799549
518,51.800000000000004,2,0.3,-3.7082535996554022,0.9981098540540088,-0.018919345259797726
519,51.9,0,0.1,-3.7788047481864084,1.004659159252372,0.04648338965844532
519,51.9,1,0.2,-3.6340846505765256,1.0017970898199673,0.017954769860392038
519,51.9,2,0.3,-3.7103606432990133,0.9978951746145844,-0.02107043643611148
520,52.0,0,0.1,-3.774223320191672,1.0045919387813125,0.045814279947364214
520,52.0,1,0.2,-3.632432662867335,1.0016533529925935,0.01651987709190704
520,52.0,2,0.3,-3.7127037778018295,0.9976596084940113,-0.023431345028161688
521,52.1,0,0.1,-3.7697159599541297,1.0045175336650556,0.045073602375422156
521,52.1,1,0.2,-3.6309198722112743,1.001513935501076,0.015127906560605593
521,52.1,2,0.3,-3.7153001619358634,0.9974069835560158,-0.02596384134033921
522,52.2,0,0.1,-3.7652815881031265,1.0044442182266433,0.04434371851003086
522,52.2,1,0.2,-3.629538829157814,1.0013819971325755,0.013810430534601873
522,52.2,2,0.3,-3.718162260124987,0.997141993709163,-0.02862098189123378
523,52.300000000000004,0,0.1,-3.760912797556892,1.0043783476242087,0.043687905462345626
523,52.300000000000004,1,0.2,-3.628279677764792,1.0012599444569652,0.012591513930222219
523,52.300000000000004,2,0.3,-3.7212968975182212,0.9968702704531135,-0.03134637393234341
524,52.4,0,0.1,-3.7565982060587144,1.0043239127490509,0.04314591498177723
524,52.4,1,0.2,-3.6271305887958336,1.0011497494246375,0.011490889689583327
524,52.4,2,0.3,-3.724704277615168,0.9965984184348122,-0.034073800969471595
525,52.5,0,0.1,-3.7523248506187796,1.0042824992435606,0.042733554399347284
525,52.5,1,0.2,-3.6260778940948812,1.0010532489784971,0.010526947009523575
525,52.5,2,0.3,-3.7283770130974716,0.9963340007613212,-0.0367273548230335
526,52.6,0,0.1,-3.7480802464369622,1.0042536252732859,0.04244604181817319
526,52.6,1,0.2,-3.6251060182327577,1.000972348286503,0.009718758621235363
526,52.6,2,0.3,-3.7322992373296704,0.996085457642638,-0.039222242321987344
527,52.7,0,0.1,-3.743853830847672,1.0042353594794167,0.04226415589290095
527,52.7,1,0.2,-3.62419735263377,1.000909078560645,0.009086655989878217
527,52.7,2,0.3,-3.7364458806192005,0.9958619421647171,-0.04146643289530013
528,52.800000000000004,0,0.1,-3.7396376615685405,1.004225069825167,0.04216169279131539
528,52.800000000000004,1,0.2,-3.623332227614531,1.0008654993478272,0.008651250192386205
528,52.800000000000004,2,0.3,-3.7407822080768374,0.9956730608351335,-0.0433632745763684
529,52.9,0,0.1,-3.73542640434275,1.0042201370301724,0.042112572257908716
529,52.9,1,0.2,-3.6224891083473874,1.0008434747921027,0.008431192671439137
529,52.9,2,0.3,-3.7452637206269483,0.9955285144429669,-0.04481512550111232
530,53.0,0,0.1,-3.731216790849922,1.0042184863617885,0.04209613492827942
530,53.0,1,0.2,-3.6216450807488707,1.0008443838900432,0.008440275985166381
530,53.0,2,0.3,-3.749836513624364,0.9954376463021691,-0.04572792997415688
531,53.1,0,0.1,-3.7270068220854613,1.0042188431321926,0.04209968764460499
531,53.1,1,0.2,-3.620776618968984,1.0008688390020115,0.00868461779886852
531,53.1,2,0.3,-3.7544381661298067,0.9954089188759568,-0.046016525054425786
532,53.2,0,0.1,-3.7227950170398603,1.0042206871620085,0.04211805045600976
532,53.2,1,0.2,-3.6198605566772097,1.0009164820049867,0.009160622917740871
532,53.2,2,0.3,-3.7589991975896795,0.9954493542482692,-0.045610314598726796
533,53.300000000000004,0,0.1,-3.7185799603129777,1.0042239525729286,0.04215056726882545
533,53.300000000000004,1,0.2,-3.618875136773368,1.000985905589557,0.00985419903841919
533,53.300000000000004,2,0.3,-3.7634450792606184,0.9955639866311261,-0.04445881670938893
534,53.4,0,0.1,-3.714360300581319,1.0042285750312168,0.042196597316588494
534,53.4,1,0.2,-3.61780099915451,1.0010747147112768,0.010741376188577234
534,53.4,2,0.3,-3.7676987296179436,0.9957553835997185,-0.042536503573254086
535,53.5,0,0.1,-3.710135221687806,1.0042340171231494,0.04225078893512919
535,53.5,1,0.2,-3.616621985429069,1.0011797090353567,0.011790137254412523
535,53.5,2,0.3,-3.7716833630647253,0.9960232946713603,-0.039846334467816255
536,53.6,0,0.1,-3.705905281308672,1.0042388992042512,0.04229940379134096
536,53.6,1,0.2,-3.615325685579001,1.001297140409885,0.012962998500678318
536,53.6,2,0.3,-3.775325508265235,0.9963644793653372,-0.03642145200509487
537,53.7,0,0.1,-3.701673417469748,1.0042408308192505,0.04231863838923761
537,53.7,1,0.2,-3.6139037104053284,1.001422986659749,0.01421975173672576
537,53.7,2,0.3,-3.7785579758212444,0.9967727512425272,-0.032324675560095426
538,53.800000000000004,0,0.1,-3.6974458800374985,1.0042364860744164,0.042275374322495125
538,53.800000000000004,1,0.2,-3.612351728522433,1.0015531868300493,0.015519818828954925
538,53.800000000000004,2,0.3,-3.7813225432266835,0.9972392504919418,-0.027645674054390276
539,53.9,0,0.1,-3.693232858820161,1.0042219084675683,0.04213021217337926
539,53.9,1,0.2,-3.6106693433599877,1.0016838011663394,0.01682385162445328
539,53.9,2,0.3,-3.783572143429004,0.9977529282518555,-0.022496002023208065
540,54.0,0,0.1,-3.6890486443555965,1.0041929805119836,0.04184214464564236
540,54.0,1,0.2,-3.608859896001311,1.0018110853963804,0.018094473586764713
540,54.0,2,0.3,-3.7852723922727134,0.9983011957605111,-0.017002488437092046
541,54.1,0,0.1,-3.6849112530870127,1.0041459620880397,0.04137391268583753
541,54.1,1,0.2,-3.6069302638097995,1.001931495129778,0.01929632191511627
541,54.1,2,0.3,-3.7864023639250615,0.9988706665252227,-0.011299716523480557
542,54.2,0,0.1,-3.6808415511184664,1.0040779944510976,0.04069701968546222
542,54.2,1,0.2,-3.6048906903092837,1.0020416548453257,0.020395735005158386
542,54.2,2,0.3,-3.7869546106615126,0.9994479057237114,-0.005522467364511485
543,54.300000000000004,0,0.1,-3.6768619967729803,1.003987483286275,0.03979554345486079
543,54.300000000000004,1,0.2,-3.60275464108863,1.0021383321990187,0.021360492206534385
543,54.300000000000004,2,0.3,-3.7869345088708757,1.0000201019926793,0.00020101790636939114
544,54.4,0,0.1,-3.6729951752013705,1.0038743073717844,0.0386682157161
544,54.4,1,0.2,-3.600538646740737,1.0022184514780283,0.02215994347893117
544,54.4,2,0.3,-3.7863590809893837,1.0005755934718756,0.005754278814920404
545,54.5,0,0.1,-3.669262311951779,1.0037398390608274,0.03732863249591603
545,54.5,1,0.2,-3.598262076972724,1.002279163120577,0.02276569768013349
545,54.5,2,0.3,-3.785255480606209,1.0011042095741582,0.01103600383174792
546,54.6,0,0.1,-3.6656819307894146,1.0035867983834115,0.03580381162364204
546,54.6,1,0.2,-3.5959467941038623,1.0023179652059666,0.023152828688614794
546,54.6,2,0.3,-3.783659328868124,1.0015974262662939,0.01596151738084894
547,54.7,0,0.1,-3.6622687760422497,1.0034189861924834,0.03413154747164922
547,54.7,1,0.2,-3.5936166566516565,1.0023328543323038,0.023301374522057498
547,54.7,2,0.3,-3.781613056283306,1.0020483676293306,0.020462725848177918
548,54.800000000000004,0,0.1,-3.659033066646142,1.0032409499545396,0.032357093961076874
548,54.800000000000004,1,0.2,-3.591296876733245,1.0023224726896562,0.02319779918411558
548,54.800000000000004,2,0.3,-3.7791643446111767,1.0024517122152112,0.024487116721294208
549,54.9,0,0.1,-3.6559801019128617,1.0030576297763076,0.03052964733280379
549,54.9,1,0.2,-3.5890132681914406,1.00228621796171,0.02283608541804446
549,54.9,2,0.3,-3.7763646938421296,1.0028035734511205,0.0279965076904725
550,55.0,0,0.1,-3.6531102069791848,1.0028740170245216,0.02869894933676912
550,55.0,1,0.2,-3.5867914460821884,1.0022242921850124,0.022218221092522267
550,55.0,2,0.3,-3.7732680764528888,1.0031014168616332,0.03096617389240786
551,55.1,0,0.1,-3.650418991361393,1.0026948401893143,0.02691215617791582
551,55.1,1,0.2,-3.58465604637632,1.0021376812955667,0.021353997058683714
551,55.1,2,0.3,-3.769929600280527,1.0033440550905728,0.03338476172361779
552,55.2,0,0.1,-3.6478978931156223,1.002524278886294,0.025210982457708118
552,55.2,1,0.2,-3.582630026388046,1.0020280737535259,0.020260199882739794
552,55.2,2,0.3,-3.7664040920381963,1.0035317301561681,0.03525508242330616
553,55.300000000000004,0,0.1,-3.645534985595214,1.002365701386499,0.02362907520408319
553,55.300000000000004,1,0.2,-3.580734085347011,1.001897739473645,0.018959410410350493
553,55.300000000000004,2,0.3,-3.7627445375006707,1.0036662588830434,0.036595545375254813
554,55.4,0,0.1,-3.643316024394558,1.002221424917021,0.022189612006561374
554,55.4,1,0.2,-3.57898621775901,1.0017493959989106,0.01747867588001039
554,55.4,2,0.3,-3.759000365476197,1.0037511901928908,0.037441720244737374
555,55.5,0,0.1,-3.6412257016750975,1.0020925089670516,0.020903227194603836
555,55.5,1,0.2,-3.5774013877471127,1.001586086518676,0.0158483001189722
555,55.5,2,0.3,-3.7552156282093265,1.0037919084290947,0.037847372668706206
556,55.6,0,0.1,-3.639249051357989,1.00197860517816,0.019766503171085578
556,55.6,1,0.2,-3.5759912969516265,1.0014110854409706,0.014100907954861318
556,55.6,2,0.3,-3.751427194916951,1.0037956184764458,0.03788433292375383
557,55.7,0,0.1,-3.6373729151944025,1.001877897208186,0.018761361635863682
557,55.7,1,0.2,-3.574764215110436,1.0012278350141495,0.012270818411903408
557,55.7,2,0.3,-3.747663122357442,1.003771165577378,0.03764072559508893
558,55.800000000000004,0,0.1,-3.6355873452226994,1.001787165050999,0.017855699717030684
558,55.800000000000004,1,0.2,-3.5737248505955517,1.0010399048413643,0.010393645148844962
558,55.800000000000004,2,0.3,-3.7439413852688412,1.0037286713519122,0.037217370886008544
559,55.9,0,0.1,-3.633886794122474,1.0017019978572261,0.01700551100225586
559,55.9,1,0.2,-3.5728742540380747,1.0008509584173204,0.008505965574770387
559,55.9,2,0.3,-3.7402691351093353,1.0036790011313457,0.036722501595061054
560,56.0,0,0.1,-3.632270942352477,1.0016171579619109,0.01615851769996878
560,56.0,1,0.2,-3.5722097658663188,1.0006647089929293,0.0066448817175589646
560,56.0,2,0.3,-3.7366426098236754,1.0036331090848492,0.03626525285659936
561,56.1,0,0.1,-3.630745036382601,1.001527070756767,0.015259059698759852
561,56.1,1,0.2,-3.5717250321320146,1.0004848512366857,0.004847337343041256
561,56.1,2,0.3,-3.7330477487232945,1.0036013303632572,0.03594861100380824
562,56.2,0,0.1,-3.629319665722691,1.0014263869834912,0.014253706599100876
562,56.2,1,0.2,-3.5714101180488655,1.0003149636737942,0.0031491408314909372
562,56.2,2,0.3,-3.729461487756076,1.0035926992952886,0.03586260967218318
563,56.300000000000004,0,0.1,-3.6280099803163415,1.0013105434188156,0.013096854063494404
563,56.300000000000004,1,0.2,-3.5712517436245723,1.0001583869661845,0.0015837442429322609
563,56.300000000000004,2,0.3,-3.725853635853011,1.0036143680347984,0.036078519030650666
564,56.4,0,0.1,-3.6268344307956144,1.0011762407498965,0.011755495207271373
564,56.4,1,0.2,-3.5712336520943864,1.0000180916938388,0.00018091530185949584
564,56.4,2,0.3,-3.722189175763133,1.003671182432497,0.036644600898780716
565,56.5,0,0.1,-3.625813186034666,1.0010217664089411,0.01021244760948544
565,56.5,1,0.2,-3.571337103487575,0.999896553957722,-0.0010345139318879
565,56.5,2,0.3,-3.7184308019126218,1.003765445393904,0.037583738505113116
566,56.6,0,0.1,-3.6249664307532266,1.0008471138799004,0.008467552814392812
566,56.6,1,0.2,-3.5715414677199777,0.9997956566485448,-0.0020436423240255117
566,56.6,2,0.3,-3.714541506516243,1.0038968685205754,0.03889295396378889
567,56.7,0,0.1,-3.6243127609430785,1.0006538834988163,0.006536698101480183
567,56.7,1,0.2,-3.571824878941822,0.9997166289353224,-0.002834112218441613
567,56.7,2,0.3,-3.7104870500114693,1.0040626869330935,0.04054456504773483
568,56.800000000000004,0,0.1,-3.6238678740559402,1.0004449858639866,0.004448868871382786
568,56.800000000000004,1,0.2,-3.572164908646807,0.999660028098563,-0.0034002970498514047
568,56.800000000000004,2,0.3,-3.706238193776348,1.0042578954223091,0.042488562351209964
569,56.9,0,0.1,-3.623643698939544,1.0002242002455155,0.002241751163962874
569,56.9,1,0.2,-3.5725392199301,0.9996257587624356,-0.0037431128329281547
569,56.9,2,0.3,-3.7017726196703333,1.0044755596402446,0.04465574106015145
570,57.0,0,0.1,-3.6236480379764746,0.999995660972483,-4.339036930645018e-05
570,57.0,1,0.2,-3.572926177337325,0.9996131174511365,-0.003869574072252691
570,57.0,2,0.3,-3.6970765000026216,1.004707163718973,0.04696119667711707
571,57.1,0,0.1,-3.6238847144848534,0.9997633514972968,-0.0023667650837877136
571,57.1,1,0.2,-3.573305402091225,0.9996208471427181,-0.0037922475390005945
571,57.1,2,0.3,-3.6921457045133526,1.0049429718661962,0.04930795489268932
572,57.2,0,0.1,-3.624354146115399,0.999530678535243,-0.004694316305457957
572,57.2,1,0.2,-3.5736582764588274,0.9996471878852345,-0.0035287436760222442
572,57.2,2,0.3,-3.6869866353288914,1.00517240009706,0.05159069184461111
573,57.300000000000004,0,0.1,-3.6250542112204793,0.9993001798833231,-0.007000651050801288
573,57.300000000000004,1,0.2,-3.5739684095428603,0.999689915002261,-0.0031013308403293307
573,57.300000000000004,2,0.3,-3.6816166706973967,1.005384408734767,0.05369964631494563
574,57.4,0,0.1,-3.6259812471300665,0.9990733936554507,-0.009270359095872566
574,57.4,1,0.2,-3.5742220774588644,0.9997463642549812,-0.0025366791600413326
574,57.4,2,0.3,-3.676064182728936,1.0055679316000758,0.055524879684608446
575,57.5,0,0.1,-3.6271310188454122,0.9988508890188976,-0.01149771715345677
575,57.5,1,0.2,-3.574408643598616,0.9998134512626283,-0.001865661397517622
575,57.5,2,0.3,-3.6703680843217352,1.005712352021808,0.05696098407200897
576,57.6,0,0.1,-3.6284995206407262,0.9986324341762598,-0.013685017953139839
576,57.6,1,0.2,-3.574520951600865,0.9998876983040588,-0.0011230800224870502
576,57.6,2,0.3,-3.664576865084202,1.0058080207657811,0.05791219237533258
577,57.7,0,0.1,-3.6300835142297543,0.9984172602666966,-0.015839935890280318
577,57.7,1,0.2,-3.5745556684060404,0.9999652837974459,-0.0003471680517552706
577,57.7,2,0.3,-3.658747099685473,1.0058467915511087,0.05829765398728621
578,57.800000000000004,0,0.1,-3.6318807561100006,0.9982043721918377,-0.017972418802462996
578,57.800000000000004,1,0.2,-3.5745135415084404,1.0000421277849505,0.0004212689760008044
578,57.800000000000004,2,0.3,-3.6529414529196775,1.0058225321941088,0.05805646765795564
579,57.9,0,0.1,-3.6338899139989174,0.9979928591177402,-0.020091578889168713
579,57.9,1,0.2,-3.574399526798193,1.0001140212101713,0.001140147102471965
579,57.9,2,0.3,-3.6472262567314715,1.0057315590794669,0.057151961882063645
580,58.0,0,0.1,-3.6361102103981553,0.9977821666355858,-0.022202963992378994
580,58.0,1,0.2,-3.5742227433744795,1.000176799050824,0.001767834237136309
580,58.0,2,0.3,-3.641668785400449,1.0055729427221463,0.055574713310226106
581,58.1,0,0.1,-3.6385408559981407,0.9975723060270937,-0.02430645599985369
581,58.1,1,0.2,-3.573996219842323,1.0002265491905489,0.002265235321563498
581,58.1,2,0.3,-3.6363343959241585,1.0053486426645815,0.05334389476290204
582,58.2,0,0.1,-3.641180346298326,0.9973639900915104,-0.02639490300185139
582,58.2,1,0.2,-3.57373641171783,1.0002598418775472,0.002598081244933289
582,58.2,2,0.3,-3.6312837239409808,1.0050634481272334,0.050506719831776965
583,58.300000000000004,0,0.1,-3.6440256941041813,0.9971586963596175,-0.028453478058553954
583,58.300000000000004,1,0.2,-3.5734624894226625,1.000273959815305,0.0027392229516731313
583,58.300000000000004,2,0.3,-3.6265701279798757,1.0047247224295706,0.04713595961105032
584,58.4,0,0.1,-3.647071663098427,0.9969586652628496,-0.03045968994245647
584,58.4,1,0.2,-3.5731954182893975,1.0002671067999351,0.0026707113326508844
584,58.4,2,0.3,-3.6222375572386922,1.0043419698950613,0.04332570741183674
585,58.5,0,0.1,-3.650310058544516,0.9967668425007365,-0.03238395446089236
585,58.5,1,0.2,-3.572956873520216,1.0002385732232473,0.0023854476918127804
585,58.5,2,0.3,-3.618318984322434,1.003926260561361,0.03918572916258023
586,58.6,0,0.1,-3.6537291244160355,0.9965867724784012,-0.034190658715193625
586,58.6,1,0.2,-3.572768052118495,1.0001888392296043,0.0018882140172138137
586,58.6,2,0.3,-3.6148354996520506,1.003489559054401,0.034834846703834584
587,58.7,0,0.1,-3.6573130938358456,0.9964224453328767,-0.03583969419810045
587,58.7,1,0.2,-3.5726484589447374,1.0001196003253061,0.001195931737574246
587,58.7,2,0.3,-3.6117961137256516,1.0030440095429356,0.03039385926399031
588,58.800000000000004,0,0.1,-3.6610419411232678,0.9962780962305037,-0.03728847287422124
588,58.800000000000004,1,0.2,-3.5726147540839883,1.0000337054287642,0.00033704860749050403
588,58.800000000000004,2,0.3,-3.6091982612661315,1.0026012298022,0.02597852459520008
589,58.9,0,0.1,-3.664891386158557,0.9961579545804011,-0.03849445035289497
589,58.9,1,0.2,-3.5726797526174767,0.9999350035788703,-0.000649985334884066
589,58.9,2,0.3,-3.607028950654785,1.0021716652679638,0.02169310611346854
590,59.0,0,0.1,-3.6688332008293147,0.9960659440828209,-0.03941814670757659
590,59.0,1,0.2,-3.5728516646131734,0.9998281027803237,-0.0017191199569665837
590,59.0,2,0.3,-3.6052664554990232,1.00176404926325,0.017624951557615204
591,59.1,0,0.1,-3.672835858313145,0.9960053424723819,-0.04002657483830273
591,59.1,1,0.2,-3.573133651684435,0.9997180526833557,-0.0028198707126180934
591,59.1,2,0.3,-3.603882405433428,1.0013850083049196,0.013840500655950353
592,59.2,0,0.1,-3.676865545153579,0.9959784214526316,-0.04029686840433864
592,59.2,1,0.2,-3.5735237561579143,0.9996099716073776,-0.0039010447347908594
592,59.2,2,0.3,-3.602844103677239,1.0010388409780666,0.010383017561892268
593,59.300000000000004,0,0.1,-3.680887522063852,0.9959861004063052,-0.04021976910272894
593,59.300000000000004,1,0.2,-3.5740152298943944,0.9995086470169534,-0.004914737364800566
593,59.300000000000004,2,0.3,-3.6021168834281667,1.0007274847378276,0.007272202490722254
594,59.4,0,0.1,-3.6848677739770084,0.9960276587904784,-0.03980251913156656
594,59.4,1,0.2,-3.5745972535588533,0.9994181456784585,-0.0058202366445895245
594,59.4,2,0.3,-3.6016663176557073,1.0004506672924636,0.004505657724594137
595,59.5,0,0.1,-3.6887748385649197,0.9961005580583138,-0.03907064587911291
595,59.5,1,0.2,-3.575255996685144,0.9993414737973273,-0.006587431262907634
595,59.5,2,0.3,-3.6014601195921125,1.0002062193238765,0.0020619806359478392
596,59.6,0,0.1,-3.6925816540651497,0.9962004212360108,-0.038068155002299334
596,59.6,1,0.2,-3.5759759288698687,0.9992803269042715,-0.007199321847246485
596,59.6,2,0.3,-3.601469613636735,0.9999905060004459,-9.49404462247103e-05
597,59.7,0,0.1,-3.696267232493743,0.9963212049794303,-0.036855784285933536
597,59.7,1,0.2,-3.5767412586464937,0.9992349630135101,-0.007653297766250125
597,59.7,2,0.3,-3.6016707140533417,0.9997989198027267,-0.0020110041660670033
598,59.800000000000004,0,0.1,-3.6998179535795224,0.9964555752699299,-0.03550721085779201
598,59.800000000000004,1,0.2,-3.5775373550564713,0.9992042203906957,-0.007960964099775645
598,59.800000000000004,2,0.3,-3.602044413451222,0.9996263704190426,-0.003736993978802286
599,59.9,0,0.1,-3.703228295394715,0.9965954667954634,-0.034103418151929236
599,59.9,1,0.2,-3.578352002667556,0.9991856841241917,-0.008146476110848974
599,59.9,2,0.3,-3.6025768436686643,0.9994677114983734,-0.005324302174423448
600,60.0,0,0.1,-3.7065008714988203,0.9967327729364351,-0.03272576104105205
600,60.0,1,0.2,-3.5791763565054353,0.999175985848399,-0.00824353837879143
600,60.0,2,0.3,-3.6032590170451457,0.9993180592508758,-0.006821733764814555
601,60.1,0,0.1,-3.709645726255444,0.9968600851193424,-0.03144854756623472
601,60.1,1,0.2,-3.5800054984679557,0.9991712016806936,-0.008291419625203626
601,60.1,2,0.3,-3.6040863773182847,0.9991729818949997,-0.008273602731389988
602,60.2,0,0.1,-3.712678937807486,0.99697138398653,-0.030332115520419048
602,60.2,1,0.2,-3.5808385470100648,0.9991672983464959,-0.00833048542109071
602,60.2,2,0.3,-3.6050582825125375,0.9990285669526274,-0.009719051942527063
603,60.300000000000004,0,0.1,-3.7156206752501593,0.9970625852271587,-0.029417374426734116
603,60.300000000000004,1,0.2,-3.5816783297569845,0.9991605697719245,-0.008397827469197474
603,60.300000000000004,2,0.3,-3.6061775094130146,0.9988813992003452,-0.0111922690047715
604,60.4,0,0.1,-3.7184929348492064,0.9971318613920919,-0.028722595990472968
604,60.4,1,0.2,-3.5825306848696266,0.9991480080387917,-0.00852355112642082
604,60.4,2,0.3,-3.607449818787076,0.9987284996683566,-0.012723093740612703
605,60.5,0,0.1,-3.7213172245294643,0.99717969487378,-0.028242896802579007
605,60.5,1,0.2,-3.5834035020554706,0.9991275636082798,-0.008728171858440756
605,60.5,2,0.3,-3.60888356496428,0.9985672811458143,-0.014337461772040224
606,60.6,0,0.1,-3.7241124673250843,0.9972086602580156,-0.02795242795619895
606,60.6,1,0.2,-3.5843056405903853,0.9990982682697127,-0.009021385349145965
606,60.6,2,0.3,-3.610489286635689,0.9983955668098945,-0.0160572167140891
607,60.7,0,0.1,-3.7268933522195584,0.9972229781841688,-0.027808848944741053
607,60.7,1,0.2,-3.5852458655315154,0.9990602169318424,-0.009402249411300944
607,60.7,2,0.3,-3.6122791897613715,0.99821169779561,-0.017899031256826983
608,60.800000000000004,0,0.1,-3.7296692823167503,0.9972279192341117,-0.027759300971918636
608,60.800000000000004,1,0.2,-3.5862319246380125,0.9990144268900302,-0.009860591064971695
608,60.800000000000004,2,0.3,-3.614266435380217,0.9980147276463919,-0.019872456188454176
609,60.9,0,0.1,-3.7324439699018557,0.9972291583026242,-0.027746875851055088
609,60.9,1,0.2,-3.5872698517151824,0.9989626113828285,-0.010379270771699346
609,60.9,2,0.3,-3.61646417537091,0.997804673271609,-0.021977399906930734
610,61.0,0,0.1,-3.7352156241112384,0.9972321832779306,-0.02771654209382706
610,61.0,1,0.2,-3.5883635347746896,0.9989069147938363,-0.010936830595071733
610,61.0,2,0.3,-3.618884331553694,0.9975827700340807,-0.024201561827838714
611,61.1,0,0.1,-3.7379775887842204,0.9972418460422846,-0.027619646729819144
611,61.1,1,0.2,-3.589514538982164,0.9988496579437978,-0.011510042074744768
611,61.1,2,0.3,-3.621536176519261,0.9973516680692665,-0.026518449655669917
612,61.2,0,0.1,-3.740719231919614,0.9972621117358577,-0.027416431353936732
612,61.2,1,0.2,-3.5907221343035203,0.9987931335284591,-0.012075953213561525
612,61.2,2,0.3,-3.6244248344309433,0.9971155102461561,-0.028886579116824275
613,61.300000000000004,0,0.1,-3.743426874240432,0.997296020036454,-0.02707642320817844
613,61.300000000000004,1,0.2,-3.5919834537724586,0.998739475660124,-0.012613194689383532
613,61.300000000000004,2,0.3,-3.627549863863487,0.996879848389498,-0.031250294325437356
614,61.4,0,0.1,-3.7460845745633735,0.997345828235919,-0.026577003229416984
614,61.4,1,0.2,-3.5932937048197133,0.9986906069568742,-0.01310251047254759
614,61.4,2,0.3,-3.630904103313065,0.9966513797271211,-0.03354239449577991
615,61.5,0,0.1,-3.74867465674049,0.9974132691916614,-0.025900821771162784
615,61.5,1,0.2,-3.594646373288905,0.9986482459744426,-0.013526684691917786
615,61.5,2,0.3,-3.634472949537925,0.9964375145377171,-0.03568846224859928
616,61.6,0,0.1,-3.7511779517175583,0.997499835652961,-0.025032949770684352
616,61.6,1,0.2,-3.596033393244463,0.9986139415120443,-0.013870199555578801
616,61.6,2,0.3,-3.6382342012617976,0.9962458129233115,-0.03761251723872707
617,61.7,0,0.1,-3.7535738187356094,0.997607000780588,-0.023958670180510226
617,61.7,1,0.2,-3.5974452971907542,0.9985890923211524,-0.01411903946291184
617,61.7,2,0.3,-3.6421585426042786,0.9960833488221058,-0.039243413424809304
618,61.800000000000004,0,0.1,-3.75584008149085,0.997736303279395,-0.022662627552407454
618,61.800000000000004,1,0.2,-3.598871400221669,0.9985749133707905,-0.014261030309148178
618,61.800000000000004,2,0.3,-3.646210671403317,0.9959560699969326,-0.040521287990382106
619,61.9,0,0.1,-3.7579530520515014,0.9978892601901967,-0.02112970560651415
619,61.9,1,0.2,-3.600300097050121,0.9985723232729988,-0.014286968284521175
619,61.9,2,0.3,-3.6503510076548173,0.9958682231236655,-0.04140336251500689
620,62.0,0,0.1,-3.75988780938562,0.9980671131023781,-0.019347573341183814
620,62.0,1,0.2,-3.601719354203923,0.9985817495153351,-0.014192571538020692
620,62.0,2,0.3,-3.6545378557561383,0.9958219045276205,-0.04186848101320913
621,62.1,0,0.1,-3.761618852119097,0.9982704546568553,-0.017310427334771037
621,62.1,1,0.2,-3.603117456733556,0.9986028743603916,-0.013981025296327743
621,62.1,2,0.3,-3.6587298477116614,0.995816782178107,-0.041919919555230514
622,62.2,0,0.1,-3.763121167449841,0.998498812580036,-0.015023153307440537
622,62.2,1,0.2,-3.604484021264306,0.9986343687933608,-0.013665645307501056
622,62.2,2,0.3,-3.6628884663590995,0.99585001643294,-0.041586186474379915
623,62.300000000000004,0,0.1,-3.7643716673434935,0.9987502816555298,-0.012504998936524282
623,62.300000000000004,1,0.2,-3.6058112230179478,0.9986736785890985,-0.013272017536416303
623,62.300000000000004,2,0.3,-3.666980438361381,0.9959163887073347,-0.0409197200228156
624,62.4,0,0.1,-3.7653508590194407,0.9990212875757826,-0.009791916759472332
624,62.4,1,0.2,-3.6070951164596616,0.9987169303968596,-0.012838934417139411
624,62.4,2,0.3,-3.6709797942666924,0.9960086308676541,-0.03999355905311536
625,62.5,0,0.1,-3.7660445570331698,0.9993065425391113,-0.006936980137290839
625,62.5,1,0.2,-3.6083368730093377,0.9987590141109641,-0.012417565496760475
625,62.5,2,0.3,-3.6748694143748852,0.9961179346658592,-0.038896201081927706
626,62.6,0,0.1,-3.7664454207509737,0.9995992166173212,-0.004008637178038952
626,62.6,1,0.2,-3.609543729449379,0.9987938715183157,-0.012068564400413534
626,62.6,2,0.3,-3.6786419115882567,0.9962346097144767,-0.037724972133714195
627,62.7,0,0.1,-3.766554117148554,0.999891309509659,-0.0010869639758048623
627,62.7,1,0.2,-3.610729447383027,0.9988149847521044,-0.011857179336480615
627,62.7,2,0.3,-3.6822997439110017,0.9963488493965533,-0.036578323227449173
628,62.800000000000004,0,0.1,-3.7663799594823293,1.0001741728325515,0.001741576662248587
628,62.800000000000004,1,0.2,-3.611914129989649,0.998816018852788,-0.011846826066217285
628,62.800000000000004,2,0.3,-3.685854498860315,0.9964515557122287,-0.03554754949313071
629,62.9,0,0.1,-3.7659409455387234,1.000439110324331,0.004390139436059287
629,62.9,1,0.2,-3.613123321299241,0.9987915394676402,-0.012091913095920302
629,62.9,2,0.3,-3.689325349245877,0.9965351660529055,-0.03470850385562249
630,63.0,0,0.1,-3.7652631995435213,1.0006779757169137,0.0067774599520208515
630,63.0,1,0.2,-3.614386411457591,0.9987377072042749,-0.012630901583503372
630,63.0,2,0.3,-3.6927367434134513,0.9965944180264023,-0.03411394167574362
631,63.1,0,0.1,-3.764379894628979,1.000883695143217,0.008833049145424585
631,63.1,1,0.2,-3.615734470584541,0.9986528490965961,-0.013480591269496665
631,63.1,2,0.3,-3.696115460327386,0.9966269845270651,-0.03378716913934495
632,63.2,0,0.1,-3.763329787000133,1.001050659184909,0.010501076288455941
632,63.2,1,0.2,-3.61719771528551,0.9985378253195943,-0.014632447009690144
632,63.2,2,0.3,-3.6994872257948708,0.9966339125502583,-0.03371765467484918
633,63.300000000000004,0,0.1,-3.7621555230446524,1.0011749536733434,0.011742639554807976
633,63.300000000000004,1,0.2,-3.6188028613169916,0.9983961415264111,-0.016051460314816295
633,63.300000000000004,2,0.3,-3.702873143756105,0.9966198077948494,-0.033859179612342825
634,63.4,0,0.1,-3.76090188632728,1.001254422848355,0.01253636717372402
634,63.4,1,0.2,-3.6205706262528166,0.9982337966403073,-0.017677649358250787
634,63.4,2,0.3,-3.706286237885932,0.9965927238549508,-0.034130941298269046
635,63.5,0,0.1,-3.7596141362290942,1.0012885796043707,0.012877500981858065
635,63.5,1,0.2,-3.622513618417786,0.9980588942223642,-0.01942992164969376
635,63.5,2,0.3,-3.709728416085831,0.9965637393038328,-0.034421781998989556
636,63.6,0,0.1,-3.758336559235784,1.0012783934424525,0.012775769933104182
636,63.6,1,0.2,-3.624634791145833,0.9978810753690087,-0.02121172728047208
636,63.6,2,0.3,-3.7131881578006243,0.996546236295462,-0.034597417147934136
637,63.7,0,0.1,-3.7571113129730116,1.0012259971836306,0.012252462627721887
637,63.7,1,0.2,-3.6269265673964046,0.9977108478636094,-0.022917762505713875
637,63.7,2,0.3,-3.7166391783676653,0.9965549273603289,-0.03451020567041003
638,63.800000000000004,0,0.1,-3.7559775968273783,1.0011343590447148,0.011337161456332739
638,63.800000000000004,1,0.2,-3.6293706630426823,0.9975588887236293,-0.024440956462776428
638,63.800000000000004,2,0.3,-3.720040246483516,0.9966047089650428,-0.034010681158504544
639,63.9,0,0.1,-3.754971135717768,1.0010069677615538,0.010064611096103921
639,63.9,1,0.2,-3.63193857015427,0.9974353871414975,-0.025679071115877545
639,63.9,2,0.3,-3.7233362254807125,0.9967094467788599,-0.032959789971968786
640,64.0,0,0.1,-3.754123919846189,1.0008475748603187,0.00847215871579087
640,64.0,1,0.2,-3.6345926128608688,0.9973494761509909,-0.026540427065988203
640,64.0,2,0.3,-3.726460286371275,0.996880813909949,-0.031240608905624523
641,64.1,0,0.1,-3.753464108366344,1.0006600292033223,0.0065981147984487815
641,64.1,1,0.2,-3.6372874613795565,0.9973087793260192,-0.026948485186878847
641,64.1,2,0.3,-3.729337115073693,0.9971273054039516,-0.02876828702418063
642,64.2,0,0.1,-3.7530159847893754,1.0004482239993389,0.004481235769686238
642,64.2,1,0.2,-3.6399719829120856,0.997319078573159,-0.026845215325288427
642,64.2,2,0.3,-3.7318868258626403,0.997453536962744,-0.025497107889471727
643,64.3,0,0.1,-3.7527998521095585,1.0002161560381675,0.0021613267981691726
643,64.3,1,0.2,-3.6425913156825334,0.9973840946884284,-0.026193327704479397
643,64.3,2,0.3,-3.7340292166492843,0.9978599024945036,-0.021423907866441435
644,64.4,0,0.1,-3.7528317794261516,0.999968073193078,-0.0003192731659318054
644,64.4,1,0.2,-3.645089066442208,0.9975053660242306,-0.024977507596746308
644,64.4,2,0.3,-3.7356879747909346,0.9983426168372783,-0.016587581416501435
645,64.5,0,0.1,-3.75312315856393,0.9997086633089997,-0.0029137913777834137
645,64.5,1,0.2,-3.6474095444083194,0.9976822122616107,-0.02320477966111366
645,64.5,2,0.3,-3.736794472445673,0.9988941142880665,-0.011064976547384217
646,64.6,0,0.1,-3.753680092834999,0.9994432207880352,-0.0055693427106898565
646,64.6,1,0.2,-3.649499950222951,0.9979117775619573,-0.020904058146317205
646,64.6,2,0.3,-3.73729087410616,0.9995037215264327,-0.004964016604871728
647,64.7,0,0.1,-3.754502709276372,0.9991777218147737,-0.008226164413728664
647,64.7,1,0.2,-3.6513124354780397,0.9981891563043942,-0.018124852550885483
647,64.7,2,0.3,-3.7371323992910415,1.0001584873729157,0.0015847481511864529
648,64.8,0,0.1,-3.755584545279026,0.9989187489709466,-0.010818360026543853
648,64.8,1,0.2,-3.6528059394877124,0.9985076107124246,-0.014935040096727152
648,64.8,2,0.3,-3.736288714137476,1.0008440411559956,0.008436851535656355
649,64.9,0,0.1,-3.7569121944797956,0.9986732317355296,-0.013276492007693297
649,64.9,1,0.2,-3.653947701737441,0.9988588893127888,-0.01141762249728631
649,64.9,2,0.3,-3.73474453744086,1.001545369551365,0.015441766966158637
650,65.0,0,0.1,-3.758465392026353,0.9984480080404997,-0.015531975465573384
650,65.0,1,0.2,-3.654714348709356,0.9992336468267901,-0.007666469719147964
650,65.0,2,0.3,-3.732499615551056,1.0022474436136206,0.022449218898038692
651,65.1,0,0.1,-3.76021766944812,0.9982492569199859,-0.017522774217671896
651,65.1,1,0.2,-3.6550924691843547,0.9996219510035386,-0.003781204749988769
651,65.1,2,0.3,-3.729568235261286,1.0029356809862706,0.029313802897703023
652,65.2,0,0.1,-3.7621376175249464,0.9980818938444963,-0.019199480768262195
652,65.2,1,0.2,-3.6550786254359946,1.0000138438441852,0.00013843748360108308
652,65.2,2,0.3,-3.725978409475224,1.003596276927831,0.03589825786061734
653,65.3,0,0.1,-3.764190675575511,0.9979490480315656,-0.020530580505645546
653,65.3,1,0.2,-3.6546787965214964,1.0003999088567328,0.003998289144982131
653,65.3,2,0.3,-3.721770806499164,1.0042164673657121,0.042076029760600604
654,65.4,0,0.1,-3.766341240768496,0.997851745615528,-0.02150565192984993
654,65.4,1,0.2,-3.653907306776444,1.0007717874198117,0.007714897450523015
654,65.4,2,0.3,-3.7169974276388285,1.0047847895818824,0.04773378860335279
655,65.5,0,0.1,-3.768554790216283,0.997788898646133,-0.022135494477871925
655,65.5,1,0.2,-3.652785347264132,1.0011225891443378,0.011219595123122622
655,65.5,2,0.3,-3.7117199956051214,1.005291382207711,0.05277432033707308
656,65.6,0,0.1,-3.770799659850253,0.9977576482014439,-0.02244869633969987
656,65.6,1,0.2,-3.651339239858814,1.001447153522837,0.014461074053181134
656,65.6,2,0.3,-3.7060080147642314,1.0057283253083964,0.0571198084089041
657,65.7,0,0.1,-3.7730481473151074,0.9977540384895385,-0.022484874648543176
657,65.7,1,0.2,-3.6495986151977906,1.001742140427461,0.01740624661023056
657,65.7,2,0.3,-3.6999365057337092,1.0060899780007295,0.06071509030521598
658,65.8,0,0.1,-3.775276706399816,0.9977739223094352,-0.022285590847085524
658,65.8,1,0.2,-3.6475946739835448,1.0020059504463443,0.02003941214245966
658,65.8,2,0.3,-3.6935834888380987,1.006373240110909,0.0635301689561088
659,65.9,0,0.1,-3.777465164467561,0.9978139348606858,-0.021884580677451825
659,65.9,1,0.2,-3.6453586782273577,1.0022384974589493,0.022359957561868572
659,65.9,2,0.3,-3.6870273709371606,1.0065776562855728,0.0655611790093757
660,66.0,0,0.1,-3.7795950914876295,0.9978723396649104,-0.02129927020068433
660,66.0,1,0.2,-3.6429207811726574,1.0024408711420734,0.024378970547004605
660,66.0,2,0.3,-3.6803444526576516,1.0067052988058394,0.06682918279509334
661,66.1,0,0.1,-3.7816476384278426,0.9979495580937843,-0.02052546940213179
661,66.1,1,0.2,-3.640309259904468,1.0026149342602437,0.02611521268189569
661,66.1,2,0.3,-3.673606797259359,1.0067604044615093,0.06737655398293124
662,66.2,0,0.1,-3.7836013017644725,0.9980482438214028,-0.01953663336629774
662,66.2,1,0.2,-3.6375501707388485,1.0027628989551756,0.027590891656192752
662,66.2,2,0.3,-3.666880677585286,1.006748790818114,0.0672611967407231
663,66.3,0,0.1,-3.785430126649806,0.998172846395915,-0.018288248853336395
663,66.3,1,0.2,-3.634667409909782,1.002886919979717,0.0288276082906663
663,66.3,2,0.3,-3.6602257455436753,1.0066771253060909,0.06654932041611096
664,66.4,0,0.1,-3.787102817499687,0.9983287073177826,-0.01672690849880833
664,66.4,1,0.2,-3.631683133319802,1.0029887339762844,0.02984276589979652
664,66.4,2,0.3,-3.6536949624146784,1.0065521551932433,0.06530783128996352
665,66.5,0,0.1,-3.788583085211021,0.9985208273445227,-0.014802677113339999
665,66.5,1,0.2,-3.628618468853137,1.0030693653517966,0.030646644666651533
665,66.5,2,0.3,-3.647335208733831,1.0063800198541322,0.06359753680847652
666,66.6,0,0.1,-3.7898313479518375,0.9987525160150541,-0.012482627408166457
666,66.6,1,0.2,-3.6254944408075813,1.0031289129066603,0.0312402804555596
666,66.6,2,0.3,-3.6411883831627123,1.0061657560710369,0.061468255711191355
667,66.7,0,0.1,-3.7908076555628627,0.9990241688221895,-0.009763076110251012
667,66.7,1,0.2,-3.6223330158077345,1.003166427574227,0.03161424999846571
667,66.7,2,0.3,-3.6352927220144795,1.0059130747631913,0.05895661148232309
668,66.8,0,0.1,-3.791475472518675,0.9993324059843005,-0.006678169558123439
668,66.8,1,0.2,-3.6191581714194596,1.003179889544502,0.03174844388275047
668,66.8,2,0.3,-3.6296840399306753,1.0056244401881202,0.0560868208380448
669,66.9,0,0.1,-3.791805777573553,0.999669749489831,-0.0033030505487816014
669,66.9,1,0.2,-3.6159968825507582,1.0031662910120416,0.03161288868701104
669,66.9,2,0.3,-3.62439661332022,1.0053014297197953,0.05287426610454997
670,67.0,0,0.1,-3.7917808567544697,1.0000249211296095,0.00024920819083452977
670,67.0,1,0.2,-3.6128799182515032,1.003121827083539,0.031169642992551868
670,67.0,2,0.3,-3.619463497090522,1.0049453040806857,0.04933116229698001
671,67.1,0,0.1,-3.791397199078809,1.00038373128168,0.003836576756608641
671,67.1,1,0.2,-3.6098423453927846,1.0030421909579084,0.03037572858718813
671,67.1,2,0.3,-3.614916168432032,1.004557683447047,0.04547328658490538
672,67.2,0,0.1,-3.7906670458375187,1.0007304198680569,0.007301532412901589
672,67.2,1,0.2,-3.606923648498515,1.002922960437037,0.029186968942693525
672,67.2,2,0.3,-3.6107835095724234,1.0041412100699205,0.04132658859608099
673,67.3,0,0.1,-3.7896183645134887,1.0010492313825514,0.010486813240300805
673,67.3,1,0.2,-3.604167398038121,1.0027600524109344,0.027562504603941176
673,67.3,2,0.3,-3.607090253528002,1.0037000845183723,0.036932560444215994
674,67.4,0,0.1,-3.788293269606055,1.0013259732336028,0.013250949074333754
674,67.4,1,0.2,-3.6016204320415235,1.0025502122699557,0.025469659965973217
674,67.4,2,0.3,-3.6038551047955325,1.003240387473976,0.03235148732469274
675,67.5,0,0.1,-3.786745141662107,1.0015493269126527,0.015481279439480735
675,67.5,1,0.2,-3.5993315550671356,1.002291498452989,0.022888769743879735
675,67.5,2,0.3,-3.6010887986075937,1.0027701359435126,0.027663061879389845
676,67.6,0,0.1,-3.785034858368266,1.0017117466624532,0.01710283293841472
676,67.6,1,0.2,-3.597349799862349,1.0019837201794508,0.019817552047866078
676,67.6,2,0.3,-3.5987923733255585,1.0022990640861253,0.022964252820353498
677,67.7,0,0.1,-3.783226623109006,1.0018098711024839,0.018082352592595066
677,67.7,1,0.2,-3.595722335548567,1.0016287893525486,0.016274643137819955
677,67.7,2,0.3,-3.596955903299466,1.0018381573699315,0.01836470026092506
678,67.8,0,0.1,-3.7813838562939948,1.0018444657532009,0.01842766815011492
678,67.8,1,0.2,-3.5944921376364896,1.0012309549159184,0.012301979120775275
678,67.8,2,0.3,-3.5955578817201403,1.0013989992670502,0.013980215793255275
679,67.9,0,0.1,-3.7795655229133045,1.001819987551291,0.018183333806901073
679,67.9,1,0.2,-3.5936955571266718,1.0007968978643327,0.007965805098177223
679,67.9,2,0.3,-3.5945653649339953,1.000993009493924,0.009925167861450077
680,68.0,0,0.1,-3.777823138199045,1.0017439035485092,0.017423847142597915
680,68.0,1,0.2,-3.593359937927793,1.000335675525303,0.0033561919887860857
680,68.0,2,0.3,-3.5939349022572857,1.000630661460076,0.006304626767095559
681,68.1,0,0.1,-3.776198556127117,1.0016259024202896,0.016245820719277083
681,68.1,1,0.2,-3.5935014351266386,0.9998585128114112,-0.0014149719884538308
681,68.1,2,0.3,-3.593614188641115,1.000320765050281,0.003207136161709383
682,68.2,0,0.1,-3.774722530934539,1.0014771150539175,0.014760251925779308
682,68.2,1,0.2,-3.5941231834472935,0.99937844492478,-0.006217483206549271
682,68.2,2,0.3,-3.593544300485437,1.000069890597912,0.0006988815567776044
683,68.3,0,0.1,-3.7734139672526297,1.001309420224937,0.013085636819095326
683,68.3,1,0.2,-3.5952139574785122,0.9989098206465356,-0.010907740312187728
683,68.3,2,0.3,-3.5936623150889524,0.9998819923599342,-0.0011801460351535513
684,68.4,0,0.1,-3.772279745311132,1.0011348654144612,0.011342219414974963
684,68.4,1,0.2,-3.596747453582281,0.9984676791005805,-0.015334961037688302
684,68.4,2,0.3,-3.593904077939032,0.9997582663722033,-0.002417628500794649
685,68.5,0,0.1,-3.7713150188824245,1.0009651919269296,0.009647264287076511
685,68.5,1,0.2,-3.59868230656426,0.9980670176393985,-0.019348529819788175
685,68.5,2,0.3,-3.5942068738198345,0.9996972499572435,-0.003027958808026371
686,68.60000000000001,0,0.1,-3.7705039225058457,1.0008114254041967,0.008110963765787656
686,68.60000000000001,1,0.2,-3.6009629290276983,0.9977219761800882,-0.022806224634382144
686,68.60000000000001,2,0.3,-3.594511779414696,0.9996951408841254,-0.003049055948616004
687,68.7,0,0.1,-3.769820674114735,1.000683481858462,0.006832483911108189
687,68.7,1,0.2,-3.6035212235642495,0.9974449751100827,-0.025582945365513542
687,68.7,2,0.3,-3.594765524812716,0.9997462867926205,-0.002537453980200477
688,68.8,0,0.1,-3.7692311016319704,1.000589746314781,0.005895724827645112
688,68.8,1,0.2,-3.6062791636708793,0.9972458595163393,-0.027579401066299317
688,68.8,2,0.3,-3.5949217627056416,0.9998437743115786,-0.0015623789292541269
689,68.9,0,0.1,-3.7686946416976697,1.0005366038546661,0.005364599343006913
689,68.9,1,0.2,-3.6091521670663136,0.9971311197292918,-0.028730033954340366
689,68.9,2,0.3,-3.5949417263448473,0.9999800365600663,-0.0001996363920575391
690,69.0,0,0.1,-3.768166844576493,1.0005279364305852,0.005277971211765953
690,69.0,1,0.2,-3.612053097984814,0.9971032727157967,-0.029009309185005754
690,69.0,2,0.3,-3.5947943368559496,1.000147400351262,0.0014738948889770624
691,69.10000000000001,0,0.1,-3.7676023676706474,1.0005646362529155,0.005644769058456641
691,69.10000000000001,1,0.2,-3.614896642109954,0.9971604949171504,-0.028435441251397426
691,69.10000000000001,2,0.3,-3.594455883242744,1.0003385108950922,0.0033845361320580694
692,69.2,0,0.1,-3.7669583557635145,1.0006442193273257,0.006440119071329608
692,69.2,1,0.2,-3.6176037141418758,0.9972965887834627,-0.027070720319219296
692,69.2,2,0.3,-3.5939094330647254,1.0005465995091165,0.00546450178018385
693,69.3,0,0.1,-3.7661980029494417,1.0007606419555524,0.00760352814072761
693,69.3,1,0.2,-3.620105502562903,0.9975013384434964,-0.0250178842102736
693,69.3,2,0.3,-3.593144132632282,1.0007655933495379,0.007653004324433157
694,69.4,0,0.1,-3.765293990580105,1.000904421111679,0.00904012369336827
694,69.4,1,0.2,-3.6223467476523936,0.9977612646249733,-0.022412450894904488
694,69.4,2,0.3,-3.5921545241688118,1.0009900982874904,0.009896084634703196
695,69.5,0,0.1,-3.764231422927142,1.0010631323779733,0.010625676529630361
695,69.5,1,0.2,-3.6242878999436527,0.998060730526374,-0.019411522912592398
695,69.5,2,0.3,-3.590939952486199,1.001215309573509,0.012145716826129218
696,69.60000000000001,0,0.1,-3.763009861532379,1.001222307804781,0.012215613947627116
696,69.60000000000001,1,0.2,-3.6259059186590963,0.9983832895711325,-0.016180187154433985
696,69.60000000000001,2,0.3,-3.5895040694261704,1.0014369144336943,0.014358830600283864
697,69.7,0,0.1,-3.761644106232497,1.0013666883683845,0.013657552998821099
697,69.7,1,0.2,-3.627193630735197,0.9987131166693278,-0.01287712076100862
697,69.7,2,0.3,-3.58785438688818,1.0016510440127928,0.01649682537990676
698,69.8,0,0.1,-3.760163487842569,1.0014817150465127,0.01480618389928163
698,69.8,1,0.2,-3.628157755559953,0.999036339794254,-0.009641248247561067
698,69.8,2,0.3,-3.5860017932274086,1.0018543107726137,0.01852593660771279
699,69.9,0,0.1,-3.7586096107128393,1.001555085022355,0.015538771297295202
699,69.9,1,0.2,-3.6288158757111155,0.9993420963624046,-0.006581201511623441
699,69.9,2,0.3,-3.583959942448875,1.0020439367753577,0.020418507785334085
700,70.0,0,0.1,-3.7570326852469877,1.001578169466627,0.015769254658516203
700,70.0,1,0.2,-3.6291927674800055,0.9996231792458907,-0.0037689176889001896
700,70.0,2,0.3,-3.5817444526844984,1.0022179457752454,0.02215489764376814
701,70.10000000000001,0,0.1,-3.755486785959255,1.0015470948060077,0.01545899287732723
701,70.10000000000001,1,0.2,-3.629316572821879,0.9998762023216914,-0.0012380534187349578
701,70.10000000000001,2,0.3,-3.5793719036607903,1.002375365745306,0.023725490237078904
702,70.2,0,0.1,-3.7540245258578686,1.0014633297249809,0.014622601013863644
702,70.2,1,0.2,-3.629215286257639,1.0001012916938974,0.0010128656424024962
702,70.2,2,0.3,-3.576858689520305,1.002516374910486,0.025132141404854744
703,70.3,0,0.1,-3.752691727854698,1.001333686573147,0.013327980031708412
703,70.3,1,0.2,-3.6289139508052473,1.0003013808584797,0.0030133545239154395
703,70.3,2,0.3,-3.5742198473573916,1.0026423269715061,0.02638842162913474
704,70.4,0,0.1,-3.751522686748039,1.0011697247015712,0.011690411066588415
704,70.4,1,0.2,-3.628432823493612,1.0004812430719447,0.004811273116351467
704,70.4,2,0.3,-3.571468027520855,1.0027556095681656,0.02751819836536594
705,70.5,0,0.1,-3.7505365526933256,1.0009866204447688,0.009861340547133174
705,70.5,1,0.2,-3.6277866086121415,1.0006464237232904,0.006462148814705783
705,70.5,2,0.3,-3.56861278742998,1.0028593201711422,0.028552400908751732
706,70.60000000000001,0,0.1,-3.7497352407060496,1.0008016331234975,0.008013119872759971
706,70.60000000000001,1,0.2,-3.6269846934571794,1.0008022367748848,0.008019151549620167
706,70.60000000000001,2,0.3,-3.5656603709740753,1.002956779129789,0.029524164559042422
707,70.7,0,0.1,-3.7491030981335256,1.0006323424167476,0.006321425725240108
707,70.7,1,0.2,-3.6260321827930655,1.0009529644464625,0.009525106641140021
707,70.7,2,0.3,-3.5626140822770282,1.0030509333495798,0.030462886970472124
708,70.8,0,0.1,-3.7486083629297355,1.0004948576054356,0.004947352037900924
708,70.8,1,0.2,-3.624931434666995,1.0011013541716365,0.011007481260705903
708,70.8,2,0.3,-3.559475283903758,1.003143729558867,0.031387983732706466
709,70.9,0,0.1,-3.748206240352727,1.0004022034391302,0.004021225770083005
709,70.9,1,0.2,-3.623683763371009,1.0012484499616237,0.012476712959860239
709,70.9,2,0.3,-3.5562449582969795,1.0032355487311577,0.03230325606777997
710,71.0,0,0.1,-3.7478432353914943,1.0003630708555067,0.0036300496123289182
710,71.0,1,0.2,-3.6222909970972528,1.0013937366231405,0.013927662737561422
710,71.0,2,0.3,-3.552925682413064,1.0033247907802452,0.03319275883915751
711,71.10000000000001,0,0.1,-3.7474622246984994,1.0003810832867885,0.0038101069299486616
711,71.10000000000001,1,0.2,-3.6207566499037265,1.0015355249064446,0.015343471935261668
711,71.10000000000001,2,0.3,-3.5495237938642106,1.0034076815388757,0.03401888548853081
712,71.2,0,0.1,-3.74700765669773,1.0004546713324598,0.0045456800076951
712,71.2,1,0.2,-3.6190865729958115,1.0016714722630295,0.016700769079150808
712,71.2,2,0.3,-3.546051484282199,1.003478345032557,0.034723095820116984
713,71.3,0,0.1,-3.746430249952344,1.00057757347675,0.005774067453861215
713,71.3,1,0.2,-3.617289066537412,1.0017991229415346,0.017975064583995917
713,71.3,2,0.3,-3.542528549271994,1.0035291478394037,0.035229350102052644
714,71.4,0,0.1,-3.745690627320157,1.0007398962204523,0.007396226321869017
714,71.4,1,0.2,-3.615374536845875,1.001916363573661,0.019145296915368846
714,71.4,2,0.3,-3.5389835554433695,1.0035512847508103,0.03544993828624196
715,71.5,0,0.1,-3.744761472915578,1.000929586202258,0.009291544045791328
715,71.5,1,0.2,-3.6133548555815027,1.0020217221943553,0.020196812643723566
715,71.5,2,0.3,-3.535454248656589,1.0035355421232917,0.03529306786780518
716,71.60000000000001,0,0.1,-3.7436280106748656,1.0011341048518068,0.011334622407121053
716,71.60000000000001,1,0.2,-3.611242606204478,1.0021144817472376,0.021122493770245197
716,71.60000000000001,2,0.3,-3.5319871136412626,1.0034731524803788,0.03467135015326288
717,71.7,0,0.1,-3.742286844051073,1.0013420663899495,0.01341166623792654
717,71.7,1,0.2,-3.6090503874511923,1.0021946234216823,0.02192218753285804
717,71.7,2,0.3,-3.528636090170878,1.0033566444264324,0.033510234703848195
718,71.8,0,0.1,-3.740743425854705,1.0015446098792418,0.015434181963681393
718,71.8,1,0.2,-3.606790292459374,1.0022626509316972,0.022600949918182463
718,71.8,2,0.3,-3.525460541022273,1.0031805965461413,0.03175549148605142
719,71.9,0,0.1,-3.739008607684622,1.0017363238376855,0.017348181700829933
719,71.9,1,0.2,-3.6044736110501185,1.0023193669891088,0.023166814092554746
719,71.9,2,0.3,-3.522522640054617,1.0029422208281091,0.029379009676559757
720,72.0,0,0.1,-3.7370948228013656,1.0019156173383343,0.019137848832563288
720,72.0,1,0.2,-3.602110730168219,1.0023656746849718,0.023628808818997548
720,72.0,2,0.3,-3.5198843969156552,1.002641726364917,0.02638243138961699
721,72.10000000000001,0,0.1,-3.735012473488817,1.0020845189075689,0.02082349312548626
721,72.10000000000001,1,0.2,-3.5997111508885973,1.002402460574152,0.023995792796214395
721,72.10000000000001,2,0.3,-3.5176045549911277,1.0022824427402353,0.02279841924527376
722,72.2,0,0.1,-3.7327670286776726,1.0022479677103344,0.022454448111443204
722,72.2,1,0.2,-3.5972835120320026,1.0024305879577717,0.02427638856594832
722,72.2,2,0.3,-3.515735592715832,1.0018707098738515,0.018689622752959774
723,72.3,0,0.1,-3.730357206887067,1.002412727744945,0.024098217906055857
723,72.3,1,0.2,-3.5948355153268565,1.0024509954955907,0.024479967051461996
723,72.3,2,0.3,-3.514321030167998,1.001415563513355,0.014145625478337559
724,72.4,0,0.1,-3.727774447316268,1.0025860977676007,0.02582759570798789
724,72.4,1,0.2,-3.5923736823727017,1.0024648657531392,0.02461832954154598
724,72.4,2,0.3,-3.513393199763685,1.000928260972097,0.009278304043131333
725,72.5,0,0.1,-3.725003684143096,1.002774605285161,0.027707631731723102
725,72.5,1,0.2,-3.5899029298551475,1.0024738073419428,0.024707525175543827
725,72.5,2,0.3,-3.512971589021478,1.0004216996325077,0.0042161074220683666
726,72.60000000000001,0,0.1,-3.7220252604539774,1.0029828635998386,0.029784236891183494
726,72.60000000000001,1,0.2,-3.5874260127772866,1.002479987171232,0.02476917077860696
726,72.60000000000001,2,0.3,-3.5130618111901057,0.9999097819012698,-0.0009022216862763284
727,72.7,0,0.1,-3.7188176704213878,1.0032127398541983,0.03207590032589818
727,72.7,1,0.2,-3.5849429411716174,1.0024861569811763,0.02483071605669326
727,72.7,2,0.3,-3.5136552110475807,0.9994067761694005,-0.005933998574750081
728,72.8,0,0.1,-3.7153607189039124,1.0034629336657181,0.03456951517475578
728,72.8,1,0.2,-3.58245051128363,1.0024955385735512,0.02492429887987732
728,72.8,2,0.3,-3.5147290718579036,0.9989267155718607,-0.01073860810322963
729,72.9,0,0.1,-3.711638648594996,1.003729005814752,0.037220703089159306
729,72.9,1,0.2,-3.5799420996027536,1.0025115603776487,0.025084116808760187
729,72.9,2,0.3,-3.5162473573604895,0.9984828665097463,-0.01518285502585796
730,73.0,0,0.1,-3.7076428107678905,1.0040038318311109,0.03995837827105891
730,73.0,1,0.2,-3.5774078451968516,1.0025374683430035,0.025342544059020807
730,73.0,2,0.3,-3.5181619006874505,0.9980872882420551,-0.01914543326961058
731,73.10000000000001,0,0.1,-3.703373541858748,1.0042783952205891,0.04269268909142001
731,73.10000000000001,1,0.2,-3.5748352962048813,1.0025758608354793,0.025725489919701278
731,73.10000000000001,2,0.3,-3.5204139403405525,0.9977504942856639,-0.02252039653101864
732,73.2,0,0.1,-3.6988410400479563,1.0045427891336887,0.045325018107920466
732,73.2,1,0.2,-3.5722105284173424,1.0026282155063353,0.02624767787538989
732,73.2,2,0.3,-3.5229359012931782,0.9974812165191829,-0.025219609526258336
733,73.3,0,0.1,-3.6940651909477005,1.0047872716444466,0.04775849100256129
733,73.3,1,0.2,-3.569519669026245,1.0026944830027096,0.026908593910974086
733,73.3,2,0.3,-3.5256533259093397,0.997286264239958,-0.02717424616161578
734,73.4,0,0.1,-3.689074442809668,1.0050032226652954,0.0499074813803226
734,73.4,1,0.2,-3.566750689321332,1.0027728168700767,0.02768979704913063
734,73.4,2,0.3,-3.528486873223811,0.9971704633916508,-0.028335473144711437
735,73.5,0,0.1,-3.6839039543561514,1.0051838784966811,0.05170488453516714
735,73.5,1,0.2,-3.5638952778948134,1.0028594919967035,0.02855411426518624
735,73.5,2,0.3,-3.5313543242181202,0.9971366562166133,-0.028674509943093472
736,73.60000000000001,0,0.1,-3.6785933145677836,1.0053247662315952,0.05310639788367313
736,73.60000000000001,1,0.2,-3.5609505796319887,1.0029490381455903,0.029446982628244786
736,73.60000000000001,2,0.3,-3.5341725524777354,0.9971857392176857,-0.02818228259614956
737,73.7,0,0.1,-3.673184156252396,1.005423814225692,0.05409158315387993
737,73.7,1,0.2,-3.5579205901267748,1.0030345845632351,0.03029989505214109
737,73.7,2,0.3,-3.536859440845535,0.9973167180859817,-0.02686888367799664
738,73.8,0,0.1,-3.667717957697642,1.005481165476369,0.054661985547540315
738,73.8,1,0.2,-3.5548170299381194,1.0031083812177386,0.03103560188655495
738,73.8,2,0.3,-3.539335741768678,0.9975267625807471,-0.024763009231431342
739,73.9,0,0.1,-3.6622342615133374,1.0054987591672464,0.05483696184304308
739,73.9,1,0.2,-3.551659583084854,1.0031624368390706,0.03157446853265086
739,73.9,2,0.3,-3.541526888315047,0.9978112522628574,-0.02191146546368907
740,74.0,0,0.1,-3.6567694537222803,1.0054797670906384,0.0546480779105738
740,74.0,1,0.2,-3.548475460045528,1.0031891977438225,0.03184123039326096
740,74.0,2,0.3,-3.5433647613480326,0.9981638148214782,-0.01837873032985653
741,74.10000000000001,0,0.1,-3.6513561561767163,1.005427975914897,0.05413297545563616
741,74.10000000000001,1,0.2,-3.5452983255464847,1.0031821869402007,0.03177134499043173
741,74.10000000000001,2,0.3,-3.5447894047692694,0.9985763709014621,-0.01424643421236705
742,74.2,0,0.1,-3.646023205043073,1.0053471966297935,0.053329511336433745
742,74.2,1,0.2,-3.542166703589446,1.0031365306077549,0.03131621957038711
742,74.2,2,0.3,-3.5457506563235484,0.9990392102999985,-0.00961251554279007
743,74.3,0,0.1,-3.6407961258517076,1.0052407642036263,0.05227079191365855
743,74.3,1,0.2,-3.5391220263881364,1.0030493169385788,0.030446772013099154
743,74.3,2,0.3,-3.5462096306157234,0.9995411310204131,-0.004589742921750334
744,74.4,0,0.1,-3.6356979746027034,1.005111168934725,0.050981512490038225
744,74.4,1,0.2,-3.536206523585784,1.0029197570140316,0.029155028023521722
744,74.4,2,0.3,-3.5461399610712063,1.0000696719714963,0.0006966954451703106
745,74.5,0,0.1,-3.6307503936128858,1.0049598404785756,0.04947580989817905
745,74.5,1,0.2,-3.5334611510744027,1.0027491444975403,0.027453725113814505
745,74.5,2,0.3,-3.545528687640881,1.000611460296002,0.006112734303252224
746,74.60000000000001,0,0.1,-3.6259747266876023,1.0047870885973695,0.0477566692528301
746,74.60000000000001,1,0.2,-3.5309237369055233,1.0025406361287843,0.025374141688792096
746,74.60000000000001,2,0.3,-3.544376675661378,1.001152675800189,0.011520119795028889
747,74.7,0,0.1,-3.6213930466216557,1.00459219201005,0.04581680065946874
747,74.7,1,0.2,-3.528627480505566,1.002298894815791,0.0229625639995725
747,74.7,2,0.3,-3.5426984737928127,1.001679610837389,0.01678201868565583
748,74.8,0,0.1,-3.617028965437868,1.0043736176536737,0.043640811837881974
748,74.8,1,0.2,-3.5265998881291765,1.0020296493317995,0.02027592376389835
748,74.8,2,0.3,-3.540521565238371,1.0021792797401752,0.021769085544419826
749,74.9,0,0.1,-3.612908121888635,1.0041293458999518,0.04120843549232238
749,74.9,1,0.2,-3.5248621704136225,1.001739228421917,0.017377177155538288
749,74.9,2,0.3,-3.537885029912072,1.0026400140421425,0.02636535326298481
750,75.0,0,0.1,-3.609058270469773,1.0038572716159992,0.03849851418862512
750,75.0,1,0.2,-3.5234290748322117,1.001434122953599,0.014330955814108853
750,75.0,2,0.3,-3.534837703776185,1.0030519739541168,0.030473261358873804
751,75.10000000000001,0,0.1,-3.6055089309422583,1.0035556458919908,0.0354933952751427
751,75.10000000000001,1,0.2,-3.522309083225186,1.0011206190318405,0.011199916070253769
751,75.10000000000001,2,0.3,-3.5314359804959583,1.0034075157070796,0.03401723280226297
752,75.2,0,0.1,-3.602290596215066,1.003223519126619,0.032183347271923124
752,75.2,1,0.2,-3.521504876828785,1.0008045298570691,0.00804206396401376
752,75.2,2,0.3,-3.5277414364748902,1.0037013772614742,0.03694544021068268
753,75.3,0,0.1,-3.5994335374935593,1.0028611440034798,0.0285705872150704
753,75.3,1,0.2,-3.521013960309878,1.0004910370381421,0.004909165189071198
753,75.3,2,0.3,-3.5238184650375204,1.003930676361924,0.039229714373700826
754,75.4,0,0.1,-3.5969662856862312,1.0024702979777764,0.024672518073278867
754,75.4,1,0.2,-3.520829341662563,1.0001846356903858,0.0018461864731465585
754,75.4,2,0.3,-3.519732078451093,1.0040947472485142,0.04086386586427
755,75.5,0,0.1,-3.594913903104396,1.0020544901605724,0.020523825818351604
755,75.5,1,0.2,-3.520940183478322,0.9998891643269684,-0.001108418157587173
755,75.5,2,0.3,-3.515545984971695,1.004194867407263,0.04186093479398483
756,75.60000000000001,0,0.1,-3.593296185222954,1.0016190270928973,0.01617717881442133
756,75.60000000000001,1,0.2,-3.5213323682839452,0.9996078920887846,-0.003921848056233855
756,75.60000000000001,2,0.3,-3.511320985481636,1.0042339373835032,0.04224999490058585
757,75.7,0,0.1,-3.5921259451828678,1.00117092503814,0.011702400400862121
757,75.7,1,0.2,-3.52198895063801,0.9993436331489614,-0.006565823540647759
757,75.7,2,0.3,-3.5071136762695936,1.0042161723630916,0.042073092120425044
758,75.8,0,0.1,-3.591407531848407,1.000718671455129,0.007184133344609176
758,75.8,1,0.2,-3.522890495939673,0.9990988609682027,-0.009015453016632492
758,75.8,2,0.3,-3.502975405054395,1.0041468456832685,0.04138271215198732
759,75.9,0,0.1,-3.591135715629315,1.0002718531644679,0.0027181621909197944
759,75.9,1,0.2,-3.524015326146509,0.9988758021775307,-0.011248302068355294
759,75.9,2,0.3,-3.4989514150500196,1.0040320971228267,0.040239900043751345
760,76.0,0,0.1,-3.5912950469868075,0.999840681335074,-0.0015933135749258494
760,76.0,1,0.2,-3.5253397036202085,0.9986764991271206,-0.01324377473699809
760,76.0,2,0.3,-3.4950801277451626,1.0038787904166646,0.03871287304857194
761,76.10000000000001,0,0.1,-3.591859754204113,0.999435452199806,-0.005647072173053454
761,76.10000000000001,1,0.2,-3.5268379863330632,0.9985028391523288,-0.01498282712854554
761,76.10000000000001,2,0.3,-3.491392552400752,1.0036943828154865,0.0368757534441024
762,76.2,0,0.1,-3.592794204178824,0.9990659864877048,-0.009344499747113131
762,76.2,1,0.2,-3.5284827830202343,0.998356555249578,-0.01644796687171195
762,76.2,2,0.3,-3.487911856353748,1.0034867607038576,0.034806960470043814
763,76.3,0,0.1,-3.5940539074002666,0.9987410898716048,-0.012597032214426035
763,76.3,1,0.2,-3.5302451291965355,0.9982392058438554,-0.01762346176301322
763,76.3,2,0.3,-3.4846531696844822,1.0032640019607246,0.03258686669265839
764,76.4,0,0.1,-3.5955870100681393,0.9984680719336844,-0.015331026678725237
764,76.4,1,0.2,-3.5320946980369574,0.9981521405579803,-0.01849568840421709
764,76.4,2,0.3,-3.4816237166111135,1.0030340465036864,0.030294530733685123
765,76.5,0,0.1,-3.597336185547368,0.9982523534366224,-0.017491754792288036
765,76.5,1,0.2,-3.5340000566420984,0.998096455438249,-0.019053586051410693
765,76.5,2,0.3,-3.4788233551080556,1.0028042861779793,0.02800361503058006
766,76.60000000000001,0,0.1,-3.5992408156883684,0.9980971825159903,-0.01904630141000234
766,76.60000000000001,1,0.2,-3.535928978936556,0.9980729368805578,-0.0192892229445746
766,76.60000000000001,2,0.3,-3.4762455642720402,1.002581116195559,0.025777908360151723
767,76.7,0,0.1,-3.60123934017183,0.9980034712368742,-0.01998524483461608
767,76.7,1,0.2,-3.5378488299539965,0.9980819907177164,-0.019198510174406307
767,76.7,2,0.3,-3.4738788527871343,1.002369514357293,0.023667114849061047
768,76.8,0,0.1,-3.603271647942592,0.9979697559683879,-0.020323077707621363
768,76.8,1,0.2,-3.539727039384167,0.9981235533013956,-0.018782094301706923
768,76.8,2,0.3,-3.4717084854762112,1.002172724262897,0.021703673109231394
769,76.9,0,0.1,-3.605281387202372,0.9979922789139385,-0.020097392597800363
769,76.9,1,0.2,-3.541531681163277,0.9981969856077684,-0.018046417791096184
769,76.9,2,0.3,-3.469718356414504,1.001992110682891,0.01990129061707088
770,77.0,0,0.1,-3.6072180774144154,0.9980651839623518,-0.01936690212043345
770,77.0,1,0.2,-3.543232167472955,0.9983009586979784,-0.017004863096784364
770,77.0,2,0.3,-3.4678927941914193,1.0018272295762647,0.01825562223084824
771,77.10000000000001,0,0.1,-3.6090389168793604,0.9981808172575392,-0.018208394649448904
771,77.10000000000001,1,0.2,-3.544800048693225,0.9984333472633679,-0.015678812202696065
771,77.10000000000001,2,0.3,-3.4662180805288463,1.0016761167786619,0.01674713662572848
772,77.2,0,0.1,-3.6107101921248708,0.9983301205572644,-0.01671275245510457
772,77.2,1,0.2,-3.546209887360432,0.9985911546884481,-0.014098386672070886
772,77.2,2,0.3,-3.464683501879455,1.0015357567177428,0.015345786493915254
773,77.3,0,0.1,-3.6122082110971827,0.9985031024980444,-0.014980189723120282
773,77.3,1,0.2,-3.5474401485086515,0.9987704953127803,-0.01230261148219628
773,77.3,2,0.3,-3.463281828816706,1.0014026558655718,0.014016730627487114
774,77.4,0,0.1,-3.6135197021961316,0.9986893685296627,-0.013114910989487907
774,77.4,1,0.2,-3.548474027237365,0.9989666555397606,-0.010338787287133229
774,77.4,2,0.3,-3.462009214714943,1.0012734242187082,0.012726141017632722
775,77.5,0,0.1,-3.614641646945713,0.9988786843951184,-0.011219447495816687
775,77.5,1,0.2,-3.549300123419434,0.9991742449414418,-0.008260961820690164
775,77.5,2,0.3,-3.460864602574683,1.0011452674587402,0.011446121402599136
776,77.60000000000001,0,0.1,-3.615580546281858,0.9990615412919245,-0.009388993361446918
776,77.60000000000001,1,0.2,-3.549912877842301,0.999387433272785,-0.006127544228670711
776,77.60000000000001,2,0.3,-3.4598488058509567,1.0010163128199532,0.010157967237262278
777,77.7,0,0.1,-3.616351158441812,0.9992296846853406,-0.0077061215995404215
777,77.7,1,0.2,-3.5503127050906405,0.9996002526719232,-0.003998272483394466
777,77.7,2,0.3,-3.458963469973954,1.0008857279024928,0.00885335877002508
778,77.8,0,0.1,-3.616974787849365,0.9993765650088491,-0.006236294075532633
778,77.8,1,0.2,-3.5505057933486515,0.9998069303823268,-0.0019308825801102034
778,77.8,2,0.3,-3.458210119112042,1.0007536347019457,0.007533508619124591
779,77.9,0,0.1,-3.617477245069072,0.9994976689907823,-0.005024572197069437
779,77.9,1,0.2,-3.5505035835624033,1.0000022097886898,2.2097862482082568e-05
779,77.9,2,0.3,-3.4575894510053398,1.0006208607610074,0.006206681067019741
780,78.0,0,0.1,-3.617886632500111,0.9995906963565616,-0.004093874310387113
780,78.0,1,0.2,-3.550321981446873,1.000181618606193,0.001816021155303208
780,78.0,2,0.3,-3.4571009733712987,1.000488596958669,0.004884776340410568
781,78.10000000000001,0,0.1,-3.6182311333072126,0.9996555585264877,-0.0034450080710165926
781,78.10000000000001,1,0.2,-3.5499803870938607,1.0003416527030071,0.0034159435301225755
781,78.10000000000001,2,0.3,-3.456742995383407,1.000358042069658,0.0035797798789169166
782,78.2,0,0.1,-3.6185369871464275,0.9996941929293024,-0.0030585383921490424
782,78.2,1,0.2,-3.549500642148274,1.0004798600415976,0.004797449455864739
782,78.2,2,0.3,-3.456512914476208,1.0002301073778408,0.0023008090719890606
783,78.3,0,0.1,-3.6188268222281996,0.9997102069163577,-0.0028983508177217714
783,78.3,1,0.2,-3.548905991215626,1.000594827772565,0.005946509326482446
783,78.3,2,0.3,-3.456407686122783,1.0001052338901226,0.0010522835342508573
784,78.4,0,0.1,-3.6191184783533754,0.9997083864023374,-0.002916561251757628
784,78.4,1,0.2,-3.548220134209604,1.000686092259719,0.006858570060219142
784,78.4,2,0.3,-3.456424339955069,0.9999833463063881,-0.00016653832286105087
785,78.5,0,0.1,-3.6194244019661332,0.9996941231770989,-0.003059236127578476
785,78.5,1,0.2,-3.5474664152797066,1.0007540030473872,0.007537189298974385
785,78.5,2,0.3,-3.4565604103171967,0.9998639388950245,-0.0013607036212760157
786,78.60000000000001,0,0.1,-3.619751627407209,0.9996728280913298,-0.0032722544107552363
786,78.60000000000001,1,0.2,-3.5466671594457884,1.000799575323975,0.007992558339181983
786,78.60000000000001,2,0.3,-3.4568141776585573,0.9997462648548479,-0.0025376734136048963
787,78.7,0,0.1,-3.6201022868005013,0.999649402080527,-0.0035065939329250503
787,78.7,1,0.2,-3.545843137989539,1.0008243610552021,0.008240214562494266
787,78.7,2,0.3,-3.457184659897187,0.9996295863814403,-0.0037048223862969796
788,78.8,0,0.1,-3.620474524913082,0.9996278311594298,-0.003722381125808239
788,78.8,1,0.2,-3.545013124305798,1.0008303582404208,0.008300136837409627
788,78.8,2,0.3,-3.457671339850759,0.9995134384559067,-0.004866799535721277
789,78.9,0,0.1,-3.620863646165365,0.9996109544455724,-0.003891212522830424
789,78.9,1,0.2,-3.544193496753986,1.0008199635382624,0.008196275518121266
789,78.9,2,0.3,-3.4582736574206097,0.9993978637869635,-0.006023175698505787
790,79.0,0,0.1,-3.621263298684804,0.9996004273309917,-0.003996525194387651
790,79.0,1,0.2,-3.5433978542027287,1.000795959158755,0.007956425512572371
790,79.0,2,0.3,-3.4589903279017786,0.9992835862657825,-0.007166704811690091
791,79.10000000000001,0,0.1,-3.6216665111514588,0.999596868812567,-0.004032124666548332
791,79.10000000000001,1,0.2,-3.5426366305197807,1.0007615134872265,0.007612236829478886
791,79.10000000000001,2,0.3,-3.4598185684612597,0.9991721023370577,-0.00828240559480982
792,79.2,0,0.1,-3.6220664426146953,0.9996001484986908,-0.00399931463236603
792,79.2,1,0.2,-3.5419167211501557,1.000720168566571,0.007199093696251123
792,79.2,2,0.3,-3.4607533239769612,0.9990656812321409,-0.009347555157015994
793,79.3,0,0.1,-3.622456776912184,0.9996097418730321,-0.0039033429748871473
793,79.3,1,0.2,-3.5412411620872675,1.0006757873043057,0.006755590628882253
793,79.3,2,0.3,-3.4617865828134557,0.9989672747916093,-0.010332588364945805
794,79.4,0,0.1,-3.6228317786561797,0.9996250685603698,-0.0037500174399559684
794,79.4,1,0.2,-3.540608923107459,1.0006324388849994,0.006322389798082988
794,79.4,2,0.3,-3.462906864441816,0.9988803456528372,-0.011202816283603244
795,79.5,0,0.1,-3.623186109464458,0.9996457319594689,-0.0035433080827831157
795,79.5,1,0.2,-3.5400148883775393,1.000594211203492,0.005940347299198461
795,79.5,2,0.3,-3.4640989450772,0.9988086296104854,-0.011920806353838532
796,79.60000000000001,0,0.1,-3.6235145630325714,0.9996716003668545,-0.0032845356811336797
796,79.60000000000001,1,0.2,-3.5394500954590224,1.0005649524440687,0.005647929185168062
796,79.60000000000001,2,0.3,-3.465343865098381,0.9987558545702804,-0.012449200211811555
797,79.7,0,0.1,-3.623811901239065,0.9997027059941297,-0.0029733820649370827
797,79.7,1,0.2,-3.5389022873126352,1.0005479582206724,0.005478081463872498
797,79.7,2,0.3,-3.4666192335065733,0.9987254445284616,-0.012753684081921627
798,79.8,0,0.1,-3.6240729536508294,0.9997389816594516,-0.0026105241176434353
798,79.8,1,0.2,-3.5383568021564105,1.000545633960308,0.005454851562247985
798,79.8,2,0.3,-3.4678998118438997,0.9987202412532253,-0.012805783373264941
799,79.9,0,0.1,-3.6242930821374286,0.9997798957398983,-0.002201284865992282
799,79.9,1,0.2,-3.5377977858694982,1.0005591725656362,0.005590162869121918
799,79.9,2,0.3,-3.469158326436981,0.9987422770042952,-0.012585145930813538
800,80.0,0,0.1,-3.6244690231122263,0.9998240745019078,-0.0017594097479768256
800,80.0,1,0.2,-3.5372096657298666,1.0005882931161896,0.0058812013963164276
800,80.0,2,0.3,-3.470366428886875,0.9987926270120863,-0.012081024498940683
801,80.10000000000001,0,0.1,-3.624600021895377,0.9998690097968151,-0.001309987831508041
801,80.10000000000001,1,0.2,-3.5365787787674567,1.0006310860134469,0.006308869624098174
801,80.10000000000001,2,0.3,-3.47149570638061,0.9988713599001402,-0.011292774937347186
802,80.2,0,0.1,-3.624689089659742,0.9999109362020506,-0.0008906776436479698
802,80.2,1,0.2,-3.5358950100086037,1.0006840025820014,0.006837687588530483
802,80.2,2,0.3,-3.4725186405548865,0.998977588844533,-0.010229341742765156
803,80.3,0,0.1,-3.624744163930286,0.9999449272460157,-0.0005507427054407857
803,80.3,1,0.2,-3.5351532725892216,1.0007420125746085,0.0074173741938214684
803,80.3,2,0.3,-3.473409428267609,0.9991096089208709,-0.008907877127227133
804,80.4,0,0.1,-3.62477895169622,0.9999652128391533,-0.00034787765934127056
804,80.4,1,0.2,-3.534354659204724,1.000798932361074,0.007986133844974248
804,80.4,2,0.3,-3.474144607536725,0.9992650909089495,-0.007351792691156417
805,80.5,0,0.1,-3.624813281667075,0.9999656706184118,-0.0003432997085495355
805,80.5,1,0.2,-3.5335071161728164,1.000847902297994,0.00847543031907753
805,80.5,2,0.3,-3.4747034707423237,0.9994412929293551,-0.00558863205598868
806,80.60000000000001,0,0.1,-3.6248728786751316,0.9999404047678097,-0.0005959700805657266
806,80.60000000000001,1,0.2,-3.532625537222325,1.0008819676554306,0.008815789504911601
806,80.60000000000001,2,0.3,-3.475068285896345,0.9996352513829352,-0.0036481515402139396
807,80.7,0,0.1,-3.6249885784753477,0.9998843068927479,-0.001156998002160913
807,80.7,1,0.2,-3.5317312392282365,1.0008946979977718,0.008942979940887394
807,80.7,2,0.3,-3.4752243761307655,0.9998439219470264,-0.00156090234420434
808,80.8,0,0.1,-3.625195100349991,0.999793499449531,-0.0020652187464344006
808,80.8,1,0.2,-3.5308508575872644,1.0008807692906405,0.008803816409721998
808,80.8,2,0.3,-3.4751601209688894,1.0000642572262832,0.0006425516187614032
809,80.9,0,0.1,-3.625529565033378,0.9996655912436897,-0.0033446468338690838
809,80.9,1,0.2,-3.530014773122279,1.0008364340810312,0.00836084464985216
809,80.9,2,0.3,-3.47486693864449,1.0002932253065373,0.0029318232439920766
810,81.0,0,0.1,-3.626029971443528,0.9994997187722564,-0.005004064101497292
810,81.0,1,0.2,-3.5292552431388393,1.0007598184993787,0.007595299834397983
810,81.0,2,0.3,-3.4743392903304566,1.0005277875448924,0.005276483140335431
811,81.10000000000001,0,0.1,-3.6267338238956817,0.999296395193878,-0.007038524521538147
811,81.10000000000001,1,0.2,-3.5286044462956854,1.0006510086573663,0.006507968431538891
811,81.10000000000001,2,0.3,-3.4735747224062954,1.0007648602807204,0.007645679241611761
812,81.2,0,0.1,-3.6276770399719394,0.9990572286122019,-0.00943216076257745
812,81.2,1,0.2,-3.52809265808378,1.0005119191978369,0.005117882119054797
812,81.2,2,0.3,-3.4725739410672856,1.0010012822877536,0.010007813390098833
813,81.3,0,0.1,-3.6288931850776933,0.9987845940990147,-0.012161451057540322
813,81.3,1,0.2,-3.5277467499421378,1.000345967974762,0.00345908141642168
813,81.3,2,0.3,-3.471340902085482,1.0012337994869143,0.012330389818036726
814,81.4,0,0.1,-3.6304129941096366,0.9984813452929451,-0.015198090319431349
814,81.4,1,0.2,-3.527589154670004,1.0001576076909213,0.0015759527213397894
814,81.4,2,0.3,-3.46988290031724,1.001459065169571,0.014580017682418322
815,81.5,0,0.1,-3.6322640735156844,0.9981506327848061,-0.018510794060478893
815,81.5,1,0.2,-3.5276373724626335,0.9999517833698295,-0.00048217792629759416
815,81.5,2,0.3,-3.4682106559743286,1.001673643323186,0.016722443429114504
816,81.60000000000001,0,0.1,-3.6344706424248727,0.9977958637743635,-0.022065689091881675
816,81.60000000000001,1,0.2,-3.5279040169115508,0.9997333910975543,-0.0026664444891719655
816,81.60000000000001,2,0.3,-3.4663384104580004,1.0018739992622754,0.01872245516328093
817,81.7,0,0.1,-3.637053174919639,0.9974207993734403,-0.02582532494766512
817,81.7,1,0.2,-3.5283973306227394,0.9995068079480139,-0.004933137111886868
817,81.7,2,0.3,-3.464284054499925,1.0020564675930455,0.02054355958075355
818,81.8,0,0.1,-3.6400278432419384,0.9970297516198076,-0.02974668322299481
818,81.8,1,0.2,-3.529122046265636,0.9992755469000583,-0.007247156428964864
818,81.8,2,0.3,-3.4620693079149016,1.0022172009478376,0.022147465850236452
819,81.9,0,0.1,-3.6434057226805394,0.9966278191779309,-0.03377879438600729
819,81.9,1,0.2,-3.53008043823093,0.9990420671456044,-0.009583919652941546
819,81.9,2,0.3,-3.459719950703815,1.002352119113214,0.023493572110864443
820,82.0,0,0.1,-3.647191787909762,0.9962210928791995,-0.03786065229222972
820,82.0,1,0.2,-3.531273405556209,0.9988077439773589,-0.011929673252791385
820,82.0,2,0.3,-3.457266073166091,1.0024568907593974,0.02453877537723998
821,82.10000000000001,0,0.1,-3.6513837923818557,0.9958167697138962,-0.041920044720932005
821,82.10000000000001,1,0.2,-3.5327014463463433,0.9985729783749208,-0.014280407901340223
821,82.10000000000001,2,0.3,-3.454742277378325,1.0025269832412849,0.025237957877657438
822,82.2,0,0.1,-3.6559711652281726,0.9954231330774962,-0.04587372846317089
822,82.2,1,0.2,-3.5343654210630207,0.9983374089216986,-0.016639747166774358
822,82.2,2,0.3,-3.452187736036351,1.0025578069628374,0.02554541341974449
823,82.3,0,0.1,-3.66093407789541,0.9950493822359148,-0.04962912667237534
823,82.3,1,0.2,-3.5362670472372235,0.9981001807712907,-0.019016261742029722
823,82.3,2,0.3,-3.4496460082533855,1.002544960711521,0.02541727782965497
824,82.4,0,0.1,-3.666242825433027,0.9947053189597563,-0.053087475376165566
824,82.4,1,0.2,-3.5384091109756755,0.997860228842834,-0.021420637384517556
824,82.4,2,0.3,-3.44716453140212,1.0024845582632376,0.02481476851265329
825,82.5,0,0.1,-3.6718576397970253,0.9944009192453009,-0.05614814363998785
825,82.5,1,0.2,-3.5407954123244716,0.9976165436048455,-0.02386301348796274
825,82.5,2,0.3,-3.444793751938243,1.0023735919836925,0.023707794638771165
826,82.60000000000001,0,0.1,-3.6777290120792236,0.9941458305395163,-0.05871372282197861
826,82.60000000000001,1,0.2,-3.5434304771240788,0.9973684039361919,-0.026350647996069537
826,82.60000000000001,2,0.3,-3.4425859172684605,1.0022102737314316,0.02207834669782283
827,82.7,0,0.1,-3.683798554472317,0.9939488400694887,-0.06069542393093553
827,82.7,1,0.2,-3.5463190674119827,0.9971155776748771,-0.028885902879040557
827,82.7,2,0.3,-3.440593610932958,1.0019942922964318,0.01992306335502849
828,82.8,0,0.1,-3.690000386279941,0.9938173598562744,-0.06201831807624367
828,82.8,1,0.2,-3.5494655105472224,0.9968585017293574,-0.03146443135239886
828,82.8,2,0.3,-3.4388681594488233,1.0017269409320801,0.017254514841345974
829,82.9,0,0.1,-3.69626298385889,0.9937569716126344,-0.06262597578948446
829,82.9,1,0.2,-3.5528728523556405,0.9965984565931001,-0.03407341808417883
829,82.9,2,0.3,-3.4374580593142965,1.0014110947931893,0.014101001345266836
830,83.0,0,0.1,-3.7025113924170023,0.993771072151047,-0.06248408558112839
830,83.0,1,0.2,-3.556541831134728,0.9963377436994965,-0.036689787790875485
830,83.0,2,0.3,-3.4364075618975085,1.001051049382462,0.010504974167880363
831,83.10000000000001,0,0.1,-3.708669658123163,0.9938606575473586,-0.06158265706160212
831,83.10000000000001,1,0.2,-3.5604696750998652,0.9960798599241109,-0.0392784396513701
831,83.10000000000001,2,0.3,-3.4357555153345287,1.000652259191552,0.006520465629797355
832,83.2,0,0.1,-3.714663303850702,0.9940242803349775,-0.059936457275394726
832,83.2,1,0.2,-3.564648749594157,0.9958296456858658,-0.04179074494292016
832,83.2,2,0.3,-3.4355345063837768,1.0002210333750294,0.0022100895075195673
833,83.3,0,0.1,-3.720421646230207,0.9942582050967284,-0.05758342379505227
833,83.3,1,0.2,-3.569065120502661,0.9955933669169394,-0.04416370908504137
833,83.3,2,0.3,-3.4357702859572123,0.9997642482203838,-0.0023577957343558172
834,83.4,0,0.1,-3.7258797439867073,0.9945567705957868,-0.05458097756499725
834,83.4,1,0.2,-3.5736971496589076,0.9953786821460687,-0.04632029156246325
834,83.4,2,0.3,-3.436481414746683,0.999289124002681,-0.007111287894704892
835,83.5,0,0.1,-3.7309797874654818,0.9949129396620635,-0.05100043478774753
835,83.5,1,0.2,-3.578514285146001,0.9951944483023655,-0.048171354870934456
835,83.5,2,0.3,-3.437679041594791,0.9988030900207167,-0.01197626848108048
836,83.60000000000001,0,0.1,-3.73567179393911,0.9953189837932265,-0.04692006473627818
836,83.60000000000001,1,0.2,-3.583476240794191,0.9950503345175821,-0.04961955648189707
836,83.60000000000001,2,0.3,-3.4393667324061763,0.9983137325379148,-0.016876908113852788
837,83.7,0,0.1,-3.7399135629909535,0.9957672145438995,-0.04241769051843721
837,83.7,1,0.2,-3.588532762266244,0.9949562412119889,-0.05056521472053553
837,83.7,2,0.3,-3.4415402993324156,0.9978287935598178,-0.02173566926239391
838,83.8,0,0.1,-3.743669961284885,0.9962506481443021,-0.0375639829393192
838,83.8,1,0.2,-3.593624143205591,0.9949215581719594,-0.050913809393472016
838,83.8,2,0.3,-3.4441876296133143,0.9973561708077151,-0.02647330280898847
839,83.9,0,0.1,-3.7469117264872813,0.9967634836450421,-0.03241765202395887
839,83.9,1,0.2,-3.598682581836196,0.9949543337249511,-0.05058438630604302
839,83.9,2,0.3,-3.44728856701836,0.9969038655355269,-0.03100937405045647
840,84.0,0,0.1,-3.7496140793830133,0.9973012951729917,-0.027023528957321057
840,84.0,1,0.2,-3.6036343622997946,0.9950604593899244,-0.04951780463599069
840,84.0,2,0.3,-3.450814941154938,0.9964798362185413,-0.035263741365778374
841,84.10000000000001,0,0.1,-3.751755484421443,0.997860886133605,-0.02141405038429673
841,84.10000000000001,1,0.2,-3.6084027208027334,0.9952429920701004,-0.04768358502938368
841,84.10000000000001,2,0.3,-3.4547308582194276,0.9960917401404843,-0.039159170644894596
842,84.2,0,0.1,-3.7533168826149685,0.9984398201544429,-0.015613981935254984
842,84.2,1,0.2,-3.6129111365497133,0.9955017319036237,-0.04508415746980166
842,84.2,2,0.3,-3.4589933538746407,0.9957465758856807,-0.042624956552133254
843,84.3,0,0.1,-3.7542816316333814,0.9990357162023021,-0.009647490184128686
843,84.3,1,0.2,-3.617086697346877,0.9958331447357791,-0.04175560797164095
843,84.3,2,0.3,-3.4635534652114397,0.9954502701846104,-0.045601113367992704
844,84.4,0,0.1,-3.754636238514739,0.9996454559842313,-0.003546068813577694
844,84.4,1,0.2,-3.6208631534560576,0.9962306657332628,-0.03776456109180104
844,84.4,2,0.3,-3.4683577123959606,0.9952072747521887,-0.04804247184520473
845,84.5,0,0.1,-3.754371789770545,1.000264483713846,0.0026444874419430504
845,84.5,1,0.2,-3.624183305724222,0.9966853533425368,-0.03320152268164478
845,84.5,2,0.3,-3.4733499061065105,0.9950202465784185,-0.04992193710550214
846,84.60000000000001,0,0.1,-3.7534858119191443,1.000886370445712,0.00885977851400468
846,84.60000000000001,1,0.2,-3.6270004754957266,0.9971867947274932,-0.028171697715044616
846,84.60000000000001,2,0.3,-3.478473131858485,0.9948898755858256,-0.05123225751974221
847,84.7,0,0.1,-3.7519841742616897,1.001502765679838,0.015016376574546762
847,84.7,1,0.2,-3.629278957480085,0.9977241117853914,-0.022784819843587784
847,84.7,2,0.3,-3.483671723393021,0.9948148977572068,-0.05198591534535908
848,84.8,0,0.1,-3.7498826069945284,1.002103777107422,0.021015672671614943
848,84.8,1,0.2,-3.630993531036043,0.9982868954855687,-0.017145735559577078
848,84.8,2,0.3,-3.4888930356795638,0.9947922950713977,-0.052213122865432865
849,84.9,0,0.1,-3.74720746413155,1.0026787242505095,0.026751428629780912
849,84.9,1,0.2,-3.6321282614038615,0.9988659131952385,-0.011347303678185403
849,84.9,2,0.3,-3.4940888662095624,0.9948176444494448,-0.0519583052999817
850,85.0,0,0.1,-3.74399550048916,1.0032171275248645,0.032119636423903634
850,85.0,1,0.2,-3.632674924506428,0.9994534862904834,-0.005466631025666002
850,85.0,2,0.3,-3.499216443488249,0.9948855463053763,-0.05127577278686804
851,85.10000000000001,0,0.1,-3.740292621365376,1.003709743250415,0.037028791237833265
851,85.10000000000001,1,0.2,-3.632631414312086,1.0000435111409243,0.00043510194342118625
851,85.10000000000001,2,0.3,-3.5042389875627222,0.9949900478100977,-0.05022544074472906
852,85.2,0,0.1,-3.7361517559387756,1.004149450655844,0.041408654266008725
852,85.2,1,0.2,-3.632000436994753,1.0006311764253957,0.0063097731733300615
852,85.2,2,0.3,-3.5091259278589737,0.9951249813684174,-0.048869402962517516
853,85.3,0,0.1,-3.7316301550319366,1.0045318387689122,0.045216009068392085
853,85.3,1,0.2,-3.630788677877141,1.001212493594331,0.012117591176120235
853,85.3,2,0.3,-3.5138529181177076,0.9952841643768469,-0.04726990258734178
854,85.4,0,0.1,-3.726786488852995,1.0048554156925489,0.04843666178941084
854,85.4,1,0.2,-3.629006477296955,1.0017837896435098,0.017822005801860365
854,85.4,2,0.3,-3.518401802768824,0.9954614458546389,-0.045488846511161925
855,85.5,0,0.1,-3.7216781108088606,1.0051214480532942,0.05108378044134844
855,85.5,1,0.2,-3.6266679085900857,1.002341305291482,0.02338568706869237
855,85.5,2,0.3,-3.5227606599205,0.9956506288784035,-0.04358857151675969
856,85.60000000000001,0,0.1,-3.716358772391812,1.005333511216475,0.053193384170482264
856,85.60000000000001,1,0.2,-3.6237910503985438,1.0028810003192214,0.02876858191541686
856,85.60000000000001,2,0.3,-3.5269239809262225,0.9958453336003754,-0.041633210057222314
857,85.7,0,0.1,-3.7108769510237507,1.0054968740436068,0.05481821368061502
857,85.7,1,0.2,-3.6203982092714337,1.0033986033274676,0.033928411271102174
857,85.7,2,0.3,-3.530892962309832,0.9960388846128967,-0.039689813836096856
858,85.8,0,0.1,-3.7052748236309196,1.0056178486522829,0.05602127392831376
858,85.8,1,0.2,-3.616515882073322,1.003889873192528,0.038823271981118776
858,85.8,2,0.3,-3.534675804675338,0.9962243035691873,-0.037828423655061824
859,85.9,0,0.1,-3.6995878155858146,1.0057032097739171,0.05687008045104539
859,85.9,1,0.2,-3.612174337583618,1.004350982647767,0.04341544489703771
859,85.9,2,0.3,-3.5382878563191857,0.9963944639674222,-0.03612051643847505
860,86.0,0,0.1,-3.6938445974539196,1.0057597420274502,0.05743218131895371
860,86.0,1,0.2,-3.607406815095142,1.0047789052057459,0.04767522488476055
860,86.0,2,0.3,-3.5417514216349177,0.9965424259076224,-0.03463565315732195
861,86.10000000000001,0,0.1,-3.688067395007545,1.0057939226636137,0.057772024463739816
861,86.10000000000001,1,0.2,-3.6022484507386165,1.005171691623722,0.05158364356525173
861,86.10000000000001,2,0.3,-3.545095081258203,0.9966619241813717,-0.03343659623285137
862,86.2,0,0.1,-3.6822725107364,1.0058117070927393,0.057948842711453806
862,86.2,1,0.2,-3.5967351188435974,1.0055285582791533,0.05513331895019438
862,86.2,2,0.3,-3.5483524366297967,0.9967479440548149,-0.03257355371593736
863,86.3,0,0.1,-3.676471007017458,1.0058183650328643,0.05801503718942388
863,86.3,1,0.2,-3.5909023965495708,1.0058497657391545,0.058327222940269804
863,86.3,2,0.3,-3.5515602816994503,0.9967972945681526,-0.0320784506965373
864,86.4,0,0.1,-3.6706695484284135,1.0058183196403854,0.05801458589043967
864,86.4,1,0.2,-3.584784821898492,1.0061363252274007,0.0611757465107835
864,86.4,2,0.3,-3.5547562994589166,0.9968090840686681,-0.03196017759466046
865,86.5,0,0.1,-3.6648714236407343,1.0058149664474878,0.057981247876796004
865,86.5,1,0.2,-3.578415531697824,1.0063896172629014,0.0636929020066815
865,86.5,2,0.3,-3.5579764616737886,0.9967850169467349,-0.03220162214872163
866,86.60000000000001,0,0.1,-3.659077755848351,1.0058104835449038,0.05793667792382834
866,86.60000000000001,1,0.2,-3.5718262602956576,1.006611028412335,0.06589271402165912
866,86.60000000000001,2,0.3,-3.561252362031924,0.9967294595490047,-0.0327590035813524
867,86.7,0,0.1,-3.653288867140476,1.0058056767030894,0.0578888870787508
867,86.7,1,0.2,-3.5650475835420568,1.0068017039848463,0.06778676753601273
867,86.7,2,0.3,-3.564608728743956,0.9966492595903158,-0.03356366712032179
868,86.8,0,0.1,-3.6475057005333578,1.0057999213981321,0.05783166607118746
868,86.8,1,0.2,-3.5581092299544697,1.00696247972913,0.06938353587587492
868,86.8,2,0.3,-3.5680613430385772,0.9965533391245217,-0.03452614294621378
869,86.9,0,0.1,-3.6417311448191474,1.005791260600011,0.057745557142098794
869,86.9,1,0.2,-3.5510402699406107,1.0070940040887735,0.07068960013858325
869,86.9,2,0.3,-3.57161554195231,0.9964521097749015,-0.03554198913732572
870,87.0,0,0.1,-3.635971074220379,1.0057766917030069,0.05760070598768924
870,87.0,1,0.2,-3.543869036539475,1.007197008271081,0.07171233401136198
870,87.0,2,0.3,-3.575265418025056,0.996356776628621,-0.03649876072745902
871,87.10000000000001,0,0.1,-3.630234923430841,1.0057526340041418,0.05736150789537441
871,87.10000000000001,1,0.2,-3.536622716070887,1.0072726385801722,0.07246320468587357
871,87.10000000000001,2,0.3,-3.578993756642287,0.9962786030076018,-0.037283386172310015
872,87.2,0,0.1,-3.624535674156346,1.0057155208929573,0.05699249274495046
872,87.2,1,0.2,-3.529326652050143,1.0073227451454339,0.07296064020744424
872,87.2,2,0.3,-3.5827726841572,0.9962282036461271,-0.03778927514913148
873,87.3,0,0.1,-3.618889223561907,1.0056624218427352,0.056464505944394554
873,87.3,1,0.2,-3.522003503576475,1.007350028300377,0.07323148473668412
873,87.3,2,0.3,-3.5865649441550578,0.9962149215391345,-0.03792259997857921
874,87.4,0,0.1,-3.613313218296712,1.0055915801175836,0.05576005265194497
874,87.4,1,0.2,-3.5146724651127053,1.0073579763134843,0.07331038463769077
874,87.4,2,0.3,-3.59032567945521,0.9962463274084137,-0.03760735300151764
875,87.5,0,0.1,-3.6078255437956064,1.0055027593678103,0.05487674501105967
875,87.5,1,0.2,-3.507348771335012,1.007350577612552,0.07323693777693457
875,87.5,2,0.3,-3.5940045744621387,0.9963278638364084,-0.036788950069290706
876,87.60000000000001,0,0.1,-3.6024427317352155,1.0053973254224444,0.053828120603904704
876,87.60000000000001,1,0.2,-3.500043673687185,1.0073318449645683,0.07305097647826651
876,87.60000000000001,2,0.3,-3.597548204166504,0.9964626415415309,-0.03543629704364868
877,87.7,0,0.1,-3.597178570544894,1.005278041231744,0.05264161190321769
877,87.7,1,0.2,-3.492764992150397,1.0073052355261585,0.07278681536788204
877,87.7,2,0.3,-3.600902438356798,0.9966513849687934,-0.03354234190294316
878,87.8,0,0.1,-3.5920431682211293,1.0051486111033976,0.051354023237649295
878,87.8,1,0.2,-3.485518234602426,1.0072730788383726,0.0724675754797174
878,87.8,2,0.3,-3.6040147575609347,0.9968925190405885,-0.03112319204136859
879,87.9,0,0.1,-3.5870426299344644,1.0050130618443847,0.05000538286664487
879,87.9,1,0.2,-3.4783081610525275,1.0072361287124327,0.07210073549897718
879,87.9,2,0.3,-3.6068363467074462,0.9971823877948336,-0.02821589146511298
880,88.0,0,0.1,-3.5821793928418897,1.0048750818235448,0.04863237092575022
880,88.0,1,0.2,-3.4711405756884774,1.0071933339857444,0.07167585364050452
880,88.0,2,0.3,-3.6093238413960775,0.9975155965625935,-0.024874946886314392
881,88.10000000000001,0,0.1,-3.5774531319658878,1.0047374472632542,0.047262608760015166
881,88.10000000000001,1,0.2,-3.4640240760425143,1.007141882105265,0.07116499645962564
881,88.10000000000001,2,0.3,-3.6114406110122568,0.9978854691606879,-0.021167696161790567
882,88.2,0,0.1,-3.5728620404822045,1.0046016466913152,0.04591091483683568
882,88.2,1,0.2,-3.4569714866679275,1.007077517451068,0.0705258937458715
882,88.2,2,0.3,-3.6131574769341404,0.9982846070493281,-0.01716865921883679
883,88.3,0,0.1,-3.568404217933746,1.0044677734203076,0.04457822548458865
883,88.3,1,0.2,-3.4500007541936393,1.0069950845810247,0.06970732474288652
883,88.3,2,0.3,-3.6144527891347815,0.9987055263541048,-0.012953122006412368
884,88.4,0,0.1,-3.5640788848715017,1.0043347008166434,0.043253330622437726
884,88.4,1,0.2,-3.4431351700904194,1.0068892062547716,0.06865584103219327
884,88.4,2,0.3,-3.615311826893357,0.9991413311087284,-0.008590377585754694
885,88.5,0,0.1,-3.5598871847469673,1.0042004975873149,0.04191700124534641
885,88.5,1,0.2,-3.4364028973661713,1.0067549854129954,0.06732272724248417
885,88.5,2,0.3,-3.615725552526617,0.9995863599393879,-0.0041372563326016595
886,88.60000000000001,0,0.1,-3.5558324238464474,1.0040629925655509,0.040547609005195814
886,88.60000000000001,1,0.2,-3.42983588486179,1.0065886226097096,0.0656701250438096
886,88.60000000000001,2,0.3,-3.615688828948982,1.0000367242519543,0.00036723577635286084
887,88.7,0,0.1,-3.551919717826671,1.0039203706471926,0.0391270601977678
887,88.7,1,0.2,-3.4234683372797026,1.0063878635111834,0.06367547582087603
887,88.7,2,0.3,-3.615198303400785,1.0004906458755276,0.004905255481970906
888,88.8,0,0.1,-3.548155133523801,1.0037716792507394,0.0376458430287018
888,88.8,1,0.2,-3.417334956883985,1.006152228086907,0.06133380395718106
888,88.8,2,0.3,-3.6142502451851746,1.0009485077648554,0.009480582156103352
889,88.9,0,0.1,-3.5445445119794896,1.0036171476903968,0.03610621544310935
889,88.9,1,0.2,-3.4114691796264665,1.005883014615956,0.05865777257517856
889,88.9,2,0.3,-3.6128386848702054,1.0014125570351524,0.014115603149690199
890,89.0,0,0.1,-3.541092213865705,1.003458264158464,0.03452298113784754
890,89.0,1,0.2,-3.4059015990177075,1.0055831083896918,0.05567580608759265
890,89.0,2,0.3,-3.610954216145058,1.0018862454522224,0.018844687251476883
891,89.10000000000001,0,0.1,-3.5378000325223953,1.0032976065242345,0.032921813433094936
891,89.10000000000001,1,0.2,-3.4006587167119964,1.0052566502638922,0.052428823057106805
891,89.10000000000001,2,0.3,-3.608583774136102,1.0023732537278478,0.0237044200895544
892,89.2,0,0.1,-3.5346664749092658,1.0031384723369694,0.03133557613129679
892,89.2,1,0.2,-3.395762093772682,1.0049086309890498,0.04896622939314644
892,89.2,2,0.3,-3.605711589859004,1.0028763129501823,0.028721842770981745
893,89.3,0,0.1,-3.5316865293167226,1.0029843900440552,0.0297994559254339
893,89.3,1,0.2,-3.3912279144406696,1.0045444742769478,0.045341793320126465
893,89.3,2,0.3,-3.602321347358168,1.0033959958728818,0.033902425008364975
894,89.4,0,0.1,-3.528851939855206,1.0028386107088547,0.028345894615162483
894,89.4,1,0.2,-3.3870669249606067,1.0041696584164035,0.04160989480062583
894,89.4,2,0.3,-3.5983993607734366,1.0039296876386354,0.03921986584730973
895,89.5,0,0.1,-3.5261519130285204,1.0027036751819314,0.027000268266858397
895,89.5,1,0.2,-3.383284678780325,1.0037894078996477,0.03782246180281883
895,89.5,2,0.3,-3.593938379393078,1.0044709463701647,0.04460981380358917
896,89.60000000000001,0,0.1,-3.523574110314536,1.0025811281041865,0.02577802713984003
896,89.60000000000001,1,0.2,-3.3798820065403423,1.0034084679008828,0.03402672239982406
896,89.60000000000001,2,0.3,-3.588941463851519,1.0050094209448284,0.049969155415583624
897,89.7,0,0.1,-3.521105745724644,1.0024714135098656,0.024683645898921094
897,89.7,1,0.2,-3.376855631263461,1.0030309593737723,0.030263752768814933
897,89.7,2,0.3,-3.5834252982433976,1.0055314076626407,0.055161656081218285
898,89.8,0,0.1,-3.518734613257329,1.002373945825079,0.023711324673151526
898,89.8,1,0.2,-3.3741988605108815,1.002660303095511,0.0265677075257968
898,89.8,2,0.3,-3.5774223393436086,1.0060210127650233,0.060029588997893096
899,89.9,0,0.1,-3.516449911127561,1.0022873140504536,0.022847021297678623
899,89.9,1,0.2,-3.371902302165224,1.0022991974556783,0.022965583456573666
899,89.9,2,0.3,-3.5709813591093904,1.0064617679545396,0.06440980234217691
900,90.0,0,0.1,-3.5142427947511377,1.002209553850706,0.022071163764235825
900,90.0,1,0.2,-3.3699545642847886,1.0019496359539772,0.019477378804354514
900,90.0,2,0.3,-3.564166184795092,1.0068384504617223,0.06815174314298954
901,90.10000000000001,0,0.1,-3.5121066609725378,1.0021384169377818,0.02136133778599709
901,90.10000000000001,1,0.2,-3.368342909563766,1.0016129541344674,0.01611654721022622
901,90.10000000000001,2,0.3,-3.5570527321837817,1.007138813313725,0.07113452611309527
902,90.2,0,0.1,-3.510037223814138,1.0020715799213256,0.020694371583999182
902,90.2,1,0.2,-3.3670538409959363,1.001289899773838,0.012890685678295832
902,90.2,2,0.3,-3.549724699767472,1.0073549481521495,0.07328032416310276
903,90.3,0,0.1,-3.508032473130475,1.0020067615398456,0.020047506836632395
903,90.3,1,0.2,-3.3660735988369015,1.0009807227534002,0.00980242159034861
903,90.3,2,0.3,-3.5422684888818496,1.0074840776430916,0.07456210885622629
904,90.4,0,0.1,-3.5060926057270057,1.0019417501634786,0.01939867403469021
904,90.4,1,0.2,-3.365388552264395,1.0006852812704998,0.006850465725065063
904,90.4,2,0.3,-3.5347680011422535,1.0075286868560487,0.07500487739595467
905,90.5,0,0.1,-3.504219986755574,1.0018743734173028,0.018726189714316454
905,90.5,1,0.2,-3.3649854745045955,1.0004031590065556,0.004030777597994424
905,90.5,2,0.3,-3.527299932545062,1.007496024169524,0.0746806859719216
906,90.60000000000001,0,0.1,-3.502419148875201,1.0018024603627054,0.018008378803731757
906,90.60000000000001,1,0.2,-3.364851698899802,1.000133784553149,0.0013377560479365083
906,90.60000000000001,2,0.3,-3.5199300523454804,1.0073971046057684,0.07369880199580774
907,90.7,0,0.1,-3.5006967843106884,1.0017238486863027,0.017223645645124554
907,90.7,1,0.2,-3.3649751652539663,0.9998765412674919,-0.0012346635416449906
907,90.7,2,0.3,-3.512710761217774,1.0072454130326096,0.07219291127706884
908,90.8,0,0.1,-3.4990616477394445,1.0016364741359816,0.016351365712440155
908,90.8,1,0.2,-3.365344379170223,0.9996308542348135,-0.00369213916256793
908,90.8,2,0.3,-3.5056800106038923,1.0070555243663044,0.07030750613881986
909,90.9,0,0.1,-3.497524278942573,1.0015385511541093,0.015373687968714765
909,90.9,1,0.2,-3.3659483193503985,0.9993962421549868,-0.006039401801753481
909,90.9,2,0.3,-3.4988614731682337,1.006841836587315,0.06818537435658052
910,91.0,0,0.1,-3.4960964785638855,1.0014288201709436,0.01427800378687475
910,91.0,1,0.2,-3.366776336051052,0.9991723260105778,-0.008280167006536247
910,91.0,2,0.3,-3.492265711996674,1.0066175611069763,0.06595761171560285
911,91.10000000000001,0,0.1,-3.4947905238130854,1.0013068078810485,0.013059547507999755
911,91.10000000000001,1,0.2,-3.367818085686983,0.9989587927968449,-0.010417496359308664
911,91.10000000000001,2,0.3,-3.4858920191351213,1.0063940480648579,0.06373692861551994
912,91.2,0,0.1,-3.4936181806146167,1.0011730306613775,0.011723431984687727
912,91.2,1,0.2,-3.3690635406843628,0.9987553202598126,-0.012454549973797843
912,91.2,2,0.3,-3.479730584060623,1.006180455760428,0.0616143507449864
913,91.3,0,0.1,-3.492589636302229,1.0010290734454859,0.010285443123879164
913,91.3,1,0.2,-3.370503100322857,0.9985614760304535,-0.01439559638494263
913,91.3,2,0.3,-3.4737646996144744,1.0059837157770113,0.05965884446148879
914,91.4,0,0.1,-3.491712523661269,1.0008774974167414,0.008771126409596127
914,91.4,1,0.2,-3.372127809135868,0.998376610311858,-0.016247088130108837
914,91.4,2,0.3,-3.4679727979894848,1.005808707116792,0.05791901624989165
915,91.5,0,0.1,-3.4909912184262932,1.000721565438155,0.0072130523497597404
915,91.5,1,0.2,-3.3739296672764336,0.9981997642312392,-0.01801858140565762
915,91.5,2,0.3,-3.462330209253227,1.0056585381245828,0.056425887362582125
916,91.60000000000001,0,0.1,-3.4904265619051595,1.0005648159696368,0.005646565211336403
916,91.60000000000001,1,0.2,-3.37590199557387,0.9980296154638982,-0.019723282974360417
916,91.60000000000001,2,0.3,-3.456810626627606,1.0055348435869271,0.05519582625620219
917,91.7,0,0.1,-3.4900160918517797,1.0004105543077397,0.0041047005337982
917,91.7,1,0.2,-3.3780398003611785,0.9978644786898464,-0.021378047873087495
917,91.7,2,0.3,-3.451387328306458,1.0054380310247293,0.054232983211484925
918,91.8,0,0.1,-3.489754771114538,1.00026135488448,0.002613207372417363
918,91.8,1,0.2,-3.3803400726502715,0.9977023713098213,-0.023002722890931502
918,91.8,2,0.3,-3.446034235365031,1.0053674463437163,0.05353092941427245
919,91.9,0,0.1,-3.4896361047260167,1.0001186734296559,0.001186663885213056
919,91.9,1,0.2,-3.382801955068766,0.9975411455287004,-0.024618824184943332
919,91.9,2,0.3,-3.440726879508817,1.0053214648186912,0.0530735585621355
920,92.0,0,0.1,-3.4896534541292663,0.9999826507472506,-0.00017349403249601201
920,92.0,1,0.2,-3.3854267191053022,0.9973786776447288,-0.026247640365363693
920,92.0,2,0.3,-3.435443322019646,1.005297540094161,0.05283557489171498
921,92.10000000000001,0,0.1,-3.4898013115990474,0.9998521534605961,-0.001478574697810638
921,92.10000000000001,1,0.2,-3.388217514159513,0.9972130955941306,-0.027907950542107436
921,92.10000000000001,2,0.3,-3.4301650208754513,1.0052922559173738,0.052783011441941356
922,92.2,0,0.1,-3.490076300563268,0.9997250488417795,-0.0027498896422041737
922,92.2,1,0.2,-3.3911788766968876,0.9970430179715061,-0.02961362537374503
922,92.2,2,0.3,-3.4248776024163043,1.0053014215252731,0.05287418459147231
923,92.3,0,0.1,-3.490477719620503,0.9995986615006149,-0.004014190572352533
923,92.3,1,0.2,-3.3943160191574595,0.996867773229087,-0.031371424605721294
923,92.3,2,0.3,-3.4195714696705535,1.0053202352002408,0.05306132745751171
924,92.4,0,0.1,-3.4910075391454827,0.9994703208046007,-0.005298195249796126
924,92.4,1,0.2,-3.397633949823915,0.9966875675828804,-0.03317930666455188
924,92.4,2,0.3,-3.4142421777831893,1.0053435178235361,0.053292918873637414
925,92.5,0,0.1,-3.491669869590156,0.9993378888477186,-0.0066233044467315805
925,92.5,1,0.2,-3.4011365017718376,0.9965035748319426,-0.03502551947922793
925,92.5,2,0.3,-3.408890526773005,1.00536599667403,0.053516510101843925
926,92.60000000000001,0,0.1,-3.492470025325407,0.999200164303983,-0.008001557352512052
926,92.60000000000001,1,0.2,-3.404825366621261,0.9963179306540489,-0.03688864849423231
926,92.60000000000001,2,0.3,-3.403522355780516,1.0053826054396935,0.053681709924888604
927,92.7,0,0.1,-3.4934133838909065,0.9990570862573054,-0.00943358565499484
927,92.7,1,0.2,-3.408699233339074,0.9961336270241516,-0.0387386671781331
927,92.7,2,0.3,-3.398148060498039,1.0053887627131717,0.053742952824772094
928,92.8,0,0.1,-3.494504271633975,0.9989097070586588,-0.010908877430684869
928,92.8,1,0.2,-3.412753121755624,0.9959543174967329,-0.04053888416550197
928,92.8,2,0.3,-3.3927818863934727,1.005380597805315,0.05366174104566607
929,92.9,0,0.1,-3.4957450874711893,0.998759953656457,-0.012408158372142538
929,92.9,1,0.2,-3.416977975020781,0.9957840588721576,-0.0422485326515662
929,92.9,2,0.3,-3.3874410678864,1.0053551061027293,0.053408185070722314
930,93.0,0,0.1,-3.497135813017473,0.99861024106434,-0.013907255462838011
930,93.0,1,0.2,-3.421360537857341,0.9956270265780964,-0.04382562836559938
930,93.0,2,0.3,-3.3821448861052614,1.0053102313439302,0.05296181781138855
931,93.10000000000001,0,0.1,-3.4986739652716805,0.998463030095682,-0.015381522542073721
931,93.10000000000001,1,0.2,-3.4258835036871105,0.9954872473763827,-0.04522965829769246
931,93.10000000000001,2,0.3,-3.3769137083798197,1.005244884225596,0.05231177725441236
932,93.2,0,0.1,-3.500354948583018,0.9983204287497809,-0.01680983311337687
932,93.2,1,0.2,-3.43052587103621,0.9953683917824832,-0.046423673490998824
932,93.2,2,0.3,-3.3717680573846827,1.0051589125939815,0.05145650995137378
933,93.3,0,0.1,-3.502172677409276,0.9981839222422352,-0.018177288262580728
933,93.3,1,0.2,-3.4352634164995326,0.9952736590043112,-0.047375454633227704
933,93.3,2,0.3,-3.3667277434994203,1.0050530376355429,0.050403138852626685
934,93.4,0,0.1,-3.5041202878542337,0.9980542849175892,-0.019476104449574486
934,93.4,1,0.2,-3.440069175721849,0.9952057699623127,-0.04805759222315887
934,93.4,2,0.3,-3.361811085201317,1.0049287648957157,0.049166582981028634
935,93.5,0,0.1,-3.5061907438434687,0.9979316859262642,-0.020704559892351714
935,93.5,1,0.2,-3.444913830654202,0.9951670614800593,-0.04844654932353363
935,93.5,2,0.3,-3.3570342404758304,1.0047882720365038,0.04776844725486833
936,93.60000000000001,0,0.1,-3.5083771733968634,0.9978159589426249,-0.02186429553394467
936,93.60000000000001,1,0.2,-3.449765932043845,0.9951596510386304,-0.048521013896425685
936,93.60000000000001,2,0.3,-3.3524106751280702,1.0046342705183493,0.046235653477598115
937,93.7,0,0.1,-3.5106728332535058,0.9977069731552276,-0.02295659856642504
937,93.7,1,0.2,-3.454591936966897,0.9951856215280838,-0.04826004923052459
937,93.7,2,0.3,-3.3479507969465017,1.0044698382396429,0.044598781815688195
938,93.8,0,0.1,-3.5130706812084282,0.997605024586054,-0.023978479549226193
938,93.8,1,0.2,-3.4593561034779547,0.9952471641293876,-0.0476416651105787
938,93.8,2,0.3,-3.34366178287841,1.004298225052903,0.042890140680918114
939,93.9,0,0.1,-3.5155626174994334,0.997511166004791,-0.0249193629100498
939,93.9,1,0.2,-3.4640203456156162,0.995346618547515,-0.04664242137661081
939,93.9,2,0.3,-3.339547616208499,1.0041226414718687,0.041141666699108057
940,94.0,0,0.1,-3.5181385235850335,0.9974274087136662,-0.025759060856002457
940,94.0,1,0.2,-3.4685441980364446,0.9954863647866816,-0.0452385242082868
940,94.0,2,0.3,-3.3356093315965047,1.0039460498453898,0.03938284611994416
941,94.10000000000001,0,0.1,-3.52078526771451,0.9973567554096243,-0.026467441294764048
941,94.10000000000001,1,0.2,-3.4728850577947097,0.9956685481557208,-0.04340859758264667
941,94.10000000000001,2,0.3,-3.3318454404808495,1.003770983449286,0.037638911156549056
942,94.2,0,0.1,-3.5234858573941077,0.9973030536322767,-0.027005896795976737
942,94.2,1,0.2,-3.4769988528799174,0.9958946549785459,-0.04113795085207939
942,94.2,2,0.3,-3.328252483214582,1.0035994196746272,0.03592957266267609
943,94.3,0,0.1,-3.526218901114623,0.9972706876433728,-0.0273304372051546
943,94.3,1,0.2,-3.4808412313436725,0.9961649940267185,-0.038423784637553436
943,94.3,2,0.3,-3.3248256339105398,1.003432727664953,0.034268493040425514
944,94.4,0,0.1,-3.528958502016533,0.9972641483800141,-0.02739600901909822
944,94.4,1,0.2,-3.4843692773414072,0.996478170244002,-0.03528045997734407
944,94.4,2,0.3,-3.3215592750624303,1.0032716992111028,0.032663588481091625
945,94.5,0,0.1,-3.53167465309951,0.9972875343179189,-0.02716151082976891
945,94.5,1,0.2,-3.4875436549763204,0.9968306553748049,-0.031743776349133085
945,94.5,2,0.3,-3.318447464742188,1.0031166570280179,0.031118103202422802
946,94.60000000000001,0,0.1,-3.534334145432113,0.9973440409841601,-0.026594923326028704
946,94.60000000000001,1,0.2,-3.490330977016009,0.9972165589357075,-0.02787322039688551
946,94.60000000000001,2,0.3,-3.315484239123387,1.0029676203115852,0.029632256188009937
947,94.7,0,0.1,-3.5369019440911718,0.9974354953158933,-0.02567798659059019
947,94.7,1,0.2,-3.4927061152024814,0.9976276802224183,-0.02375138186472416
947,94.7,2,0.3,-3.3126637232281317,1.0028244972925309,0.02820515895255387
948,94.8,0,0.1,-3.5393429355739707,0.9975619853143058,-0.024409914827991097
948,94.8,1,0.2,-3.494654131525947,0.9980538798288875,-0.019480163234658617
948,94.8,2,0.3,-3.309980056577706,1.0026872709072576,0.02683666650425895
949,94.9,0,0.1,-3.5416239078832126,0.9977216271313032,-0.02280972309241652
949,94.9,1,0.2,-3.4961715278782917,0.9984837543114227,-0.015173963523443617
949,94.9,2,0.3,-3.307427170508753,1.0025561474573206,0.02552886068952769
950,95.0,0,0.1,-3.543715592560997,0.9979105013701713,-0.020916846777844302
950,95.0,1,0.2,-3.497266586468123,0.998905540768029,-0.010950585898315613
950,95.0,2,0.3,-3.3049984741490066,1.0024316480318385,0.024286963597465454
951,95.10000000000001,0,0.1,-3.5455945792569654,0.9981227774943968,-0.018789866959683717
951,95.10000000000001,1,0.2,-3.4979586945837884,0.9993081313359115,-0.0069210811566516525
951,95.10000000000001,2,0.3,-3.302686513034963,1.0023146357569666,0.0231196111404344
952,95.2,0,0.1,-3.5472449113024584,0.9983510290036067,-0.01650332045493124
952,95.2,1,0.2,-3.4982766936636684,0.999682051476468,-0.0031799907988007835
952,95.2,2,0.3,-3.3004826581782014,1.0022062851298714,0.02203854856761681
953,95.3,0,0.1,-3.548659188663075,0.9985867222583078,-0.014142773606168028
953,95.3,1,0.2,-3.498256437405285,1.0000202564635428,0.00020256258383534218
953,95.3,2,0.3,-3.2983768673133786,1.0021080095995296,0.02105790864822885
954,95.4,0,0.1,-3.5498390446524173,0.9988208397670779,-0.01179855989342015
954,95.4,1,0.2,-3.497937860546672,1.0003186276096097,0.003185768586128907
954,95.4,2,0.3,-3.2963575393942173,1.002021368134841,0.020193279191612012
955,95.5,0,0.1,-3.5507949239831147,0.9990445773764193,-0.00955879330697461
955,95.5,1,0.2,-3.49736192898565,1.0005760974414475,0.005759315610221243
955,95.5,2,0.3,-3.294411463876474,1.0019479703516676,0.01946075517743506
956,95.60000000000001,0,0.1,-3.5515451669649623,0.9992500383800508,-0.007502429818474958
956,95.60000000000001,1,0.2,-3.496567852991794,1.0007943913556663,0.007940759938559906
956,95.60000000000001,2,0.3,-3.292523852521401,1.0018893940148665,0.018876113550725993
957,95.7,0,0.1,-3.5521144885131495,0.9994308404845744,-0.005693215481872617
957,95.7,1,0.2,-3.4955908990637776,1.0009774313029502,0.009769539280162776
957,95.7,2,0.3,-3.290678435705692,1.0018471206452513,0.018454168157090382
958,95.8,0,0.1,-3.552532018714434,0.99958255695232,-0.004175302012843456
958,95.8,1,0.2,-3.494461042195832,1.001130495396676,0.011298568679457086
958,95.8,2,0.3,-3.2888576072759084,1.0018224871444614,0.018208284297839196
959,95.9,0,0.1,-3.5528291310624627,0.9997029317854736,-0.0029711234802884644
959,95.9,1,0.2,-3.493202574691029,1.0012592597073187,0.012584675048027441
959,95.9,2,0.3,-3.287042609413725,1.0018166459677553,0.01814997862183377
960,96.0,0,0.1,-3.5530373143819087,0.9997918383491974,-0.0020818331944606546
960,96.0,1,0.2,-3.491834648868121,1.0013688618601981,0.013679258229083113
960,96.0,2,0.3,-3.2852137582009817,1.0018305245810808,0.018288512127432252
961,96.10000000000001,0,0.1,-3.553186338742313,0.9998509867431743,-0.001490243604043024
961,96.10000000000001,1,0.2,-3.490372598149389,1.0014631200359527,0.014620507187318306
961,96.10000000000001,2,0.3,-3.28335071807487,1.001864776663613,0.018630401261117778
962,96.2,0,0.1,-3.5533029239866956,0.9998834215514129,-0.0011658524438252324
962,96.2,1,0.2,-3.4888297718111887,1.0015440171070595,0.015428263382003305
962,96.2,2,0.3,-3.2814328367430496,1.0019197216425328,0.01917881331820246
963,96.3,0,0.1,-3.5534100473969215,0.9998928823272817,-0.0010712341022590165
963,96.3,1,0.2,-3.487219547987238,1.0016115209304497,0.016102238239509098
963,96.3,2,0.3,-3.2794395506597653,1.0019952739985978,0.019932860832844203
964,96.4,0,0.1,-3.5535269348193936,0.9998831194085965,-0.0011688742247216834
964,96.4,1,0.2,-3.4855571677477672,1.0016637627594862,0.01662380239470487
964,96.4,2,0.3,-3.277350865731293,1.002090867750315,0.02088684928472073
965,96.5,0,0.1,-3.553669680682076,0.9998572643250239,-0.0014274586268215573
965,96.5,1,0.2,-3.483861064449464,1.001697542495063,0.016961032983032608
965,96.5,2,0.3,-3.275147910409205,1.0022053836109737,0.022029553220882656
966,96.60000000000001,0,0.1,-3.553852351202516,0.9998173461628034,-0.0018267052044017127
966,96.60000000000001,1,0.2,-3.482153443618872,1.0017090796452917,0.017076208305918036
966,96.60000000000001,2,0.3,-3.2728135507389826,1.0023370864090742,0.02334359670222131
967,96.7,0,0.1,-3.55408835519334,0.9997640238559271,-0.00236003990824254
967,96.7,1,0.2,-3.4804599878737243,1.0016948904510843,0.016934557451478833
967,96.7,2,0.3,-3.27033305053246,1.0024835791924422,0.024805002065228253
968,96.8,0,0.1,-3.5543918288145777,0.999696572422224,-0.003034736212375217
968,96.8,1,0.2,-3.4788087004503043,1.0016526515492485,0.016512874234201166
968,96.8,2,0.3,-3.267694754720148,1.0026417791774176,0.02638295812312269
969,96.9,0,0.1,-3.5547787804931597,0.9996131231775631,-0.0038695167858190413
969,96.9,1,0.2,-3.477228037615598,1.0015819127406782,0.015806628347062354
969,96.9,2,0.3,-3.2648907691284834,1.0028079204361533,0.02803985591664154
970,97.0,0,0.1,-3.555267780480773,0.9995111195533946,-0.004889999876134532
970,97.0,1,0.2,-3.4757445927455444,1.0014845457186767,0.014834448700536695
970,97.0,2,0.3,-3.2619176039755122,1.0029775893920625,0.0297316515297136
971,97.10000000000001,0,0.1,-3.555880050611481,0.9993879172684006,-0.006122701307078071
971,97.10000000000001,1,0.2,-3.4743806657575003,1.0013648575594873,0.0136392698804399
971,97.10000000000001,2,0.3,-3.2587767403079257,1.0031458013480492,0.03140863667586212
972,97.2,0,0.1,-3.556638902885495,0.999241435581555,-0.007588522740138868
972,97.2,1,0.2,-3.4731520709850816,1.0012293498041538,0.012285947724187262
972,97.2,2,0.3,-3.2554750687571166,1.0033071280718848,0.033016715508093694
973,97.3,0,0.1,-3.5575685760685465,0.9990707588291747,-0.009296731830517576
973,97.3,1,0.2,-3.472066503239306,1.0010861571877148,0.010855677457755682
973,97.3,2,0.3,-3.2520251404762877,1.0034558861328176,0.03449928280829103
974,97.4,0,0.1,-3.5586926119390028,0.9988765956212341,-0.0112403587045619
974,97.4,1,0.2,-3.471122702546783,1.0009442462125464,0.009438006925232306
974,97.4,2,0.3,-3.2484451645767387,1.0035863916670826,0.03579975899548643
975,97.5,0,0.1,-3.5600319830611915,0.9986615254349936,-0.013393711221888134
975,97.5,1,0.2,-3.4703105459630086,1.0008124864722336,0.008121565837742501
975,97.5,2,0.3,-3.2447586890946347,1.0036932788904744,0.036864754821042
976,97.60000000000001,0,0.1,-3.5616032217633853,0.9984299950470795,-0.01571238702193644
976,97.60000000000001,1,0.2,-3.4696120668716808,1.0006987230846531,0.006984790913277487
976,97.60000000000001,2,0.3,-3.240993917084066,1.003771867666429,0.03764772010568363
977,97.7,0,0.1,-3.5634168003594757,0.9981880649438587,-0.018135785960905402
977,97.7,1,0.2,-3.4690032767529906,1.000608975469006,0.006087901186902291
977,97.7,2,0.3,-3.2371826373880377,1.003818551858302,0.03811279696028563
978,97.8,0,0.1,-3.5654759762708226,0.9979429427368972,-0.020591759113469724
978,97.8,1,0.2,-3.468456559272706,1.0005468669575253,0.005467174802844843
978,97.8,2,0.3,-3.233358789534707,1.0038311680870464,0.038238478533310034
979,97.9,0,0.1,-3.567776248548376,0.9977023713213344,-0.023002722775531653
979,97.9,1,0.2,-3.467943336563073,1.000513354430941,0.005132227096331216
979,97.9,2,0.3,-3.229556729421095,1.0038092971130943,0.03802060113611403
980,98.0,0,0.1,-3.5703054846315547,0.9974739597395055,-0.02529236083178931
980,98.0,1,0.2,-3.467436682554231,1.000506782379663,0.0050665400884189575
980,98.0,2,0.3,-3.225809309866571,1.0037544499103375,0.037474195545243914
981,98.10000000000001,0,0.1,-3.5730446812738905,0.9972645515336753,-0.027391966423355615
981,98.10000000000001,1,0.2,-3.4669135810706697,1.000523238325002,0.005231014835613388
981,98.10000000000001,2,0.3,-3.2221459294872226,1.0036700987587381,0.03663380379348123
982,98.2,0,0.1,-3.5759692361209825,0.9970797174975181,-0.02924554847092142
982,98.2,1,0.2,-3.466356592067507,1.0005571441503414,0.005569890031629538
982,98.2,2,0.3,-3.21859072691587,1.0035615297999856,0.03555202571352758
983,98.3,0,0.1,-3.5790505407073723,0.9969234377604651,-0.030813045863899522
983,98.3,1,0.2,-3.465754785261155,1.0006019879283992,0.006018068063516133
983,98.3,2,0.3,-3.215161099477305,1.003435515339927,0.03429627438564981
984,98.4,0,0.1,-3.582257673225453,0.9967980048378855,-0.032071325180804175
984,98.4,1,0.2,-3.4651039086623014,1.000651088464991,0.006508765988537113
984,98.4,2,0.3,-3.21186670348124,1.0032998284825039,0.03294395996064899
985,98.5,0,0.1,-3.585558976802719,0.996704139733734,-0.03301303577266178
985,98.5,1,0.2,-3.464405860815281,1.0006982915391183,0.0069804784702047285
985,98.5,2,0.3,-3.2087090484429304,1.0031626456825087,0.0315765503830985
986,98.60000000000001,0,0.1,-3.5889233555617985,0.9966412744215468,-0.033643787590792916
986,98.60000000000001,1,0.2,-3.4636676134031017,1.000738519983871,0.007382474121792529
986,98.60000000000001,2,0.3,-3.2056817345372552,1.0030319008479536,0.030273139056748638
987,98.7,0,0.1,-3.592321197719197,0.9966079239756126,-0.03397842157398771
987,98.7,1,0.2,-3.4628997752518003,1.0007681330144789,0.007678381513014801
987,98.7,2,0.3,-3.2027713093078107,1.0029146646287732,0.029104252294446787
988,98.8,0,0.1,-3.595724926463649,0.9966020573735774,-0.03403728744452133
988,98.8,1,0.2,-3.462114997828081,1.0007850854420917,0.007847774237191187
988,98.8,2,0.3,-3.199958646177917,1.002816622377975,0.0281266312989386
989,98.9,0,0.1,-3.5991092650300422,0.9966213818522753,-0.03384338566392908
989,98.9,1,0.2,-3.461326401905543,1.0007889069460543,0.007885959225379262
989,98.9,2,0.3,-3.197220684683906,1.002741713133749,0.027379614940106097
990,99.0,0,0.1,-3.6024513620025886,0.9966634816170811,-0.033420969725465835
990,99.0,1,0.2,-3.460546166163372,1.0007805402052574,0.007802357421713867
990,99.0,2,0.3,-3.1945323309344724,1.0026919706127846,0.02688353749433922
991,99.10000000000001,0,0.1,-3.6057309412400893,0.9967257927083084,-0.03279579237500383
991,99.10000000000001,1,0.2,-3.4597843736311797,1.000762082769819,0.007617925321920421
991,99.10000000000001,2,0.3,-3.191868304405239,1.0026675782011232,0.02664026529233027
992,99.2,0,0.1,-3.6089306119390177,0.9968054427920794,-0.03199670698928529
992,99.2,1,0.2,-3.4590481717088033,1.0007364729855268,0.007362019223764867
992,99.2,2,0.3,-3.1892047372394936,1.0026671176123532,0.02663567165745713
993,99.3,0,0.1,-3.6120364036465684,0.9968990262743413,-0.031057917075509412
993,99.3,1,0.2,-3.4583412721266282,1.000707149494569,0.0070689958217510914
993,99.3,2,0.3,-3.186520382493755,1.0026879608519066,0.026843547457386235
994,99.4,0,0.1,-3.6150384947374694,0.9970024106785241,-0.030020910909007374
994,99.4,1,0.2,-3.4576637994456196,1.000677702217457,0.006774726810085374
994,99.4,2,0.3,-3.183797360036703,1.0027267332501295,0.027230224570520167
995,99.5,0,0.1,-3.6179320046876655,0.9971106722150351,-0.028935099501962692
995,99.5,1,0.2,-3.4570124866149965,1.0006515249808812,0.006513128306231779
995,99.5,2,0.3,-3.181021450035781,1.002779766406608,0.027759100009220796
996,99.60000000000001,0,0.1,-3.6207176461303754,0.9972182348562523,-0.027856414427096365
996,99.60000000000001,1,0.2,-3.456381207091569,1.0006314788222814,0.0063127952342728775
996,99.60000000000001,2,0.3,-3.1781820187006127,1.0028434663384564,0.028394313351680432
997,99.7,0,0.1,-3.62340200349344,0.9973192423025115,-0.026843573630649792
997,99.7,1,0.2,-3.4557618184087526,1.000619580543597,0.0061938868281655925
997,99.7,2,0.3,-3.175271714621202,1.002914543125635,0.02910304079410674
998,99.8,0,0.1,-3.625997232235014,0.9974081359531901,-0.025952287415737327
998,99.8,1,0.2,-3.455145267746224,1.0006167407689561,0.0061655066252844955
998,99.8,2,0.3,-3.172286096218159,1.0029900798005726,0.029856184030434028
999,99.9,0,0.1,-3.6285200541063714,0.9974803577692888,-0.02522821871357335
999,99.9,1,0.2,-3.454522876279847,1.0006225851921349,0.006223914663769394
999,99.9,2,0.3,-3.1692233376582193,1.003067453596969,0.030627585599393877
1000,100.0,0,0.1,-3.6309900439124543,0.9975330581087821,-0.02469989806083069
1000,100.0,1,0.2,-3.453887681158622,1.000635396900367,0.006351951212253765
1000,100.0,2,0.3,-3.1660841157277972,1.003144154447658,0.03139221930422221
1001,100.10000000000001,0,0.1,-3.6334273367295116,0.9975656749694695,-0.024372928170570827
1001,100.10000000000001,1,0.2,-3.453235681182014,1.0006522125747948,0.006519999766076422
1001,100.10000000000001,2,0.3,-3.162871713980209,1.0032175670395989,0.03212401747587804
1002,100.2,0,0.1,-3.635850002995172,0.9975802660217944,-0.024226662656607046
1002,100.2,1,0.2,-3.452566815678275,1.0006690892441514,0.006688655037390514
1002,100.2,2,0.3,-3.1595923078409918,1.0032847892744174,0.03279406139217587
1003,100.3,0,0.1,-3.6382714175125592,0.9975815147419513,-0.02421414517387226
1003,100.3,1,0.2,-3.4518855152868455,1.0006815325292568,0.006813003914297009
1003,100.3,2,0.3,-3.1562553314081154,1.0033425503370044,0.03336976432876527
1004,100.4,0,0.1,-3.6406979716443177,0.9975763875708372,-0.024265541317583114
1004,100.4,1,0.2,-3.451200703242444,1.0006850465817045,0.0068481204440156975
1004,100.4,2,0.3,-3.1528737873624864,1.0033872679157163,0.033815440456287815
1005,100.5,0,0.1,-3.6431274422000466,0.9975734782193909,-0.02429470555728979
1005,100.5,1,0.2,-3.4505251943833963,1.0006757370665396,0.006755088590475851
1005,100.5,2,0.3,-3.1494643544525722,1.0034152516372719,0.034094329099143277
1006,100.60000000000001,0,0.1,-3.645548243664846,0.997582126312068,-0.02420801464799076
1006,100.60000000000001,1,0.2,-3.4498745271509783,1.0006508789622612,0.006506672324179674
1006,100.60000000000001,2,0.3,-3.1460471740955476,1.0034230255739778,0.0341718035702436
1007,100.7,0,0.1,-3.6479396691329047,0.9976114317117943,-0.023914254680589525
1007,100.7,1,0.2,-3.4492653562088345,1.000609356524444,0.0060917094214388975
1007,100.7,2,0.3,-3.1426452530059255,1.0034077141905333,0.03401921089622311
1008,100.8,0,0.1,-3.6502730909846974,0.9976692984606863,-0.02333421851792882
1008,100.8,1,0.2,-3.4487136123246893,1.0005518961227995,0.005517438841451708
1008,100.8,2,0.3,-3.13928349064079,1.0033674194256899,0.03361762365135603
1009,100.9,0,0.1,-3.6525139669819224,0.9977616328910066,-0.02240875997224809
1009,100.9,1,0.2,-3.4482326855716496,1.000481042416852,0.004809267530396378
1009,100.9,2,0.3,-3.1359874135428893,1.0033015151331048,0.03296077097900415
1010,101.0,0,0.1,-3.654624400092625,0.9978917922874615,-0.0211043311070259
1010,101.0,1,0.2,-3.4478318965382257,1.0004008693600794,0.004007890334239101
1010,101.0,2,0.3,-3.1327817583586897,1.0032107987915218,0.032056551841998675
1011,101.10000000000001,0,0.1,-3.6565659443090484,0.9980603393613352,-0.019415442164232865
1011,101.10000000000001,1,0.2,-3.447515484379051,1.0003164622227818,0.003164121591745236
1011,101.10000000000001,2,0.3,-3.1296890796893626,1.0030974659338876,0.0309267866932679
1012,101.2,0,0.1,-3.6583023397275136,0.9982651112438792,-0.017363954184653627
1012,101.2,1,0.2,-3.4472822647341785,1.0002332468426882,0.0023321964487267527
1012,101.2,2,0.3,-3.1267285618154794,1.002964904534785,0.02960517873883352
1013,101.3,0,0.1,-3.6598018957219844,0.9985015677778293,-0.0149955599447091
1013,101.3,1,0.2,-3.4471260067686567,1.0001562701744335,0.0015625796552188654
1013,101.3,2,0.3,-3.123915184929366,1.002817338144832,0.028133768861137654
1014,101.4,0,0.1,-3.661039311150468,0.9987633498542975,-0.012374154284836625
1014,101.4,1,0.2,-3.4470364641941593,1.0000895465835535,0.0008954257449732897
1014,101.4,2,0.3,-3.1212593428801587,1.0026593719219385,0.026558420492068757
1015,101.5,0,0.1,-3.6619968099258595,0.9990429594802895,-0.009574987753913623
1015,101.5,1,0.2,-3.4470008899898676,1.0000355748370613,0.0003557420429167937
1015,101.5,2,0.3,-3.1187669409283334,1.0024955105676736,0.024924019518254598
1016,101.60000000000001,0,0.1,-3.6626645619195077,0.9993324709030984,-0.006677519936481566
1016,101.60000000000001,1,0.2,-3.447005787631124,0.9999951023707367,-4.8976412565511485e-05
1016,101.60000000000001,2,0.3,-3.11643993108066,1.002329719436428,0.02327009847673335
1017,101.7,0,0.1,-3.6630404380982626,0.9996241944538459,-0.0037587617875491836
1017,101.7,1,0.2,-3.4470386175886496,0.9999671705813719,-0.0003282995752540616
1017,101.7,2,0.3,-3.114277181532595,1.0021650899778187,0.02162749548064847
1018,101.8,0,0.1,-3.663129205357582,0.9999112366803771,-0.0008876725931950496
1018,101.8,1,0.2,-3.447089193836602,0.9999494250310045,-0.0005057624795235259
1018,101.8,2,0.3,-3.112275535643019,1.0020036505200067,0.020016458895760786
1019,101.9,0,0.1,-3.662941297873666,1.000187925139633,0.00187907483915934
1019,101.9,1,0.2,-3.447150568788383,0.9999386269316227,-0.000613749517812626
1019,101.9,2,0.3,-3.110430900888383,1.0018463371399238,0.01844634754635986
1020,102.0,0,0.1,-3.662491311461279,1.0004500876714606,0.004499864123870523
1020,102.0,1,0.2,-3.447219304497489,0.9999312666531389,-0.0006873570910581996
1020,102.0,2,0.3,-3.1087392206876605,1.0016931118988845,0.01691680200722619
1021,102.10000000000001,0,0.1,-3.661796362963756,1.000695190030178,0.006949484975228811
1021,102.10000000000001,1,0.2,-3.4472951435520676,0.99992416382113,-0.0007583905457852389
1021,102.10000000000001,2,0.3,-3.1071972180731757,1.0015431921118405,0.015420026144846517
1022,102.2,0,0.1,-3.660874446583286,1.0009223414760005,0.009219163804701749
1022,102.2,1,0.2,-3.4473802017343043,0.9999149454351081,-0.0008505818223670176
1022,102.2,2,0.3,-3.1058028517720326,1.001395338881826,0.0139436630114317
1023,102.3,0,0.1,-3.659742909633758,1.0011321773789956,0.011315369495280092
1023,102.3,1,0.2,-3.4474778846091176,0.9999023218960034,-0.0009768287481338178
1023,102.3,2,0.3,-3.104555481494689,1.0012481485672198,0.012473702773437444
1024,102.4,0,0.1,-3.6584171637668574,1.001326625056437,0.01325745866900594
1024,102.4,1,0.2,-3.447591766426712,0.9998861246666936,-0.0011388181759429822
1024,102.4,2,0.3,-3.1034557887577425,1.0011002976207126,0.0109969273694634
1025,102.5,0,0.1,-3.6569097421431995,1.0015085583547394,0.015074216236579976
1025,102.5,1,0.2,-3.447724656188312,0.999867119067853,-0.0013288976160020427
1025,102.5,2,0.3,-3.1025055329856794,1.0009507074081245,0.00950255772063145
1026,102.60000000000001,0,0.1,-3.6552298028211223,1.0016813512106586,0.01679939322077074
1026,102.60000000000001,1,0.2,-3.4478780168635135,0.999846651083946,-0.001533606752013175
1026,102.60000000000001,2,0.3,-3.101707234468234,1.000798617242514,0.00798298517445438
1027,102.7,0,0.1,-3.6533831571914113,1.0018483517297776,0.018466456297111463
1027,102.7,1,0.2,-3.448051812894414,0.999826219070755,-0.001737960309005181
1027,102.7,2,0.3,-3.101063865568367,1.000643575906029,0.006433688998668618
1028,102.8,0,0.1,-3.6513728644152113,1.0020123147694289,0.02010292776200132
1028,102.8,1,0.2,-3.4482447574181414,0.9998070740888702,-0.0019294452372743396
1028,102.8,2,0.3,-3.1005786039322043,1.0004853793946376,0.004852616361628313
1029,102.9,0,0.1,-3.6492003771109705,1.002174848864628,0.021724873042406147
1029,102.9,1,0.2,-3.4484548350926745,0.9997899443902363,-0.0021007767453305333
1029,102.9,2,0.3,-3.100254664662591,1.0003239917436049,0.003239392696134659
1030,103.0,0,0.1,-3.6468671538001285,1.002335947394571,0.023332233108420912
1030,103.0,1,0.2,-3.4486799079013086,0.9997749525183505,-0.0022507280863416526
1030,103.0,2,0.3,-3.1000951924999285,1.0001594848790234,0.0015947216266233096
1031,103.10000000000001,0,0.1,-3.6443765790786453,1.0024936787791323,0.02490574721482962
1031,103.10000000000001,1,0.2,-3.4489181831975153,0.9997617530890971,-0.0023827529620666
1031,103.10000000000001,2,0.3,-3.1001031693076855,0.9999920232240576,-7.976807756992374e-05
1032,103.2,0,0.1,-3.641735966441686,1.002644102125295,0.02640612636959511
1032,103.2,1,0.2,-3.4491683410709926,0.9997498734133946,-0.002501578734772778
1032,103.2,2,0.3,-3.1002812829571145,0.9998219022118654,-0.0017811364942900045
1033,103.3,0,0.1,-3.638958375861869,1.0027814516585358,0.027775905798172375
1033,103.3,1,0.2,-3.449429178743153,0.9997391963430274,-0.00260837672160467
1033,103.3,2,0.3,-3.1006317130042977,0.9996496313462541,-0.003504300471832899
1034,103.4,0,0.1,-3.6360639711381224,1.0028985975573756,0.02894404723746222
1034,103.4,1,0.2,-3.449698722148154,0.9997304929185592,-0.002695434050008264
1034,103.4,2,0.3,-3.1011558134948403,0.9994760368261293,-0.005241004905424782
1035,103.5,0,0.1,-3.633080677443771,1.0029877481435265,0.02983293694351633
1035,103.5,1,0.2,-3.449972862564943,0.9997258971562616,-0.0027414041678898607
1035,103.5,2,0.3,-3.1018537069319,0.9993023500339228,-0.0069789343705965535
1036,103.60000000000001,0,0.1,-3.6300439758509904,1.0030413170417936,0.030367015927803186
1036,103.60000000000001,1,0.2,-3.450243680275279,0.9997292189574695,-0.00270817710336301
1036,103.60000000000001,2,0.3,-3.1027238367811796,0.9991302486039219,-0.008701298492796251
1037,103.7,0,0.1,-3.626995778519781,1.0030528478086849,0.030481973312094856
1037,103.7,1,0.2,-3.4504977000095267,0.9997460125260337,-0.002540197342475603
1037,103.7,2,0.3,-3.1037625498531827,0.9989618262036862,-0.010387130720031536
1038,103.8,0,0.1,-3.6239824484376597,1.0030178747249032,0.030133300821215174
1038,103.8,1,0.2,-3.450714370620291,0.9997833528606171,-0.002166706107642592
1038,103.8,2,0.3,-3.104963787899831,0.9987994831509688,-0.01201238046648247
1039,103.9,0,0.1,-3.6210521408122,1.002934605173537,0.029303076254596216
1039,103.9,1,0.2,-3.4508650657835847,0.9998493161906522,-0.0015069516329367751
1039,103.9,2,0.3,-3.1063189572593797,0.9986457484677972,-0.01355169359548709
1040,104.0,0,0.1,-3.6182517309108304,1.002804334712015,0.028004099013695865
1040,104.0,1,0.2,-3.4509128613849542,0.999952205540822,-0.000477956013695851
1040,104.0,2,0.3,-3.1078170185190124,0.9985030602740241,-0.014980612596327844
1041,104.10000000000001,0,0.1,-3.6156236425463426,1.0026315448160035,0.026280883644875776
1041,104.10000000000001,1,0.2,-3.4508132621108114,1.0000996042343153,0.0009959927414281682
1041,104.10000000000001,2,0.3,-3.1094448011495848,0.9983735414890166,-0.016277826305722554
1042,104.2,0,0.1,-3.613202897726298,1.002423677188481,0.024207448200447557
1042,104.2,1,0.2,-3.450515933255605,1.0002973730618117,0.002973288552064082
1042,104.2,2,0.3,-3.111187509558271,0.9982588092258864,-0.01742708408686166
1043,104.3,0,0.1,-3.611014674292243,1.0021906193422292,0.02188223434055239
1043,104.3,1,0.2,-3.449967357141739,1.0005487266092608,0.005485761138661928
1043,104.3,2,0.3,-3.1130293558657756,0.9981598488505058,-0.01841846307504829
1044,104.4,0,0.1,-3.609072593621242,1.0019439677310769,0.01942080671000491
1044,104.4,1,0.2,-3.449114194267468,1.0008535269212389,0.008531628742706571
1044,104.4,2,0.3,-3.1149542377365997,0.998076969526187,-0.01924881870824016
1045,104.5,0,0.1,-3.6073778765489335,1.0016961539168532,0.016947170723088233
1045,104.5,1,0.2,-3.447907007916462,1.0012079152937428,0.012071863510062085
1045,104.5,2,0.3,-3.116946379767625,0.9980098409668878,-0.0199214203102527
1046,104.60000000000001,0,0.1,-3.6059194146306797,1.0014595259910775,0.01458461918253704
1046,104.60000000000001,1,0.2,-3.446303928913259,1.001604364621239,0.01603079003202753
1046,104.60000000000001,2,0.3,-3.1189908727726405,0.9979575955472221,-0.02044493005015461
1047,104.7,0,0.1,-3.6046747158812824,1.0012454737083825,0.012446987493973258
1047,104.7,1,0.2,-3.4442738129958768,1.0020321779978862,0.020301159173824513
1047,104.7,2,0.3,-3.1210740713486764,0.9979189697761537,-0.020831985760360123
1048,104.8,0,0.1,-3.6036116067602237,1.0010636744218682,0.0106310912105873
1048,104.8,1,0.2,-3.4417984876983136,1.0024783914446094,0.024753252975632543
1048,104.8,2,0.3,-3.12318383867078,0.9978924566726612,-0.021097673221036707
1049,104.9,0,0.1,-3.602690510439525,1.0009215206601907,0.009210963206988434
1049,104.9,1,0.2,-3.4388737974598067,1.0029289713175953,0.029246902385066945
1049,104.9,2,0.3,-3.125309650897842,0.9978764457114827,-0.02125812227061804
1050,105.0,0,0.1,-3.6018670785896436,1.0008237709629595,0.008234318498812534
1050,105.0,1,0.2,-3.435509319657704,1.0033701440103717,0.03364477802102886
1050,105.0,2,0.3,-3.1274425865941344,0.9978693373946436,-0.021329356962925917
1051,105.10000000000001,0,0.1,-3.60109493238647,1.000772444384795,0.007721462031734968
1051,105.10000000000001,1,0.2,-3.431726812909207,1.0037896694552966,0.03782506748496794
1051,105.10000000000001,2,0.3,-3.129575227758592,0.9978696312989737,-0.021326411644573676
1052,105.2,0,0.1,-3.6003282700341575,1.000766956313012,0.007666623523126406
1052,105.2,1,0.2,-3.4275576382011046,1.0041778778076864,0.04169174708102534
1052,105.2,2,0.3,-3.131701491118592,0.9978759955366512,-0.02126263360000223
1053,105.3,0,0.1,-3.5995241240270293,1.000804469419213,0.008041460071282383
1053,105.3,1,0.2,-3.423039530419011,1.0045283298200172,0.04518107782093751
1053,105.3,2,0.3,-3.133816397047002,0.9978873289093652,-0.02114905928409914
1054,105.4,0,0.1,-3.598644101428555,1.0008804099319735,0.008800225984741198
1054,105.4,1,0.2,-3.4182131689401105,1.0048380271214483,0.048263614789001756
1054,105.4,2,0.3,-3.1359157755188005,0.9979028236818643,-0.020993784717984618
1055,105.5,0,0.1,-3.5976555118327154,1.0009890784116002,0.009885895958397513
1055,105.5,1,0.2,-3.413118991475544,1.0051071748475393,0.05094177464566597
1055,105.5,2,0.3,-3.1379959091979766,0.9979220282995577,-0.02080133679176151
1056,105.60000000000001,0,0.1,-3.5965318739456156,1.0011242694046607,0.011236378870996974
1056,105.60000000000001,1,0.2,-3.4077946207708045,1.0053385703566582,0.053243707047392244
1056,105.60000000000001,2,0.3,-3.1400531248920402,0.9979448989238185,-0.02057215694063521
1057,105.7,0,0.1,-3.5952528823559278,1.0012798098482425,0.012789915896878784
1057,105.7,1,0.2,-3.402273147054957,1.0055367451458403,0.055214737158476385
1057,105.7,2,0.3,-3.1420833638450874,0.9979718205880334,-0.020302389530472188
1058,105.8,0,0.1,-3.59380399712307,1.0014499353741835,0.014488852328576598
1058,105.8,1,0.2,-3.3965823558142993,1.0057070145530251,0.05690791240658179
1058,105.8,2,0.3,-3.1440817826042506,0.998003576750096,-0.01998418759163403
1059,105.9,0,0.1,-3.592175874931525,1.001629448302073,0.016281221915449284
1059,105.9,1,0.2,-3.390744838174075,1.0058545891485693,0.05837517640224057
1059,105.9,2,0.3,-3.146042451573676,0.9980412518863859,-0.019606689694249828
1060,106.0,0,0.1,-3.590363877959338,1.0018136396307147,0.018119969721871385
1060,106.0,1,0.2,-3.3847787947425148,1.0059838757137591,0.05966043431560381
1060,106.0,2,0.3,-3.1479582205888508,0.9980860648989792,-0.01915769015175093
1061,106.10000000000001,0,0.1,-3.5883678666305774,1.0019980046854067,0.019960113287605347
1061,106.10000000000001,1,0.2,-3.3786992616132836,1.0060980509984123,0.06079533129230633
1061,106.10000000000001,2,0.3,-3.149820805675439,0.9981391484485617,-0.01862585086587939
1062,106.2,0,0.1,-3.586192404726311,1.0021778299383926,0.021754619042663306
1062,106.2,1,0.2,-3.3725194589824645,1.0061989370063449,0.06179802630819427
1062,106.2,2,0.3,-3.151621119006615,0.9982013062607991,-0.018003133311760202
1063,106.3,0,0.1,-3.583847389849398,1.0023477665748033,0.023450148769132095
1063,106.3,1,0.2,-3.3662519883969857,1.0062871522759027,0.06267470585479186
1063,106.3,2,0.3,-3.1533498202517727,0.9982727920982009,-0.017287012451579913
1064,106.4,0,0.1,-3.581348989062039,1.0025015243914028,0.024984007873587545
1064,106.4,1,0.2,-3.3599096745612225,1.0063624688955337,0.06342313835762683
1064,106.4,2,0.3,-3.154998021093441,0.9983531566954051,-0.016482008416683607
1065,106.5,0,0.1,-3.5787206361624873,1.0026318100472387,0.026283528995520274
1065,106.5,1,0.2,-3.35350594508376,1.0064242771903218,0.06403729477462958
1065,106.5,2,0.3,-3.15655803627238,0.9984412010122325,-0.01560015178939089
1066,106.60000000000001,0,0.1,-3.5759937631893286,1.0027305942729998,0.027268729731584236
1066,106.60000000000001,1,0.2,-3.3470547458006554,1.0064720530891005,0.06451199283103898
1066,106.60000000000001,2,0.3,-3.158024053474983,0.9985350568756798,-0.01466017202602518
1067,106.7,0,0.1,-3.5732079190679817,1.0027897281910478,0.02785844121347017
1067,106.7,1,0.2,-3.340570079946965,1.0065057368207442,0.0648466585369071
1067,106.7,2,0.3,-3.159392596384372,0.9986323931184116,-0.013685429093893364
1068,106.8,0,0.1,-3.570409985578131,1.0028018513588846,0.027979334898510712
1068,106.8,1,0.2,-3.3340653205514905,1.0065259612890132,0.06504759395474938
1068,106.8,2,0.3,-3.160662680779568,0.9987307218206325,-0.012700843951961194
1069,106.9,0,0.1,-3.5676523309252848,1.00276146048002,0.02757654652845818
1069,106.9,1,0.2,-3.3275524686279576,1.0065341066615547,0.06512851923532348
1069,106.9,2,0.3,-3.1618356079312804,0.9988277604584741,-0.01172927151712144
1070,107.0,0,0.1,-3.5649899225980937,1.0026659556837134,0.026624083271912638
1070,107.0,1,0.2,-3.3210415153489916,1.006532195612856,0.06510953278966373
1070,107.0,2,0.3,-3.1629143940401363,0.9989217955716899,-0.010787861088559838
1071,107.10000000000001,0,0.1,-3.56247661919443,1.0025164643982878,0.025133034036632994
1071,107.10000000000001,1,0.2,-3.31454002252174,1.0065226734086625,0.06501492827250989
1071,107.10000000000001,2,0.3,-3.16390288883777,0.9990119936024086,-0.009884947976334369
1072,107.2,0,0.1,-3.560161035770972,1.0023182664572836,0.0231558342345841
1072,107.2,1,0.2,-3.308052975662413,1.0065081333194301,0.06487046859327364
1072,107.2,2,0.3,-3.1648046814360042,0.9990986138945106,-0.0090179259823447
1073,107.3,0,0.1,-3.558082493526203,1.002080703911146,0.020785422447687846
1073,107.3,1,0.2,-3.301582902903036,1.0064910488947714,0.06470072759377311
1073,107.3,2,0.3,-3.165621920739401,0.9991830945456917,-0.008172393033967683
1074,107.4,0,0.1,-3.5562675985629597,1.0018165428818897,0.018148949632433416
1074,107.4,1,0.2,-3.295130204311822,1.006473562101943,0.06452698591213563
1074,107.4,2,0.3,-3.166354188752517,0.9992680000296754,-0.007322680131158152
1075,107.5,0,0.1,-3.5547279380599055,1.001540846388829,0.015396605030542953
1075,107.5,1,0.2,-3.2886936090460623,1.0064573546611084,0.06436595265760048
1075,107.5,2,0.3,-3.1669975589464694,0.9993568367242731,-0.006433701939525893
1076,107.60000000000001,0,0.1,-3.5534592431018095,1.001269500091998,0.012686949580958978
1076,107.60000000000001,1,0.2,-3.2822706752569846,1.0064436050613468,0.06422933789077219
1076,107.60000000000001,2,0.3,-3.1675439518169144,0.999453756374956,-0.005463928704449539
1077,107.7,0,0.1,-3.5524421665469847,1.00101759395258,0.010170765548248051
1077,107.7,1,0.2,-3.2758582669544953,1.006433011808429,0.06412408302489601
1077,107.7,2,0.3,-3.167980869958158,0.9995631772935881,-0.0043691814124360556
1078,107.8,0,0.1,-3.551644592124081,1.0007978925699603,0.007975744229038914
1078,107.8,1,0.2,-3.269452975349246,1.006425849354878,0.06405291605249638
1078,107.8,2,0.3,-3.168291559074421,0.9996893591426025,-0.00310689116262992
1079,107.9,0,0.1,-3.5510251637748005,1.000619620234638,0.006194283492803625
1079,107.9,1,0.2,-3.2630514890027342,1.0064220196514078,0.06401486346511286
1079,107.9,2,0.3,-3.1684556021461345,0.9998359703826152,-0.0016404307171356814
1080,108.0,0,0.1,-3.5505375400870762,1.0004877425954812,0.004876236877242868
1080,108.0,1,0.2,-3.25665094679011,1.0064210694547226,0.0640054221262468
1080,108.0,2,0.3,-3.168449913671913,1.0000056884904007,5.688474221443908e-05
1081,108.10000000000001,0,0.1,-3.550134771778826,1.000402849430296,0.004027683082501111
1081,108.10000000000001,1,0.2,-3.250249321962111,1.0064221590222355,0.06401624827998452
1081,108.10000000000001,2,0.3,-3.1682500618839424,1.0001998717596698,0.001998517879706448
1082,108.2,0,0.1,-3.549773194378158,1.0003616427776558,0.0036157740066802115
1082,108.2,1,0.2,-3.2438458804763273,1.0064239873485463,0.06403441485784009
1082,108.2,2,0.3,-3.1678318123385103,1.0004183370239688,0.004182495454321493
1083,108.3,0,0.1,-3.5494153298002944,1.0003579286190307,0.003578645778637072
1083,108.3,1,0.2,-3.2374417333081746,1.0064246975644602,0.06404147168152993
1083,108.3,2,0.3,-3.1671727606417255,1.000659268919072,0.006590516967848556
1084,108.4,0,0.1,-3.5490314837110297,1.0003839197676017,0.003838460892646395
1084,108.4,1,0.2,-3.231040466397114,1.006421798806762,0.06401266911060143
1084,108.4,2,0.3,-3.166253910059105,1.000919272855142,0.009188505826202335
1085,108.5,0,0.1,-3.5485999733443196,1.000431603480701,0.004315103667100996
1085,108.5,1,0.2,-3.2246487922572413,1.0064121444790335,0.06391674139872991
1085,108.5,2,0.3,-3.165061055230342,1.0011935665630545,0.01192854828763036
1086,108.60000000000001,0,0.1,-3.548106171710957,1.0004939235734596,0.004938016333623919
1086,108.60000000000001,1,0.2,-3.2182771342505747,1.0063920002010955,0.06371658006666071
1086,108.60000000000001,2,0.3,-3.163585857430651,1.0014762864392193,0.01475197799691282
1087,108.7,0,0.1,-3.547540756091139,1.0005655754973606,0.00565415619818076
1087,108.7,1,0.2,-3.2119400370305535,1.0063572191029293,0.06337097220021543
1087,108.7,2,0.3,-3.161826537184816,1.0017608687576747,0.017593202458346835
1088,108.8,0,0.1,-3.546897660348621,1.0006433025729198,0.006430957425181215
1088,108.8,1,0.2,-3.2056563003537906,1.0063035207677051,0.0628373667676332
1088,108.8,2,0.3,-3.1597881598551685,1.0020404562330067,0.020383773296478495
1089,108.9,0,0.1,-3.5461722328637526,1.0007256906710236,0.007254274848684176
1089,108.9,1,0.2,-3.1994487593400245,1.006226847724878,0.06207541013765553
1089,108.9,2,0.3,-3.1574825394648656,1.0023082803769086,0.023056203903027126
1090,109.0,0,0.1,-3.5453600012133957,1.0008125615998098,0.008122316503569777
1090,109.0,1,0.2,-3.193343678446247,1.006123754882867,0.061050808937780504
1090,109.0,2,0.3,-3.1549278252829667,1.002557980244868,0.025547141818990437
1091,109.10000000000001,0,0.1,-3.544456269769181,1.0009041399325214,0.009037314442145512
1091,109.10000000000001,1,0.2,-3.1873697809861996,1.0059917767708042,0.059738974600466635
1091,109.10000000000001,2,0.3,-3.152147856669971,1.0027838363089339,0.027799686129952168
1092,109.2,0,0.1,-3.543456569568075,1.0010002000679108,0.009997002011062364
1092,109.2,1,0.2,-3.1815569907756487,1.0058297172574644,0.058127902105512524
1092,109.2,2,0.3,-3.149171371124568,1.0029809196767887,0.02976485545403476
1093,109.3,0,0.1,-3.542357786813908,1.0010993866370959,0.01098782754167145
1093,109.3,1,0.2,-3.1759350071711325,1.005637816611403,0.05621983604516476
1093,109.3,2,0.3,-3.1460311309126214,1.0031451759313366,0.03140240211946655
1094,109.4,0,0.1,-3.5411596561475522,1.0011988487116446,0.011981306663554436
1094,109.4,1,0.2,-3.1705318612134903,1.0054177692762072,0.054031459576417806
1094,109.4,2,0.3,-3.1427630027453355,1.0032734743205296,0.03268128167285665
1095,109.5,0,0.1,-3.5398662419907287,1.0012942509776606,0.01293414156823565
1095,109.5,1,0.2,-3.1653726041925707,1.0051725889051017,0.051592570209198656
1095,109.5,2,0.3,-3.1394049932677563,1.0033636539076531,0.03358009477579329
1096,109.60000000000001,0,0.1,-3.5384870519744855,1.0013801415361858,0.01379190016243086
1096,109.60000000000001,1,0.2,-3.1604782603637402,1.0049063406938634,0.04894343828830055
1096,109.60000000000001,2,0.3,-3.135996221029874,1.003414588709098,0.03408772237882094
1097,109.7,0,0.1,-3.5370375183440155,1.001450584712141,0.014495336304701503
1097,109.7,1,0.2,-3.155865136434316,1.00462378076642,0.04613123929424297
1097,109.7,2,0.3,-3.132575800416807,1.003426276926767,0.034204206130669934
1098,109.8,0,0.1,-3.5355387194552255,1.0014999226492047,0.014987988887900946
1098,109.8,1,0.2,-3.1515445285658115,1.0043299551518148,0.0432060786850499
1098,109.8,2,0.3,-3.1291816268639154,1.0033999402825267,0.033941735528919256
1099,109.9,0,0.1,-3.5340163600540944,1.0015235187784592,0.015223594011309717
1099,109.9,1,0.2,-3.147522811561464,1.0040298149604356,0.04021717004346938
1099,109.9,2,0.3,-3.125849082148386,1.0033381038162719,0.033325447155291774
1100,110.0,0,0.1,-3.532499153549811,1.0015183580443727,0.015172065042833057
1100,110.0,1,0.2,-3.143801843530488,1.0037278994270213,0.037209680309764244
1100,110.0,2,0.3,-3.1226097157498485,1.0032446188158397,0.03239366398537686
1101,110.10000000000001,0,0.1,-3.5310168288919184,1.0014834238441384,0.014823246578926487
1101,110.10000000000001,1,0.2,-3.1403795805208685,1.0034281256375834,0.03422263009619161
1101,110.10000000000001,2,0.3,-3.119489993155679,1.0031245939931888,0.031197225941689947
1102,110.2,0,0.1,-3.5295980098206328,1.0014198260712581,0.014188190712856848
1102,110.2,1,0.2,-3.137250775087723,1.0031337052537268,0.03128805433145487
1102,110.2,2,0.3,-3.116510225018789,1.0029842120588213,0.02979768136890551
1103,110.3,0,0.1,-3.5282681903713633,1.0013307040512303,0.013298194492695405
1103,110.3,1,0.2,-3.1344076331832746,1.002847187465519,0.028431419044487267
1103,110.3,2,0.3,-3.113683795566949,1.0028304275694744,0.02826429451839801
1104,110.4,0,0.1,-3.527047973587311,1.0012209615514476,0.012202167840523817
1104,110.4,1,0.2,-3.131840324345662,1.0025706071969782,0.02567308837612584
1104,110.4,2,0.3,-3.111016792150115,1.0026705630342474,0.026670034168338966
1105,110.5,0,0.1,-3.525951671408563,1.0010969033376451,0.0109630217874785
1105,110.5,1,0.2,-3.129537276836849,1.002305701559804,0.023030475088129585
1105,110.5,2,0.3,-3.1085081022884635,1.0025118392571306,0.02508689861651679
1106,110.60000000000001,0,0.1,-3.524986302389383,1.0009658351378317,0.009653690191799024
1106,110.60000000000001,1,0.2,-3.1274852354284404,1.0020541482862666,0.020520414084084698
1106,110.60000000000001,2,0.3,-3.1061499957097816,1.0023608890987301,0.02358106578681761
1107,110.7,0,0.1,-3.5241509837952125,1.0008356675699095,0.008353185941705674
1107,110.7,1,0.2,-3.1256691068479348,1.0018177787408327,0.018161285805057194
1107,110.7,2,0.3,-3.103929154533972,1.0022233090701695,0.02220841175809911
1108,110.8,0,0.1,-3.52343670048625,1.0007145384700338,0.00714283308962434
1108,110.8,1,0.2,-3.1240716584716606,1.001598724976609,0.015974483762742707
1108,110.8,2,0.3,-3.1018280634555584,1.0021032999169925,0.021010910784135056
1109,110.9,0,0.1,-3.5228264406480476,1.000610446084622,0.0061025983820245724
1109,110.9,1,0.2,-3.1226731632725877,1.0013994735495035,0.013984951990727497
1109,110.9,2,0.3,-3.0998266310688414,1.0020034365893853,0.020014323867168463
1110,111.0,0,0.1,-3.52229570693972,1.0005308745723815,0.0053073370832782095
1110,111.0,1,0.2,-3.121451094614212,1.001222815688555,0.012220686583757773
1110,111.0,2,0.3,-3.097903888942589,1.0019245917801736,0.019227421262525395
1111,111.10000000000001,0,0.1,-3.521813426877199,1.0004823963782485,0.004822800625210044
1111,111.10000000000001,1,0.2,-3.120379967784343,1.001071700691086,0.010711268298687824
1111,111.10000000000001,2,0.3,-3.096039609613403,1.0018660181782935,0.018642793291857106
1112,111.2,0,0.1,-3.5213432851758357,1.0004702522352944,0.004701417013630849
1112,111.2,1,0.2,-3.119431403806063,1.0009490140073731,0.00948563978280302
1112,111.2,2,0.3,-3.094215698464902,1.001825575486154,0.018239111485011044
1113,111.3,0,0.1,-3.520845475233125,1.0004979338706437,0.004978099427108978
1113,111.3,1,0.2,-3.1185744599253216,1.0008573111620545,0.008569438807413609
1113,111.3,2,0.3,-3.0924172450682725,1.0018000715838722,0.017984533966296425
1114,111.4,0,0.1,-3.5202788165679766,1.0005668192464998,0.0056665866514821915
1114,111.4,1,0.2,-3.11777623618547,1.000798542405204,0.007982237398515432
1114,111.4,2,0.3,-3.0906331625175656,1.0017856749728442,0.017840825507067927
1115,111.5,0,0.1,-3.519603118151363,1.0006759267522147,0.006756984166136733
1115,111.5,1,0.2,-3.117002734334314,1.0007738010808596,0.0077350185115592175
1115,111.5,2,0.3,-3.0888563928082413,1.0017783490998904,0.017767697093243783
1116,111.60000000000001,0,0.1,-3.518781599820273,1.0008218558696989,0.008215183310897177
1116,111.60000000000001,1,0.2,-3.116219918283667,1.000783122531099,0.007828160506470503
1116,111.60000000000001,2,0.3,-3.0870837060362826,1.0017742589099865,0.017726867719585912
1117,111.7,0,0.1,-3.5177831348087105,1.0009989636436942,0.009984650115627004
1117,111.7,1,0.2,-3.11539490674165,1.0008253519576484,0.008250115420170203
1117,111.7,2,0.3,-3.0853151650149053,1.0017701058123791,0.017685410213773463
1118,111.8,0,0.1,-3.5165840638901478,1.0011997900915142,0.011990709185628183
1118,111.8,1,0.2,-3.1144972186303073,1.0008980911539087,0.008976881113427714
1118,111.8,2,0.3,-3.0835533596197093,1.0017633582861512,0.017618053951960925
1119,111.9,0,0.1,-3.5151693667239,1.0014156983223392,0.014146971662477486
1119,111.9,1,0.2,-3.113499989008581,1.0009977270205124,0.009972296217263515
1119,111.9,2,0.3,-3.0818025331073664,1.001752360103968,0.017508265123427798
1120,112.0,0,0.1,-3.5135330584043145,1.0016376478025466,0.01636308319585482
1120,112.0,1,0.2,-3.1123810752163497,1.0011195400098079,0.011189137922312324
1120,112.0,2,0.3,-3.080067724105611,1.0017363146534382,0.01734809001755365
1121,112.10000000000001,0,0.1,-3.5116777957993306,1.0018569846694467,0.018552626049837623
1121,112.10000000000001,1,0.2,-3.1111239778913284,1.0012578878030647,0.012570973250211098
1121,112.10000000000001,2,0.3,-3.0783540334631985,1.001715159849357,0.017136906424125225
1122,112.2,0,0.1,-3.5096138054082506,1.0020661218854563,0.02063990391080079
1122,112.2,1,0.2,-3.109718508543594,1.0014064574826553,0.014054693477346359
1122,112.2,2,0.3,-3.0766660974081055,1.0016893614210187,0.016879360550930828
1123,112.3,0,0.1,-3.5073573537257587,1.0022589993854853,0.022564516824920174
1123,112.3,1,0.2,-3.10816114508711,1.00155857677673,0.015573634564841395
1123,112.3,2,0.3,-3.0750078121020348,1.0016596610214867,0.016582853060708003
1124,112.4,0,0.1,-3.5049290466629865,1.002431257788307,0.024283070627719876
1124,112.4,1,0.2,-3.106455030814434,1.0017075705136849,0.017061142726756063
1124,112.4,2,0.3,-3.073382315522004,1.0016268184157127,0.016254965800305003
1125,112.5,0,0.1,-3.502352250216257,1.0025801192401342,0.025767964467295144
1125,112.5,1,0.2,-3.1046095926644446,1.0018471420189394,0.018454381499896026
1125,112.5,2,0.3,-3.071792196720767,1.0015913837105013,0.01590118801237141
1126,112.60000000000001,0,0.1,-3.4996518680123314,1.0027040315200597,0.02700382203925536
1126,112.60000000000001,1,0.2,-3.1026397822294793,1.0019717517860285,0.01969810434965079
1126,112.60000000000001,2,0.3,-3.0702398751405595,1.0015535270550324,0.015523215802074395
1127,112.7,0,0.1,-3.496853604960979,1.002802181843823,0.027982630513527153
1127,112.7,1,0.2,-3.1005649767769623,1.0020769593507324,0.020748054525171547
1127,112.7,2,0.3,-3.068728077131891,1.0015129413513728,0.015117980086683828
1128,112.8,0,0.1,-3.4939837140711125,1.0028740129690887,0.028698908898664964
1128,112.8,1,0.2,-3.0984076142140915,1.0021596913438584,0.02157362562870924
1128,112.8,2,0.3,-3.0672603339772944,1.0014688208167601,0.014677431545969401
1129,112.9,0,0.1,-3.4910690956546695,1.0029188700463225,0.029146184164427782
1129,112.9,1,0.2,-3.096191669924197,1.0022184013089797,0.02215944289894167
1129,112.9,2,0.3,-3.0658414337348328,1.0014199073576862,0.014189002424614862
1130,113.0,0,0.1,-3.488137523923931,1.002935872989267,0.029315717307387135
1130,113.0,1,0.2,-3.0939411082829285,1.002253096056048,0.02250561641268817
1130,113.0,2,0.3,-3.064477774259343,1.0013645896818524,0.013636594754898533
1131,113.10000000000001,0,0.1,-3.4852177371393545,1.002924053513646,0.029197867845762455
1131,113.10000000000001,1,0.2,-3.091678451504289,1.0022652185182364,0.022626567786392673
1131,113.10000000000001,2,0.3,-3.063177582107386,1.0013010377682214,0.013001921519569805
1132,113.2,0,0.1,-3.4823391532216577,1.0028827310186872,0.028785839176969613
1132,113.2,1,0.2,-3.0894235994621075,1.0022573961328707,0.022548520421815824
1132,113.2,2,0.3,-3.061950977477967,1.001227357216555,0.012266046294189956
1133,113.3,0,0.1,-3.4795310576349343,1.0028120419802211,0.028080955867235066
1133,113.3,1,0.2,-3.087193005731881,1.0022330833551913,0.02230593730226842
1133,113.3,2,0.3,-3.060809876419371,1.0011417523621198,0.011411010585958375
1134,113.4,0,0.1,-3.476821235476976,1.0027134970447023,0.027098221579582214
1134,113.4,1,0.2,-3.084999270453093,1.0021961432765392,0.02193735278787558
1134,113.4,2,0.3,-3.059767728156857,1.0010426914877055,0.010421482625141643
1135,113.5,0,0.1,-3.4742341572760207,1.002590427575506,0.02587078200955309
1135,113.5,1,0.2,-3.082851156208923,1.0021504230945018,0.02148114244170285
1135,113.5,2,0.3,-3.0588390896768685,1.0009290697982045,0.009286384799885278
1136,113.60000000000001,0,0.1,-3.4717889479113713,1.0024482013272291,0.02445209364649217
1136,113.60000000000001,1,0.2,-3.080753977676651,1.0020993791492634,0.02097178532271914
1136,113.60000000000001,2,0.3,-3.058039044978038,1.000800364819955,0.008000446988302585
1137,113.7,0,0.1,-3.469497444898877,1.0022941305121138,0.02291503012494497
1137,113.7,1,0.2,-3.078710268649134,1.0020457988242142,0.02043709027516832
1137,113.7,2,0.3,-3.057382485786078,1.0006567747741246,0.006565591919600973
1138,113.8,0,0.1,-3.467362670524288,1.002137054627724,0.021347743745888763
1138,113.8,1,0.2,-3.0767205992785254,1.001991650076143,0.019896693706088507
1138,113.8,2,0.3,-3.0568832854949757,1.000499324912304,0.0049920029110242575
1139,113.9,0,0.1,-3.465377999018789,1.001986642269549,0.019846715054988
1139,113.9,1,0.2,-3.07478440725672,1.0019380676519092,0.01936192021805118
1139,113.9,2,0.3,-3.056553417532781,1.0003299223746138,0.0032986796219477937
1140,114.0,0,0.1,-3.463527204355817,1.0018525084405348,0.018507946629721047
1140,114.0,1,0.2,-3.072900720252375,1.0018854622572089,0.018836870043453764
1140,114.0,2,0.3,-3.0564020895033264,1.0001513394801183,0.0015132802945450913
1141,114.10000000000001,0,0.1,-3.461785444961409,1.001743277138356,0.017417593944080892
1141,114.10000000000001,1,0.2,-3.0710686799670137,1.0018337194964688,0.018320402853609467
1141,114.10000000000001,2,0.3,-3.056434979770885,0.9999671102733203,-0.00032890267558813275
1142,114.2,0,0.1,-3.460121102741636,1.001665728005986,0.016643422197729466
1142,114.2,1,0.2,-3.0692878235383367,1.001782443095222,0.017808564286770814
1142,114.2,2,0.3,-3.056653667808535,0.9997813358728362,-0.0021868803764980706
1143,114.3,0,0.1,-3.4584982703281093,1.0016241499186485,0.01622832413526879
1143,114.3,1,0.2,-3.0675581263119414,1.0017311940155158,0.01729697226395475
1143,114.3,2,0.3,-3.0570553393068427,0.9995984091608887,-0.004016714983077436
1144,114.4,0,0.1,-3.4568795938515673,1.0016199872404485,0.016186764765418755
1144,114.4,1,0.2,-3.06587985164609,1.001679683756949,0.016782746658513217
1144,114.4,2,0.3,-3.0576328204432555,0.9994226855737265,-0.005774811364127115
1145,114.5,0,0.1,-3.455229143104298,1.0016518134907146,0.016504507472695322
1145,114.5,1,0.2,-3.0642532807961125,1.0016278944338797,0.01626570849977508
1145,114.5,2,0.3,-3.058374955385678,0.999258140371603,-0.007421349424224099
1146,114.60000000000001,0,0.1,-3.453515000816794,1.0017156122691941,0.017141422875036266
1146,114.60000000000001,1,0.2,-3.0626784050343856,1.0015761165298256,0.01574875761726745
1146,114.60000000000001,2,0.3,-3.0592672932841003,0.9991080601166434,-0.008923378984223922
1147,114.7,0,0.1,-3.451711331057094,1.0018052973503992,0.018036697597000245
1147,114.7,1,0.2,-3.061154653292729,1.0015249132412125,0.015237517416567292
1147,114.7,2,0.3,-3.060293004516718,0.9989748146293393,-0.010257112326175793
1148,114.8,0,0.1,-3.449799786839464,1.0019133723829658,0.019115442176303985
1148,114.8,1,0.2,-3.0596807059901505,1.0014750340967975,0.014739473025785215
1148,114.8,2,0.3,-3.0614339103458748,0.9988597447564561,-0.01140905829157
1149,114.9,0,0.1,-3.447770226327237,1.0020316214642027,0.020295605122265182
1149,114.9,1,0.2,-3.0582544161793477,1.0014273074458715,0.014262898108027172
1149,114.9,2,0.3,-3.0626714934500114,0.9987631823860147,-0.012375831041365803
1150,115.0,0,0.1,-3.445620802477831,1.0021517355168024,0.021494238494060958
1150,115.0,1,0.2,-3.056872830340778,1.00138254066796,0.013815858385695887
1150,115.0,2,0.3,-3.063987763539784,0.9986845958137395,-0.013162700897724948
1151,115.10000000000001,0,0.1,-3.443357554758042,1.0022658107981723,0.02263247719789059
1151,115.10000000000001,1,0.2,-3.055532279600055,1.0013414496805138,0.01340550740723031
1151,115.10000000000001,2,0.3,-3.06536588209544,0.9986228306136479,-0.01378118555656165
1152,115.2,0,0.1,-3.440993655193175,1.0023666957783317,0.02363899564867068
1152,115.2,1,0.2,-3.0542285018092836,1.001304628078524,0.013037777907714728
1152,115.2,2,0.3,-3.0667904977903953,0.9985763985882722,-0.014246156949551924
1153,115.3,0,0.1,-3.4385484468356213,1.0024482003176678,0.024452083575538245
1153,115.3,1,0.2,-3.052956756525116,1.001272554295117,0.01271745284167808
1153,115.3,2,0.3,-3.0682478000245577,0.9985437591151068,-0.014573022341624883
1154,115.4,0,0.1,-3.436046372195752,1.00250520744091,0.02502074639868965
1154,115.4,1,0.2,-3.0517119060704476,1.00124562560261,0.012448504546681609
1154,115.4,2,0.3,-3.069725350918709,0.9985235401467489,-0.014775508941510102
1155,115.5,0,0.1,-3.4335158388043836,1.0025337378934542,0.02530533391368694
1155,115.5,1,0.2,-3.0504884520964337,1.0012242026991398,0.012234539740139801
1155,115.5,2,0.3,-3.071211795529602,0.9985146596007131,-0.01486444610893396
1156,115.60000000000001,0,0.1,-3.4309880255092873,1.0025310109088796,0.025278132950961107
1156,115.60000000000001,1,0.2,-3.0492805331823325,1.001208648741981,0.012079189141011106
1156,115.60000000000001,2,0.3,-3.072696568374298,0.9985163288851641,-0.014847728446957097
1157,115.7,0,0.1,-3.428495608689534,1.0024955254727044,0.024924168197532376
1157,115.7,1,0.2,-3.0480819006203,1.0011993512091446,0.011986325620326326
1157,115.7,2,0.3,-3.074169708609322,0.9985279443034275,-0.01473140235023957
1158,115.8,0,0.1,-3.426071387672614,1.0024271618165925,0.024242210169204404
1158,115.8,1,0.2,-3.0468858941393155,1.001196721981955,0.011960064809844587
1158,115.8,2,0.3,-3.075621868365136,0.9985488941179711,-0.014521597558144465
1159,115.9,0,0.1,-3.4237468111950404,1.002327280400226,0.023245764775732498
1159,115.9,1,0.2,-3.045685436832135,1.0012011781444694,0.012004573071803335
1159,115.9,2,0.3,-3.077044554989562,0.998578324914432,-0.01422686624425896
1160,116.0,0,0.1,-3.4215504437756823,1.0021987812011388,0.02196367419358261
1160,116.0,1,0.2,-3.044473061011484,1.0012131110453093,0.012123758206513258
1160,116.0,2,0.3,-3.0784305971869648,0.998614917915447,-0.013860421974026493
1161,116.10000000000001,0,0.1,-3.419506451250741,1.002046082901658,0.020439925249411885
1161,116.10000000000001,1,0.2,-3.043240967465182,1.0012328528853822,0.012320935463016106
1161,116.10000000000001,2,0.3,-3.0797747768961288,0.9986567232957357,-0.013441797091638915
1162,116.2,0,0.1,-3.4176332172772392,1.001874989572306,0.018732339735018044
1162,116.2,1,0.2,-3.041981113026932,1.0012606483882383,0.012598544382501237
1162,116.2,2,0.3,-3.081074531779524,0.9987010894321424,-0.012997548833953616
1163,116.3,0,0.1,-3.415942218675543,1.0016924291460678,0.0169099860169651
1163,116.3,1,0.2,-3.040685317918609,1.001296635013547,0.012957951083230794
1163,116.3,2,0.3,-3.082330613402406,0.9987447069174482,-0.012560816228820042
1164,116.4,0,0.1,-3.414437282379422,1.0015060692810338,0.015049362961206784
1164,116.4,1,0.2,-3.0393453855778993,1.0013408304511395,0.01339932340709612
1164,116.4,2,0.3,-3.0835475861504267,0.9987837674630112,-0.0121697274802058
1165,116.5,0,0.1,-3.413114320174547,1.001323837705415,0.013229622048750087
1165,116.5,1,0.2,-3.037953232409276,1.0013931226636885,0.013921531686232572
1165,116.5,2,0.3,-3.0847340706407347,0.9988142191041195,-0.011864844903080716
1166,116.60000000000001,0,0.1,-3.411961592810909,1.0011533920091862,0.011527273636379303
1166,116.60000000000001,1,0.2,-3.036501030465695,1.0014532568994312,0.014522019435808536
1166,116.60000000000001,2,0.3,-3.0859026686120257,0.9988320845734191,-0.01168597971290886
1167,116.7,0,0.1,-3.4109604987013715,1.0010015953715017,0.010010941095375828
1167,116.7,1,0.2,-3.0349813694590857,1.001520816276529,0.015196610066095826
1167,116.7,2,0.3,-3.0870695476014993,0.9988338015490864,-0.011668789894737183
1168,116.8,0,0.1,-3.410086822091869,1.0008740583760836,0.00873676609502599
1168,116.8,1,0.2,-3.0333874433866725,1.0015951970477657,0.01593926072413245
1168,116.8,2,0.3,-3.088253705791168,0.9988165426489783,-0.011841581896688387
1169,116.9,0,0.1,-3.4093123196779205,1.0007748024183896,0.007745024139484308
1169,116.9,1,0.2,-3.0317132607110895,1.001675584901817,0.016741826755829154
1169,116.9,2,0.3,-3.089475973407068,0.9987784790489234,-0.01222267615899837
1170,117.0,0,0.1,-3.40860648114928,1.0007060876912741,0.00705838528640297
1170,117.0,1,0.2,-3.029953866672795,1.0017609426800758,0.017593940382943818
1170,117.0,2,0.3,-3.09075783193782,0.9987189626989569,-0.012818585307519843
1171,117.10000000000001,0,0.1,-3.407938274849491,1.0006684295993526,0.006682062997893075
1171,117.10000000000001,1,0.2,-3.028105554870887,1.0018500209830379,0.01848311801907985
1171,117.10000000000001,2,0.3,-3.092120143804224,0.9986386156591656,-0.013623118664040038
1172,117.2,0,0.1,-3.4072776893228514,1.0006608037613103,0.0066058552663953865
1172,117.2,1,0.2,-3.02616603651114,1.0019414004420624,0.019395183597473713
1172,117.2,2,0.3,-3.0935818834964275,0.9985393281289051,-0.014617396922035062
1173,117.3,0,0.1,-3.406596906716526,1.0006810143913993,0.006807826063255749
1173,117.3,1,0.2,-3.0241345331707525,1.0020335682413457,0.020315033403873795
1173,117.3,2,0.3,-3.0951589497310708,0.9984241766808383,-0.015770662346433546
1174,117.4,0,0.1,-3.4058709929235222,1.000726177332186,0.007259137930035122
1174,117.4,1,0.2,-3.022011764609319,1.0021250232297139,0.021227685614333823
1174,117.4,2,0.3,-3.0968631216814853,0.9982972793260785,-0.01704171950414356
1175,117.5,0,0.1,-3.405078056291404,1.000793251089479,0.00792936632118258
1175,117.5,1,0.2,-3.0197998169156817,1.002214395854672,0.022119476936374317
1175,117.5,2,0.3,-3.098701205997317,0.9981636039266083,-0.018380843158319827
1176,117.60000000000001,0,0.1,-3.4041989026537762,1.0008795402064634,0.008791536376277304
1176,117.60000000000001,1,0.2,-3.0175018956623876,1.0023005634978395,0.022979212532938924
1176,117.60000000000001,2,0.3,-3.1006744093259333,0.9980287421572485,-0.019732033286160005
1177,117.7,0,0.1,-3.4032162882429837,1.0009830973344955,0.009826144107925597
1177,117.7,1,0.2,-3.0151219895419983,1.0023827403449102,0.02379906120389432
1177,117.7,2,0.3,-3.1027779653142975,0.9978986549349951,-0.021035559883643227
1178,117.8,0,0.1,-3.4021139322876586,1.0011029637729747,0.011023559553252142
1178,117.8,1,0.2,-3.0126644873285766,1.0024605243471125,0.024575022134218093
1178,117.8,2,0.3,-3.105001044632392,0.9977793898926435,-0.022230793180947492
1179,117.9,0,0.1,-3.400875488040006,1.001239211436404,0.012384442476526312
1179,117.9,1,0.2,-3.0101338007309653,1.002533891487893,0.025306865976111377
1179,117.9,2,0.3,-3.1073269776196715,0.9976767698988677,-0.02325932987279146
1180,118.0,0,0.1,-3.399483678267048,1.0013927787896901,0.013918097729580206
1180,118.0,1,0.2,-3.007534045331512,1.0026031376939326,0.025997553994533774
1180,118.0,2,0.3,-3.109733816050029,0.997596055682904,-0.02406838430357853
1181,118.10000000000001,0,0.1,-3.3979197770375618,1.0015651247607582,0.015639012294859977
1181,118.10000000000001,1,0.2,-3.0048688212754477,1.0026687789231696,0.026652240560640587
1181,118.10000000000001,2,0.3,-3.112195247424851,0.9975415954634239,-0.024614313748216998
1182,118.2,0,0.1,-3.3961635669363033,1.0017577531413868,0.017562101012585818
1182,118.2,1,0.2,-3.0021411170044727,1.0027314278410995,0.027277042709751727
1182,118.2,2,0.3,-3.11468184830862,0.9975164881472827,-0.024866008837688715
1183,118.3,0,0.1,-3.3941938270340835,1.0019716811142125,0.019697399022199368
1183,118.3,1,0.2,-2.9993533371625714,1.0027916693136154,0.027877798419015307
1183,118.3,2,0.3,-3.1171626226626477,0.9975223002237001,-0.02480774354027967
1184,118.4,0,0.1,-3.391989322780184,1.002206935959976,0.022045042538992095
1184,118.4,1,0.2,-2.996507434583421,1.002849956004201,0.02845902579150052
1184,118.4,2,0.3,-3.1196067222096535,0.9975588848324235,-0.02444099547005654
1185,118.5,0,0.1,-3.3895301870539267,1.0024621618805836,0.02459135726257473
1185,118.5,1,0.2,-2.9936051102731733,1.0029065401310215,0.029023243102478932
1185,118.5,2,0.3,-3.1219851987934986,0.9976243497503509,-0.023784765838451814
1186,118.60000000000001,0,0.1,-3.386799514554923,1.0027344041810464,0.02730672499003484
1186,118.60000000000001,1,0.2,-2.9906480373825275,1.0029614493434529,0.029570728906455877
1186,118.60000000000001,2,0.3,-3.124272606664003,0.9977152062533097,-0.02287407870504215
1187,118.7,0,0.1,-3.383784950279347,1.0030191126437626,0.030145642755760642
1187,118.7,1,0.2,-2.987638066217256,1.003014505676921,0.030099711652715234
1187,118.7,2,0.3,-3.1264482682865906,0.9978267034136766,-0.02175661622587767
1188,118.8,0,0.1,-3.3804800440477334,1.0033103734554418,0.033049062316139126
1188,118.8,1,0.2,-2.98457737631113,1.0030653785998025,0.030606899061262422
1188,118.8,2,0.3,-3.1284970486502113,0.9979533169543092,-0.02048780363620778
1189,118.9,0,0.1,-3.3768851688060137,1.0036013445555239,0.03594875241719335
1189,118.9,1,0.2,-2.981468555945399,1.0031136577593278,0.03108820365730748
1189,118.9,2,0.3,-3.1304095499050457,0.9980893264103674,-0.01912501254834279
1190,119.0,0,0.1,-3.3730078568686617,1.0038848384356651,0.038773119373523
1190,119.0,1,0.2,-2.9783146060073307,1.0031589288712335,0.03153949938068569
1190,119.0,2,0.3,-3.1321817305098727,0.9982293887800063,-0.01772180604827079
1191,119.10000000000001,0,0.1,-3.3688624863293257,1.0041539744725125,0.04145370539335593
1191,119.10000000000001,1,0.2,-2.975118880623394,1.0032008371581265,0.03195725383936481
1191,119.10000000000001,2,0.3,-3.133814052478514,0.9983690095442789,-0.016323219686412423
1192,119.2,0,0.1,-3.364469336839774,1.0044028135174277,0.043931494895519674
1192,119.2,1,0.2,-2.971884989231511,1.0032391260599118,0.032338913918829766
1192,119.2,2,0.3,-3.1353103441136634,0.9985048272510497,-0.0149629163514939
1193,119.3,0,0.1,-3.3598531159851106,1.00462689201598,0.04616220854663662
1193,119.3,1,0.2,-2.96861669238527,1.0032736435516654,0.03268296846241378
1193,119.3,2,0.3,-3.1366766128476438,0.9986346641862247,-0.01366268733980458
1194,119.4,0,0.1,-3.355041122162398,1.004823590057864,0.0481199382271228
1194,119.4,1,0.2,-2.965317826316508,1.0033043133156976,0.03298866068761782
1194,119.4,2,0.3,-3.137920040171245,0.9987573454118401,-0.01243427323600948
1195,119.5,0,0.1,-3.350061248457163,1.0049922938847113,0.04979873705235177
1195,119.5,1,0.2,-2.9619922894768997,1.0033310725719702,0.03325536839608312
1195,119.5,2,0.3,-3.1390483365774795,0.9988723398808262,-0.011282964062347498
1196,119.60000000000001,0,0.1,-3.3449400406553105,1.0051343436006728,0.05121207801852109
1196,119.60000000000001,1,0.2,-2.95864411851181,1.003353782350373,0.03348170965089262
1196,119.60000000000001,2,0.3,-3.1400695402111194,0.9989793176173412,-0.010212036336398018
1197,119.7,0,0.1,-3.339701002388462,1.0052527860256888,0.05239038266848648
1197,119.7,1,0.2,-2.955277671870381,1.0033721194869152,0.033664466414295685
1197,119.7,2,0.3,-3.140992230149518,0.9990777356090699,-0.009226899383985545
1198,119.8,0,0.1,-3.3343632968538386,1.0053519764648533,0.05337705534623841
1198,119.8,1,0.2,-2.951897926829592,1.0033854628187884,0.03379745040789054
1198,119.8,2,0.3,-3.141826020861669,0.9991665567947354,-0.008337907121509976
1199,119.9,0,0.1,-3.3289409357844226,1.0054370886766348,0.054223610694154975
1199,119.9,1,0.2,-2.9485108804288402,1.0033927889239793,0.033870464007514256
1199,119.9,2,0.3,-3.142582133905508,0.9992441727375961,-0.007561130438390928
1200,120.0,0,0.1,-3.3234424819122768,1.0055135981135528,0.05498453872146182
1200,120.0,1,0.2,-2.9451240273819983,1.0033925949140794,0.033868530468421344
1200,120.0,2,0.3,-3.1432738238721027,0.9993085491957652,-0.006916899665947833
1201,120.10000000000001,0,0.1,-3.3178712305428726,1.0055867996513665,0.05571251369403698
1201,120.10000000000001,1,0.2,-2.9417468699125475,1.003382866490683,0.033771574694504876
1201,120.10000000000001,2,0.3,-3.143916472832746,0.9993575574939721,-0.006426489606429782
1202,120.2,0,0.1,-3.3122257872647207,1.0056614088231084,0.05645443278152183
1202,120.2,1,0.2,-2.9383913980137613,1.0033611077965539,0.03355471898786457
1202,120.2,2,0.3,-3.144527251757523,0.9993894075627008,-0.0061077892477715695
1203,120.3,0,0.1,-3.306500928246422,1.005741277339594,0.057248590182988814
1203,120.3,1,0.2,-2.9350724669687454,1.0033244447948877,0.033189310450160936
1203,120.3,2,0.3,-3.1451243573109418,0.999403072678626,-0.005971055534188869
1204,120.4,0,0.1,-3.300688619996152,1.0058292324876086,0.05812308250269853
1204,120.4,1,0.2,-2.931807995341704,1.0032698058174012,0.03264471627040854
1204,120.4,2,0.3,-3.1457259405360416,0.9993985976898083,-0.00601583225099793
1205,120.5,0,0.1,-3.294779086329252,1.0059270294078912,0.059095336669002824
1205,120.5,1,0.2,-2.9286189136846366,1.0031941721879096,0.03189081657067842
1205,120.5,2,0.3,-3.1463489236550237,0.99937721089471,-0.006229831189821587
1206,120.60000000000001,0,0.1,-3.2887618374805845,1.0060353888565827,0.060172488486668764
1206,120.60000000000001,1,0.2,-2.9255288129963275,1.0030948799709947,0.030901006883087976
1206,120.60000000000001,2,0.3,-3.1470079338439714,0.9993412069105742,-0.006590101889475945
1207,120.7,0,0.1,-3.2826266126684747,1.0061540838522811,0.061352248121101675
1207,120.7,1,0.2,-2.9225632715123804,1.0029699430520291,0.029655414839472892
1207,120.7,2,0.3,-3.147714561980884,0.9992936214659534,-0.007066281369128415
1208,120.8,0,0.1,-3.2763642240766058,1.0062820383440199,0.06262388591869252
1208,120.8,1,0.2,-2.919748875444684,1.0028183601983147,0.028143960676964497
1208,120.8,2,0.3,-3.14847708683798,0.9992377657911028,-0.007625248570959798
1209,120.9,0,0.1,-3.269967318360938,1.006417409614221,0.06396905715667321
1209,120.9,1,0.2,-2.91711198877708,1.0026403663110561,0.026368866676038633
1209,120.9,2,0.3,-3.149300708504014,0.999176717417192,-0.0082362166603371
1210,121.0,0,0.1,-3.26343108471831,1.0065576414344368,0.0653623364262838
1210,121.0,1,0.2,-2.9146773632378573,1.0024375916466128,0.024346255392228285
1210,121.0,2,0.3,-3.1501882322353896,0.9991128700013201,-0.008875237313757339
1211,121.10000000000001,0,0.1,-3.256753933421127,1.0066994931709143,0.06677151297182479
1211,121.10000000000001,1,0.2,-2.912466706472085,1.0022131020690168,0.02210656765772068
1211,121.10000000000001,2,0.3,-3.1511410585443316,0.9990476274859048,-0.009528263089419196
1212,121.2,0,0.1,-3.249938147424137,1.0068390663275635,0.06815785996990119
1212,121.2,1,0.2,-2.910497339962437,1.0019713069854996,0.01969366509647964
1212,121.2,2,0.3,-3.152160284712616,0.9989812930662858,-0.01019226168284484
1213,121.3,0,0.1,-3.2429904785696575,1.0069718598970685,0.06947668854480012
1213,121.3,1,0.2,-2.9087810762422515,1.0017177373436859,0.017162637201858375
1213,121.3,2,0.3,-3.153247715459524,0.9989131602916493,-0.01087430746908042
1214,121.4,0,0.1,-3.235922628469701,1.0070928863017574,0.07067850099955761
1214,121.4,1,0.2,-2.907323427616255,1.0014587115121303,0.014576486259961642
1214,121.4,2,0.3,-3.1544066141579927,0.9988417725652942,-0.011588986984686477
1215,121.5,0,0.1,-3.228751532406271,1.0071968699449643,0.07171096063430546
1215,121.5,1,0.2,-2.9061232282930622,1.0012009198506306,0.01200199323192998
1215,121.5,2,0.3,-3.1556420896719484,0.9987652873717094,-0.01235475513955712
1216,121.60000000000001,0,0.1,-3.2214993606384743,1.0072785324510087,0.0725217176779607
1216,121.60000000000001,1,0.2,-2.9051727124445064,1.0009509677319077,0.009505158485557963
1216,121.60000000000001,2,0.3,-3.156961090878621,0.9986818682930867,-0.013190012066724974
1217,121.7,0,0.1,-3.2141931691571313,1.0073329468185044,0.07306191481343453
1217,121.7,1,0.2,-2.90445804699359,1.0007149208851163,0.007146654509165146
1217,121.7,2,0.3,-3.1583720535663904,0.9985900322520875,-0.014109626877694927
1218,121.8,0,0.1,-3.2068641695824818,1.0073559224243598,0.07328999574649914
1218,121.8,1,0.2,-2.9039602748065705,1.000497896096153,0.004977721870194357
1218,121.8,2,0.3,-3.1598842984328175,0.9984888979996707,-0.015122448664271787
1219,121.9,0,0.1,-3.199546638816146,1.0073443693186324,0.07317530766335165
1219,121.9,1,0.2,-2.9036565859387906,1.0003037349859123,0.0030368886777984625
1219,121.9,2,0.3,-3.161507306558776,0.9983783082394765,-0.016230081259583643
1220,122.0,0,0.1,-3.1922765430192177,1.0072965871025739,0.07270095796928691
1220,122.0,1,0.2,-2.9035218053866876,1.0001347896354096,0.0013478055210303863
1220,122.0,2,0.3,-3.163249999492693,0.9982588246737113,-0.01742692933917144
1221,122.10000000000001,0,0.1,-3.1850899963660173,1.0072124318508398,0.07186546653199785
1221,122.10000000000001,1,0.2,-2.9035299681320423,0.9999918372879602,-8.162745354755444e-05
1221,122.10000000000001,2,0.3,-3.1651201304289125,0.9981316166690534,-0.01870130936219301
1222,122.2,0,0.1,-3.178021703472569,1.0070933322360323,0.0706829289344886
1222,122.2,1,0.2,-2.903655847662366,0.9998741283921718,-0.0012587953032384296
1222,122.2,2,0.3,-3.16712385968257,0.9979982768716688,-0.02003729253657774
1223,122.3,0,0.1,-3.17110353993458,1.0069421493119572,0.06918163537989079
1223,122.3,1,0.2,-2.9038763128975495,0.9997795590654908,-0.0022046523518338833
1223,122.3,2,0.3,-3.1692655507588183,0.9978606007076951,-0.021416910762482973
1224,122.4,0,0.1,-3.164363407363132,1.006762898384446,0.06740132571447657
1224,122.4,1,0.2,-2.9041714095512274,0.9997049468830571,-0.0029509665367785914
1224,122.4,2,0.3,-3.171547789628755,0.9977203634571057,-0.02282238869936642
1225,122.5,0,0.1,-3.1578244615598132,1.006560371384207,0.0653894580331908
1225,122.5,1,0.2,-2.904525093163274,0.999646378926629,-0.0035368361204659374
1225,122.5,2,0.3,-3.1739716029234213,0.9975791217689498,-0.024238132946662595
1226,122.60000000000001,0,0.1,-3.1515047622236816,1.0063397107691845,0.06319699336131096
1226,122.60000000000001,1,0.2,-2.904925579002534,0.9995995943444895,-0.004004858392598556
1226,122.60000000000001,2,0.3,-3.176536831205591,0.9974380591043337,-0.02565228282169544
1227,122.7,0,0.1,-3.145417338597532,1.0061059896433036,0.060874236261500146
1227,122.7,1,0.2,-2.905365314553257,0.9995603611187841,-0.004397355507230999
1227,122.7,2,0.3,-3.179242600117186,0.9972978883817659,-0.027057689115951727
1228,122.8,0,0.1,-3.1395706163060924,1.0058638477318462,0.05846722291439898
1228,122.8,1,0.2,-2.905840618720272,0.9995248087721164,-0.004753041670149386
1228,122.8,2,0.3,-3.182087823744529,0.9971588201853087,-0.02845223627343236
1229,122.9,0,0.1,-3.133969113238486,1.005617220819889,0.05601503067605729
1229,122.9,1,0.2,-2.9063510636576084,0.999489685317517,-0.00510444937336497
1229,122.9,2,0.3,-3.185071670809805,0.9970206001819772,-0.029838470652754034
1230,123.0,0,0.1,-3.128614291047726,1.0053691848762054,0.05354822190760305
1230,123.0,1,0.2,-2.906898696359389,0.9994525172216386,-0.005476327017804073
1230,123.0,2,0.3,-3.1881939265537436,0.9968826134276085,-0.031222557439389398
1231,123.10000000000001,0,0.1,-3.1235054451306556,1.005121918322527,0.05108845917070068
1231,123.10000000000001,1,0.2,-2.907487205210858,0.999411664285899,-0.005885088514689438
1231,123.10000000000001,2,0.3,-3.19145519351208,0.9967440451963961,-0.03261266958336228
1232,123.2,0,0.1,-3.1186405284842658,1.0048767695667398,0.0486491664639016
1232,123.2,1,0.2,-2.908121130638853,0.9993662754602771,-0.00633925427995266
1232,123.2,2,0.3,-3.194856894382611,0.9966040783589484,-0.03401700870530904
1233,123.3,0,0.1,-3.114016830025271,1.0046344042464659,0.04623698458994948
1233,123.3,1,0.2,-2.908805199829195,0.9993161647316439,-0.0068406919034206815
1233,123.3,2,0.3,-3.1984010694241483,0.9964620981335597,-0.035441750415376796
1234,123.4,0,0.1,-3.1096314607435818,1.0043949990851602,0.04385369281688937
1234,123.4,1,0.2,-2.9095438361268084,0.9992616364270244,-0.007386362976133301
1234,123.4,2,0.3,-3.2020899959842706,0.9963178691705753,-0.03688926560122004
1235,123.5,0,0.1,-3.105481635773595,1.004158447416717,0.04149824969987184
1235,123.5,1,0.2,-2.9103408587498962,0.9992032949150758,-0.007970226230878294
1235,123.5,2,0.3,-3.205925692597463,0.9961716502745823,-0.03835696613192714
1236,123.60000000000001,0,0.1,-3.1015647717148216,1.0039245449959222,0.039168640587728946
1236,123.60000000000001,1,0.2,-2.9111993533890526,0.9991418737619353,-0.008584946391562532
1236,123.60000000000001,2,0.3,-3.2099093967028627,0.9960242203174555,-0.0398370410539927
1237,123.7,0,0.1,-3.097878441926179,1.0036931326589373,0.036863297886429044
1237,123.7,1,0.2,-2.912121664859214,0.999078113728331,-0.009223114701613602
1237,123.7,2,0.3,-3.214041115799624,0.9958768047112185,-0.041317190967615894
1238,123.8,0,0.1,-3.0944202452106415,1.0034641831765967,0.034581967155375724
1238,123.8,1,0.2,-2.9131094441830796,0.9990127083695396,-0.009877793238657902
1238,123.8,2,0.3,-3.2183193417984763,0.9957309125730593,-0.04278225998852546
1239,123.9,0,0.1,-3.091187644299213,1.0032378314002637,0.032326009114280206
1239,123.9,1,0.2,-2.914163677573922,0.9989463221179496,-0.010542333908424507
1239,123.9,2,0.3,-3.2227409869044275,0.9955881159747928,-0.04421645105950734
1240,124.0,0,0.1,-3.088177820746011,1.0030143576198853,0.03009823553202289
1240,124.0,1,0.2,-2.915284634638852,0.9988796709727512,-0.011209570649298254
1240,124.0,2,0.3,-3.227301551297162,0.9954498191900591,-0.04560564392734705
1241,124.10000000000001,0,0.1,-3.0853875749173136,1.0027941421876803,0.027902458286972305
1241,124.10000000000001,1,0.2,-2.9164716959610653,0.9988136429563765,-0.011870613222132552
1241,124.10000000000001,2,0.3,-3.23199547758532,0.9953170729672136,-0.04693926288157834
1242,124.2,0,0.1,-3.08281327771953,1.0025776135459599,0.02574297197783939
1242,124.2,1,0.2,-2.9177230518235087,0.9987494267568248,-0.012513558624434751
1242,124.2,2,0.3,-3.236816596763449,0.9951904837630595,-0.048211191781291594
1243,124.3,0,0.1,-3.080450859360593,1.0023652110679377,0.023624183589371583
1243,124.3,1,0.2,-2.9190352982864205,0.9986886141559885,-0.013122464629119115
1243,124.3,2,0.3,-3.241758537524107,0.9950702505374239,-0.049419407606581846
1244,124.4,0,0.1,-3.0782958045708537,1.0021573785893179,0.02155054789738913
1244,124.4,1,0.2,-2.920402987614862,0.9986332455323599,-0.013676893284414404
1244,124.4,2,0.3,-3.2468149646226285,0.9949563351095276,-0.05056427098521179
1245,124.5,0,0.1,-3.076343117226647,1.0019545950796735,0.019526873442067272
1245,124.5,1,0.2,-2.9218182113120177,0.9985857772596524,-0.014152236971557125
1245,124.5,2,0.3,-3.251979536409309,0.9948487416848689,-0.05164571786680688
1246,124.60000000000001,0,0.1,-3.0745872223665542,1.0017574373461549,0.01755894860092716
1246,124.60000000000001,1,0.2,-2.92327030165484,0.9985489634302401,-0.014520903428219972
1246,124.60000000000001,2,0.3,-3.257245523691775,0.9947478537223872,-0.05265987282465629
1247,124.7,0,0.1,-3.0730217898966083,1.0015666583989746,0.01565432469945982
1247,124.7,1,0.2,-2.9247457300519155,0.9985256595122918,-0.014754283970757903
1247,124.7,2,0.3,-3.2626051023949905,0.9946547582140083,-0.053595787032157664
1248,124.8,0,0.1,-3.071639488925307,1.0013832567896477,0.013823009713012877
1248,124.8,1,0.2,-2.926228258875199,0.9985185695797005,-0.014825288232836752
1248,124.8,2,0.3,-3.268048407223282,0.994571483111514,-0.054433048282918936
1249,124.9,0,0.1,-3.070431709417433,1.0012085091672702,0.01207779507874104
1249,124.9,1,0.2,-2.9276993712220816,0.9985299692084578,-0.014711123468823384
1249,124.9,2,0.3,-3.273562497516081,0.9945010843987283,-0.05514090292798342
1250,125.0,0,0.1,-3.069388312095699,1.0010439418500892,0.010433973217339226
1250,125.0,1,0.2,-2.9291389656426077,0.9985614412984568,-0.014395944205261843
1250,125.0,2,0.3,-3.2791304265503327,0.9944475431532802,-0.05567929034252167
1251,125.10000000000001,0,0.1,-3.06849748166662,1.000891227336356,0.008908304290788167
1251,125.10000000000001,1,0.2,-2.930526266292131,0.9986136612071764,-0.01387300649523186
1251,125.10000000000001,2,0.3,-3.284730613258399,0.9944154651061923,-0.05600186708065691
1252,125.2,0,0.1,-3.0677457575266405,1.000752006755383,0.007517241399797464
1252,125.2,1,0.2,-2.931840869043957,0.9986862609598508,-0.013146027518261187
1252,125.2,2,0.3,-3.290336688553221,0.9944096094216952,-0.05606075294822473
1253,125.3,0,0.1,-3.067118298135838,1.000627656284625,0.006274593908024785
1253,125.3,1,0.2,-2.9330638253888024,0.9987777911615116,-0.012229563448454413
1253,125.3,2,0.3,-3.2959179313808447,0.9944343033723078,-0.0558124282762394
1254,125.4,0,0.1,-3.066599402056407,1.0005190307292904,0.00518896079431075
1254,125.4,1,0.2,-2.9341786610648097,0.9988857855224188,-0.011148356760072468
1254,125.4,2,0.3,-3.3014403316266874,0.9944928201757526,-0.05522400245842247
1255,125.5,0,0.1,-3.066173265843834,1.0004262270215072,0.004261362125728383
1255,125.5,1,0.2,-2.9351722355616756,0.9990069189348407,-0.009935744968659354
1255,125.5,2,0.3,-3.306868230646074,0.9945868054077509,-0.054278990193868705
1256,125.60000000000001,0,0.1,-3.0658249149528127,1.000348411572239,0.0034835089102133537
1256,125.60000000000001,1,0.2,-2.9360353698628434,0.9991372380920938,-0.00863134301167727
1256,125.60000000000001,2,0.3,-3.312166408889584,0.9947158323483816,-0.05298178243509525
1257,125.7,0,0.1,-3.0655412079922897,1.0002837472091488,0.002837069605230608
1257,125.7,1,0.2,-2.9367631990922907,0.9992724355739985,-0.007278292294472935
1257,125.7,2,0.3,-3.317302425855306,0.9948771498181613,-0.0513601696572226
1258,125.8,0,0.1,-3.065311795221701,1.0002294390877111,0.0022941277058886795
1258,125.8,1,0.2,-2.9373552390874473,0.9994081352259401,-0.005920399951567016
1258,125.8,2,0.3,-3.3222489791180188,0.9950656607844339,-0.04946553262713153
1259,125.9,0,0.1,-3.0651299139382364,1.000181897824868,0.0018188128346439795
1259,125.9,1,0.2,-2.9378151861758743,0.9995401586710199,-0.004599470884269648
1259,125.9,2,0.3,-3.326986040581096,0.9952741407171227,-0.04737061463076882
1260,126.0,0,0.1,-3.064992926369359,1.0001369969521028,0.0013698756887726372
1260,126.0,1,0.2,-2.938150493271011,0.9996647491140048,-0.0033530709513664675
1260,126.0,2,0.3,-3.331502548516272,0.9954936761488542,-0.04516507935176141
1261,126.10000000000001,0,0.1,-3.064902544824062,1.0000903856298322,0.0009038154529727233
1261,126.10000000000001,1,0.2,-2.9383717800711366,0.9997787376819925,-0.0022128680012565628
1261,126.10000000000001,2,0.3,-3.335797478151841,0.9957142803845374,-0.04294929635568845
1262,126.2,0,0.1,-3.0648647352678338,1.0000378102710183,0.00037809556228121026
1262,126.2,1,0.2,-2.9384921398404935,0.9998796474735895,-0.0012035976935687717
1262,126.2,2,0.3,-3.339880173389112,0.9959256276324967,-0.040826952372710154
1263,126.3,0,0.1,-3.064889333717653,0.99997540185272,-0.0002459844981928112
1263,126.3,1,0.2,-2.9385264010726235,0.9999657393547795,-0.0003426123213001925
1263,126.3,2,0.3,-3.3437698886604066,0.9961178398721913,-0.038897152712948906
1264,126.4,0,0.1,-3.064989440733543,0.9998998979946502,-0.0010010701589012994
1264,126.4,1,0.2,-2.9384903918736245,1.0000360098473382,0.0003600919899903991
1264,126.4,2,0.3,-3.347494555162772,0.9962822614637881,-0.03724666502365041
1265,126.5,0,0.1,-3.0651806724050084,0.9998087866121455,-0.0019123167146518603
1265,126.5,1,0.2,-2.9384002415618324,1.0000901543754537,0.0009015031179205282
1265,126.5,2,0.3,-3.3510888444920774,0.9964121623964816,-0.03594289329305704
1266,126.60000000000001,0,0.1,-3.0654803413116642,0.9997003759895859,-0.0029966890665586664
1266,126.60000000000001,1,0.2,-2.9382717411978065,1.0001285086205511,0.0012850036402588542
1266,126.60000000000001,2,0.3,-3.354591652851152,0.9965033193173459,-0.035028083590741624
1267,126.7,0,0.1,-3.0659066226428116,0.9995738095138303,-0.004262813311473288
1267,126.7,1,0.2,-2.9381197752754247,1.0001519774697876,0.0015196592238187786
1267,126.7,2,0.3,-3.358043170624746,0.9965544318668116,-0.03451517773594511
1268,126.8,0,0.1,-3.066477736968102,0.9994290487294533,-0.005711143252904774
1268,126.8,1,0.2,-2.937957832122616,1.0001619562663087,0.0016194315280860605
1268,126.8,2,0.3,-3.3614817362017333,0.9965673395193341,-0.034385655769872694
1269,126.9,0,0.1,-3.0672111607931782,0.9992668450644366,-0.007334238250761778
1269,126.9,1,0.2,-2.937797600677448,1.0001602442829118,0.0016023144516806608
1269,126.9,2,0.3,-3.3649406997485913,0.9965470117760911,-0.034589635468577455
1270,127.0,0,0.1,-3.068122865818237,0.999088710451694,-0.009117050250587141
1270,127.0,1,0.2,-2.9376486647800832,1.0001489469888662,0.0014893589736476322
1270,127.0,2,0.3,-3.368445540528018,0.9965012940057769,-0.03504840779426676
1271,127.10000000000001,0,0.1,-3.069226590631655,0.998896884066781,-0.011037248134181556
1271,127.10000000000001,1,0.2,-2.937518310449637,1.0001303628269411,0.0013035433044626952
1271,127.10000000000001,2,0.3,-3.3720114863295434,0.996440404632527,-0.03565945801525279
1272,127.2,0,0.1,-3.070533162637698,0.9986942811875339,-0.013065720060430795
1272,127.2,1,0.2,-2.9374114638600815,1.0001068522978558,0.0010684658955551537
1272,127.2,2,0.3,-3.3756418699503987,0.9963761982544423,-0.036303836208555325
1273,127.3,0,0.1,-3.0720499075772305,0.9984844047367448,-0.015167449395324413
1273,127.3,1,0.2,-2.9373307752845346,1.0000806918309577,0.0008068857554688794
1273,127.3,2,0.3,-3.3793274195531415,0.9963212336992369,-0.0368554960274302
1274,127.4,0,0.1,-3.0737802011748214,0.9982712024973569,-0.017302935975907676
1274,127.4,1,0.2,-2.9372768556097038,1.0000539211285226,0.0005391967483081113
1274,127.4,2,0.3,-3.3830466131764756,0.9962877140110066,-0.037191936233337435
1275,127.5,0,0.1,-3.075723224701313,0.9980588629217185,-0.01943023526491782
1275,127.5,1,0.2,-2.937248657226943,1.000028198780339,0.00028198382760803936
1275,127.5,2,0.3,-3.3867671329831777,0.9962863927516866,-0.037205198067022834
1276,127.60000000000001,0,0.1,-3.0778739787226757,0.9978515571928197,-0.021507540213623718
1276,127.60000000000001,1,0.2,-2.937243972119984,1.000004685117934,4.6851069588345505e-05
1276,127.60000000000001,2,0.3,-3.390448338509477,0.9963255618042389,-0.036812055262990445
1277,127.7,0,0.1,-3.0802235863703036,0.9976531505197944,-0.023496076476280606
1277,127.7,1,0.2,-2.937260000346268,0.9999839719021674,-0.0001602822628399372
1277,127.7,2,0.3,-3.3940445538765163,0.9964102432709065,-0.03596215367039451
1278,127.8,0,0.1,-3.082759882991106,0.997466917061947,-0.025362966208023807
1278,127.8,1,0.2,-2.937293926350541,0.9999660745712073,-0.0003392600427299024
1278,127.8,2,0.3,-3.3975088515041123,0.9965416961280479,-0.03464297627596233
1279,127.9,0,0.1,-3.085468250416166,0.9972952968931412,-0.027083674250600785
1279,127.9,1,0.2,-2.9373434330884503,0.999950494487529,-0.0004950673790915095
1279,127.9,2,0.3,-3.4007969371936126,0.9967173141442572,-0.032880856895000615
1280,128.0,0,0.1,-3.0883326202149357,0.9971397285943641,-0.028643697987697465
1280,128.0,1,0.2,-2.9374070879853282,0.9999363471290521,-0.0006365489687798849
1280,128.0,2,0.3,-3.403870718972741,0.996930937451551,-0.03073781779128379
1281,128.1,0,0.1,-3.0913365490566957,0.9970005784381708,-0.030039288417602103
1281,128.1,1,0.2,-2.93748455129783,0.9999225396877032,-0.0007746331250180645
1281,128.1,2,0.3,-3.4067011864298036,0.9971735345392193,-0.02830467457062885
1282,128.2,0,0.1,-3.0944642652787957,0.9968771699867305,-0.0312771622210013
1282,128.2,1,0.2,-2.937576584684556,0.9999079708482164,-0.0009203338672581464
1282,128.2,2,0.3,-3.4092703358137566,0.9974341480558491,-0.02569149383953175
1283,128.3,0,0.1,-3.0977015989197696,0.9967679008734309,-0.03237333640973158
1283,128.3,1,0.2,-2.937684871232983,0.9998917193143496,-0.0010828654842718092
1283,128.3,2,0.3,-3.411572030239925,0.997700952441298,-0.023016944261677094
1284,128.4,0,0.1,-3.101036733147368,0.9966704211548615,-0.03335134227598425
1284,128.4,1,0.2,-2.937811691441355,0.9998731878329711,-0.0012682020837174344
1284,128.4,2,0.3,-3.413611852206502,0.9979622570563976,-0.020398219665774868
1285,128.5,0,0.1,-3.104460745351007,0.9965818430414295,-0.03424012203639498
1285,128.5,1,0.2,-2.9379595257753643,0.9998521765929472,-0.00147834334009564
1285,128.5,2,0.3,-3.41540615039173,0.9982073106054005,-0.01794298185228018
1286,128.6,0,0.1,-3.107967932634083,0.996498955714597,-0.035071872830762844
1286,128.6,1,0.2,-2.9381306675161123,0.9998288729031646,-0.0017114174074795848
1286,128.6,2,0.3,-3.4169805725177524,0.9984268166263013,-0.01574422126022413
1287,128.7,0,0.1,-3.111555932543381,0.9964184292707794,-0.03587999909297794
1287,128.7,1,0.2,-2.938326926278073,0.9998037604955303,-0.0019625876196062157
1287,128.7,2,0.3,-3.418368393325162,0.9986131417705404,-0.013878208074094801
1288,128.8,0,0.1,-3.115225653266339,0.9963370044730885,-0.03669720722957291
1288,128.8,1,0.2,-2.938549482797497,0.9997774682444409,-0.0022255651942421563
1288,128.8,2,0.3,-3.419608892970942,0.9987602694558493,-0.01240499645779709
1289,128.9,0,0.1,-3.11898102072762,0.996251675112528,-0.037553674612811255
1289,128.9,1,0.2,-2.93879892293467,0.9997505909704318,-0.0024944013717266597
1289,128.9,2,0.3,-3.420745936317345,0.9988636028424442,-0.011370433464033639
1290,129.0,0,0.1,-3.122828539448388,0.9961598734957823,-0.03847518720768269
1290,129.0,1,0.2,-2.9390754397841334,0.9997235213777969,-0.002765168494636307
1290,129.0,2,0.3,-3.421826779646088,0.9989197405720205,-0.010808433287428702
1291,129.1,0,0.1,-3.1267766577052916,0.9960596653151246,-0.039481182569038896
1291,129.1,1,0.2,-2.939379155434108,0.9996963304669547,-0.003037156499745736
1291,129.1,2,0.3,-3.4229010232216983,0.998926333217462,-0.010742435756104285
1292,129.2,0,0.1,-3.1308349321206514,0.9959499492518614,-0.040582744153601163
1292,129.2,1,0.2,-2.939710486227382,0.9996687240907113,-0.0033133079327420595
1292,129.2,2,0.3,-3.4240195641312874,0.9988820844241187,-0.011185409095891356
1293,129.3,0,0.1,-3.135013005164244,0.9958306429606602,-0.04178073043591573
1293,129.3,1,0.2,-2.9400704634395303,0.9996400875718745,-0.0035997721214800636
1293,129.3,2,0.3,-3.4252333985039356,0.9987869020263083,-0.012138343726479388
1294,129.4,0,0.1,-3.139319438893069,0.9957028256604878,-0.04306433728825244
1294,129.4,1,0.2,-2.940460927917381,0.9996096117434826,-0.0039046447785076044
1294,129.4,2,0.3,-3.4265921734026117,0.998642147817968,-0.013587748986761622
1295,129.5,0,0.1,-3.1437604827108534,0.9955688030351496,-0.04441043817784682
1295,129.5,1,0.2,-2.9408845412409588,0.9995764763878783,-0.004236133235777892
1295,129.5,2,0.3,-3.4281424791685646,0.9984508953372586,-0.015503057659530299
1296,129.6,0,0.1,-3.1483388824914056,0.9954320651148065,-0.045783997805524494
1296,129.6,1,0.2,-2.9413445924232287,0.9995400546250491,-0.004600511822699088
1296,129.6,2,0.3,-3.4299259760524325,0.9982180926016115,-0.0178349688386802
1297,129.7,0,0.1,-3.1530528538638447,0.9952971219525601,-0.047139713724393864
1297,129.7,1,0.2,-2.9418446203599786,0.9995000970563848,-0.005000279367499978
1297,129.7,2,0.3,-3.4319775359876017,0.9979505430755181,-0.020515599351692615
1298,129.8,0,0.1,-3.157895337715857,0.9951692220700475,-0.04842483852011146
1298,129.8,1,0.2,-2.942387909494838,0.9994568584199598,-0.005432891348594468
1298,129.8,2,0.3,-3.4343236283713727,0.9976566575400201,-0.023460923837705032
1299,129.9,0,0.1,-3.162853629961656,0.9950539797940338,-0.04958292245799194
1299,129.9,1,0.2,-2.942976941712357,0.9994111412279015,-0.0058903221751863705
1299,129.9,2,0.3,-3.4369811757126705,0.9973459808115349,-0.02657547341297901
1300,130.0,0,0.1,-3.1679094346637657,0.9949569543669727,-0.050558047021101546
1300,130.0,1,0.2,-2.9436128961831574,0.9993642477053833,-0.006359544708005955
1300,130.0,2,0.3,-3.439957052025391,0.9970285472181459,-0.029758763127205073
1301,130.1,0,0.1,-3.1730393381904474,0.9948832319575606,-0.051299035266819254
1301,130.1,1,0.2,-2.9442952793064507,0.9993178496471207,-0.006823831232934229
1301,130.1,2,0.3,-3.443248306724143,0.996714155542872,-0.03291254698752431
1302,130.2,0,0.1,-3.1782156525019505,0.9948370597174129,-0.051763143115034105
1302,130.2,1,0.2,-2.9450217414501116,0.9992738016660756,-0.007264621436609411
1302,130.2,2,0.3,-3.44684309029711,0.9964116699262077,-0.03594783572967257
1303,130.3,0,0.1,-3.1834075370497934,0.9948215699898634,-0.05191884547841737
1303,130.3,1,0.2,-2.9457881015302645,0.999233933498733,-0.00766360080152676
1303,130.3,2,0.3,-3.450722158686061,0.9961284454780909,-0.038790683889500306
1304,130.4,0,0.1,-3.188582286714754,0.9948386162869963,-0.05174749664960859
1304,130.4,1,0.2,-2.9465885621899046,0.99919985962353,-0.008004606596401686
1304,130.4,2,0.3,-3.4548607618363816,0.9958699490655537,-0.041386031503207875
1305,130.5,0,0.1,-3.1937066683670947,0.994888725592919,-0.051243816523410396
1305,130.5,1,0.2,-2.9474160653231873,0.9991728391530141,-0.008275031332827724
1305,130.5,2,0.3,-3.459230691600729,0.9956396044856681,-0.04369929764347606
1306,130.6,0,0.1,-3.198748197076921,0.9949711584661642,-0.05041528709826724
1306,130.6,1,0.2,-2.9482627165202437,0.9991537071109404,-0.008466511970564508
1306,130.6,2,0.3,-3.463802277978175,0.9954388474178363,-0.045715863774462955
1307,130.7,0,0.1,-3.2036762581026945,0.995084061944542,-0.049280610257736474
1307,130.7,1,0.2,-2.9491202016178857,0.999142882437645,-0.0085748509764199
1307,130.7,2,0.3,-3.4685461724203654,0.9952673400529417,-0.04743894442190747
1308,130.8,0,0.1,-3.2084629960927105,0.9952247001824873,-0.04786737990014855
1308,130.8,1,0.2,-2.9499801294970793,0.999140441752825,-0.008599278791934494
1308,130.8,2,0.3,-3.4734348256584573,0.9951232767786603,-0.04888653238090733
1309,130.9,0,0.1,-3.2130839050223354,0.9953897510441329,-0.0462090892962523
1309,130.9,1,0.2,-2.9508342597048096,0.9991462344576444,-0.008541302077303345
1309,130.9,2,0.3,-3.478443634026397,0.9950037147952611,-0.050088083679401055
1310,131.0,0,0.1,-3.2175180625201794,0.995575658864056,-0.04434157497844179
1310,131.0,1,0.2,-2.951674605763813,0.9991600069328606,-0.008403460590034528
1310,131.0,2,0.3,-3.483551773316988,0.9949048850667344,-0.05108139290591242
1311,131.1,0,0.1,-3.2217479660314017,0.9957790299303307,-0.04229903511222562
1311,131.1,1,0.2,-2.9524934379962344,0.9991815029192072,-0.008188322324214535
1311,131.1,2,0.3,-3.4887427513292097,0.9948224718314621,-0.05190978012221976
1312,131.2,0,0.1,-3.2257589532905233,0.9959970460062443,-0.04010987259121863
1312,131.2,1,0.2,-2.9532832361472723,0.9992105136574276,-0.00789798151037902
1312,131.2,2,0.3,-3.494004689546508,0.9947518815294268,-0.052619382172983335
1313,131.3,0,0.1,-3.2295382315652796,0.9962278542093396,-0.03779278274755467
1313,131.3,1,0.2,-2.954036656371914,0.9992468635251105,-0.00753420224641583
1313,131.3,2,0.3,-3.4993303028603373,0.9946885426239227,-0.05325613313828314
1314,131.4,0,0.1,-3.233073599255026,0.996470874364452,-0.03535367689746695
1314,131.4,1,0.2,-2.9547465762143448,0.9992903320910393,-0.007099198424307799
1314,131.4,2,0.3,-3.5047165044696187,0.9946282779663043,-0.053862016092816885
1315,131.5,0,0.1,-3.23635201210287,0.9967269552796417,-0.0327841284784399
1315,131.5,1,0.2,-2.955406265261537,0.9993405284997867,-0.0065968904719241744
1315,131.5,2,0.3,-3.51016354376444,0.994567768924534,-0.05447039294821686
1316,131.6,0,0.1,-3.2393582096404008,0.9969983165497408,-0.030061975375310124
1316,131.6,1,0.2,-2.9560097015018765,0.9993967457906922,-0.00603436240339351
1316,131.6,2,0.3,-3.515673605624064,0.9945050906879588,-0.055100618596240845
1317,131.7,0,0.1,-3.242073656639761,0.99728823649198,-0.027154469993605924
1317,131.7,1,0.2,-2.9565520197614727,0.9994578287683714,-0.005423182595963058
1317,131.7,2,0.3,-3.5212488661972716,0.9944402523491044,-0.055752605732081024
1318,131.8,0,0.1,-3.2444760516818176,0.9976004883993954,-0.024023950420558694
1318,131.8,1,0.2,-2.9570300458122207,0.9995220881855011,-0.00478026050747873
1318,131.8,2,0.3,-3.526889104592655,0.994375637886499,-0.05640238395382241
1319,131.9,0,0.1,-3.2465395999167246,0.9979385794169962,-0.020635482349070706
1319,131.9,1,0.2,-2.957442844520917,0.9995872864809683,-0.004127987086963949
1319,131.9,2,0.3,-3.532589090565877,0.9943162281254859,-0.05699985973222401
1320,132.0,0,0.1,-3.248236140823716,0.9983048974050329,-0.01696540906991658
1320,132.0,1,0.2,-2.95779219785292,0.9996507076847668,-0.0034935333200271966
1320,132.0,2,0.3,-3.538336075757543,0.9942694971380468,-0.05746985191666159
1321,132.1,0,0.1,-3.2495370789982596,0.9986999076786827,-0.013009381745435384
1321,132.1,1,0.2,-2.958082931190585,0.9997093089211762,-0.0029073333766539964
1321,132.1,2,0.3,-3.544107780070844,0.9942449199731732,-0.05771704313301091
1322,132.2,0,0.1,-3.2504159133732173,0.9991215516868686,-0.008788343749577765
1322,132.2,1,0.2,-2.9583230237432083,0.9997599362672872,-0.0024009255262315266
1322,132.2,2,0.3,-3.5498712619353503,0.9942530951347268,-0.05763481864506809
1323,132.3,0,0.1,-3.2508510310615044,0.9995649769616858,-0.004351176882869799
1323,132.3,1,0.2,-2.9585234673799503,0.9997995764507415,-0.002004436367419415
1323,132.3,2,0.3,-3.555582980790768,0.9943045619987553,-0.05711718855416359
1324,132.4,0,0.1,-3.2508283578274164,1.0000226734911277,0.00022673234088001104
1324,132.4,1,0.2,-2.95869787247621,0.9998256101114252,-0.0017440509625955439
1324,132.4,2,0.3,-3.5611902075533415,0.9944084643917573,-0.056072267625738435
1325,132.5,0,0.1,-3.2503434590290867,1.0004850163807564,0.004848987983297191
1325,132.5,1,0.2,-2.958861852938472,0.9998360329817991,-0.0016398046226219032
1325,132.5,2,0.3,-3.566633735967039,0.9945712607398702,-0.05443528413697639
1326,132.6,0,0.1,-3.249402765930862,1.0009411356887468,0.009406930982245855
1326,132.6,1,0.2,-2.9590322496201535,0.9998296178350086,-0.0017039668168151582
1326,132.6,2,0.3,-3.5718516301763428,0.9947956953541104,-0.0521789420930426
1327,132.7,0,0.1,-3.248023745629032,1.001379971587557,0.013790203018300924
1327,132.7,1,0.2,-2.959226267775101,0.9998060006653577,-0.0019401815494736179
1327,132.7,2,0.3,-3.576783554953706,0.9950802171943436,-0.049319247773634306
1328,132.8,0,0.1,-3.2462340053232293,1.0017913428468856,0.017897403058025157
1328,132.8,1,0.2,-2.959460608417236,0.9997656868134885,-0.0023434064213518012
1328,132.8,2,0.3,-3.5813751169903383,0.9954189630692818,-0.04591562036631313
1329,132.9,0,0.1,-3.2440694834044432,1.002166866187456,0.021645219187861452
1329,132.9,1,0.2,-2.959750666451283,0.9997099840287177,-0.002900580340470414
1329,132.9,2,0.3,-3.585581628859839,0.9958023231090644,-0.04206511869501179
1330,133.0,0,0.1,-3.2415719960382736,1.002500608685686,0.02497487366169757
1330,133.0,1,0.2,-2.960109853270806,0.99964087768034,-0.0035918681952298126
1330,133.0,2,0.3,-3.5893708003699647,0.99621799834145,-0.037891715101256926
1331,133.1,0,0.1,-3.238786458899017,1.0027894203526082,0.027855371392566025
1331,133.1,1,0.2,-2.9605490823701115,0.999560867347674,-0.0043922909930540766
1331,133.1,2,0.3,-3.5927240469580983,0.9966523692643405,-0.0335324658813382
1332,133.2,0,0.1,-3.235758089347524,1.0030329596949439,0.030283695514931652
1332,133.2,1,0.2,-2.9610764375762004,0.999472783821228,-0.005273552060889608
1332,133.2,2,0.3,-3.595636339538413,0.9970919440299745,-0.029122925803150557
1333,133.3,0,0.1,-3.2325298319102735,1.0032334738721125,0.032282574372499026
1333,133.3,1,0.2,-2.9616970279693304,0.9993796021332593,-0.0062059039312986385
1333,133.3,2,0.3,-3.5981147499712884,0.9975246582905526,-0.024784104328746587
1334,133.4,0,0.1,-3.229140166493637,1.0033954168290733,0.033896654166365156
1334,133.4,1,0.2,-2.962413022966862,0.9992842612657219,-0.007159949975315401
1334,133.4,2,0.3,-3.6001760198321238,0.9979408530969706,-0.020612698608354414
1335,133.5,0,0.1,-3.2256213815141224,1.0035249831712834,0.03518784979515055
1335,133.5,1,0.2,-2.9632238551099745,0.9991894964924409,-0.008108321431126626
1335,133.5,2,0.3,-3.6018435651906926,0.9983338442226886,-0.016675453585689285
1336,133.6,0,0.1,-3.221998341808867,1.0036296108470475,0.03623039705255444
1336,133.6,1,0.2,-2.964126575031134,0.9990976874078912,-0.009027199211595852
1336,133.6,2,0.3,-3.6031443222732715,0.9987000885352276,-0.013007570825790033
1337,133.7,0,0.1,-3.218287759511106,1.0037174750309696,0.03710582297761211
1337,133.7,1,0.2,-2.96511634033277,0.9990107243544787,-0.00989765301636026
1337,133.7,2,0.3,-3.6041057604746674,0.9990390238322276,-0.009614382013958802
1338,133.8,0,0.1,-3.214497977726813,1.003796972087637,0.03789781784292261
1338,133.8,1,0.2,-2.9661870152775682,0.9989298980231149,-0.010706749447979344
1338,133.8,2,0.3,-3.604753279203552,0.999352690866126,-0.006475187288844302
1339,133.9,0,0.1,-3.210629285723187,1.0038761850521853,0.03868692003626382
1339,133.9,1,0.2,-2.967331849942728,0.9988558204080382,-0.011448346651597536
1339,133.9,2,0.3,-3.605108104446606,0.9996452376999777,-0.003548252430541001
1340,134.0,0,0.1,-3.2066747821973203,1.0039623328919514,0.039545035258667954
1340,134.0,1,0.2,-2.9685441961643404,0.9987883883731772,-0.012123462216125503
1340,134.0,2,0.3,-3.6051857387094355,0.9999223687506319,-0.0007763426282947791
1341,134.1,0,0.1,-3.2026217766376117,1.0040612300943497,0.04053005559708786
1341,134.1,1,0.2,-2.9698182053462885,0.9987268020232188,-0.012740091819481604
1341,134.1,2,0.3,-3.604995002432994,1.0001907544677617,0.0019073627644151632
1342,134.2,0,0.1,-3.1984536644768875,1.0041768108216824,0.0416811216072445
1342,134.2,1,0.2,-2.9711494435761665,0.9986696474746628,-0.013312382298780935
1342,134.2,2,0.3,-3.6045377225605253,1.000457384440848,0.004572798724687115
1343,134.3,0,0.1,-3.194152138305765,1.0043107910143818,0.04301526171121582
1343,134.3,1,0.2,-2.9725353565067487,0.9986150470032304,-0.013859129305818963
1343,134.3,2,0.3,-3.6038091455372925,1.0007288424999419,0.007285770232326469
1344,134.4,0,0.1,-3.1896995235211367,1.0044625424029894,0.044526147846284704
1344,134.4,1,0.2,-2.973975523449432,0.9985608696000703,-0.014401669426834227
1344,134.4,2,0.3,-3.6027991444261245,1.001010511334051,0.010100011111680593
1345,134.5,0,0.1,-3.1850809756382,1.0046292298138821,0.04618547882936848
1345,134.5,1,0.2,-2.9754716585624768,0.9985049835391392,-0.014961351130447793
1345,134.5,2,0.3,-3.60149422874523,1.0013057674538186,0.013049156808944883
1346,134.6,0,0.1,-3.180286268398962,1.0048062202411299,0.04794707239238522
1346,134.6,1,0.2,-2.9770273457750083,0.9984455222415614,-0.015556872125316087
1346,134.6,2,0.3,-3.5998802465900446,1.0016152853253877,0.01613982155185581
1347,134.7,0,0.1,-3.1753109469632554,1.0049877188993288,0.04975321435706731
1347,134.7,1,0.2,-2.9786475293298054,0.9983811282340366,-0.016201835547971864
1347,134.7,2,0.3,-3.5979455118923513,1.0019366075044684,0.0193473469769334
1348,134.8,0,0.1,-3.1701567145026566,1.0051675383674845,0.05154232460597701
1348,134.8,1,0.2,-2.9803378176342243,0.998311139428317,-0.0169028830441859
1348,134.8,2,0.3,-3.595683937352897,1.0022641338281302,0.02261574539454011
1349,134.9,0,0.1,-3.164831044596581,1.0053398764947203,0.05325669906075828
1349,134.9,1,0.2,-2.9821036877166374,0.9982356881488146,-0.01765870082413124
1349,134.9,2,0.3,-3.5930976581686234,1.0025896264893492,0.025862791842736016
1350,135.0,0,0.1,-3.1593461376178866,1.0054999766202397,0.054849069786947265
1350,135.0,1,0.2,-2.983949694927411,0.9981556956125683,-0.01846007210773875
1350,135.0,2,0.3,-3.59019863909737,1.0029032252906955,0.02899019071253393
1351,135.1,0,0.1,-3.1537174372990022,1.0056445712160595,0.05628700318884725
1351,135.1,1,0.2,-2.985878793661399,0.9980727607810533,-0.019290987339878315
1351,135.1,2,0.3,-3.5870088894678056,1.0031948422942496,0.03189749629564712
1352,135.2,0,0.1,-3.147961972089122,1.0057720597208728,0.05755465209880455
1352,135.2,1,0.2,-2.9878918589743027,0.997988959544122,-0.02013065312903909
1352,135.2,2,0.3,-3.583559153646666,1.0034556930080278,0.034497358211395844
1353,135.3,0,0.1,-3.1420967769326866,1.0058824290905348,0.05865195156434132
1353,135.3,1,0.2,-2.989987468546028,0.9979065846849771,-0.020956095717248
1353,135.3,2,0.3,-3.5798862487218854,1.003679658305718,0.03672904924779949
1354,135.4,0,0.1,-3.1361375925730206,1.0059769756216954,0.05959184359666364
1354,135.4,1,0.2,-2.9921619649242466,0.9978278661263015,-0.021744963782187723
1354,135.4,2,0.3,-3.5760295140790888,1.0038641814141787,0.03856734642796897
1355,135.5,0,0.1,-3.130097951721182,1.0060579162564163,0.06039640851838956
1355,135.5,1,0.2,-2.9944097765540527,0.9977547128069152,-0.022478116298062678
1355,135.5,2,0.3,-3.5720270443282014,1.0040104903300793,0.040024697508875884
1356,135.6,0,0.1,-3.123988670448681,1.0061279809925558,0.06109281272501557
1356,135.6,1,0.2,-2.996723940252669,0.9976885119138627,-0.023141636986162766
1356,135.6,2,0.3,-3.5679124425592144,1.004123078364797,0.0411460176898727
1357,135.7,0,0.1,-3.1178176927631345,1.0061900573949734,0.061709776855466594
1357,135.7,1,0.2,-2.9990967437546185,0.9976300093710417,-0.02372803501949818
1357,135.7,2,0.3,-3.5637127348397226,1.0042085388503512,0.041997077194919796
1358,135.8,0,0.1,-3.111590201399994,1.0062469225022885,0.06227491363138964
1358,135.8,1,0.2,-3.0015203984227665,0.9975792800114651,-0.024236546681474277
1358,135.8,2,0.3,-3.5594478480225713,1.0042739943899188,0.04264886817150344
1359,135.9,0,0.1,-3.1053089107827954,1.0063010592923642,0.06281290617199088
1359,135.9,1,0.2,-3.003987659597598,0.9975357800123725,-0.024672611748314546
1359,135.9,2,0.3,-3.5551317233836013,1.0043254525201906,0.04316124638970266
1360,136.0,0,0.1,-3.0989744890130346,1.006354526647847,0.06334421769761094
1360,136.0,1,0.2,-3.006492332443969,0.9974984612295049,-0.025046728463712677
1360,136.0,2,0.3,-3.5507747908821754,1.0043664377313717,0.043569325014261286
1361,136.1,0,0.1,-3.0925860964860017,1.0064088418294375,0.06388392527033301
1361,136.1,1,0.2,-3.009029629100403,0.9974659195599872,-0.025372966564340182
1361,136.1,2,0.3,-3.546387239805751,1.0043971904712714,0.04387551076424661
1362,136.2,0,0.1,-3.0861420591049487,1.0064648448606512,0.06444037381053402
1362,136.2,1,0.2,-3.0115963717870424,0.9974365485808224,-0.025667426866397353
1362,136.2,2,0.3,-3.541982355808458,1.0044145997591707,0.04404883997293025
1363,136.3,0,0.1,-3.07964069861605,1.0065225402071185,0.06501360488897344
1363,136.3,1,0.2,-3.0141910600564494,0.9974086750246721,-0.025946882694064186
1363,136.3,2,0.3,-3.537579189371034,1.0044128746184446,0.044031664374232206
1364,136.4,0,0.1,-3.0730813157389596,1.0065809427429808,0.0655938287709061
1364,136.4,1,0.2,-3.0168138342577904,0.9973806622658989,-0.026227742013410875
1364,136.4,2,0.3,-3.533203976947276,1.0043847976396547,0.04375212423758405
1365,136.5,0,0.1,-3.0664652698878867,1.0066379802286924,0.0661604585107327
1365,136.5,1,0.2,-3.0194663700630153,0.9973509790594192,-0.026525358052251046
1365,136.5,2,0.3,-3.528890015377966,1.0043232800966246,0.04313961569309988
1366,136.6,0,0.1,-3.0597970389208946,1.0066905131190849,0.06668230966992474
1366,136.6,1,0.2,-3.0221517321122215,0.9973182403101936,-0.026853620492063718
1366,136.6,2,0.3,-3.5246760247943345,1.0042228819269094,0.04213990583631828
1367,136.70000000000002,0,0.1,-3.053085095189192,1.00673451930643,0.0671194373170117
1367,136.70000000000002,1,0.2,-3.0248742023588404,0.9972812323147032,-0.0272247024661825
1367,136.70000000000002,2,0.3,-3.5206033459245396,1.0040809834965818,0.04072678869793973
1368,136.8,0,0.1,-3.0463424200450446,1.0067654581555603,0.06742675144147664
1368,136.8,1,0.2,-3.0276390855008306,0.9972389356271102,-0.027648831419903503
1368,136.8,2,0.3,-3.516712535300259,1.0038983896542735,0.03890810624280982
1369,136.9,0,0.1,-3.039586509315034,1.006778783374409,0.06755910730010968
1369,136.9,1,0.2,-3.0304524845330088,0.9971905548660452,-0.028133990321783032
1369,136.9,2,0.3,-3.513040004986739,1.003679282316086,0.03672530313519871
1370,137.0,0,0.1,-3.032838795782053,1.0067705306441812,0.06747713532981364
1370,137.0,1,0.2,-3.0333210368186116,0.9971355580793,-0.02868552285603062
1370,137.0,2,0.3,-3.5096152965388363,1.003430579462137,0.03424708447903075
1371,137.1,0,0.1,-3.0261235171393728,1.0067378766820285,0.06715278642680671
1371,137.1,1,0.2,-3.0362516056141144,0.9970737211295666,-0.029305687955029636
1371,137.1,2,0.3,-3.506459408894702,1.003160872700258,0.03155887644134394
1372,137.20000000000002,0,0.1,-3.019466165577055,1.006679560985187,0.06657351562316101
1372,137.20000000000002,1,0.2,-3.039250931766721,0.9970051673324796,-0.029993261526059918
1372,137.20000000000002,2,0.3,-3.503584365070976,1.0028791807258617,0.028750438237252887
1373,137.3,0,0.1,-3.012891741850902,1.006596082688869,0.06574423726153729
1373,137.3,1,0.2,-3.042325261776487,0.9969303909036175,-0.030743300097661547
1373,137.3,2,0.3,-3.5009939579414167,1.002593765133014,0.02590407129559638
1374,137.4,0,0.1,-3.006423080751209,1.0064896280729378,0.06468661099693053
1374,137.4,1,0.2,-3.0454799775869184,0.9968502550768714,-0.03154715810431431
1374,137.4,2,0.3,-3.498685410325497,1.0023112143636768,0.023085476159196074
1375,137.5,0,0.1,-3.000079505147951,1.006363738691786,0.06343575603258517
1375,137.5,1,0.2,-3.048719257229578,0.9967659611633031,-0.03239279642659649
1375,137.5,2,0.3,-3.4966515537198664,1.0020359262948897,0.020338566056309394
1376,137.6,0,0.1,-2.9938760040803074,1.0062227826308374,0.0620350106764391
1376,137.6,1,0.2,-3.0520457925628786,0.9966789914553099,-0.03326535333300929
1376,137.6,2,0.3,-3.49488308901334,1.0017700293624459,0.017684647065264632
1377,137.70000000000002,0,0.1,-2.9878230305657123,1.0060713297767463,0.0605297351459373
1377,137.70000000000002,1,0.2,-3.0554605818315843,0.9965910344933098,-0.03414789268704977
1377,137.70000000000002,2,0.3,-3.4933705379905957,1.001513695504999,0.015125510227439356
1378,137.8,0,0.1,-2.9819268989830627,1.0059135479794332,0.058961315826499015
1378,137.8,1,0.2,-3.058962803559239,0.9965039038976745,-0.035022217276547744
1378,137.8,2,0.3,-3.492105606723142,1.001265731630442,0.012649312674538223
1379,137.9,0,0.1,-2.9761906547992805,1.0057527279356535,0.05736244183782595
1379,137.9,1,0.2,-3.0625497682325222,0.9964194607995566,-0.03586964673283548
1379,137.9,2,0.3,-3.491081830836355,1.0010243001242052,0.010237758867868733
1380,138.0,0,0.1,-2.9706152128726626,1.0055910136292134,0.055754419266181694
1380,138.0,1,0.2,-3.0662169388260865,0.9963395452646095,-0.03667170593564459
1380,138.0,2,0.3,-3.490294524445929,1.0007876163974538,0.007873063904262793
1381,138.1,0,0.1,-2.9652005287970304,1.0054293699719832,0.05414684075632478
1381,138.1,1,0.2,-3.069958012298005,0.9962659156251511,-0.03741073471918756
1381,138.1,2,0.3,-3.489740179400753,1.0005544987227857,0.005543450451757396
1382,138.20000000000002,0,0.1,-2.9599465845986543,1.005267770366563,0.05253944198374909
1382,138.20000000000002,1,0.2,-3.0737650611844516,0.9962001887365907,-0.03807048886445697
1382,138.20000000000002,2,0.3,-3.489415538972557,1.000324693129603,0.003246404281961696
1383,138.3,0,0.1,-2.9548540286824756,1.0051055450189421,0.05092555916179032
1383,138.3,1,0.2,-3.077628744292129,0.9961437713123048,-0.038636831076777046
1383,138.3,2,0.3,-3.489316592258016,1.0000989516099286,0.000989467145409207
1384,138.4,0,0.1,-2.9499243947346083,1.0049418045840062,0.04929633947867554
1384,138.4,1,0.2,-3.0815386034932617,0.9960977743464144,-0.03909859201132848
1384,138.4,2,0.3,-3.489437706274106,0.9998788933179162,-0.001211140160899473
1385,138.5,0,0.1,-2.9451599152623587,1.0047758476518858,0.047644794722499426
1385,138.5,1,0.2,-3.0854834647901397,0.9960629094469207,-0.039448612968782125
1385,138.5,2,0.3,-3.4897710451654107,0.9996667166599309,-0.00333338891304732
1386,138.6,0,0.1,-2.9405630229885205,1.004607474191559,0.04596892273838455
1386,138.6,1,0.2,-3.0894519526337776,0.9960393761980205,-0.03968487843638128
1386,138.6,2,0.3,-3.4903063383532498,0.9994648500559992,-0.005352931878391003
1387,138.70000000000002,0,0.1,-2.9361356828630605,1.0044371552754099,0.04427340125458971
1387,138.70000000000002,1,0.2,-3.0934331064299285,0.9960267604904759,-0.039811537961500325
1387,138.70000000000002,2,0.3,-3.4910309712293914,0.9992756296068559,-0.0072463287614149725
1388,138.8,0,0.1,-2.931878712456204,1.0042660441763993,0.04256970406856706
1388,138.8,1,0.2,-3.0974170604606632,0.9960239713857999,-0.039839540307349305
1388,138.8,2,0.3,-3.491930300518707,0.9991010749860687,-0.008993292893154049
1389,138.9,0,0.1,-2.927791230993098,1.004095846609038,0.040874814631062344
1389,138.9,1,0.2,-3.101395719727999,0.9960292451110293,-0.039786592673360974
1389,138.9,2,0.3,-3.492988054931462,0.998942804812252,-0.01057754412755301
1390,139.0,0,0.1,-2.923870336248654,1.0039285915083556,0.03920894744444459
1390,139.0,1,0.2,-3.105363343082652,0.9960402372634619,-0.03967623354653286
1390,139.0,2,0.3,-3.494186677818168,0.9988020951747827,-0.011986228867058706
1391,139.1,0,0.1,-2.9201110566183686,1.003766354584754,0.03759279630285431
1391,139.1,1,0.2,-3.1093169396593385,0.9960542085967024,-0.03953596576686594
1391,139.1,2,0.3,-3.495507503226134,0.9986800464979921,-0.013208254079662614
1392,139.20000000000002,0,0.1,-2.9165065756139037,1.0036109849582322,0.03604481004464046
1392,139.20000000000002,1,0.2,-3.113256400356788,0.9960682887982261,-0.039394606974485415
1392,139.20000000000002,2,0.3,-3.4969307238001837,0.9985777917240534,-0.014232205740493204
1393,139.3,0,0.1,-2.913048687402898,1.0034638736033965,0.03457888211005874
1393,139.3,1,0.2,-3.1171843230832392,0.9960797814715555,-0.03927922726451484
1393,139.3,2,0.3,-3.498435195010557,0.9984966599391061,-0.015044712103736447
1394,139.4,0,0.1,-2.9097284195165507,1.003325786081371,0.033202678863475055
1394,139.4,1,0.2,-3.121105543052932,0.9960864579744183,-0.03921219969692969
1394,139.4,2,0.3,-3.499998206062704,0.9984382098134693,-0.015630110521468232
1395,139.5,0,0.1,-2.9065367520532965,1.0031967662569605,0.031916674632543475
1395,139.5,1,0.2,-3.1250264368049936,0.9960867829154361,-0.03920893752061839
1395,139.5,2,0.3,-3.5015954114359187,0.9984040694804625,-0.015972053732148182
1396,139.6,0,0.1,-2.9034653672571213,1.0030761063311042,0.030713847961753662
1396,139.6,1,0.2,-3.128954117377803,0.9960800226759317,-0.03927680572809457
1396,139.6,2,0.3,-3.5032011375942163,0.9983955623302044,-0.016057261582976625
1397,139.70000000000002,0,0.1,-2.9005073730921858,1.0029623733464752,0.029579941649349118
1397,139.70000000000002,1,0.2,-3.132895665465896,0.9960662096167693,-0.03941548088092431
1397,139.70000000000002,2,0.3,-3.5047892429003986,0.99841315506576,-0.015881053061820024
1398,139.8,0,0.1,-2.897657953764691,1.002853482781325,0.028494193274949908
1398,139.8,1,0.2,-3.1368575388295703,0.9960459645023065,-0.039618733636743765
1398,139.8,2,0.3,-3.5063346126094386,0.9984558237598662,-0.015453697090400443
1399,139.9,0,0.1,-2.8949149058523633,1.002746813510537,0.027430479123277566
1399,139.9,1,0.2,-3.1408452678647585,0.996020211397969,-0.03987729035188408
1399,139.9,2,0.3,-3.5078152273731273,0.9985204808055785,-0.014806147636888542
1400,140.0,0,0.1,-2.892279020827725,1.0026393620238887,0.026358850246383347
1400,140.0,1,0.2,-3.1448634849059416,0.9959898451906979,-0.040182170411833314
1400,140.0,2,0.3,-3.509214580340773,0.9986016256701787,-0.013993529676455637
1401,140.1,0,0.1,-2.889754276210393,1.0025279344689788,0.0252474461733213
1401,140.1,1,0.2,-3.1489162611035817,0.9959554252165741,-0.04052776197640337
1401,140.1,2,0.3,-3.5105240729924962,0.9986913643596548,-0.01309492651723495
1402,140.20000000000002,0,0.1,-2.887347802729487,1.0024093713623052,0.02406473480905621
1402,140.20000000000002,1,0.2,-3.153007654219976,0.9959169652294437,-0.04091393116393462
1402,140.20000000000002,2,0.3,-3.511744934025987,0.998779883914151,-0.012208610334904502
1403,140.3,0,0.1,-2.8850696076244406,1.002280792163342,0.022781951050464728
1403,140.3,1,0.2,-3.1571423202441613,0.995873869938876,-0.04134666024185454
1403,140.3,2,0.3,-3.5128892107557617,0.9988563777052004,-0.011442767297747498
1404,140.4,0,0.1,-2.88293205619396,1.0021398376222004,0.02137551430480788
1404,140.4,1,0.2,-3.161326024174831,0.9958250355665491,-0.04183703930669818
1404,140.4,2,0.3,-3.5139794905175337,0.998910314377262,-0.01090279761772068
1405,140.5,0,0.1,-2.880949143220036,1.0019848802459497,0.019829129739240576
1405,140.5,1,0.2,-3.1655659060528096,0.9957690937315354,-0.04239881877978987
1405,140.5,2,0.3,-3.5150472061111318,0.9989328542118815,-0.01067715593598145
1406,140.6,0,0.1,-2.8791356179622833,1.0018151706892098,0.018135252577527936
1406,140.6,1,0.2,-3.1698704135071636,0.9957047436592692,-0.04304507454354201
1406,140.6,2,0.3,-3.5161296249974097,0.9989181667177363,-0.010824188862779754
1407,140.70000000000002,0,0.1,-2.8775060539163624,1.0016308925069168,0.01629564045920591
1407,140.70000000000002,1,0.2,-3.1742488891794682,0.9956310958776066,-0.043784756723036534
1407,140.70000000000002,2,0.3,-3.5172658621381,0.9988644081323118,-0.011362371406901854
1408,140.8,0,0.1,-2.8760739701061557,1.0014331097319031,0.014320838102067338
1408,140.8,1,0.2,-3.178710882053346,0.9955479470269077,-0.04461992873878083
1408,140.8,2,0.3,-3.51849243618759,0.9987741778849941,-0.012265740494897402
1409,140.9,0,0.1,-2.8748511088405344,1.0012236092653277,0.012228612656213918
1409,140.9,1,0.2,-3.1832653163099174,0.9954559214516984,-0.04554434256571575
1409,140.9,2,0.3,-3.519838968341488,0.9986543740137492,-0.013465321538982044
1410,141.0,0,0.1,-2.873846953663778,1.001004659509361,0.010041551767563954
1410,141.0,1,0.2,-3.1879196839501716,0.9953564471436455,-0.0465436764025444
1410,141.0,2,0.3,-3.5213245876925563,0.9985154836350864,-0.014856193510684746
1411,141.1,0,0.1,-2.8730685330836376,1.000778723628068,0.007784205801404818
1411,141.1,1,0.2,-3.1926794199736017,0.9952515735694024,-0.04759736023430432
1411,141.1,2,0.3,-3.5229554689017117,0.9983704479549358,-0.016308812091555363
1412,141.20000000000002,0,0.1,-2.872520507120622,1.0005481761566788,0.005480259630153836
1412,141.20000000000002,1,0.2,-3.1975475731519087,0.9951436770744306,-0.04868153178305915
1412,141.20000000000002,2,0.3,-3.524723722012632,0.9982333093275473,-0.017682531109200348
1413,141.3,0,0.1,-2.872205484216667,1.000315072528881,0.0031502290395526004
1413,141.3,1,0.2,-3.2025248126050143,0.9950351264786067,-0.049772394531058584
1413,141.3,2,0.3,-3.526607627422816,0.9981178680257766,-0.01883905410184124
1414,141.4,0,0.1,-2.87212447590095,1.000081011596979,0.0008100831571678419
1414,141.4,1,0.2,-3.2076097283999108,0.9949279905043427,-0.05084915794896739
1414,141.4,2,0.3,-3.5285730096761623,0.9980365478456871,-0.019653822533461936
1415,141.5,0,0.1,-2.8722773747640775,0.9998471128253081,-0.00152898863127424
1415,141.5,1,0.2,-3.212799313552512,0.9948238574804777,-0.051895851526014454
1415,141.5,2,0.3,-3.530575410994821,0.9979996021493893,-0.020024013186589223
1416,141.6,0,0.1,-2.872663343141266,0.9996141060990237,-0.0038596837718831685
1416,141.6,1,0.2,-3.2180894728882814,0.9947238089148509,-0.05290159335769785
1416,141.6,2,0.3,-3.532562681229615,0.9980147030793135,-0.019872702347939496
1417,141.70000000000002,0,0.1,-2.87328102587086,0.9993825079971114,-0.006176827295941417
1417,141.70000000000002,1,0.2,-3.2234754020865655,0.9946285489140226,-0.053859291982828426
1417,141.70000000000002,2,0.3,-3.534477645229658,0.9980868683736878,-0.019149640000426602
1418,141.8,0,0.1,-2.8741285456236154,0.999152839290671,-0.008475197527553695
1418,141.8,1,0.2,-3.228951719103324,0.994538650672208,-0.05476317016758748
1418,141.8,2,0.3,-3.536260619605881,0.9982186141783328,-0.017829743762228692
1419,141.9,0,0.1,-2.8752032941158947,0.9989258288430329,-0.010747484922793482
1419,141.9,1,0.2,-3.234512301112298,0.9944548494113568,-0.0556058200897423
1419,141.9,2,0.3,-3.537851689855623,0.9984101948314941,-0.015910702497424562
1420,142.0,0,0.1,-2.876501585002151,0.9987025515287506,-0.012982908862562885
1420,142.0,1,0.2,-3.2401498661347286,0.9943782962269877,-0.056375650224310556
1420,142.0,2,0.3,-3.5391927806689374,0.9986598080471079,-0.013410908133143147
1421,142.1,0,0.1,-2.8780182724836982,0.9984844621076483,-0.015166874815474048
1421,142.1,1,0.2,-3.2458554187215847,0.9943106931666196,-0.05705552586856446
1421,142.1,2,0.3,-3.540229618298858,0.9989636997004905,-0.010368376299206318
1422,142.20000000000002,0,0.1,-2.879746454620806,0.9982733103097782,-0.01728182137107177
1422,142.20000000000002,1,0.2,-3.2516177336992698,0.9942542553162376,-0.0576231497768378
1422,142.20000000000002,2,0.3,-3.5409136741362124,0.9993161780755005,-0.0068405583735426925
1423,142.3,0,0.1,-2.8816773679418257,0.9980709496928079,-0.01930913321020021
1423,142.3,1,0.2,-3.2574230673692903,0.994211484718299,-0.05805333670020893
1423,142.3,2,0.3,-3.5412040988467575,0.999709617458629,-0.002904247105450951
1424,142.4,0,0.1,-2.8838005422053095,0.997879078076674,-0.02123174263483861
1424,142.4,1,0.2,-3.2632552571257767,0.9941847844472342,-0.05832189756486693
1424,142.4,2,0.3,-3.541069537335843,1.0001345705647204,0.0013456151091429602
1425,142.5,0,0.1,-2.8861042288561225,0.9976989647988521,-0.023036866508131724
1425,142.5,1,0.2,-3.26909630375246,0.9941759791206404,-0.05841046626683498
1425,142.5,2,0.3,-3.5404896028882007,1.0005801026421368,0.005799344476425158
1426,142.6,0,0.1,-2.88857605579507,0.997531225509701,-0.024718269389475706
1426,142.6,1,0.2,-3.27492743979713,0.9941858320320407,-0.05831136044670669
1426,142.6,2,0.3,-3.539455731149389,1.0010344063684282,0.010338717388119234
1427,142.70000000000002,0,0.1,-2.891203808181913,0.9973756971323049,-0.02627752386842388
1427,142.70000000000002,1,0.2,-3.2807305917268574,0.9942136538319215,-0.05803151929725926
1427,142.70000000000002,2,0.3,-3.5379711625132213,1.0014856711537055,0.014845686361671894
1428,142.8,0,0.1,-2.8939762023702795,0.9972314453473463,-0.02772394188366769
1428,142.8,1,0.2,-3.2864900631647704,0.9942570825217755,-0.05759471437913327
1428,142.8,2,0.3,-3.536049918907419,1.0019230903768086,0.0192124360580259
1429,142.9,0,0.1,-2.8968835157296615,0.9970969087834144,-0.029073133593821562
1429,142.9,1,0.2,-3.292194217808331,0.994312083157558,-0.05704154643561101
1429,142.9,2,0.3,-3.5337148219559156,1.0023378254137179,0.02335096951503379
1430,143.0,0,0.1,-2.8999179607249252,0.9969701542796926,-0.030344449952639022
1430,143.0,1,0.2,-3.297836932704616,0.9943731753173851,-0.05642714896285082
1430,143.0,2,0.3,-3.5309947960229136,1.0027237285598596,0.027200259330021785
1431,143.1,0,0.1,-2.903073741898961,0.9968491930694562,-0.031557811740358786
1431,143.1,1,0.2,-3.3034186252581965,0.9944338561494896,-0.05581692553580859
1431,143.1,2,0.3,-3.527921857125533,1.0030776652141016,0.030729388973808693
1432,143.20000000000002,0,0.1,-2.906346798105713,0.9967322944025074,-0.03273056206751478
1432,143.20000000000002,1,0.2,-3.308946721652583,0.9944871554130568,-0.05528096394385416
1432,143.20000000000002,2,0.3,-3.5245282632464394,1.0033993586380405,0.033935938790926656
1433,143.3,0,0.1,-2.909734294908457,0.9966182342913695,-0.03387496802744054
1433,143.3,1,0.2,-3.3144355149885927,0.9945262425678986,-0.05488793336009802
1433,143.3,2,0.3,-3.52084427280711,1.0036907846728431,0.036839904393295306
1434,143.4,0,0.1,-2.9132339791644895,0.9965064325012601,-0.034996842560326195
1434,143.4,1,0.2,-3.3199054409924234,0.9945450068018925,-0.05469926003830983
1434,143.4,2,0.3,-3.516896833582515,1.0039552406246175,0.03947439224595286
1435,143.5,0,0.1,-2.916843528942503,0.9963969568158071,-0.036095497780139596
1435,143.5,1,0.2,-3.325381862664752,0.9945385465882035,-0.0547642167232918
1435,143.5,2,0.3,-3.5127093355479535,1.0041962778553393,0.0418749803456177
1436,143.6,0,0.1,-2.920560022965944,0.9962904035928433,-0.03716494023440864
1436,143.6,1,0.2,-3.330893493748746,0.994503530087559,-0.05511631083994087
1436,143.6,2,0.3,-3.5083023530572057,1.004416707518846,0.0440698249074803
1437,143.70000000000002,0,0.1,-2.9243796180249317,0.9961876903155409,-0.038195950589870103
1437,143.70000000000002,1,0.2,-3.33647060292877,0.994438414021775,-0.05577109180022585
1437,143.70000000000002,2,0.3,-3.503695120675614,1.0046178619947974,0.04607232381590727
1438,143.8,0,0.1,-2.9282974699710644,0.9960898128227262,-0.03917851946132923
1438,143.8,1,0.2,-3.3421431315318286,0.9943435298090357,-0.05672528603059102
1438,143.8,2,0.3,-3.4989073695788435,1.0047992306902196,0.04787751096770704
1439,143.9,0,0.1,-2.9323078776052425,0.995997623311143,-0.04010407634178265
1439,143.9,1,0.2,-3.3479388366563656,0.9942210575748861,-0.05795705124537306
1439,143.9,2,0.3,-3.4939611172375686,1.0049585052410348,0.049462523412751626
1440,144.0,0,0.1,-2.9364045829574072,0.9959116746977691,-0.04096705352165009
1440,144.0,1,0.2,-3.3538815493040937,0.9940749103423423,-0.059427126477283924
1440,144.0,2,0.3,-3.48888205182507,1.005091985730349,0.05079065412499095
1441,144.1,0,0.1,-2.9405811368815313,0.9958321557475263,-0.041765539241243196
1441,144.1,1,0.2,-3.3599896210394333,0.9939105446122085,-0.06108071735340018
1441,144.1,2,0.3,-3.4837002661778893,1.005195234317769,0.0518178564718082
1442,144.20000000000002,0,0.1,-2.944831240292865,0.9957589154965488,-0.04250103411332617
1442,144.20000000000002,1,0.2,-3.3662746263246084,0.9937347040478376,-0.06285005285173631
1442,144.20000000000002,2,0.3,-3.4784502439977265,1.0052638276957897,0.05250022180161601
1443,144.3,0,0.1,-2.94914899627644,0.9956915521232612,-0.043177559835754456
1443,144.3,1,0.2,-3.372740389427103,0.9935550949651015,-0.06465763102494838
1443,144.3,2,0.3,-3.473170149360859,1.005294058903286,0.052800946368679276
1444,144.4,0,0.1,-2.9535290476938942,0.9956295270179727,-0.04380051417454372
1444,144.4,1,0.2,-3.379382409110491,0.9933799897733081,-0.06642019683388445
1444,144.4,2,0.3,-3.467900590077939,1.0052834678303444,0.05269559282920022
1445,144.5,0,0.1,-2.957966615810696,0.9955722633406301,-0.044375681168021014
1445,144.5,1,0.2,-3.386187753537734,0.9932177594893977,-0.06805344427243508
1445,144.5,2,0.3,-3.462683097124134,1.0052311277730441,0.052174929538056546
1446,144.6,0,0.1,-2.962457484588386,0.9955192000951979,-0.04490868777690149
1446,144.6,1,0.2,-3.39313548450653,0.9930763487153499,-0.06947730968796369
1446,144.6,2,0.3,-3.4575585802048328,1.0051376697137708,0.05124516919301339
1447,144.70000000000002,0,0.1,-2.9669979830182562,0.9954697940495709,-0.04540498429869222
1447,144.70000000000002,1,0.2,-3.400197639315337,0.9929627236069402,-0.07062154808805403
1447,144.70000000000002,2,0.3,-3.4525659890210485,1.0050050749339223,0.04992591183783121
1448,144.8,0,0.1,-2.971585001244303,0.9954234860747792,-0.045870182260470516
1448,144.8,1,0.2,-3.40734074936848,0.9928823413207618,-0.07143110053143571
1448,144.8,2,0.3,-3.447741344129102,1.0048363022310807,0.04824644891946946
1449,144.9,0,0.1,-2.9762160400829463,0.9953796678875878,-0.04631038838643505
1449,144.9,1,0.2,-3.4145278111872157,0.9928387033478252,-0.07187061818735926
1449,144.9,2,0.3,-3.443117216801064,1.004634835103154,0.046241273280378935
1450,145.0,0,0.1,-2.9808892494912,0.995337693045072,-0.046732094082540414
1450,145.0,1,0.2,-3.421720556733908,0.992833060338767,-0.07192745546692657
1450,145.0,2,0.3,-3.4387226498258157,1.004404237245059,0.04394566975248787
1451,145.1,0,0.1,-2.9856033748037625,0.99529696873641,-0.04714125312562702
1451,145.1,1,0.2,-3.4288818083731427,0.9928643290236739,-0.07161251639235162
1451,145.1,2,0.3,-3.434583433974141,1.0041477942374546,0.04139215851674884
1452,145.20000000000002,0,0.1,-2.9903575146890655,0.9952571431502633,-0.047541398853019626
1452,145.20000000000002,1,0.2,-3.4359776631606507,0.9929292613481457,-0.07095854787506346
1452,145.20000000000002,2,0.3,-3.430722597849127,1.003868298753711,0.03860836125013211
1453,145.3,0,0.1,-2.9951506111856303,0.9952183720598323,-0.04793096496565059
1453,145.3,1,0.2,-3.442979243509208,0.9930228736097291,-0.07001580348557866
1453,145.3,2,0.3,-3.4271609388646715,1.003568009228713,0.03561658984455576
1454,145.4,0,0.1,-2.9999806409672742,0.9951816160547454,-0.048300297816442045
1454,145.4,1,0.2,-3.4498637837907182,0.9931391038751024,-0.06884540281510479
1454,145.4,2,0.3,-3.423917423905368,1.003248780845737,0.03243514959303713
1455,145.5,0,0.1,-3.004843549889316,0.9951488958765782,-0.048629089220420516
1455,145.5,1,0.2,-3.4566148949235784,0.9932716264212123,-0.06751111132860584
1455,145.5,2,0.3,-3.421009320218875,1.0029123363220052,0.02908103686493023
1456,145.6,0,0.1,-3.009732053817265,0.9951234253606702,-0.04888503927949206
1456,145.6,1,0.2,-3.4632219530379587,0.9934147205034883,-0.06607058114380603
1456,145.6,2,0.3,-3.4184519766230532,1.0025606163882457,0.025573435958220824
1457,145.70000000000002,0,0.1,-3.0146344975996553,0.9951095535816549,-0.04902443782389239
1457,145.70000000000002,1,0.2,-3.4696786783346174,0.9935640745637149,-0.06456725296657281
1457,145.70000000000002,2,0.3,-3.4162582539054105,1.002196130687808,0.02193722717642233
1458,145.8,0,0.1,-3.0195340015655807,0.995112479025405,-0.04899503965925701
1458,145.8,1,0.2,-3.475981086548019,0.9937174103045882,-0.06302408213401914
1458,145.8,2,0.3,-3.414437688651316,1.0018222234891725,0.018205652540946783
1459,145.9,0,0.1,-3.0244081175814324,0.9951377432120421,-0.04874116015851914
1459,145.9,1,0.2,-3.482125088294523,0.9938748340367886,-0.06144001746504551
1459,145.9,2,0.3,-3.4129955508917016,1.0014431781403372,0.01442137759614408
1460,146.0,0,0.1,-3.02922916026434,0.995190559890379,-0.04821042682907891
1460,146.0,1,0.2,-3.4881040654448845,0.9940388613637915,-0.05978977150361671
1460,146.0,2,0.3,-3.4119320066320498,1.001064110023402,0.01063544259651888
1461,146.1,0,0.1,-3.033965280030357,0.9952750779642967,-0.047361197660172244
1461,146.1,1,0.2,-3.493906759989653,0.9942141085703965,-0.05802694544768779
1461,146.1,2,0.3,-3.4112416080454904,1.0006906369665194,0.006903985865594323
1462,146.20000000000002,0,0.1,-3.0385822199379726,0.9953937017758028,-0.046169399076146415
1462,146.20000000000002,1,0.2,-3.499515769414302,0.9944066916990802,-0.05609009424647983
1462,146.20000000000002,2,0.3,-3.410913299584627,1.0003283623599841,0.003283084608631057
1463,146.3,0,0.1,-3.043045571603716,0.9955465942853744,-0.04463351665743774
1463,146.3,1,0.2,-3.504906860829983,0.9946234144384765,-0.05391091415681033
1463,146.3,2,0.3,-3.4109310489395845,0.9999822508025614,-0.00017749354957353645
1464,146.4,0,0.1,-3.0473232431133304,0.9957314646952877,-0.042776715096144655
1464,146.4,1,0.2,-3.510049207372505,0.9948708526867639,-0.05142346542522284
1464,146.4,2,0.3,-3.411275098939845,0.9996560091781537,-0.0034405000026051804
1465,146.5,0,0.1,-3.051387796880148,0.9959436953517307,-0.04064553766818033
1465,146.5,1,0.2,-3.5149065314690517,0.9951544536250226,-0.048573240965470985
1465,146.5,2,0.3,-3.4119237103991815,0.9993515988436054,-0.006486114593365158
1466,146.6,0,0.1,-3.055218321991005,0.9961768019919195,-0.03830525110857015
1466,146.6,1,0.2,-3.5194390280371497,0.9954777596931313,-0.04532496568098212
1466,146.6,2,0.3,-3.412855152555824,0.9990689915009504,-0.009314421566424787
1467,146.70000000000002,0,0.1,-3.0588015749501274,0.996423159230643,-0.03583252959121615
1467,146.70000000000002,1,0.2,-3.5236058522674587,0.9958418449366291,-0.0416682423030806
1467,146.70000000000002,2,0.3,-3.414049623754825,0.9988062418977688,-0.011944711990007965
1468,146.8,0,0.1,-3.062132242025845,0.9966748734429522,-0.0333066707571802
1468,146.8,1,0.2,-3.527367902896471,0.9962450170177294,-0.03762050629012351
1468,146.8,2,0.3,-3.4154907710646447,0.9985598906442898,-0.014411473098197833
1469,146.9,0,0.1,-3.065212321312781,0.9969246592909574,-0.030800792869360525
1469,146.9,1,0.2,-3.530690618211362,0.9966827987946779,-0.033227153148913335
1469,146.9,2,0.3,-3.417166532285855,0.9983256420826483,-0.016757612212102545
1470,147.0,0,0.1,-3.0680497633200168,0.9971665797266253,-0.028374420072358412
1470,147.0,1,0.2,-3.5335465266883554,0.997148165750158,-0.028559084769936252
1470,147.0,2,0.3,-3.4190691400604214,0.998099201036271,-0.01902607774566631
1471,147.1,0,0.1,-3.0706566176036905,0.9973965406103157,-0.026068542836738356
1471,147.1,1,0.2,-3.535917348568044,0.997631986298835,-0.023708218796888683
1471,147.1,2,0.3,-3.4211942825369674,0.9978771140399705,-0.0212514247654617
1472,147.20000000000002,0,0.1,-3.0730469907212363,0.9976124815492488,-0.023903731175453195
1472,147.20000000000002,1,0.2,-3.5377955154177103,0.9981235958020007,-0.018781668496657026
1472,147.20000000000002,2,0.3,-3.423539574346813,0.9976574562382462,-0.02345291809845129
1473,147.3,0,0.1,-3.075235121355272,0.9978142615786573,-0.021881306340360143
1473,147.3,1,0.2,-3.539185046971821,0.9986114333978638,-0.01389531554110669
1473,147.3,2,0.3,-3.4261026190063273,0.9974402371350549,-0.025630446595143255
1474,147.4,0,0.1,-3.0772338283913605,0.9980032890487353,-0.01998707036088401
1474,147.4,1,0.2,-3.540101785806056,0.9990836812424332,-0.009167388342353165
1474,147.4,2,0.3,-3.428879009811866,0.9972274598029911,-0.027763908055390887
1475,147.5,0,0.1,-3.0790535030858046,0.9981819799097865,-0.0181967469444421
1475,147.5,1,0.2,-3.5405730336386587,0.9995288631872175,-0.004712478326025772
1475,147.5,2,0.3,-3.4318606061800714,0.9970228441758466,-0.029815963682053335
1476,147.6,0,0.1,-3.080701717597852,0.9983531430475392,-0.01648214512047646
1476,147.6,1,0.2,-3.5406366578161097,0.9999363778465242,-0.0006362417745098632
1476,147.6,2,0.3,-3.435034340154843,0.9968312969951723,-0.03173733974771678
1477,147.70000000000002,0,0.1,-3.08218342848898,0.9985193863004806,-0.014817108911274707
1477,147.70000000000002,1,0.2,-3.5403397478743885,1.0002969540238407,0.0029690994172108984
1477,147.70000000000002,2,0.3,-3.438381674931083,0.9966582613030867,-0.03347334776239513
1478,147.8,0,0.1,-3.0835016797482626,0.9986826172522277,-0.013182512592827184
1478,147.8,1,0.2,-3.539736907604036,1.0006030220150675,0.006028402703526568
1478,147.8,2,0.3,-3.441878687392218,0.9965090949656187,-0.034970124611348505
1479,147.9,0,0.1,-3.084658662950321,0.9988436858449561,-0.011569832020584361
1479,147.9,1,0.2,-3.538888274463649,1.0008489933313731,0.008486331403867935
1479,147.9,2,0.3,-3.4454966174900483,0.9963886067256331,-0.03617930097830718
1480,148.0,0,0.1,-3.0856569727885796,0.9990021883072261,-0.009983098382587164
1480,148.0,1,0.2,-3.5378573684114345,1.0010314376185083,0.010309060522147338
1480,148.0,2,0.3,-3.449202651314945,0.9963008250427773,-0.037060338248970814
1481,148.1,0,0.1,-3.086500899569599,0.9991564292250321,-0.008439267810192367
1481,148.1,1,0.2,-3.53670888440926,1.0011491437624764,0.011484840021745532
1481,148.1,2,0.3,-3.4529607009700722,0.9962490029759995,-0.03758049655127263
1482,148.20000000000002,0,0.1,-3.087197618528079,0.9993035236938165,-0.006967189584801773
1482,148.20000000000002,1,0.2,-3.535506551376384,1.0012030561250072,0.012023330328758172
1482,148.20000000000002,2,0.3,-3.4567320129571595,0.9962357904786213,-0.03771311987086387
1483,148.3,0,0.1,-3.087758161007069,0.9994396145955952,-0.005605424789898768
1483,148.3,1,0.2,-3.5343111783648813,1.0011960877545873,0.011953730115026998
1483,148.3,2,0.3,-3.4604755576344792,0.9962634536504812,-0.037435446773199564
1484,148.4,0,0.1,-3.088198078541081,0.9995601792155187,-0.004399175340119826
1484,148.4,1,0.2,-3.5331789911159186,1.0011328284148964,0.011321872489627549
1484,148.4,2,0.3,-3.464148289251255,0.9963340046126773,-0.03672731616776157
1485,148.5,0,0.1,-3.088537734700939,0.9996604015167655,-0.0033965615985788998
1485,148.5,1,0.2,-3.5321603280624303,1.001019182066915,0.01018663053488358
1485,148.5,2,0.3,-3.467705475686655,0.9964491328570807,-0.03557186435400019
1486,148.6,0,0.1,-3.088802181413197,0.9997355882506915,-0.002644467122583522
1486,148.6,1,0.2,-3.531298718608184,1.0008619807463004,0.008616094542462305
1486,148.6,2,0.3,-3.4711013404451383,0.9966098946689889,-0.03395864758483495
1487,148.70000000000002,0,0.1,-3.0890205987901345,0.9997816064744014,-0.002184173769372358
1487,148.70000000000002,1,0.2,-3.5306303169844324,1.0006686250538948,0.006684016237515501
1487,148.70000000000002,2,0.3,-3.474290214032462,0.9968162054697963,-0.031888735873228345
1488,148.8,0,0.1,-3.0892253033883392,0.9997953163523519,-0.0020470459820477512
1488,148.8,1,0.2,-3.5301836233482193,1.000446793418672,0.004466936362131056
1488,148.8,2,0.3,-3.4772282595209068,0.9970662663433814,-0.029380454884450628
1489,148.9,0,0.1,-3.089450361333337,0.9997749673786419,-0.0022505794499762147
1489,148.9,1,0.2,-3.5299794005394887,1.000204243663628,0.002042228087306813
1489,148.9,2,0.3,-3.4798756468969194,0.9973561138635527,-0.02647387376012817
1490,149.0,0,0.1,-3.0897298797298274,0.999720520665137,-0.002795183964905571
1490,149.0,1,0.2,-3.5300306968157353,0.9999487050393846,-0.0005129627624667357
1490,149.0,2,0.3,-3.4821988536826836,0.9976794897704971,-0.023232067857642747
1491,149.1,0,0.1,-3.0900960893058502,0.9996338574705191,-0.0036620957602286758
1491,149.1,1,0.2,-3.530342912681144,0.9996878328688926,-0.0031221586540876698
1491,149.1,2,0.3,-3.484172626187164,0.9980281741035381,-0.019737725044804987
1492,149.20000000000002,0,0.1,-3.0905773679967345,0.9995188371051272,-0.004812786908842142
1492,149.20000000000002,1,0.2,-3.53091389750842,0.999429178153539,-0.005709848272757812
1492,149.20000000000002,2,0.3,-3.4857811001891803,0.9983928188989991,-0.016084740020159922
1493,149.3,0,0.1,-3.0911963824440427,0.9993811771026088,-0.00619014447308199
1493,149.3,1,0.2,-3.531734116919333,0.9991801168770783,-0.008202194109130834
1493,149.3,2,0.3,-3.487017680779428,0.9987641836604785,-0.012365805902479635
1494,149.4,0,0.1,-3.0919685354131428,0.9992281450642896,-0.007721529691000923
1494,149.4,1,0.2,-3.5327869792717363,0.9989476917126949,-0.010528623524033763
1494,149.4,2,0.3,-3.487883510579922,0.9991345449219714,-0.008658298004938163
1495,149.5,0,0.1,-3.0929008965450184,0.9990680733817127,-0.009323611318757228
1495,149.5,1,0.2,-3.534049433678964,0.9987383421530952,-0.012624544072275697
1495,149.5,2,0.3,-3.488384667317944,0.9994989688200404,-0.005011567380220079
1496,149.6,0,0.1,-3.093991758892031,0.9989097324270257,-0.01090862347012562
1496,149.6,1,0.2,-3.5354929414598417,0.9985575335753502,-0.01443507780877955
1496,149.6,2,0.3,-3.4885285517167883,0.9998561259520191,-0.0014388439884439315
1497,149.70000000000002,0,0.1,-3.095230905133441,0.9987616211832774,-0.012391462414098012
1497,149.70000000000002,1,0.2,-3.537084873981807,0.9984093339304874,-0.015919325219649606
1497,149.70000000000002,2,0.3,-3.4883201729191216,1.0002084005100365,0.0020837879766672763
1498,149.8,0,0.1,-3.096600590123603,0.9986312526002076,-0.01369684990161957
1498,149.8,1,0.2,-3.5387903081886116,0.998296019219754,-0.01705434206804676
1498,149.8,2,0.3,-3.4877591435391664,1.000561186786373,0.00561029379955201
1499,149.9,0,0.1,-3.098077159557248,0.9985245201586489,-0.014765694336450204
1499,149.9,1,0.2,-3.540574091788774,0.9982178063962603,-0.017837836001622823
1499,149.9,2,0.3,-3.4868381240935937,1.0009214437142253,0.009210194455727096
1500,150.0,0,0.1,-3.099633140615847,0.998445228852314,-0.01555981058599087
1500,150.0,1,0.2,-3.542402955247843,0.9981728078926602,-0.018288634590694006
1500,150.0,2,0.3,-3.4855432113506035,1.001295751504498,0.012949127429902799
1501,150.1,0,0.1,-3.1012395739805068,0.9983948562587605,-0.01606433364660023
1501,150.1,1,0.2,-3.5442473819943205,0.9981572731632536,-0.018444267464775503
1501,150.1,2,0.3,-3.4838563907036337,1.0016882441291912,0.016868206469698846
1502,150.20000000000002,0,0.1,-3.102868321378299,0.9983725782914151,-0.01628747397791915
1502,150.20000000000002,1,0.2,-3.546082932783494,0.998166132803912,-0.01835550789173217
1502,150.20000000000002,2,0.3,-3.4817597436729883,1.002098846531955,0.020966470306449055
1503,150.3,0,0.1,-3.1044940887064527,0.9983755535156572,-0.016257673281537634
1503,150.3,1,0.2,-3.5478907667350295,0.9981937991959614,-0.018078339515353786
1503,150.3,2,0.3,-3.4792407100459335,1.0025222090580415,0.025190336270549996
1504,150.4,0,0.1,-3.106095954356384,0.9983994166520657,-0.016018656499313465
1504,150.4,1,0.2,-3.5496572083550366,0.9982351176197541,-0.017664416200072645
1504,150.4,2,0.3,-3.4762974410537617,1.0029476046609884,0.029432689921719553
1505,150.5,0,0.1,-3.1076582789196814,0.9984388952304024,-0.015623245632975014
1505,150.5,1,0.2,-3.5513723606169503,0.9982863177711634,-0.017151522619137525
1505,150.5,2,0.3,-3.4729432140251553,1.0033598587430086,0.03354227028606629
1506,150.6,0,0.1,-3.1091709800870735,0.9984884423883266,-0.015127011673921914
1506,150.6,1,0.2,-3.5530279313246145,0.9983457989935367,-0.01655570707664294
1506,150.6,2,0.3,-3.4692090358319927,1.0037411589229437,0.03734178193162786
1507,150.70000000000002,0,0.1,-3.1106292629699075,0.9985427798949762,-0.01458282882833674
1507,150.70000000000002,1,0.2,-3.5546145909419,0.9984145984616161,-0.015866596172849634
1507,150.70000000000002,2,0.3,-3.4651439125594905,1.004073397093681,0.04065123272501267
1508,150.8,0,0.1,-3.112032977749995,0.9985972699666826,-0.014037147800874637
1508,150.8,1,0.2,-3.556119284896452,0.9984964375298123,-0.01504693954552302
1508,150.8,2,0.3,-3.460812724757196,1.0043405809524537,0.043311878022949356
1509,150.9,0,0.1,-3.113385814788309,0.9986480776331983,-0.013528370383140911
1509,150.9,1,0.2,-3.557522961258445,0.9985973083308877,-0.014036763619929803
1509,150.9,2,0.3,-3.4562921094570886,1.0045308486960574,0.04520615300107424
1510,151.0,0,0.1,-3.114694533463253,0.9986921373238793,-0.013087186749443836
1510,151.0,1,0.2,-3.5587991377393973,0.9987246374859611,-0.012761764809524238
1510,151.0,2,0.3,-3.4516651024489775,1.004637728134235,0.04627007008111402
1511,151.1,0,0.1,-3.115968359335121,0.9987269850999262,-0.012738258718677122
1511,151.1,1,0.2,-3.5599136255338673,0.998886133016402,-0.011144877944700505
1511,151.1,2,0.3,-3.4470154619886135,1.0046604668116128,0.04649640460364244
1512,151.20000000000002,0,0.1,-3.1172185914106287,0.998750549139013,-0.012502320755076112
1512,151.20000000000002,1,0.2,-3.5608255681890344,0.9990884730381636,-0.009119426551669344
1512,151.20000000000002,2,0.3,-3.4424225559113144,1.0046034696367034,0.04592906077298075
1513,151.3,0,0.1,-3.118458362561252,0.9987609970481334,-0.012397711506234182
1513,151.3,1,0.2,-3.5614897657091347,0.9993360230102448,-0.006641975201003114
1513,151.3,2,0.3,-3.437957478329414,1.0044750608940307,0.04465077581900877
1514,151.4,0,0.1,-3.119702419141442,0.9987567169373973,-0.012440565801901823
1514,151.4,1,0.2,-3.561860065727087,0.9996297685346374,-0.0037030001795248396
1514,151.4,2,0.3,-3.4336807369747713,1.0042858996642026,0.04276741354642753
1515,151.5,0,0.1,-3.12096675338013,0.998736464695104,-0.012643342386878417
1515,151.5,1,0.2,-3.5618934432895566,0.9999666229945551,-0.00033377562469462895
1515,151.5,2,0.3,-3.429641499796574,1.0040474058914417,0.04039237178197438
1516,151.6,0,0.1,-3.122267945936578,0.9986996536275309,-0.013011925564479682
1516,151.6,1,0.2,-3.5615542834913567,1.0003392173193868,0.0033915979819989215
1516,151.6,2,0.3,-3.425878085841392,1.0037705044895626,0.03763413955182085
1517,151.70000000000002,0,0.1,-3.1236221530930433,0.9986467093682779,-0.013542071564650844
1517,151.70000000000002,1,0.2,-3.5608183441349412,1.0007362102262276,0.007359393564153042
1517,151.70000000000002,2,0.3,-3.4224191869505547,1.003464887784608,0.03458898890836717
1518,151.8,0,0.1,-3.1250437855992685,0.9985793775345738,-0.014216325062253708
1518,151.8,1,0.2,-3.5596759147832446,1.0011430821726854,0.011424293516966815
1518,151.8,2,0.3,-3.419285242391686,1.0031388604972022,0.03133944558868685
1519,151.9,0,0.1,-3.126544045535387,0.9985008648912381,-0.015002599361185497
1519,151.9,1,0.2,-3.558133796628723,1.0015433078301843,0.0154211815452152
1519,151.9,2,0.3,-3.416489458319804,1.0027996959208823,0.02795784071882127
1520,152.0,0,0.1,-3.1281295811383485,0.9984157206945568,-0.015855356029615755
1520,152.0,1,0.2,-3.556215884448623,1.0019197525500332,0.019179121801001765
1520,152.0,2,0.3,-3.414038142021177,1.0024543232309038,0.02451316298627188
1521,152.1,0,0.1,-3.129801558944762,0.9983294191697996,-0.016719778064136888
1521,152.1,1,0.2,-3.5539623089183685,1.0022561167401676,0.022535755302547537
1521,152.1,2,0.3,-3.411930261918402,1.0021101032438027,0.021078801027753034
1522,152.20000000000002,0,0.1,-3.1315554208766208,0.9982476751852178,-0.017538619318582704
1522,152.20000000000002,1,0.2,-3.5514272642196762,1.0025382606414497,0.025350446986916807
1522,152.20000000000002,2,0.3,-3.4101563933694554,1.0017754427844523,0.01773868548946163
1523,152.3,0,0.1,-3.1333814902250645,0.9981755969018051,-0.018260693484438633
1523,152.3,1,0.2,-3.548675777134577,1.0027552758998506,0.0275148708509947
1523,152.3,2,0.3,-3.4086974140981527,1.0014600440993509,0.014589792713027568
1524,152.4,0,0.1,-3.1352664314764582,0.9981168341346922,-0.018849412513938197
1524,152.4,1,0.2,-3.5457797553849506,1.0029002192716738,0.028960217496264963
1524,152.4,2,0.3,-3.4075234303909343,1.0011746730958415,0.011739837072185068
1525,152.5,0,0.1,-3.1371953861693447,0.9980729045445634,-0.019289546928865628
1525,152.5,1,0.2,-3.542813683140455,1.0029704753890474,0.029660722444956898
1525,152.5,2,0.3,-3.406593423844987,1.0009304391361287,0.00930006545947268
1526,152.6,0,0.1,-3.139154441178048,0.9980428626870655,-0.019590550087033035
1526,152.6,1,0.2,-3.5398503191105237,1.0029677591334765,0.029633640299315277
1526,152.6,2,0.3,-3.4058560081024614,1.000737687700359,0.007374157425257685
1527,152.70000000000002,0,0.1,-3.1411329781609396,0.9980234190311764,-0.019785369828912932
1527,152.70000000000002,1,0.2,-3.5369567118926084,1.002897797740215,0.028936072179146594
1527,152.70000000000002,2,0.3,-3.4052514956874367,1.0006046951694785,0.006045124150245453
1528,152.8,0,0.1,-3.1431254349724034,0.9980095268129617,-0.01992456811463874
1528,152.8,1,0.2,-3.5341907929669323,1.0027697476085562,0.027659189256762824
1528,152.8,2,0.3,-3.404715232969661,1.0005364065323334,0.005362627177758788
1529,152.9,0,0.1,-3.145132094443884,0.9979953525236152,-0.020066594714808237
1529,152.9,1,0.2,-3.531598750587225,1.0025954046259569,0.025920423797073742
1529,152.9,2,0.3,-3.404181912821503,1.0005334623886333,0.00533320148157687
1530,153.0,0,0.1,-3.1471586917776215,0.997975454828103,-0.020265973337375606
1530,153.0,1,0.2,-3.5292133324224775,1.0023882655382668,0.023854181647477126
1530,153.0,2,0.3,-3.403590369033944,1.0005917187840898,0.005915437875590238
1531,153.1,0,0.1,-3.1492148642634303,0.9979459399887182,-0.020561724858089218
1531,153.1,1,0.2,-3.5270531700227066,1.00216249723147,0.02160162399771027
1531,153.1,2,0.3,-3.402888237552912,1.000702378033041,0.007021314810323042
1532,153.20000000000002,0,0.1,-3.151311705923489,0.9979053551766737,-0.0209684166005838
1532,153.20000000000002,1,0.2,-3.525123159338775,1.001931874353326,0.019300106839312877
1532,153.20000000000002,2,0.3,-3.402035865356972,1.0008527355683556,0.008523721959397273
1533,153.3,0,0.1,-3.1534588817601947,0.9978551276963394,-0.021471758367056615
1533,153.3,1,0.2,-3.5234158636125623,1.0017087539853362,0.017072957262126293
1533,153.3,2,0.3,-3.4010089630869347,1.0010274297147026,0.010269022700373803
1534,153.4,0,0.1,-3.1556618586342053,0.9977994478986435,-0.022029768740107345
1534,153.4,1,0.2,-3.5219138258991327,1.0015031663370835,0.015020377134296901
1534,153.4,2,0.3,-3.399799709855428,1.0012099846729985,0.012092532315067371
1535,153.5,0,0.1,-3.1579197999593025,0.9977446059068892,-0.022579413250972853
1535,153.5,1,0.2,-3.5205925916492715,1.001322107464364,0.013212342498612669
1535,153.5,2,0.3,-3.398416281730536,1.0013843855030176,0.013834281248921951
1536,153.6,0,0.1,-3.1602245514570666,0.997697902402717,-0.023047514977642326
1536,153.6,1,0.2,-3.5194241569394475,1.0011691175956028,0.011684347098240398
1536,153.6,2,0.3,-3.396881030267713,1.001536430564679,0.015352514628231602
1537,153.70000000000002,0,0.1,-3.162560939936084,0.9976663387521744,-0.023363884790169837
1537,153.70000000000002,1,0.2,-3.518380490209057,1.0010442115400293,0.010436667303903427
1537,153.70000000000002,2,0.3,-3.395227728327064,1.0016546693978046,0.016533019406482344
1538,153.8,0,0.1,-3.1649083576796166,0.9976553352869065,-0.023474177435326652
1538,153.8,1,0.2,-3.5174367420270536,1.0009441936524452,0.009437481820034324
1538,153.8,2,0.3,-3.3934983895619717,1.0017308349337113,0.017293387650926122
1539,153.9,0,0.1,-3.1672433608129933,0.9976677208658449,-0.02335003133376778
1539,153.9,1,0.2,-3.5165737730789166,1.0008633414129737,0.008629689481370264
1539,153.9,2,0.3,-3.3917401449231424,1.001759791257246,0.017582446388294426
1540,154.0,0,0.1,-3.1695428191516033,0.9977031833904789,-0.02299458338610136
1540,154.0,1,0.2,-3.5157797020373485,1.0007943863994442,0.007940710415681902
1540,154.0,2,0.3,-3.390002541540933,1.0017391138897271,0.01737603382209506
1541,154.1,0,0.1,-3.1717870555795185,0.9977582799878276,-0.02244236427915286
1541,154.1,1,0.2,-3.515050297475098,1.0007296706424476,0.0072940456225060995
1541,154.1,2,0.3,-3.3883354541813824,1.0016684777221943,0.016670873595506622
1542,154.20000000000002,0,0.1,-3.1739624250099263,0.9978269949708787,-0.02175369430407364
1542,154.20000000000002,1,0.2,-3.5143881944099453,1.0006623223037705,0.006621030651524244
1542,154.20000000000002,2,0.3,-3.3867876137548785,1.0015490389497914,0.015478404265035583
1543,154.3,0,0.1,-3.1760629031483356,0.9979017263220518,-0.0210047813840942
1543,154.3,1,0.2,-3.513801080075255,1.0005872867200463,0.005871143346905306
1543,154.3,2,0.3,-3.3854056045646703,1.001382964604989,0.01382009190208223
1544,154.4,0,0.1,-3.1780904565002728,0.9979745007458615,-0.020275533519372765
1544,154.4,1,0.2,-3.5132991355408896,1.000502070529603,0.005019445343652792
1544,154.4,2,0.3,-3.384233092994681,1.0011731992304174,0.011725115699894983
1545,154.5,0,0.1,-3.1800542019679554,0.9980381814189371,-0.019637454676827433
1545,154.5,1,0.2,-3.51289211439044,1.0004071039947975,0.0040702115044946125
1545,154.5,2,0.3,-3.383310038187638,1.0009234809532397,0.009230548070427416
1546,154.6,0,0.1,-3.181968584355141,0.9980874488740121,-0.019143823871857736
1546,154.6,1,0.2,-3.5125864713872974,1.0003056897167246,0.003056430031427478
1546,154.6,2,0.3,-3.382671694391251,1.000638547581148,0.006383437963873114
1547,154.70000000000002,0,0.1,-3.1838509566951507,0.9981193982116835,-0.018823723400092245
1547,154.70000000000002,1,0.2,-3.5123829205783217,1.0002035715268474,0.0020355080897567026
1547,154.70000000000002,2,0.3,-3.3823473241023247,1.0003244229026569,0.0032437028892610526
1548,154.8,0,0.1,-3.1857190127330366,0.9981336876928297,-0.01868056037885974
1548,154.8,1,0.2,-3.512274713694685,1.000108212738213,0.0010820688363689162
1548,154.8,2,0.3,-3.3823586706759787,0.9999886534907181,-0.00011346573653981485
1549,154.9,0,0.1,-3.1875884879426017,0.9981322711707733,-0.018694752095652585
1549,154.9,1,0.2,-3.512246805174901,1.00002790890923,0.0002790851978362755
1549,154.9,2,0.3,-3.3827183566140606,0.9996403787411502,-0.0035968593808190885
1550,155.0,0,0.1,-3.1894714326541753,0.9981188269166859,-0.018829447115736826
1550,155.0,1,0.2,-3.5122759330894877,0.9999708725096271,-0.0002912791458653695
1550,155.0,2,0.3,-3.3834284524875042,0.9992901561849657,-0.007100958734436572
1551,155.1,0,0.1,-3.191375201806446,0.9980980418667853,-0.019037691522708594
1551,155.1,1,0.2,-3.5123315186596864,0.9999444159746504,-0.0005558557019869386
1551,155.1,2,0.3,-3.3844794850323408,0.9989495195964124,-0.010510325448365762
1552,155.20000000000002,0,0.1,-3.1933021406351076,0.9980749165260533,-0.019269388286611348
1552,155.20000000000002,1,0.2,-3.5123771896579243,0.9999543300446664,-0.00045670998237924026
1552,155.20000000000002,2,0.3,-3.3858501179226037,0.9986303059979909,-0.013706328902626455
1553,155.3,0,0.1,-3.195249811304854,0.9980542248099826,-0.01947670669746437
1553,155.3,1,0.2,-3.5123726767679466,1.000004512900161,4.512889977714964e-05
1553,155.3,2,0.3,-3.387507654015522,0.9983438368613529,-0.016575360929183935
1554,155.4,0,0.1,-3.197211528446648,0.9980402057676709,-0.019617171417941618
1554,155.4,1,0.2,-3.512275821134495,1.0000968603241098,0.0009685563345174781
1554,155.4,2,0.3,-3.389409392059853,0.9981000691137017,-0.019017380443312443
1555,155.5,0,0.1,-3.199176962994474,0.9980364956538863,-0.01965434547826051
1555,155.5,1,0.2,-3.51204446227598,1.0002313856240397,0.0023135885851478725
1555,155.5,2,0.3,-3.3915047478865987,0.9979068378987953,-0.02095355826745701
1556,155.6,0,0.1,-3.201132628599089,0.9980462454633573,-0.01955665604615242
1556,155.6,1,0.2,-3.5116380382229546,1.000406506654471,0.004064240530255123
1556,155.6,2,0.3,-3.3937379443109283,0.9977692953036207,-0.022331964243297468
1557,155.70000000000002,0,0.1,-3.2030621641275427,0.9980723248284903,-0.01929535528453213
1557,155.70000000000002,1,0.2,-3.511018809896196,1.0006194200881984,0.006192283267586176
1557,155.70000000000002,2,0.3,-3.39605100523279,0.9976896121421687,-0.02313060921861261
1558,155.8,0,0.1,-3.2049464410426336,0.9981174972201597,-0.018842769150909617
1558,155.8,1,0.2,-3.5101527036727713,1.0008664814017265,0.008661062234245835
1558,155.8,2,0.3,-3.3983867689816156,0.9976669620246524,-0.023357637488256252
1559,155.9,0,0.1,-3.2067636249429112,0.9981844661787356,-0.018171839002777336
1559,155.9,1,0.2,-3.50900983560859,1.0011435213867506,0.011428680641812444
1559,155.9,2,0.3,-3.4006916639260285,0.9976977592863071,-0.02304894944413014
1560,156.0,0,0.1,-3.208489379815141,0.9982757333864635,-0.017257548722296883
1560,156.0,1,0.2,-3.507564827444575,1.0014460526913687,0.014450081640152424
1560,156.0,2,0.3,-3.4029180547242874,0.9977760857714559,-0.022263907982590526
1561,156.1,0,0.1,-3.210097405490214,0.9983932665055,-0.016080256750733237
1561,156.1,1,0.2,-3.50579704284399,1.0017693480529288,0.017677846005851212
1561,156.1,2,0.3,-3.405026051056995,0.997894223931185,-0.021079963327076488
1562,156.20000000000002,0,0.1,-3.2115604410915393,0.9985380341135195,-0.014630356013248805
1562,156.20000000000002,1,0.2,-3.503690861870433,1.0021084005306933,0.021061809735564915
1562,156.20000000000002,2,0.3,-3.406984750226972,0.9980432178294296,-0.019586991699767062
1563,156.3,0,0.1,-3.2128517619338144,0.9987095125537179,-0.012913208422751966
1563,156.3,1,0.2,-3.501236076401065,1.0024578009221434,0.024547854693680878
1563,156.3,2,0.3,-3.40877294238138,0.9982134057086123,-0.017881921544079433
1564,156.4,0,0.1,-3.2139470681940194,0.9989052933687511,-0.010953062602051046
1564,156.4,1,0.2,-3.4984284360486826,1.0028115854658457,0.028076403523826163
1564,156.4,2,0.3,-3.4103793333286148,0.9983948986081004,-0.01606390947234895
1565,156.5,0,0.1,-3.2148265413162243,0.9991209135009315,-0.008794731222048713
1565,156.5,1,0.2,-3.4952703124359696,1.0031631157389567,0.03158123612713128
1565,156.5,2,0.3,-3.411802337692212,0.9985780076270326,-0.014230043635975163
1566,156.6,0,0.1,-3.215476759114921,0.9993499935470866,-0.006502177986967098
1566,156.6,1,0.2,-3.4917713897610376,1.0035050510503605,0.03498922674932214
1566,156.6,2,0.3,-3.413049477184247,0.9987536378632315,-0.012471394920346589
1567,156.70000000000002,0,0.1,-3.215892136290689,0.9995847090813874,-0.004153771757681334
1567,156.70000000000002,1,0.2,-3.487949242303698,1.0038294611780036,0.038221474573387954
1567,156.70000000000002,2,0.3,-3.4141364025746936,0.9989136650989967,-0.010869253904466107
1568,156.8,0,0.1,-3.2160756036697533,0.9998165494500464,-0.001834673790641721
1568,156.8,1,0.2,-3.4838296347995117,1.0041281047516153,0.04119607504186507
1568,156.8,2,0.3,-3.415085558797132,0.9990512940838473,-0.009491562224384615
1569,156.9,0,0.1,-3.2160383505342836,1.0000372538293765,0.0003725313546976351
1569,156.9,1,0.2,-3.4794463869152796,1.0043928683664227,0.043832478842323046
1569,156.9,2,0.3,-3.415924537659916,0.9991613729815787,-0.008389788627841043
1570,157.0,0,0.1,-3.215798607959636,1.0002397713151956,0.0023974257464766365
1570,157.0,1,0.2,-3.474840681443736,1.0046163280348606,0.04605705471543859
1570,157.0,2,0.3,-3.416684207753024,0.9992406183831635,-0.007596700931081101
1571,157.1,0,0.1,-3.2153796147746485,1.0004190809748925,0.004189931849874168
1571,157.1,1,0.2,-3.470059764325995,1.0047923639368121,0.04780917117741362
1571,157.1,2,0.3,-3.4173967623228925,0.9992876992368521,-0.007125545698683361
1572,157.20000000000002,0,0.1,-3.214807047006397,1.0005727317164652,0.005725677682514116
1572,157.20000000000002,1,0.2,-3.465155073676828,1.0049167383330164,0.04904690649165872
1572,157.20000000000002,2,0.3,-3.418093863999966,0.9993031412418506,-0.006971016770734387
1573,157.3,0,0.1,-3.2141062781685705,1.0007010144336737,0.007007688378264774
1573,157.3,1,0.2,-3.4601799296077624,1.0049875406480488,0.04975144069065801
1573,157.3,2,0.3,-3.4188050727963963,0.9992890440525992,-0.007112087964303142
1574,157.4,0,0.1,-3.2132998559368104,1.0008067474775906,0.008064222317601302
1574,157.4,1,0.2,-3.4551869989972706,1.005005416059544,0.049929306104921696
1574,157.4,2,0.3,-3.4195567110977025,0.9992486441080006,-0.007516383013062439
1575,157.5,0,0.1,-3.2124055303575827,1.0008947256075917,0.008943255792278013
1575,157.5,1,0.2,-3.450225802552849,1.0049735235568127,0.049611964444216713
1575,157.5,2,0.3,-3.420371248418733,0.9991857943244414,-0.008145373210304748
1576,157.6,0,0.1,-3.2114350633355495,1.0009709380775227,0.009704670220332386
1576,157.6,1,0.2,-3.4453405433340456,1.0048972115531118,0.04885259218803839
1576,157.6,2,0.3,-3.421267193238343,0.9991044564191117,-0.008959448196100239
1577,157.70000000000002,0,0.1,-3.2103939117843,1.0010416937376758,0.010411515512493827
1577,157.70000000000002,1,0.2,-3.440568501616828,1.0047834460417144,0.047720417172165935
1577,157.70000000000002,2,0.3,-3.4222593814737436,0.9990083038205957,-0.009921882354004784
1578,157.8,0,0.1,-3.209281734397689,1.0011127960852269,0.011121773866107985
1578,157.8,1,0.2,-3.4359391644948323,1.0046400690572816,0.0462933712199591
1578,157.8,2,0.3,-3.423359475888194,0.9989005104675809,-0.011000944144501992
1579,157.9,0,0.1,-3.2080935498288565,1.0011888907397768,0.011881845688326962
1579,157.9,1,0.2,-3.4314741519473033,1.0044749955686285,0.04465012547529211
1579,157.9,2,0.3,-3.4245764585087994,0.9987837576024337,-0.012169826206057248
1580,158.0,0,0.1,-3.2068212916069823,1.0012730678856967,0.012722582218743396
1580,158.0,1,0.2,-3.4271878823083886,1.004295468831334,0.04286269638915007
1580,158.0,2,0.3,-3.4259169193956525,0.9986604371295447,-0.013404608868530994
1581,158.1,0,0.1,-3.2054554731507627,1.0013667516110387,0.01365818456219603
1581,158.1,1,0.2,-3.4230888100933745,1.004107484902336,0.04099072215014277
1581,158.1,2,0.3,-3.4273850167660567,0.9985329797573663,-0.014680973704042923
1582,158.20000000000002,0,0.1,-3.2039866956559853,1.0014698566767368,0.014687774947771395
1582,158.20000000000002,1,0.2,-3.4191809880546864,1.0039154675310615,0.039078220386872246
1582,158.20000000000002,2,0.3,-3.428982089151957,0.9984042022555476,-0.0159707238589987
1583,158.3,0,0.1,-3.2024067939948417,1.0015811503632952,0.015799016611436133
1583,158.3,1,0.2,-3.415465668505112,1.003722229904661,0.03715319549574703
1583,158.3,2,0.3,-3.430706014161735,0.9982775600954154,-0.017239250097783466
1584,158.4,0,0.1,-3.200709505464463,1.0016987297398239,0.016972885303788564
1584,158.4,1,0.2,-3.411942673659204,1.0035292078862776,0.035229948459083234
1584,158.4,2,0.3,-3.4325505018940285,0.9981572122898201,-0.01844487732293503
1585,158.5,0,0.1,-3.1988906440634826,1.0018205165327114,0.01818861400980524
1585,158.5,1,0.2,-3.4086113282677446,1.003336900489455,0.033313453914593734
1585,158.5,2,0.3,-3.4345045600043784,0.9980478498182628,-0.019540581103499877
1586,158.6,0,0.1,-3.1969478503638613,1.001944682146057,0.019427936996213584
1586,158.6,1,0.2,-3.4054708474411104,1.003145417302829,0.03140480826634385
1586,158.6,2,0.3,-3.436552358375534,0.9979542969374285,-0.02047798371155657
1587,158.70000000000002,0,0.1,-3.1948800498066805,1.0020699399310984,0.0206780055718034
1587,158.70000000000002,1,0.2,-3.4025201880230496,1.002955016898321,0.029506594180601593
1587,158.70000000000002,2,0.3,-3.4386736546780536,0.9978809520563893,-0.021212963025191885
1588,158.8,0,0.1,-3.192686783075944,1.0021956736995992,0.02193266730736845
1588,158.8,1,0.2,-3.399757479813373,1.0027665280048523,0.02762708209676547
1588,158.8,2,0.3,-3.4408448318289055,0.9978311781493585,-0.02171177150852034
1589,158.9,0,0.1,-3.1903675711464152,1.002321903381796,0.023192119295286848
1589,158.9,1,0.2,-3.397179232146709,1.0025815742054454,0.025782476666644037
1589,158.9,2,0.3,-3.4430404686294183,0.9978067718468066,-0.021956368005128374
1590,159.0,0,0.1,-3.187921450690665,1.0024491146492804,0.024461204557503505
1590,159.0,1,0.2,-3.394779547488941,1.0024025662054705,0.023996846577679896
1590,159.0,2,0.3,-3.4452352443825696,0.9978076310060645,-0.02194775753151426
1591,159.1,0,0.1,-3.1853467721625464,1.0025779958592895,0.025746785281188032
1591,159.1,1,0.2,-3.392549562183883,1.0022324735715442,0.02229985305058373
1591,159.1,2,0.3,-3.4474058937346674,0.99783170480355,-0.02170649352097999
1592,159.20000000000002,0,0.1,-3.182641302926173,1.0027091323209771,0.02705469236372877
1592,159.20000000000002,1,0.2,-3.3904772806572914,1.0020744301859068,0.02072281526590975
1592,159.20000000000002,2,0.3,-3.4495328980024746,0.9978752562028094,-0.02127004267806725
1593,159.3,0,0.1,-3.179802629365467,1.0028427064095757,0.028386735607061567
1593,159.3,1,0.2,-3.388547886668516,1.0019312564669827,0.019293939887755615
1593,159.3,2,0.3,-3.45160163027633,0.9979334060779418,-0.02068732273855407
1594,159.4,0,0.1,-3.1768288101985482,1.0029782453536096,0.029738191669188032
1594,159.4,1,0.2,-3.3867445214916585,1.0018049922177406,0.01803365176857521
1594,159.4,2,0.3,-3.4536027566430825,0.9980008745516961,-0.020011263667526508
1595,159.5,0,0.1,-3.1737192006821613,1.003114449367441,0.03109609516387123
1595,159.5,1,0.2,-3.3850494325823477,1.0016965263846176,0.01695088909310901
1595,159.5,2,0.3,-3.4555318166713374,0.998072799412192,-0.019290600282549905
1596,159.6,0,0.1,-3.1704753447120337,1.003249122964489,0.03243855970127736
1596,159.6,1,0.2,-3.3834453325938023,1.0016053872451363,0.016040999885454734
1596,159.6,2,0.3,-3.4573880382731854,0.9981455001120104,-0.01856221601848168
1597,159.70000000000002,0,0.1,-3.1671018192095857,1.003379222243839,0.03373525502447305
1597,159.70000000000002,1,0.2,-3.3819167771311327,1.0015297242990389,0.015285554626692642
1597,159.70000000000002,2,0.3,-3.4591725606760817,0.9982170689104879,-0.017845224028958766
1598,159.8,0,0.1,-3.1636069132934,1.003501020220765,0.034949059161857074
1598,159.8,1,0.2,-3.3804513731271624,1.0014664782330802,0.014654040039704108
1598,159.8,2,0.3,-3.4608863256972744,0.9982877026355554,-0.0171376502119279
1599,159.9,0,0.1,-3.1600030348672328,1.0036103802042156,0.03603878426167589
1599,159.9,1,0.2,-3.379040664360995,1.0014117042838522,0.014107087661675257
1599,159.9,2,0.3,-3.462527941973892,0.9983597304383518,-0.016416162766176124
1600,160.0,0,0.1,-3.156306760718203,1.0037031137947945,0.03696274149030054
1600,160.0,1,0.2,-3.3776805975005506,1.001360992170824,0.013600668604443974
1600,160.0,2,0.3,-3.464091828497035,0.9984373357101581,-0.015638865231429655
1601,160.1,0,0.1,-3.1525384831304417,1.0037753864723624,0.037682775877614295
1601,160.1,1,0.2,-3.376371539405126,1.0013099152859695,0.013090580954245501
1601,160.1,2,0.3,-3.465566908494753,0.9985260073980506,-0.014750799977184264
1602,160.20000000000002,0,0.1,-3.148721654133516,1.003824122364949,0.03816828996924946
1602,160.20000000000002,1,0.2,-3.3751178822706893,1.0012544432910315,0.012536571344365291
1602,160.20000000000002,2,0.3,-3.4669360610012654,0.9986317843551631,-0.013691525065119498
1603,160.3,0,0.1,-3.144881682591331,1.0038473536789478,0.03839971542185291
1603,160.3,1,0.2,-3.373927327440039,1.0011912638223892,0.011905548306501822
1603,160.3,2,0.3,-3.468176453593478,0.9987603763767049,-0.012403925922127173
1604,160.4,0,0.1,-3.1410445915253886,1.0038444621246587,0.03837091065942429
1604,160.4,1,0.2,-3.3728099745280082,1.0011179773833594,0.011173529120310301
1604,160.4,2,0.3,-3.4692607822958,0.9989162589696164,-0.010843287023219522
1605,160.5,0,0.1,-3.1372355841751713,1.0038162708380125,0.038090073502174915
1605,160.5,1,0.2,-3.3717773568665055,1.0010331509946808,0.010326176615028135
1605,160.5,2,0.3,-3.4701593390517966,0.999101846825236,-0.008985567559967555
1606,160.6,0,0.1,-3.133477688820992,1.0037649650959353,0.03757895354179688
1606,160.6,1,0.2,-3.3708415574919104,1.0009362373714448,0.009357993745951454
1606,160.6,2,0.3,-3.470842720063243,0.9993168524401752,-0.006833810114464212
1607,160.70000000000002,0,0.1,-3.129790648574198,1.0036938457411577,0.03687040246792833
1607,160.70000000000002,1,0.2,-3.3700145149299856,1.0008273846559266,0.008270425619245965
1607,160.70000000000002,2,0.3,-3.4712848896956343,0.9995579281101936,-0.004421696323911977
1608,160.8,0,0.1,-3.1261901917548243,1.0036069462499957,0.036004568193741364
1608,160.8,1,0.2,-3.3693075896012,1.0007071752593864,0.007069253287857304
1608,160.8,2,0.3,-3.4714662387045694,0.9998186674338023,-0.0018134900893508252
1609,160.9,0,0.1,-3.1226877647221727,1.0035085676971949,0.035024270326517774
1609,160.9,1,0.2,-3.3687314155820554,1.0005763400392789,0.005761740191445925
1609,160.9,2,0.3,-3.4713762388700715,1.0000900038846046,0.0008999983449787209
1610,161.0,0,0.1,-3.1192907403283496,1.003402800820224,0.03397024393823249
1610,161.0,1,0.2,-3.368296015126487,1.000435495256105,0.004354004555682492
1610,161.0,2,0.3,-3.4710153135401507,1.0003609904713044,0.0036092532992084534
1611,161.1,0,0.1,-3.116003043035869,1.0032931076968563,0.03287697292480649
1611,161.1,1,0.2,-3.3680111113367084,1.0002849443787178,0.002849037897787616
1611,161.1,2,0.3,-3.4703956224396433,1.0006198831487056,0.006196911005074487
1612,161.20000000000002,0,0.1,-3.1128260688915645,1.003182026075196,0.031769741443039005
1612,161.20000000000002,1,0.2,-3.3678865437795804,1.0001245753159882,0.0012456755712794642
1612,161.20000000000002,2,0.3,-3.469540594526806,1.0008553935534068,0.008550279128372305
1613,161.3,0,0.1,-3.1097597364769625,1.0030710384206707,0.03066332414602254
1613,161.3,1,0.2,-3.36793267746534,0.9999538673783827,-0.00046133685759566626
1613,161.3,2,0.3,-3.468483215963145,1.00105793778546,0.01057378563660787
1614,161.4,0,0.1,-3.106803491603614,1.002960618874368,0.029562448733486138
1614,161.4,1,0.2,-3.3681606999214897,0.9997720035389945,-0.0022802245614973646
1614,161.4,2,0.3,-3.46726326168734,1.0012206987227226,0.012199542758054155
1615,161.5,0,0.1,-3.1039571065075786,1.0028504398963545,0.028463850960355704
1615,161.5,1,0.2,-3.36858272343115,0.9995780655297348,-0.004220235096603871
1615,161.5,2,0.3,-3.465923814750552,1.0013403443964912,0.013394469367878565
1616,161.6,0,0.1,-3.1012211601439463,1.0027396924804972,0.027359463636324355
1616,161.6,1,0.2,-3.3692116457249313,0.9993712754363899,-0.006289222937812335
1616,161.6,2,0.3,-3.4645075179367257,1.0014173002358173,0.014162968138263482
1617,161.70000000000002,0,0.1,-3.098597150846369,1.002627455023187,0.026240092975767376
1617,161.70000000000002,1,0.2,-3.3700607654436547,0.9991512406814103,-0.008491197187232858
1617,161.70000000000002,2,0.3,-3.463053029399834,1.0014555468183677,0.014544885368913432
1618,161.8,0,0.1,-3.0960872632965666,1.0025130399544009,0.02509887549802557
1618,161.8,1,0.2,-3.371143189912732,0.9989181611409763,-0.010824244690775314
1618,161.8,2,0.3,-3.4615921056965293,1.0014619913722025,0.014609237033048337
1619,161.9,0,0.1,-3.093693874606698,1.0023962551309586,0.02393388689868517
1619,161.9,1,0.2,-3.3724711040294237,0.9986729671711244,-0.013279141166916064
1619,161.9,2,0.3,-3.460147624184111,1.0014455252783445,0.01444481512418243
1620,162.0,0,0.1,-3.0914189274536783,1.0022775368086985,0.02274947153020031
1620,162.0,1,0.2,-3.3740549847076076,0.9984173729988387,-0.015838806781839146
1620,162.0,2,0.3,-3.45873270569562,1.0014159199579327,0.014149184884911487
1621,162.1,0,0.1,-3.0892633141385346,1.0021579383198294,0.02155613315143812
1621,162.1,1,0.2,-3.3759028436858043,0.9981538472620792,-0.01847858978196831
1621,162.1,2,0.3,-3.4573509362380324,1.0013827245408558,0.013817694575878012
1622,162.20000000000002,0,0.1,-3.0872264025129668,1.0020389875392979,0.020369116255673867
1622,162.20000000000002,1,0.2,-3.3780195653378353,0.9978855170234155,-0.02116721652030547
1622,162.20000000000002,2,0.3,-3.4559975410270822,1.0013543114635528,0.01353395210949818
1623,162.3,0,0.1,-3.0853057971330338,1.001922450923777,0.01920605379933103
1623,162.3,1,0.2,-3.380406381802239,0.9976160297171256,-0.02386816464403776
1623,162.3,2,0.3,-3.4546612577770963,1.0013371764742707,0.013362832499859905
1624,162.4,0,0.1,-3.0834973756822714,1.0018100576309865,0.018084214507624236
1624,162.4,1,0.2,-3.3830605033952055,0.9973493974737164,-0.026541215929666694
1624,162.4,2,0.3,-3.4533266022029814,1.0013355466232363,0.01334655574115016
1625,162.5,0,0.1,-3.0817955832370663,1.0017032413157443,0.017017924452052826
1625,162.5,1,0.2,-3.385974905365446,0.9970898407764905,-0.029144019702408975
1625,162.5,2,0.3,-3.4519762199242394,1.001351294455441,0.01350382278742034
1626,162.6,0,0.1,-3.0801939171648334,1.0016029494244123,0.01601666072232979
1626,162.6,1,0.2,-3.389138267107097,0.9968416364153883,-0.03163361741650841
1626,162.6,2,0.3,-3.450593067587342,1.0013841093332638,0.013831523368975316
1627,162.70000000000002,0,0.1,-3.078685503124031,1.0015095522694963,0.01508414040802032
1627,162.70000000000002,1,0.2,-3.39253506701578,0.9966089626894825,-0.033967999086824734
1627,162.70000000000002,2,0.3,-3.449162245711728,1.001431845989617,0.01430821875613505
1628,162.8,0,0.1,-3.07726365364044,1.0014228607908204,0.01421849483591223
1628,162.8,1,0.2,-3.3961458505755675,0.9963957274801611,-0.03610783559787595
1628,162.8,2,0.3,-3.447672395517073,1.00149096057282,0.014898501946550582
1629,162.9,0,0.1,-3.0759223159554754,1.0013422376807113,0.013413376849645484
1629,162.9,1,0.2,-3.3999477027712777,0.9962053656943344,-0.038018521957103805
1629,162.9,2,0.3,-3.4461166511791754,1.001556955135936,0.015557443378978238
1630,163.0,0,0.1,-3.074656351078518,1.0012667665487527,0.012659648769575869
1630,163.0,1,0.2,-3.4039149591279694,0.9960406028082657,-0.03967256356691932
1630,163.0,2,0.3,-3.444493192349412,1.0016247773524753,0.01623458829763539
1631,163.1,0,0.1,-3.0734616328228404,1.0011954322158316,0.01194718255677586
1631,163.1,1,0.2,-3.408020175015986,0.9959031989918224,-0.04105215888017055
1631,163.1,2,0.3,-3.4428054630664753,1.0016891542995707,0.01687729282936797
1632,163.20000000000002,0,0.1,-3.072335003210149,1.001127264498238,0.011266296126912425
1632,163.20000000000002,1,0.2,-3.412235337410446,0.9957937089334726,-0.04215162394459001
1632,163.20000000000002,2,0.3,-3.4410621160376422,1.0017448675417302,0.017433470288326567
1633,163.3,0,0.1,-3.071274157978271,1.0010614081272113,0.01060845231877721
1633,163.3,1,0.2,-3.4165332505983277,0.9957113096233257,-0.042979131878817745
1633,163.3,2,0.3,-3.439276717343796,1.0017869934670551,0.01785398693846409
1634,163.4,0,0.1,-3.0702775542084306,1.0009971005443932,0.009966037698406217
1634,163.4,1,0.2,-3.4208889674886156,0.9956537554865387,-0.04355716890288156
1634,163.4,2,0.3,-3.4374672214027386,1.001811134066749,0.018094959410573846
1635,163.5,0,0.1,-3.069344426627625,1.0009335630797949,0.009331275808058235
1635,163.5,1,0.2,-3.4252810860223564,0.9956175127131808,-0.04392118533741024
1635,163.5,2,0.3,-3.4356552135944702,1.0018136504864492,0.01812007808268504
1636,163.6,0,0.1,-3.068474970493782,1.000869834220396,0.008694561338429769
1636,163.6,1,0.2,-3.4296927017032517,0.9955981012012612,-0.044116156808955705
1636,163.6,2,0.3,-3.433864926471434,1.0017918906438057,0.017902871230362955
1637,163.70000000000002,0,0.1,-3.0676707029415775,1.0008045910620758,0.008042675522042356
1637,163.70000000000002,1,0.2,-3.434111815278078,0.9955906363402856,-0.044191135748253785
1637,163.70000000000002,2,0.3,-3.4321220646726474,1.0017443814651394,0.017428617987862917
1638,163.8,0,0.1,-3.066934961224984,1.0007360124409208,0.0073574171659367155
1638,163.8,1,0.2,-3.4385310447088866,0.9955905209951614,-0.04419229430808776
1638,163.8,2,0.3,-3.4304525150289202,1.0016709441176734,0.016695496437272146
1639,163.9,0,0.1,-3.0662734475646887,1.000661732508711,0.006615136602952475
1639,163.9,1,0.2,-3.4429465789463793,0.9955941999013972,-0.044155342374929976
1639,163.9,2,0.3,-3.4288810579034052,1.0015726925112973,0.015714571255150748
1640,164.0,0,0.1,-3.0656946979981603,1.0005789170743722,0.005787495665284022
1640,164.0,1,0.2,-3.447356424590678,0.9955998634478957,-0.04409845644298722
1640,164.0,2,0.3,-3.4274302184701826,1.001451892409925,0.014508394332227439
1641,164.1,0,0.1,-3.0652103453705823,1.0004844699452522,0.004843526275779828
1641,164.1,1,0.2,-3.4517581159154793,0.9956079819203735,-0.04401691324801755
1641,164.1,2,0.3,-3.4261193908708028,1.001311687109393,0.013108275993799125
1642,164.20000000000002,0,0.1,-3.0648350678253697,1.0003753479706399,0.0037527754521251913
1642,164.20000000000002,1,0.2,-3.4561461626912355,0.9956215666349912,-0.04388046775755218
1642,164.20000000000002,2,0.3,-3.4249643297005568,1.001155728510314,0.011550611702457341
1643,164.3,0,0.1,-3.06458616101503,1.00024893779021,0.002489068103397471
1643,164.3,1,0.2,-3.4605095803419506,0.9956460882250212,-0.04363417650715266
1643,164.3,2,0.3,-3.4239770366940876,1.0009877805406424,0.00987293006469215
1644,164.4,0,0.1,-3.064482736020457,1.000103430343122,0.0010342499457305953
1644,164.4,1,0.2,-3.464829870954727,0.9956890284175762,-0.04320290612776635
1644,164.4,2,0.3,-3.42316598878381,1.0008113768985698,0.008110479102776864
1645,164.5,0,0.1,-3.064544612824081,0.999938125110706,-0.0006187680362402044
1645,164.5,1,0.2,-3.469079796747494,0.9957590923618359,-0.042499257927673034
1645,164.5,2,0.3,-3.422536575500542,1.0006296114053732,0.00629413283268079
1646,164.6,0,0.1,-3.0647910371035545,0.9997536060804956,-0.0024642427947353675
1646,164.6,1,0.2,-3.4732232118735387,0.995865156975064,-0.041434151260448936
1646,164.6,2,0.3,-3.4220915589416006,1.0004451155935001,0.004450165589413833
1647,164.70000000000002,0,0.1,-3.0652393840565786,0.999551753539452,-0.004483469530239905
1647,164.70000000000002,1,0.2,-3.477216101285744,0.9960150715714232,-0.03992889412204528
1647,164.70000000000002,2,0.3,-3.421831354672942,1.0002602381247256,0.002602042686583003
1648,164.8,0,0.1,-3.06590401957837,0.9993355852994722,-0.0066463552179167225
1648,164.8,1,0.2,-3.481008828067693,0.996214456521966,-0.03792726781949301
1648,164.8,2,0.3,-3.421753965396871,1.0000773922706983,0.0007738927607104258
1649,164.9,0,0.1,-3.0667954652715466,0.9991089515264935,-0.00891445693176391
1649,164.9,1,0.2,-3.4845494277605735,0.9964656608393532,-0.03540599692880543
1649,164.9,2,0.3,-3.4218544785958707,0.9998994918522828,-0.0010051319899951354
1650,165.0,0,0.1,-3.0679199646850206,0.9988761325990698,-0.011244994134740977
1650,165.0,1,0.2,-3.487787627891894,0.996767037184041,-0.03238200131320663
1650,165.0,2,0.3,-3.422124150997395,0.9997303639568091,-0.0026967240152454973
1651,165.1,0,0.1,-3.0692794841115987,0.9986414043013015,-0.01359519426578159
1651,165.1,1,0.2,-3.4906791348087323,0.9971126694629735,-0.028915069168384246
1651,165.1,2,0.3,-3.4225492240448987,0.9995750172832447,-0.004250730475035234
1652,165.20000000000002,0,0.1,-3.07087211523324,0.9984086364422936,-0.01592631121640846
1652,165.20000000000002,1,0.2,-3.493189641835785,0.9974926416602286,-0.02510507027052229
1652,165.20000000000002,2,0.3,-3.4231097188256476,0.9994396622671078,-0.00560494780748805
1653,165.3,0,0.1,-3.0726927918599345,0.9981809797995703,-0.018206766266947096
1653,165.3,1,0.2,-3.495297994931578,0.9978938679194262,-0.02108353095792945
1653,165.3,2,0.3,-3.4237785209160863,0.999331421507829,-0.006688020904386629
1654,165.4,0,0.1,-3.074734199160841,0.9979606749538267,-0.02041407300906633
1654,165.4,1,0.2,-3.496998019244936,0.9983014199094542,-0.017000243133581252
1654,165.4,2,0.3,-3.424521067392905,0.9992577291425921,-0.007425464768187485
1655,165.5,0,0.1,-3.0769877464025215,0.9977489900895481,-0.02253547241680604
1655,165.5,1,0.2,-3.498298663572156,0.9987002011440205,-0.013006443272201757
1655,165.5,2,0.3,-3.4252958832570615,0.9992254842281448,-0.0077481586415655244
1656,165.6,0,0.1,-3.0794444925001137,0.9975462692332958,-0.02456746097592306
1656,165.6,1,0.2,-3.4992223435009286,0.9990767465322182,-0.009236799287726775
1656,165.6,2,0.3,-3.426056089622395,0.9992400825183173,-0.007602063653334034
1657,165.70000000000002,0,0.1,-3.082095951016853,0.9973520534947238,-0.026514585167388215
1657,165.70000000000002,1,0.2,-3.4998016250051616,0.9994208862469042,-0.005792815042327885
1657,165.70000000000002,2,0.3,-3.4267518412427096,0.9993044903587213,-0.00695751620314608
1658,165.8,0,0.1,-3.08493474672862,0.9971652298586217,-0.028387957117669785
1658,165.8,1,0.2,-3.500074644574759,0.9997270176968535,-0.002730195695974813
1658,165.8,2,0.3,-3.427333476642891,0.9994185337168985,-0.005816354001813348
1659,165.9,0,0.1,-3.0879551370630907,0.9969841664554994,-0.0302039033447094
1659,165.9,1,0.2,-3.5000798645657207,0.9999947800226623,-5.2199909617026334e-05
1659,165.9,2,0.3,-3.4277550158047307,0.9995785496733095,-0.004215391618398696
1660,166.0,0,0.1,-3.0911534378110637,0.9968068083675836,-0.03198300747973186
1660,166.0,1,0.2,-3.499850877126268,1.000229013659078,0.002289874394527788
1660,166.0,2,0.3,-3.4279775515249415,0.9997774890390257,-0.0022253572021081625
1661,166.1,0,0.1,-3.0945283971309157,0.9966307294537605,-0.033749593198521805
1661,166.1,1,0.2,-3.4994119765863725,1.00043899687083,0.004389005398955065
1661,166.1,2,0.3,-3.427972074478954,1.0000054770609865,5.477045987412366e-05
1662,166.20000000000002,0,0.1,-3.098081544826561,0.9964531572639337,-0.03553147695644379
1662,166.20000000000002,1,0.2,-3.498775116935884,1.0006370624886534,0.006368596504885078
1662,166.20000000000002,2,0.3,-3.427721354603475,1.000250751308334,0.002507198754790315
1663,166.3,0,0.1,-3.101817511202229,0.9962710036640653,-0.037359663756684106
1663,166.3,1,0.2,-3.4979386732953146,1.0008367935571063,0.008364436405692764
1663,166.3,2,0.3,-3.4272206577246846,1.000500822248396,0.005006968787904249
1664,166.4,0,0.1,-3.1057442721084763,0.9960809387378425,-0.03926760906247441
1664,166.4,1,0.2,-3.4968881627047272,1.0010510625701077,0.01050510590587421
1664,166.4,2,0.3,-3.4264772728454367,1.0007436612582683,0.0074338487924800805
1665,166.5,0,0.1,-3.109873246403859,0.9958795381989961,-0.0412897429538296
1665,166.5,1,0.2,-3.495598787985522,1.0012902063201652,0.012893747192053896
1665,166.5,2,0.3,-3.425509018096785,1.0009687236586102,0.00968254748651864
1666,166.6,0,0.1,-3.1142191595560615,0.9956635166630287,-0.0434591315220281
1666,166.6,1,0.2,-3.49403939229073,1.001560612184506,0.015593956947919983
1666,166.6,2,0.3,-3.4243420393383963,1.0011676599430501,0.011669787583886256
1667,166.70000000000002,0,0.1,-3.118799598405014,0.9954300353628075,-0.04580438848951498
1667,166.70000000000002,1,0.2,-3.4921771959284347,1.0018639313267224,0.018621963622949197
1667,166.70000000000002,2,0.3,-3.4230082850452113,1.00133464413901,0.013337542931847489
1668,166.8,0,0.1,-3.123634216763122,0.9951770495982811,-0.04834618358108331
1668,166.8,1,0.2,-3.489982570800992,1.0021970350798257,0.021946251274426315
1668,166.8,2,0.3,-3.42154302524466,1.0014663338182004,0.014652598005514272
1669,166.9,0,0.1,-3.1287436028228717,0.9949036446507811,-0.05109386059749823
1669,166.9,1,0.2,-3.4874331176122317,1.0025527058080874,0.02549453188760576
1669,166.9,2,0.3,-3.4199826933073765,1.001561549888548,0.01560331937283532
1670,167.0,0,0.1,-3.1341478761190547,0.9946103035178961,-0.054042732961832894
1670,167.0,1,0.2,-3.4845164510540676,1.0029209241684067,0.02916666558164304
1670,167.0,2,0.3,-3.4183631963915135,1.0016208090092078,0.01619496915863031
1671,167.1,0,0.1,-3.1398651314238806,0.99429905709709,-0.05717255304826244
1671,167.1,1,0.2,-3.481231345514631,1.0032905074122602,0.032851055394369146
1671,167.1,2,0.3,-3.4167187000115984,1.0016458493056124,0.016444963799152435
1672,167.20000000000002,0,0.1,-3.145909878592162,0.9939734855599737,-0.06044747168280253
1672,167.20000000000002,1,0.2,-3.4775872003677653,1.0036507931167276,0.0364414514686479
1672,167.20000000000002,2,0.3,-3.4150807790946183,1.0016392630421103,0.016379209169797456
1673,167.3,0,0.1,-3.1522916345399596,0.9936385642076219,-0.06381755947797803
1673,167.3,1,0.2,-3.4736020867735182,1.0039930647179618,0.03985113594247251
1673,167.3,2,0.3,-3.4134777662888927,1.0016042983175586,0.016030128057257034
1674,167.4,0,0.1,-3.159013805381882,0.9933003724070179,-0.06722170841922663
1674,167.4,1,0.2,-3.4692998754551034,1.0043114791154362,0.04302211318415039
1674,167.4,2,0.3,-3.4119341275466692,1.001544830765779,0.015436387422234955
1675,167.5,0,0.1,-3.1660729577922733,0.9929657048811238,-0.07059152410391746
1675,167.5,1,0.2,-3.4647070724150972,1.004603366125087,0.0459280304000646
1675,167.5,2,0.3,-3.410469748784176,1.001465451488635,0.014643787624933624
1676,167.6,0,0.1,-3.173458527270627,0.9926416368207002,-0.0738556947835398
1676,167.6,1,0.2,-3.4598499893800456,1.004868897783516,0.04857083035051889
1676,167.6,2,0.3,-3.409099106664234,1.001371581879161,0.013706421199418341
1677,167.70000000000002,0,0.1,-3.1811529571766393,0.9923350964417728,-0.07694429906010684
1677,167.70000000000002,1,0.2,-3.454752758799344,1.0051102435611574,0.05097230580700614
1677,167.70000000000002,2,0.3,-3.4078303949681565,1.001269516851229,0.01268711696077385
1678,167.8,0,0.1,-3.189132215448801,0.9920524915064425,-0.0797925827216207
1678,167.8,1,0.2,-3.4494365025762304,1.0053304125883988,0.05316256223113794
1678,167.8,2,0.3,-3.4066647587988035,1.0011663157872293,0.011656361693531233
1679,167.9,0,0.1,-3.1973666025650225,0.9917994225850008,-0.08234387116222065
1679,167.9,1,0.2,-3.443919724274492,1.0055320237455045,0.05516778301738559
1679,167.9,2,0.3,-3.4055958307952876,1.0010694995106693,0.010689280035159395
1680,168.0,0,0.1,-3.2058217476739292,0.9915804991007681,-0.0845514510890725
1680,168.0,1,0.2,-3.438219762432829,1.0057162375330737,0.05699961841663428
1680,168.0,2,0.3,-3.4046097554785035,1.0009865616488893,0.009860753167841302
1681,168.1,0,0.1,-3.2144596893566137,0.9913992581485251,-0.08637941682684994
1681,168.1,1,0.2,-3.4323549569846894,1.0058820370898838,0.058648054481399425
1681,168.1,2,0.3,-3.403685830520271,1.0009243519083766,0.009239249582325108
1682,168.20000000000002,0,0.1,-3.223239949694491,0.9912581735790673,-0.08780260337875269
1682,168.20000000000002,1,0.2,-3.4263470687735387,1.006025971768054,0.060078882111493585
1682,168.20000000000002,2,0.3,-3.402797799067938,1.0008884258690058,0.008880314523327583
1683,168.3,0,0.1,-3.232120530210868,0.9911587353700674,-0.08880580516377695
1683,168.3,1,0.2,-3.4202234664900484,1.0061423898656028,0.06123602283490641
1683,168.3,2,0.3,-3.4019157155459157,1.000882472672105,0.008820835220225089
1684,168.4,0,0.1,-3.241058780842803,0.9911015767794497,-0.08938250631935382
1684,168.4,1,0.2,-3.414018653888074,1.0062241023274268,0.06204812601974827
1684,168.4,2,0.3,-3.4010082029106976,1.000907924549406,0.009075126352180956
1685,168.5,0,0.1,-3.2500121147144307,0.9910866278695463,-0.08953333871628176
1685,168.5,1,0.2,-3.4077748371735086,1.0062633499710103,0.062438167145656635
1685,168.5,2,0.3,-3.4000448454049255,1.0009638216836585,0.009633575057721992
1686,168.6,0,0.1,-3.258938560372309,0.9911132767769097,-0.08926445657878876
1686,168.6,1,0.2,-3.4015414019767714,1.0062529034843282,0.062334351967376016
1686,168.6,2,0.3,-3.3989984345362125,1.0010469585475819,0.01046410868712992
1687,168.70000000000002,0,0.1,-3.2677971592592465,0.9911805228935657,-0.08858598886935394
1687,168.70000000000002,1,0.2,-3.395373349891037,1.006187113689837,0.06168052085733163
1687,168.70000000000002,2,0.3,-3.397846814112824,1.0011522837928135,0.011516204233880825
1688,168.8,0,0.1,-3.276548230282722,0.9912871081478374,-0.08751071023475773
1688,168.8,1,0.2,-3.3893289053052125,1.0060627491026284,0.06044444585824659
1688,168.8,2,0.3,-3.3965741471080593,1.0012734771890792,0.012726670047649881
1689,168.9,0,0.1,-3.2851535356934627,0.9914316142523069,-0.08605305410741382
1689,168.9,1,0.2,-3.3834666194651595,1.0058795026645617,0.05862285840053327
1689,168.9,2,0.3,-3.3951715356404724,1.0014035955871101,0.014026114675869915
1690,169.0,0,0.1,-3.2935763920828287,0.991612516482303,-0.08422856389366497
1690,169.0,1,0.2,-3.3778423556963366,1.0056401096334722,0.05624263768823177
1690,169.0,2,0.3,-3.3936370403546383,1.0015356732261627,0.01534495285834135
1691,169.1,0,0.1,-3.301781774543028,0.9918281898032855,-0.08205382460199773
1691,169.1,1,0.2,-3.3725065342487173,1.0053500822960444,0.05335821447619652
1691,169.1,2,0.3,-3.39197524021001,1.001663181699672,0.016618001446283392
1692,169.20000000000002,0,0.1,-3.309736457571878,0.9920768717373726,-0.07954683028848354
1692,169.20000000000002,1,0.2,-3.3675019542657125,1.0050171238102068,0.05004579983003604
1692,169.20000000000002,2,0.3,-3.3901965265990675,1.0017802964603368,0.017787136109422126
1693,169.3,0,0.1,-3.317409220651541,0.9923565974269162,-0.0767276307966335
1693,169.3,1,0.2,-3.3628624083789047,1.0046503252438188,0.0463954588680808
1693,169.3,2,0.3,-3.388316326124962,1.0018819691593377,0.01880200474105749
1694,169.4,0,0.1,-3.3247711197759346,0.9926651332776826,-0.07361899124393975
1694,169.4,1,0.2,-3.3586121809635356,1.0042592724418435,0.04250227415369309
1694,169.4,2,0.3,-3.386354397140856,1.0019638548260241,0.019619289841058544
1695,169.5,0,0.1,-3.3317957926959303,0.9929999424228518,-0.07024672919996044
1695,169.5,1,0.2,-3.354766393835691,1.0038531916561981,0.03845787127844998
1695,169.5,2,0.3,-3.38433426183892,1.0020221771499604,0.02020135301936347
1696,169.6,0,0.1,-3.3384597334235733,0.993358214085264,-0.0666394072764336
1696,169.6,1,0.2,-3.3513320515299383,1.0034402464162666,0.03434342305752764
1696,169.6,2,0.3,-3.38228274237085,1.0020536252739212,0.020515194680698123
1697,169.70000000000002,0,0.1,-3.34474245107079,0.9937369773556675,-0.06282717647215456
1697,169.70000000000002,1,0.2,-3.3483095575017563,1.0030270663687209,0.030224940281813117
1697,169.70000000000002,2,0.3,-3.3802294925953342,1.0020553591362709,0.020532497755154415
1698,169.8,0,0.1,-3.350626429194407,0.9941332985738179,-0.05883978123616963
1698,169.8,1,0.2,-3.34569443307487,1.002618546847472,0.026151244268863102
1698,169.8,2,0.3,-3.378206378594574,1.0020251618766864,0.02023114000760388
1699,169.9,0,0.1,-3.3560968299618357,0.9945445346282387,-0.054704007674291955
1699,169.9,1,0.2,-3.3434789768167703,1.002217912194654,0.022154562580999498
1699,169.9,2,0.3,-3.376246573124529,1.0019617271439492,0.01959805470045262
1700,170.0,0,0.1,-3.36114094082016,0.9949685893061992,-0.05044110858324411
1700,170.0,1,0.2,-3.3416536500463274,1.0018269936934243,0.01825326770442996
1700,170.0,2,0.3,-3.3743832906389444,1.0018650194750613,0.018632824855845335
1701,170.1,0,0.1,-3.3657474297072505,0.995404104710171,-0.0460648888709096
1701,170.1,1,0.2,-3.3402080537392216,1.0014466416851182,0.014455963071059164
1701,170.1,2,0.3,-3.3726481865046227,1.0017366102984913,0.017351041343217508
1702,170.20000000000002,0,0.1,-3.3699055410405587,0.995850521641853,-0.041581113333072885
1702,170.20000000000002,1,0.2,-3.3391314566550396,1.0010771768228524,0.010765970841817069
1702,170.20000000000002,2,0.3,-3.3710695529524264,1.0015798802500824,0.01578633552195981
1703,170.3,0,0.1,-3.3736044087526604,0.9963079646724493,-0.03698867712101916
1703,170.3,1,0.2,-3.3384129246264402,1.0007187902345769,0.007185320285994354
1703,170.3,2,0.3,-3.3696705376669898,1.0013999943638496,0.013990152854367017
1704,170.4,0,0.1,-3.3768326672757496,0.9967769467006808,-0.0322825852308935
1704,170.4,1,0.2,-3.3380411683886027,1.0003718253477516,0.0037175623783760495
1704,170.4,2,0.3,-3.3684676636996733,1.0012035977103686,0.012028739673165107
1705,170.5,0,0.1,-3.3795784977766457,0.9972579358436372,-0.027458305008962076
1705,170.5,1,0.2,-3.3380042591897072,1.0000369098800483,0.0003690919889543164
1705,170.5,2,0.3,-3.3674699248351776,1.0009982367714965,0.009977388644957797
1706,170.6,0,0.1,-3.3818301586286963,0.9977508722346716,-0.02251660852050769
1706,170.6,1,0.2,-3.3382893531879203,0.9997149466372192,-0.00285093998213098
1706,170.6,2,0.3,-3.3666786639599704,1.0007915740046769,0.007912608752072453
1707,170.70000000000002,0,0.1,-3.3835769328635648,0.9982547504873344,-0.017467742348680673
1707,170.70000000000002,1,0.2,-3.3388825222157967,0.9994070068620923,-0.00593169027876293
1707,170.70000000000002,2,0.3,-3.3660883220843565,1.0005905161616733,0.005903418756137747
1708,170.8,0,0.1,-3.3848103084536225,0.9987673847050067,-0.012333755900578315
1708,170.8,1,0.2,-3.3397687229963156,0.9991141917794218,-0.008862007805188702
1708,170.8,2,0.3,-3.365687993424254,1.0004004088023148,0.004003286601026673
1709,170.9,0,0.1,-3.3855251212948203,0.9992854425766389,-0.007148128411978278
1709,170.9,1,0.2,-3.3409318674704678,0.998837531716187,-0.011631444741522884
1709,170.9,2,0.3,-3.365463567146262,1.000224451463453,0.002244262779918088
1710,171.0,0,0.1,-3.3857203631333284,0.9998047772199394,-0.0019524183850806454
1710,171.0,1,0.2,-3.3423549023733305,0.9985779771311946,-0.01423034902862855
1710,171.0,2,0.3,-3.3654001122542625,1.0000634569053037,0.0006345489199955173
1711,171.1,0,0.1,-3.385399402304768,1.0003210123419979,0.0032096082856016444
1711,171.1,1,0.2,-3.3440197816233357,0.9983365058926483,-0.016648792500052304
1711,171.1,2,0.3,-3.365484098476669,0.9999160173043374,-0.0008398622240646724
1712,171.20000000000002,0,0.1,-3.3845694805545508,1.0008302662305637,0.008299217502172662
1712,171.20000000000002,1,0.2,-3.3459072281928566,0.9981143335376269,-0.018874465695204606
1712,171.20000000000002,2,0.3,-3.365705062057539,0.9997790608297841,-0.0022096358086982045
1713,171.3,0,0.1,-3.383240511541459,1.0013298524837353,0.013289690130916165
1713,171.3,1,0.2,-3.3479962315021785,0.9979131771395053,-0.020890033093220538
1713,171.3,2,0.3,-3.3660564235969126,0.9996487001808632,-0.0035136153937378235
1714,171.4,0,0.1,-3.381423378429803,1.001818785098504,0.01817133111656425
1714,171.4,1,0.2,-3.3502633018284618,0.9977354975367735,-0.02267070326283389
1714,171.4,2,0.3,-3.3665353288917808,0.9995212093619685,-0.004789052948681866
1715,171.5,0,0.1,-3.3791280665363996,1.0022979481383627,0.022953118934033928
1715,171.5,1,0.2,-3.3526815881138377,0.9975846354132608,-0.024182862853760187
1715,171.5,2,0.3,-3.3671415796902098,0.9993939329344552,-0.006062507984290544
1716,171.6,0,0.1,-3.376362035594147,1.0027698599353965,0.027660309422527413
1716,171.6,1,0.2,-3.355220040527853,0.9974647667318547,-0.025384524140156572
1716,171.6,2,0.3,-3.367875906562338,0.9992659426798657,-0.007343268721280855
1717,171.70000000000002,0,0.1,-3.3731292138107616,1.0032380529873917,0.032328217833847296
1717,171.70000000000002,1,0.2,-3.3578428461722214,0.9973806309052319,-0.02622805644367635
1717,171.70000000000002,2,0.3,-3.3687379689353123,0.999138309096042,-0.008620623729742854
1718,171.8,0,0.1,-3.3694298828072045,1.0037061819738915,0.03699331003557337
1718,171.8,1,0.2,-3.3605093722349486,0.9973370259600057,-0.026665260627273663
1718,171.8,2,0.3,-3.3697245174498387,0.9990139379644677,-0.009865485145264535
1719,171.9,0,0.1,-3.365261540575541,1.0041770418536107,0.04168342231663639
1719,171.9,1,0.2,-3.363174809666336,0.9973381116929397,-0.026654374313876256
1719,171.9,2,0.3,-3.370828109736271,0.9988970164475829,-0.011035922864324827
1720,172.0,0,0.1,-3.360620617651495,1.004651708685681,0.046409229240465394
1720,172.0,1,0.2,-3.365791624115233,0.9973866064254512,-0.026168144488970913
1720,172.0,2,0.3,-3.3720366423408077,0.9987921973768932,-0.012085326045366405
1721,172.1,0,0.1,-3.3555047272750045,1.0051289988880319,0.05115890376490586
1721,172.1,1,0.2,-3.3683117994266647,0.9974829976643238,-0.02520175311431815
1721,172.1,2,0.3,-3.373333777453308,0.9987037058036163,-0.012971351125004764
1722,172.20000000000002,0,0.1,-3.349914999108774,1.0056053798460058,0.055897281662292186
1722,172.20000000000002,1,0.2,-3.3706897194203354,0.9976249050184164,-0.023779199936701113
1722,172.20000000000002,2,0.3,-3.3747001441655002,0.998634566341791,-0.013663667121918356
1723,172.3,0,0.1,-3.3438580111454885,1.0060753686065853,0.06056987963285809
1723,172.3,1,0.2,-3.3728853981260385,0.9978067300335244,-0.021956787057032662
1723,172.3,2,0.3,-3.3761150245951943,0.9985861200417164,-0.014148804296941458
1724,172.4,0,0.1,-3.337346907336746,1.0065323471259335,0.06511103808743017
1724,172.4,1,0.2,-3.3748676618646507,0.9980196996486209,-0.019822637386123238
1724,172.4,2,0.3,-3.377558133722365,0.9985579316540921,-0.014431091271705764
1725,172.5,0,0.1,-3.330401455135853,1.0069696277917572,0.06945452200893104
1725,172.5,1,0.2,-3.376616831945162,0.998252358825905,-0.017491700805113305
1725,172.5,2,0.3,-3.3790110919033305,0.9985480968517373,-0.014529581809657736
1726,172.6,0,0.1,-3.323047020216228,1.0073815451956207,0.07354434919625481
1726,172.6,1,0.2,-3.3781264716226085,0.9984914992553331,-0.015096396774466362
1726,172.6,2,0.3,-3.380458273747485,0.9985538648185256,-0.014471818441546814
1727,172.70000000000002,0,0.1,-3.3153126635924206,1.00776434402122,0.07734356623805745
1727,172.70000000000002,1,0.2,-3.3794038517604092,0.9987234353649348,-0.01277380137800475
1727,172.70000000000002,2,0.3,-3.381886876998056,0.9985724167172851,-0.01428603250570712
1728,172.8,0,0.1,-3.3072287469261554,1.0081166797457608,0.08083916666265638
1728,172.8,1,0.2,-3.3804689486218016,0.9989354701529433,-0.010650968613923945
1728,172.8,2,0.3,-3.383286252456901,0.9986016032104305,-0.013993754588451332
1729,172.9,0,0.1,-3.29882452529405,1.008439636243954,0.08404221632106113
1729,172.9,1,0.2,-3.3813519922497512,0.9991173461403388,-0.008830436279497146
1729,172.9,2,0.3,-3.3846467235931064,0.998640453885115,-0.013604711362052654
1730,173.0,0,0.1,-3.2901261954165464,1.0087362702750782,0.08698329877503902
1730,173.0,1,0.2,-3.3820898020218455,0.9992624623426086,-0.007378097720942976
1730,173.0,2,0.3,-3.38595825737475,0.9986893259029104,-0.013115337816436892
1731,173.1,0,0.1,-3.281155758255057,1.0090107921098426,0.08970437161489885
1731,173.1,1,0.2,-3.382721340004559,0.9993686613954245,-0.006315379827133509
1731,173.1,2,0.3,-3.387209394629824,0.9987496450908334,-0.012511372550739353
1732,173.20000000000002,0,0.1,-3.2719308759272563,1.0092675626942824,0.09224882327798624
1732,173.20000000000002,1,0.2,-3.38328304896413,0.9994384487693725,-0.005617089595711777
1732,173.20000000000002,2,0.3,-3.388386798203309,0.9988232892941473,-0.011774035734847909
1733,173.3,0,0.1,-3.2624656950418314,1.009510117375458,0.09465180885425456
1733,173.3,1,0.2,-3.3838045964772605,0.9994785884691325,-0.005215475131304123
1733,173.3,2,0.3,-3.389475642180061,0.9989117485987572,-0.010888439767523026
1734,173.4,0,0.1,-3.2527724161921214,1.0097404108418933,0.09693278849710492
1734,173.4,1,0.2,-3.384305609086096,0.9994991128770241,-0.005010126088356444
1734,173.4,2,0.3,-3.3904608762512187,0.9990152511125769,-0.009852340711576374
1735,173.5,0,0.1,-3.2428632511324427,1.0099584234043486,0.09909165059679323
1735,173.5,1,0.2,-3.3847938543061806,0.9995118739522172,-0.004882452200845322
1735,173.5,2,0.3,-3.3913291981160913,0.9991320550174647,-0.008683218648726726
1736,173.6,0,0.1,-3.2327523507354594,1.0101621882601524,0.10110900396983832
1736,173.6,1,0.2,-3.385265129345236,0.999528835993583,-0.0047127503905522354
1736,173.6,2,0.3,-3.3920713978534227,0.9992580756247651,-0.007421997373314037
1737,173.70000000000002,0,0.1,-3.222457316228517,1.0103482107016146,0.10295034506940016
1737,173.70000000000002,1,0.2,-3.385704869683884,0.999560356332964,-0.0043974033864814235
1737,173.70000000000002,2,0.3,-3.392684638188985,0.9993869476578622,-0.006132403355619535
1738,173.8,0,0.1,-3.2120000127116755,1.0105121722079944,0.10457303516842192
1738,173.8,1,0.2,-3.3860912323864114,0.9996137119259303,-0.00386362702527365
1738,173.8,2,0.3,-3.3931742248207084,0.9995105331962553,-0.00489586631723632
1739,173.9,0,0.1,-3.2014065608916678,1.0106497610916032,0.10593451820008307
1739,173.9,1,0.2,-3.3863991778060094,0.9996921019907262,-0.0030794541959801667
1739,173.9,2,0.3,-3.3935545025804275,0.9996197945367036,-0.0038027775971907147
1740,174.0,0,0.1,-3.190706554154739,1.0107574565305701,0.10700006736929332
1740,174.0,1,0.2,-3.3866049098784674,0.9997942890889336,-0.002057320724580098
1740,174.0,2,0.3,-3.3938486670851074,0.999705878757456,-0.0029416450467991137
1741,174.1,0,0.1,-3.179931696613285,1.0108331153708987,0.1077485754145452
1741,174.1,1,0.2,-3.386689973921657,0.9999149395746536,-0.0008506404318975797
1741,174.1,2,0.3,-3.3940874731885415,0.9997612224084736,-0.0023880610343419953
1742,174.20000000000002,0,0.1,-3.169114154530369,1.0108762632397899,0.10817542082913728
1742,174.20000000000002,1,0.2,-3.386644370938831,1.0000456040226577,0.0004560298282595483
1742,174.20000000000002,2,0.3,-3.3943070100657935,0.9997804872192051,-0.00219536877251908
1743,174.3,0,0.1,-3.1582849434440825,1.010888059227136,0.10829211086287044
1743,174.3,1,0.2,-3.386468224614327,1.0001761618391791,0.0017614632450425496
1743,174.3,2,0.3,-3.3945458610365367,0.999761177551879,-0.0023885097074317877
1744,174.4,0,0.1,-3.1474726372300252,1.0108709704380991,0.1081230621405788
1744,174.4,1,0.2,-3.386171800705108,1.0002964678471271,0.0029642390921892935
1744,174.4,2,0.3,-3.394842049373908,0.9997038555220636,-0.0029618833737156697
1745,174.5,0,0.1,-3.136702597897083,1.0108282449779116,0.10770039332942795
1745,174.5,1,0.2,-3.385773975823672,1.000397904024249,0.00397824881436049
1745,174.5,2,0.3,-3.3952301808129715,0.9996119438741998,-0.0038813143906326606
1746,174.6,0,0.1,-3.1259968094359505,1.010763300468315,0.1070578846113318
1746,174.6,1,0.2,-3.38529952181042,1.0004745665843597,0.004744540132519951
1746,174.6,2,0.3,-3.3957391362531815,0.9994911740556398,-0.005089554402100417
1747,174.70000000000002,0,0.1,-3.1153742813242373,1.0106791474660903,0.10622528111710744
1747,174.70000000000002,1,0.2,-3.384775758043448,1.0005239009551645,0.005237637669720438
1747,174.70000000000002,2,0.3,-3.396390562212443,0.9993487861725634,-0.006514259592614497
1748,174.8,0,0.1,-3.104851889941767,1.010577946429004,0.10522391382470951
1748,174.8,1,0.2,-3.3842291932402007,1.0005467141970057,0.005465648032472492
1748,174.8,2,0.3,-3.3971982749000196,0.9991926134245086,-0.008077126875765577
1749,174.9,0,0.1,-3.0944454645730377,1.0104607605279043,0.10406425368729857
1749,174.9,1,0.2,-3.383682724980625,1.0005466176005569,0.005464682595755254
1749,174.9,2,0.3,-3.3981685590045245,0.9990301864689076,-0.009702841045050033
1750,175.0,0,0.1,-3.0841709051519577,1.0103275239470322,0.10274559421080605
1750,175.0,1,0.2,-3.3831538106547865,1.0005290542256848,0.005289143258387109
1750,175.0,2,0.3,-3.3993012234528623,0.9988679767739189,-0.011326644483378811
1751,175.1,0,0.1,-3.074045138707872,1.0101772054904472,0.10125766444086047
1751,175.1,1,0.2,-3.3826538078625905,1.0005001278144285,0.005000027921960033
1751,175.1,2,0.3,-3.4005911874457855,0.9987108676529922,-0.01289963992923211
1752,175.20000000000002,0,0.1,-3.0640867707071484,1.0100081175516522,0.0995836800072154
1752,175.20000000000002,1,0.2,-3.382188452982088,1.0004654631748826,0.004653548805023718
1752,175.20000000000002,2,0.3,-3.402030319804847,0.9985619026953256,-0.014391323590611297
1753,175.3,0,0.1,-3.0543163521391006,1.0098183049371054,0.09770418568048389
1753,175.3,1,0.2,-3.381759247917602,1.0004292971861588,0.004292050644858735
1753,175.3,2,0.3,-3.403609246955843,0.9984223186986895,-0.015789271509963686
1754,175.4,0,0.1,-3.044756248688939,1.0096059472130618,0.09560103450162327
1754,175.4,1,0.2,-3.38136538990878,1.0003939355810714,0.003938580088221013
1754,175.4,2,0.3,-3.405318878770149,0.9982918287736898,-0.017096318143058203
1755,175.5,0,0.1,-3.0354301527750853,1.0093697194533282,0.09326095913854002
1755,175.5,1,0.2,-3.3810058248820023,1.0003596296780304,0.0035956502677782875
1755,175.5,2,0.3,-3.4071514710330693,0.9981690859089891,-0.018325922629204225
1756,175.6,0,0.1,-3.0263623155994837,1.009109074561512,0.09067837175602182
1756,175.6,1,0.2,-3.380681031333979,1.0003248462991587,0.003247935480233018
1756,175.6,2,0.3,-3.409101137566118,0.9980522328321693,-0.019496665330490656
1757,175.70000000000002,0,0.1,-3.017576593277734,1.0088244300555307,0.0878572232174757
1757,175.70000000000002,1,0.2,-3.380394234255844,1.0002868382083492,0.0028679707813499405
1757,175.70000000000002,2,0.3,-3.411163828813715,0.9979394346380616,-0.020626912475964793
1758,175.8,0,0.1,-3.0090954020011034,1.0085172584715203,0.08481191276631199
1758,175.8,1,0.2,-3.3801518816854337,1.0002423819401671,0.002423525704102896
1758,175.8,2,0.3,-3.4133368894165073,0.99782929878406,-0.02173060602792222
1759,175.9,0,0.1,-3.0009386683278114,1.0081900904578556,0.08156733673292413
1759,175.9,1,0.2,-3.3799633604270296,1.0001885390296534,0.0018852125840408368
1759,175.9,2,0.3,-3.41561837775906,0.9977211122738413,-0.022814883425527253
1760,176.0,0,0.1,-2.993122848873466,1.0078464427011493,0.07815819454346062
1760,176.0,1,0.2,-3.379840055082409,1.0001233129470373,0.001233053446205793
1760,176.0,2,0.3,-3.418006362261905,0.9976148644639339,-0.023879845028452997
1761,176.1,0,0.1,-2.9856600839637557,1.0074906807396429,0.0746276490971052
1761,176.1,1,0.2,-3.379793946454718,1.0000461096907103,0.00046108627691057567
1761,176.1,2,0.3,-3.420498395585157,0.9975110692140464,-0.02492033323252016
1762,176.20000000000002,0,0.1,-2.9785575443027787,1.0071278225178475,0.07102539660975343
1762,176.20000000000002,1,0.2,-3.379835992878318,0.9999579544603385,-0.0004204642360016318
1762,176.20000000000002,2,0.3,-3.423091310857767,0.9974104434286257,-0.02592915272609485
1763,176.3,0,0.1,-2.9718170271758764,1.0067632855406843,0.06740517126902762
1763,176.3,1,0.2,-3.3799745425064254,0.9998614599694494,-0.0013854962810722858
1763,176.3,2,0.3,-3.425781394376589,0.9973135315135409,-0.026900835188220926
1764,176.4,0,0.1,-2.9654348553633936,1.0064025812667843,0.06382171812483158
1764,176.4,1,0.2,-3.3802139946296648,0.9997605765431321,-0.0023945212323940564
1764,176.4,2,0.3,-3.4285648850891075,0.9972203796059232,-0.027834907125187575
1765,176.5,0,0.1,-2.959402122912124,1.006050966029343,0.06032732451270016
1765,176.5,1,0.2,-3.3805538753340008,0.9996601770485675,-0.0033988070433601234
1765,176.5,2,0.3,-3.431438654797379,0.9971303556152074,-0.02873769708271631
1766,176.6,0,0.1,-2.953705312990024,1.0057130676013855,0.05696809922100301
1766,176.6,1,0.2,-3.3809884282763223,0.9995655414621334,-0.004345529423215558
1766,176.6,2,0.3,-3.434400856203656,0.9970421815834742,-0.02962201406277289
1767,176.70000000000002,0,0.1,-2.948327282334279,1.0053925182224943,0.05378030655743714
1767,176.70000000000002,1,0.2,-3.3815067534321996,0.9994818091514004,-0.0051832515587723485
1767,176.70000000000002,2,0.3,-3.437451305205374,0.996954198890584,-0.030504490017173317
1768,176.8,0,0.1,-2.9432485657788896,1.0050916350969257,0.05078716555389673
1768,176.8,1,0.2,-3.382093460855224,0.9994134646561208,-0.005867074230243908
1768,176.8,2,0.3,-3.4405913963862695,0.9968648337491582,-0.031400911808955996
1769,176.9,0,0.1,-2.938448908157394,1.004811194428327,0.04799657621495974
1769,176.9,1,0.2,-3.38272974661895,0.9993639166231328,-0.0063628576372613274
1769,176.9,2,0.3,-3.443823431938717,0.9967731818519998,-0.03232035552447516
1770,177.0,0,0.1,-2.9339088876331414,1.0045503420314732,0.045400205242527664
1770,177.0,1,0.2,-3.383394748027552,0.9993352196558294,-0.006650014086018553
1770,177.0,2,0.3,-3.447149358625835,0.9966795980803581,-0.033259266871181414
1771,177.1,0,0.1,-2.9296114637247985,1.0043066710760549,0.04297423908343112
1771,177.1,1,0.2,-3.3840669998205115,0.9993279741176512,-0.006722517929596377
1771,177.1,2,0.3,-3.450569031383719,0.9965861676636613,-0.03419672757884323
1772,177.20000000000002,0,0.1,-2.9255432736839686,1.0040764763588956,0.04068190040828997
1772,177.20000000000002,1,0.2,-3.3847257983575547,0.9993414184230659,-0.006587985370430539
1772,177.20000000000002,2,0.3,-3.454078229926123,0.9964969514987926,-0.03509198542403259
1773,177.3,0,0.1,-2.9216955180386273,1.0038551677607148,0.03847755645341563
1773,177.3,1,0.2,-3.3853522919939363,0.9993737025697804,-0.0062649363638159995
1773,177.3,2,0.3,-3.4576667239707306,0.9964179369053713,-0.03588494044607797
1774,177.4,0,0.1,-2.918064320668217,1.003637798154747,0.036311973704103835
1774,177.4,1,0.2,-3.385930155471204,0.9994223034536754,-0.0057786347726777
1774,177.4,2,0.3,-3.4613166995604874,0.9963566774741776,-0.036499755897569784
1775,177.5,0,0.1,-2.914650515606201,1.0034196387309642,0.03413805062016467
1775,177.5,1,0.2,-3.3864457714530167,0.9994845169252637,-0.005156159818127408
1775,177.5,2,0.3,-3.465001820362746,0.9963216609223557,-0.03685120802259011
1776,177.6,0,0.1,-2.9114588916385067,1.0031967226223564,0.03191623967694305
1776,177.6,1,0.2,-3.3868879244892134,0.999557944699052,-0.004421530361966826
1776,177.6,2,0.3,-3.4686871114500213,0.9963214912637198,-0.036852910872753206
1777,177.70000000000002,0,0.1,-2.908497003298711,1.00296627906494,0.029618883397948197
1777,177.70000000000002,1,0.2,-3.387247097617308,0.9996408913668517,-0.0035917312809444373
1777,177.70000000000002,2,0.3,-3.4723297349743563,0.9963640027805821,-0.03642623524334147
1778,177.8,0,0.1,-2.905773719341111,1.0027269954637539,0.027232839576002858
1778,177.8,1,0.2,-3.3875145330092025,0.9997326003657621,-0.002674353918945701
1778,177.8,2,0.3,-3.4758805983374828,0.9964554334968837,-0.035508633631266905
1779,177.9,0,0.1,-2.903297716063673,1.0024790711050142,0.024760032774381623
1779,177.9,1,0.2,-3.3876812605965094,0.999833286310965,-0.0016672758730696794
1779,177.9,2,0.3,-3.4792866179871615,0.99659977425533,-0.03406019649678987
1780,178.0,0,0.1,-2.9010761266206937,1.002224059001249,0.0222158944297947
1780,178.0,1,0.2,-3.387737302985117,0.999943959181738,-0.0005604238860757213
1780,178.0,2,0.3,-3.4824933753094602,0.9967983788323629,-0.03206757322298875
1781,178.1,0,0.1,-2.89911352824559,1.001964525531833,0.019625983751035976
1781,178.1,1,0.2,-3.387671229821206,1.0000660753467905,0.0006607316391083293
1781,178.1,2,0.3,-3.4854478590268183,0.9970498764745641,-0.029544837173582375
1782,178.20000000000002,0,0.1,-2.89741139230921,1.0017035853920266,0.017021359363798574
1782,178.20000000000002,1,0.2,-3.387470167364177,1.0002010826714396,0.002010624570289541
1782,178.20000000000002,2,0.3,-3.488100996879958,0.9973503786065225,-0.026531378531389833
1783,178.3,0,0.1,-2.8959680470478024,1.0014443873855006,0.014433452614076291
1783,178.3,1,0.2,-3.3871202836017322,1.000349944978908,0.003498837624449557
1783,178.3,2,0.3,-3.4904097349352643,0.9976939250305473,-0.02308738055306534
1784,178.4,0,0.1,-2.8947791219381305,1.0011896321613127,0.011889251096720132
1784,178.4,1,0.2,-3.3866076836389056,1.0005127313646387,0.005125999628266278
1784,178.4,2,0.3,-3.4923385137810485,0.998073080052807,-0.0192877884578435
1785,178.5,0,0.1,-2.8938383690204046,1.0009411955645482,0.009407529177259379
1785,178.5,1,0.2,-3.385919581507167,1.0006883389283205,0.006881021317384608
1785,178.5,2,0.3,-3.49386009888552,0.9984795719192328,-0.0152158510447151
1786,178.6,0,0.1,-2.8931387015505137,1.0006999122942704,0.006996674698909587
1786,178.6,1,0.2,-3.385045575566684,1.000874387994973,0.008740059404833075
1786,178.6,2,0.3,-3.4949558263921605,0.9989048725835452,-0.010957275066406159
1787,178.70000000000002,0,0.1,-2.8926732626669174,1.0004655472170805,0.004654388835961861
1787,178.70000000000002,1,0.2,-3.3839788505468236,1.0010672941733532,0.010667250198601392
1787,178.70000000000002,2,0.3,-3.4956154060051663,0.9993406378618107,-0.006595796130056285
1788,178.8,0,0.1,-2.8924363402966433,1.0002369504385955,0.002369223702740754
1788,178.8,1,0.2,-3.382717157019481,1.001262489797469,0.012616935273426938
1788,178.8,2,0.3,-3.495836465198707,0.9997789652382426,-0.0022105919354055295
1789,178.9,0,0.1,-2.892423978123092,1.0000123622499633,0.00012362173551495195
1789,178.9,1,0.2,-3.381263468863166,1.00145474527312,0.0145368815631483
1789,178.9,2,0.3,-3.495624017778273,1.0002124699889852,0.0021244742043392646
1790,179.0,0,0.1,-2.892634189815458,0.9997898104005633,-0.002102116923663586
1790,179.0,1,0.2,-3.3796262773700545,1.0016385324227906,0.016371914931117934
1790,179.0,2,0.3,-3.4949899979721386,1.0006342208391759,0.006340198061343477
1791,179.1,0,0.1,-2.893066754509756,0.999567528848321,-0.004325646942980012
1791,179.1,1,0.2,-3.3778195335043137,1.0018083770108492,0.01806743865740859
1791,179.1,2,0.3,-3.4939529301323278,1.0010376057806074,0.010370678398108936
1792,179.20000000000002,0,0.1,-2.8937226431454293,0.9993443264122599,-0.006558886356729695
1792,179.20000000000002,1,0.2,-3.375862287566866,1.0019591625935291,0.019572459374472818
1792,179.20000000000002,2,0.3,-3.4925377210242154,1.00141621098909,0.014152091081120035
1793,179.3,0,0.1,-2.894603185247591,0.9991198454612714,-0.008805421021618689
1793,179.3,1,0.2,-3.373778094135595,1.0020863668720952,0.020841934312710936
1793,179.3,2,0.3,-3.490775486228368,1.0017637884440822,0.01762234795847573
1794,179.4,0,0.1,-2.89570912412781,0.9988946724448009,-0.01105938880218878
1794,179.4,1,0.2,-3.371594251602714,1.0021862288537853,0.02183842532880966
1794,179.4,2,0.3,-3.4887032724553433,1.0020743622917923,0.020722137730248072
1795,179.5,0,0.1,-2.8970397195415982,0.9986702894357866,-0.013305954137884025
1795,179.5,1,0.2,-3.3693409361804654,1.0022558560453614,0.02253315422248953
1795,179.5,2,0.3,-3.486363526259208,1.0023424855383047,0.02339746196135328
1796,179.6,0,0.1,-2.8985920399962817,0.9984488837715181,-0.015523204546835418
1796,179.6,1,0.2,-3.3670502776353795,1.002293284107744,0.02290658545086052
1796,179.6,2,0.3,-3.4838031909648595,1.0025636157518512,0.02560335294348771
1797,179.70000000000002,0,0.1,-2.9003605465132085,0.9982330563692629,-0.017685065169264356
1797,179.70000000000002,1,0.2,-3.3647554146319423,1.002297498216972,0.022948630034366535
1797,179.70000000000002,2,0.3,-3.4810723819686276,1.0027345410515223,0.027308089962312827
1798,179.8,0,0.1,-2.9023370139869376,0.998025484451924,-0.0197646747372915
1798,179.8,1,0.2,-3.362489564530624,1.0022684190795992,0.022658501013183185
1798,179.8,2,0.3,-3.4782226811985555,1.0028537650270335,0.028497007700722343
1799,179.9,0,0.1,-2.904510775899709,0.9978285989966602,-0.021737619127716448
1799,179.9,1,0.2,-3.360285145114528,1.0022068509349444,0.022044194160960737
1799,179.9,2,0.3,-3.475305183644204,1.0029217575922174,0.029174975543517216
1800,180.0,0,0.1,-2.906869223973575,0.9976443308796905,-0.023584480738662268
1800,180.0,1,0.2,-3.358172990415793,1.002114386868757,0.02112154698735167
1800,180.0,2,0.3,-3.472368500405534,1.0029409995170389,0.029366832386703016
1801,180.1,0,0.1,-2.9093984558305115,0.9974739639550725,-0.02529231856936464
1801,180.1,1,0.2,-3.3561817048203197,1.0019932695212705,0.019912855954734597
1801,180.1,2,0.3,-3.4694569555998056,1.002915787468875,0.0291154480572836
1802,180.20000000000002,0,0.1,-2.912083947278736,0.997318111258201,-0.026854914482237757
1802,180.20000000000002,1,0.2,-3.3543371949669036,1.0018462120081018,0.018445098534156903
1802,180.20000000000002,2,0.3,-3.4666091991335413,1.0028518151765349,0.02847756466263692
1803,180.3,0,0.1,-2.9149111336948024,0.997176806311834,-0.028271864160666568
1803,180.3,1,0.2,-3.3526624058700807,1.0016761923393513,0.016747890968230435
1803,180.3,2,0.3,-3.463857395238256,1.0027555935829864,0.02751803895285555
1804,180.4,0,0.1,-2.917865814804538,0.9970496796645381,-0.02954681109735792
1804,180.4,1,0.2,-3.351177267217818,1.0014862420168198,0.014851386522628253
1804,180.4,2,0.3,-3.4612270502200695,1.0026338074107404,0.026303450181865248
1805,180.5,0,0.1,-2.920934342494215,0.9969361754296335,-0.030685276896773108
1805,180.5,1,0.2,-3.3498988313587468,1.001279253406551,0.012784358590712424
1805,180.5,2,0.3,-3.4587374329688703,1.0024927189216846,0.02489617251199369
1806,180.6,0,0.1,-2.924103602662021,0.9968357566359485,-0.03169260167805901
1806,180.6,1,0.2,-3.3488415608429416,1.0010578296233021,0.010572705158052354
1806,180.6,2,0.3,-3.456402443196711,1.0023377179838127,0.023349897721593123
1807,180.70000000000002,0,0.1,-2.9273608489825733,0.9967480527512217,-0.032572463205517245
1807,180.70000000000002,1,0.2,-3.3480177051980533,1.0008241951071661,0.008238556448881065
1807,180.70000000000002,2,0.3,-3.454231718113949,1.00217308281214,0.021707250827617878
1808,180.8,0,0.1,-2.9306934792192334,0.9966729168116892,-0.03332630236660273
1808,180.8,1,0.2,-3.347437697316845,1.0005801761183042,0.005800078812084105
1808,180.8,2,0.3,-3.4522317537704663,1.002001965606099,0.019999643434825992
1809,180.9,0,0.1,-2.934088856698569,0.9966103802963274,-0.03395377479335797
1809,180.9,1,0.2,-3.347110500809146,1.0003272500423148,0.0032719650769898662
1809,180.9,2,0.3,-3.4504068561070373,1.001826563802527,0.01824897663429074
1810,181.0,0,0.1,-2.937534268304359,0.9965605170139769,-0.03445411605790234
1810,181.0,1,0.2,-3.347043850233547,1.000066652796798,0.0006665057559907362
1810,181.0,2,0.3,-3.4487598186407813,1.0016483945774326,0.016470374662561453
1811,181.1,0,0.1,-2.941017078088285,0.9965232481631361,-0.034828097839263196
1811,181.1,1,0.2,-3.347244343928572,0.9997995264024925,-0.0020049369502529476
1811,181.1,2,0.3,-3.4472923263590514,1.0014685695754373,0.014674922817300153
1812,181.20000000000002,0,0.1,-2.9445250887835797,0.9964981351855189,-0.035080106952936965
1812,181.20000000000002,1,0.2,-3.3477173710155435,0.9995270847727031,-0.004730270869711707
1812,181.20000000000002,2,0.3,-3.4460051797196187,1.0012879753681951,0.012871466394323421
1813,181.3,0,0.1,-2.9480470715449907,0.9964842121449562,-0.03521982761411225
1813,181.3,1,0.2,-3.3484668768402717,0.9992507749846021,-0.007495058247282564
1813,181.3,2,0.3,-3.444898490428631,1.0011073018975487,0.011066892909879575
1814,181.4,0,0.1,-2.9515733776497513,0.9964799040108777,-0.03526306104760769
1814,181.4,1,0.2,-3.3494949920631942,0.9989724131064565,-0.010281152229226239
1814,181.4,2,0.3,-3.4439720026520684,1.0009269170989394,0.009264877765625096
1815,181.5,0,0.1,-2.9550965143034102,0.996483062310212,-0.035231366536591986
1815,181.5,1,0.2,-3.3508015680695324,0.998694277192462,-0.013065760063382857
1815,181.5,2,0.3,-3.4432256354510526,1.0007466458023238,0.00746367201015772
1816,181.6,0,0.1,-2.9586115569462055,0.9964911278875852,-0.035150426427954296
1816,181.6,1,0.2,-3.3523836743852495,0.9984191445547231,-0.01582106315717181
1816,181.6,2,0.3,-3.442660237996616,1.0005655573217056,0.005653974544368767
1817,181.70000000000002,0,0.1,-2.962116285248947,0.9965014060889452,-0.035047283027408255
1817,181.70000000000002,1,0.2,-3.354235121812304,0.9981502654444728,-0.018514474270539216
1817,181.70000000000002,2,0.3,-3.4422784271216824,1.000381883773983,0.0038181087493329912
1818,181.8,0,0.1,-2.965610967307988,0.9965114172352061,-0.034946820590408864
1818,181.8,1,0.2,-3.3563460775747966,0.997891270737666,-0.02110955762492881
1818,181.8,2,0.3,-3.442085273845416,1.0001931719315615,0.0019315327626624455
1819,181.9,0,0.1,-2.9690977700521373,0.996519269093389,-0.03486802744149674
1819,181.9,1,0.2,-3.3587028353263357,0.9976460172216028,-0.023567577515392298
1819,181.9,2,0.3,-3.442088556879943,0.9999967169708625,-3.283034526902115e-05
1820,182.0,0,0.1,-2.9725798341576164,0.9965239912493216,-0.0348206410547933
1820,182.0,1,0.2,-3.3612877928241955,0.997418380627849,-0.02584957497859955
1820,182.0,2,0.3,-3.4422983301212957,0.9997902487595154,-0.002097732413526407
1821,182.1,0,0.1,-2.9760601082458,0.9965257750460976,-0.03480274088183608
1821,182.1,1,0.2,-3.3640796731799716,0.9972120133177846,-0.027918803557762027
1821,182.1,2,0.3,-3.4427256614085113,0.9995727600057943,-0.004273312872156397
1822,182.20000000000002,0,0.1,-2.979540080079351,0.9965260762506752,-0.034799718335501856
1822,182.20000000000002,1,0.2,-3.3670540024157445,0.9970300896992202,-0.029743292357722228
1822,182.20000000000002,2,0.3,-3.4433805728103253,0.9993453030058496,-0.006549114018138023
1823,182.3,0,0.1,-2.983018564714794,0.9965275582834722,-0.034784846354434
1823,182.3,1,0.2,-3.3701838283765726,0.9968750668385766,-0.03129825960828292
1823,182.3,2,0.3,-3.4442694111478294,0.9991115565622815,-0.008888383375041336
1824,182.4,0,0.1,-2.9864907075934695,0.9965338780388984,-0.03472142878675674
1824,182.4,1,0.2,-3.373440637017672,0.9967484890074599,-0.032568086410995255
1824,182.4,2,0.3,-3.445392054536636,0.9988779865395321,-0.011226433888068071
1825,182.5,0,0.1,-2.9899473347761596,0.996549340075541,-0.03456627182690327
1825,182.5,1,0.2,-3.376795395925747,0.9966508620082274,-0.03354758908075097
1825,182.5,2,0.3,-3.446739471546674,0.9986534903486854,-0.0134741701003812
1826,182.6,0,0.1,-2.993374736935896,0.9965784646784605,-0.03427402159736665
1826,182.6,1,0.2,-3.380219636263692,0.9965816156869485,-0.034242403379451676
1826,182.6,2,0.3,-3.4482921619587854,0.9984485143880055,-0.015526904121113455
1827,182.70000000000002,0,0.1,-2.9967549150666266,0.9966255282400401,-0.0338017813072978
1827,182.70000000000002,1,0.2,-3.383686477145892,0.9965391616720138,-0.034668408821994956
1827,182.70000000000002,2,0.3,-3.4500199098671707,0.9982737437888165,-0.01727747908384865
1828,182.8,0,0.1,-3.000066252641955,0.9966941388565016,-0.03311337575328387
1828,182.8,1,0.2,-3.387171503074688,0.9965210397256994,-0.03485025928796157
1828,182.8,2,0.3,-3.451883081652624,0.9981385628416278,-0.018631717854532496
1829,182.9,0,0.1,-3.0032845203475285,0.9967869053670065,-0.03218267705573835
1829,182.9,1,0.2,-3.3906534253052905,0.9965241326310498,-0.034819222306025945
1829,182.9,2,0.3,-3.4538354352206118,0.9980495510345518,-0.019523535679880633
1830,183.0,0,0.1,-3.0063840742772805,0.9969052447283496,-0.030995539297522065
1830,183.0,1,0.2,-3.394114488848218,0.9965449190334804,-0.0346106354292772
1830,183.0,2,0.3,-3.455828121693111,0.9980092976090867,-0.019926864724993963
1831,183.1,0,0.1,-3.009339083847793,0.9970493521728796,-0.029550095705125914
1831,183.1,1,0.2,-3.3975406228093434,0.9965797285386867,-0.0342613396112565
1831,183.1,2,0.3,-3.4578143142024493,0.9980157786657433,-0.019861925093384043
1832,183.20000000000002,0,0.1,-3.0121246261926298,0.9972183336784629,-0.02785542344836222
1832,183.20000000000002,1,0.2,-3.4009213660225237,0.9966249650646041,-0.03380743213179502
1832,183.20000000000002,2,0.3,-3.459753746281627,0.9980624474039775,-0.0193943207917702
1833,183.3,0,0.1,-3.014717510338058,0.9974104744752021,-0.02592884145428501
1833,183.3,1,0.2,-3.404249625583012,0.9966772729557772,-0.03328259560488623
1833,183.3,2,0.3,-3.461616425180722,0.9981390548106303,-0.018626788990952995
1834,183.4,0,0.1,-3.0170967436807086,0.9976235947896253,-0.023792333426505795
1834,183.4,1,0.2,-3.4075213376326636,0.9967336341681986,-0.03271712049651673
1834,183.4,2,0.3,-3.463384916316828,0.9982330717229065,-0.01768491136106321
1835,183.5,0,0.1,-3.0192436176863735,0.9978554288800366,-0.02146874005665056
1835,183.5,1,0.2,-3.4107350950852218,0.9967914011382908,-0.03213757452558324
1835,183.5,2,0.3,-3.465054852319741,0.9983314575643835,-0.01669936002912748
1836,183.6,0,0.1,-3.021141458596349,0.9981039588513508,-0.018978409099755757
1836,183.6,1,0.2,-3.413891786918907,0.9968482852795332,-0.031566918336853454
1836,183.6,2,0.3,-3.46663364972421,0.9984224482405264,-0.01578797404469069
1837,183.70000000000002,0,0.1,-3.0227751500702946,0.9983676422735609,-0.016336914739452816
1837,183.70000000000002,1,0.2,-3.416994262687309,0.9969023319363302,-0.031024757684014633
1837,183.70000000000002,2,0.3,-3.4681377448205066,0.9984970354878261,-0.01504095096296445
1838,183.8,0,0.1,-3.0241305766610225,0.9986454915850068,-0.013554265907279255
1838,183.8,1,0.2,-3.4200470012299644,0.996951916325746,-0.030527385426554823
1838,183.8,2,0.3,-3.46958891458813,0.9985498826700735,-0.014511697676234663
1839,183.9,0,0.1,-3.025194151352846,0.9989369907032744,-0.010635746918237815
1839,183.9,1,0.2,-3.4230557328375464,0.9969957900893668,-0.030087316075821425
1839,183.9,2,0.3,-3.4710103764654097,0.9985795479211346,-0.014214618772797314
1840,184.0,0,0.1,-3.0259525734413626,0.9992418654408217,-0.007584220885164404
1840,184.0,1,0.2,-3.4260269476975784,0.9970331948303799,-0.029712148600322143
1840,184.0,2,0.3,-3.472423342408111,0.9985880318236845,-0.01412965942701208
1841,184.1,0,0.1,-3.0263929168800088,0.9995597534982966,-0.004403434386462097
1841,184.1,1,0.2,-3.428967226588896,0.9970640394952046,-0.029402788913179274
1841,184.1,2,0.3,-3.473844553510777,0.9985797983395661,-0.01421211102666212
1842,184.20000000000002,0,0.1,-3.0265030816255085,0.9998898413224132,-0.0011016474549971616
1842,184.20000000000002,1,0.2,-3.4318823551199613,0.997089116330337,-0.029151285310644627
1842,184.20000000000002,2,0.3,-3.475285083592274,0.9985605069839265,-0.014405300814966993
1843,184.3,0,0.1,-3.0262725637598047,1.0002305444369888,0.002305178657038407
1843,184.3,1,0.2,-3.43477622823619,0.9971103100983738,-0.02893873116229071
1843,184.3,2,0.3,-3.476750429604528,0.998535727082998,-0.014653460122540929
1844,184.4,0,0.1,-3.025693428975196,1.000579302515536,0.005791347846085034
1844,184.4,1,0.2,-3.4376496102741028,0.9971307421731651,-0.028733820379127053
1844,184.4,2,0.3,-3.478241659820092,0.9985098811157285,-0.014912302155641615
1845,184.5,0,0.1,-3.0247613228159786,1.0009325407051675,0.009321061592176246
1845,184.5,1,0.2,-3.440498876417586,0.9971547891628318,-0.028492661434832933
1845,184.5,2,0.3,-3.479757213221503,0.9984855944696855,-0.01515553401410938
1846,184.6,0,0.1,-3.023476331048955,1.0012858177226884,0.01284991767023753
1846,184.6,1,0.2,-3.44331491054002,0.9971879271823932,-0.02816034122434079
1846,184.6,2,0.3,-3.4812948634200875,0.9984635313797865,-0.015376501985847377
1847,184.70000000000002,0,0.1,-3.021843519995243,1.0016341448155088,0.016328110537116754
1847,184.70000000000002,1,0.2,-3.446082358721208,0.9972363776734312,-0.027674481811874964
1847,184.70000000000002,2,0.3,-3.4828533848224037,0.9984426924614719,-0.015585214023158054
1848,184.8,0,0.1,-3.019873037465899,1.001972425205837,0.019704825293441763
1848,184.8,1,0.2,-3.448779426768004,0.9973065657736073,-0.026970680467963005
1848,184.8,2,0.3,-3.4844335738890257,0.9984210587747595,-0.015801890666221407
1849,184.9,0,0.1,-3.0175797305575163,1.002295938548005,0.022933069083827168
1849,184.9,1,0.2,-3.451378359055636,0.99740444201306,-0.025989322876320088
1849,184.9,2,0.3,-3.486038453437356,0.998396407582197,-0.016048795483301983
1850,185.0,0,0.1,-3.014982321843315,1.0026007849026966,0.025974087142014803
1850,185.0,1,0.2,-3.453846647911088,0.9975347548647097,-0.02468288855452057
1850,185.0,2,0.3,-3.487672682321055,0.9983671057411966,-0.016342288836993332
1851,185.1,0,0.1,-3.0121022630100893,1.0028842101870916,0.02880058833225782
1851,185.1,1,0.2,-3.456148909229803,0.9977003868522246,-0.023022613187150463
1851,185.1,2,0.3,-3.4893413649231677,0.9983327088746154,-0.01668682602112709
1852,185.20000000000002,0,0.1,-3.0089624389717757,1.0031447584488515,0.03139824038312874
1852,185.20000000000002,1,0.2,-3.458249240584609,0.9979018727976733,-0.021003313548057734
1852,185.20000000000002,2,0.3,-3.491048571360981,0.9982942500101604,-0.01707206437812803
1853,185.3,0,0.1,-3.0055859153762445,1.0033822304726543,0.03376523595531392
1853,185.3,1,0.2,-3.4601137772380732,0.9981372005151624,-0.018645366534643052
1853,185.3,2,0.3,-3.492795921523517,0.9982541755649698,-0.017473501625363423
1854,185.4,0,0.1,-3.0019949050871397,1.0035974656913786,0.03591010289105005
1854,185.4,1,0.2,-3.461713103619106,0.9984019518598718,-0.015993263810326418
1854,185.4,2,0.3,-3.4945815527821646,0.998215962032364,-0.017856312586476037
1855,185.5,0,0.1,-2.9982100793886097,1.0037919971960825,0.037848256985302184
1855,185.5,1,0.2,-3.4630241809739215,0.9986897817316154,-0.013110773548158008
1855,185.5,2,0.3,-3.496399696806868,0.9981835077979084,-0.018181440247034754
1856,185.6,0,0.1,-2.994250278547909,1.0039676512105968,0.03959800840701136
1856,185.6,1,0.2,-3.464031521660728,0.9989931665105023,-0.01007340686806359
1856,185.6,2,0.3,-3.498240960526691,0.9981604303663072,-0.018412637198231767
1857,185.70000000000002,0,0.1,-2.9901325990583056,1.0041261687798522,0.041176794896022405
1857,185.70000000000002,1,0.2,-3.4647274666829637,0.9993042970913317,-0.006959450222357527
1857,185.70000000000002,2,0.3,-3.50009326941741,0.9981494055746583,-0.018523088907183245
1858,185.8,0,0.1,-2.9858727670516814,1.0042689179879902,0.04259832006624518
1858,185.8,1,0.2,-3.4651115803161505,0.9996159601290102,-0.0038411363318682184
1858,185.8,2,0.3,-3.501943315550616,0.9981516641472792,-0.018500461332063785
1859,185.9,0,0.1,-2.9814856620999777,1.0043967423849554,0.0438710495170394
1859,185.9,1,0.2,-3.4651893295263516,0.9999222538121906,-0.0007774921020109902
1859,185.9,2,0.3,-3.5037782786185474,0.998166719447524,-0.01834963067931399
1860,186.0,0,0.1,-2.9769858408567402,1.0045099606416366,0.04499821243237701
1860,186.0,1,0.2,-3.4649703315150333,1.0002190219931335,0.0021899801131831788
1860,186.0,2,0.3,-3.5055875652988866,0.9981923490921307,-0.018092866803392976
1861,186.1,0,0.1,-2.9723879270674636,1.0046085004141274,0.04597913789276915
1861,186.1,1,0.2,-3.4644665047644345,1.0005039536926141,0.00503826750598819
1861,186.1,2,0.3,-3.5073643388510862,0.9982248039754866,-0.017767735521997296
1862,186.20000000000002,0,0.1,-2.9677067780667334,1.0046921226951984,0.04681149000729069
1862,186.20000000000002,1,0.2,-3.463690438395708,1.0007763675861476,0.007760663687264481
1862,186.20000000000002,2,0.3,-3.50910667406386,0.9982591817720632,-0.01742335212773275
1863,186.3,0,0.1,-2.962957397300486,1.0047606769512931,0.04749380766247583
1863,186.3,1,0.2,-3.4626542110042218,1.0010367644605822,0.01036227391486181
1863,186.3,2,0.3,-3.510818252743935,0.9982898852353924,-0.01711578680075307
1864,186.4,0,0.1,-2.9581546241121877,1.0048143249896042,0.04802773188298743
1864,186.4,1,0.2,-3.4613687682486285,1.0012862692912492,0.012854427555933532
1864,186.4,2,0.3,-3.5125085900576267,0.9983110905018153,-0.016903373136917105
1865,186.5,0,0.1,-2.953312682658278,1.004853682594755,0.048419414539100904
1865,186.5,1,0.2,-3.4598438412424715,1.001526090298581,0.015249270061571153
1865,186.5,2,0.3,-3.514192834270162,0.998317173330807,-0.016842442125351978
1866,186.6,0,0.1,-2.9484447011378427,1.004879849392189,0.04867981520435382
1866,186.6,1,0.2,-3.458088287077296,1.0017570960525457,0.017555541651753548
1866,186.6,2,0.3,-3.51589120243345,0.9983030732477898,-0.01698368163288152
1867,186.70000000000002,0,0.1,-2.943562315506109,1.0048943238976276,0.04882385631732822
1867,186.70000000000002,1,0.2,-3.4561106809601223,1.0019795628698338,0.019776061171734527
1867,186.70000000000002,2,0.3,-3.5176281039027835,0.9982646060710806,-0.0173690146933319
1868,186.8,0,0.1,-2.9386754494566025,1.0048988262541017,0.04886866049506555
1868,186.8,1,0.2,-3.453919993750025,1.0021930885185086,0.02190687210097533
1868,186.8,2,0.3,-3.519430973764521,0.9981987543319151,-0.018028698617374907
1869,186.9,0,0.1,-2.933792321062304,1.00489507029579,0.04883128394298997
1869,186.9,1,0.2,-3.4515262399238087,1.0023966211423332,0.02393753826216341
1869,186.9,2,0.3,-3.5213288070442075,0.9981039664671723,-0.018978332796867305
1870,187.0,0,0.1,-2.9289196760810214,1.00488453562095,0.04872644981282647
1870,187.0,1,0.2,-3.448941056710726,1.002588527680605,0.025851832130829117
1870,187.0,2,0.3,-3.5233503702160056,0.9979804788107998,-0.0202156317179825
1871,187.1,0,0.1,-2.924063199846653,1.0048682880285678,0.04856476234368855
1871,187.1,1,0.2,-3.446178246528036,1.0027666302599823,0.02762810182690136
1871,187.1,2,0.3,-3.525522082200414,0.9978306444759036,-0.021717119844085878
1872,187.20000000000002,0,0.1,-2.9192280239749393,1.0048468841975677,0.048351758717124604
1872,187.20000000000002,1,0.2,-3.443254355635184,1.0029281696310002,0.02923890892851279
1872,187.20000000000002,2,0.3,-3.5278656066160403,0.9976592194938256,-0.023435244156257085
1873,187.3,0,0.1,-2.914419227646209,1.0048203771456177,0.04808796328730487
1873,187.3,1,0.2,-3.4401893563758144,1.003069701172159,0.030649992593698237
1873,187.3,2,0.3,-3.530395273742119,0.9974735297855299,-0.02529667126078971
1874,187.4,0,0.1,-2.9096422383394627,1.0047884173100685,0.047769893067466866
1874,187.4,1,0.2,-3.4370074482294246,1.0031869757896155,0.03181908146389926
1874,187.4,2,0.3,-3.533115538437706,0.99728343187178,-0.02720264695586993
1875,187.5,0,0.1,-2.904903061240767,1.0047504247596815,0.04739177098695804
1875,187.5,1,0.2,-3.433737909593461,1.0032748894073384,0.03269538635963984
1875,187.5,2,0.3,-3.536018757721716,0.9971009909816685,-0.029032192840101043
1876,187.6,0,0.1,-2.9002083039181996,1.0047057949619795,0.04694757322567789
1876,187.6,1,0.2,-3.4304158443934964,1.003327589374089,0.03322065199964552
1876,187.6,2,0.3,-3.539083616926463,0.9969398326816774,-0.030648592047472577
1877,187.70000000000002,0,0.1,-2.8955650047706603,1.00465409596551,0.04643299147538303
1877,187.70000000000002,1,0.2,-3.4270826051187364,1.0033388006942552,0.03333239274759278
1877,187.70000000000002,2,0.3,-3.5422745286851502,0.9968141737896218,-0.03190911758686517
1878,187.8,0,0.1,-2.890980311490789,1.004595219065792,0.04584693279871471
1878,187.8,1,0.2,-3.423785660706931,1.0033023853108367,0.03296944411805579
1878,187.8,2,0.3,-3.545542264971471,0.9967375969531093,-0.032677362863211185
1879,187.9,0,0.1,-2.886461082248801,1.004529456358884,0.045192292419884775
1879,187.9,1,0.2,-3.42057772464287,1.003213086997439,0.032079360640612946
1879,187.9,2,0.3,-3.5488259599073997,0.996721690493972,-0.03283694935928692
1880,188.0,0,0.1,-2.882013493403863,1.0044574940475168,0.04447588844938263
1880,188.0,1,0.2,-3.417515059867895,1.003067359524328,0.0306266477497514
1880,188.0,2,0.3,-3.5520564524258385,0.9967747199081047,-0.032304925184389495
1881,188.1,0,0.1,-2.8776427326775624,1.0043803264323568,0.04370760726300631
1881,188.1,1,0.2,-3.4146550118766728,1.0028641418304067,0.02860047991222355
1881,188.1,2,0.3,-3.5551607462787893,0.9969005194852516,-0.031042938529510334
1882,188.20000000000002,0,0.1,-2.8733528384285583,1.00429910901742,0.04289894249003191
1882,188.20000000000002,1,0.2,-3.412052960139412,1.0026054400120672,0.026020517372600995
1882,188.20000000000002,2,0.3,-3.558067181858722,0.9970977840149736,-0.029064355799322036
1883,188.3,0,0.1,-2.869146718659999,1.0042149779054204,0.04206119768559686
1883,188.3,1,0.2,-3.409758990730814,1.0022966025695004,0.022939694085982926
1883,188.3,2,0.3,-3.560710774976121,0.997359898097758,-0.026435931173988517
1884,188.4,0,0.1,-2.8650263532490423,1.0041288657873921,0.0412036541095674
1884,188.4,1,0.2,-3.407814657100915,1.0019462250721973,0.019443336298988752
1884,188.4,2,0.3,-3.5630381137036458,0.9976753674254663,-0.02327338727525018
1885,188.5,0,0.1,-2.8609931548157985,1.0040413427235433,0.04033198433244019
1885,188.5,1,0.2,-3.406250200727285,1.0015656807739262,0.015644563736302075
1885,188.5,2,0.3,-3.565011235448049,0.9980288235806408,-0.01973121744403562
1886,188.6,0,0.1,-2.8570484415809716,1.003952503856634,0.039447132348271484
1886,188.6,1,0.2,-3.4050825512747243,1.0011683314205904,0.011676494525608259
1886,188.6,2,0.3,-3.5666100335790305,0.9984024792658934,-0.015987981309813847
1887,188.70000000000002,0,0.1,-2.8531939617392315,1.0038619179027137,0.038544798417392674
1887,188.70000000000002,1,0.2,-3.404314329435405,1.0007685169972937,0.007682218393190639
1887,188.70000000000002,2,0.3,-3.5678329458632763,0.998777835168261,-0.012229122842454804
1888,188.8,0,0.1,-2.849432403893751,1.0037686413831204,0.037615578454805926
1888,188.8,1,0.2,-3.403933953179601,1.0003804486080257,0.0038037625580413736
1888,188.8,2,0.3,-3.5686959175085664,0.9991374006076511,-0.008629716452901939
1889,188.9,0,0.1,-2.8457678312839665,1.0036712953654912,0.03664572609784797
1889,188.9,1,0.2,-3.403916819296186,1.0000171340302006,0.00017133883414733738
1889,188.9,2,0.3,-3.5692298634734843,0.999466196558861,-0.005339459649178783
1890,189.0,0,0.1,-2.842205987474052,1.0035681947136477,0.03561843809914514
1890,189.0,1,0.2,-3.4042274142531634,0.999689453272643,-0.0031059495697729022
1890,189.0,2,0.3,-3.569477035541191,0.9997528584767924,-0.0024717206770664985
1891,189.1,0,0.1,-2.8387544361578025,1.0034575147785854,0.03451551316249831
1891,189.1,1,0.2,-3.4048221149268034,0.9994054761257565,-0.005947006736400145
1891,189.1,2,0.3,-3.5694868017776002,0.9999902338112804,-9.766236409359253e-05
1892,189.20000000000002,0,0.1,-2.8354225160911453,1.0033374770824528,0.03331920066656521
1892,189.20000000000002,1,0.2,-3.4056523793505002,0.9991700801504408,-0.008302644236966361
1892,189.20000000000002,2,0.3,-3.56931136142258,1.000175455745579,0.0017544035502000017
1893,189.3,0,0.1,-2.8322211122765677,1.0032065337806733,0.032014038145777454
1893,189.3,1,0.2,-3.406668004518854,0.9989848904043298,-0.010156251683537976
1893,189.3,2,0.3,-3.5690018573848428,1.0003095519390537,0.003095040377374579
1894,189.4,0,0.1,-2.8291622647589523,1.003063530565376,0.030588475176156
1894,189.4,1,0.2,-3.407820142515002,0.9988485254600108,-0.011521379961481715
1894,189.4,2,0.3,-3.5686052338038645,1.0003967022465108,0.003966235809782729
1895,189.5,0,0.1,-2.826258654944558,1.0029078293723663,0.029036098143945796
1895,189.5,1,0.2,-3.4090638141536025,0.9987571014004699,-0.012436716386004673
1895,189.5,2,0.3,-3.5681620442383593,1.0004432877885108,0.004431895655052894
1896,189.6,0,0.1,-2.8235230241998654,1.0027393759969085,0.027356307446925632
1896,189.6,1,0.2,-3.4103597340001883,0.9987049194949261,-0.012959198465859094
1896,189.6,2,0.3,-3.567705271197344,1.0004568773777065,0.004567730410154606
1897,189.70000000000002,0,0.1,-2.8209675885228025,1.0025587035858636,0.02555435677062375
1897,189.70000000000002,1,0.2,-3.4116753523822254,0.9986852466644278,-0.01315618382036788
1897,189.70000000000002,2,0.3,-3.5672600883393755,1.0004452819665635,0.004451828579682502
1898,189.8,0,0.1,-2.818603514475473,1.0023668706737567,0.023640740473297683
1898,189.8,1,0.2,-3.4129851173451176,0.9986910924048793,-0.013097649628922204
1898,189.8,2,0.3,-3.5668443947505915,1.0004157800013374,0.004156935887840399
1899,189.9,0,0.1,-2.816440514249094,1.0021653411989055,0.021630002263789534
1899,189.9,1,0.2,-3.4142700502675005,0.9987158922504563,-0.012849329223830372
1899,189.9,2,0.3,-3.5664698831785735,1.0003745817102325,0.003745115720179761
1900,190.0,0,0.1,-2.814486601850313,1.0019558225294851,0.019539123987809548
1900,190.0,1,0.2,-3.415516801655205,0.9987540254839179,-0.01246751387704652
1900,190.0,2,0.3,-3.566143374236488,1.000326562251932,0.003265089420856534
1901,190.1,0,0.1,-2.8127480296304728,1.0017400844127475,0.017385722198405163
1901,190.1,1,0.2,-3.4167163994006438,0.9988011214843125,-0.011995977454387201
1901,190.1,2,0.3,-3.5658681567585626,1.00027525535373,0.0027521747792526485
1902,190.20000000000002,0,0.1,-2.8112293979106933,1.0015197854248734,0.015186317197791609
1902,190.20000000000002,1,0.2,-3.4178629151127535,0.9988541412859193,-0.01146515712109514
1902,190.20000000000002,2,0.3,-3.5656451177357527,1.000223063897862,0.002230390228099059
1903,190.3,0,0.1,-2.809933904578936,1.0012963328457325,0.012954933317571209
1903,190.3,1,0.2,-3.4189522542460424,0.9989112539811977,-0.010893391332889643
1903,190.3,2,0.3,-3.5654735164334297,1.0001716160266685,0.0017160130232297542
1904,190.4,0,0.1,-2.808863680901632,1.0010707965710206,0.010702236773041994
1904,190.4,1,0.2,-3.419981227008351,0.9989715564486338,-0.010289727623087915
1904,190.4,2,0.3,-3.5653513445545477,1.00012217934217,0.001221718788819784
1905,190.5,0,0.1,-2.8080201484460847,1.0008438883291058,0.008435324555474057
1905,190.5,1,0.2,-3.420946988436333,0.9990347047694953,-0.009657614279819364
1905,190.5,2,0.3,-3.5652753019772465,1.0000760454686113,0.0007604257730120955
1906,190.6,0,0.1,-2.807404332425306,1.000616005674393,0.006158160207787939
1906,190.6,1,0.2,-3.4218468601122223,0.9991005330872066,-0.008998716758892812
1906,190.6,2,0.3,-3.5652404886207116,1.0000348139625268,0.0003481335653488158
1907,190.70000000000002,0,0.1,-2.807017079152362,1.0003873282651727,0.00387253272943778
1907,190.70000000000002,1,0.2,-3.4226784767062126,0.9991687291032535,-0.008316165939901473
1907,190.70000000000002,2,0.3,-3.5652399527318295,1.0000005358890256,5.3588888215815335e-06
1908,190.8,0,0.1,-2.8068591473161124,1.0001579443081388,0.0015793183624968963
1908,190.8,1,0.2,-3.423440150597618,0.9992386161085198,-0.00761673891405622
1908,190.8,2,0.3,-3.5652642361020983,0.9999757169245697,-0.0002428337026883081
1909,190.9,0,0.1,-2.806931170003306,0.9999279799063776,-0.0007202268719375537
1909,190.9,1,0.2,-3.4241313259856763,0.9993090634186282,-0.006911753880581133
1909,190.9,2,0.3,-3.565301018565011,0.9999632182135538,-0.0003678246291283425
1910,191.0,0,0.1,-2.807233511092727,0.9996977046110407,-0.003023410894207495
1910,191.0,1,0.2,-3.424753002646724,0.9993785165398495,-0.006216766610478783
1910,191.0,2,0.3,-3.5653348989308755,0.9999661202080686,-0.00033880365864382404
1911,191.1,0,0.1,-2.807766060161661,0.9994675927101521,-0.005325490689341042
1911,191.1,1,0.2,-3.4253080441478745,0.9994451125058891,-0.005550415011504089
1911,191.1,2,0.3,-3.5653472769131396,0.999987622094343,-0.00012377982264056436
1912,191.20000000000002,0,0.1,-2.8085280200381586,0.9992383303412129,-0.007619598764974578
1912,191.20000000000002,1,0.2,-3.425801334876779,0.9995068309189638,-0.004932907289044708
1912,191.20000000000002,2,0.3,-3.5653162440122395,1.0000310333824256,0.0003103290090011162
1913,191.3,0,0.1,-2.8095177386308943,0.9990107710171723,-0.009897185927357229
1913,191.3,1,0.2,-3.4262398000303875,0.9995616309581891,-0.004384651536084832
1913,191.3,2,0.3,-3.565216371836159,1.000099877163472,0.0009987217608032352
1914,191.4,0,0.1,-2.8107326225314044,0.9987858537721767,-0.012148839005102354
1914,191.4,1,0.2,-3.426632338341075,0.9996075387223956,-0.003925383106873293
1914,191.4,2,0.3,-3.565018316405686,1.000198075044745,0.001980554304732542
1915,191.5,0,0.1,-2.8121691476041013,0.998564506235553,-0.01436525072696952
1915,191.5,1,0.2,-3.4269897288011553,0.9996426733962828,-0.003573904600804515
1915,191.5,2,0.3,-3.5646882357530827,1.0003301351352163,0.0033008065260322285
1916,191.6,0,0.1,-2.813822956665139,0.9983475577275944,-0.016538090610379415
1916,191.6,1,0.2,-3.4273245573533577,0.9996652274966213,-0.003348285522024787
1916,191.6,2,0.3,-3.5641871298532584,1.0005012314743604,0.005011058998243563
1917,191.70000000000002,0,0.1,-2.815689012286123,0.9981356843783263,-0.018660556209835397
1917,191.70000000000002,1,0.2,-3.427651173123791,0.999673437562691,-0.0032661577043306203
1917,191.70000000000002,2,0.3,-3.563470328448189,1.0007170583685903,0.0071680140506941515
1918,191.8,0,0.1,-2.817761758842692,0.9979294000991609,-0.020727465565692008
1918,191.8,1,0.2,-3.427985638723629,0.9996655903275451,-0.0033446559983831515
1918,191.8,2,0.3,-3.562487439072297,1.00098337256995,0.009828893758916938
1919,191.9,0,0.1,-2.8200352453132256,0.997729095942435,-0.022734864705335103
1919,191.9,1,0.2,-3.428345601013232,0.9996401024890497,-0.003599622896026871
1919,191.9,2,0.3,-3.5611830920334566,1.001305198069412,0.013043470388405995
1920,192.0,0,0.1,-2.822503169527522,0.997535118607002,-0.024679242142965643
1920,192.0,1,0.2,-3.428749991561294,0.9995956912067753,-0.004043905480619844
1920,192.0,2,0.3,-3.559498759630255,1.0016857516877606,0.01684332403201523
1921,192.1,0,0.1,-2.8251588233661007,0.997347869290649,-0.026556538385788375
1921,192.1,1,0.2,-3.4292184780565935,0.999531623227363,-0.004684864952997625
1921,192.1,2,0.3,-3.5573757800456165,1.0021252347013703,0.021229795846388164
1922,192.20000000000002,0,0.1,-2.8279949424713133,0.9971678988811832,-0.028361191052119972
1922,192.20000000000002,1,0.2,-3.4297706288666316,0.9994480015971686,-0.005521508100379957
1922,192.20000000000002,2,0.3,-3.5547595007664246,1.0026197047244811,0.026162792791913515
1923,192.3,0,0.1,-2.83100348791589,0.9969959756931168,-0.03008545444576687
1923,192.3,1,0.2,-3.4304248138706592,0.9993460289283291,-0.006541850040276226
1923,192.3,2,0.3,-3.551604211774818,1.0031602721556463,0.03155288991606843
1924,192.4,0,0.1,-2.8341754057266115,0.9968331074059816,-0.03171917810721861
1924,192.4,1,0.2,-3.4311969304755245,0.9992281814004574,-0.0077211660486535775
1924,192.4,2,0.3,-3.547878319307138,1.0037328422337,0.037258924676801704
1925,192.5,0,0.1,-2.8375004192699445,0.9966805081925545,-0.03325013543333111
1925,192.5,1,0.2,-3.4320990971892886,0.9990982401162738,-0.009021667137641368
1925,192.5,2,0.3,-3.543569073034616,1.0043185444254534,0.04309246272522294
1926,192.6,0,0.1,-2.8409669074959445,0.9965395131077901,-0.03466488226000239
1926,192.6,1,0.2,-3.433138483838242,0.9989611533262527,-0.010393866489533702
1926,192.6,2,0.3,-3.538686145976226,1.004894867974348,0.04882927058390163
1927,192.70000000000002,0,0.1,-2.8445619095141095,0.9964114522648869,-0.03595002018164166
1927,192.70000000000002,1,0.2,-3.434316439598781,0.9988227377570104,-0.011779557605386501
1927,192.70000000000002,2,0.3,-3.533263492178559,1.0054373829965184,0.05422653797665699
1928,192.8,0,0.1,-2.8482712756350517,0.9962975050790098,-0.037093661209424034
1928,192.8,1,0.2,-3.4356280381249684,0.9986892612432275,-0.013115985261876375
1928,192.8,2,0.3,-3.5273591513376634,1.0059218058174173,0.05904340840895975
1929,192.9,0,0.1,-2.8520799609183825,0.9961985585590395,-0.03808685283330998
1929,192.9,1,0.2,-3.437062092010809,0.9985669738780851,-0.014340538858404733
1929,192.9,2,0.3,-3.5210529790729836,1.0063260980320825,0.06306172264680135
1930,193.0,0,0.1,-2.855972433921843,0.9961150928497712,-0.038924730034606274
1930,193.0,1,0.2,-3.4386016112868947,0.9984616651758083,-0.01539519276085953
1930,193.0,2,0.3,-3.514442586261268,1.0066322896806565,0.06610392811716202
1931,193.1,0,0.1,-2.8599331547777433,0.9960471124536852,-0.03960720855900715
1931,193.1,1,0.2,-3.4402246094724247,0.9983783181637846,-0.016229981855301147
1931,193.1,2,0.3,-3.5076380044993667,1.0068277855291645,0.06804581761901517
1932,193.20000000000002,0,0.1,-2.8639470657835897,0.9959941339674001,-0.040139110058454476
1932,193.20000000000002,1,0.2,-3.4419051109769043,0.9983209097475257,-0.016805015044792437
1932,193.20000000000002,2,0.3,-3.5007557144715884,1.006906027410396,0.06882290027776727
1933,193.3,0,0.1,-2.8680000356870643,0.9959552322942162,-0.04052969903474821
1933,193.3,1,0.2,-3.4436141952826564,0.9982923753471549,-0.017090843057522148
1933,193.3,2,0.3,-3.493912670079891,1.0068665115182949,0.0684304439169775
1934,193.4,0,0.1,-2.872079205498675,0.9959291387004492,-0.040791698116107264
1934,193.4,1,0.2,-3.4453209289583775,0.99829472196595,-0.017067336757211476
1934,193.4,2,0.3,-3.4872208452120783,1.006714265155409,0.06691824867813104
1935,193.5,0,0.1,-2.876173197400047,0.9959143770587585,-0.04093991901372506
1935,193.5,1,0.2,-3.4469930811291034,0.9983292450967919,-0.016721521707260108
1935,193.5,2,0.3,-3.480782663394823,1.0064589514587965,0.06438181817255562
1936,193.6,0,0.1,-2.8802721666989655,0.9959094200093186,-0.04098969298918631
1936,193.6,1,0.2,-3.448597580365071,0.9983967872847654,-0.01604499235967707
1936,193.6,2,0.3,-3.474687489683068,1.0061137870810668,0.06095173711755288
1937,193.70000000000002,0,0.1,-2.884367697025561,0.9959128449201391,-0.040955303265945556
1937,193.70000000000002,1,0.2,-3.4501007366086913,0.9984979729298803,-0.015031562436199544
1937,193.70000000000002,2,0.3,-3.4690092075685715,1.005694434115784,0.05678282114495433
1938,193.8,0,0.1,-2.888452558357227,0.9959234703659128,-0.04084861331666422
1938,193.8,1,0.2,-3.4514683066142466,0.9986333646921681,-0.013675700055553963
1938,193.8,2,0.3,-3.463804794947821,1.0052179791010905,0.05204412620750738
1939,193.9,0,0.1,-2.892520363671464,0.9959404569988435,-0.04067805314236903
1939,193.9,1,0.2,-3.4526655148686967,0.9988035081134433,-0.011972082544500898
1939,193.9,2,0.3,-3.45911375920009,1.0047020558811328,0.04691035747731487
1940,194.0,0,0.1,-2.896565171264176,0.9959633616235047,-0.04044807592712426
1940,194.0,1,0.2,-3.4536571491477797,0.9990088572277103,-0.009916342790830543
1940,194.0,2,0.3,-3.4549582853580834,1.0041641197952946,0.041554738420066656
1941,194.1,0,0.1,-2.900581084846718,0.9959921394147555,-0.040159135825421695
1941,194.1,1,0.2,-3.4544078318338127,0.9992495990057229,-0.007506826860331089
1941,194.1,2,0.3,-3.4513439775834893,1.0036208472611374,0.03614307774594244
1942,194.20000000000002,0,0.1,-2.904561901888231,0.9960270959071633,-0.0398081704151208
1942,194.20000000000002,1,0.2,-3.454882530911354,0.9995254135742399,-0.0047469907754116615
1942,194.20000000000002,2,0.3,-3.448261113599676,1.003087620896033,0.0308286398381271
1943,194.3,0,0.1,-2.908500852410511,0.9960687969676638,-0.0393895052228044
1943,194.3,1,0.2,-3.455047327041205,0.9998352174482852,-0.0016479612985121732
1943,194.3,2,0.3,-3.445686366412715,1.0025780646951366,0.025747471869609705
1944,194.4,0,0.1,-2.9123904564146543,0.9961179507073921,-0.03889604004143398
1944,194.4,1,0.2,-3.4548704046817167,1.0001769380111722,0.0017692235948852837
1944,194.4,2,0.3,-3.443584964077638,1.0021036118283708,0.0210140233507706
1945,194.5,0,0.1,-2.9162225099511625,0.9961752794109058,-0.03832053536508391
1945,194.5,1,0.2,-3.4543231938695107,1.0005473605593558,0.005472108122060205
1945,194.5,2,0.3,-3.4419132494745535,1.0016731126969045,0.016717146030847792
1946,194.6,0,0.1,-2.9199881899207605,0.9962414013118172,-0.03765679969598193
1946,194.6,1,0.2,-3.4533815604719096,1.0009420768735153,0.009416333976011696
1946,194.6,2,0.3,-3.440621568408744,1.0012925156450956,0.012916810658097534
1947,194.70000000000002,0,0.1,-2.9236782489624025,0.9963167408596397,-0.03690059041641152
1947,194.70000000000002,1,0.2,-3.452026929185808,1.0013555492135,0.013546312861013848
1947,194.70000000000002,2,0.3,-3.4396573631453875,1.0009646702586894,0.009642052633560577
1948,194.8,0,0.1,-2.927283257388344,0.9964014818154664,-0.03605008425941785
1948,194.8,1,0.2,-3.450247225547898,1.0017812882503363,0.017797036379097922
1948,194.8,2,0.3,-3.4389682924745846,1.0006893081345376,0.006890706708029663
1949,194.9,0,0.1,-2.9307938418506003,0.9964955704348419,-0.03510584462256472
1949,194.9,1,0.2,-3.448037539160243,1.002212129543826,0.02209686387655411
1949,194.9,2,0.3,-3.4385051541944964,1.0004632455451803,0.004631382800881753
1950,195.0,0,0.1,-2.934200872090094,0.9965987671022576,-0.03407030239493929
1950,195.0,1,0.2,-3.445400437359848,1.0026405820118993,0.02637101800394931
1950,195.0,2,0.3,-3.438224366624299,1.0002808269947172,0.0028078757019757636
1951,195.1,0,0.1,-2.9374955580576567,0.9967107355545446,-0.03294685967562848
1951,195.1,1,0.2,-3.4423458929197395,1.0030592143145463,0.030545444401088376
1951,195.1,2,0.3,-3.4380897833829436,1.000134592298086,0.001345832413552982
1952,195.20000000000002,0,0.1,-2.9406694384597754,0.9968311510318207,-0.03173880402117912
1952,195.20000000000002,1,0.2,-3.4388908267117952,1.0034610418292687,0.034550662079434385
1952,195.20000000000002,2,0.3,-3.4380736738626174,1.0000161096500852,0.0001610952032615376
1953,195.3,0,0.1,-2.9437142652420105,0.9969598040016612,-0.03044826782235339
1953,195.3,1,0.2,-3.4350583019803325,1.003839878245545,0.03832524731463001
1953,195.3,2,0.3,-3.4381567952517904,0.9999168820653141,-0.0008312138917299567
1954,195.4,0,0.1,-2.946621812352649,0.9970966757107861,-0.029075471106387293
1954,195.4,1,0.2,-3.4308764366285143,1.004190621552224,0.041818653518184305
1954,195.4,2,0.3,-3.438327596713589,0.9998292131239408,-0.0017080146179849626
1955,195.5,0,0.1,-2.9493836566121057,0.9972419661236981,-0.027618442594567378
1955,195.5,1,0.2,-3.426377120331623,1.0045094534181305,0.04499316296891632
1955,195.5,2,0.3,-3.4385807125962637,0.9997469161484475,-0.002531158826748625
1956,195.6,0,0.1,-2.9519909894967404,0.9973960632554869,-0.026073328846349202
1956,195.6,1,0.2,-3.4215946326502698,1.0047939420283756,0.047824876813534145
1956,195.6,2,0.3,-3.4389149979394382,0.9996657705239455,-0.0033428534317449755
1957,195.70000000000002,0,0.1,-2.9544345184207277,0.997559454062648,-0.024435289239866927
1957,195.70000000000002,1,0.2,-3.416564256994417,1.0050430492375197,0.05030375655851593
1957,195.70000000000002,2,0.3,-3.439331417774384,0.9995836668557601,-0.004164198349457967
1958,195.8,0,0.1,-2.95670450401174,0.9977325888779083,-0.022699855910125646
1958,195.8,1,0.2,-3.4113209756414133,1.0052570514089167,0.05243281353003969
1958,195.8,2,0.3,-3.4398311105542367,0.9995004320457921,-0.004996927798526513
1959,195.9,0,0.1,-2.9587909575314684,0.9979157216113839,-0.020864535197283672
1959,195.9,1,0.2,-3.405898316685474,1.0054373881828382,0.05422658955939716
1959,195.9,2,0.3,-3.440413903405737,0.999417376939268,-0.005827928515001244
1960,196.0,0,0.1,-2.9606839936241443,0.9981087545700403,-0.01893036092675989
1960,196.0,1,0.2,-3.4003274086009245,1.0055864544487074,0.05570908084549725
1960,196.0,2,0.3,-3.441077469968593,0.9993366535487468,-0.006635665628560816
1961,196.1,0,0.1,-2.9623743030281218,0.9983111183643931,-0.01690309403977615
1961,196.1,1,0.2,-3.3946362847866554,1.0057073490246946,0.056911238142694956
1961,196.1,2,0.3,-3.4418172052980016,0.9992605382073174,-0.007397353294087837
1962,196.20000000000002,0,0.1,-2.963853683322623,0.9985217134491063,-0.014793802945006729
1962,196.20000000000002,1,0.2,-3.3888494698258853,1.0058035909186422,0.057868149607687325
1962,196.20000000000002,2,0.3,-3.442626766587309,0.9991907663170216,-0.008095612893071305
1963,196.3,0,0.1,-2.9651155482954925,0.9987389308439623,-0.012618649728698023
1963,196.3,1,0.2,-3.382987869879558,1.0058788127383587,0.058615999463275115
1963,196.3,2,0.3,-3.4434991149838505,0.9991280319887031,-0.008723483965416497
1964,196.4,0,0.1,-2.9661553317896545,0.9989607568933839,-0.010397834941620646
1964,196.4,1,0.2,-3.377068978691887,1.0059364424350046,0.05918891187671419
1964,196.4,2,0.3,-3.4444278123708054,0.9990717337189973,-0.009286973869549436
1965,196.5,0,0.1,-2.9669707114761543,0.9991849526451849,-0.008153796864998527
1965,196.5,1,0.2,-3.3711073948572796,1.0059793894411362,0.0596158383460777
1965,196.5,2,0.3,-3.4454082922311584,0.9990200006529677,-0.009804798603530453
1966,196.6,0,0.1,-2.9675616009986907,0.9994092850182976,-0.0059088952253641995
1966,196.6,1,0.2,-3.3651156232302606,1.0060097581964953,0.059917716270193676
1966,196.6,2,0.3,-3.446438841907697,0.9989699811574135,-0.010305496765386533
1967,196.70000000000002,0,0.1,-2.967929892045346,0.9996317767641676,-0.0036829104665506104
1967,196.70000000000002,1,0.2,-3.3591051041338043,1.0060286185104816,0.06010519096454968
1967,196.70000000000002,2,0.3,-3.4475211010182516,0.9989183263206214,-0.010822591105543492
1968,196.8,0,0.1,-2.9680789659849127,0.9998509371714009,-0.001490739395668768
1968,196.8,1,0.2,-3.3530873819352114,1.006035865063472,0.060177221985932096
1968,196.8,2,0.3,-3.448659983886589,0.9988617654126279,-0.011388828683372524
1969,196.9,0,0.1,-2.968013031645956,1.0000659365126727,0.0006593433895663401
1969,196.9,1,0.2,-3.347075295890091,1.0060301949069168,0.060120860451208326
1969,196.9,2,0.3,-3.4498630515458077,0.9987976557365502,-0.012030676592190277
1970,197.0,0,0.1,-2.967736375596862,1.0002766943219084,0.0027665604909411965
1970,197.0,1,0.2,-3.34108405839281,1.0060092208569102,0.05991237497281151
1970,197.0,2,0.3,-3.4511394670358397,0.998724398781733,-0.012764154900320627
1971,197.1,0,0.1,-2.9672526290091543,1.0004838636119575,0.004837465877076949
1971,197.1,1,0.2,-3.3351320854728397,1.0059697211055583,0.05951972919970744
1971,197.1,2,0.3,-3.4524987445204167,0.9986416459146304,-0.01359277484577059
1972,197.20000000000002,0,0.1,-2.9665641578910047,1.0006887081687874,0.006884711181494685
1972,197.20000000000002,1,0.2,-3.3292414649846207,1.0059080043101574,0.05890620488217639
1972,197.20000000000002,2,0.3,-3.45394953354296,0.9985502628631009,-0.01450789022543145
1973,197.3,0,0.1,-2.965671670580419,1.0008928856958943,0.008924873105856053
1973,197.3,1,0.2,-3.3234379882992497,1.0058203494806897,0.05803476685371286
1973,197.3,2,0.3,-3.455498660138656,0.9984520726815512,-0.01549126595696037
1974,197.4,0,0.1,-2.9645741097221086,1.0010981633986509,0.010975608583106491
1974,197.4,1,0.2,-3.3177507254514165,1.0057034660298714,0.056872628478335976
1974,197.4,2,0.3,-3.4571505829531572,0.9983494408589937,-0.016519228145011996
1975,197.5,0,0.1,-2.963268859418377,1.0013061025136514,0.013052503037314832
1975,197.5,1,0.2,-3.312211182080414,1.0055549150122325,0.05539543371002913
1975,197.5,2,0.3,-3.458907330313049,0.9982447948175475,-0.017567473598917194
1976,197.6,0,0.1,-2.9617522571509194,1.001517752890282,0.015166022674578424
1976,197.6,1,0.2,-3.3068521283792203,1.005373439115402,0.0535905370119391
1976,197.6,2,0.3,-3.460768883830427,0.9981401780987055,-0.01861553517378151
1977,197.70000000000002,0,0.1,-2.9600203602823756,1.0017333974680949,0.017318968685434092
1977,197.70000000000002,1,0.2,-3.3017062264460204,1.0051591648266434,0.05145901933198689
1977,197.70000000000002,2,0.3,-3.462733886648046,0.9980369265364818,-0.019650028176187967
1978,197.8,0,0.1,-2.9580698839674215,1.0019523797312033,0.019504763149541526
1978,197.8,1,0.2,-3.296804597596973,1.0049136614835372,0.049016288490476026
1978,197.8,2,0.3,-3.464800496994081,0.9979355236228459,-0.020666103460348428
1979,197.9,0,0.1,-2.9558992054284694,1.0021730361671874,0.021706785389522656
1979,197.9,1,0.2,-3.292175465013468,1.0046398635697393,0.04629132583505321
1979,197.9,2,0.3,-3.4669671901165984,0.9978356524626657,-0.021666931225176166
1980,198.0,0,0.1,-2.953509321236013,1.002392742242032,0.023898841924566955
1980,198.0,1,0.2,-3.287842983884265,1.0043418798939923,0.043324811292031716
1980,198.0,2,0.3,-3.4692333345695228,0.9977364213139176,-0.02266144452924519
1981,198.1,0,0.1,-2.9509046498012705,1.0026080665384536,0.026046714347424487
1981,198.1,1,0.2,-3.2838263383603583,1.0040247230557788,0.040166455239070205
1981,198.1,2,0.3,-3.471599424039823,0.9976367075129845,-0.023660894703005045
1982,198.20000000000002,0,0.1,-2.948093589050259,1.0028150154870843,0.028110607510110346
1982,198.20000000000002,1,0.2,-3.280139150370313,1.0036939940301615,0.03687187990044688
1982,198.20000000000002,2,0.3,-3.474066918774799,0.9975355470277988,-0.024674947349753115
1983,198.3,0,0.1,-2.9450887660156284,1.0030093420405026,0.030048230346306257
1983,198.3,1,0.2,-3.276789216398139,1.0033555512717591,0.03349933972174059
1983,198.3,2,0.3,-3.4766377239567396,0.9974324965077612,-0.025708051819407846
1984,198.4,0,0.1,-2.9419069469425603,1.0031868864324234,0.031818190730683184
1984,198.4,1,0.2,-3.2737785683848792,1.003015184565501,0.03010648013259847
1984,198.4,2,0.3,-3.4793133907320786,0.9973279096305395,-0.02675666775339077
1985,198.5,0,0.1,-2.9385686096382533,1.0033439157581452,0.033383373043071825
1985,198.5,1,0.2,-3.271103843980551,1.0026783046710117,0.026747244043285177
1985,198.5,2,0.3,-3.4820941593176395,0.9972230941700962,-0.027807685855611358
1986,198.6,0,0.1,-2.935097211098667,1.0034774308216285,0.034713985395866426
1986,198.6,1,0.2,-3.2687569462546837,1.002349653846024,0.023468977258672922
1986,198.6,2,0.3,-3.484977970571818,0.9971203429352377,-0.028838112541784117
1987,198.70000000000002,0,0.1,-2.9315182107927975,1.0035854125750197,0.03579000305868515
1987,198.70000000000002,1,0.2,-3.2667259686692836,1.0020330414173386,0.020309775853997004
1987,198.70000000000002,2,0.3,-3.487959557821045,0.9970228532676763,-0.029815872492264688
1988,198.8,0,0.1,-2.927857932072675,1.0036669857209446,0.03660278720122742
1988,198.8,1,0.2,-3.264996352674504,1.0017311126432757,0.01729615994779819
1988,198.8,2,0.3,-3.49102970462972,0.9969345612726389,-0.030701468086752972
1989,198.9,0,0.1,-2.9241423601017353,1.0037224832656286,0.03715571970939846
1989,198.9,1,0.2,-3.2635522296241346,1.0014451662981938,0.014441230503693102
1989,198.9,2,0.3,-3.494174727808836,0.9968599172256966,-0.031450231791160924
1990,199.0,0,0.1,-2.9203959834634534,1.0037534030790642,0.03746376638282136
1990,199.0,1,0.2,-3.2623778758967124,1.0011750435507667,0.011743537274223172
1990,199.0,2,0.3,-3.4973762267964337,0.9968036203456487,-0.03201498987597877
1991,199.1,0,0.1,-2.916640786868087,1.0037622561800448,0.03755196595366819
1991,199.1,1,0.2,-3.2614591837317737,1.0009191142918439,0.009186921649387248
1991,199.1,2,0.3,-3.500611133614424,0.9967703198556169,-0.03234906817990619
1992,199.20000000000002,0,0.1,-2.9128954925026083,1.0037523167446425,0.03745294365477695
1992,199.20000000000002,1,0.2,-3.260785026736476,1.0006743842901993,0.006741569952975612
1992,199.20000000000002,2,0.3,-3.5038520984341526,0.9967642814375774,-0.03240964819727728
1993,199.3,0,0.1,-2.9091751262315992,1.003727295423935,0.03720366271009235
1993,199.3,1,0.2,-3.26034838584011,1.0004367362378783,0.004366408963658834
1993,199.3,2,0.3,-3.5070682456473397,0.9967890190482916,-0.03216147213187264
1994,199.4,0,0.1,-2.9054909518377254,1.003690969306341,0.036841743938740165
1994,199.4,1,0.2,-3.2601471052471855,1.0002013008512225,0.0020128059292458013
1994,199.4,2,0.3,-3.5102263234438587,0.9968469036858159,-0.031580777965191785
1995,199.5,0,0.1,-2.901850773565262,1.003646811767984,0.036401782724635304
1995,199.5,1,0.2,-3.2601841722018325,0.9999629337323243,-0.0003706695464700471
1995,199.5,2,0.3,-3.5132922376417244,0.9969387809175694,-0.03065914197865901
1996,199.6,0,0.1,-2.898259558741371,1.003597670961993,0.03591214823891446
1996,199.6,1,0.2,-3.260467458290885,0.9997167540326631,-0.002832860890524974
1996,199.6,2,0.3,-3.5162329056282524,0.9970636515424379,-0.02940667986528201
1997,199.70000000000002,0,0.1,-2.894720285061973,1.0035455443041232,0.03539273679396965
1997,199.70000000000002,1,0.2,-3.261008918189026,0.9994586866648159,-0.005414598981409048
1997,199.70000000000002,2,0.3,-3.5190182954459495,0.9972184857813348,-0.02785389817696415
1998,199.8,0,0.1,-2.8912348797736818,1.0034914863762692,0.03485405288291531
1998,199.8,1,0.2,-3.2618233053065366,0.9991859444056758,-0.008143871175106307
1998,199.8,2,0.3,-3.5216234439053538,0.9973982419949919,-0.02605148459404442
1999,199.9,0,0.1,-2.8878050990172244,1.0034356691845572,0.03429780756457585
1999,199.9,1,0.2,-3.262926522364512,0.9988973912622396,-0.011032170579752882
1999,199.9,2,0.3,-3.524030197427276,0.9975961403872279,-0.02406753521922459
2000,200.0,0,0.1,-2.8844332014701717,1.0033775887885497,0.03371897547052885
2000,200.0,1,0.2,-3.264333768938336,0.9985937431333274,-0.014072465738240414
2000,200.0,2,0.3,-3.5262284111084217,0.9978042006211737,-0.021982136811457137
