ky,z_index,z,phi_real,phi_imag,growth_rate,frequency,normalization,source
0.1,0,-0.5,0.30119687713616433,-0.6532973222277416,0.005897784701279936,-0.052116722503796856,unit_mode_chain_amplitude,stellarator-linear-scan:stella-geometry
0.1,1,-0.49609375,0.5053763135446951,-0.5204155432387099,0.005897784701279936,-0.052116722503796856,unit_mode_chain_amplitude,stellarator-linear-scan:stella-geometry
0.1,2,-0.4921875,0.1561102152122072,-0.738743211107923,0.005897784701279936,-0.052116722503796856,unit_mode_chain_amplitude,stellarator-linear-scan:stella-geometry
0.1,3,-0.48828125,-0.47803644666098977,-0.7189222788143432,0.005897784701279936,-0.052116722503796856,unit_mode_chain_amplitude,stellarator-linear-scan:stella-geometry
0.1,4,-0.484375,-0.8162189719535509,-0.9640910381687722,0.005897784701279936,-0.052116722503796856,unit_mode_chain_amplitude,stellarator-linear-scan:stella-geometry
0.1,5,-0.48046875,-0.942568371212108,-0.8198793667190485,0.005897784701279936,-0.052116722503796856,unit_mode_chain_amplitude,stellarator-linear-scan:stella-geometry
0.1,6,-0.4765625,-0.9347820827139707,-0.7415827090255114,0.005897784701279936,-0.052116722503796856,unit_mode_chain_amplitude,stellarator-linear-scan:stella-geometry
0.1,7,-0.47265625,-0.7069053877235062,-0.22838505638309667,0.005897784701279936,-0.052116722503796856,unit_mode_chain_amplitude,stellarator-linear-scan:stella-geometry
0.1,8,-0.46875,-1.3089912596900717,-0.0989724140151976,0.005897784701279936,-0.052116722503796856,unit_mode_chain_amplitude,stellarator-linear-scan:stella-geometry
0.1,9,-0.46484375,-1.2995479581084552,0.2164053876842221,0.005897784701279936,-0.052116722503796856,unit_mode_chain_amplitude,stellarator-linear-scan:stella-geometry
0.1,10,-0.4609375,-1.1271884400756718,0.6115149744389691,0.005897784701279936,-0.052116722503796856,unit_mode_chain_amplitude,stellarator-linear-scan:stella-geometry
0.1,11,-0.45703125,-0.42979073028793885,0.2546598762773716,0.005897784701279936,-0.052116722503796856,unit_mode_chain_amplitude,stellarator-linear-scan:stella-geometry
0.1,12,-0.453125,-0.8439688922402045,0.5421495294238416,0.005897784701279936,-0.052116722503796856,unit_mode_chain_amplitude,stellarator-linear-scan:stella-geometry
0.1,13,-0.44921875,-0.4722006438273355,0.8236693483127359,0.005897784701279936,-0.052116722503796856,unit_mode_chain_amplitude,stellarator-linear-scan:stella-geometry
0.1,14,-0.4453125,-0.21387135732679302,0.733305538981656,0.005897784701279936,-0.052116722503796856,unit_mode_chain_amplitude,stellarator-linear-scan:stella-geometry
0.1,15,-0.44140625,0.03783143014474263,0.9134713629644134,0.005897784701279936,-0.052116722503796856,unit_mode_chain_amplitude,stellarator-linear-scan:stella-geometry
0.1,16,-0.4375,0.2693842168527725,1.3409795842881302,0.005897784701279936,-0.052116722503796856,unit_mode_chain_amplitude,stellarator-linear-scan:stella-geometry
0.1,17,-0.43359375,0.3849208761946669,1.307548053470318,0.005897784701279936,-0.052116722503796856,unit_mode_chain_amplitude,stellarator-linear-scan:stella-geometry
0.1,18,-0.4296875,0.4583749553773225,0.7640161968451683,0.005897784701279936,-0.052116722503796856,unit_mode_chain_amplitude,stellarator-linear-scan:stella-geometry
0.1,19,-0.42578125,0.5617975873994265,0.7134006351766448,0.005897784701279936,-0.052116722503796856,unit_mode_chain_amplitude,stellarator-linear-scan:stella-geometry
0.1,20,-0.421875,0.5062788981395914,0.5088952881150616,0.005897784701279936,-0.052116722503796856,unit_mode_chain_amplitude,stellarator-linear-scan:stella-geometry
0.1,21,-0.41796875,0.43795353090479777,0.3179489801569276,0.005897784701279936,-0.052116722503796856,unit_mode_chain_amplitude,stellarator-linear-scan:stella-geometry
0.1,22,-0.4140625,0.6996130872126507,0.03089038946011488,0.005897784701279936,-0.052116722503796856,unit_mode_chain_amplitude,stellarator-linear-scan:stella-geometry
0.1,23,-0.41015625,0.7795930428673312,-0.06915543193528327,0.005897784701279936,-0.052116722503796856,unit_mode_chain_amplitude,stellarator-linear-scan:stella-geometry
0.1,24,-0.40625,0.5172768788482206,-0.5142156823017537,0.005897784701279936,-0.052116722503796856,unit_mode_chain_amplitude,stellarator-linear-scan:stella-geometry
0.1,25,-0.40234375,0.4689520843455321,-0.9612528261978314,0.005897784701279936,-0.052116722503796856,unit_mode_chain_amplitude,stellarator-linear-scan:stella-geometry
0.1,26,-0.3984375,0.40813349571264285,-1.2050780435830326,0.005897784701279936,-0.052116722503796856,unit_mode_chain_amplitude,stellarator-linear-scan:stella-geometry
0.1,27,-0.39453125,0.09461715313578672,-1.2262908395207877,0.005897784701279936,-0.052116722503796856,unit_mode_chain_amplitude,stellarator-linear-scan:stella-geometry
0.1,28,-0.390625,-0.5420649429543314,-0.9728508415707453,0.005897784701279936,-0.052116722503796856,unit_mode_chain_amplitude,stellarator-linear-scan:stella-geometry
0.1,29,-0.38671875,-0.8349358422216286,-0.9603731403126357,0.005897784701279936,-0.052116722503796856,unit_mode_chain_amplitude,stellarator-linear-scan:stella-geometry
0.1,30,-0.3828125,-0.7588873582185992,-0.8493315833628639,0.005897784701279936,-0.052116722503796856,unit_mode_chain_amplitude,stellarator-linear-scan:stella-geometry
0.1,31,-0.37890625,-1.028829547800836,-0.6665425868989274,0.005897784701279936,-0.052116722503796856,unit_mode_chain_amplitude,stellarator-linear-scan:stella-geometry
0.1,32,-0.375,-1.4784300003331876,0.030867292982268247,0.005897784701279936,-0.052116722503796856,unit_mode_chain_amplitude,stellarator-linear-scan:stella-geometry
0.1,33,-0.37109375,-1.2913362782634799,0.22528059299767816,0.005897784701279936,-0.052116722503796856,unit_mode_chain_amplitude,stellarator-linear-scan:stella-geometry
0.1,34,-0.3671875,-1.5904124097606733,0.09019238153351013,0.005897784701279936,-0.052116722503796856,unit_mode_chain_amplitude,stellarator-linear-scan:stella-geometry
0.1,35,-0.36328125,-0.6653855667120003,0.13785077052857564,0.005897784701279936,-0.052116722503796856,unit_mode_chain_amplitude,stellarator-linear-scan:stella-geometry
0.1,36,-0.359375,-0.241587208423848,0.519078644314131,0.005897784701279936,-0.052116722503796856,unit_mode_chain_amplitude,stellarator-linear-scan:stella-geometry
0.1,37,-0.35546875,-0.3951203395890439,0.9073055358611185,0.005897784701279936,-0.052116722503796856,unit_mode_chain_amplitude,stellarator-linear-scan:stella-geometry
0.1,38,-0.3515625,-0.2175485398045949,0.6761333488187908,0.005897784701279936,-0.052116722503796856,unit_mode_chain_amplitude,stellarator-linear-scan:stella-geometry
0.1,39,-0.34765625,0.32833992647606997,0.4511226167024003,0.005897784701279936,-0.052116722503796856,unit_mode_chain_amplitude,stellarator-linear-scan:stella-geometry
0.1,40,-0.34375,1.440994489033122,0.7319723592980908,0.005897784701279936,-0.052116722503796856,unit_mode_chain_amplitude,stellarator-linear-scan:stella-geometry
0.1,41,-0.33984375,1.6264744267051838,0.3759602381293191,0.005897784701279936,-0.052116722503796856,unit_mode_chain_amplitude,stellarator-linear-scan:stella-geometry
0.1,42,-0.3359375,0.9149094211285055,0.30398215299567705,0.005897784701279936,-0.052116722503796856,unit_mode_chain_amplitude,stellarator-linear-scan:stella-geometry
0.1,43,-0.33203125,0.8615645936557417,0.391753157898312,0.005897784701279936,-0.052116722503796856,unit_mode_chain_amplitude,stellarator-linear-scan:stella-geometry
0.1,44,-0.328125,0.45416495663090056,-0.01473597968267157,0.005897784701279936,-0.052116722503796856,unit_mode_chain_amplitude,stellarator-linear-scan:stella-geometry
0.1,45,-0.32421875,0.6992432693297012,-0.23029209695529662,0.005897784701279936,-0.052116722503796856,unit_mode_chain_amplitude,stellarator-linear-scan:stella-geometry
0.1,46,-0.3203125,0.30560565272854723,-0.6207933195497584,0.005897784701279936,-0.052116722503796856,unit_mode_chain_amplitude,stellarator-linear-scan:stella-geometry
0.1,47,-0.31640625,0.353585000331419,-0.5818983592328081,0.005897784701279936,-0.052116722503796856,unit_mode_chain_amplitude,stellarator-linear-scan:stella-geometry
0.1,48,-0.3125,0.3623395250719378,-0.5354192354024758,0.005897784701279936,-0.052116722503796856,unit_mode_chain_amplitude,stellarator-linear-scan:stella-geometry
0.1,49,-0.30859375,-0.04284678774322291,-0.45382387677876845,0.005897784701279936,-0.052116722503796856,unit_mode_chain_amplitude,stellarator-linear-scan:stella-geometry
0.1,50,-0.3046875,-0.5127668835130721,-0.3963197894692414,0.005897784701279936,-0.052116722503796856,unit_mode_chain_amplitude,stellarator-linear-scan:stella-geometry
0.1,51,-0.30078125,-0.4275508554344703,-0.7488506309441154,0.005897784701279936,-0.052116722503796856,unit_mode_chain_amplitude,stellarator-linear-scan:stella-geometry
0.1,52,-0.296875,-0.9266822274538904,-0.5630498679415133,0.005897784701279936,-0.052116722503796856,unit_mode_chain_amplitude,stellarator-linear-scan:stella-geometry
0.1,53,-0.29296875,-1.1221857188813433,-0.5311554258259469,0.005897784701279936,-0.052116722503796856,unit_mode_chain_amplitude,stellarator-linear-scan:stella-geometry
0.1,54,-0.2890625,-1.138830548443964,-0.8221360910428197,0.005897784701279936,-0.052116722503796856,unit_mode_chain_amplitude,stellarator-linear-scan:stella-geometry
0.1,55,-0.28515625,-0.40847175612542513,-0.4125176407060958,0.005897784701279936,-0.052116722503796856,unit_mode_chain_amplitude,stellarator-linear-scan:stella-geometry
0.1,56,-0.28125,-0.9889369122015416,0.27762820955527523,0.005897784701279936,-0.052116722503796856,unit_mode_chain_amplitude,stellarator-linear-scan:stella-geometry
0.1,57,-0.27734375,-0.8632853689699281,0.20902516770523102,0.005897784701279936,-0.052116722503796856,unit_mode_chain_amplitude,stellarator-linear-scan:stella-geometry
0.1,58,-0.2734375,-1.0758227247189398,0.1681031063841408,0.005897784701279936,-0.052116722503796856,unit_mode_chain_amplitude,stellarator-linear-scan:stella-geometry
0.1,59,-0.26953125,-0.7206528026256538,0.23069312996622762,0.005897784701279936,-0.052116722503796856,unit_mode_chain_amplitude,stellarator-linear-scan:stella-geometry
0.1,60,-0.265625,-0.4902709224142279,0.05206774085836277,0.005897784701279936,-0.052116722503796856,unit_mode_chain_amplitude,stellarator-linear-scan:stella-geometry
0.1,61,-0.26171875,-0.5378418284230272,0.35097579564619996,0.005897784701279936,-0.052116722503796856,unit_mode_chain_amplitude,stellarator-linear-scan:stella-geometry
0.1,62,-0.2578125,-0.3755994709450112,0.44478126197807116,0.005897784701279936,-0.052116722503796856,unit_mode_chain_amplitude,stellarator-linear-scan:stella-geometry
0.1,63,-0.25390625,0.27563722401105334,0.37547756628140894,0.005897784701279936,-0.052116722503796856,unit_mode_chain_amplitude,stellarator-linear-scan:stella-geometry
0.1,64,-0.25,0.45934958676880056,0.1981506564463359,0.005897784701279936,-0.052116722503796856,unit_mode_chain_amplitude,stellarator-linear-scan:stella-geometry
0.1,65,-0.24609375,0.5952633975815277,0.0151246954355318,0.005897784701279936,-0.052116722503796856,unit_mode_chain_amplitude,stellarator-linear-scan:stella-geometry
0.1,66,-0.2421875,0.6579234466339013,0.3293438189260784,0.005897784701279936,-0.052116722503796856,unit_mode_chain_amplitude,stellarator-linear-scan:stella-geometry
0.1,67,-0.23828125,0.8036383343082666,0.7263123656305296,0.005897784701279936,-0.052116722503796856,unit_mode_chain_amplitude,stellarator-linear-scan:stella-geometry
0.1,68,-0.234375,0.6284235807926309,0.12210626036619414,0.005897784701279936,-0.052116722503796856,unit_mode_chain_amplitude,stellarator-linear-scan:stella-geometry
0.1,69,-0.23046875,0.641502431841694,-0.2048989213457343,0.005897784701279936,-0.052116722503796856,unit_mode_chain_amplitude,stellarator-linear-scan:stella-geometry
0.1,70,-0.2265625,0.5202900452971598,-0.3234298500155975,0.005897784701279936,-0.052116722503796856,unit_mode_chain_amplitude,stellarator-linear-scan:stella-geometry
0.1,71,-0.22265625,0.38561314810892405,-0.6506947797652143,0.005897784701279936,-0.052116722503796856,unit_mode_chain_amplitude,stellarator-linear-scan:stella-geometry
0.1,72,-0.21875,0.004996714228133587,-0.9244460122526317,0.005897784701279936,-0.052116722503796856,unit_mode_chain_amplitude,stellarator-linear-scan:stella-geometry
0.1,73,-0.21484375,-0.08669314468086703,-0.744717455154017,0.005897784701279936,-0.052116722503796856,unit_mode_chain_amplitude,stellarator-linear-scan:stella-geometry
0.1,74,-0.2109375,-0.3867672179932909,-0.9183129657646383,0.005897784701279936,-0.052116722503796856,unit_mode_chain_amplitude,stellarator-linear-scan:stella-geometry
0.1,75,-0.20703125,-0.5074116579892088,-0.8786721768080572,0.005897784701279936,-0.052116722503796856,unit_mode_chain_amplitude,stellarator-linear-scan:stella-geometry
0.1,76,-0.203125,-0.8541824310413608,-0.43434793103420105,0.005897784701279936,-0.052116722503796856,unit_mode_chain_amplitude,stellarator-linear-scan:stella-geometry
0.1,77,-0.19921875,-1.55568837841771,-0.1958354287060574,0.005897784701279936,-0.052116722503796856,unit_mode_chain_amplitude,stellarator-linear-scan:stella-geometry
0.1,78,-0.1953125,-1.5027828850618297,-0.24013735778656603,0.005897784701279936,-0.052116722503796856,unit_mode_chain_amplitude,stellarator-linear-scan:stella-geometry
0.1,79,-0.19140625,-0.8385737692840141,0.30216884885175815,0.005897784701279936,-0.052116722503796856,unit_mode_chain_amplitude,stellarator-linear-scan:stella-geometry
0.1,80,-0.1875,-0.8343591916933044,0.5935071707727062,0.005897784701279936,-0.052116722503796856,unit_mode_chain_amplitude,stellarator-linear-scan:stella-geometry
0.1,81,-0.18359375,-0.6772618668295987,0.6584803653576868,0.005897784701279936,-0.052116722503796856,unit_mode_chain_amplitude,stellarator-linear-scan:stella-geometry
0.1,82,-0.1796875,-0.3908205965240475,0.8768806941348132,0.005897784701279936,-0.052116722503796856,unit_mode_chain_amplitude,stellarator-linear-scan:stella-geometry
0.1,83,-0.17578125,0.18335646893758448,0.5069451556456167,0.005897784701279936,-0.052116722503796856,unit_mode_chain_amplitude,stellarator-linear-scan:stella-geometry
0.1,84,-0.171875,0.7204995036578244,0.5622749999394127,0.005897784701279936,-0.052116722503796856,unit_mode_chain_amplitude,stellarator-linear-scan:stella-geometry
0.1,85,-0.16796875,0.917118144354548,0.08124887372502736,0.005897784701279936,-0.052116722503796856,unit_mode_chain_amplitude,stellarator-linear-scan:stella-geometry
0.1,86,-0.1640625,0.3178130041908344,0.09887901537227457,0.005897784701279936,-0.052116722503796856,unit_mode_chain_amplitude,stellarator-linear-scan:stella-geometry
0.1,87,-0.16015625,0.725186862729442,0.10603555268635749,0.005897784701279936,-0.052116722503796856,unit_mode_chain_amplitude,stellarator-linear-scan:stella-geometry
0.1,88,-0.15625,0.6575870229701948,-0.14035036990953043,0.005897784701279936,-0.052116722503796856,unit_mode_chain_amplitude,stellarator-linear-scan:stella-geometry
0.1,89,-0.15234375,0.5438284071539534,-0.06394835337864446,0.005897784701279936,-0.052116722503796856,unit_mode_chain_amplitude,stellarator-linear-scan:stella-geometry
0.1,90,-0.1484375,0.7484771570480043,0.1628155925005402,0.005897784701279936,-0.052116722503796856,unit_mode_chain_amplitude,stellarator-linear-scan:stella-geometry
0.1,91,-0.14453125,1.1262992812573223,0.25174421914831774,0.005897784701279936,-0.052116722503796856,unit_mode_chain_amplitude,stellarator-linear-scan:stella-geometry
0.1,92,-0.140625,0.7378121730421389,0.3709260470505933,0.005897784701279936,-0.052116722503796856,unit_mode_chain_amplitude,stellarator-linear-scan:stella-geometry
0.1,93,-0.13671875,0.7576526714951647,0.2176270511351572,0.005897784701279936,-0.052116722503796856,unit_mode_chain_amplitude,stellarator-linear-scan:stella-geometry
0.1,94,-0.1328125,0.4099909524529084,-0.24338272653594695,0.005897784701279936,-0.052116722503796856,unit_mode_chain_amplitude,stellarator-linear-scan:stella-geometry
0.1,95,-0.12890625,0.21301897745514053,-0.7098571878312391,0.005897784701279936,-0.052116722503796856,unit_mode_chain_amplitude,stellarator-linear-scan:stella-geometry
0.1,96,-0.125,0.23958384482284753,-0.4637074622040921,0.005897784701279936,-0.052116722503796856,unit_mode_chain_amplitude,stellarator-linear-scan:stella-geometry
0.1,97,-0.12109375,0.4068342851301868,-1.3836806532301753,0.005897784701279936,-0.052116722503796856,unit_mode_chain_amplitude,stellarator-linear-scan:stella-geometry
0.1,98,-0.1171875,0.2998548857769138,-1.701134220467412,0.005897784701279936,-0.052116722503796856,unit_mode_chain_amplitude,stellarator-linear-scan:stella-geometry
0.1,99,-0.11328125,0.21033395462811016,-0.5985834122993671,0.005897784701279936,-0.052116722503796856,unit_mode_chain_amplitude,stellarator-linear-scan:stella-geometry
0.1,100,-0.109375,-0.5719640030195055,-0.3774229685217264,0.005897784701279936,-0.052116722503796856,unit_mode_chain_amplitude,stellarator-linear-scan:stella-geometry
0.1,101,-0.10546875,-0.12873318553872617,-0.0050136982118237534,0.005897784701279936,-0.052116722503796856,unit_mode_chain_amplitude,stellarator-linear-scan:stella-geometry
0.1,102,-0.1015625,-0.49408374490593676,0.08558841750645596,0.005897784701279936,-0.052116722503796856,unit_mode_chain_amplitude,stellarator-linear-scan:stella-geometry
0.1,103,-0.09765625,-0.6586525905337475,-0.08740248327912911,0.005897784701279936,-0.052116722503796856,unit_mode_chain_amplitude,stellarator-linear-scan:stella-geometry
0.1,104,-0.09375,-0.5315595618171186,0.1146070096257106,0.005897784701279936,-0.052116722503796856,unit_mode_chain_amplitude,stellarator-linear-scan:stella-geometry
0.1,105,-0.08984375,-0.21417748068943204,1.1843643084435804,0.005897784701279936,-0.052116722503796856,unit_mode_chain_amplitude,stellarator-linear-scan:stella-geometry
0.1,106,-0.0859375,-0.12576706342651897,1.0417516055428249,0.005897784701279936,-0.052116722503796856,unit_mode_chain_amplitude,stellarator-linear-scan:stella-geometry
0.1,107,-0.08203125,-0.08345299805544495,1.452056743378549,0.005897784701279936,-0.052116722503796856,unit_mode_chain_amplitude,stellarator-linear-scan:stella-geometry
0.1,108,-0.078125,0.11772811311864889,1.3018692899610105,0.005897784701279936,-0.052116722503796856,unit_mode_chain_amplitude,stellarator-linear-scan:stella-geometry
0.1,109,-0.07421875,0.8339497389919803,1.1380503526063033,0.005897784701279936,-0.052116722503796856,unit_mode_chain_amplitude,stellarator-linear-scan:stella-geometry
0.1,110,-0.0703125,0.7906240830630786,0.9306960220758506,0.005897784701279936,-0.052116722503796856,unit_mode_chain_amplitude,stellarator-linear-scan:stella-geometry
0.1,111,-0.06640625,0.694633943527123,0.5483825917616116,0.005897784701279936,-0.052116722503796856,unit_mode_chain_amplitude,stellarator-linear-scan:stella-geometry
0.1,112,-0.0625,0.6208828379662826,0.29794527237798274,0.005897784701279936,-0.052116722503796856,unit_mode_chain_amplitude,stellarator-linear-scan:stella-geometry
0.1,113,-0.05859375,0.616245969921075,-0.4533313518849406,0.005897784701279936,-0.052116722503796856,unit_mode_chain_amplitude,stellarator-linear-scan:stella-geometry
0.1,114,-0.0546875,0.5851771813926471,-0.5601359568932177,0.005897784701279936,-0.052116722503796856,unit_mode_chain_amplitude,stellarator-linear-scan:stella-geometry
0.1,115,-0.05078125,0.7196164616877753,-0.8385140037226178,0.005897784701279936,-0.052116722503796856,unit_mode_chain_amplitude,stellarator-linear-scan:stella-geometry
0.1,116,-0.046875,0.04331627782950415,-0.5478302503190543,0.005897784701279936,-0.052116722503796856,unit_mode_chain_amplitude,stellarator-linear-scan:stella-geometry
0.1,117,-0.04296875,-0.2143578372813291,-0.5968776966792928,0.005897784701279936,-0.052116722503796856,unit_mode_chain_amplitude,stellarator-linear-scan:stella-geometry
0.1,118,-0.0390625,0.06886138278137112,-1.1057899324885965,0.005897784701279936,-0.052116722503796856,unit_mode_chain_amplitude,stellarator-linear-scan:stella-geometry
0.1,119,-0.03515625,-0.03051807162878463,-0.6897822874696345,0.005897784701279936,-0.052116722503796856,unit_mode_chain_amplitude,stellarator-linear-scan:stella-geometry
0.1,120,-0.03125,-0.42219423842162873,-0.31267310129317616,0.005897784701279936,-0.052116722503796856,unit_mode_chain_amplitude,stellarator-linear-scan:stella-geometry
0.1,121,-0.02734375,-0.8653612828363467,-0.38421140395215314,0.005897784701279936,-0.052116722503796856,unit_mode_chain_amplitude,stellarator-linear-scan:stella-geometry
0.1,122,-0.0234375,-0.765204399357205,0.07779469352608985,0.005897784701279936,-0.052116722503796856,unit_mode_chain_amplitude,stellarator-linear-scan:stella-geometry
0.1,123,-0.01953125,-0.4486772997399672,0.09213367454067593,0.005897784701279936,-0.052116722503796856,unit_mode_chain_amplitude,stellarator-linear-scan:stella-geometry
0.1,124,-0.015625,-0.67774358064849,0.011818114065751652,0.005897784701279936,-0.052116722503796856,unit_mode_chain_amplitude,stellarator-linear-scan:stella-geometry
0.1,125,-0.01171875,-0.4197725411764285,0.6825517441489086,0.005897784701279936,-0.052116722503796856,unit_mode_chain_amplitude,stellarator-linear-scan:stella-geometry
0.1,126,-0.0078125,-0.4257643025099014,1.0275580071267287,0.005897784701279936,-0.052116722503796856,unit_mode_chain_amplitude,stellarator-linear-scan:stella-geometry
0.1,127,-0.00390625,0.002584224501011221,0.7123811000426372,0.005897784701279936,-0.052116722503796856,unit_mode_chain_amplitude,stellarator-linear-scan:stella-geometry
0.1,128,0.0,-0.33956868634898957,0.43127827649797007,0.005897784701279936,-0.052116722503796856,unit_mode_chain_amplitude,stellarator-linear-scan:stella-geometry
0.1,129,0.00390625,-0.20039614121566052,0.3017817418844938,0.005897784701279936,-0.052116722503796856,unit_mode_chain_amplitude,stellarator-linear-scan:stella-geometry
0.1,130,0.0078125,-0.23096824290216456,-0.12433348697309136,0.005897784701279936,-0.052116722503796856,unit_mode_chain_amplitude,stellarator-linear-scan:stella-geometry
0.1,131,0.01171875,0.26096546908125795,-0.15402937444507364,0.005897784701279936,-0.052116722503796856,unit_mode_chain_amplitude,stellarator-linear-scan:stella-geometry
0.1,132,0.015625,0.12042675080228715,0.5568469916942186,0.005897784701279936,-0.052116722503796856,unit_mode_chain_amplitude,stellarator-linear-scan:stella-geometry
0.1,133,0.01953125,0.3505964142984074,0.2654965821079937,0.005897784701279936,-0.052116722503796856,unit_mode_chain_amplitude,stellarator-linear-scan:stella-geometry
0.1,134,0.0234375,0.25658294129381753,0.6670129665435327,0.005897784701279936,-0.052116722503796856,unit_mode_chain_amplitude,stellarator-linear-scan:stella-geometry
0.1,135,0.02734375,0.5129360311004122,0.7589666861693372,0.005897784701279936,-0.052116722503796856,unit_mode_chain_amplitude,stellarator-linear-scan:stella-geometry
0.1,136,0.03125,0.2775530640096518,0.08171975941144102,0.005897784701279936,-0.052116722503796856,unit_mode_chain_amplitude,stellarator-linear-scan:stella-geometry
0.1,137,0.03515625,0.7511729447453873,-0.29490000017623363,0.005897784701279936,-0.052116722503796856,unit_mode_chain_amplitude,stellarator-linear-scan:stella-geometry
0.1,138,0.0390625,0.6045284376068548,-0.5305314450192703,0.005897784701279936,-0.052116722503796856,unit_mode_chain_amplitude,stellarator-linear-scan:stella-geometry
0.1,139,0.04296875,0.7174182941672486,-0.8865936078555637,0.005897784701279936,-0.052116722503796856,unit_mode_chain_amplitude,stellarator-linear-scan:stella-geometry
0.1,140,0.046875,0.46115123374425376,-0.6950922478032744,0.005897784701279936,-0.052116722503796856,unit_mode_chain_amplitude,stellarator-linear-scan:stella-geometry
0.1,141,0.05078125,0.09850702825462963,-0.722363298570727,0.005897784701279936,-0.052116722503796856,unit_mode_chain_amplitude,stellarator-linear-scan:stella-geometry
0.1,142,0.0546875,0.203780841319025,-0.7986543964434295,0.005897784701279936,-0.052116722503796856,unit_mode_chain_amplitude,stellarator-linear-scan:stella-geometry
0.1,143,0.05859375,-0.10982117666820287,-0.9072329114591744,0.005897784701279936,-0.052116722503796856,unit_mode_chain_amplitude,stellarator-linear-scan:stella-geometry
0.1,144,0.0625,-0.7019828382587495,-1.0679178659178556,0.005897784701279936,-0.052116722503796856,unit_mode_chain_amplitude,stellarator-linear-scan:stella-geometry
0.1,145,0.06640625,-0.43191979553915566,-0.5865657625528025,0.005897784701279936,-0.052116722503796856,unit_mode_chain_amplitude,stellarator-linear-scan:stella-geometry
0.1,146,0.0703125,-0.8329321555524104,-0.6468076310260891,0.005897784701279936,-0.052116722503796856,unit_mode_chain_amplitude,stellarator-linear-scan:stella-geometry
0.1,147,0.07421875,-0.9045869050665437,-0.5412821366523767,0.005897784701279936,-0.052116722503796856,unit_mode_chain_amplitude,stellarator-linear-scan:stella-geometry
0.1,148,0.078125,-0.7872590356510438,-0.6677013872069892,0.005897784701279936,-0.052116722503796856,unit_mode_chain_amplitude,stellarator-linear-scan:stella-geometry
0.1,149,0.08203125,-0.6774081136519241,0.05702436871148209,0.005897784701279936,-0.052116722503796856,unit_mode_chain_amplitude,stellarator-linear-scan:stella-geometry
0.1,150,0.0859375,-0.3383335768088613,0.5979597912432264,0.005897784701279936,-0.052116722503796856,unit_mode_chain_amplitude,stellarator-linear-scan:stella-geometry
0.1,151,0.08984375,-0.2508216529203989,0.35101520274154946,0.005897784701279936,-0.052116722503796856,unit_mode_chain_amplitude,stellarator-linear-scan:stella-geometry
0.1,152,0.09375,-0.02888976452030276,0.48828708110757785,0.005897784701279936,-0.052116722503796856,unit_mode_chain_amplitude,stellarator-linear-scan:stella-geometry
0.1,153,0.09765625,0.22070389098235732,0.7943456897813985,0.005897784701279936,-0.052116722503796856,unit_mode_chain_amplitude,stellarator-linear-scan:stella-geometry
0.1,154,0.1015625,0.09362130263566515,0.5295957776532826,0.005897784701279936,-0.052116722503796856,unit_mode_chain_amplitude,stellarator-linear-scan:stella-geometry
0.1,155,0.10546875,0.19070190933591458,0.5863017970006124,0.005897784701279936,-0.052116722503796856,unit_mode_chain_amplitude,stellarator-linear-scan:stella-geometry
0.1,156,0.109375,0.41454246805793843,0.6435347419807314,0.005897784701279936,-0.052116722503796856,unit_mode_chain_amplitude,stellarator-linear-scan:stella-geometry
0.1,157,0.11328125,0.3556562055106393,0.6713242653019992,0.005897784701279936,-0.052116722503796856,unit_mode_chain_amplitude,stellarator-linear-scan:stella-geometry
0.1,158,0.1171875,0.6717205620273482,1.119959623586597,0.005897784701279936,-0.052116722503796856,unit_mode_chain_amplitude,stellarator-linear-scan:stella-geometry
0.1,159,0.12109375,0.45310229502840216,0.6959803595989401,0.005897784701279936,-0.052116722503796856,unit_mode_chain_amplitude,stellarator-linear-scan:stella-geometry
0.1,160,0.125,0.31952481647562303,-0.21397554925271903,0.005897784701279936,-0.052116722503796856,unit_mode_chain_amplitude,stellarator-linear-scan:stella-geometry
0.1,161,0.12890625,0.18344303172494833,-0.03404560283272015,0.005897784701279936,-0.052116722503796856,unit_mode_chain_amplitude,stellarator-linear-scan:stella-geometry
0.1,162,0.1328125,-0.07029530907053229,-0.5146796899377509,0.005897784701279936,-0.052116722503796856,unit_mode_chain_amplitude,stellarator-linear-scan:stella-geometry
0.1,163,0.13671875,-0.15899811105132647,-0.9416040920950276,0.005897784701279936,-0.052116722503796856,unit_mode_chain_amplitude,stellarator-linear-scan:stella-geometry
0.1,164,0.140625,-0.15487667057754861,-1.0709882349653996,0.005897784701279936,-0.052116722503796856,unit_mode_chain_amplitude,stellarator-linear-scan:stella-geometry
0.1,165,0.14453125,-0.5663724208274851,-0.6757015327625281,0.005897784701279936,-0.052116722503796856,unit_mode_chain_amplitude,stellarator-linear-scan:stella-geometry
0.1,166,0.1484375,-0.3412085702405414,-0.19532745907314142,0.005897784701279936,-0.052116722503796856,unit_mode_chain_amplitude,stellarator-linear-scan:stella-geometry
0.1,167,0.15234375,-0.0829627243227217,0.0410307459770886,0.005897784701279936,-0.052116722503796856,unit_mode_chain_amplitude,stellarator-linear-scan:stella-geometry
0.1,168,0.15625,-0.6666804631132441,-0.007961436939950587,0.005897784701279936,-0.052116722503796856,unit_mode_chain_amplitude,stellarator-linear-scan:stella-geometry
0.1,169,0.16015625,-0.3676389541671197,-0.49492192063819196,0.005897784701279936,-0.052116722503796856,unit_mode_chain_amplitude,stellarator-linear-scan:stella-geometry
0.1,170,0.1640625,-0.6508928008040736,-0.7192165934579481,0.005897784701279936,-0.052116722503796856,unit_mode_chain_amplitude,stellarator-linear-scan:stella-geometry
0.1,171,0.16796875,-0.8765305588130912,-0.5662608250035995,0.005897784701279936,-0.052116722503796856,unit_mode_chain_amplitude,stellarator-linear-scan:stella-geometry
0.1,172,0.171875,-1.3760898741038563,-0.47405137134136094,0.005897784701279936,-0.052116722503796856,unit_mode_chain_amplitude,stellarator-linear-scan:stella-geometry
0.1,173,0.17578125,-0.8471607517458245,0.04730725360680662,0.005897784701279936,-0.052116722503796856,unit_mode_chain_amplitude,stellarator-linear-scan:stella-geometry
0.1,174,0.1796875,-0.8190577786418454,-0.011216882053538707,0.005897784701279936,-0.052116722503796856,unit_mode_chain_amplitude,stellarator-linear-scan:stella-geometry
0.1,175,0.18359375,-0.05033751753472969,0.38821191366245994,0.005897784701279936,-0.052116722503796856,unit_mode_chain_amplitude,stellarator-linear-scan:stella-geometry
0.1,176,0.1875,-0.09573146996073499,0.4813846105138558,0.005897784701279936,-0.052116722503796856,unit_mode_chain_amplitude,stellarator-linear-scan:stella-geometry
0.1,177,0.19140625,0.08339166695145184,0.7635646179590213,0.005897784701279936,-0.052116722503796856,unit_mode_chain_amplitude,stellarator-linear-scan:stella-geometry
0.1,178,0.1953125,0.7192773485324692,1.1817184541506423,0.005897784701279936,-0.052116722503796856,unit_mode_chain_amplitude,stellarator-linear-scan:stella-geometry
0.1,179,0.19921875,1.2811750725845041,0.8904805929994538,0.005897784701279936,-0.052116722503796856,unit_mode_chain_amplitude,stellarator-linear-scan:stella-geometry
0.1,180,0.203125,0.9322021001385814,0.4553003955186898,0.005897784701279936,-0.052116722503796856,unit_mode_chain_amplitude,stellarator-linear-scan:stella-geometry
0.1,181,0.20703125,1.151425202887036,0.3810178982461531,0.005897784701279936,-0.052116722503796856,unit_mode_chain_amplitude,stellarator-linear-scan:stella-geometry
0.1,182,0.2109375,0.820115915660341,-0.2518816813355731,0.005897784701279936,-0.052116722503796856,unit_mode_chain_amplitude,stellarator-linear-scan:stella-geometry
0.1,183,0.21484375,0.8650301658338467,-0.19083530090835235,0.005897784701279936,-0.052116722503796856,unit_mode_chain_amplitude,stellarator-linear-scan:stella-geometry
0.1,184,0.21875,1.0155790279030026,-0.24763849965929427,0.005897784701279936,-0.052116722503796856,unit_mode_chain_amplitude,stellarator-linear-scan:stella-geometry
0.1,185,0.22265625,0.8289750523831086,-0.26878920414881596,0.005897784701279936,-0.052116722503796856,unit_mode_chain_amplitude,stellarator-linear-scan:stella-geometry
0.1,186,0.2265625,0.2942725072484827,-1.5706350463994248,0.005897784701279936,-0.052116722503796856,unit_mode_chain_amplitude,stellarator-linear-scan:stella-geometry
0.1,187,0.23046875,-0.39102522845177107,-1.6044221758717252,0.005897784701279936,-0.052116722503796856,unit_mode_chain_amplitude,stellarator-linear-scan:stella-geometry
0.1,188,0.234375,-0.27094153984260544,-1.5727857963831517,0.005897784701279936,-0.052116722503796856,unit_mode_chain_amplitude,stellarator-linear-scan:stella-geometry
0.1,189,0.23828125,-0.5486944962984552,-1.623351946501962,0.005897784701279936,-0.052116722503796856,unit_mode_chain_amplitude,stellarator-linear-scan:stella-geometry
0.1,190,0.2421875,-0.8499546793528249,-1.253013414006536,0.005897784701279936,-0.052116722503796856,unit_mode_chain_amplitude,stellarator-linear-scan:stella-geometry
0.1,191,0.24609375,-0.9896601771298416,-0.44238650731242496,0.005897784701279936,-0.052116722503796856,unit_mode_chain_amplitude,stellarator-linear-scan:stella-geometry
0.1,192,0.25,-1.1728409074544182,-0.29148674333886876,0.005897784701279936,-0.052116722503796856,unit_mode_chain_amplitude,stellarator-linear-scan:stella-geometry
0.1,193,0.25390625,-1.1756277450903476,0.10427115792222781,0.005897784701279936,-0.052116722503796856,unit_mode_chain_amplitude,stellarator-linear-scan:stella-geometry
0.1,194,0.2578125,-0.6140240435666439,0.49245549677941647,0.005897784701279936,-0.052116722503796856,unit_mode_chain_amplitude,stellarator-linear-scan:stella-geometry
0.1,195,0.26171875,-0.5708347317567368,0.48678942722312046,0.005897784701279936,-0.052116722503796856,unit_mode_chain_amplitude,stellarator-linear-scan:stella-geometry
0.1,196,0.265625,-0.21455806173698888,0.7863591304317946,0.005897784701279936,-0.052116722503796856,unit_mode_chain_amplitude,stellarator-linear-scan:stella-geometry
0.1,197,0.26953125,0.25892760520015,0.8547143838716228,0.005897784701279936,-0.052116722503796856,unit_mode_chain_amplitude,stellarator-linear-scan:stella-geometry
0.1,198,0.2734375,0.48973772215460615,0.9990839626895631,0.005897784701279936,-0.052116722503796856,unit_mode_chain_amplitude,stellarator-linear-scan:stella-geometry
0.1,199,0.27734375,0.3220407590030694,1.0943497498167085,0.005897784701279936,-0.052116722503796856,unit_mode_chain_amplitude,stellarator-linear-scan:stella-geometry
0.1,200,0.28125,0.40422293981797885,0.6882458125057369,0.005897784701279936,-0.052116722503796856,unit_mode_chain_amplitude,stellarator-linear-scan:stella-geometry
0.1,201,0.28515625,0.1481629053989418,1.099815962950647,0.005897784701279936,-0.052116722503796856,unit_mode_chain_amplitude,stellarator-linear-scan:stella-geometry
0.1,202,0.2890625,0.885611611562106,1.105044666326599,0.005897784701279936,-0.052116722503796856,unit_mode_chain_amplitude,stellarator-linear-scan:stella-geometry
0.1,203,0.29296875,1.2988177890971022,0.5182827944310084,0.005897784701279936,-0.052116722503796856,unit_mode_chain_amplitude,stellarator-linear-scan:stella-geometry
0.1,204,0.296875,1.0551449875806354,0.11739671223038033,0.005897784701279936,-0.052116722503796856,unit_mode_chain_amplitude,stellarator-linear-scan:stella-geometry
0.1,205,0.30078125,1.0026089484724146,0.48532633735628256,0.005897784701279936,-0.052116722503796856,unit_mode_chain_amplitude,stellarator-linear-scan:stella-geometry
0.1,206,0.3046875,1.0187079129368497,-0.1451600192235863,0.005897784701279936,-0.052116722503796856,unit_mode_chain_amplitude,stellarator-linear-scan:stella-geometry
0.1,207,0.30859375,1.002127665134145,-0.1300291182203699,0.005897784701279936,-0.052116722503796856,unit_mode_chain_amplitude,stellarator-linear-scan:stella-geometry
0.1,208,0.3125,0.7222202563805185,-0.15774449653596168,0.005897784701279936,-0.052116722503796856,unit_mode_chain_amplitude,stellarator-linear-scan:stella-geometry
0.1,209,0.31640625,0.9998598782799574,-0.44480729492420495,0.005897784701279936,-0.052116722503796856,unit_mode_chain_amplitude,stellarator-linear-scan:stella-geometry
0.1,210,0.3203125,0.5800074052767007,-0.4854885775089228,0.005897784701279936,-0.052116722503796856,unit_mode_chain_amplitude,stellarator-linear-scan:stella-geometry
0.1,211,0.32421875,0.3218651967922044,-0.6348710425859634,0.005897784701279936,-0.052116722503796856,unit_mode_chain_amplitude,stellarator-linear-scan:stella-geometry
0.1,212,0.328125,0.012090379088989798,-0.8757160061072374,0.005897784701279936,-0.052116722503796856,unit_mode_chain_amplitude,stellarator-linear-scan:stella-geometry
0.1,213,0.33203125,-0.18967480516877105,-1.1650096047088336,0.005897784701279936,-0.052116722503796856,unit_mode_chain_amplitude,stellarator-linear-scan:stella-geometry
0.1,214,0.3359375,-0.47756822386995357,-1.318877949279829,0.005897784701279936,-0.052116722503796856,unit_mode_chain_amplitude,stellarator-linear-scan:stella-geometry
0.1,215,0.33984375,-1.0160998399637993,-1.2499617921786694,0.005897784701279936,-0.052116722503796856,unit_mode_chain_amplitude,stellarator-linear-scan:stella-geometry
0.1,216,0.34375,-1.776450360966544,-0.8969661130245944,0.005897784701279936,-0.052116722503796856,unit_mode_chain_amplitude,stellarator-linear-scan:stella-geometry
0.1,217,0.34765625,-1.2895001773100065,-0.03594960871632322,0.005897784701279936,-0.052116722503796856,unit_mode_chain_amplitude,stellarator-linear-scan:stella-geometry
0.1,218,0.3515625,-0.817657116543243,0.17964998812257577,0.005897784701279936,-0.052116722503796856,unit_mode_chain_amplitude,stellarator-linear-scan:stella-geometry
0.1,219,0.35546875,-0.4716022187316856,0.19828204726935805,0.005897784701279936,-0.052116722503796856,unit_mode_chain_amplitude,stellarator-linear-scan:stella-geometry
0.1,220,0.359375,-0.8031761111370235,0.6965980191431228,0.005897784701279936,-0.052116722503796856,unit_mode_chain_amplitude,stellarator-linear-scan:stella-geometry
0.1,221,0.36328125,-0.6921251877776138,0.9743496614604439,0.005897784701279936,-0.052116722503796856,unit_mode_chain_amplitude,stellarator-linear-scan:stella-geometry
0.1,222,0.3671875,-0.2782119577147674,1.1005175798842046,0.005897784701279936,-0.052116722503796856,unit_mode_chain_amplitude,stellarator-linear-scan:stella-geometry
0.1,223,0.37109375,0.44426972360688144,1.1798850346127907,0.005897784701279936,-0.052116722503796856,unit_mode_chain_amplitude,stellarator-linear-scan:stella-geometry
0.1,224,0.375,0.9921643054707712,1.0113307467150716,0.005897784701279936,-0.052116722503796856,unit_mode_chain_amplitude,stellarator-linear-scan:stella-geometry
0.1,225,0.37890625,1.1970951106432406,1.0754058261865127,0.005897784701279936,-0.052116722503796856,unit_mode_chain_amplitude,stellarator-linear-scan:stella-geometry
0.1,226,0.3828125,0.7439643781165318,0.7315019926860684,0.005897784701279936,-0.052116722503796856,unit_mode_chain_amplitude,stellarator-linear-scan:stella-geometry
0.1,227,0.38671875,1.449505308306854,0.37889555772277417,0.005897784701279936,-0.052116722503796856,unit_mode_chain_amplitude,stellarator-linear-scan:stella-geometry
0.1,228,0.390625,1.3883249311442045,-0.06573329195131332,0.005897784701279936,-0.052116722503796856,unit_mode_chain_amplitude,stellarator-linear-scan:stella-geometry
0.1,229,0.39453125,1.4838298608454497,-0.04776831845131782,0.005897784701279936,-0.052116722503796856,unit_mode_chain_amplitude,stellarator-linear-scan:stella-geometry
0.1,230,0.3984375,0.9926754199129043,-0.6777663490717664,0.005897784701279936,-0.052116722503796856,unit_mode_chain_amplitude,stellarator-linear-scan:stella-geometry
0.1,231,0.40234375,0.3847479890542039,-0.9783176902265299,0.005897784701279936,-0.052116722503796856,unit_mode_chain_amplitude,stellarator-linear-scan:stella-geometry
0.1,232,0.40625,0.05797146002886401,-1.0346273267754313,0.005897784701279936,-0.052116722503796856,unit_mode_chain_amplitude,stellarator-linear-scan:stella-geometry
0.1,233,0.41015625,-0.4855757173935165,-1.30656215516703,0.005897784701279936,-0.052116722503796856,unit_mode_chain_amplitude,stellarator-linear-scan:stella-geometry
0.1,234,0.4140625,-0.8737398139638066,-0.7292113352556638,0.005897784701279936,-0.052116722503796856,unit_mode_chain_amplitude,stellarator-linear-scan:stella-geometry
0.1,235,0.41796875,-0.668228890127944,-0.5228209284444222,0.005897784701279936,-0.052116722503796856,unit_mode_chain_amplitude,stellarator-linear-scan:stella-geometry
0.1,236,0.421875,-0.7979403252285346,-0.6711436430104455,0.005897784701279936,-0.052116722503796856,unit_mode_chain_amplitude,stellarator-linear-scan:stella-geometry
0.1,237,0.42578125,-1.197927568105238,-0.8267056825554177,0.005897784701279936,-0.052116722503796856,unit_mode_chain_amplitude,stellarator-linear-scan:stella-geometry
0.1,238,0.4296875,-1.1011703231985814,-0.5884624237700004,0.005897784701279936,-0.052116722503796856,unit_mode_chain_amplitude,stellarator-linear-scan:stella-geometry
0.1,239,0.43359375,-0.7401278772559912,-0.5064963827728881,0.005897784701279936,-0.052116722503796856,unit_mode_chain_amplitude,stellarator-linear-scan:stella-geometry
0.1,240,0.4375,-0.8661280300783352,-0.03698153314840258,0.005897784701279936,-0.052116722503796856,unit_mode_chain_amplitude,stellarator-linear-scan:stella-geometry
0.1,241,0.44140625,-0.7200098630284918,0.4139624067035713,0.005897784701279936,-0.052116722503796856,unit_mode_chain_amplitude,stellarator-linear-scan:stella-geometry
0.1,242,0.4453125,-0.6627313308329961,0.4283401166535783,0.005897784701279936,-0.052116722503796856,unit_mode_chain_amplitude,stellarator-linear-scan:stella-geometry
0.1,243,0.44921875,-0.408856781239803,0.5418971742994286,0.005897784701279936,-0.052116722503796856,unit_mode_chain_amplitude,stellarator-linear-scan:stella-geometry
0.1,244,0.453125,-0.37513002494877695,0.7605518690795244,0.005897784701279936,-0.052116722503796856,unit_mode_chain_amplitude,stellarator-linear-scan:stella-geometry
0.1,245,0.45703125,-0.6209669065768758,1.416082538841048,0.005897784701279936,-0.052116722503796856,unit_mode_chain_amplitude,stellarator-linear-scan:stella-geometry
0.1,246,0.4609375,-0.178747679161294,1.0331319649153379,0.005897784701279936,-0.052116722503796856,unit_mode_chain_amplitude,stellarator-linear-scan:stella-geometry
0.1,247,0.46484375,0.25961181287227164,0.9343669200057032,0.005897784701279936,-0.052116722503796856,unit_mode_chain_amplitude,stellarator-linear-scan:stella-geometry
0.1,248,0.46875,0.13844877867790864,1.2202250562466368,0.005897784701279936,-0.052116722503796856,unit_mode_chain_amplitude,stellarator-linear-scan:stella-geometry
0.1,249,0.47265625,0.5348193116512315,1.0534490166988362,0.005897784701279936,-0.052116722503796856,unit_mode_chain_amplitude,stellarator-linear-scan:stella-geometry
0.1,250,0.4765625,0.5725630527342033,1.264514498558911,0.005897784701279936,-0.052116722503796856,unit_mode_chain_amplitude,stellarator-linear-scan:stella-geometry
0.1,251,0.48046875,0.7902688449800634,1.0705704180235707,0.005897784701279936,-0.052116722503796856,unit_mode_chain_amplitude,stellarator-linear-scan:stella-geometry
0.1,252,0.484375,1.123192474516037,0.5554842357963244,0.005897784701279936,-0.052116722503796856,unit_mode_chain_amplitude,stellarator-linear-scan:stella-geometry
0.1,253,0.48828125,1.386788824856752,-0.17948815381869937,0.005897784701279936,-0.052116722503796856,unit_mode_chain_amplitude,stellarator-linear-scan:stella-geometry
0.1,254,0.4921875,1.0955567976922815,-0.31148688925132,0.005897784701279936,-0.052116722503796856,unit_mode_chain_amplitude,stellarator-linear-scan:stella-geometry
0.1,255,0.49609375,0.7894247916329692,-0.6864135801791682,0.005897784701279936,-0.052116722503796856,unit_mode_chain_amplitude,stellarator-linear-scan:stella-geometry
0.2,0,-0.5,0.15136645964609022,0.011505559697565,-0.003692019629248049,-0.1376335433184242,unit_mode_chain_amplitude,stellarator-linear-scan:stella-geometry
0.2,1,-0.49609375,0.2315550591805375,0.3242203287781042,-0.003692019629248049,-0.1376335433184242,unit_mode_chain_amplitude,stellarator-linear-scan:stella-geometry
0.2,2,-0.4921875,0.2422806901944117,0.36582796344799956,-0.003692019629248049,-0.1376335433184242,unit_mode_chain_amplitude,stellarator-linear-scan:stella-geometry
0.2,3,-0.48828125,-0.025543220046796385,0.1522853168461623,-0.003692019629248049,-0.1376335433184242,unit_mode_chain_amplitude,stellarator-linear-scan:stella-geometry
0.2,4,-0.484375,-0.15986250978258829,0.5045955260763529,-0.003692019629248049,-0.1376335433184242,unit_mode_chain_amplitude,stellarator-linear-scan:stella-geometry
0.2,5,-0.48046875,-0.20769013836674377,0.426202506659443,-0.003692019629248049,-0.1376335433184242,unit_mode_chain_amplitude,stellarator-linear-scan:stella-geometry
0.2,6,-0.4765625,-0.12498601948127275,0.15911826891945388,-0.003692019629248049,-0.1376335433184242,unit_mode_chain_amplitude,stellarator-linear-scan:stella-geometry
0.2,7,-0.47265625,-0.4939262141947784,0.24817407331731686,-0.003692019629248049,-0.1376335433184242,unit_mode_chain_amplitude,stellarator-linear-scan:stella-geometry
0.2,8,-0.46875,0.9269422269018771,0.03090006135725176,-0.003692019629248049,-0.1376335433184242,unit_mode_chain_amplitude,stellarator-linear-scan:stella-geometry
0.2,9,-0.46484375,0.09410920392891961,0.018739916130455087,-0.003692019629248049,-0.1376335433184242,unit_mode_chain_amplitude,stellarator-linear-scan:stella-geometry
0.2,10,-0.4609375,0.022699739512609906,-0.027796591160830646,-0.003692019629248049,-0.1376335433184242,unit_mode_chain_amplitude,stellarator-linear-scan:stella-geometry
0.2,11,-0.45703125,0.2984303379207701,0.4040512868755545,-0.003692019629248049,-0.1376335433184242,unit_mode_chain_amplitude,stellarator-linear-scan:stella-geometry
0.2,12,-0.453125,1.1976865743984346,0.49886978866008835,-0.003692019629248049,-0.1376335433184242,unit_mode_chain_amplitude,stellarator-linear-scan:stella-geometry
0.2,13,-0.44921875,0.9974819830680425,0.7199611024411097,-0.003692019629248049,-0.1376335433184242,unit_mode_chain_amplitude,stellarator-linear-scan:stella-geometry
0.2,14,-0.4453125,0.48232519703976345,0.35338364850498305,-0.003692019629248049,-0.1376335433184242,unit_mode_chain_amplitude,stellarator-linear-scan:stella-geometry
0.2,15,-0.44140625,0.34663381124909354,-0.35505051049742303,-0.003692019629248049,-0.1376335433184242,unit_mode_chain_amplitude,stellarator-linear-scan:stella-geometry
0.2,16,-0.4375,0.8625231678293626,-0.6745335217417656,-0.003692019629248049,-0.1376335433184242,unit_mode_chain_amplitude,stellarator-linear-scan:stella-geometry
0.2,17,-0.43359375,0.9728670208156013,0.063858087338924,-0.003692019629248049,-0.1376335433184242,unit_mode_chain_amplitude,stellarator-linear-scan:stella-geometry
0.2,18,-0.4296875,1.6350982211902123,-1.1598848003255713,-0.003692019629248049,-0.1376335433184242,unit_mode_chain_amplitude,stellarator-linear-scan:stella-geometry
0.2,19,-0.42578125,0.6038468393294959,-1.3462369744573002,-0.003692019629248049,-0.1376335433184242,unit_mode_chain_amplitude,stellarator-linear-scan:stella-geometry
0.2,20,-0.421875,-0.6904816646792312,-1.3317105569806689,-0.003692019629248049,-0.1376335433184242,unit_mode_chain_amplitude,stellarator-linear-scan:stella-geometry
0.2,21,-0.41796875,-0.8538735856829605,-0.4959602140584777,-0.003692019629248049,-0.1376335433184242,unit_mode_chain_amplitude,stellarator-linear-scan:stella-geometry
0.2,22,-0.4140625,-0.5969326988808448,-0.09470620582385292,-0.003692019629248049,-0.1376335433184242,unit_mode_chain_amplitude,stellarator-linear-scan:stella-geometry
0.2,23,-0.41015625,-0.3284487658388334,-0.685395827911215,-0.003692019629248049,-0.1376335433184242,unit_mode_chain_amplitude,stellarator-linear-scan:stella-geometry
0.2,24,-0.40625,0.14742652402420373,-0.9200294572374805,-0.003692019629248049,-0.1376335433184242,unit_mode_chain_amplitude,stellarator-linear-scan:stella-geometry
0.2,25,-0.40234375,-0.3136580787420687,-0.2339912558012493,-0.003692019629248049,-0.1376335433184242,unit_mode_chain_amplitude,stellarator-linear-scan:stella-geometry
0.2,26,-0.3984375,-0.08473197239494858,0.11269311626074877,-0.003692019629248049,-0.1376335433184242,unit_mode_chain_amplitude,stellarator-linear-scan:stella-geometry
0.2,27,-0.39453125,-0.6681605965674527,0.6100553704966672,-0.003692019629248049,-0.1376335433184242,unit_mode_chain_amplitude,stellarator-linear-scan:stella-geometry
0.2,28,-0.390625,0.23872955205782134,0.33136279127163615,-0.003692019629248049,-0.1376335433184242,unit_mode_chain_amplitude,stellarator-linear-scan:stella-geometry
0.2,29,-0.38671875,0.5359370335503766,0.24290429213705206,-0.003692019629248049,-0.1376335433184242,unit_mode_chain_amplitude,stellarator-linear-scan:stella-geometry
0.2,30,-0.3828125,-0.25455794337735266,0.2339802555320472,-0.003692019629248049,-0.1376335433184242,unit_mode_chain_amplitude,stellarator-linear-scan:stella-geometry
0.2,31,-0.37890625,-0.056841158380585635,0.398778651332962,-0.003692019629248049,-0.1376335433184242,unit_mode_chain_amplitude,stellarator-linear-scan:stella-geometry
0.2,32,-0.375,-0.6510572998086228,0.11327589065586884,-0.003692019629248049,-0.1376335433184242,unit_mode_chain_amplitude,stellarator-linear-scan:stella-geometry
0.2,33,-0.37109375,-0.8156143895885114,-0.02509012376884907,-0.003692019629248049,-0.1376335433184242,unit_mode_chain_amplitude,stellarator-linear-scan:stella-geometry
0.2,34,-0.3671875,0.1073178798110906,-0.44003002642387307,-0.003692019629248049,-0.1376335433184242,unit_mode_chain_amplitude,stellarator-linear-scan:stella-geometry
0.2,35,-0.36328125,0.011190382478179271,-0.27160998377144335,-0.003692019629248049,-0.1376335433184242,unit_mode_chain_amplitude,stellarator-linear-scan:stella-geometry
0.2,36,-0.359375,-0.499756594596597,-0.24698001840238568,-0.003692019629248049,-0.1376335433184242,unit_mode_chain_amplitude,stellarator-linear-scan:stella-geometry
0.2,37,-0.35546875,-0.44397989776627805,-0.382353441614359,-0.003692019629248049,-0.1376335433184242,unit_mode_chain_amplitude,stellarator-linear-scan:stella-geometry
0.2,38,-0.3515625,0.17650273399163446,-0.21219179491890622,-0.003692019629248049,-0.1376335433184242,unit_mode_chain_amplitude,stellarator-linear-scan:stella-geometry
0.2,39,-0.34765625,0.48188971899703414,0.01053912951491122,-0.003692019629248049,-0.1376335433184242,unit_mode_chain_amplitude,stellarator-linear-scan:stella-geometry
0.2,40,-0.34375,0.012536330600758126,0.4306009844785317,-0.003692019629248049,-0.1376335433184242,unit_mode_chain_amplitude,stellarator-linear-scan:stella-geometry
0.2,41,-0.33984375,0.38299584807661224,0.35071654113325007,-0.003692019629248049,-0.1376335433184242,unit_mode_chain_amplitude,stellarator-linear-scan:stella-geometry
0.2,42,-0.3359375,0.3001311945795243,-0.39446820336998734,-0.003692019629248049,-0.1376335433184242,unit_mode_chain_amplitude,stellarator-linear-scan:stella-geometry
0.2,43,-0.33203125,-0.11769322947723886,-0.259696490408634,-0.003692019629248049,-0.1376335433184242,unit_mode_chain_amplitude,stellarator-linear-scan:stella-geometry
0.2,44,-0.328125,0.24900905041769417,-0.020410136711795687,-0.003692019629248049,-0.1376335433184242,unit_mode_chain_amplitude,stellarator-linear-scan:stella-geometry
0.2,45,-0.32421875,-0.07803456527486063,0.2601797993779037,-0.003692019629248049,-0.1376335433184242,unit_mode_chain_amplitude,stellarator-linear-scan:stella-geometry
0.2,46,-0.3203125,0.3234010225293903,0.16426194322624033,-0.003692019629248049,-0.1376335433184242,unit_mode_chain_amplitude,stellarator-linear-scan:stella-geometry
0.2,47,-0.31640625,-0.5655499134939267,0.14393970971049272,-0.003692019629248049,-0.1376335433184242,unit_mode_chain_amplitude,stellarator-linear-scan:stella-geometry
0.2,48,-0.3125,-1.24128649797986,0.8171509931483798,-0.003692019629248049,-0.1376335433184242,unit_mode_chain_amplitude,stellarator-linear-scan:stella-geometry
0.2,49,-0.30859375,-2.0175276320596596,1.0220705790569933,-0.003692019629248049,-0.1376335433184242,unit_mode_chain_amplitude,stellarator-linear-scan:stella-geometry
0.2,50,-0.3046875,-1.386355582131388,0.1694233866883137,-0.003692019629248049,-0.1376335433184242,unit_mode_chain_amplitude,stellarator-linear-scan:stella-geometry
0.2,51,-0.30078125,-0.4993920403971828,0.17849060659513816,-0.003692019629248049,-0.1376335433184242,unit_mode_chain_amplitude,stellarator-linear-scan:stella-geometry
0.2,52,-0.296875,0.041794700186453836,-0.2585877066454363,-0.003692019629248049,-0.1376335433184242,unit_mode_chain_amplitude,stellarator-linear-scan:stella-geometry
0.2,53,-0.29296875,-0.9800988078308122,0.4259915295369772,-0.003692019629248049,-0.1376335433184242,unit_mode_chain_amplitude,stellarator-linear-scan:stella-geometry
0.2,54,-0.2890625,-0.26967099594059485,0.6853613977281707,-0.003692019629248049,-0.1376335433184242,unit_mode_chain_amplitude,stellarator-linear-scan:stella-geometry
0.2,55,-0.28515625,0.035946903972474124,0.7473028919020452,-0.003692019629248049,-0.1376335433184242,unit_mode_chain_amplitude,stellarator-linear-scan:stella-geometry
0.2,56,-0.28125,0.5375271360727069,0.6416485120915856,-0.003692019629248049,-0.1376335433184242,unit_mode_chain_amplitude,stellarator-linear-scan:stella-geometry
0.2,57,-0.27734375,0.8949298205259211,1.1058343049071337,-0.003692019629248049,-0.1376335433184242,unit_mode_chain_amplitude,stellarator-linear-scan:stella-geometry
0.2,58,-0.2734375,0.5906886980480403,0.14943279770154083,-0.003692019629248049,-0.1376335433184242,unit_mode_chain_amplitude,stellarator-linear-scan:stella-geometry
0.2,59,-0.26953125,1.1429468160695848,0.642757736760853,-0.003692019629248049,-0.1376335433184242,unit_mode_chain_amplitude,stellarator-linear-scan:stella-geometry
0.2,60,-0.265625,1.2720786203626866,0.46742651297025994,-0.003692019629248049,-0.1376335433184242,unit_mode_chain_amplitude,stellarator-linear-scan:stella-geometry
0.2,61,-0.26171875,1.0585755029751287,0.9102437467142843,-0.003692019629248049,-0.1376335433184242,unit_mode_chain_amplitude,stellarator-linear-scan:stella-geometry
0.2,62,-0.2578125,1.152555632663831,-0.3581726418687904,-0.003692019629248049,-0.1376335433184242,unit_mode_chain_amplitude,stellarator-linear-scan:stella-geometry
0.2,63,-0.25390625,0.686291965156805,-0.2539778162477431,-0.003692019629248049,-0.1376335433184242,unit_mode_chain_amplitude,stellarator-linear-scan:stella-geometry
0.2,64,-0.25,0.09035650922689388,-0.40929593423391286,-0.003692019629248049,-0.1376335433184242,unit_mode_chain_amplitude,stellarator-linear-scan:stella-geometry
0.2,65,-0.24609375,0.03485599750623819,0.16972427061003273,-0.003692019629248049,-0.1376335433184242,unit_mode_chain_amplitude,stellarator-linear-scan:stella-geometry
0.2,66,-0.2421875,0.012923766781126928,0.2401125885059888,-0.003692019629248049,-0.1376335433184242,unit_mode_chain_amplitude,stellarator-linear-scan:stella-geometry
0.2,67,-0.23828125,0.2506132793698212,-0.10393211064542102,-0.003692019629248049,-0.1376335433184242,unit_mode_chain_amplitude,stellarator-linear-scan:stella-geometry
0.2,68,-0.234375,0.43659000950053106,-0.5279406700976667,-0.003692019629248049,-0.1376335433184242,unit_mode_chain_amplitude,stellarator-linear-scan:stella-geometry
0.2,69,-0.23046875,0.1731737725192553,-0.8682702905614335,-0.003692019629248049,-0.1376335433184242,unit_mode_chain_amplitude,stellarator-linear-scan:stella-geometry
0.2,70,-0.2265625,0.02323983836746047,-0.4380016968568355,-0.003692019629248049,-0.1376335433184242,unit_mode_chain_amplitude,stellarator-linear-scan:stella-geometry
0.2,71,-0.22265625,-0.12208821808743882,0.32256712836566975,-0.003692019629248049,-0.1376335433184242,unit_mode_chain_amplitude,stellarator-linear-scan:stella-geometry
0.2,72,-0.21875,1.0388303033376087,0.364258117276477,-0.003692019629248049,-0.1376335433184242,unit_mode_chain_amplitude,stellarator-linear-scan:stella-geometry
0.2,73,-0.21484375,0.35890147543904555,0.3018517709054029,-0.003692019629248049,-0.1376335433184242,unit_mode_chain_amplitude,stellarator-linear-scan:stella-geometry
0.2,74,-0.2109375,-0.17159077499039752,0.18713024121239955,-0.003692019629248049,-0.1376335433184242,unit_mode_chain_amplitude,stellarator-linear-scan:stella-geometry
0.2,75,-0.20703125,-0.2616497688617649,-0.17108333345859345,-0.003692019629248049,-0.1376335433184242,unit_mode_chain_amplitude,stellarator-linear-scan:stella-geometry
0.2,76,-0.203125,-0.13265269892240802,0.18503326207108156,-0.003692019629248049,-0.1376335433184242,unit_mode_chain_amplitude,stellarator-linear-scan:stella-geometry
0.2,77,-0.19921875,0.35492667854216947,-0.02730445286196885,-0.003692019629248049,-0.1376335433184242,unit_mode_chain_amplitude,stellarator-linear-scan:stella-geometry
0.2,78,-0.1953125,-0.5324973085330815,0.17426342294733474,-0.003692019629248049,-0.1376335433184242,unit_mode_chain_amplitude,stellarator-linear-scan:stella-geometry
0.2,79,-0.19140625,-0.7091687156231057,0.9494629328253199,-0.003692019629248049,-0.1376335433184242,unit_mode_chain_amplitude,stellarator-linear-scan:stella-geometry
0.2,80,-0.1875,-0.30705667293109684,0.36810322111327537,-0.003692019629248049,-0.1376335433184242,unit_mode_chain_amplitude,stellarator-linear-scan:stella-geometry
0.2,81,-0.18359375,0.24980300246790157,0.4043590765798958,-0.003692019629248049,-0.1376335433184242,unit_mode_chain_amplitude,stellarator-linear-scan:stella-geometry
0.2,82,-0.1796875,0.3601822661808378,-0.5422177152433432,-0.003692019629248049,-0.1376335433184242,unit_mode_chain_amplitude,stellarator-linear-scan:stella-geometry
0.2,83,-0.17578125,0.2040787848562271,0.16682161922609257,-0.003692019629248049,-0.1376335433184242,unit_mode_chain_amplitude,stellarator-linear-scan:stella-geometry
0.2,84,-0.171875,0.8302845846789093,-0.12248863218440853,-0.003692019629248049,-0.1376335433184242,unit_mode_chain_amplitude,stellarator-linear-scan:stella-geometry
0.2,85,-0.16796875,1.6982524562295689,-0.5154176846427774,-0.003692019629248049,-0.1376335433184242,unit_mode_chain_amplitude,stellarator-linear-scan:stella-geometry
0.2,86,-0.1640625,1.5566597096633255,-1.1601256432284912,-0.003692019629248049,-0.1376335433184242,unit_mode_chain_amplitude,stellarator-linear-scan:stella-geometry
0.2,87,-0.16015625,0.7578504935835679,-0.9024102777966354,-0.003692019629248049,-0.1376335433184242,unit_mode_chain_amplitude,stellarator-linear-scan:stella-geometry
0.2,88,-0.15625,0.8612890229190547,-0.3483337722253096,-0.003692019629248049,-0.1376335433184242,unit_mode_chain_amplitude,stellarator-linear-scan:stella-geometry
0.2,89,-0.15234375,0.04856215003710795,-0.5118344480859552,-0.003692019629248049,-0.1376335433184242,unit_mode_chain_amplitude,stellarator-linear-scan:stella-geometry
0.2,90,-0.1484375,0.7822282576603886,-0.26073655875588003,-0.003692019629248049,-0.1376335433184242,unit_mode_chain_amplitude,stellarator-linear-scan:stella-geometry
0.2,91,-0.14453125,0.6824497696445504,-0.8728453862697915,-0.003692019629248049,-0.1376335433184242,unit_mode_chain_amplitude,stellarator-linear-scan:stella-geometry
0.2,92,-0.140625,-0.4709324332711655,-1.6588561901779704,-0.003692019629248049,-0.1376335433184242,unit_mode_chain_amplitude,stellarator-linear-scan:stella-geometry
0.2,93,-0.13671875,-1.4863732579875557,-1.0125839506272498,-0.003692019629248049,-0.1376335433184242,unit_mode_chain_amplitude,stellarator-linear-scan:stella-geometry
0.2,94,-0.1328125,-0.49113389035920796,-1.3306946093633767,-0.003692019629248049,-0.1376335433184242,unit_mode_chain_amplitude,stellarator-linear-scan:stella-geometry
0.2,95,-0.12890625,-0.615955073184012,-1.0566083392217056,-0.003692019629248049,-0.1376335433184242,unit_mode_chain_amplitude,stellarator-linear-scan:stella-geometry
0.2,96,-0.125,-1.2174846933264507,-1.1243052461407834,-0.003692019629248049,-0.1376335433184242,unit_mode_chain_amplitude,stellarator-linear-scan:stella-geometry
0.2,97,-0.12109375,-1.5781423360227462,0.07741704405997088,-0.003692019629248049,-0.1376335433184242,unit_mode_chain_amplitude,stellarator-linear-scan:stella-geometry
0.2,98,-0.1171875,-1.4163150166986416,0.8002729352270764,-0.003692019629248049,-0.1376335433184242,unit_mode_chain_amplitude,stellarator-linear-scan:stella-geometry
0.2,99,-0.11328125,-2.2293648815241496,1.2385874677286937,-0.003692019629248049,-0.1376335433184242,unit_mode_chain_amplitude,stellarator-linear-scan:stella-geometry
0.2,100,-0.109375,-1.245516018670814,0.994501235279389,-0.003692019629248049,-0.1376335433184242,unit_mode_chain_amplitude,stellarator-linear-scan:stella-geometry
0.2,101,-0.10546875,-1.176051690200196,1.1635433793280632,-0.003692019629248049,-0.1376335433184242,unit_mode_chain_amplitude,stellarator-linear-scan:stella-geometry
0.2,102,-0.1015625,-0.26319164084872926,1.041270896139104,-0.003692019629248049,-0.1376335433184242,unit_mode_chain_amplitude,stellarator-linear-scan:stella-geometry
0.2,103,-0.09765625,0.4466389959559247,1.1340677315460261,-0.003692019629248049,-0.1376335433184242,unit_mode_chain_amplitude,stellarator-linear-scan:stella-geometry
0.2,104,-0.09375,0.9922402030080136,1.5541932222341077,-0.003692019629248049,-0.1376335433184242,unit_mode_chain_amplitude,stellarator-linear-scan:stella-geometry
0.2,105,-0.08984375,-0.3247383941528511,1.2785234424995273,-0.003692019629248049,-0.1376335433184242,unit_mode_chain_amplitude,stellarator-linear-scan:stella-geometry
0.2,106,-0.0859375,0.9450553125638583,0.37391615557678903,-0.003692019629248049,-0.1376335433184242,unit_mode_chain_amplitude,stellarator-linear-scan:stella-geometry
0.2,107,-0.08203125,0.3659239041416006,0.11389758649900152,-0.003692019629248049,-0.1376335433184242,unit_mode_chain_amplitude,stellarator-linear-scan:stella-geometry
0.2,108,-0.078125,0.23948687129560306,0.03085355476822812,-0.003692019629248049,-0.1376335433184242,unit_mode_chain_amplitude,stellarator-linear-scan:stella-geometry
0.2,109,-0.07421875,-0.6068366566257652,0.25610293960459257,-0.003692019629248049,-0.1376335433184242,unit_mode_chain_amplitude,stellarator-linear-scan:stella-geometry
0.2,110,-0.0703125,-1.0561896721380326,-0.12176178745031274,-0.003692019629248049,-0.1376335433184242,unit_mode_chain_amplitude,stellarator-linear-scan:stella-geometry
0.2,111,-0.06640625,-0.8532861729950673,-0.21590693430990693,-0.003692019629248049,-0.1376335433184242,unit_mode_chain_amplitude,stellarator-linear-scan:stella-geometry
0.2,112,-0.0625,-0.26219528069703896,-0.5323850806295214,-0.003692019629248049,-0.1376335433184242,unit_mode_chain_amplitude,stellarator-linear-scan:stella-geometry
0.2,113,-0.05859375,1.1534281610138044,0.6327547864570872,-0.003692019629248049,-0.1376335433184242,unit_mode_chain_amplitude,stellarator-linear-scan:stella-geometry
0.2,114,-0.0546875,0.7762570721516578,0.9798232475285983,-0.003692019629248049,-0.1376335433184242,unit_mode_chain_amplitude,stellarator-linear-scan:stella-geometry
0.2,115,-0.05078125,0.27780146513399806,1.6621471667255137,-0.003692019629248049,-0.1376335433184242,unit_mode_chain_amplitude,stellarator-linear-scan:stella-geometry
0.2,116,-0.046875,0.4239065324031779,1.0069019549925735,-0.003692019629248049,-0.1376335433184242,unit_mode_chain_amplitude,stellarator-linear-scan:stella-geometry
0.2,117,-0.04296875,0.21091475824392286,0.15716206909725966,-0.003692019629248049,-0.1376335433184242,unit_mode_chain_amplitude,stellarator-linear-scan:stella-geometry
0.2,118,-0.0390625,0.022645235218900807,0.5992145488781491,-0.003692019629248049,-0.1376335433184242,unit_mode_chain_amplitude,stellarator-linear-scan:stella-geometry
0.2,119,-0.03515625,-0.7566293179917869,1.072523754380472,-0.003692019629248049,-0.1376335433184242,unit_mode_chain_amplitude,stellarator-linear-scan:stella-geometry
0.2,120,-0.03125,-1.1823355213941804,1.0872118627645044,-0.003692019629248049,-0.1376335433184242,unit_mode_chain_amplitude,stellarator-linear-scan:stella-geometry
0.2,121,-0.02734375,-0.8720193345096967,1.4728986308018903,-0.003692019629248049,-0.1376335433184242,unit_mode_chain_amplitude,stellarator-linear-scan:stella-geometry
0.2,122,-0.0234375,-0.8627594500991593,0.46493979795241713,-0.003692019629248049,-0.1376335433184242,unit_mode_chain_amplitude,stellarator-linear-scan:stella-geometry
0.2,123,-0.01953125,-0.9180187886293342,0.47093773451440923,-0.003692019629248049,-0.1376335433184242,unit_mode_chain_amplitude,stellarator-linear-scan:stella-geometry
0.2,124,-0.015625,-0.5567715447470674,0.1759204836546386,-0.003692019629248049,-0.1376335433184242,unit_mode_chain_amplitude,stellarator-linear-scan:stella-geometry
0.2,125,-0.01171875,-0.5054018205383722,0.5970139156227865,-0.003692019629248049,-0.1376335433184242,unit_mode_chain_amplitude,stellarator-linear-scan:stella-geometry
0.2,126,-0.0078125,-0.3047150428638043,0.9382067013162272,-0.003692019629248049,-0.1376335433184242,unit_mode_chain_amplitude,stellarator-linear-scan:stella-geometry
0.2,127,-0.00390625,-0.5157363827954401,1.1320941163181988,-0.003692019629248049,-0.1376335433184242,unit_mode_chain_amplitude,stellarator-linear-scan:stella-geometry
0.2,128,0.0,0.38822346010683445,-0.6355472253593318,-0.003692019629248049,-0.1376335433184242,unit_mode_chain_amplitude,stellarator-linear-scan:stella-geometry
0.2,129,0.00390625,1.184292056540265,-1.595907904693059,-0.003692019629248049,-0.1376335433184242,unit_mode_chain_amplitude,stellarator-linear-scan:stella-geometry
0.2,130,0.0078125,1.6331635093587058,-1.4977096863681907,-0.003692019629248049,-0.1376335433184242,unit_mode_chain_amplitude,stellarator-linear-scan:stella-geometry
0.2,131,0.01171875,1.3262309114360649,-0.24656105418544128,-0.003692019629248049,-0.1376335433184242,unit_mode_chain_amplitude,stellarator-linear-scan:stella-geometry
0.2,132,0.015625,1.530251341268222,-0.35184153867966705,-0.003692019629248049,-0.1376335433184242,unit_mode_chain_amplitude,stellarator-linear-scan:stella-geometry
0.2,133,0.01953125,1.3175690871043622,-0.36374200460746475,-0.003692019629248049,-0.1376335433184242,unit_mode_chain_amplitude,stellarator-linear-scan:stella-geometry
0.2,134,0.0234375,1.6162669540705334,-0.9707624487816179,-0.003692019629248049,-0.1376335433184242,unit_mode_chain_amplitude,stellarator-linear-scan:stella-geometry
0.2,135,0.02734375,1.4185650103587892,-2.083352060998514,-0.003692019629248049,-0.1376335433184242,unit_mode_chain_amplitude,stellarator-linear-scan:stella-geometry
0.2,136,0.03125,1.4310487261131597,-2.0229755037590804,-0.003692019629248049,-0.1376335433184242,unit_mode_chain_amplitude,stellarator-linear-scan:stella-geometry
0.2,137,0.03515625,0.3232621823395548,-0.8921085787498171,-0.003692019629248049,-0.1376335433184242,unit_mode_chain_amplitude,stellarator-linear-scan:stella-geometry
0.2,138,0.0390625,-0.2061863173604468,-0.637973126716996,-0.003692019629248049,-0.1376335433184242,unit_mode_chain_amplitude,stellarator-linear-scan:stella-geometry
0.2,139,0.04296875,-0.7319556717353694,0.06215783781536944,-0.003692019629248049,-0.1376335433184242,unit_mode_chain_amplitude,stellarator-linear-scan:stella-geometry
0.2,140,0.046875,-1.0203579684377924,-0.7830177360508732,-0.003692019629248049,-0.1376335433184242,unit_mode_chain_amplitude,stellarator-linear-scan:stella-geometry
0.2,141,0.05078125,-1.3301926874431746,-0.9603255647579368,-0.003692019629248049,-0.1376335433184242,unit_mode_chain_amplitude,stellarator-linear-scan:stella-geometry
0.2,142,0.0546875,-1.8267098750077804,-0.2426327688171058,-0.003692019629248049,-0.1376335433184242,unit_mode_chain_amplitude,stellarator-linear-scan:stella-geometry
0.2,143,0.05859375,-2.3343207707217077,0.6765699121008996,-0.003692019629248049,-0.1376335433184242,unit_mode_chain_amplitude,stellarator-linear-scan:stella-geometry
0.2,144,0.0625,-1.0463422562798474,0.7199107273666422,-0.003692019629248049,-0.1376335433184242,unit_mode_chain_amplitude,stellarator-linear-scan:stella-geometry
0.2,145,0.06640625,-0.6125721038407297,0.1858483444892672,-0.003692019629248049,-0.1376335433184242,unit_mode_chain_amplitude,stellarator-linear-scan:stella-geometry
0.2,146,0.0703125,0.3371247570978497,-0.11291533060264411,-0.003692019629248049,-0.1376335433184242,unit_mode_chain_amplitude,stellarator-linear-scan:stella-geometry
0.2,147,0.07421875,0.6456241330797412,0.06018173213245325,-0.003692019629248049,-0.1376335433184242,unit_mode_chain_amplitude,stellarator-linear-scan:stella-geometry
0.2,148,0.078125,0.5758984755069035,0.16305915886175232,-0.003692019629248049,-0.1376335433184242,unit_mode_chain_amplitude,stellarator-linear-scan:stella-geometry
0.2,149,0.08203125,-0.40618274229902496,-0.03711976041631665,-0.003692019629248049,-0.1376335433184242,unit_mode_chain_amplitude,stellarator-linear-scan:stella-geometry
0.2,150,0.0859375,-0.9818197118424516,-0.28523331574455296,-0.003692019629248049,-0.1376335433184242,unit_mode_chain_amplitude,stellarator-linear-scan:stella-geometry
0.2,151,0.08984375,-0.16511859576820173,-0.3520809292863585,-0.003692019629248049,-0.1376335433184242,unit_mode_chain_amplitude,stellarator-linear-scan:stella-geometry
0.2,152,0.09375,-0.6207403184467444,-0.7517926567872925,-0.003692019629248049,-0.1376335433184242,unit_mode_chain_amplitude,stellarator-linear-scan:stella-geometry
0.2,153,0.09765625,-0.7819741227892562,0.056353747389469265,-0.003692019629248049,-0.1376335433184242,unit_mode_chain_amplitude,stellarator-linear-scan:stella-geometry
0.2,154,0.1015625,-0.121872325620111,-0.027305673485335497,-0.003692019629248049,-0.1376335433184242,unit_mode_chain_amplitude,stellarator-linear-scan:stella-geometry
0.2,155,0.10546875,0.3993571556713291,-0.46835044037794193,-0.003692019629248049,-0.1376335433184242,unit_mode_chain_amplitude,stellarator-linear-scan:stella-geometry
0.2,156,0.109375,0.32004673141144013,-0.8028240226857155,-0.003692019629248049,-0.1376335433184242,unit_mode_chain_amplitude,stellarator-linear-scan:stella-geometry
0.2,157,0.11328125,0.6060334699715046,-0.2604130865651128,-0.003692019629248049,-0.1376335433184242,unit_mode_chain_amplitude,stellarator-linear-scan:stella-geometry
0.2,158,0.1171875,0.5755884128005616,-0.31087653235772905,-0.003692019629248049,-0.1376335433184242,unit_mode_chain_amplitude,stellarator-linear-scan:stella-geometry
0.2,159,0.12109375,0.948580899124907,0.2779196891281915,-0.003692019629248049,-0.1376335433184242,unit_mode_chain_amplitude,stellarator-linear-scan:stella-geometry
0.2,160,0.125,0.8626489110563341,0.5794762162273522,-0.003692019629248049,-0.1376335433184242,unit_mode_chain_amplitude,stellarator-linear-scan:stella-geometry
0.2,161,0.12890625,0.09409222757532652,0.21303672903080534,-0.003692019629248049,-0.1376335433184242,unit_mode_chain_amplitude,stellarator-linear-scan:stella-geometry
0.2,162,0.1328125,-0.08948053710837335,-0.4254665208725562,-0.003692019629248049,-0.1376335433184242,unit_mode_chain_amplitude,stellarator-linear-scan:stella-geometry
0.2,163,0.13671875,0.5176312898078071,-0.2719009336471032,-0.003692019629248049,-0.1376335433184242,unit_mode_chain_amplitude,stellarator-linear-scan:stella-geometry
0.2,164,0.140625,0.6473114845894309,0.5577352171977812,-0.003692019629248049,-0.1376335433184242,unit_mode_chain_amplitude,stellarator-linear-scan:stella-geometry
0.2,165,0.14453125,-0.4330490135080936,0.7146396808022225,-0.003692019629248049,-0.1376335433184242,unit_mode_chain_amplitude,stellarator-linear-scan:stella-geometry
0.2,166,0.1484375,-0.5105302233598591,0.23648302888933964,-0.003692019629248049,-0.1376335433184242,unit_mode_chain_amplitude,stellarator-linear-scan:stella-geometry
0.2,167,0.15234375,-0.663924594953223,0.7963566278268392,-0.003692019629248049,-0.1376335433184242,unit_mode_chain_amplitude,stellarator-linear-scan:stella-geometry
0.2,168,0.15625,-0.01637044183910723,-0.2602645170774651,-0.003692019629248049,-0.1376335433184242,unit_mode_chain_amplitude,stellarator-linear-scan:stella-geometry
0.2,169,0.16015625,-0.12087036769723163,0.7384638924769952,-0.003692019629248049,-0.1376335433184242,unit_mode_chain_amplitude,stellarator-linear-scan:stella-geometry
0.2,170,0.1640625,-0.4329209759213659,0.999180562620646,-0.003692019629248049,-0.1376335433184242,unit_mode_chain_amplitude,stellarator-linear-scan:stella-geometry
0.2,171,0.16796875,-1.1087452209126571,1.2064116396140216,-0.003692019629248049,-0.1376335433184242,unit_mode_chain_amplitude,stellarator-linear-scan:stella-geometry
0.2,172,0.171875,0.14939024013460947,1.2691939906549314,-0.003692019629248049,-0.1376335433184242,unit_mode_chain_amplitude,stellarator-linear-scan:stella-geometry
0.2,173,0.17578125,0.4903646042327908,1.1329842818547742,-0.003692019629248049,-0.1376335433184242,unit_mode_chain_amplitude,stellarator-linear-scan:stella-geometry
0.2,174,0.1796875,1.1499983841728114,0.5509654755499676,-0.003692019629248049,-0.1376335433184242,unit_mode_chain_amplitude,stellarator-linear-scan:stella-geometry
0.2,175,0.18359375,0.5944292113905469,-0.18529309194334914,-0.003692019629248049,-0.1376335433184242,unit_mode_chain_amplitude,stellarator-linear-scan:stella-geometry
0.2,176,0.1875,1.0670277063358673,-0.8122674923650683,-0.003692019629248049,-0.1376335433184242,unit_mode_chain_amplitude,stellarator-linear-scan:stella-geometry
0.2,177,0.19140625,1.6686607383109322,-1.096489678983751,-0.003692019629248049,-0.1376335433184242,unit_mode_chain_amplitude,stellarator-linear-scan:stella-geometry
0.2,178,0.1953125,1.1905097575969719,-1.3553164541411549,-0.003692019629248049,-0.1376335433184242,unit_mode_chain_amplitude,stellarator-linear-scan:stella-geometry
0.2,179,0.19921875,0.03693937415244338,-0.8218562598391624,-0.003692019629248049,-0.1376335433184242,unit_mode_chain_amplitude,stellarator-linear-scan:stella-geometry
0.2,180,0.203125,1.0569949247684678,-1.7443015835027824,-0.003692019629248049,-0.1376335433184242,unit_mode_chain_amplitude,stellarator-linear-scan:stella-geometry
0.2,181,0.20703125,0.4986649266821299,-0.40951041703381,-0.003692019629248049,-0.1376335433184242,unit_mode_chain_amplitude,stellarator-linear-scan:stella-geometry
0.2,182,0.2109375,0.5238261137741549,-0.11812922948720254,-0.003692019629248049,-0.1376335433184242,unit_mode_chain_amplitude,stellarator-linear-scan:stella-geometry
0.2,183,0.21484375,-0.7877183192170465,-0.31871349420364986,-0.003692019629248049,-0.1376335433184242,unit_mode_chain_amplitude,stellarator-linear-scan:stella-geometry
0.2,184,0.21875,-1.1920551453754464,-0.10325560879155471,-0.003692019629248049,-0.1376335433184242,unit_mode_chain_amplitude,stellarator-linear-scan:stella-geometry
0.2,185,0.22265625,-0.9464466243264734,-0.19932178187871985,-0.003692019629248049,-0.1376335433184242,unit_mode_chain_amplitude,stellarator-linear-scan:stella-geometry
0.2,186,0.2265625,-0.2582311066451196,-0.2021639271084339,-0.003692019629248049,-0.1376335433184242,unit_mode_chain_amplitude,stellarator-linear-scan:stella-geometry
0.2,187,0.23046875,-0.7512006990480636,0.3241352939780014,-0.003692019629248049,-0.1376335433184242,unit_mode_chain_amplitude,stellarator-linear-scan:stella-geometry
0.2,188,0.234375,-0.3753820908425384,0.2739794524257542,-0.003692019629248049,-0.1376335433184242,unit_mode_chain_amplitude,stellarator-linear-scan:stella-geometry
0.2,189,0.23828125,-0.17626360098107577,0.4487399430259353,-0.003692019629248049,-0.1376335433184242,unit_mode_chain_amplitude,stellarator-linear-scan:stella-geometry
0.2,190,0.2421875,0.610438205756764,-0.345532048516416,-0.003692019629248049,-0.1376335433184242,unit_mode_chain_amplitude,stellarator-linear-scan:stella-geometry
0.2,191,0.24609375,0.7190162075772785,-0.26846606951964724,-0.003692019629248049,-0.1376335433184242,unit_mode_chain_amplitude,stellarator-linear-scan:stella-geometry
0.2,192,0.25,1.1524555162830803,0.26661333520963776,-0.003692019629248049,-0.1376335433184242,unit_mode_chain_amplitude,stellarator-linear-scan:stella-geometry
0.2,193,0.25390625,0.019403260567823922,0.37938500078738757,-0.003692019629248049,-0.1376335433184242,unit_mode_chain_amplitude,stellarator-linear-scan:stella-geometry
0.2,194,0.2578125,-0.7608570924331786,0.21296991055401046,-0.003692019629248049,-0.1376335433184242,unit_mode_chain_amplitude,stellarator-linear-scan:stella-geometry
0.2,195,0.26171875,-1.0001564303562795,-0.16658550731556526,-0.003692019629248049,-0.1376335433184242,unit_mode_chain_amplitude,stellarator-linear-scan:stella-geometry
0.2,196,0.265625,-1.121911892084502,-0.298814279643039,-0.003692019629248049,-0.1376335433184242,unit_mode_chain_amplitude,stellarator-linear-scan:stella-geometry
0.2,197,0.26953125,-1.2205661057798374,0.02498930232917995,-0.003692019629248049,-0.1376335433184242,unit_mode_chain_amplitude,stellarator-linear-scan:stella-geometry
0.2,198,0.2734375,-0.6648995065909669,0.06333513753781411,-0.003692019629248049,-0.1376335433184242,unit_mode_chain_amplitude,stellarator-linear-scan:stella-geometry
0.2,199,0.27734375,-0.9958066711829504,-0.6828608618631491,-0.003692019629248049,-0.1376335433184242,unit_mode_chain_amplitude,stellarator-linear-scan:stella-geometry
0.2,200,0.28125,-1.0245386348482997,-0.5964949215277847,-0.003692019629248049,-0.1376335433184242,unit_mode_chain_amplitude,stellarator-linear-scan:stella-geometry
0.2,201,0.28515625,-0.3981592063255924,-0.34905625043128424,-0.003692019629248049,-0.1376335433184242,unit_mode_chain_amplitude,stellarator-linear-scan:stella-geometry
0.2,202,0.2890625,0.12279346414595883,-0.8964396361702383,-0.003692019629248049,-0.1376335433184242,unit_mode_chain_amplitude,stellarator-linear-scan:stella-geometry
0.2,203,0.29296875,0.8059355334350393,-0.5730867097141759,-0.003692019629248049,-0.1376335433184242,unit_mode_chain_amplitude,stellarator-linear-scan:stella-geometry
0.2,204,0.296875,0.5453463449350165,0.15507424209410134,-0.003692019629248049,-0.1376335433184242,unit_mode_chain_amplitude,stellarator-linear-scan:stella-geometry
0.2,205,0.30078125,-0.12002014538099318,0.2749825705747156,-0.003692019629248049,-0.1376335433184242,unit_mode_chain_amplitude,stellarator-linear-scan:stella-geometry
0.2,206,0.3046875,1.0103853511532677,0.23619364166899895,-0.003692019629248049,-0.1376335433184242,unit_mode_chain_amplitude,stellarator-linear-scan:stella-geometry
0.2,207,0.30859375,1.0794998358606045,-0.05664872662402723,-0.003692019629248049,-0.1376335433184242,unit_mode_chain_amplitude,stellarator-linear-scan:stella-geometry
0.2,208,0.3125,0.956028737585339,-0.5539450533248813,-0.003692019629248049,-0.1376335433184242,unit_mode_chain_amplitude,stellarator-linear-scan:stella-geometry
0.2,209,0.31640625,0.3959282851861845,0.37329782313379783,-0.003692019629248049,-0.1376335433184242,unit_mode_chain_amplitude,stellarator-linear-scan:stella-geometry
0.2,210,0.3203125,-0.13474247899611383,-0.17345333685714015,-0.003692019629248049,-0.1376335433184242,unit_mode_chain_amplitude,stellarator-linear-scan:stella-geometry
0.2,211,0.32421875,-0.25697227280039975,0.11982443793563174,-0.003692019629248049,-0.1376335433184242,unit_mode_chain_amplitude,stellarator-linear-scan:stella-geometry
0.2,212,0.328125,-0.09533260705862907,-0.05128806583802938,-0.003692019629248049,-0.1376335433184242,unit_mode_chain_amplitude,stellarator-linear-scan:stella-geometry
0.2,213,0.33203125,0.021820376819526508,0.22272691130339142,-0.003692019629248049,-0.1376335433184242,unit_mode_chain_amplitude,stellarator-linear-scan:stella-geometry
0.2,214,0.3359375,0.09263102987804957,0.1661576874546723,-0.003692019629248049,-0.1376335433184242,unit_mode_chain_amplitude,stellarator-linear-scan:stella-geometry
0.2,215,0.33984375,-0.45267379278376524,-0.059110862856096104,-0.003692019629248049,-0.1376335433184242,unit_mode_chain_amplitude,stellarator-linear-scan:stella-geometry
0.2,216,0.34375,0.07178238629332526,-0.06370749517874634,-0.003692019629248049,-0.1376335433184242,unit_mode_chain_amplitude,stellarator-linear-scan:stella-geometry
0.2,217,0.34765625,-0.0519668411649716,0.42153629965074074,-0.003692019629248049,-0.1376335433184242,unit_mode_chain_amplitude,stellarator-linear-scan:stella-geometry
0.2,218,0.3515625,0.8602937341759359,0.22726623248085012,-0.003692019629248049,-0.1376335433184242,unit_mode_chain_amplitude,stellarator-linear-scan:stella-geometry
0.2,219,0.35546875,0.8473487334959087,0.33777616986963005,-0.003692019629248049,-0.1376335433184242,unit_mode_chain_amplitude,stellarator-linear-scan:stella-geometry
0.2,220,0.359375,1.158893390678891,-0.20576730959787054,-0.003692019629248049,-0.1376335433184242,unit_mode_chain_amplitude,stellarator-linear-scan:stella-geometry
0.2,221,0.36328125,0.5619040446195437,-0.14770671356977763,-0.003692019629248049,-0.1376335433184242,unit_mode_chain_amplitude,stellarator-linear-scan:stella-geometry
0.2,222,0.3671875,0.3416145803255673,-0.09569788676997695,-0.003692019629248049,-0.1376335433184242,unit_mode_chain_amplitude,stellarator-linear-scan:stella-geometry
0.2,223,0.37109375,0.40844709869791956,0.014178519594363942,-0.003692019629248049,-0.1376335433184242,unit_mode_chain_amplitude,stellarator-linear-scan:stella-geometry
0.2,224,0.375,0.7721267835904488,-0.6761978205971433,-0.003692019629248049,-0.1376335433184242,unit_mode_chain_amplitude,stellarator-linear-scan:stella-geometry
0.2,225,0.37890625,-0.37705486993796017,-0.5219220413716839,-0.003692019629248049,-0.1376335433184242,unit_mode_chain_amplitude,stellarator-linear-scan:stella-geometry
0.2,226,0.3828125,0.08061596519445019,-0.4116971907097935,-0.003692019629248049,-0.1376335433184242,unit_mode_chain_amplitude,stellarator-linear-scan:stella-geometry
0.2,227,0.38671875,-1.247429188841495,0.06438672916111196,-0.003692019629248049,-0.1376335433184242,unit_mode_chain_amplitude,stellarator-linear-scan:stella-geometry
0.2,228,0.390625,-1.0327277100655725,0.2090542107413152,-0.003692019629248049,-0.1376335433184242,unit_mode_chain_amplitude,stellarator-linear-scan:stella-geometry
0.2,229,0.39453125,-0.7133793604337113,0.3534182937836748,-0.003692019629248049,-0.1376335433184242,unit_mode_chain_amplitude,stellarator-linear-scan:stella-geometry
0.2,230,0.3984375,-0.1296386230891139,0.5172027774671315,-0.003692019629248049,-0.1376335433184242,unit_mode_chain_amplitude,stellarator-linear-scan:stella-geometry
0.2,231,0.40234375,0.46348291560024024,0.5950897508987384,-0.003692019629248049,-0.1376335433184242,unit_mode_chain_amplitude,stellarator-linear-scan:stella-geometry
0.2,232,0.40625,0.39238576785019347,0.7954129311316429,-0.003692019629248049,-0.1376335433184242,unit_mode_chain_amplitude,stellarator-linear-scan:stella-geometry
0.2,233,0.41015625,0.6174081099193519,0.9305114309455836,-0.003692019629248049,-0.1376335433184242,unit_mode_chain_amplitude,stellarator-linear-scan:stella-geometry
0.2,234,0.4140625,1.007850520189573,-0.22634410454239118,-0.003692019629248049,-0.1376335433184242,unit_mode_chain_amplitude,stellarator-linear-scan:stella-geometry
0.2,235,0.41796875,0.829984203430999,-0.0409299133761569,-0.003692019629248049,-0.1376335433184242,unit_mode_chain_amplitude,stellarator-linear-scan:stella-geometry
0.2,236,0.421875,1.3102316760954693,0.4044404865371729,-0.003692019629248049,-0.1376335433184242,unit_mode_chain_amplitude,stellarator-linear-scan:stella-geometry
0.2,237,0.42578125,0.31594818536848074,0.8090837274374293,-0.003692019629248049,-0.1376335433184242,unit_mode_chain_amplitude,stellarator-linear-scan:stella-geometry
0.2,238,0.4296875,-0.8411334981692381,-0.017992699072474843,-0.003692019629248049,-0.1376335433184242,unit_mode_chain_amplitude,stellarator-linear-scan:stella-geometry
0.2,239,0.43359375,-0.7045632454065132,-0.47992465899420156,-0.003692019629248049,-0.1376335433184242,unit_mode_chain_amplitude,stellarator-linear-scan:stella-geometry
0.2,240,0.4375,-0.4425138815848465,0.17656595450739296,-0.003692019629248049,-0.1376335433184242,unit_mode_chain_amplitude,stellarator-linear-scan:stella-geometry
0.2,241,0.44140625,0.23728839565213908,0.4717542110773686,-0.003692019629248049,-0.1376335433184242,unit_mode_chain_amplitude,stellarator-linear-scan:stella-geometry
0.2,242,0.4453125,0.8792463330349336,-0.14087645255814676,-0.003692019629248049,-0.1376335433184242,unit_mode_chain_amplitude,stellarator-linear-scan:stella-geometry
0.2,243,0.44921875,-0.16048230658723028,-0.49010165105525805,-0.003692019629248049,-0.1376335433184242,unit_mode_chain_amplitude,stellarator-linear-scan:stella-geometry
0.2,244,0.453125,-0.2084049294813568,-0.5815800661874945,-0.003692019629248049,-0.1376335433184242,unit_mode_chain_amplitude,stellarator-linear-scan:stella-geometry
0.2,245,0.45703125,0.26347563921626665,-0.5507700902878068,-0.003692019629248049,-0.1376335433184242,unit_mode_chain_amplitude,stellarator-linear-scan:stella-geometry
0.2,246,0.4609375,0.7486399909606917,-0.2068405921686227,-0.003692019629248049,-0.1376335433184242,unit_mode_chain_amplitude,stellarator-linear-scan:stella-geometry
0.2,247,0.46484375,0.5984278459965132,0.019901799521469664,-0.003692019629248049,-0.1376335433184242,unit_mode_chain_amplitude,stellarator-linear-scan:stella-geometry
0.2,248,0.46875,0.11304008757573739,-0.22855372985251388,-0.003692019629248049,-0.1376335433184242,unit_mode_chain_amplitude,stellarator-linear-scan:stella-geometry
0.2,249,0.47265625,0.18115267663819765,0.44361208408767194,-0.003692019629248049,-0.1376335433184242,unit_mode_chain_amplitude,stellarator-linear-scan:stella-geometry
0.2,250,0.4765625,-0.12879892533956244,0.060523370633443645,-0.003692019629248049,-0.1376335433184242,unit_mode_chain_amplitude,stellarator-linear-scan:stella-geometry
0.2,251,0.48046875,0.12516199376225862,-0.10057839797013866,-0.003692019629248049,-0.1376335433184242,unit_mode_chain_amplitude,stellarator-linear-scan:stella-geometry
0.2,252,0.484375,0.5359528061623088,-0.389811075485239,-0.003692019629248049,-0.1376335433184242,unit_mode_chain_amplitude,stellarator-linear-scan:stella-geometry
0.2,253,0.48828125,-0.009095552440907269,0.0010681370496409693,-0.003692019629248049,-0.1376335433184242,unit_mode_chain_amplitude,stellarator-linear-scan:stella-geometry
0.2,254,0.4921875,-0.18931254645382525,-0.6181233283218023,-0.003692019629248049,-0.1376335433184242,unit_mode_chain_amplitude,stellarator-linear-scan:stella-geometry
0.2,255,0.49609375,-0.583276592748438,-0.1757892305306396,-0.003692019629248049,-0.1376335433184242,unit_mode_chain_amplitude,stellarator-linear-scan:stella-geometry
0.3,0,-0.5,0.5107422626999795,0.16638929718271214,-0.003873187724258646,-0.1680107666676103,unit_mode_chain_amplitude,stellarator-linear-scan:stella-geometry
0.3,1,-0.49609375,-0.03286473959962293,-0.4391323318830406,-0.003873187724258646,-0.1680107666676103,unit_mode_chain_amplitude,stellarator-linear-scan:stella-geometry
0.3,2,-0.4921875,-0.028414208649177,-0.015858579427038434,-0.003873187724258646,-0.1680107666676103,unit_mode_chain_amplitude,stellarator-linear-scan:stella-geometry
0.3,3,-0.48828125,0.2714793541861499,-0.09856474825948365,-0.003873187724258646,-0.1680107666676103,unit_mode_chain_amplitude,stellarator-linear-scan:stella-geometry
0.3,4,-0.484375,0.43460596444537425,0.12001834841141565,-0.003873187724258646,-0.1680107666676103,unit_mode_chain_amplitude,stellarator-linear-scan:stella-geometry
0.3,5,-0.48046875,0.8019766049975755,0.02799098451860482,-0.003873187724258646,-0.1680107666676103,unit_mode_chain_amplitude,stellarator-linear-scan:stella-geometry
0.3,6,-0.4765625,0.04348444335720995,-0.3259186744643343,-0.003873187724258646,-0.1680107666676103,unit_mode_chain_amplitude,stellarator-linear-scan:stella-geometry
0.3,7,-0.47265625,-0.40824206418789616,-0.4035963141181174,-0.003873187724258646,-0.1680107666676103,unit_mode_chain_amplitude,stellarator-linear-scan:stella-geometry
0.3,8,-0.46875,0.35647241402366353,0.20313571846521197,-0.003873187724258646,-0.1680107666676103,unit_mode_chain_amplitude,stellarator-linear-scan:stella-geometry
0.3,9,-0.46484375,0.2698398890620718,-0.5838426773375001,-0.003873187724258646,-0.1680107666676103,unit_mode_chain_amplitude,stellarator-linear-scan:stella-geometry
0.3,10,-0.4609375,-0.3393514190817711,-0.12987865891443906,-0.003873187724258646,-0.1680107666676103,unit_mode_chain_amplitude,stellarator-linear-scan:stella-geometry
0.3,11,-0.45703125,0.0662418555293041,-1.150174348844865,-0.003873187724258646,-0.1680107666676103,unit_mode_chain_amplitude,stellarator-linear-scan:stella-geometry
0.3,12,-0.453125,0.29993857591948414,-0.39620443841755537,-0.003873187724258646,-0.1680107666676103,unit_mode_chain_amplitude,stellarator-linear-scan:stella-geometry
0.3,13,-0.44921875,0.7907592945341049,-0.1677276299680106,-0.003873187724258646,-0.1680107666676103,unit_mode_chain_amplitude,stellarator-linear-scan:stella-geometry
0.3,14,-0.4453125,0.7371452442015816,0.38891425295830184,-0.003873187724258646,-0.1680107666676103,unit_mode_chain_amplitude,stellarator-linear-scan:stella-geometry
0.3,15,-0.44140625,0.3678251923708055,0.5181075614060291,-0.003873187724258646,-0.1680107666676103,unit_mode_chain_amplitude,stellarator-linear-scan:stella-geometry
0.3,16,-0.4375,0.26088828290484367,0.45499921884333466,-0.003873187724258646,-0.1680107666676103,unit_mode_chain_amplitude,stellarator-linear-scan:stella-geometry
0.3,17,-0.43359375,-0.33419887361649475,0.05851125206594866,-0.003873187724258646,-0.1680107666676103,unit_mode_chain_amplitude,stellarator-linear-scan:stella-geometry
0.3,18,-0.4296875,0.14269083540088304,0.9022550896006865,-0.003873187724258646,-0.1680107666676103,unit_mode_chain_amplitude,stellarator-linear-scan:stella-geometry
0.3,19,-0.42578125,-0.04428330584601185,0.6691179896296636,-0.003873187724258646,-0.1680107666676103,unit_mode_chain_amplitude,stellarator-linear-scan:stella-geometry
0.3,20,-0.421875,0.11064648294932541,0.6024461667843343,-0.003873187724258646,-0.1680107666676103,unit_mode_chain_amplitude,stellarator-linear-scan:stella-geometry
0.3,21,-0.41796875,-0.18128409597055364,-0.23281335756035879,-0.003873187724258646,-0.1680107666676103,unit_mode_chain_amplitude,stellarator-linear-scan:stella-geometry
0.3,22,-0.4140625,0.3264695986125863,-0.24904752180464929,-0.003873187724258646,-0.1680107666676103,unit_mode_chain_amplitude,stellarator-linear-scan:stella-geometry
0.3,23,-0.41015625,-0.7761333348192633,-0.9607685579235272,-0.003873187724258646,-0.1680107666676103,unit_mode_chain_amplitude,stellarator-linear-scan:stella-geometry
0.3,24,-0.40625,-0.24928034844543825,-0.6282792604549967,-0.003873187724258646,-0.1680107666676103,unit_mode_chain_amplitude,stellarator-linear-scan:stella-geometry
0.3,25,-0.40234375,0.22811578679332847,-0.9249081005388385,-0.003873187724258646,-0.1680107666676103,unit_mode_chain_amplitude,stellarator-linear-scan:stella-geometry
0.3,26,-0.3984375,0.17328261338036965,0.1335896071111014,-0.003873187724258646,-0.1680107666676103,unit_mode_chain_amplitude,stellarator-linear-scan:stella-geometry
0.3,27,-0.39453125,-0.23036200348291827,-0.424230728733744,-0.003873187724258646,-0.1680107666676103,unit_mode_chain_amplitude,stellarator-linear-scan:stella-geometry
0.3,28,-0.390625,-0.03613506826687879,-0.2725552420191692,-0.003873187724258646,-0.1680107666676103,unit_mode_chain_amplitude,stellarator-linear-scan:stella-geometry
0.3,29,-0.38671875,-0.5109957613352997,0.6740873292148546,-0.003873187724258646,-0.1680107666676103,unit_mode_chain_amplitude,stellarator-linear-scan:stella-geometry
0.3,30,-0.3828125,-0.24593891597431258,0.6315624227630204,-0.003873187724258646,-0.1680107666676103,unit_mode_chain_amplitude,stellarator-linear-scan:stella-geometry
0.3,31,-0.37890625,-0.3554843950485457,0.613846450084232,-0.003873187724258646,-0.1680107666676103,unit_mode_chain_amplitude,stellarator-linear-scan:stella-geometry
0.3,32,-0.375,-0.4016568060408819,0.8025247521087038,-0.003873187724258646,-0.1680107666676103,unit_mode_chain_amplitude,stellarator-linear-scan:stella-geometry
0.3,33,-0.37109375,-0.5952644477788387,1.1281069341252583,-0.003873187724258646,-0.1680107666676103,unit_mode_chain_amplitude,stellarator-linear-scan:stella-geometry
0.3,34,-0.3671875,-0.2076588607069361,0.9289242245168625,-0.003873187724258646,-0.1680107666676103,unit_mode_chain_amplitude,stellarator-linear-scan:stella-geometry
0.3,35,-0.36328125,0.04177751885605086,0.36843482600631977,-0.003873187724258646,-0.1680107666676103,unit_mode_chain_amplitude,stellarator-linear-scan:stella-geometry
0.3,36,-0.359375,0.30351489778754986,-0.16410294444169213,-0.003873187724258646,-0.1680107666676103,unit_mode_chain_amplitude,stellarator-linear-scan:stella-geometry
0.3,37,-0.35546875,0.7839387546405813,0.375427618895237,-0.003873187724258646,-0.1680107666676103,unit_mode_chain_amplitude,stellarator-linear-scan:stella-geometry
0.3,38,-0.3515625,0.7052398981906521,0.7154933686177951,-0.003873187724258646,-0.1680107666676103,unit_mode_chain_amplitude,stellarator-linear-scan:stella-geometry
0.3,39,-0.34765625,0.044060990782590896,-0.1636265195669099,-0.003873187724258646,-0.1680107666676103,unit_mode_chain_amplitude,stellarator-linear-scan:stella-geometry
0.3,40,-0.34375,-0.18654028939355252,0.2412951367601544,-0.003873187724258646,-0.1680107666676103,unit_mode_chain_amplitude,stellarator-linear-scan:stella-geometry
0.3,41,-0.33984375,-0.3811293971909234,0.30103356964887984,-0.003873187724258646,-0.1680107666676103,unit_mode_chain_amplitude,stellarator-linear-scan:stella-geometry
0.3,42,-0.3359375,-0.33262715835764867,0.282176564556268,-0.003873187724258646,-0.1680107666676103,unit_mode_chain_amplitude,stellarator-linear-scan:stella-geometry
0.3,43,-0.33203125,-0.44941985927357614,0.5763573310852071,-0.003873187724258646,-0.1680107666676103,unit_mode_chain_amplitude,stellarator-linear-scan:stella-geometry
0.3,44,-0.328125,-0.3687530308171224,0.09136716472697112,-0.003873187724258646,-0.1680107666676103,unit_mode_chain_amplitude,stellarator-linear-scan:stella-geometry
0.3,45,-0.32421875,0.41920769224016735,0.12168727470621056,-0.003873187724258646,-0.1680107666676103,unit_mode_chain_amplitude,stellarator-linear-scan:stella-geometry
0.3,46,-0.3203125,0.4663659849330443,0.675847345519286,-0.003873187724258646,-0.1680107666676103,unit_mode_chain_amplitude,stellarator-linear-scan:stella-geometry
0.3,47,-0.31640625,0.7508341101220879,0.2643380004077948,-0.003873187724258646,-0.1680107666676103,unit_mode_chain_amplitude,stellarator-linear-scan:stella-geometry
0.3,48,-0.3125,0.04619272476938906,0.796794606484585,-0.003873187724258646,-0.1680107666676103,unit_mode_chain_amplitude,stellarator-linear-scan:stella-geometry
0.3,49,-0.30859375,-0.10986895381474127,0.5194147560746389,-0.003873187724258646,-0.1680107666676103,unit_mode_chain_amplitude,stellarator-linear-scan:stella-geometry
0.3,50,-0.3046875,-0.4051341917941795,0.2884214212626892,-0.003873187724258646,-0.1680107666676103,unit_mode_chain_amplitude,stellarator-linear-scan:stella-geometry
0.3,51,-0.30078125,-0.49296975414157246,-0.41176701840793023,-0.003873187724258646,-0.1680107666676103,unit_mode_chain_amplitude,stellarator-linear-scan:stella-geometry
0.3,52,-0.296875,-0.014379050577548274,-0.10732201290773252,-0.003873187724258646,-0.1680107666676103,unit_mode_chain_amplitude,stellarator-linear-scan:stella-geometry
0.3,53,-0.29296875,0.6812598052004777,0.4018582396025549,-0.003873187724258646,-0.1680107666676103,unit_mode_chain_amplitude,stellarator-linear-scan:stella-geometry
0.3,54,-0.2890625,0.5555400468123416,-0.33227798106600664,-0.003873187724258646,-0.1680107666676103,unit_mode_chain_amplitude,stellarator-linear-scan:stella-geometry
0.3,55,-0.28515625,0.3130899332350778,-1.6764770186454805,-0.003873187724258646,-0.1680107666676103,unit_mode_chain_amplitude,stellarator-linear-scan:stella-geometry
0.3,56,-0.28125,0.23085603073877556,-0.4220004904174616,-0.003873187724258646,-0.1680107666676103,unit_mode_chain_amplitude,stellarator-linear-scan:stella-geometry
0.3,57,-0.27734375,-0.011519009873165093,-0.807426364811402,-0.003873187724258646,-0.1680107666676103,unit_mode_chain_amplitude,stellarator-linear-scan:stella-geometry
0.3,58,-0.2734375,0.18577684281541085,1.3981312692449799,-0.003873187724258646,-0.1680107666676103,unit_mode_chain_amplitude,stellarator-linear-scan:stella-geometry
0.3,59,-0.26953125,-0.16128765658241898,1.133430388201845,-0.003873187724258646,-0.1680107666676103,unit_mode_chain_amplitude,stellarator-linear-scan:stella-geometry
0.3,60,-0.265625,0.4318930235614265,0.6172629308133185,-0.003873187724258646,-0.1680107666676103,unit_mode_chain_amplitude,stellarator-linear-scan:stella-geometry
0.3,61,-0.26171875,0.29131636291054314,0.09913007610055956,-0.003873187724258646,-0.1680107666676103,unit_mode_chain_amplitude,stellarator-linear-scan:stella-geometry
0.3,62,-0.2578125,-0.03260264085451136,0.28473733470921125,-0.003873187724258646,-0.1680107666676103,unit_mode_chain_amplitude,stellarator-linear-scan:stella-geometry
0.3,63,-0.25390625,0.42398722301027003,0.25249347669350486,-0.003873187724258646,-0.1680107666676103,unit_mode_chain_amplitude,stellarator-linear-scan:stella-geometry
0.3,64,-0.25,0.7792005256782992,0.5810905237536692,-0.003873187724258646,-0.1680107666676103,unit_mode_chain_amplitude,stellarator-linear-scan:stella-geometry
0.3,65,-0.24609375,-0.06260142022254513,-0.15457594942614425,-0.003873187724258646,-0.1680107666676103,unit_mode_chain_amplitude,stellarator-linear-scan:stella-geometry
0.3,66,-0.2421875,-0.014490028683370937,-0.6989715694729237,-0.003873187724258646,-0.1680107666676103,unit_mode_chain_amplitude,stellarator-linear-scan:stella-geometry
0.3,67,-0.23828125,-0.049971890480059504,-0.46243691345212,-0.003873187724258646,-0.1680107666676103,unit_mode_chain_amplitude,stellarator-linear-scan:stella-geometry
0.3,68,-0.234375,-0.35403123856281515,-0.3321309320646736,-0.003873187724258646,-0.1680107666676103,unit_mode_chain_amplitude,stellarator-linear-scan:stella-geometry
0.3,69,-0.23046875,-1.145679034518239,-0.4985830446131963,-0.003873187724258646,-0.1680107666676103,unit_mode_chain_amplitude,stellarator-linear-scan:stella-geometry
0.3,70,-0.2265625,-1.2698986302665183,0.5933648378495643,-0.003873187724258646,-0.1680107666676103,unit_mode_chain_amplitude,stellarator-linear-scan:stella-geometry
0.3,71,-0.22265625,-1.1762664591637313,0.08784800525970628,-0.003873187724258646,-0.1680107666676103,unit_mode_chain_amplitude,stellarator-linear-scan:stella-geometry
0.3,72,-0.21875,-1.0289556949940923,-0.5691303157023513,-0.003873187724258646,-0.1680107666676103,unit_mode_chain_amplitude,stellarator-linear-scan:stella-geometry
0.3,73,-0.21484375,-0.6074502421803595,-0.7213728159255172,-0.003873187724258646,-0.1680107666676103,unit_mode_chain_amplitude,stellarator-linear-scan:stella-geometry
0.3,74,-0.2109375,-0.5566800699465301,-0.42464912537975735,-0.003873187724258646,-0.1680107666676103,unit_mode_chain_amplitude,stellarator-linear-scan:stella-geometry
0.3,75,-0.20703125,-0.8086030333894964,0.2045024588041869,-0.003873187724258646,-0.1680107666676103,unit_mode_chain_amplitude,stellarator-linear-scan:stella-geometry
0.3,76,-0.203125,-0.638064047079831,0.4863012158958694,-0.003873187724258646,-0.1680107666676103,unit_mode_chain_amplitude,stellarator-linear-scan:stella-geometry
0.3,77,-0.19921875,0.5326904331584263,0.095864620575091,-0.003873187724258646,-0.1680107666676103,unit_mode_chain_amplitude,stellarator-linear-scan:stella-geometry
0.3,78,-0.1953125,1.1110773530765232,-0.2553397938607424,-0.003873187724258646,-0.1680107666676103,unit_mode_chain_amplitude,stellarator-linear-scan:stella-geometry
0.3,79,-0.19140625,-0.34088065891307373,0.5922529133942612,-0.003873187724258646,-0.1680107666676103,unit_mode_chain_amplitude,stellarator-linear-scan:stella-geometry
0.3,80,-0.1875,-0.08393297267962328,0.44929193742166773,-0.003873187724258646,-0.1680107666676103,unit_mode_chain_amplitude,stellarator-linear-scan:stella-geometry
0.3,81,-0.18359375,-1.0685055484576398,1.1623032563724163,-0.003873187724258646,-0.1680107666676103,unit_mode_chain_amplitude,stellarator-linear-scan:stella-geometry
0.3,82,-0.1796875,-0.404010196358433,1.6886190215754249,-0.003873187724258646,-0.1680107666676103,unit_mode_chain_amplitude,stellarator-linear-scan:stella-geometry
0.3,83,-0.17578125,-0.5007828246453346,0.30210352151374337,-0.003873187724258646,-0.1680107666676103,unit_mode_chain_amplitude,stellarator-linear-scan:stella-geometry
0.3,84,-0.171875,-1.0058556285192284,0.698299191113461,-0.003873187724258646,-0.1680107666676103,unit_mode_chain_amplitude,stellarator-linear-scan:stella-geometry
0.3,85,-0.16796875,-0.8519260126658103,0.5664041370268821,-0.003873187724258646,-0.1680107666676103,unit_mode_chain_amplitude,stellarator-linear-scan:stella-geometry
0.3,86,-0.1640625,0.42423642643292947,-0.2997888534560482,-0.003873187724258646,-0.1680107666676103,unit_mode_chain_amplitude,stellarator-linear-scan:stella-geometry
0.3,87,-0.16015625,1.6696977447669732,0.3828581154305072,-0.003873187724258646,-0.1680107666676103,unit_mode_chain_amplitude,stellarator-linear-scan:stella-geometry
0.3,88,-0.15625,1.32463629494501,0.0009677360790102971,-0.003873187724258646,-0.1680107666676103,unit_mode_chain_amplitude,stellarator-linear-scan:stella-geometry
0.3,89,-0.15234375,1.2245150668617042,0.5214689377240903,-0.003873187724258646,-0.1680107666676103,unit_mode_chain_amplitude,stellarator-linear-scan:stella-geometry
0.3,90,-0.1484375,0.7240098332780704,-0.16077133534756882,-0.003873187724258646,-0.1680107666676103,unit_mode_chain_amplitude,stellarator-linear-scan:stella-geometry
0.3,91,-0.14453125,1.9091606260545995,-0.1407990596132605,-0.003873187724258646,-0.1680107666676103,unit_mode_chain_amplitude,stellarator-linear-scan:stella-geometry
0.3,92,-0.140625,0.47664888984679515,-0.374935845302161,-0.003873187724258646,-0.1680107666676103,unit_mode_chain_amplitude,stellarator-linear-scan:stella-geometry
0.3,93,-0.13671875,-0.5890035907733574,-1.4549860619469763,-0.003873187724258646,-0.1680107666676103,unit_mode_chain_amplitude,stellarator-linear-scan:stella-geometry
0.3,94,-0.1328125,-0.34908635559905815,-0.47237602988665855,-0.003873187724258646,-0.1680107666676103,unit_mode_chain_amplitude,stellarator-linear-scan:stella-geometry
0.3,95,-0.12890625,-0.438089170132705,-1.7099075807359223,-0.003873187724258646,-0.1680107666676103,unit_mode_chain_amplitude,stellarator-linear-scan:stella-geometry
0.3,96,-0.125,0.055268361518102306,-1.256999968820315,-0.003873187724258646,-0.1680107666676103,unit_mode_chain_amplitude,stellarator-linear-scan:stella-geometry
0.3,97,-0.12109375,-0.47085107284427025,-1.0701056088401524,-0.003873187724258646,-0.1680107666676103,unit_mode_chain_amplitude,stellarator-linear-scan:stella-geometry
0.3,98,-0.1171875,0.6036752289038502,-0.578174978556086,-0.003873187724258646,-0.1680107666676103,unit_mode_chain_amplitude,stellarator-linear-scan:stella-geometry
0.3,99,-0.11328125,0.09660709713053227,0.2003059974965395,-0.003873187724258646,-0.1680107666676103,unit_mode_chain_amplitude,stellarator-linear-scan:stella-geometry
0.3,100,-0.109375,-0.20363207451999984,0.1252271727424622,-0.003873187724258646,-0.1680107666676103,unit_mode_chain_amplitude,stellarator-linear-scan:stella-geometry
0.3,101,-0.10546875,-0.05630422656454974,-0.2834415001923126,-0.003873187724258646,-0.1680107666676103,unit_mode_chain_amplitude,stellarator-linear-scan:stella-geometry
0.3,102,-0.1015625,-0.49237062309051355,-0.012377677161201646,-0.003873187724258646,-0.1680107666676103,unit_mode_chain_amplitude,stellarator-linear-scan:stella-geometry
0.3,103,-0.09765625,-1.2030901969379992,0.8476759517488055,-0.003873187724258646,-0.1680107666676103,unit_mode_chain_amplitude,stellarator-linear-scan:stella-geometry
0.3,104,-0.09375,-0.06778447169687664,0.3142527342763789,-0.003873187724258646,-0.1680107666676103,unit_mode_chain_amplitude,stellarator-linear-scan:stella-geometry
0.3,105,-0.08984375,1.7043967461767213,-0.356043174463497,-0.003873187724258646,-0.1680107666676103,unit_mode_chain_amplitude,stellarator-linear-scan:stella-geometry
0.3,106,-0.0859375,0.21537329366074293,-0.3875170341968011,-0.003873187724258646,-0.1680107666676103,unit_mode_chain_amplitude,stellarator-linear-scan:stella-geometry
0.3,107,-0.08203125,0.20631420492886768,-0.7961641134303603,-0.003873187724258646,-0.1680107666676103,unit_mode_chain_amplitude,stellarator-linear-scan:stella-geometry
0.3,108,-0.078125,1.069518639542308,0.39349939109706017,-0.003873187724258646,-0.1680107666676103,unit_mode_chain_amplitude,stellarator-linear-scan:stella-geometry
0.3,109,-0.07421875,0.8517147537216063,0.21035706706898247,-0.003873187724258646,-0.1680107666676103,unit_mode_chain_amplitude,stellarator-linear-scan:stella-geometry
0.3,110,-0.0703125,2.120426569039894,-0.6313339960390127,-0.003873187724258646,-0.1680107666676103,unit_mode_chain_amplitude,stellarator-linear-scan:stella-geometry
0.3,111,-0.06640625,1.0976587039723333,-0.7648953880307924,-0.003873187724258646,-0.1680107666676103,unit_mode_chain_amplitude,stellarator-linear-scan:stella-geometry
0.3,112,-0.0625,0.2809867044594763,0.4125393546097422,-0.003873187724258646,-0.1680107666676103,unit_mode_chain_amplitude,stellarator-linear-scan:stella-geometry
0.3,113,-0.05859375,-0.2790348878043069,1.143221897583727,-0.003873187724258646,-0.1680107666676103,unit_mode_chain_amplitude,stellarator-linear-scan:stella-geometry
0.3,114,-0.0546875,-0.11161376098624479,1.4929121689734042,-0.003873187724258646,-0.1680107666676103,unit_mode_chain_amplitude,stellarator-linear-scan:stella-geometry
0.3,115,-0.05078125,0.26809667113466984,0.4538569775661467,-0.003873187724258646,-0.1680107666676103,unit_mode_chain_amplitude,stellarator-linear-scan:stella-geometry
0.3,116,-0.046875,0.9949643156979087,0.15348740146663598,-0.003873187724258646,-0.1680107666676103,unit_mode_chain_amplitude,stellarator-linear-scan:stella-geometry
0.3,117,-0.04296875,0.5768371342972957,-0.3600927901706455,-0.003873187724258646,-0.1680107666676103,unit_mode_chain_amplitude,stellarator-linear-scan:stella-geometry
0.3,118,-0.0390625,0.5366977301376792,-1.007807780049157,-0.003873187724258646,-0.1680107666676103,unit_mode_chain_amplitude,stellarator-linear-scan:stella-geometry
0.3,119,-0.03515625,0.23894665817620173,-0.5266736911805089,-0.003873187724258646,-0.1680107666676103,unit_mode_chain_amplitude,stellarator-linear-scan:stella-geometry
0.3,120,-0.03125,1.6578942747678496,-0.7694488634589666,-0.003873187724258646,-0.1680107666676103,unit_mode_chain_amplitude,stellarator-linear-scan:stella-geometry
0.3,121,-0.02734375,1.2221460230236176,-1.878613872286422,-0.003873187724258646,-0.1680107666676103,unit_mode_chain_amplitude,stellarator-linear-scan:stella-geometry
0.3,122,-0.0234375,0.6412525968359766,-0.23973818820933288,-0.003873187724258646,-0.1680107666676103,unit_mode_chain_amplitude,stellarator-linear-scan:stella-geometry
0.3,123,-0.01953125,-0.17449552238973048,-0.8541349215482789,-0.003873187724258646,-0.1680107666676103,unit_mode_chain_amplitude,stellarator-linear-scan:stella-geometry
0.3,124,-0.015625,-0.6572677047918069,-0.8204810063895228,-0.003873187724258646,-0.1680107666676103,unit_mode_chain_amplitude,stellarator-linear-scan:stella-geometry
0.3,125,-0.01171875,-1.3323722593659837,-0.23109817061313856,-0.003873187724258646,-0.1680107666676103,unit_mode_chain_amplitude,stellarator-linear-scan:stella-geometry
0.3,126,-0.0078125,-1.9923076240734532,-0.5275452749095965,-0.003873187724258646,-0.1680107666676103,unit_mode_chain_amplitude,stellarator-linear-scan:stella-geometry
0.3,127,-0.00390625,-2.274119751452416,0.8833037438741087,-0.003873187724258646,-0.1680107666676103,unit_mode_chain_amplitude,stellarator-linear-scan:stella-geometry
0.3,128,0.0,-1.6806084111564048,0.707240612037151,-0.003873187724258646,-0.1680107666676103,unit_mode_chain_amplitude,stellarator-linear-scan:stella-geometry
0.3,129,0.00390625,-0.3229902764905864,0.08807634557150124,-0.003873187724258646,-0.1680107666676103,unit_mode_chain_amplitude,stellarator-linear-scan:stella-geometry
0.3,130,0.0078125,-0.04099322530220131,2.009184791701584,-0.003873187724258646,-0.1680107666676103,unit_mode_chain_amplitude,stellarator-linear-scan:stella-geometry
0.3,131,0.01171875,-0.26555679187965253,1.2416193685934558,-0.003873187724258646,-0.1680107666676103,unit_mode_chain_amplitude,stellarator-linear-scan:stella-geometry
0.3,132,0.015625,0.33454532925086183,1.1377412361149306,-0.003873187724258646,-0.1680107666676103,unit_mode_chain_amplitude,stellarator-linear-scan:stella-geometry
0.3,133,0.01953125,0.35868606858091995,1.0235940090436821,-0.003873187724258646,-0.1680107666676103,unit_mode_chain_amplitude,stellarator-linear-scan:stella-geometry
0.3,134,0.0234375,0.42959928463985664,0.5076858073182741,-0.003873187724258646,-0.1680107666676103,unit_mode_chain_amplitude,stellarator-linear-scan:stella-geometry
0.3,135,0.02734375,0.7390492581496679,1.4657775526181476,-0.003873187724258646,-0.1680107666676103,unit_mode_chain_amplitude,stellarator-linear-scan:stella-geometry
0.3,136,0.03125,0.6866343641202245,1.311822894212374,-0.003873187724258646,-0.1680107666676103,unit_mode_chain_amplitude,stellarator-linear-scan:stella-geometry
0.3,137,0.03515625,0.7053546960247847,-0.24036142113509124,-0.003873187724258646,-0.1680107666676103,unit_mode_chain_amplitude,stellarator-linear-scan:stella-geometry
0.3,138,0.0390625,1.49508682352573,0.0561501358853954,-0.003873187724258646,-0.1680107666676103,unit_mode_chain_amplitude,stellarator-linear-scan:stella-geometry
0.3,139,0.04296875,0.805358348803115,-0.9729677065360154,-0.003873187724258646,-0.1680107666676103,unit_mode_chain_amplitude,stellarator-linear-scan:stella-geometry
0.3,140,0.046875,0.27128455550525177,-1.38448518327674,-0.003873187724258646,-0.1680107666676103,unit_mode_chain_amplitude,stellarator-linear-scan:stella-geometry
0.3,141,0.05078125,0.9452135615415432,-0.863882298537031,-0.003873187724258646,-0.1680107666676103,unit_mode_chain_amplitude,stellarator-linear-scan:stella-geometry
0.3,142,0.0546875,0.5030002187680511,-0.6820705254658757,-0.003873187724258646,-0.1680107666676103,unit_mode_chain_amplitude,stellarator-linear-scan:stella-geometry
0.3,143,0.05859375,-0.33114045810197057,-1.253018246750673,-0.003873187724258646,-0.1680107666676103,unit_mode_chain_amplitude,stellarator-linear-scan:stella-geometry
0.3,144,0.0625,0.29843652675551996,-1.527631209282821,-0.003873187724258646,-0.1680107666676103,unit_mode_chain_amplitude,stellarator-linear-scan:stella-geometry
0.3,145,0.06640625,-0.8565096201739854,-0.5956942578633762,-0.003873187724258646,-0.1680107666676103,unit_mode_chain_amplitude,stellarator-linear-scan:stella-geometry
0.3,146,0.0703125,-1.2758215856452508,0.37327774087189297,-0.003873187724258646,-0.1680107666676103,unit_mode_chain_amplitude,stellarator-linear-scan:stella-geometry
0.3,147,0.07421875,-1.1556145932852382,-0.05345176402202029,-0.003873187724258646,-0.1680107666676103,unit_mode_chain_amplitude,stellarator-linear-scan:stella-geometry
0.3,148,0.078125,-0.9251064196862427,0.5276657276369159,-0.003873187724258646,-0.1680107666676103,unit_mode_chain_amplitude,stellarator-linear-scan:stella-geometry
0.3,149,0.08203125,0.3116853608951421,0.5957158804486996,-0.003873187724258646,-0.1680107666676103,unit_mode_chain_amplitude,stellarator-linear-scan:stella-geometry
0.3,150,0.0859375,0.21394507553662484,-0.1302183605845236,-0.003873187724258646,-0.1680107666676103,unit_mode_chain_amplitude,stellarator-linear-scan:stella-geometry
0.3,151,0.08984375,-1.9098269019624914,-0.0944391131278062,-0.003873187724258646,-0.1680107666676103,unit_mode_chain_amplitude,stellarator-linear-scan:stella-geometry
0.3,152,0.09375,0.4290349416816652,0.08185486677553754,-0.003873187724258646,-0.1680107666676103,unit_mode_chain_amplitude,stellarator-linear-scan:stella-geometry
0.3,153,0.09765625,1.1024372839349597,-0.8638646461557289,-0.003873187724258646,-0.1680107666676103,unit_mode_chain_amplitude,stellarator-linear-scan:stella-geometry
0.3,154,0.1015625,0.8148081342639365,0.1512953901955479,-0.003873187724258646,-0.1680107666676103,unit_mode_chain_amplitude,stellarator-linear-scan:stella-geometry
0.3,155,0.10546875,0.577507712808252,0.03753837214859464,-0.003873187724258646,-0.1680107666676103,unit_mode_chain_amplitude,stellarator-linear-scan:stella-geometry
0.3,156,0.109375,1.366193596364942,-0.7247263727320667,-0.003873187724258646,-0.1680107666676103,unit_mode_chain_amplitude,stellarator-linear-scan:stella-geometry
0.3,157,0.11328125,0.4295486396631787,-0.7194644555701974,-0.003873187724258646,-0.1680107666676103,unit_mode_chain_amplitude,stellarator-linear-scan:stella-geometry
0.3,158,0.1171875,-0.039230716412961365,0.5594145986366694,-0.003873187724258646,-0.1680107666676103,unit_mode_chain_amplitude,stellarator-linear-scan:stella-geometry
0.3,159,0.12109375,0.10591996261526163,-0.3175882544632536,-0.003873187724258646,-0.1680107666676103,unit_mode_chain_amplitude,stellarator-linear-scan:stella-geometry
0.3,160,0.125,0.08354079356230427,0.7347634315931094,-0.003873187724258646,-0.1680107666676103,unit_mode_chain_amplitude,stellarator-linear-scan:stella-geometry
0.3,161,0.12890625,0.528653966666611,0.6574280132435161,-0.003873187724258646,-0.1680107666676103,unit_mode_chain_amplitude,stellarator-linear-scan:stella-geometry
0.3,162,0.1328125,1.215152520057954,-0.039060958214879295,-0.003873187724258646,-0.1680107666676103,unit_mode_chain_amplitude,stellarator-linear-scan:stella-geometry
0.3,163,0.13671875,0.7587411667369021,0.33914272586898664,-0.003873187724258646,-0.1680107666676103,unit_mode_chain_amplitude,stellarator-linear-scan:stella-geometry
0.3,164,0.140625,0.2969973280606996,0.12129738433388362,-0.003873187724258646,-0.1680107666676103,unit_mode_chain_amplitude,stellarator-linear-scan:stella-geometry
0.3,165,0.14453125,-0.6140181702606909,-1.2494676659910124,-0.003873187724258646,-0.1680107666676103,unit_mode_chain_amplitude,stellarator-linear-scan:stella-geometry
0.3,166,0.1484375,1.2262797894799449,-0.6434755184368453,-0.003873187724258646,-0.1680107666676103,unit_mode_chain_amplitude,stellarator-linear-scan:stella-geometry
0.3,167,0.15234375,0.8317156114342209,-1.7297356734473386,-0.003873187724258646,-0.1680107666676103,unit_mode_chain_amplitude,stellarator-linear-scan:stella-geometry
0.3,168,0.15625,-0.008617008091117638,-0.9311543171688591,-0.003873187724258646,-0.1680107666676103,unit_mode_chain_amplitude,stellarator-linear-scan:stella-geometry
0.3,169,0.16015625,-1.431542800460576,-0.782161859896639,-0.003873187724258646,-0.1680107666676103,unit_mode_chain_amplitude,stellarator-linear-scan:stella-geometry
0.3,170,0.1640625,-1.3674020223574037,0.07755770775580192,-0.003873187724258646,-0.1680107666676103,unit_mode_chain_amplitude,stellarator-linear-scan:stella-geometry
0.3,171,0.16796875,-0.6825171082466652,-0.6652565245187996,-0.003873187724258646,-0.1680107666676103,unit_mode_chain_amplitude,stellarator-linear-scan:stella-geometry
0.3,172,0.171875,-0.605329807245124,0.40608170998962706,-0.003873187724258646,-0.1680107666676103,unit_mode_chain_amplitude,stellarator-linear-scan:stella-geometry
0.3,173,0.17578125,-0.6709898707632281,0.3008613121916298,-0.003873187724258646,-0.1680107666676103,unit_mode_chain_amplitude,stellarator-linear-scan:stella-geometry
0.3,174,0.1796875,-0.39408403306100814,-0.012058887438897093,-0.003873187724258646,-0.1680107666676103,unit_mode_chain_amplitude,stellarator-linear-scan:stella-geometry
0.3,175,0.18359375,-0.49140859722393276,-0.019508857489303505,-0.003873187724258646,-0.1680107666676103,unit_mode_chain_amplitude,stellarator-linear-scan:stella-geometry
0.3,176,0.1875,-0.8637663273368554,0.46747299617558835,-0.003873187724258646,-0.1680107666676103,unit_mode_chain_amplitude,stellarator-linear-scan:stella-geometry
0.3,177,0.19140625,-0.9353920480380911,-0.28551850082500263,-0.003873187724258646,-0.1680107666676103,unit_mode_chain_amplitude,stellarator-linear-scan:stella-geometry
0.3,178,0.1953125,-1.6500240350479611,0.3898329637802839,-0.003873187724258646,-0.1680107666676103,unit_mode_chain_amplitude,stellarator-linear-scan:stella-geometry
0.3,179,0.19921875,-1.6561487841264984,-0.5034633793376428,-0.003873187724258646,-0.1680107666676103,unit_mode_chain_amplitude,stellarator-linear-scan:stella-geometry
0.3,180,0.203125,-1.0354719145421225,-0.046369466744483556,-0.003873187724258646,-0.1680107666676103,unit_mode_chain_amplitude,stellarator-linear-scan:stella-geometry
0.3,181,0.20703125,-0.7025770360457289,-0.41948256398156425,-0.003873187724258646,-0.1680107666676103,unit_mode_chain_amplitude,stellarator-linear-scan:stella-geometry
0.3,182,0.2109375,-0.6650042977285451,0.20114499950622514,-0.003873187724258646,-0.1680107666676103,unit_mode_chain_amplitude,stellarator-linear-scan:stella-geometry
0.3,183,0.21484375,0.19834263232628357,-0.4089440340318943,-0.003873187724258646,-0.1680107666676103,unit_mode_chain_amplitude,stellarator-linear-scan:stella-geometry
0.3,184,0.21875,0.589992058710162,-0.3914435830246892,-0.003873187724258646,-0.1680107666676103,unit_mode_chain_amplitude,stellarator-linear-scan:stella-geometry
0.3,185,0.22265625,0.5964873569725945,-1.269006422859826,-0.003873187724258646,-0.1680107666676103,unit_mode_chain_amplitude,stellarator-linear-scan:stella-geometry
0.3,186,0.2265625,0.03839157080857775,0.04139428257140719,-0.003873187724258646,-0.1680107666676103,unit_mode_chain_amplitude,stellarator-linear-scan:stella-geometry
0.3,187,0.23046875,0.18289413709549251,0.6968058546326346,-0.003873187724258646,-0.1680107666676103,unit_mode_chain_amplitude,stellarator-linear-scan:stella-geometry
0.3,188,0.234375,0.3309796357539197,0.6110405330979458,-0.003873187724258646,-0.1680107666676103,unit_mode_chain_amplitude,stellarator-linear-scan:stella-geometry
0.3,189,0.23828125,0.034273652229224134,0.07412029607487015,-0.003873187724258646,-0.1680107666676103,unit_mode_chain_amplitude,stellarator-linear-scan:stella-geometry
0.3,190,0.2421875,-0.11308059230229896,0.8841301486542915,-0.003873187724258646,-0.1680107666676103,unit_mode_chain_amplitude,stellarator-linear-scan:stella-geometry
0.3,191,0.24609375,-0.2889573586497781,-0.13629024611784954,-0.003873187724258646,-0.1680107666676103,unit_mode_chain_amplitude,stellarator-linear-scan:stella-geometry
0.3,192,0.25,-0.705915998761513,0.05773886875575936,-0.003873187724258646,-0.1680107666676103,unit_mode_chain_amplitude,stellarator-linear-scan:stella-geometry
0.3,193,0.25390625,-0.6234054051765192,0.33579703880857154,-0.003873187724258646,-0.1680107666676103,unit_mode_chain_amplitude,stellarator-linear-scan:stella-geometry
0.3,194,0.2578125,0.3338482384631826,-0.23242681578269214,-0.003873187724258646,-0.1680107666676103,unit_mode_chain_amplitude,stellarator-linear-scan:stella-geometry
0.3,195,0.26171875,-0.6520029926786013,-0.8152748204923823,-0.003873187724258646,-0.1680107666676103,unit_mode_chain_amplitude,stellarator-linear-scan:stella-geometry
0.3,196,0.265625,-0.5662360606898733,-0.07341377612225405,-0.003873187724258646,-0.1680107666676103,unit_mode_chain_amplitude,stellarator-linear-scan:stella-geometry
0.3,197,0.26953125,0.005830207068943223,-0.9284774683862479,-0.003873187724258646,-0.1680107666676103,unit_mode_chain_amplitude,stellarator-linear-scan:stella-geometry
0.3,198,0.2734375,-0.11188178807366966,-1.0652499701299951,-0.003873187724258646,-0.1680107666676103,unit_mode_chain_amplitude,stellarator-linear-scan:stella-geometry
0.3,199,0.27734375,0.697806035382109,0.2844085449266316,-0.003873187724258646,-0.1680107666676103,unit_mode_chain_amplitude,stellarator-linear-scan:stella-geometry
0.3,200,0.28125,0.8586120760025943,0.44820611554340484,-0.003873187724258646,-0.1680107666676103,unit_mode_chain_amplitude,stellarator-linear-scan:stella-geometry
0.3,201,0.28515625,0.012054932515284975,0.9029796301558484,-0.003873187724258646,-0.1680107666676103,unit_mode_chain_amplitude,stellarator-linear-scan:stella-geometry
0.3,202,0.2890625,-0.4108805450570785,0.6523297577228957,-0.003873187724258646,-0.1680107666676103,unit_mode_chain_amplitude,stellarator-linear-scan:stella-geometry
0.3,203,0.29296875,-1.2925592531042405,0.48951992908540415,-0.003873187724258646,-0.1680107666676103,unit_mode_chain_amplitude,stellarator-linear-scan:stella-geometry
0.3,204,0.296875,-0.34508859640591233,1.0777433829976846,-0.003873187724258646,-0.1680107666676103,unit_mode_chain_amplitude,stellarator-linear-scan:stella-geometry
0.3,205,0.30078125,0.27081904805425683,0.672067427831249,-0.003873187724258646,-0.1680107666676103,unit_mode_chain_amplitude,stellarator-linear-scan:stella-geometry
0.3,206,0.3046875,0.628368534246289,0.13982751855662898,-0.003873187724258646,-0.1680107666676103,unit_mode_chain_amplitude,stellarator-linear-scan:stella-geometry
0.3,207,0.30859375,0.40357475420525973,0.0702957277178188,-0.003873187724258646,-0.1680107666676103,unit_mode_chain_amplitude,stellarator-linear-scan:stella-geometry
0.3,208,0.3125,0.7233788841786105,0.2762779112250943,-0.003873187724258646,-0.1680107666676103,unit_mode_chain_amplitude,stellarator-linear-scan:stella-geometry
0.3,209,0.31640625,0.13642668946995798,0.36897304778237977,-0.003873187724258646,-0.1680107666676103,unit_mode_chain_amplitude,stellarator-linear-scan:stella-geometry
0.3,210,0.3203125,0.5010153680583608,0.3792856235935572,-0.003873187724258646,-0.1680107666676103,unit_mode_chain_amplitude,stellarator-linear-scan:stella-geometry
0.3,211,0.32421875,0.32197748926764147,-0.2681462076023342,-0.003873187724258646,-0.1680107666676103,unit_mode_chain_amplitude,stellarator-linear-scan:stella-geometry
0.3,212,0.328125,0.6992399300867888,-0.33914682736322516,-0.003873187724258646,-0.1680107666676103,unit_mode_chain_amplitude,stellarator-linear-scan:stella-geometry
0.3,213,0.33203125,0.44737276603931375,-1.1197335071278696,-0.003873187724258646,-0.1680107666676103,unit_mode_chain_amplitude,stellarator-linear-scan:stella-geometry
0.3,214,0.3359375,-0.2055285361165058,-0.7117660449191072,-0.003873187724258646,-0.1680107666676103,unit_mode_chain_amplitude,stellarator-linear-scan:stella-geometry
0.3,215,0.33984375,-0.2956719851767271,-1.1970852461398045,-0.003873187724258646,-0.1680107666676103,unit_mode_chain_amplitude,stellarator-linear-scan:stella-geometry
0.3,216,0.34375,0.2840852692154207,-0.8239878324664875,-0.003873187724258646,-0.1680107666676103,unit_mode_chain_amplitude,stellarator-linear-scan:stella-geometry
0.3,217,0.34765625,0.3033648820523232,-0.44200767285730885,-0.003873187724258646,-0.1680107666676103,unit_mode_chain_amplitude,stellarator-linear-scan:stella-geometry
0.3,218,0.3515625,-0.1023106613739398,-0.7296829037758712,-0.003873187724258646,-0.1680107666676103,unit_mode_chain_amplitude,stellarator-linear-scan:stella-geometry
0.3,219,0.35546875,-0.781384832547727,-0.6046777715803836,-0.003873187724258646,-0.1680107666676103,unit_mode_chain_amplitude,stellarator-linear-scan:stella-geometry
0.3,220,0.359375,-0.8588165994965331,0.35368383063841263,-0.003873187724258646,-0.1680107666676103,unit_mode_chain_amplitude,stellarator-linear-scan:stella-geometry
0.3,221,0.36328125,-1.298149044764601,-0.7717592950465418,-0.003873187724258646,-0.1680107666676103,unit_mode_chain_amplitude,stellarator-linear-scan:stella-geometry
0.3,222,0.3671875,-1.0954161979143142,-1.0755822203556844,-0.003873187724258646,-0.1680107666676103,unit_mode_chain_amplitude,stellarator-linear-scan:stella-geometry
0.3,223,0.37109375,-1.2643319021911188,-1.8284724383125692,-0.003873187724258646,-0.1680107666676103,unit_mode_chain_amplitude,stellarator-linear-scan:stella-geometry
0.3,224,0.375,-1.9164498502091778,-1.7807733892246431,-0.003873187724258646,-0.1680107666676103,unit_mode_chain_amplitude,stellarator-linear-scan:stella-geometry
0.3,225,0.37890625,-1.8676122737720326,-1.2434604912391083,-0.003873187724258646,-0.1680107666676103,unit_mode_chain_amplitude,stellarator-linear-scan:stella-geometry
0.3,226,0.3828125,-1.2379492931168572,-0.008452783293685614,-0.003873187724258646,-0.1680107666676103,unit_mode_chain_amplitude,stellarator-linear-scan:stella-geometry
0.3,227,0.38671875,-0.29354233893635806,-0.3488533890948037,-0.003873187724258646,-0.1680107666676103,unit_mode_chain_amplitude,stellarator-linear-scan:stella-geometry
0.3,228,0.390625,-0.25358234185407114,0.2812901898953073,-0.003873187724258646,-0.1680107666676103,unit_mode_chain_amplitude,stellarator-linear-scan:stella-geometry
0.3,229,0.39453125,0.2563251943186382,-0.1788811848164916,-0.003873187724258646,-0.1680107666676103,unit_mode_chain_amplitude,stellarator-linear-scan:stella-geometry
0.3,230,0.3984375,-0.19640539969608625,0.0731952385561258,-0.003873187724258646,-0.1680107666676103,unit_mode_chain_amplitude,stellarator-linear-scan:stella-geometry
0.3,231,0.40234375,-0.4145949725413826,0.46686692394263607,-0.003873187724258646,-0.1680107666676103,unit_mode_chain_amplitude,stellarator-linear-scan:stella-geometry
0.3,232,0.40625,0.3491484939000563,0.43658941123857076,-0.003873187724258646,-0.1680107666676103,unit_mode_chain_amplitude,stellarator-linear-scan:stella-geometry
0.3,233,0.41015625,0.6699616831036994,0.1904303433361612,-0.003873187724258646,-0.1680107666676103,unit_mode_chain_amplitude,stellarator-linear-scan:stella-geometry
0.3,234,0.4140625,-0.6135901796875921,0.5808346968495233,-0.003873187724258646,-0.1680107666676103,unit_mode_chain_amplitude,stellarator-linear-scan:stella-geometry
0.3,235,0.41796875,-0.7947799484279181,0.7019893859939315,-0.003873187724258646,-0.1680107666676103,unit_mode_chain_amplitude,stellarator-linear-scan:stella-geometry
0.3,236,0.421875,-0.9102142254402321,0.7068362948707977,-0.003873187724258646,-0.1680107666676103,unit_mode_chain_amplitude,stellarator-linear-scan:stella-geometry
0.3,237,0.42578125,-1.141006955285222,0.2927418123945523,-0.003873187724258646,-0.1680107666676103,unit_mode_chain_amplitude,stellarator-linear-scan:stella-geometry
0.3,238,0.4296875,-0.5413617259875962,0.18249999241235917,-0.003873187724258646,-0.1680107666676103,unit_mode_chain_amplitude,stellarator-linear-scan:stella-geometry
0.3,239,0.43359375,-0.4687548707693846,-0.08414141646387012,-0.003873187724258646,-0.1680107666676103,unit_mode_chain_amplitude,stellarator-linear-scan:stella-geometry
0.3,240,0.4375,-0.39267169732618346,0.05210134571404002,-0.003873187724258646,-0.1680107666676103,unit_mode_chain_amplitude,stellarator-linear-scan:stella-geometry
0.3,241,0.44140625,0.08839911238880428,-0.2105003658717082,-0.003873187724258646,-0.1680107666676103,unit_mode_chain_amplitude,stellarator-linear-scan:stella-geometry
0.3,242,0.4453125,-0.2632376581795843,-0.07924675435347651,-0.003873187724258646,-0.1680107666676103,unit_mode_chain_amplitude,stellarator-linear-scan:stella-geometry
0.3,243,0.44921875,-0.2028483701318145,-0.4033946382741152,-0.003873187724258646,-0.1680107666676103,unit_mode_chain_amplitude,stellarator-linear-scan:stella-geometry
0.3,244,0.453125,0.10174310865625488,0.17242196456149708,-0.003873187724258646,-0.1680107666676103,unit_mode_chain_amplitude,stellarator-linear-scan:stella-geometry
0.3,245,0.45703125,-0.21821181980150398,0.5850471185635717,-0.003873187724258646,-0.1680107666676103,unit_mode_chain_amplitude,stellarator-linear-scan:stella-geometry
0.3,246,0.4609375,-0.11367106845071522,0.599878457615449,-0.003873187724258646,-0.1680107666676103,unit_mode_chain_amplitude,stellarator-linear-scan:stella-geometry
0.3,247,0.46484375,-0.949810576318023,-0.05855627963736293,-0.003873187724258646,-0.1680107666676103,unit_mode_chain_amplitude,stellarator-linear-scan:stella-geometry
0.3,248,0.46875,-0.43199193911214695,0.03384956343355508,-0.003873187724258646,-0.1680107666676103,unit_mode_chain_amplitude,stellarator-linear-scan:stella-geometry
0.3,249,0.47265625,0.9915578606420778,0.012611707640744079,-0.003873187724258646,-0.1680107666676103,unit_mode_chain_amplitude,stellarator-linear-scan:stella-geometry
0.3,250,0.4765625,1.176220178543255,0.3780500784599476,-0.003873187724258646,-0.1680107666676103,unit_mode_chain_amplitude,stellarator-linear-scan:stella-geometry
0.3,251,0.48046875,0.6320957436564136,-0.5268599395523631,-0.003873187724258646,-0.1680107666676103,unit_mode_chain_amplitude,stellarator-linear-scan:stella-geometry
0.3,252,0.484375,0.454514295748829,0.3036845347144725,-0.003873187724258646,-0.1680107666676103,unit_mode_chain_amplitude,stellarator-linear-scan:stella-geometry
0.3,253,0.48828125,0.31939326896859865,-0.1500901403411079,-0.003873187724258646,-0.1680107666676103,unit_mode_chain_amplitude,stellarator-linear-scan:stella-geometry
0.3,254,0.4921875,0.3453792714603927,-0.0722769270836954,-0.003873187724258646,-0.1680107666676103,unit_mode_chain_amplitude,stellarator-linear-scan:stella-geometry
0.3,255,0.49609375,0.2946815509674333,0.293647914607827,-0.003873187724258646,-0.1680107666676103,unit_mode_chain_amplitude,stellarator-linear-scan:stella-geometry
