ky,z_index,z,phi_real,phi_imag,growth_rate,frequency,normalization,source
0.09999999999999999,0,-0.5,5.170145189561159e-12,-1.8219132181700648e-11,-0.0007797962033046558,-0.06573003284376668,stella_out_nc_complex_phi,fixtures/stella_w7x_mode_structure_run/stella_w7x_adiabatic_electrons.out.nc
0.09999999999999999,1,-0.49609375,6.313043748763562e-12,-1.7044476389047356e-11,-0.0007797962033046558,-0.06573003284376668,stella_out_nc_complex_phi,fixtures/stella_w7x_mode_structure_run/stella_w7x_adiabatic_electrons.out.nc
0.09999999999999999,2,-0.49218750000000006,6.997380032690478e-12,-1.7193693794369398e-11,-0.0007797962033046558,-0.06573003284376668,stella_out_nc_complex_phi,fixtures/stella_w7x_mode_structure_run/stella_w7x_adiabatic_electrons.out.nc
0.09999999999999999,3,-0.48828125,8.123987172622142e-12,-1.8426234307303403e-11,-0.0007797962033046558,-0.06573003284376668,stella_out_nc_complex_phi,fixtures/stella_w7x_mode_structure_run/stella_w7x_adiabatic_electrons.out.nc
0.09999999999999999,4,-0.484375,8.866742968508458e-12,-1.9555769440010887e-11,-0.0007797962033046558,-0.06573003284376668,stella_out_nc_complex_phi,fixtures/stella_w7x_mode_structure_run/stella_w7x_adiabatic_electrons.out.nc
0.09999999999999999,5,-0.48046875,1.0129004267174312e-11,-1.9446362812139866e-11,-0.0007797962033046558,-0.06573003284376668,stella_out_nc_complex_phi,fixtures/stella_w7x_mode_structure_run/stella_w7x_adiabatic_electrons.out.nc
0.09999999999999999,6,-0.4765625,1.2813709612048826e-11,-1.8150678092501893e-11,-0.0007797962033046558,-0.06573003284376668,stella_out_nc_complex_phi,fixtures/stella_w7x_mode_structure_run/stella_w7x_adiabatic_electrons.out.nc
0.09999999999999999,7,-0.47265625000000006,1.4801727449059596e-11,-1.7510380567262824e-11,-0.0007797962033046558,-0.06573003284376668,stella_out_nc_complex_phi,fixtures/stella_w7x_mode_structure_run/stella_w7x_adiabatic_electrons.out.nc
0.09999999999999999,8,-0.46875,1.4797021098078714e-11,-1.869094452961127e-11,-0.0007797962033046558,-0.06573003284376668,stella_out_nc_complex_phi,fixtures/stella_w7x_mode_structure_run/stella_w7x_adiabatic_electrons.out.nc
0.09999999999999999,9,-0.46484375,1.5645669226595976e-11,-2.0570213586397623e-11,-0.0007797962033046558,-0.06573003284376668,stella_out_nc_complex_phi,fixtures/stella_w7x_mode_structure_run/stella_w7x_adiabatic_electrons.out.nc
0.09999999999999999,10,-0.4609375,1.7763253248390475e-11,-1.98312377602223e-11,-0.0007797962033046558,-0.06573003284376668,stella_out_nc_complex_phi,fixtures/stella_w7x_mode_structure_run/stella_w7x_adiabatic_electrons.out.nc
0.09999999999999999,11,-0.45703125,1.9389382229888923e-11,-1.591548202896621e-11,-0.0007797962033046558,-0.06573003284376668,stella_out_nc_complex_phi,fixtures/stella_w7x_mode_structure_run/stella_w7x_adiabatic_electrons.out.nc
0.09999999999999999,12,-0.45312500000000006,1.9590867660997533e-11,-1.1590404556551286e-11,-0.0007797962033046558,-0.06573003284376668,stella_out_nc_complex_phi,fixtures/stella_w7x_mode_structure_run/stella_w7x_adiabatic_electrons.out.nc
0.09999999999999999,13,-0.44921875000000006,1.8406550664644323e-11,-9.160016403884463e-12,-0.0007797962033046558,-0.06573003284376668,stella_out_nc_complex_phi,fixtures/stella_w7x_mode_structure_run/stella_w7x_adiabatic_electrons.out.nc
0.09999999999999999,14,-0.4453125,1.7595370688571976e-11,-9.225722409810444e-12,-0.0007797962033046558,-0.06573003284376668,stella_out_nc_complex_phi,fixtures/stella_w7x_mode_structure_run/stella_w7x_adiabatic_electrons.out.nc
0.09999999999999999,15,-0.44140625,1.715513410067074e-11,-1.0946688361888533e-11,-0.0007797962033046558,-0.06573003284376668,stella_out_nc_complex_phi,fixtures/stella_w7x_mode_structure_run/stella_w7x_adiabatic_electrons.out.nc
0.09999999999999999,16,-0.4375,1.7304237805586136e-11,-1.275502736750284e-11,-0.0007797962033046558,-0.06573003284376668,stella_out_nc_complex_phi,fixtures/stella_w7x_mode_structure_run/stella_w7x_adiabatic_electrons.out.nc
0.09999999999999999,17,-0.43359375,1.898091156023533e-11,-1.2373222006489324e-11,-0.0007797962033046558,-0.06573003284376668,stella_out_nc_complex_phi,fixtures/stella_w7x_mode_structure_run/stella_w7x_adiabatic_electrons.out.nc
0.09999999999999999,18,-0.42968750000000006,2.0920280325147636e-11,-7.928941444828706e-12,-0.0007797962033046558,-0.06573003284376668,stella_out_nc_complex_phi,fixtures/stella_w7x_mode_structure_run/stella_w7x_adiabatic_electrons.out.nc
0.09999999999999999,19,-0.42578125,2.071857782014911e-11,-1.4508498525137497e-12,-0.0007797962033046558,-0.06573003284376668,stella_out_nc_complex_phi,fixtures/stella_w7x_mode_structure_run/stella_w7x_adiabatic_electrons.out.nc
0.09999999999999999,20,-0.421875,2.0782943598951236e-11,2.5583076432462465e-12,-0.0007797962033046558,-0.06573003284376668,stella_out_nc_complex_phi,fixtures/stella_w7x_mode_structure_run/stella_w7x_adiabatic_electrons.out.nc
0.09999999999999999,21,-0.41796875,2.143581542179313e-11,3.4104236725286085e-12,-0.0007797962033046558,-0.06573003284376668,stella_out_nc_complex_phi,fixtures/stella_w7x_mode_structure_run/stella_w7x_adiabatic_electrons.out.nc
0.09999999999999999,22,-0.4140625,2.024385192211054e-11,3.4686290194001397e-12,-0.0007797962033046558,-0.06573003284376668,stella_out_nc_complex_phi,fixtures/stella_w7x_mode_structure_run/stella_w7x_adiabatic_electrons.out.nc
0.09999999999999999,23,-0.41015625000000006,1.7418580556780467e-11,1.7911107952706054e-12,-0.0007797962033046558,-0.06573003284376668,stella_out_nc_complex_phi,fixtures/stella_w7x_mode_structure_run/stella_w7x_adiabatic_electrons.out.nc
0.09999999999999999,24,-0.40625000000000006,1.553253525005982e-11,-1.559923113117016e-12,-0.0007797962033046558,-0.06573003284376668,stella_out_nc_complex_phi,fixtures/stella_w7x_mode_structure_run/stella_w7x_adiabatic_electrons.out.nc
0.09999999999999999,25,-0.40234375,1.4955653843793595e-11,-1.4259012512648492e-12,-0.0007797962033046558,-0.06573003284376668,stella_out_nc_complex_phi,fixtures/stella_w7x_mode_structure_run/stella_w7x_adiabatic_electrons.out.nc
0.09999999999999999,26,-0.3984375,1.5939276911552768e-11,3.697652691789939e-12,-0.0007797962033046558,-0.06573003284376668,stella_out_nc_complex_phi,fixtures/stella_w7x_mode_structure_run/stella_w7x_adiabatic_electrons.out.nc
0.09999999999999999,27,-0.39453125,1.6406081117047912e-11,9.44103448205175e-12,-0.0007797962033046558,-0.06573003284376668,stella_out_nc_complex_phi,fixtures/stella_w7x_mode_structure_run/stella_w7x_adiabatic_electrons.out.nc
0.09999999999999999,28,-0.390625,1.636144836476972e-11,1.2318014927268122e-11,-0.0007797962033046558,-0.06573003284376668,stella_out_nc_complex_phi,fixtures/stella_w7x_mode_structure_run/stella_w7x_adiabatic_electrons.out.nc
0.09999999999999999,29,-0.38671875000000006,1.6202611494866344e-11,1.3064389318886451e-11,-0.0007797962033046558,-0.06573003284376668,stella_out_nc_complex_phi,fixtures/stella_w7x_mode_structure_run/stella_w7x_adiabatic_electrons.out.nc
0.09999999999999999,30,-0.3828125,1.5551371738367423e-11,1.2552936328758433e-11,-0.0007797962033046558,-0.06573003284376668,stella_out_nc_complex_phi,fixtures/stella_w7x_mode_structure_run/stella_w7x_adiabatic_electrons.out.nc
0.09999999999999999,31,-0.37890625,1.4289751552007081e-11,1.2138433651926121e-11,-0.0007797962033046558,-0.06573003284376668,stella_out_nc_complex_phi,fixtures/stella_w7x_mode_structure_run/stella_w7x_adiabatic_electrons.out.nc
0.09999999999999999,32,-0.375,1.2600435511431019e-11,1.1516557573884806e-11,-0.0007797962033046558,-0.06573003284376668,stella_out_nc_complex_phi,fixtures/stella_w7x_mode_structure_run/stella_w7x_adiabatic_electrons.out.nc
0.09999999999999999,33,-0.37109375,1.1333075324166146e-11,1.2462195279977646e-11,-0.0007797962033046558,-0.06573003284376668,stella_out_nc_complex_phi,fixtures/stella_w7x_mode_structure_run/stella_w7x_adiabatic_electrons.out.nc
0.09999999999999999,34,-0.36718750000000006,1.2151482026089545e-11,1.7760248998353122e-11,-0.0007797962033046558,-0.06573003284376668,stella_out_nc_complex_phi,fixtures/stella_w7x_mode_structure_run/stella_w7x_adiabatic_electrons.out.nc
0.09999999999999999,35,-0.36328125,1.4731925038465915e-11,1.9698930822128038e-11,-0.0007797962033046558,-0.06573003284376668,stella_out_nc_complex_phi,fixtures/stella_w7x_mode_structure_run/stella_w7x_adiabatic_electrons.out.nc
0.09999999999999999,36,-0.359375,1.5828812986632915e-11,1.6070412657961765e-11,-0.0007797962033046558,-0.06573003284376668,stella_out_nc_complex_phi,fixtures/stella_w7x_mode_structure_run/stella_w7x_adiabatic_electrons.out.nc
0.09999999999999999,37,-0.35546875,1.630492440667625e-11,1.613254611211604e-11,-0.0007797962033046558,-0.06573003284376668,stella_out_nc_complex_phi,fixtures/stella_w7x_mode_structure_run/stella_w7x_adiabatic_electrons.out.nc
0.09999999999999999,38,-0.3515625,1.5785740866415926e-11,2.190745103806491e-11,-0.0007797962033046558,-0.06573003284376668,stella_out_nc_complex_phi,fixtures/stella_w7x_mode_structure_run/stella_w7x_adiabatic_electrons.out.nc
0.09999999999999999,39,-0.34765625000000006,1.2662124067727451e-11,2.6609505104686793e-11,-0.0007797962033046558,-0.06573003284376668,stella_out_nc_complex_phi,fixtures/stella_w7x_mode_structure_run/stella_w7x_adiabatic_electrons.out.nc
0.09999999999999999,40,-0.34375,8.997206638305926e-12,2.854247660782839e-11,-0.0007797962033046558,-0.06573003284376668,stella_out_nc_complex_phi,fixtures/stella_w7x_mode_structure_run/stella_w7x_adiabatic_electrons.out.nc
0.09999999999999999,41,-0.33984375,8.633468892865812e-12,2.886931066111224e-11,-0.0007797962033046558,-0.06573003284376668,stella_out_nc_complex_phi,fixtures/stella_w7x_mode_structure_run/stella_w7x_adiabatic_electrons.out.nc
0.09999999999999999,42,-0.3359375,1.0815925568839411e-11,2.895185355422219e-11,-0.0007797962033046558,-0.06573003284376668,stella_out_nc_complex_phi,fixtures/stella_w7x_mode_structure_run/stella_w7x_adiabatic_electrons.out.nc
0.09999999999999999,43,-0.33203125,1.3359219783797664e-11,3.10238816878049e-11,-0.0007797962033046558,-0.06573003284376668,stella_out_nc_complex_phi,fixtures/stella_w7x_mode_structure_run/stella_w7x_adiabatic_electrons.out.nc
0.09999999999999999,44,-0.328125,1.4965953571146313e-11,3.337166706203333e-11,-0.0007797962033046558,-0.06573003284376668,stella_out_nc_complex_phi,fixtures/stella_w7x_mode_structure_run/stella_w7x_adiabatic_electrons.out.nc
0.09999999999999999,45,-0.32421875000000006,1.6252409458558694e-11,3.4873775602158715e-11,-0.0007797962033046558,-0.06573003284376668,stella_out_nc_complex_phi,fixtures/stella_w7x_mode_structure_run/stella_w7x_adiabatic_electrons.out.nc
0.09999999999999999,46,-0.3203125,1.6266274104275422e-11,3.713752544705633e-11,-0.0007797962033046558,-0.06573003284376668,stella_out_nc_complex_phi,fixtures/stella_w7x_mode_structure_run/stella_w7x_adiabatic_electrons.out.nc
0.09999999999999999,47,-0.31640625,1.5358738363002678e-11,3.978235957286392e-11,-0.0007797962033046558,-0.06573003284376668,stella_out_nc_complex_phi,fixtures/stella_w7x_mode_structure_run/stella_w7x_adiabatic_electrons.out.nc
0.09999999999999999,48,-0.3125,1.4479464245936996e-11,4.148533846291198e-11,-0.0007797962033046558,-0.06573003284376668,stella_out_nc_complex_phi,fixtures/stella_w7x_mode_structure_run/stella_w7x_adiabatic_electrons.out.nc
0.09999999999999999,49,-0.30859375,1.4119723842605547e-11,4.349843508720939e-11,-0.0007797962033046558,-0.06573003284376668,stella_out_nc_complex_phi,fixtures/stella_w7x_mode_structure_run/stella_w7x_adiabatic_electrons.out.nc
0.09999999999999999,50,-0.3046875,1.4511111539692307e-11,4.501430112308846e-11,-0.0007797962033046558,-0.06573003284376668,stella_out_nc_complex_phi,fixtures/stella_w7x_mode_structure_run/stella_w7x_adiabatic_electrons.out.nc
0.09999999999999999,51,-0.30078125,1.5437048321212293e-11,4.6560377756673466e-11,-0.0007797962033046558,-0.06573003284376668,stella_out_nc_complex_phi,fixtures/stella_w7x_mode_structure_run/stella_w7x_adiabatic_electrons.out.nc
0.09999999999999999,52,-0.296875,1.5837522272369086e-11,4.67548927134736e-11,-0.0007797962033046558,-0.06573003284376668,stella_out_nc_complex_phi,fixtures/stella_w7x_mode_structure_run/stella_w7x_adiabatic_electrons.out.nc
0.09999999999999999,53,-0.29296875,1.476388422044063e-11,4.8229637115835706e-11,-0.0007797962033046558,-0.06573003284376668,stella_out_nc_complex_phi,fixtures/stella_w7x_mode_structure_run/stella_w7x_adiabatic_electrons.out.nc
0.09999999999999999,54,-0.2890625,1.2357469212136422e-11,5.0182477610039604e-11,-0.0007797962033046558,-0.06573003284376668,stella_out_nc_complex_phi,fixtures/stella_w7x_mode_structure_run/stella_w7x_adiabatic_electrons.out.nc
0.09999999999999999,55,-0.28515625,1.0796966352356577e-11,5.192436246242396e-11,-0.0007797962033046558,-0.06573003284376668,stella_out_nc_complex_phi,fixtures/stella_w7x_mode_structure_run/stella_w7x_adiabatic_electrons.out.nc
0.09999999999999999,56,-0.28125,9.878936273022379e-12,5.2602103470121326e-11,-0.0007797962033046558,-0.06573003284376668,stella_out_nc_complex_phi,fixtures/stella_w7x_mode_structure_run/stella_w7x_adiabatic_electrons.out.nc
0.09999999999999999,57,-0.27734375,8.647773236415707e-12,5.0945233927476446e-11,-0.0007797962033046558,-0.06573003284376668,stella_out_nc_complex_phi,fixtures/stella_w7x_mode_structure_run/stella_w7x_adiabatic_electrons.out.nc
0.09999999999999999,58,-0.2734375,7.878766711966139e-12,4.917213947925068e-11,-0.0007797962033046558,-0.06573003284376668,stella_out_nc_complex_phi,fixtures/stella_w7x_mode_structure_run/stella_w7x_adiabatic_electrons.out.nc
0.09999999999999999,59,-0.26953125,7.794729674295346e-12,4.91065911550728e-11,-0.0007797962033046558,-0.06573003284376668,stella_out_nc_complex_phi,fixtures/stella_w7x_mode_structure_run/stella_w7x_adiabatic_electrons.out.nc
0.09999999999999999,60,-0.265625,6.9055842695875494e-12,4.9425304371683677e-11,-0.0007797962033046558,-0.06573003284376668,stella_out_nc_complex_phi,fixtures/stella_w7x_mode_structure_run/stella_w7x_adiabatic_electrons.out.nc
0.09999999999999999,61,-0.26171875,5.326486764104753e-12,5.077392742701556e-11,-0.0007797962033046558,-0.06573003284376668,stella_out_nc_complex_phi,fixtures/stella_w7x_mode_structure_run/stella_w7x_adiabatic_electrons.out.nc
0.09999999999999999,62,-0.2578125,4.606892357872769e-12,5.223517081829436e-11,-0.0007797962033046558,-0.06573003284376668,stella_out_nc_complex_phi,fixtures/stella_w7x_mode_structure_run/stella_w7x_adiabatic_electrons.out.nc
0.09999999999999999,63,-0.25390625,5.653777065533195e-12,5.3750637818332844e-11,-0.0007797962033046558,-0.06573003284376668,stella_out_nc_complex_phi,fixtures/stella_w7x_mode_structure_run/stella_w7x_adiabatic_electrons.out.nc
0.09999999999999999,64,-0.25,5.405833263961288e-12,5.308604544123236e-11,-0.0007797962033046558,-0.06573003284376668,stella_out_nc_complex_phi,fixtures/stella_w7x_mode_structure_run/stella_w7x_adiabatic_electrons.out.nc
0.09999999999999999,65,-0.24609375000000003,3.752594112571638e-12,5.044189488411882e-11,-0.0007797962033046558,-0.06573003284376668,stella_out_nc_complex_phi,fixtures/stella_w7x_mode_structure_run/stella_w7x_adiabatic_electrons.out.nc
0.09999999999999999,66,-0.2421875,3.4350624118663408e-12,4.9653704491450074e-11,-0.0007797962033046558,-0.06573003284376668,stella_out_nc_complex_phi,fixtures/stella_w7x_mode_structure_run/stella_w7x_adiabatic_electrons.out.nc
0.09999999999999999,67,-0.23828125,4.521186582534944e-12,5.092059273465647e-11,-0.0007797962033046558,-0.06573003284376668,stella_out_nc_complex_phi,fixtures/stella_w7x_mode_structure_run/stella_w7x_adiabatic_electrons.out.nc
0.09999999999999999,68,-0.234375,4.05112995291312e-12,5.242785319716875e-11,-0.0007797962033046558,-0.06573003284376668,stella_out_nc_complex_phi,fixtures/stella_w7x_mode_structure_run/stella_w7x_adiabatic_electrons.out.nc
0.09999999999999999,69,-0.23046875,1.6412355758255536e-12,5.4292134621736916e-11,-0.0007797962033046558,-0.06573003284376668,stella_out_nc_complex_phi,fixtures/stella_w7x_mode_structure_run/stella_w7x_adiabatic_electrons.out.nc
0.09999999999999999,70,-0.22656250000000003,1.536545677101615e-12,5.439068713625947e-11,-0.0007797962033046558,-0.06573003284376668,stella_out_nc_complex_phi,fixtures/stella_w7x_mode_structure_run/stella_w7x_adiabatic_electrons.out.nc
0.09999999999999999,71,-0.22265625,5.0224523401377505e-12,5.367716644479989e-11,-0.0007797962033046558,-0.06573003284376668,stella_out_nc_complex_phi,fixtures/stella_w7x_mode_structure_run/stella_w7x_adiabatic_electrons.out.nc
0.09999999999999999,72,-0.21875,4.172155302246111e-12,5.1565684314523575e-11,-0.0007797962033046558,-0.06573003284376668,stella_out_nc_complex_phi,fixtures/stella_w7x_mode_structure_run/stella_w7x_adiabatic_electrons.out.nc
0.09999999999999999,73,-0.21484375000000003,1.3918176257033873e-12,4.993378457814274e-11,-0.0007797962033046558,-0.06573003284376668,stella_out_nc_complex_phi,fixtures/stella_w7x_mode_structure_run/stella_w7x_adiabatic_electrons.out.nc
0.09999999999999999,74,-0.2109375,3.0834785526778923e-12,5.026124774712924e-11,-0.0007797962033046558,-0.06573003284376668,stella_out_nc_complex_phi,fixtures/stella_w7x_mode_structure_run/stella_w7x_adiabatic_electrons.out.nc
0.09999999999999999,75,-0.20703125,5.869364454036164e-12,5.154907862847822e-11,-0.0007797962033046558,-0.06573003284376668,stella_out_nc_complex_phi,fixtures/stella_w7x_mode_structure_run/stella_w7x_adiabatic_electrons.out.nc
0.09999999999999999,76,-0.20312500000000003,5.17221764447785e-12,5.3913587324889416e-11,-0.0007797962033046558,-0.06573003284376668,stella_out_nc_complex_phi,fixtures/stella_w7x_mode_structure_run/stella_w7x_adiabatic_electrons.out.nc
0.09999999999999999,77,-0.19921875,3.2172495113036456e-12,5.650084401356062e-11,-0.0007797962033046558,-0.06573003284376668,stella_out_nc_complex_phi,fixtures/stella_w7x_mode_structure_run/stella_w7x_adiabatic_electrons.out.nc
0.09999999999999999,78,-0.1953125,2.941327861026592e-12,5.613129901989212e-11,-0.0007797962033046558,-0.06573003284376668,stella_out_nc_complex_phi,fixtures/stella_w7x_mode_structure_run/stella_w7x_adiabatic_electrons.out.nc
0.09999999999999999,79,-0.19140625,2.4296766616840767e-12,5.1715865378742526e-11,-0.0007797962033046558,-0.06573003284376668,stella_out_nc_complex_phi,fixtures/stella_w7x_mode_structure_run/stella_w7x_adiabatic_electrons.out.nc
0.09999999999999999,80,-0.1875,-1.4536734476750245e-12,5.3156613631607854e-11,-0.0007797962033046558,-0.06573003284376668,stella_out_nc_complex_phi,fixtures/stella_w7x_mode_structure_run/stella_w7x_adiabatic_electrons.out.nc
0.09999999999999999,81,-0.18359375000000003,-4.617122167740491e-12,5.5540774741027836e-11,-0.0007797962033046558,-0.06573003284376668,stella_out_nc_complex_phi,fixtures/stella_w7x_mode_structure_run/stella_w7x_adiabatic_electrons.out.nc
0.09999999999999999,82,-0.1796875,-1.358069044754146e-12,5.265299341603882e-11,-0.0007797962033046558,-0.06573003284376668,stella_out_nc_complex_phi,fixtures/stella_w7x_mode_structure_run/stella_w7x_adiabatic_electrons.out.nc
0.09999999999999999,83,-0.17578125,3.6592610241345874e-12,5.256495681396301e-11,-0.0007797962033046558,-0.06573003284376668,stella_out_nc_complex_phi,fixtures/stella_w7x_mode_structure_run/stella_w7x_adiabatic_electrons.out.nc
0.09999999999999999,84,-0.171875,6.028261956226142e-12,5.640519684177545e-11,-0.0007797962033046558,-0.06573003284376668,stella_out_nc_complex_phi,fixtures/stella_w7x_mode_structure_run/stella_w7x_adiabatic_electrons.out.nc
0.09999999999999999,85,-0.16796875,5.798448634027377e-12,5.699644483508831e-11,-0.0007797962033046558,-0.06573003284376668,stella_out_nc_complex_phi,fixtures/stella_w7x_mode_structure_run/stella_w7x_adiabatic_electrons.out.nc
0.09999999999999999,86,-0.1640625,3.101018397342479e-12,5.46328007590011e-11,-0.0007797962033046558,-0.06573003284376668,stella_out_nc_complex_phi,fixtures/stella_w7x_mode_structure_run/stella_w7x_adiabatic_electrons.out.nc
0.09999999999999999,87,-0.16015625,-6.400476183523259e-13,5.1916868410310227e-11,-0.0007797962033046558,-0.06573003284376668,stella_out_nc_complex_phi,fixtures/stella_w7x_mode_structure_run/stella_w7x_adiabatic_electrons.out.nc
0.09999999999999999,88,-0.15625,-1.6519757631573832e-12,5.156505950499376e-11,-0.0007797962033046558,-0.06573003284376668,stella_out_nc_complex_phi,fixtures/stella_w7x_mode_structure_run/stella_w7x_adiabatic_electrons.out.nc
0.09999999999999999,89,-0.15234375,2.092669403629606e-12,5.345574676638674e-11,-0.0007797962033046558,-0.06573003284376668,stella_out_nc_complex_phi,fixtures/stella_w7x_mode_structure_run/stella_w7x_adiabatic_electrons.out.nc
0.09999999999999999,90,-0.1484375,6.349864965497242e-12,5.6937739473016454e-11,-0.0007797962033046558,-0.06573003284376668,stella_out_nc_complex_phi,fixtures/stella_w7x_mode_structure_run/stella_w7x_adiabatic_electrons.out.nc
0.09999999999999999,91,-0.14453125,6.758139689965288e-12,5.803391798419629e-11,-0.0007797962033046558,-0.06573003284376668,stella_out_nc_complex_phi,fixtures/stella_w7x_mode_structure_run/stella_w7x_adiabatic_electrons.out.nc
0.09999999999999999,92,-0.140625,3.948602965575448e-12,5.622361044521417e-11,-0.0007797962033046558,-0.06573003284376668,stella_out_nc_complex_phi,fixtures/stella_w7x_mode_structure_run/stella_w7x_adiabatic_electrons.out.nc
0.09999999999999999,93,-0.13671875,8.797096273132273e-13,5.354492349884072e-11,-0.0007797962033046558,-0.06573003284376668,stella_out_nc_complex_phi,fixtures/stella_w7x_mode_structure_run/stella_w7x_adiabatic_electrons.out.nc
0.09999999999999999,94,-0.1328125,6.829747356586114e-14,5.012671347231881e-11,-0.0007797962033046558,-0.06573003284376668,stella_out_nc_complex_phi,fixtures/stella_w7x_mode_structure_run/stella_w7x_adiabatic_electrons.out.nc
0.09999999999999999,95,-0.12890625,6.470912817775639e-13,4.9635056888777365e-11,-0.0007797962033046558,-0.06573003284376668,stella_out_nc_complex_phi,fixtures/stella_w7x_mode_structure_run/stella_w7x_adiabatic_electrons.out.nc
0.09999999999999999,96,-0.125,4.244609429088349e-12,4.894381607643875e-11,-0.0007797962033046558,-0.06573003284376668,stella_out_nc_complex_phi,fixtures/stella_w7x_mode_structure_run/stella_w7x_adiabatic_electrons.out.nc
0.09999999999999999,97,-0.12109375,9.500326296700702e-12,4.915239980247216e-11,-0.0007797962033046558,-0.06573003284376668,stella_out_nc_complex_phi,fixtures/stella_w7x_mode_structure_run/stella_w7x_adiabatic_electrons.out.nc
0.09999999999999999,98,-0.1171875,1.0887420003426921e-11,5.1119984139165264e-11,-0.0007797962033046558,-0.06573003284376668,stella_out_nc_complex_phi,fixtures/stella_w7x_mode_structure_run/stella_w7x_adiabatic_electrons.out.nc
0.09999999999999999,99,-0.11328125000000001,8.188214228380948e-12,5.0423205417384933e-11,-0.0007797962033046558,-0.06573003284376668,stella_out_nc_complex_phi,fixtures/stella_w7x_mode_structure_run/stella_w7x_adiabatic_electrons.out.nc
0.09999999999999999,100,-0.109375,2.831214036914196e-12,4.455948794918552e-11,-0.0007797962033046558,-0.06573003284376668,stella_out_nc_complex_phi,fixtures/stella_w7x_mode_structure_run/stella_w7x_adiabatic_electrons.out.nc
0.09999999999999999,101,-0.10546875,-9.644583193664271e-12,4.375339103328777e-11,-0.0007797962033046558,-0.06573003284376668,stella_out_nc_complex_phi,fixtures/stella_w7x_mode_structure_run/stella_w7x_adiabatic_electrons.out.nc
0.09999999999999999,102,-0.10156250000000001,-1.9148999309501417e-11,4.7637290565982833e-11,-0.0007797962033046558,-0.06573003284376668,stella_out_nc_complex_phi,fixtures/stella_w7x_mode_structure_run/stella_w7x_adiabatic_electrons.out.nc
0.09999999999999999,103,-0.09765625,-1.1593547578944009e-11,4.3059546852991466e-11,-0.0007797962033046558,-0.06573003284376668,stella_out_nc_complex_phi,fixtures/stella_w7x_mode_structure_run/stella_w7x_adiabatic_electrons.out.nc
0.09999999999999999,104,-0.09375,3.3239544360991776e-12,4.172298800392673e-11,-0.0007797962033046558,-0.06573003284376668,stella_out_nc_complex_phi,fixtures/stella_w7x_mode_structure_run/stella_w7x_adiabatic_electrons.out.nc
0.09999999999999999,105,-0.08984375,1.0001896733145244e-11,4.798811741930689e-11,-0.0007797962033046558,-0.06573003284376668,stella_out_nc_complex_phi,fixtures/stella_w7x_mode_structure_run/stella_w7x_adiabatic_electrons.out.nc
0.09999999999999999,106,-0.0859375,1.0091121734957661e-11,4.860328390330341e-11,-0.0007797962033046558,-0.06573003284376668,stella_out_nc_complex_phi,fixtures/stella_w7x_mode_structure_run/stella_w7x_adiabatic_electrons.out.nc
0.09999999999999999,107,-0.08203125,8.828654088214526e-12,4.6101565877631036e-11,-0.0007797962033046558,-0.06573003284376668,stella_out_nc_complex_phi,fixtures/stella_w7x_mode_structure_run/stella_w7x_adiabatic_electrons.out.nc
0.09999999999999999,108,-0.078125,4.909695547211274e-12,4.0400994029351324e-11,-0.0007797962033046558,-0.06573003284376668,stella_out_nc_complex_phi,fixtures/stella_w7x_mode_structure_run/stella_w7x_adiabatic_electrons.out.nc
0.09999999999999999,109,-0.07421875,-3.6959289497945714e-12,3.5090035801887645e-11,-0.0007797962033046558,-0.06573003284376668,stella_out_nc_complex_phi,fixtures/stella_w7x_mode_structure_run/stella_w7x_adiabatic_electrons.out.nc
0.09999999999999999,110,-0.0703125,-6.469464433319494e-12,3.41175069113715e-11,-0.0007797962033046558,-0.06573003284376668,stella_out_nc_complex_phi,fixtures/stella_w7x_mode_structure_run/stella_w7x_adiabatic_electrons.out.nc
0.09999999999999999,111,-0.06640625,4.734524269218931e-13,3.734979917674778e-11,-0.0007797962033046558,-0.06573003284376668,stella_out_nc_complex_phi,fixtures/stella_w7x_mode_structure_run/stella_w7x_adiabatic_electrons.out.nc
0.09999999999999999,112,-0.0625,7.0049899701178564e-12,4.303734268053754e-11,-0.0007797962033046558,-0.06573003284376668,stella_out_nc_complex_phi,fixtures/stella_w7x_mode_structure_run/stella_w7x_adiabatic_electrons.out.nc
0.09999999999999999,113,-0.05859375,9.647029078131365e-12,4.648081971665948e-11,-0.0007797962033046558,-0.06573003284376668,stella_out_nc_complex_phi,fixtures/stella_w7x_mode_structure_run/stella_w7x_adiabatic_electrons.out.nc
0.09999999999999999,114,-0.0546875,1.0496818393970779e-11,4.578448134781645e-11,-0.0007797962033046558,-0.06573003284376668,stella_out_nc_complex_phi,fixtures/stella_w7x_mode_structure_run/stella_w7x_adiabatic_electrons.out.nc
0.09999999999999999,115,-0.05078125000000001,8.501342327304808e-12,3.767613574544753e-11,-0.0007797962033046558,-0.06573003284376668,stella_out_nc_complex_phi,fixtures/stella_w7x_mode_structure_run/stella_w7x_adiabatic_electrons.out.nc
0.09999999999999999,116,-0.046875,-5.700650433921939e-12,3.323142989361253e-11,-0.0007797962033046558,-0.06573003284376668,stella_out_nc_complex_phi,fixtures/stella_w7x_mode_structure_run/stella_w7x_adiabatic_electrons.out.nc
0.09999999999999999,117,-0.04296875,-2.370986427395145e-11,4.121116844698437e-11,-0.0007797962033046558,-0.06573003284376668,stella_out_nc_complex_phi,fixtures/stella_w7x_mode_structure_run/stella_w7x_adiabatic_electrons.out.nc
0.09999999999999999,118,-0.0390625,-2.2307658136842053e-11,4.012581367795812e-11,-0.0007797962033046558,-0.06573003284376668,stella_out_nc_complex_phi,fixtures/stella_w7x_mode_structure_run/stella_w7x_adiabatic_electrons.out.nc
0.09999999999999999,119,-0.03515625,-5.459964259865817e-12,3.267407729264725e-11,-0.0007797962033046558,-0.06573003284376668,stella_out_nc_complex_phi,fixtures/stella_w7x_mode_structure_run/stella_w7x_adiabatic_electrons.out.nc
0.09999999999999999,120,-0.03125,5.187888747498389e-12,3.747819582127652e-11,-0.0007797962033046558,-0.06573003284376668,stella_out_nc_complex_phi,fixtures/stella_w7x_mode_structure_run/stella_w7x_adiabatic_electrons.out.nc
0.09999999999999999,121,-0.02734375,7.838447921067626e-12,4.2427781931997e-11,-0.0007797962033046558,-0.06573003284376668,stella_out_nc_complex_phi,fixtures/stella_w7x_mode_structure_run/stella_w7x_adiabatic_electrons.out.nc
0.09999999999999999,122,-0.0234375,3.659026626748699e-12,4.150779774388412e-11,-0.0007797962033046558,-0.06573003284376668,stella_out_nc_complex_phi,fixtures/stella_w7x_mode_structure_run/stella_w7x_adiabatic_electrons.out.nc
0.09999999999999999,123,-0.01953125,-1.816413653753576e-12,3.779534800870054e-11,-0.0007797962033046558,-0.06573003284376668,stella_out_nc_complex_phi,fixtures/stella_w7x_mode_structure_run/stella_w7x_adiabatic_electrons.out.nc
0.09999999999999999,124,-0.015625,-5.216559070209e-13,3.569574345725011e-11,-0.0007797962033046558,-0.06573003284376668,stella_out_nc_complex_phi,fixtures/stella_w7x_mode_structure_run/stella_w7x_adiabatic_electrons.out.nc
0.09999999999999999,125,-0.01171875,-1.0554670715352044e-13,3.5501122580839365e-11,-0.0007797962033046558,-0.06573003284376668,stella_out_nc_complex_phi,fixtures/stella_w7x_mode_structure_run/stella_w7x_adiabatic_electrons.out.nc
0.09999999999999999,126,-0.0078125,-4.071013008087187e-12,3.7403152215182866e-11,-0.0007797962033046558,-0.06573003284376668,stella_out_nc_complex_phi,fixtures/stella_w7x_mode_structure_run/stella_w7x_adiabatic_electrons.out.nc
0.09999999999999999,127,-0.00390625,-5.018625955180236e-12,4.047295173443464e-11,-0.0007797962033046558,-0.06573003284376668,stella_out_nc_complex_phi,fixtures/stella_w7x_mode_structure_run/stella_w7x_adiabatic_electrons.out.nc
0.09999999999999999,128,0.0,-3.750231689740942e-12,4.235748069862963e-11,-0.0007797962033046558,-0.06573003284376668,stella_out_nc_complex_phi,fixtures/stella_w7x_mode_structure_run/stella_w7x_adiabatic_electrons.out.nc
0.09999999999999999,129,0.00390625,-5.01862595518061e-12,4.047295173443482e-11,-0.0007797962033046558,-0.06573003284376668,stella_out_nc_complex_phi,fixtures/stella_w7x_mode_structure_run/stella_w7x_adiabatic_electrons.out.nc
0.09999999999999999,130,0.0078125,-4.071013008087008e-12,3.7403152215184333e-11,-0.0007797962033046558,-0.06573003284376668,stella_out_nc_complex_phi,fixtures/stella_w7x_mode_structure_run/stella_w7x_adiabatic_electrons.out.nc
0.09999999999999999,131,0.01171875,-1.0554670715407528e-13,3.5501122580841846e-11,-0.0007797962033046558,-0.06573003284376668,stella_out_nc_complex_phi,fixtures/stella_w7x_mode_structure_run/stella_w7x_adiabatic_electrons.out.nc
0.09999999999999999,132,0.015625,-5.21655907022289e-13,3.5695743457252584e-11,-0.0007797962033046558,-0.06573003284376668,stella_out_nc_complex_phi,fixtures/stella_w7x_mode_structure_run/stella_w7x_adiabatic_electrons.out.nc
0.09999999999999999,133,0.01953125,-1.816413653752739e-12,3.779534800870229e-11,-0.0007797962033046558,-0.06573003284376668,stella_out_nc_complex_phi,fixtures/stella_w7x_mode_structure_run/stella_w7x_adiabatic_electrons.out.nc
0.09999999999999999,134,0.0234375,3.6590266267506976e-12,4.1507797743884664e-11,-0.0007797962033046558,-0.06573003284376668,stella_out_nc_complex_phi,fixtures/stella_w7x_mode_structure_run/stella_w7x_adiabatic_electrons.out.nc
0.09999999999999999,135,0.02734375,7.838447921069094e-12,4.2427781931996844e-11,-0.0007797962033046558,-0.06573003284376668,stella_out_nc_complex_phi,fixtures/stella_w7x_mode_structure_run/stella_w7x_adiabatic_electrons.out.nc
0.09999999999999999,136,0.03125,5.1878887474984545e-12,3.747819582127599e-11,-0.0007797962033046558,-0.06573003284376668,stella_out_nc_complex_phi,fixtures/stella_w7x_mode_structure_run/stella_w7x_adiabatic_electrons.out.nc
0.09999999999999999,137,0.03515625,-5.459964259868149e-12,3.2674077292649563e-11,-0.0007797962033046558,-0.06573003284376668,stella_out_nc_complex_phi,fixtures/stella_w7x_mode_structure_run/stella_w7x_adiabatic_electrons.out.nc
0.09999999999999999,138,0.0390625,-2.2307658136843177e-11,4.0125813677959176e-11,-0.0007797962033046558,-0.06573003284376668,stella_out_nc_complex_phi,fixtures/stella_w7x_mode_structure_run/stella_w7x_adiabatic_electrons.out.nc
0.09999999999999999,139,0.04296875,-2.3709864273948532e-11,4.1211168446982264e-11,-0.0007797962033046558,-0.06573003284376668,stella_out_nc_complex_phi,fixtures/stella_w7x_mode_structure_run/stella_w7x_adiabatic_electrons.out.nc
0.09999999999999999,140,0.046875,-5.700650433917008e-12,3.323142989361323e-11,-0.0007797962033046558,-0.06573003284376668,stella_out_nc_complex_phi,fixtures/stella_w7x_mode_structure_run/stella_w7x_adiabatic_electrons.out.nc
0.09999999999999999,141,0.05078125000000001,8.501342327307149e-12,3.7676135745450416e-11,-0.0007797962033046558,-0.06573003284376668,stella_out_nc_complex_phi,fixtures/stella_w7x_mode_structure_run/stella_w7x_adiabatic_electrons.out.nc
0.09999999999999999,142,0.0546875,1.049681839397195e-11,4.578448134781702e-11,-0.0007797962033046558,-0.06573003284376668,stella_out_nc_complex_phi,fixtures/stella_w7x_mode_structure_run/stella_w7x_adiabatic_electrons.out.nc
0.09999999999999999,143,0.05859375,9.647029078132271e-12,4.648081971665937e-11,-0.0007797962033046558,-0.06573003284376668,stella_out_nc_complex_phi,fixtures/stella_w7x_mode_structure_run/stella_w7x_adiabatic_electrons.out.nc
0.09999999999999999,144,0.0625,7.004989970117726e-12,4.303734268053673e-11,-0.0007797962033046558,-0.06573003284376668,stella_out_nc_complex_phi,fixtures/stella_w7x_mode_structure_run/stella_w7x_adiabatic_electrons.out.nc
0.09999999999999999,145,0.06640625,4.734524269183688e-13,3.7349799176747655e-11,-0.0007797962033046558,-0.06573003284376668,stella_out_nc_complex_phi,fixtures/stella_w7x_mode_structure_run/stella_w7x_adiabatic_electrons.out.nc
0.09999999999999999,146,0.0703125,-6.469464433324586e-12,3.411750691137353e-11,-0.0007797962033046558,-0.06573003284376668,stella_out_nc_complex_phi,fixtures/stella_w7x_mode_structure_run/stella_w7x_adiabatic_electrons.out.nc
0.09999999999999999,147,0.07421875,-3.695928949796603e-12,3.50900358018901e-11,-0.0007797962033046558,-0.06573003284376668,stella_out_nc_complex_phi,fixtures/stella_w7x_mode_structure_run/stella_w7x_adiabatic_electrons.out.nc
0.09999999999999999,148,0.078125,4.9096955472122545e-12,4.0400994029353243e-11,-0.0007797962033046558,-0.06573003284376668,stella_out_nc_complex_phi,fixtures/stella_w7x_mode_structure_run/stella_w7x_adiabatic_electrons.out.nc
0.09999999999999999,149,0.08203125,8.828654088215819e-12,4.610156587763317e-11,-0.0007797962033046558,-0.06573003284376668,stella_out_nc_complex_phi,fixtures/stella_w7x_mode_structure_run/stella_w7x_adiabatic_electrons.out.nc
0.09999999999999999,150,0.0859375,1.0091121734959041e-11,4.860328390330512e-11,-0.0007797962033046558,-0.06573003284376668,stella_out_nc_complex_phi,fixtures/stella_w7x_mode_structure_run/stella_w7x_adiabatic_electrons.out.nc
0.09999999999999999,151,0.08984375,1.0001896733145239e-11,4.798811741930585e-11,-0.0007797962033046558,-0.06573003284376668,stella_out_nc_complex_phi,fixtures/stella_w7x_mode_structure_run/stella_w7x_adiabatic_electrons.out.nc
0.09999999999999999,152,0.09375,3.3239544360956783e-12,4.1722988003927556e-11,-0.0007797962033046558,-0.06573003284376668,stella_out_nc_complex_phi,fixtures/stella_w7x_mode_structure_run/stella_w7x_adiabatic_electrons.out.nc
0.09999999999999999,153,0.09765625,-1.15935475789481e-11,4.3059546852997334e-11,-0.0007797962033046558,-0.06573003284376668,stella_out_nc_complex_phi,fixtures/stella_w7x_mode_structure_run/stella_w7x_adiabatic_electrons.out.nc
0.09999999999999999,154,0.10156250000000001,-1.9148999309500693e-11,4.763729056598683e-11,-0.0007797962033046558,-0.06573003284376668,stella_out_nc_complex_phi,fixtures/stella_w7x_mode_structure_run/stella_w7x_adiabatic_electrons.out.nc
0.09999999999999999,155,0.10546875,-9.6445831936605e-12,4.375339103329089e-11,-0.0007797962033046558,-0.06573003284376668,stella_out_nc_complex_phi,fixtures/stella_w7x_mode_structure_run/stella_w7x_adiabatic_electrons.out.nc
0.09999999999999999,156,0.109375,2.8312140369162196e-12,4.455948794918907e-11,-0.0007797962033046558,-0.06573003284376668,stella_out_nc_complex_phi,fixtures/stella_w7x_mode_structure_run/stella_w7x_adiabatic_electrons.out.nc
0.09999999999999999,157,0.11328125000000001,8.188214228382208e-12,5.042320541738605e-11,-0.0007797962033046558,-0.06573003284376668,stella_out_nc_complex_phi,fixtures/stella_w7x_mode_structure_run/stella_w7x_adiabatic_electrons.out.nc
0.09999999999999999,158,0.1171875,1.0887420003428064e-11,5.1119984139165756e-11,-0.0007797962033046558,-0.06573003284376668,stella_out_nc_complex_phi,fixtures/stella_w7x_mode_structure_run/stella_w7x_adiabatic_electrons.out.nc
0.09999999999999999,159,0.12109375,9.500326296700086e-12,4.915239980247246e-11,-0.0007797962033046558,-0.06573003284376668,stella_out_nc_complex_phi,fixtures/stella_w7x_mode_structure_run/stella_w7x_adiabatic_electrons.out.nc
0.09999999999999999,160,0.125,4.244609429088292e-12,4.894381607643973e-11,-0.0007797962033046558,-0.06573003284376668,stella_out_nc_complex_phi,fixtures/stella_w7x_mode_structure_run/stella_w7x_adiabatic_electrons.out.nc
0.09999999999999999,161,0.12890625,6.470912817790653e-13,4.96350568887785e-11,-0.0007797962033046558,-0.06573003284376668,stella_out_nc_complex_phi,fixtures/stella_w7x_mode_structure_run/stella_w7x_adiabatic_electrons.out.nc
0.09999999999999999,162,0.1328125,6.82974735678289e-14,5.0126713472320926e-11,-0.0007797962033046558,-0.06573003284376668,stella_out_nc_complex_phi,fixtures/stella_w7x_mode_structure_run/stella_w7x_adiabatic_electrons.out.nc
0.09999999999999999,163,0.13671875,8.797096273154648e-13,5.3544923498843045e-11,-0.0007797962033046558,-0.06573003284376668,stella_out_nc_complex_phi,fixtures/stella_w7x_mode_structure_run/stella_w7x_adiabatic_electrons.out.nc
0.09999999999999999,164,0.140625,3.948602965577386e-12,5.622361044521594e-11,-0.0007797962033046558,-0.06573003284376668,stella_out_nc_complex_phi,fixtures/stella_w7x_mode_structure_run/stella_w7x_adiabatic_electrons.out.nc
0.09999999999999999,165,0.14453125,6.75813968996636e-12,5.803391798419768e-11,-0.0007797962033046558,-0.06573003284376668,stella_out_nc_complex_phi,fixtures/stella_w7x_mode_structure_run/stella_w7x_adiabatic_electrons.out.nc
0.09999999999999999,166,0.1484375,6.3498649654975186e-12,5.693773947301744e-11,-0.0007797962033046558,-0.06573003284376668,stella_out_nc_complex_phi,fixtures/stella_w7x_mode_structure_run/stella_w7x_adiabatic_electrons.out.nc
0.09999999999999999,167,0.15234375,2.0926694036290314e-12,5.345574676638674e-11,-0.0007797962033046558,-0.06573003284376668,stella_out_nc_complex_phi,fixtures/stella_w7x_mode_structure_run/stella_w7x_adiabatic_electrons.out.nc
0.09999999999999999,168,0.15625,-1.6519757631578321e-12,5.1565059504994126e-11,-0.0007797962033046558,-0.06573003284376668,stella_out_nc_complex_phi,fixtures/stella_w7x_mode_structure_run/stella_w7x_adiabatic_electrons.out.nc
0.09999999999999999,169,0.16015625,-6.400476183519712e-13,5.191686841031119e-11,-0.0007797962033046558,-0.06573003284376668,stella_out_nc_complex_phi,fixtures/stella_w7x_mode_structure_run/stella_w7x_adiabatic_electrons.out.nc
0.09999999999999999,170,0.1640625,3.1010183973433814e-12,5.463280075900309e-11,-0.0007797962033046558,-0.06573003284376668,stella_out_nc_complex_phi,fixtures/stella_w7x_mode_structure_run/stella_w7x_adiabatic_electrons.out.nc
0.09999999999999999,171,0.16796875,5.798448634027513e-12,5.699644483509014e-11,-0.0007797962033046558,-0.06573003284376668,stella_out_nc_complex_phi,fixtures/stella_w7x_mode_structure_run/stella_w7x_adiabatic_electrons.out.nc
0.09999999999999999,172,0.171875,6.028261956226702e-12,5.640519684177645e-11,-0.0007797962033046558,-0.06573003284376668,stella_out_nc_complex_phi,fixtures/stella_w7x_mode_structure_run/stella_w7x_adiabatic_electrons.out.nc
0.09999999999999999,173,0.17578125,3.65926102413409e-12,5.256495681396302e-11,-0.0007797962033046558,-0.06573003284376668,stella_out_nc_complex_phi,fixtures/stella_w7x_mode_structure_run/stella_w7x_adiabatic_electrons.out.nc
0.09999999999999999,174,0.1796875,-1.3580690447552195e-12,5.265299341604077e-11,-0.0007797962033046558,-0.06573003284376668,stella_out_nc_complex_phi,fixtures/stella_w7x_mode_structure_run/stella_w7x_adiabatic_electrons.out.nc
0.09999999999999999,175,0.18359375000000003,-4.617122167740539e-12,5.554077474103027e-11,-0.0007797962033046558,-0.06573003284376668,stella_out_nc_complex_phi,fixtures/stella_w7x_mode_structure_run/stella_w7x_adiabatic_electrons.out.nc
0.09999999999999999,176,0.1875,-1.4536734476741773e-12,5.3156613631608055e-11,-0.0007797962033046558,-0.06573003284376668,stella_out_nc_complex_phi,fixtures/stella_w7x_mode_structure_run/stella_w7x_adiabatic_electrons.out.nc
0.09999999999999999,177,0.19140625,2.4296766616847686e-12,5.1715865378743896e-11,-0.0007797962033046558,-0.06573003284376668,stella_out_nc_complex_phi,fixtures/stella_w7x_mode_structure_run/stella_w7x_adiabatic_electrons.out.nc
0.09999999999999999,178,0.1953125,2.941327861027461e-12,5.613129901989565e-11,-0.0007797962033046558,-0.06573003284376668,stella_out_nc_complex_phi,fixtures/stella_w7x_mode_structure_run/stella_w7x_adiabatic_electrons.out.nc
0.09999999999999999,179,0.19921875,3.2172495113048165e-12,5.6500844013562784e-11,-0.0007797962033046558,-0.06573003284376668,stella_out_nc_complex_phi,fixtures/stella_w7x_mode_structure_run/stella_w7x_adiabatic_electrons.out.nc
0.09999999999999999,180,0.20312500000000003,5.172217644478409e-12,5.391358732489078e-11,-0.0007797962033046558,-0.06573003284376668,stella_out_nc_complex_phi,fixtures/stella_w7x_mode_structure_run/stella_w7x_adiabatic_electrons.out.nc
0.09999999999999999,181,0.20703125,5.869364454036419e-12,5.154907862847919e-11,-0.0007797962033046558,-0.06573003284376668,stella_out_nc_complex_phi,fixtures/stella_w7x_mode_structure_run/stella_w7x_adiabatic_electrons.out.nc
0.09999999999999999,182,0.2109375,3.0834785526778895e-12,5.0261247747130175e-11,-0.0007797962033046558,-0.06573003284376668,stella_out_nc_complex_phi,fixtures/stella_w7x_mode_structure_run/stella_w7x_adiabatic_electrons.out.nc
0.09999999999999999,183,0.21484375000000003,1.3918176257041543e-12,4.993378457814409e-11,-0.0007797962033046558,-0.06573003284376668,stella_out_nc_complex_phi,fixtures/stella_w7x_mode_structure_run/stella_w7x_adiabatic_electrons.out.nc
0.09999999999999999,184,0.21875,4.172155302247474e-12,5.1565684314525255e-11,-0.0007797962033046558,-0.06573003284376668,stella_out_nc_complex_phi,fixtures/stella_w7x_mode_structure_run/stella_w7x_adiabatic_electrons.out.nc
0.09999999999999999,185,0.22265625,5.022452340137713e-12,5.3677166444801855e-11,-0.0007797962033046558,-0.06573003284376668,stella_out_nc_complex_phi,fixtures/stella_w7x_mode_structure_run/stella_w7x_adiabatic_electrons.out.nc
0.09999999999999999,186,0.22656250000000003,1.536545677101201e-12,5.4390687136261315e-11,-0.0007797962033046558,-0.06573003284376668,stella_out_nc_complex_phi,fixtures/stella_w7x_mode_structure_run/stella_w7x_adiabatic_electrons.out.nc
0.09999999999999999,187,0.23046875,1.6412355758261487e-12,5.4292134621738887e-11,-0.0007797962033046558,-0.06573003284376668,stella_out_nc_complex_phi,fixtures/stella_w7x_mode_structure_run/stella_w7x_adiabatic_electrons.out.nc
0.09999999999999999,188,0.234375,4.0511299529130905e-12,5.2427853197170475e-11,-0.0007797962033046558,-0.06573003284376668,stella_out_nc_complex_phi,fixtures/stella_w7x_mode_structure_run/stella_w7x_adiabatic_electrons.out.nc
0.09999999999999999,189,0.23828125,4.52118658253413e-12,5.092059273465746e-11,-0.0007797962033046558,-0.06573003284376668,stella_out_nc_complex_phi,fixtures/stella_w7x_mode_structure_run/stella_w7x_adiabatic_electrons.out.nc
0.09999999999999999,190,0.2421875,3.4350624118652943e-12,4.965370449145138e-11,-0.0007797962033046558,-0.06573003284376668,stella_out_nc_complex_phi,fixtures/stella_w7x_mode_structure_run/stella_w7x_adiabatic_electrons.out.nc
0.09999999999999999,191,0.24609375000000003,3.752594112570891e-12,5.044189488412034e-11,-0.0007797962033046558,-0.06573003284376668,stella_out_nc_complex_phi,fixtures/stella_w7x_mode_structure_run/stella_w7x_adiabatic_electrons.out.nc
0.09999999999999999,192,0.25,5.40583326396075e-12,5.308604544123399e-11,-0.0007797962033046558,-0.06573003284376668,stella_out_nc_complex_phi,fixtures/stella_w7x_mode_structure_run/stella_w7x_adiabatic_electrons.out.nc
0.09999999999999999,193,0.25390625,5.653777065532903e-12,5.3750637818334777e-11,-0.0007797962033046558,-0.06573003284376668,stella_out_nc_complex_phi,fixtures/stella_w7x_mode_structure_run/stella_w7x_adiabatic_electrons.out.nc
0.09999999999999999,194,0.2578125,4.606892357872715e-12,5.223517081829661e-11,-0.0007797962033046558,-0.06573003284376668,stella_out_nc_complex_phi,fixtures/stella_w7x_mode_structure_run/stella_w7x_adiabatic_electrons.out.nc
0.09999999999999999,195,0.26171875,5.326486764104793e-12,5.0773927427017646e-11,-0.0007797962033046558,-0.06573003284376668,stella_out_nc_complex_phi,fixtures/stella_w7x_mode_structure_run/stella_w7x_adiabatic_electrons.out.nc
0.09999999999999999,196,0.265625,6.90558426958709e-12,4.942530437168542e-11,-0.0007797962033046558,-0.06573003284376668,stella_out_nc_complex_phi,fixtures/stella_w7x_mode_structure_run/stella_w7x_adiabatic_electrons.out.nc
0.09999999999999999,197,0.26953125,7.79472967429464e-12,4.910659115507415e-11,-0.0007797962033046558,-0.06573003284376668,stella_out_nc_complex_phi,fixtures/stella_w7x_mode_structure_run/stella_w7x_adiabatic_electrons.out.nc
0.09999999999999999,198,0.2734375,7.87876671196509e-12,4.917213947925166e-11,-0.0007797962033046558,-0.06573003284376668,stella_out_nc_complex_phi,fixtures/stella_w7x_mode_structure_run/stella_w7x_adiabatic_electrons.out.nc
0.09999999999999999,199,0.27734375,8.647773236414744e-12,5.094523392747748e-11,-0.0007797962033046558,-0.06573003284376668,stella_out_nc_complex_phi,fixtures/stella_w7x_mode_structure_run/stella_w7x_adiabatic_electrons.out.nc
0.09999999999999999,200,0.28125,9.878936273021613e-12,5.26021034701227e-11,-0.0007797962033046558,-0.06573003284376668,stella_out_nc_complex_phi,fixtures/stella_w7x_mode_structure_run/stella_w7x_adiabatic_electrons.out.nc
0.09999999999999999,201,0.28515625,1.0796966352355937e-11,5.1924362462425774e-11,-0.0007797962033046558,-0.06573003284376668,stella_out_nc_complex_phi,fixtures/stella_w7x_mode_structure_run/stella_w7x_adiabatic_electrons.out.nc
0.09999999999999999,202,0.2890625,1.2357469212135918e-11,5.0182477610041575e-11,-0.0007797962033046558,-0.06573003284376668,stella_out_nc_complex_phi,fixtures/stella_w7x_mode_structure_run/stella_w7x_adiabatic_electrons.out.nc
0.09999999999999999,203,0.29296875,1.4763884220440188e-11,4.822963711583746e-11,-0.0007797962033046558,-0.06573003284376668,stella_out_nc_complex_phi,fixtures/stella_w7x_mode_structure_run/stella_w7x_adiabatic_electrons.out.nc
0.09999999999999999,204,0.296875,1.5837522272368734e-11,4.6754892713475164e-11,-0.0007797962033046558,-0.06573003284376668,stella_out_nc_complex_phi,fixtures/stella_w7x_mode_structure_run/stella_w7x_adiabatic_electrons.out.nc
0.09999999999999999,205,0.30078125,1.5437048321211928e-11,4.656037775667501e-11,-0.0007797962033046558,-0.06573003284376668,stella_out_nc_complex_phi,fixtures/stella_w7x_mode_structure_run/stella_w7x_adiabatic_electrons.out.nc
0.09999999999999999,206,0.3046875,1.451111153969196e-11,4.501430112308993e-11,-0.0007797962033046558,-0.06573003284376668,stella_out_nc_complex_phi,fixtures/stella_w7x_mode_structure_run/stella_w7x_adiabatic_electrons.out.nc
0.09999999999999999,207,0.30859375,1.4119723842605142e-11,4.349843508721083e-11,-0.0007797962033046558,-0.06573003284376668,stella_out_nc_complex_phi,fixtures/stella_w7x_mode_structure_run/stella_w7x_adiabatic_electrons.out.nc
0.09999999999999999,208,0.3125,1.4479464245936529e-11,4.148533846291347e-11,-0.0007797962033046558,-0.06573003284376668,stella_out_nc_complex_phi,fixtures/stella_w7x_mode_structure_run/stella_w7x_adiabatic_electrons.out.nc
0.09999999999999999,209,0.31640625,1.535873836300219e-11,3.978235957286529e-11,-0.0007797962033046558,-0.06573003284376668,stella_out_nc_complex_phi,fixtures/stella_w7x_mode_structure_run/stella_w7x_adiabatic_electrons.out.nc
0.09999999999999999,210,0.3203125,1.6266274104274963e-11,3.713752544705765e-11,-0.0007797962033046558,-0.06573003284376668,stella_out_nc_complex_phi,fixtures/stella_w7x_mode_structure_run/stella_w7x_adiabatic_electrons.out.nc
0.09999999999999999,211,0.32421875000000006,1.625240945855846e-11,3.487377560215998e-11,-0.0007797962033046558,-0.06573003284376668,stella_out_nc_complex_phi,fixtures/stella_w7x_mode_structure_run/stella_w7x_adiabatic_electrons.out.nc
0.09999999999999999,212,0.328125,1.4965953571146087e-11,3.337166706203442e-11,-0.0007797962033046558,-0.06573003284376668,stella_out_nc_complex_phi,fixtures/stella_w7x_mode_structure_run/stella_w7x_adiabatic_electrons.out.nc
0.09999999999999999,213,0.33203125,1.3359219783797458e-11,3.1023881687805925e-11,-0.0007797962033046558,-0.06573003284376668,stella_out_nc_complex_phi,fixtures/stella_w7x_mode_structure_run/stella_w7x_adiabatic_electrons.out.nc
0.09999999999999999,214,0.3359375,1.081592556883898e-11,2.8951853554222973e-11,-0.0007797962033046558,-0.06573003284376668,stella_out_nc_complex_phi,fixtures/stella_w7x_mode_structure_run/stella_w7x_adiabatic_electrons.out.nc
0.09999999999999999,215,0.33984375,8.633468892865092e-12,2.886931066111305e-11,-0.0007797962033046558,-0.06573003284376668,stella_out_nc_complex_phi,fixtures/stella_w7x_mode_structure_run/stella_w7x_adiabatic_electrons.out.nc
0.09999999999999999,216,0.34375,8.997206638305236e-12,2.8542476607829168e-11,-0.0007797962033046558,-0.06573003284376668,stella_out_nc_complex_phi,fixtures/stella_w7x_mode_structure_run/stella_w7x_adiabatic_electrons.out.nc
0.09999999999999999,217,0.34765625000000006,1.2662124067726768e-11,2.660950510468762e-11,-0.0007797962033046558,-0.06573003284376668,stella_out_nc_complex_phi,fixtures/stella_w7x_mode_structure_run/stella_w7x_adiabatic_electrons.out.nc
0.09999999999999999,218,0.3515625,1.5785740866415347e-11,2.19074510380658e-11,-0.0007797962033046558,-0.06573003284376668,stella_out_nc_complex_phi,fixtures/stella_w7x_mode_structure_run/stella_w7x_adiabatic_electrons.out.nc
0.09999999999999999,219,0.35546875,1.6304924406675532e-11,1.6132546112116658e-11,-0.0007797962033046558,-0.06573003284376668,stella_out_nc_complex_phi,fixtures/stella_w7x_mode_structure_run/stella_w7x_adiabatic_electrons.out.nc
0.09999999999999999,220,0.359375,1.5828812986632272e-11,1.6070412657961856e-11,-0.0007797962033046558,-0.06573003284376668,stella_out_nc_complex_phi,fixtures/stella_w7x_mode_structure_run/stella_w7x_adiabatic_electrons.out.nc
0.09999999999999999,221,0.36328125,1.473192503846567e-11,1.969893082212838e-11,-0.0007797962033046558,-0.06573003284376668,stella_out_nc_complex_phi,fixtures/stella_w7x_mode_structure_run/stella_w7x_adiabatic_electrons.out.nc
0.09999999999999999,222,0.36718750000000006,1.2151482026089489e-11,1.7760248998353985e-11,-0.0007797962033046558,-0.06573003284376668,stella_out_nc_complex_phi,fixtures/stella_w7x_mode_structure_run/stella_w7x_adiabatic_electrons.out.nc
0.09999999999999999,223,0.37109375,1.1333075324166073e-11,1.2462195279977952e-11,-0.0007797962033046558,-0.06573003284376668,stella_out_nc_complex_phi,fixtures/stella_w7x_mode_structure_run/stella_w7x_adiabatic_electrons.out.nc
0.09999999999999999,224,0.375,1.2600435511430773e-11,1.1516557573884714e-11,-0.0007797962033046558,-0.06573003284376668,stella_out_nc_complex_phi,fixtures/stella_w7x_mode_structure_run/stella_w7x_adiabatic_electrons.out.nc
0.09999999999999999,225,0.37890625,1.4289751552007023e-11,1.2138433651926058e-11,-0.0007797962033046558,-0.06573003284376668,stella_out_nc_complex_phi,fixtures/stella_w7x_mode_structure_run/stella_w7x_adiabatic_electrons.out.nc
0.09999999999999999,226,0.3828125,1.5551371738367342e-11,1.2552936328758281e-11,-0.0007797962033046558,-0.06573003284376668,stella_out_nc_complex_phi,fixtures/stella_w7x_mode_structure_run/stella_w7x_adiabatic_electrons.out.nc
0.09999999999999999,227,0.38671875000000006,1.6202611494866144e-11,1.3064389318886367e-11,-0.0007797962033046558,-0.06573003284376668,stella_out_nc_complex_phi,fixtures/stella_w7x_mode_structure_run/stella_w7x_adiabatic_electrons.out.nc
0.09999999999999999,228,0.390625,1.6361448364769604e-11,1.231801492726803e-11,-0.0007797962033046558,-0.06573003284376668,stella_out_nc_complex_phi,fixtures/stella_w7x_mode_structure_run/stella_w7x_adiabatic_electrons.out.nc
0.09999999999999999,229,0.39453125,1.6406081117047938e-11,9.441034482051642e-12,-0.0007797962033046558,-0.06573003284376668,stella_out_nc_complex_phi,fixtures/stella_w7x_mode_structure_run/stella_w7x_adiabatic_electrons.out.nc
0.09999999999999999,230,0.3984375,1.593927691155283e-11,3.697652691789801e-12,-0.0007797962033046558,-0.06573003284376668,stella_out_nc_complex_phi,fixtures/stella_w7x_mode_structure_run/stella_w7x_adiabatic_electrons.out.nc
0.09999999999999999,231,0.40234375,1.495565384379354e-11,-1.425901251265179e-12,-0.0007797962033046558,-0.06573003284376668,stella_out_nc_complex_phi,fixtures/stella_w7x_mode_structure_run/stella_w7x_adiabatic_electrons.out.nc
0.09999999999999999,232,0.40625000000000006,1.5532535250059723e-11,-1.5599231131174716e-12,-0.0007797962033046558,-0.06573003284376668,stella_out_nc_complex_phi,fixtures/stella_w7x_mode_structure_run/stella_w7x_adiabatic_electrons.out.nc
0.09999999999999999,233,0.41015625000000006,1.7418580556780476e-11,1.7911107952700571e-12,-0.0007797962033046558,-0.06573003284376668,stella_out_nc_complex_phi,fixtures/stella_w7x_mode_structure_run/stella_w7x_adiabatic_electrons.out.nc
0.09999999999999999,234,0.4140625,2.0243851922110547e-11,3.468629019399659e-12,-0.0007797962033046558,-0.06573003284376668,stella_out_nc_complex_phi,fixtures/stella_w7x_mode_structure_run/stella_w7x_adiabatic_electrons.out.nc
0.09999999999999999,235,0.41796875,2.1435815421793124e-11,3.41042367252817e-12,-0.0007797962033046558,-0.06573003284376668,stella_out_nc_complex_phi,fixtures/stella_w7x_mode_structure_run/stella_w7x_adiabatic_electrons.out.nc
0.09999999999999999,236,0.421875,2.0782943598951437e-11,2.5583076432458127e-12,-0.0007797962033046558,-0.06573003284376668,stella_out_nc_complex_phi,fixtures/stella_w7x_mode_structure_run/stella_w7x_adiabatic_electrons.out.nc
0.09999999999999999,237,0.42578125,2.071857782014914e-11,-1.4508498525140005e-12,-0.0007797962033046558,-0.06573003284376668,stella_out_nc_complex_phi,fixtures/stella_w7x_mode_structure_run/stella_w7x_adiabatic_electrons.out.nc
0.09999999999999999,238,0.42968750000000006,2.092028032514761e-11,-7.928941444829014e-12,-0.0007797962033046558,-0.06573003284376668,stella_out_nc_complex_phi,fixtures/stella_w7x_mode_structure_run/stella_w7x_adiabatic_electrons.out.nc
0.09999999999999999,239,0.43359375,1.8980911560235342e-11,-1.2373222006489707e-11,-0.0007797962033046558,-0.06573003284376668,stella_out_nc_complex_phi,fixtures/stella_w7x_mode_structure_run/stella_w7x_adiabatic_electrons.out.nc
0.09999999999999999,240,0.4375,1.7304237805586165e-11,-1.2755027367503266e-11,-0.0007797962033046558,-0.06573003284376668,stella_out_nc_complex_phi,fixtures/stella_w7x_mode_structure_run/stella_w7x_adiabatic_electrons.out.nc
0.09999999999999999,241,0.44140625,1.7155134100670706e-11,-1.0946688361888952e-11,-0.0007797962033046558,-0.06573003284376668,stella_out_nc_complex_phi,fixtures/stella_w7x_mode_structure_run/stella_w7x_adiabatic_electrons.out.nc
0.09999999999999999,242,0.4453125,1.759537068857203e-11,-9.225722409810886e-12,-0.0007797962033046558,-0.06573003284376668,stella_out_nc_complex_phi,fixtures/stella_w7x_mode_structure_run/stella_w7x_adiabatic_electrons.out.nc
0.09999999999999999,243,0.44921875000000006,1.8406550664644546e-11,-9.160016403884933e-12,-0.0007797962033046558,-0.06573003284376668,stella_out_nc_complex_phi,fixtures/stella_w7x_mode_structure_run/stella_w7x_adiabatic_electrons.out.nc
0.09999999999999999,244,0.45312500000000006,1.959086766099781e-11,-1.1590404556551981e-11,-0.0007797962033046558,-0.06573003284376668,stella_out_nc_complex_phi,fixtures/stella_w7x_mode_structure_run/stella_w7x_adiabatic_electrons.out.nc
0.09999999999999999,245,0.45703125,1.9389382229889017e-11,-1.5915482028966984e-11,-0.0007797962033046558,-0.06573003284376668,stella_out_nc_complex_phi,fixtures/stella_w7x_mode_structure_run/stella_w7x_adiabatic_electrons.out.nc
0.09999999999999999,246,0.4609375,1.7763253248390608e-11,-1.9831237760223012e-11,-0.0007797962033046558,-0.06573003284376668,stella_out_nc_complex_phi,fixtures/stella_w7x_mode_structure_run/stella_w7x_adiabatic_electrons.out.nc
0.09999999999999999,247,0.46484375,1.5645669226596173e-11,-2.057021358639815e-11,-0.0007797962033046558,-0.06573003284376668,stella_out_nc_complex_phi,fixtures/stella_w7x_mode_structure_run/stella_w7x_adiabatic_electrons.out.nc
0.09999999999999999,248,0.46875,1.4797021098079018e-11,-1.8690944529611587e-11,-0.0007797962033046558,-0.06573003284376668,stella_out_nc_complex_phi,fixtures/stella_w7x_mode_structure_run/stella_w7x_adiabatic_electrons.out.nc
0.09999999999999999,249,0.47265625000000006,1.4801727449059913e-11,-1.751038056726307e-11,-0.0007797962033046558,-0.06573003284376668,stella_out_nc_complex_phi,fixtures/stella_w7x_mode_structure_run/stella_w7x_adiabatic_electrons.out.nc
0.09999999999999999,250,0.4765625,1.281370961204916e-11,-1.8150678092502196e-11,-0.0007797962033046558,-0.06573003284376668,stella_out_nc_complex_phi,fixtures/stella_w7x_mode_structure_run/stella_w7x_adiabatic_electrons.out.nc
0.09999999999999999,251,0.48046875,1.0129004267174523e-11,-1.944636281214022e-11,-0.0007797962033046558,-0.06573003284376668,stella_out_nc_complex_phi,fixtures/stella_w7x_mode_structure_run/stella_w7x_adiabatic_electrons.out.nc
0.09999999999999999,252,0.484375,8.866742968508697e-12,-1.955576944001133e-11,-0.0007797962033046558,-0.06573003284376668,stella_out_nc_complex_phi,fixtures/stella_w7x_mode_structure_run/stella_w7x_adiabatic_electrons.out.nc
0.09999999999999999,253,0.48828125,8.123987172622428e-12,-1.84262343073038e-11,-0.0007797962033046558,-0.06573003284376668,stella_out_nc_complex_phi,fixtures/stella_w7x_mode_structure_run/stella_w7x_adiabatic_electrons.out.nc
0.09999999999999999,254,0.49218750000000006,6.997380032690705e-12,-1.7193693794369793e-11,-0.0007797962033046558,-0.06573003284376668,stella_out_nc_complex_phi,fixtures/stella_w7x_mode_structure_run/stella_w7x_adiabatic_electrons.out.nc
0.09999999999999999,255,0.49609375,6.313043748763702e-12,-1.7044476389047653e-11,-0.0007797962033046558,-0.06573003284376668,stella_out_nc_complex_phi,fixtures/stella_w7x_mode_structure_run/stella_w7x_adiabatic_electrons.out.nc
0.09999999999999999,256,0.5,5.1701451895613415e-12,-1.8219132181700997e-11,-0.0007797962033046558,-0.06573003284376668,stella_out_nc_complex_phi,fixtures/stella_w7x_mode_structure_run/stella_w7x_adiabatic_electrons.out.nc
0.19999999999999998,0,-0.5,9.795462301194873e-12,-1.1207082840638258e-11,-0.004876056537197182,-0.11818459283860903,stella_out_nc_complex_phi,fixtures/stella_w7x_mode_structure_run/stella_w7x_adiabatic_electrons.out.nc
0.19999999999999998,1,-0.49609375,9.066597383780296e-12,-1.037546343116281e-11,-0.004876056537197182,-0.11818459283860903,stella_out_nc_complex_phi,fixtures/stella_w7x_mode_structure_run/stella_w7x_adiabatic_electrons.out.nc
0.19999999999999998,2,-0.49218750000000006,7.831730551820377e-12,-1.1518788697335064e-11,-0.004876056537197182,-0.11818459283860903,stella_out_nc_complex_phi,fixtures/stella_w7x_mode_structure_run/stella_w7x_adiabatic_electrons.out.nc
0.19999999999999998,3,-0.48828125,7.062332016011939e-12,-1.3708182244742438e-11,-0.004876056537197182,-0.11818459283860903,stella_out_nc_complex_phi,fixtures/stella_w7x_mode_structure_run/stella_w7x_adiabatic_electrons.out.nc
0.19999999999999998,4,-0.484375,7.143925991970283e-12,-1.595780306976075e-11,-0.004876056537197182,-0.11818459283860903,stella_out_nc_complex_phi,fixtures/stella_w7x_mode_structure_run/stella_w7x_adiabatic_electrons.out.nc
0.19999999999999998,5,-0.48046875,8.633087551058908e-12,-1.7023297062746086e-11,-0.004876056537197182,-0.11818459283860903,stella_out_nc_complex_phi,fixtures/stella_w7x_mode_structure_run/stella_w7x_adiabatic_electrons.out.nc
0.19999999999999998,6,-0.4765625,1.195400898113906e-11,-1.3959276280861815e-11,-0.004876056537197182,-0.11818459283860903,stella_out_nc_complex_phi,fixtures/stella_w7x_mode_structure_run/stella_w7x_adiabatic_electrons.out.nc
0.19999999999999998,7,-0.47265625000000006,1.4012825949706002e-11,-1.145941246013871e-11,-0.004876056537197182,-0.11818459283860903,stella_out_nc_complex_phi,fixtures/stella_w7x_mode_structure_run/stella_w7x_adiabatic_electrons.out.nc
0.19999999999999998,8,-0.46875,1.4598279095431005e-11,-1.4096119958295589e-11,-0.004876056537197182,-0.11818459283860903,stella_out_nc_complex_phi,fixtures/stella_w7x_mode_structure_run/stella_w7x_adiabatic_electrons.out.nc
0.19999999999999998,9,-0.46484375,1.5423361552707253e-11,-1.6721092285682617e-11,-0.004876056537197182,-0.11818459283860903,stella_out_nc_complex_phi,fixtures/stella_w7x_mode_structure_run/stella_w7x_adiabatic_electrons.out.nc
0.19999999999999998,10,-0.4609375,1.4973131009366566e-11,-1.4815231691585125e-11,-0.004876056537197182,-0.11818459283860903,stella_out_nc_complex_phi,fixtures/stella_w7x_mode_structure_run/stella_w7x_adiabatic_electrons.out.nc
0.19999999999999998,11,-0.45703125,1.1902061465273604e-11,-1.0664216450537063e-11,-0.004876056537197182,-0.11818459283860903,stella_out_nc_complex_phi,fixtures/stella_w7x_mode_structure_run/stella_w7x_adiabatic_electrons.out.nc
0.19999999999999998,12,-0.45312500000000006,7.601147839530149e-12,-7.774231461767723e-12,-0.004876056537197182,-0.11818459283860903,stella_out_nc_complex_phi,fixtures/stella_w7x_mode_structure_run/stella_w7x_adiabatic_electrons.out.nc
0.19999999999999998,13,-0.44921875000000006,4.3019196973184175e-12,-7.633358602842923e-12,-0.004876056537197182,-0.11818459283860903,stella_out_nc_complex_phi,fixtures/stella_w7x_mode_structure_run/stella_w7x_adiabatic_electrons.out.nc
0.19999999999999998,14,-0.4453125,3.949405692084357e-12,-8.50820388313222e-12,-0.004876056537197182,-0.11818459283860903,stella_out_nc_complex_phi,fixtures/stella_w7x_mode_structure_run/stella_w7x_adiabatic_electrons.out.nc
0.19999999999999998,15,-0.44140625,5.543153854181103e-12,-9.22995684478206e-12,-0.004876056537197182,-0.11818459283860903,stella_out_nc_complex_phi,fixtures/stella_w7x_mode_structure_run/stella_w7x_adiabatic_electrons.out.nc
0.19999999999999998,16,-0.4375,6.463026435182008e-12,-1.0038757360509693e-11,-0.004876056537197182,-0.11818459283860903,stella_out_nc_complex_phi,fixtures/stella_w7x_mode_structure_run/stella_w7x_adiabatic_electrons.out.nc
0.19999999999999998,17,-0.43359375,5.898127989705013e-12,-8.739446940842627e-12,-0.004876056537197182,-0.11818459283860903,stella_out_nc_complex_phi,fixtures/stella_w7x_mode_structure_run/stella_w7x_adiabatic_electrons.out.nc
0.19999999999999998,18,-0.42968750000000006,3.2148136656562027e-12,-5.274109590915043e-12,-0.004876056537197182,-0.11818459283860903,stella_out_nc_complex_phi,fixtures/stella_w7x_mode_structure_run/stella_w7x_adiabatic_electrons.out.nc
0.19999999999999998,19,-0.42578125,-1.529826083121533e-12,-2.63888299850737e-12,-0.004876056537197182,-0.11818459283860903,stella_out_nc_complex_phi,fixtures/stella_w7x_mode_structure_run/stella_w7x_adiabatic_electrons.out.nc
0.19999999999999998,20,-0.421875,-3.0977782359509217e-12,-4.5025710089214436e-13,-0.004876056537197182,-0.11818459283860903,stella_out_nc_complex_phi,fixtures/stella_w7x_mode_structure_run/stella_w7x_adiabatic_electrons.out.nc
0.19999999999999998,21,-0.41796875,-1.159433585835397e-12,6.755747003538368e-13,-0.004876056537197182,-0.11818459283860903,stella_out_nc_complex_phi,fixtures/stella_w7x_mode_structure_run/stella_w7x_adiabatic_electrons.out.nc
0.19999999999999998,22,-0.4140625,-1.649356620008405e-12,-8.704723974120815e-13,-0.004876056537197182,-0.11818459283860903,stella_out_nc_complex_phi,fixtures/stella_w7x_mode_structure_run/stella_w7x_adiabatic_electrons.out.nc
0.19999999999999998,23,-0.41015625000000006,-3.1560174330540995e-12,-3.556803925127373e-12,-0.004876056537197182,-0.11818459283860903,stella_out_nc_complex_phi,fixtures/stella_w7x_mode_structure_run/stella_w7x_adiabatic_electrons.out.nc
0.19999999999999998,24,-0.40625000000000006,-4.487987654848374e-12,-3.997584580902944e-12,-0.004876056537197182,-0.11818459283860903,stella_out_nc_complex_phi,fixtures/stella_w7x_mode_structure_run/stella_w7x_adiabatic_electrons.out.nc
0.19999999999999998,25,-0.40234375,-8.615018046803504e-12,-3.0287985731757503e-12,-0.004876056537197182,-0.11818459283860903,stella_out_nc_complex_phi,fixtures/stella_w7x_mode_structure_run/stella_w7x_adiabatic_electrons.out.nc
0.19999999999999998,26,-0.3984375,-1.153411938817954e-11,3.947720978501135e-13,-0.004876056537197182,-0.11818459283860903,stella_out_nc_complex_phi,fixtures/stella_w7x_mode_structure_run/stella_w7x_adiabatic_electrons.out.nc
0.19999999999999998,27,-0.39453125,-1.2933497367767017e-11,1.9420975987366563e-12,-0.004876056537197182,-0.11818459283860903,stella_out_nc_complex_phi,fixtures/stella_w7x_mode_structure_run/stella_w7x_adiabatic_electrons.out.nc
0.19999999999999998,28,-0.390625,-1.1817929824201057e-11,1.7187741199136992e-12,-0.004876056537197182,-0.11818459283860903,stella_out_nc_complex_phi,fixtures/stella_w7x_mode_structure_run/stella_w7x_adiabatic_electrons.out.nc
0.19999999999999998,29,-0.38671875000000006,-1.0562383681335894e-11,1.241516004392066e-12,-0.004876056537197182,-0.11818459283860903,stella_out_nc_complex_phi,fixtures/stella_w7x_mode_structure_run/stella_w7x_adiabatic_electrons.out.nc
0.19999999999999998,30,-0.3828125,-1.0153033540404327e-11,3.831013273133156e-13,-0.004876056537197182,-0.11818459283860903,stella_out_nc_complex_phi,fixtures/stella_w7x_mode_structure_run/stella_w7x_adiabatic_electrons.out.nc
0.19999999999999998,31,-0.37890625,-1.1866237703177457e-11,5.17130576211302e-13,-0.004876056537197182,-0.11818459283860903,stella_out_nc_complex_phi,fixtures/stella_w7x_mode_structure_run/stella_w7x_adiabatic_electrons.out.nc
0.19999999999999998,32,-0.375,-1.5220000203183544e-11,1.744172265625758e-12,-0.004876056537197182,-0.11818459283860903,stella_out_nc_complex_phi,fixtures/stella_w7x_mode_structure_run/stella_w7x_adiabatic_electrons.out.nc
0.19999999999999998,33,-0.37109375,-1.9546133970655933e-11,2.267486838878217e-12,-0.004876056537197182,-0.11818459283860903,stella_out_nc_complex_phi,fixtures/stella_w7x_mode_structure_run/stella_w7x_adiabatic_electrons.out.nc
0.19999999999999998,34,-0.36718750000000006,-2.371629757833568e-11,5.360119951358903e-12,-0.004876056537197182,-0.11818459283860903,stella_out_nc_complex_phi,fixtures/stella_w7x_mode_structure_run/stella_w7x_adiabatic_electrons.out.nc
0.19999999999999998,35,-0.36328125,-2.2829150366785594e-11,4.855063181503195e-12,-0.004876056537197182,-0.11818459283860903,stella_out_nc_complex_phi,fixtures/stella_w7x_mode_structure_run/stella_w7x_adiabatic_electrons.out.nc
0.19999999999999998,36,-0.359375,-2.027129505335093e-11,-1.5870692923461673e-12,-0.004876056537197182,-0.11818459283860903,stella_out_nc_complex_phi,fixtures/stella_w7x_mode_structure_run/stella_w7x_adiabatic_electrons.out.nc
0.19999999999999998,37,-0.35546875,-1.9029978286143815e-11,-2.8400564424035253e-12,-0.004876056537197182,-0.11818459283860903,stella_out_nc_complex_phi,fixtures/stella_w7x_mode_structure_run/stella_w7x_adiabatic_electrons.out.nc
0.19999999999999998,38,-0.3515625,-2.157902934016749e-11,2.7603516518347235e-12,-0.004876056537197182,-0.11818459283860903,stella_out_nc_complex_phi,fixtures/stella_w7x_mode_structure_run/stella_w7x_adiabatic_electrons.out.nc
0.19999999999999998,39,-0.34765625000000006,-2.691473632945053e-11,5.74896685941545e-12,-0.004876056537197182,-0.11818459283860903,stella_out_nc_complex_phi,fixtures/stella_w7x_mode_structure_run/stella_w7x_adiabatic_electrons.out.nc
0.19999999999999998,40,-0.34375,-3.0064367633815846e-11,5.320383210683799e-12,-0.004876056537197182,-0.11818459283860903,stella_out_nc_complex_phi,fixtures/stella_w7x_mode_structure_run/stella_w7x_adiabatic_electrons.out.nc
0.19999999999999998,41,-0.33984375,-3.109187023041851e-11,3.3708458876081332e-12,-0.004876056537197182,-0.11818459283860903,stella_out_nc_complex_phi,fixtures/stella_w7x_mode_structure_run/stella_w7x_adiabatic_electrons.out.nc
0.19999999999999998,42,-0.3359375,-3.011923792908359e-11,4.672631434246269e-13,-0.004876056537197182,-0.11818459283860903,stella_out_nc_complex_phi,fixtures/stella_w7x_mode_structure_run/stella_w7x_adiabatic_electrons.out.nc
0.19999999999999998,43,-0.33203125,-3.072843645631886e-11,1.8579388880752543e-12,-0.004876056537197182,-0.11818459283860903,stella_out_nc_complex_phi,fixtures/stella_w7x_mode_structure_run/stella_w7x_adiabatic_electrons.out.nc
0.19999999999999998,44,-0.328125,-3.349435178606944e-11,6.036939801078023e-12,-0.004876056537197182,-0.11818459283860903,stella_out_nc_complex_phi,fixtures/stella_w7x_mode_structure_run/stella_w7x_adiabatic_electrons.out.nc
0.19999999999999998,45,-0.32421875000000006,-3.544567933623931e-11,7.958062899081038e-12,-0.004876056537197182,-0.11818459283860903,stella_out_nc_complex_phi,fixtures/stella_w7x_mode_structure_run/stella_w7x_adiabatic_electrons.out.nc
0.19999999999999998,46,-0.3203125,-3.6540459341087277e-11,7.864503985964477e-12,-0.004876056537197182,-0.11818459283860903,stella_out_nc_complex_phi,fixtures/stella_w7x_mode_structure_run/stella_w7x_adiabatic_electrons.out.nc
0.19999999999999998,47,-0.31640625,-3.680463421493712e-11,6.62953103250114e-12,-0.004876056537197182,-0.11818459283860903,stella_out_nc_complex_phi,fixtures/stella_w7x_mode_structure_run/stella_w7x_adiabatic_electrons.out.nc
0.19999999999999998,48,-0.3125,-3.628601930655435e-11,5.182767564655901e-12,-0.004876056537197182,-0.11818459283860903,stella_out_nc_complex_phi,fixtures/stella_w7x_mode_structure_run/stella_w7x_adiabatic_electrons.out.nc
0.19999999999999998,49,-0.30859375,-3.6834373140307294e-11,5.132792990698278e-12,-0.004876056537197182,-0.11818459283860903,stella_out_nc_complex_phi,fixtures/stella_w7x_mode_structure_run/stella_w7x_adiabatic_electrons.out.nc
0.19999999999999998,50,-0.3046875,-3.7439685798213815e-11,6.256205748687345e-12,-0.004876056537197182,-0.11818459283860903,stella_out_nc_complex_phi,fixtures/stella_w7x_mode_structure_run/stella_w7x_adiabatic_electrons.out.nc
0.19999999999999998,51,-0.30078125,-3.8820389971894956e-11,6.148995642721826e-12,-0.004876056537197182,-0.11818459283860903,stella_out_nc_complex_phi,fixtures/stella_w7x_mode_structure_run/stella_w7x_adiabatic_electrons.out.nc
0.19999999999999998,52,-0.296875,-3.820788721197085e-11,2.9282797381590186e-12,-0.004876056537197182,-0.11818459283860903,stella_out_nc_complex_phi,fixtures/stella_w7x_mode_structure_run/stella_w7x_adiabatic_electrons.out.nc
0.19999999999999998,53,-0.29296875,-3.826424928417177e-11,-2.6867454306552822e-12,-0.004876056537197182,-0.11818459283860903,stella_out_nc_complex_phi,fixtures/stella_w7x_mode_structure_run/stella_w7x_adiabatic_electrons.out.nc
0.19999999999999998,54,-0.2890625,-3.855476405345201e-11,-7.982753745510322e-12,-0.004876056537197182,-0.11818459283860903,stella_out_nc_complex_phi,fixtures/stella_w7x_mode_structure_run/stella_w7x_adiabatic_electrons.out.nc
0.19999999999999998,55,-0.28515625,-3.4594399974689237e-11,-9.695623538316694e-12,-0.004876056537197182,-0.11818459283860903,stella_out_nc_complex_phi,fixtures/stella_w7x_mode_structure_run/stella_w7x_adiabatic_electrons.out.nc
0.19999999999999998,56,-0.28125,-2.8385880860462604e-11,-1.0404524076260243e-11,-0.004876056537197182,-0.11818459283860903,stella_out_nc_complex_phi,fixtures/stella_w7x_mode_structure_run/stella_w7x_adiabatic_electrons.out.nc
0.19999999999999998,57,-0.27734375,-2.4086620829725215e-11,-1.1815740239885576e-11,-0.004876056537197182,-0.11818459283860903,stella_out_nc_complex_phi,fixtures/stella_w7x_mode_structure_run/stella_w7x_adiabatic_electrons.out.nc
0.19999999999999998,58,-0.2734375,-2.1283109623983325e-11,-1.1250018234644454e-11,-0.004876056537197182,-0.11818459283860903,stella_out_nc_complex_phi,fixtures/stella_w7x_mode_structure_run/stella_w7x_adiabatic_electrons.out.nc
0.19999999999999998,59,-0.26953125,-2.0025835689492183e-11,-8.679103710323383e-12,-0.004876056537197182,-0.11818459283860903,stella_out_nc_complex_phi,fixtures/stella_w7x_mode_structure_run/stella_w7x_adiabatic_electrons.out.nc
0.19999999999999998,60,-0.265625,-2.095392061296772e-11,-6.9413152586090105e-12,-0.004876056537197182,-0.11818459283860903,stella_out_nc_complex_phi,fixtures/stella_w7x_mode_structure_run/stella_w7x_adiabatic_electrons.out.nc
0.19999999999999998,61,-0.26171875,-2.2193841632205406e-11,-6.736793995548246e-12,-0.004876056537197182,-0.11818459283860903,stella_out_nc_complex_phi,fixtures/stella_w7x_mode_structure_run/stella_w7x_adiabatic_electrons.out.nc
0.19999999999999998,62,-0.2578125,-2.0135072346866218e-11,-8.291584316457191e-12,-0.004876056537197182,-0.11818459283860903,stella_out_nc_complex_phi,fixtures/stella_w7x_mode_structure_run/stella_w7x_adiabatic_electrons.out.nc
0.19999999999999998,63,-0.25390625,-1.4280580556397444e-11,-9.278051448278878e-12,-0.004876056537197182,-0.11818459283860903,stella_out_nc_complex_phi,fixtures/stella_w7x_mode_structure_run/stella_w7x_adiabatic_electrons.out.nc
0.19999999999999998,64,-0.25,-9.603853824181888e-12,-1.0476606560167384e-11,-0.004876056537197182,-0.11818459283860903,stella_out_nc_complex_phi,fixtures/stella_w7x_mode_structure_run/stella_w7x_adiabatic_electrons.out.nc
0.19999999999999998,65,-0.24609375000000003,-8.299520819580256e-12,-1.253030541572302e-11,-0.004876056537197182,-0.11818459283860903,stella_out_nc_complex_phi,fixtures/stella_w7x_mode_structure_run/stella_w7x_adiabatic_electrons.out.nc
0.19999999999999998,66,-0.2421875,-7.56895323471911e-12,-1.2360507060654256e-11,-0.004876056537197182,-0.11818459283860903,stella_out_nc_complex_phi,fixtures/stella_w7x_mode_structure_run/stella_w7x_adiabatic_electrons.out.nc
0.19999999999999998,67,-0.23828125,-5.597208438810491e-12,-9.857034375356171e-12,-0.004876056537197182,-0.11818459283860903,stella_out_nc_complex_phi,fixtures/stella_w7x_mode_structure_run/stella_w7x_adiabatic_electrons.out.nc
0.19999999999999998,68,-0.234375,-2.7699621983387415e-12,-8.301651072132992e-12,-0.004876056537197182,-0.11818459283860903,stella_out_nc_complex_phi,fixtures/stella_w7x_mode_structure_run/stella_w7x_adiabatic_electrons.out.nc
0.19999999999999998,69,-0.23046875,-1.6887219144793644e-12,-9.491122543360907e-12,-0.004876056537197182,-0.11818459283860903,stella_out_nc_complex_phi,fixtures/stella_w7x_mode_structure_run/stella_w7x_adiabatic_electrons.out.nc
0.19999999999999998,70,-0.22656250000000003,1.742796692416785e-12,-1.1695169607076289e-11,-0.004876056537197182,-0.11818459283860903,stella_out_nc_complex_phi,fixtures/stella_w7x_mode_structure_run/stella_w7x_adiabatic_electrons.out.nc
0.19999999999999998,71,-0.22265625,8.042969241611906e-12,-1.2684632587222286e-11,-0.004876056537197182,-0.11818459283860903,stella_out_nc_complex_phi,fixtures/stella_w7x_mode_structure_run/stella_w7x_adiabatic_electrons.out.nc
0.19999999999999998,72,-0.21875,9.095986771377327e-12,-1.1530642233924248e-11,-0.004876056537197182,-0.11818459283860903,stella_out_nc_complex_phi,fixtures/stella_w7x_mode_structure_run/stella_w7x_adiabatic_electrons.out.nc
0.19999999999999998,73,-0.21484375000000003,7.765831706731347e-12,-1.1377974347199117e-11,-0.004876056537197182,-0.11818459283860903,stella_out_nc_complex_phi,fixtures/stella_w7x_mode_structure_run/stella_w7x_adiabatic_electrons.out.nc
0.19999999999999998,74,-0.2109375,9.730376220601168e-12,-1.3670158942651925e-11,-0.004876056537197182,-0.11818459283860903,stella_out_nc_complex_phi,fixtures/stella_w7x_mode_structure_run/stella_w7x_adiabatic_electrons.out.nc
0.19999999999999998,75,-0.20703125,1.5938721541042147e-11,-1.5032998176720586e-11,-0.004876056537197182,-0.11818459283860903,stella_out_nc_complex_phi,fixtures/stella_w7x_mode_structure_run/stella_w7x_adiabatic_electrons.out.nc
0.19999999999999998,76,-0.20312500000000003,2.2290133482389875e-11,-1.4254698389243058e-11,-0.004876056537197182,-0.11818459283860903,stella_out_nc_complex_phi,fixtures/stella_w7x_mode_structure_run/stella_w7x_adiabatic_electrons.out.nc
0.19999999999999998,77,-0.19921875,2.53482498996843e-11,-1.2517916220589314e-11,-0.004876056537197182,-0.11818459283860903,stella_out_nc_complex_phi,fixtures/stella_w7x_mode_structure_run/stella_w7x_adiabatic_electrons.out.nc
0.19999999999999998,78,-0.1953125,2.807643827822451e-11,-1.3142327897922333e-11,-0.004876056537197182,-0.11818459283860903,stella_out_nc_complex_phi,fixtures/stella_w7x_mode_structure_run/stella_w7x_adiabatic_electrons.out.nc
0.19999999999999998,79,-0.19140625,2.934096624700412e-11,-1.4821392999785382e-11,-0.004876056537197182,-0.11818459283860903,stella_out_nc_complex_phi,fixtures/stella_w7x_mode_structure_run/stella_w7x_adiabatic_electrons.out.nc
0.19999999999999998,80,-0.1875,2.8335830682074314e-11,-6.134798774585407e-12,-0.004876056537197182,-0.11818459283860903,stella_out_nc_complex_phi,fixtures/stella_w7x_mode_structure_run/stella_w7x_adiabatic_electrons.out.nc
0.19999999999999998,81,-0.18359375000000003,2.8897846837030646e-11,-3.055055573290512e-12,-0.004876056537197182,-0.11818459283860903,stella_out_nc_complex_phi,fixtures/stella_w7x_mode_structure_run/stella_w7x_adiabatic_electrons.out.nc
0.19999999999999998,82,-0.1796875,3.462735907627741e-11,-1.7879543579846496e-11,-0.004876056537197182,-0.11818459283860903,stella_out_nc_complex_phi,fixtures/stella_w7x_mode_structure_run/stella_w7x_adiabatic_electrons.out.nc
0.19999999999999998,83,-0.17578125,4.22541208645089e-11,-2.7813059181081226e-11,-0.004876056537197182,-0.11818459283860903,stella_out_nc_complex_phi,fixtures/stella_w7x_mode_structure_run/stella_w7x_adiabatic_electrons.out.nc
0.19999999999999998,84,-0.171875,4.6551096116245885e-11,-2.5918272760331104e-11,-0.004876056537197182,-0.11818459283860903,stella_out_nc_complex_phi,fixtures/stella_w7x_mode_structure_run/stella_w7x_adiabatic_electrons.out.nc
0.19999999999999998,85,-0.16796875,4.7777141172512536e-11,-2.3744446416039085e-11,-0.004876056537197182,-0.11818459283860903,stella_out_nc_complex_phi,fixtures/stella_w7x_mode_structure_run/stella_w7x_adiabatic_electrons.out.nc
0.19999999999999998,86,-0.1640625,4.8879551782229036e-11,-2.5206811994296652e-11,-0.004876056537197182,-0.11818459283860903,stella_out_nc_complex_phi,fixtures/stella_w7x_mode_structure_run/stella_w7x_adiabatic_electrons.out.nc
0.19999999999999998,87,-0.16015625,4.9202036993370013e-11,-2.9372868581818414e-11,-0.004876056537197182,-0.11818459283860903,stella_out_nc_complex_phi,fixtures/stella_w7x_mode_structure_run/stella_w7x_adiabatic_electrons.out.nc
0.19999999999999998,88,-0.15625,4.9906678247844056e-11,-3.10825157552713e-11,-0.004876056537197182,-0.11818459283860903,stella_out_nc_complex_phi,fixtures/stella_w7x_mode_structure_run/stella_w7x_adiabatic_electrons.out.nc
0.19999999999999998,89,-0.15234375,5.1722873896670176e-11,-3.009733106406335e-11,-0.004876056537197182,-0.11818459283860903,stella_out_nc_complex_phi,fixtures/stella_w7x_mode_structure_run/stella_w7x_adiabatic_electrons.out.nc
0.19999999999999998,90,-0.1484375,5.3911229595057974e-11,-2.9117544209495816e-11,-0.004876056537197182,-0.11818459283860903,stella_out_nc_complex_phi,fixtures/stella_w7x_mode_structure_run/stella_w7x_adiabatic_electrons.out.nc
0.19999999999999998,91,-0.14453125,5.522433895649019e-11,-2.880668171147957e-11,-0.004876056537197182,-0.11818459283860903,stella_out_nc_complex_phi,fixtures/stella_w7x_mode_structure_run/stella_w7x_adiabatic_electrons.out.nc
0.19999999999999998,92,-0.140625,5.4822914872783286e-11,-2.901977663703832e-11,-0.004876056537197182,-0.11818459283860903,stella_out_nc_complex_phi,fixtures/stella_w7x_mode_structure_run/stella_w7x_adiabatic_electrons.out.nc
0.19999999999999998,93,-0.13671875,5.372312083442137e-11,-2.948656874762613e-11,-0.004876056537197182,-0.11818459283860903,stella_out_nc_complex_phi,fixtures/stella_w7x_mode_structure_run/stella_w7x_adiabatic_electrons.out.nc
0.19999999999999998,94,-0.1328125,5.187720746285856e-11,-2.7601961880554582e-11,-0.004876056537197182,-0.11818459283860903,stella_out_nc_complex_phi,fixtures/stella_w7x_mode_structure_run/stella_w7x_adiabatic_electrons.out.nc
0.19999999999999998,95,-0.12890625,4.916339304921652e-11,-2.30780399090646e-11,-0.004876056537197182,-0.11818459283860903,stella_out_nc_complex_phi,fixtures/stella_w7x_mode_structure_run/stella_w7x_adiabatic_electrons.out.nc
0.19999999999999998,96,-0.125,4.7599630275473654e-11,-1.6843058622310998e-11,-0.004876056537197182,-0.11818459283860903,stella_out_nc_complex_phi,fixtures/stella_w7x_mode_structure_run/stella_w7x_adiabatic_electrons.out.nc
0.19999999999999998,97,-0.12109375,4.983054121021295e-11,-1.3587043259921396e-11,-0.004876056537197182,-0.11818459283860903,stella_out_nc_complex_phi,fixtures/stella_w7x_mode_structure_run/stella_w7x_adiabatic_electrons.out.nc
0.19999999999999998,98,-0.1171875,5.124885810496966e-11,-1.3490552997222513e-11,-0.004876056537197182,-0.11818459283860903,stella_out_nc_complex_phi,fixtures/stella_w7x_mode_structure_run/stella_w7x_adiabatic_electrons.out.nc
0.19999999999999998,99,-0.11328125000000001,5.27202471813181e-11,-1.4207139668094752e-11,-0.004876056537197182,-0.11818459283860903,stella_out_nc_complex_phi,fixtures/stella_w7x_mode_structure_run/stella_w7x_adiabatic_electrons.out.nc
0.19999999999999998,100,-0.109375,5.407512175060956e-11,-1.69616660626565e-11,-0.004876056537197182,-0.11818459283860903,stella_out_nc_complex_phi,fixtures/stella_w7x_mode_structure_run/stella_w7x_adiabatic_electrons.out.nc
0.19999999999999998,101,-0.10546875,4.164598841759581e-11,-1.3440811578156437e-11,-0.004876056537197182,-0.11818459283860903,stella_out_nc_complex_phi,fixtures/stella_w7x_mode_structure_run/stella_w7x_adiabatic_electrons.out.nc
0.19999999999999998,102,-0.10156250000000001,2.7348356499176748e-11,-6.7177877099151164e-12,-0.004876056537197182,-0.11818459283860903,stella_out_nc_complex_phi,fixtures/stella_w7x_mode_structure_run/stella_w7x_adiabatic_electrons.out.nc
0.19999999999999998,103,-0.09765625,3.375340251308003e-11,-1.1823517848038119e-11,-0.004876056537197182,-0.11818459283860903,stella_out_nc_complex_phi,fixtures/stella_w7x_mode_structure_run/stella_w7x_adiabatic_electrons.out.nc
0.19999999999999998,104,-0.09375,4.2953201353056e-11,-1.2211193957110882e-11,-0.004876056537197182,-0.11818459283860903,stella_out_nc_complex_phi,fixtures/stella_w7x_mode_structure_run/stella_w7x_adiabatic_electrons.out.nc
0.19999999999999998,105,-0.08984375,3.886082473563481e-11,-3.7595236860615945e-12,-0.004876056537197182,-0.11818459283860903,stella_out_nc_complex_phi,fixtures/stella_w7x_mode_structure_run/stella_w7x_adiabatic_electrons.out.nc
0.19999999999999998,106,-0.0859375,3.8056750560222933e-11,-4.465930684556863e-12,-0.004876056537197182,-0.11818459283860903,stella_out_nc_complex_phi,fixtures/stella_w7x_mode_structure_run/stella_w7x_adiabatic_electrons.out.nc
0.19999999999999998,107,-0.08203125,3.9172904696987245e-11,-6.4169571199706725e-12,-0.004876056537197182,-0.11818459283860903,stella_out_nc_complex_phi,fixtures/stella_w7x_mode_structure_run/stella_w7x_adiabatic_electrons.out.nc
0.19999999999999998,108,-0.078125,3.9163184668573105e-11,-5.94910596126731e-12,-0.004876056537197182,-0.11818459283860903,stella_out_nc_complex_phi,fixtures/stella_w7x_mode_structure_run/stella_w7x_adiabatic_electrons.out.nc
0.19999999999999998,109,-0.07421875,3.725980766925273e-11,-4.855123213693133e-12,-0.004876056537197182,-0.11818459283860903,stella_out_nc_complex_phi,fixtures/stella_w7x_mode_structure_run/stella_w7x_adiabatic_electrons.out.nc
0.19999999999999998,110,-0.0703125,3.580538922614188e-11,-5.551178556663296e-12,-0.004876056537197182,-0.11818459283860903,stella_out_nc_complex_phi,fixtures/stella_w7x_mode_structure_run/stella_w7x_adiabatic_electrons.out.nc
0.19999999999999998,111,-0.06640625,3.460671299598692e-11,-7.742720683153846e-12,-0.004876056537197182,-0.11818459283860903,stella_out_nc_complex_phi,fixtures/stella_w7x_mode_structure_run/stella_w7x_adiabatic_electrons.out.nc
0.19999999999999998,112,-0.0625,3.4887344199310926e-11,-1.0999613979786434e-11,-0.004876056537197182,-0.11818459283860903,stella_out_nc_complex_phi,fixtures/stella_w7x_mode_structure_run/stella_w7x_adiabatic_electrons.out.nc
0.19999999999999998,113,-0.05859375,3.568278009215933e-11,-9.54151543554942e-12,-0.004876056537197182,-0.11818459283860903,stella_out_nc_complex_phi,fixtures/stella_w7x_mode_structure_run/stella_w7x_adiabatic_electrons.out.nc
0.19999999999999998,114,-0.0546875,3.666113867251483e-11,-5.0359028892976695e-12,-0.004876056537197182,-0.11818459283860903,stella_out_nc_complex_phi,fixtures/stella_w7x_mode_structure_run/stella_w7x_adiabatic_electrons.out.nc
0.19999999999999998,115,-0.05078125000000001,4.485048179820306e-11,-9.254870318113923e-12,-0.004876056537197182,-0.11818459283860903,stella_out_nc_complex_phi,fixtures/stella_w7x_mode_structure_run/stella_w7x_adiabatic_electrons.out.nc
0.19999999999999998,116,-0.046875,4.051310279867532e-11,-1.2110262629942527e-11,-0.004876056537197182,-0.11818459283860903,stella_out_nc_complex_phi,fixtures/stella_w7x_mode_structure_run/stella_w7x_adiabatic_electrons.out.nc
0.19999999999999998,117,-0.04296875,2.302375399247291e-11,-1.866762764354311e-12,-0.004876056537197182,-0.11818459283860903,stella_out_nc_complex_phi,fixtures/stella_w7x_mode_structure_run/stella_w7x_adiabatic_electrons.out.nc
0.19999999999999998,118,-0.0390625,2.4975537378230096e-11,-4.99140430002774e-12,-0.004876056537197182,-0.11818459283860903,stella_out_nc_complex_phi,fixtures/stella_w7x_mode_structure_run/stella_w7x_adiabatic_electrons.out.nc
0.19999999999999998,119,-0.03515625,4.241834480861117e-11,-1.9237596649641566e-11,-0.004876056537197182,-0.11818459283860903,stella_out_nc_complex_phi,fixtures/stella_w7x_mode_structure_run/stella_w7x_adiabatic_electrons.out.nc
0.19999999999999998,120,-0.03125,4.7049893287215835e-11,-2.0517719754214942e-11,-0.004876056537197182,-0.11818459283860903,stella_out_nc_complex_phi,fixtures/stella_w7x_mode_structure_run/stella_w7x_adiabatic_electrons.out.nc
0.19999999999999998,121,-0.02734375,4.594068679455125e-11,-1.827482191262061e-11,-0.004876056537197182,-0.11818459283860903,stella_out_nc_complex_phi,fixtures/stella_w7x_mode_structure_run/stella_w7x_adiabatic_electrons.out.nc
0.19999999999999998,122,-0.0234375,4.4637925972069224e-11,-1.4110187757170619e-11,-0.004876056537197182,-0.11818459283860903,stella_out_nc_complex_phi,fixtures/stella_w7x_mode_structure_run/stella_w7x_adiabatic_electrons.out.nc
0.19999999999999998,123,-0.01953125,4.1646309775370906e-11,-1.164650118209795e-11,-0.004876056537197182,-0.11818459283860903,stella_out_nc_complex_phi,fixtures/stella_w7x_mode_structure_run/stella_w7x_adiabatic_electrons.out.nc
0.19999999999999998,124,-0.015625,4.170471724533951e-11,-1.4344323351643064e-11,-0.004876056537197182,-0.11818459283860903,stella_out_nc_complex_phi,fixtures/stella_w7x_mode_structure_run/stella_w7x_adiabatic_electrons.out.nc
0.19999999999999998,125,-0.01171875,4.111209999673723e-11,-1.6826860407207366e-11,-0.004876056537197182,-0.11818459283860903,stella_out_nc_complex_phi,fixtures/stella_w7x_mode_structure_run/stella_w7x_adiabatic_electrons.out.nc
0.19999999999999998,126,-0.0078125,3.9975939711922464e-11,-1.7531382923332807e-11,-0.004876056537197182,-0.11818459283860903,stella_out_nc_complex_phi,fixtures/stella_w7x_mode_structure_run/stella_w7x_adiabatic_electrons.out.nc
0.19999999999999998,127,-0.00390625,4.060375064622245e-11,-1.8208536651320117e-11,-0.004876056537197182,-0.11818459283860903,stella_out_nc_complex_phi,fixtures/stella_w7x_mode_structure_run/stella_w7x_adiabatic_electrons.out.nc
0.19999999999999998,128,0.0,4.211097941280463e-11,-1.893919915268721e-11,-0.004876056537197182,-0.11818459283860903,stella_out_nc_complex_phi,fixtures/stella_w7x_mode_structure_run/stella_w7x_adiabatic_electrons.out.nc
0.19999999999999998,129,0.00390625,4.06037506462222e-11,-1.820853665132009e-11,-0.004876056537197182,-0.11818459283860903,stella_out_nc_complex_phi,fixtures/stella_w7x_mode_structure_run/stella_w7x_adiabatic_electrons.out.nc
0.19999999999999998,130,0.0078125,3.997593971192323e-11,-1.753138292333278e-11,-0.004876056537197182,-0.11818459283860903,stella_out_nc_complex_phi,fixtures/stella_w7x_mode_structure_run/stella_w7x_adiabatic_electrons.out.nc
0.19999999999999998,131,0.01171875,4.1112099996738535e-11,-1.682686040720676e-11,-0.004876056537197182,-0.11818459283860903,stella_out_nc_complex_phi,fixtures/stella_w7x_mode_structure_run/stella_w7x_adiabatic_electrons.out.nc
0.19999999999999998,132,0.015625,4.170471724534017e-11,-1.4344323351642104e-11,-0.004876056537197182,-0.11818459283860903,stella_out_nc_complex_phi,fixtures/stella_w7x_mode_structure_run/stella_w7x_adiabatic_electrons.out.nc
0.19999999999999998,133,0.01953125,4.164630977537133e-11,-1.1646501182097701e-11,-0.004876056537197182,-0.11818459283860903,stella_out_nc_complex_phi,fixtures/stella_w7x_mode_structure_run/stella_w7x_adiabatic_electrons.out.nc
0.19999999999999998,134,0.0234375,4.4637925972069147e-11,-1.4110187757171672e-11,-0.004876056537197182,-0.11818459283860903,stella_out_nc_complex_phi,fixtures/stella_w7x_mode_structure_run/stella_w7x_adiabatic_electrons.out.nc
0.19999999999999998,135,0.02734375,4.594068679455177e-11,-1.8274821912621597e-11,-0.004876056537197182,-0.11818459283860903,stella_out_nc_complex_phi,fixtures/stella_w7x_mode_structure_run/stella_w7x_adiabatic_electrons.out.nc
0.19999999999999998,136,0.03125,4.7049893287215667e-11,-2.051771975421476e-11,-0.004876056537197182,-0.11818459283860903,stella_out_nc_complex_phi,fixtures/stella_w7x_mode_structure_run/stella_w7x_adiabatic_electrons.out.nc
0.19999999999999998,137,0.03515625,4.2418344808608057e-11,-1.9237596649639333e-11,-0.004876056537197182,-0.11818459283860903,stella_out_nc_complex_phi,fixtures/stella_w7x_mode_structure_run/stella_w7x_adiabatic_electrons.out.nc
0.19999999999999998,138,0.0390625,2.4975537378226758e-11,-4.991404300032102e-12,-0.004876056537197182,-0.11818459283860903,stella_out_nc_complex_phi,fixtures/stella_w7x_mode_structure_run/stella_w7x_adiabatic_electrons.out.nc
0.19999999999999998,139,0.04296875,2.302375399247464e-11,-1.8667627643640127e-12,-0.004876056537197182,-0.11818459283860903,stella_out_nc_complex_phi,fixtures/stella_w7x_mode_structure_run/stella_w7x_adiabatic_electrons.out.nc
0.19999999999999998,140,0.046875,4.0513102798677873e-11,-1.2110262629944244e-11,-0.004876056537197182,-0.11818459283860903,stella_out_nc_complex_phi,fixtures/stella_w7x_mode_structure_run/stella_w7x_adiabatic_electrons.out.nc
0.19999999999999998,141,0.05078125000000001,4.485048179820096e-11,-9.254870318111434e-12,-0.004876056537197182,-0.11818459283860903,stella_out_nc_complex_phi,fixtures/stella_w7x_mode_structure_run/stella_w7x_adiabatic_electrons.out.nc
0.19999999999999998,142,0.0546875,3.6661138672513946e-11,-5.0359028892989805e-12,-0.004876056537197182,-0.11818459283860903,stella_out_nc_complex_phi,fixtures/stella_w7x_mode_structure_run/stella_w7x_adiabatic_electrons.out.nc
0.19999999999999998,143,0.05859375,3.56827800921593e-11,-9.541515435549912e-12,-0.004876056537197182,-0.11818459283860903,stella_out_nc_complex_phi,fixtures/stella_w7x_mode_structure_run/stella_w7x_adiabatic_electrons.out.nc
0.19999999999999998,144,0.0625,3.488734419931163e-11,-1.0999613979785996e-11,-0.004876056537197182,-0.11818459283860903,stella_out_nc_complex_phi,fixtures/stella_w7x_mode_structure_run/stella_w7x_adiabatic_electrons.out.nc
0.19999999999999998,145,0.06640625,3.460671299598893e-11,-7.74272068315449e-12,-0.004876056537197182,-0.11818459283860903,stella_out_nc_complex_phi,fixtures/stella_w7x_mode_structure_run/stella_w7x_adiabatic_electrons.out.nc
0.19999999999999998,146,0.0703125,3.5805389226142977e-11,-5.551178556666743e-12,-0.004876056537197182,-0.11818459283860903,stella_out_nc_complex_phi,fixtures/stella_w7x_mode_structure_run/stella_w7x_adiabatic_electrons.out.nc
0.19999999999999998,147,0.07421875,3.725980766925458e-11,-4.855123213696572e-12,-0.004876056537197182,-0.11818459283860903,stella_out_nc_complex_phi,fixtures/stella_w7x_mode_structure_run/stella_w7x_adiabatic_electrons.out.nc
0.19999999999999998,148,0.078125,3.916318466857578e-11,-5.949105961268416e-12,-0.004876056537197182,-0.11818459283860903,stella_out_nc_complex_phi,fixtures/stella_w7x_mode_structure_run/stella_w7x_adiabatic_electrons.out.nc
0.19999999999999998,149,0.08203125,3.91729046969888e-11,-6.416957119969034e-12,-0.004876056537197182,-0.11818459283860903,stella_out_nc_complex_phi,fixtures/stella_w7x_mode_structure_run/stella_w7x_adiabatic_electrons.out.nc
0.19999999999999998,150,0.0859375,3.8056750560224614e-11,-4.465930684555136e-12,-0.004876056537197182,-0.11818459283860903,stella_out_nc_complex_phi,fixtures/stella_w7x_mode_structure_run/stella_w7x_adiabatic_electrons.out.nc
0.19999999999999998,151,0.08984375,3.886082473563885e-11,-3.7595236860643394e-12,-0.004876056537197182,-0.11818459283860903,stella_out_nc_complex_phi,fixtures/stella_w7x_mode_structure_run/stella_w7x_adiabatic_electrons.out.nc
0.19999999999999998,152,0.09375,4.2953201353056684e-11,-1.221119395711442e-11,-0.004876056537197182,-0.11818459283860903,stella_out_nc_complex_phi,fixtures/stella_w7x_mode_structure_run/stella_w7x_adiabatic_electrons.out.nc
0.19999999999999998,153,0.09765625,3.375340251307445e-11,-1.1823517848037759e-11,-0.004876056537197182,-0.11818459283860903,stella_out_nc_complex_phi,fixtures/stella_w7x_mode_structure_run/stella_w7x_adiabatic_electrons.out.nc
0.19999999999999998,154,0.10156250000000001,2.7348356499175155e-11,-6.717787709917616e-12,-0.004876056537197182,-0.11818459283860903,stella_out_nc_complex_phi,fixtures/stella_w7x_mode_structure_run/stella_w7x_adiabatic_electrons.out.nc
0.19999999999999998,155,0.10546875,4.1645988417599454e-11,-1.3440811578160434e-11,-0.004876056537197182,-0.11818459283860903,stella_out_nc_complex_phi,fixtures/stella_w7x_mode_structure_run/stella_w7x_adiabatic_electrons.out.nc
0.19999999999999998,156,0.109375,5.407512175061198e-11,-1.6961666062658654e-11,-0.004876056537197182,-0.11818459283860903,stella_out_nc_complex_phi,fixtures/stella_w7x_mode_structure_run/stella_w7x_adiabatic_electrons.out.nc
0.19999999999999998,157,0.11328125000000001,5.2720247181320246e-11,-1.4207139668097038e-11,-0.004876056537197182,-0.11818459283860903,stella_out_nc_complex_phi,fixtures/stella_w7x_mode_structure_run/stella_w7x_adiabatic_electrons.out.nc
0.19999999999999998,158,0.1171875,5.124885810497162e-11,-1.3490552997222787e-11,-0.004876056537197182,-0.11818459283860903,stella_out_nc_complex_phi,fixtures/stella_w7x_mode_structure_run/stella_w7x_adiabatic_electrons.out.nc
0.19999999999999998,159,0.12109375,4.983054121021439e-11,-1.3587043259923e-11,-0.004876056537197182,-0.11818459283860903,stella_out_nc_complex_phi,fixtures/stella_w7x_mode_structure_run/stella_w7x_adiabatic_electrons.out.nc
0.19999999999999998,160,0.125,4.759963027547568e-11,-1.684305862231407e-11,-0.004876056537197182,-0.11818459283860903,stella_out_nc_complex_phi,fixtures/stella_w7x_mode_structure_run/stella_w7x_adiabatic_electrons.out.nc
0.19999999999999998,161,0.12890625,4.9163393049219006e-11,-2.30780399090675e-11,-0.004876056537197182,-0.11818459283860903,stella_out_nc_complex_phi,fixtures/stella_w7x_mode_structure_run/stella_w7x_adiabatic_electrons.out.nc
0.19999999999999998,162,0.1328125,5.187720746286102e-11,-2.7601961880557115e-11,-0.004876056537197182,-0.11818459283860903,stella_out_nc_complex_phi,fixtures/stella_w7x_mode_structure_run/stella_w7x_adiabatic_electrons.out.nc
0.19999999999999998,163,0.13671875,5.3723120834423207e-11,-2.9486568747628e-11,-0.004876056537197182,-0.11818459283860903,stella_out_nc_complex_phi,fixtures/stella_w7x_mode_structure_run/stella_w7x_adiabatic_electrons.out.nc
0.19999999999999998,164,0.140625,5.4822914872785173e-11,-2.9019776637040657e-11,-0.004876056537197182,-0.11818459283860903,stella_out_nc_complex_phi,fixtures/stella_w7x_mode_structure_run/stella_w7x_adiabatic_electrons.out.nc
0.19999999999999998,165,0.14453125,5.522433895649164e-11,-2.8806681711481996e-11,-0.004876056537197182,-0.11818459283860903,stella_out_nc_complex_phi,fixtures/stella_w7x_mode_structure_run/stella_w7x_adiabatic_electrons.out.nc
0.19999999999999998,166,0.1484375,5.3911229595059124e-11,-2.91175442094987e-11,-0.004876056537197182,-0.11818459283860903,stella_out_nc_complex_phi,fixtures/stella_w7x_mode_structure_run/stella_w7x_adiabatic_electrons.out.nc
0.19999999999999998,167,0.15234375,5.17228738966713e-11,-3.009733106406638e-11,-0.004876056537197182,-0.11818459283860903,stella_out_nc_complex_phi,fixtures/stella_w7x_mode_structure_run/stella_w7x_adiabatic_electrons.out.nc
0.19999999999999998,168,0.15625,4.99066782478454e-11,-3.1082515755274185e-11,-0.004876056537197182,-0.11818459283860903,stella_out_nc_complex_phi,fixtures/stella_w7x_mode_structure_run/stella_w7x_adiabatic_electrons.out.nc
0.19999999999999998,169,0.16015625,4.9202036993370963e-11,-2.9372868581820075e-11,-0.004876056537197182,-0.11818459283860903,stella_out_nc_complex_phi,fixtures/stella_w7x_mode_structure_run/stella_w7x_adiabatic_electrons.out.nc
0.19999999999999998,170,0.1640625,4.887955178222998e-11,-2.5206811994297615e-11,-0.004876056537197182,-0.11818459283860903,stella_out_nc_complex_phi,fixtures/stella_w7x_mode_structure_run/stella_w7x_adiabatic_electrons.out.nc
0.19999999999999998,171,0.16796875,4.777714117251282e-11,-2.374444641604057e-11,-0.004876056537197182,-0.11818459283860903,stella_out_nc_complex_phi,fixtures/stella_w7x_mode_structure_run/stella_w7x_adiabatic_electrons.out.nc
0.19999999999999998,172,0.171875,4.655109611624651e-11,-2.5918272760333595e-11,-0.004876056537197182,-0.11818459283860903,stella_out_nc_complex_phi,fixtures/stella_w7x_mode_structure_run/stella_w7x_adiabatic_electrons.out.nc
0.19999999999999998,173,0.17578125,4.225412086450793e-11,-2.781305918108322e-11,-0.004876056537197182,-0.11818459283860903,stella_out_nc_complex_phi,fixtures/stella_w7x_mode_structure_run/stella_w7x_adiabatic_electrons.out.nc
0.19999999999999998,174,0.1796875,3.4627359076276006e-11,-1.787954357984384e-11,-0.004876056537197182,-0.11818459283860903,stella_out_nc_complex_phi,fixtures/stella_w7x_mode_structure_run/stella_w7x_adiabatic_electrons.out.nc
0.19999999999999998,175,0.18359375000000003,2.8897846837031745e-11,-3.0550555732877446e-12,-0.004876056537197182,-0.11818459283860903,stella_out_nc_complex_phi,fixtures/stella_w7x_mode_structure_run/stella_w7x_adiabatic_electrons.out.nc
0.19999999999999998,176,0.1875,2.8335830682075312e-11,-6.134798774587953e-12,-0.004876056537197182,-0.11818459283860903,stella_out_nc_complex_phi,fixtures/stella_w7x_mode_structure_run/stella_w7x_adiabatic_electrons.out.nc
0.19999999999999998,177,0.19140625,2.934096624700419e-11,-1.4821392999787314e-11,-0.004876056537197182,-0.11818459283860903,stella_out_nc_complex_phi,fixtures/stella_w7x_mode_structure_run/stella_w7x_adiabatic_electrons.out.nc
0.19999999999999998,178,0.1953125,2.8076438278223728e-11,-1.3142327897920942e-11,-0.004876056537197182,-0.11818459283860903,stella_out_nc_complex_phi,fixtures/stella_w7x_mode_structure_run/stella_w7x_adiabatic_electrons.out.nc
0.19999999999999998,179,0.19921875,2.5348249899683842e-11,-1.2517916220588629e-11,-0.004876056537197182,-0.11818459283860903,stella_out_nc_complex_phi,fixtures/stella_w7x_mode_structure_run/stella_w7x_adiabatic_electrons.out.nc
0.19999999999999998,180,0.20312500000000003,2.229013348238938e-11,-1.425469838924345e-11,-0.004876056537197182,-0.11818459283860903,stella_out_nc_complex_phi,fixtures/stella_w7x_mode_structure_run/stella_w7x_adiabatic_electrons.out.nc
0.19999999999999998,181,0.20703125,1.593872154103984e-11,-1.5032998176721077e-11,-0.004876056537197182,-0.11818459283860903,stella_out_nc_complex_phi,fixtures/stella_w7x_mode_structure_run/stella_w7x_adiabatic_electrons.out.nc
0.19999999999999998,182,0.2109375,9.730376220598827e-12,-1.3670158942652522e-11,-0.004876056537197182,-0.11818459283860903,stella_out_nc_complex_phi,fixtures/stella_w7x_mode_structure_run/stella_w7x_adiabatic_electrons.out.nc
0.19999999999999998,183,0.21484375000000003,7.765831706729884e-12,-1.1377974347200532e-11,-0.004876056537197182,-0.11818459283860903,stella_out_nc_complex_phi,fixtures/stella_w7x_mode_structure_run/stella_w7x_adiabatic_electrons.out.nc
0.19999999999999998,184,0.21875,9.095986771376058e-12,-1.1530642233925429e-11,-0.004876056537197182,-0.11818459283860903,stella_out_nc_complex_phi,fixtures/stella_w7x_mode_structure_run/stella_w7x_adiabatic_electrons.out.nc
0.19999999999999998,185,0.22265625,8.042969241609775e-12,-1.2684632587222067e-11,-0.004876056537197182,-0.11818459283860903,stella_out_nc_complex_phi,fixtures/stella_w7x_mode_structure_run/stella_w7x_adiabatic_electrons.out.nc
0.19999999999999998,186,0.22656250000000003,1.7427966924139342e-12,-1.1695169607076247e-11,-0.004876056537197182,-0.11818459283860903,stella_out_nc_complex_phi,fixtures/stella_w7x_mode_structure_run/stella_w7x_adiabatic_electrons.out.nc
0.19999999999999998,187,0.23046875,-1.6887219144812298e-12,-9.49112254335983e-12,-0.004876056537197182,-0.11818459283860903,stella_out_nc_complex_phi,fixtures/stella_w7x_mode_structure_run/stella_w7x_adiabatic_electrons.out.nc
0.19999999999999998,188,0.234375,-2.7699621983407255e-12,-8.301651072132167e-12,-0.004876056537197182,-0.11818459283860903,stella_out_nc_complex_phi,fixtures/stella_w7x_mode_structure_run/stella_w7x_adiabatic_electrons.out.nc
0.19999999999999998,189,0.23828125,-5.597208438812066e-12,-9.857034375356132e-12,-0.004876056537197182,-0.11818459283860903,stella_out_nc_complex_phi,fixtures/stella_w7x_mode_structure_run/stella_w7x_adiabatic_electrons.out.nc
0.19999999999999998,190,0.2421875,-7.568953234719996e-12,-1.2360507060654628e-11,-0.004876056537197182,-0.11818459283860903,stella_out_nc_complex_phi,fixtures/stella_w7x_mode_structure_run/stella_w7x_adiabatic_electrons.out.nc
0.19999999999999998,191,0.24609375000000003,-8.29952081958101e-12,-1.253030541572329e-11,-0.004876056537197182,-0.11818459283860903,stella_out_nc_complex_phi,fixtures/stella_w7x_mode_structure_run/stella_w7x_adiabatic_electrons.out.nc
0.19999999999999998,192,0.25,-9.603853824183421e-12,-1.0476606560167153e-11,-0.004876056537197182,-0.11818459283860903,stella_out_nc_complex_phi,fixtures/stella_w7x_mode_structure_run/stella_w7x_adiabatic_electrons.out.nc
0.19999999999999998,193,0.25390625,-1.4280580556400012e-11,-9.27805144827848e-12,-0.004876056537197182,-0.11818459283860903,stella_out_nc_complex_phi,fixtures/stella_w7x_mode_structure_run/stella_w7x_adiabatic_electrons.out.nc
0.19999999999999998,194,0.2578125,-2.0135072346869007e-11,-8.291584316456884e-12,-0.004876056537197182,-0.11818459283860903,stella_out_nc_complex_phi,fixtures/stella_w7x_mode_structure_run/stella_w7x_adiabatic_electrons.out.nc
0.19999999999999998,195,0.26171875,-2.21938416322076e-11,-6.736793995548123e-12,-0.004876056537197182,-0.11818459283860903,stella_out_nc_complex_phi,fixtures/stella_w7x_mode_structure_run/stella_w7x_adiabatic_electrons.out.nc
0.19999999999999998,196,0.265625,-2.095392061296949e-11,-6.941315258609059e-12,-0.004876056537197182,-0.11818459283860903,stella_out_nc_complex_phi,fixtures/stella_w7x_mode_structure_run/stella_w7x_adiabatic_electrons.out.nc
0.19999999999999998,197,0.26953125,-2.002583568949357e-11,-8.679103710323803e-12,-0.004876056537197182,-0.11818459283860903,stella_out_nc_complex_phi,fixtures/stella_w7x_mode_structure_run/stella_w7x_adiabatic_electrons.out.nc
0.19999999999999998,198,0.2734375,-2.1283109623984397e-11,-1.1250018234644966e-11,-0.004876056537197182,-0.11818459283860903,stella_out_nc_complex_phi,fixtures/stella_w7x_mode_structure_run/stella_w7x_adiabatic_electrons.out.nc
0.19999999999999998,199,0.27734375,-2.4086620829726598e-11,-1.1815740239885931e-11,-0.004876056537197182,-0.11818459283860903,stella_out_nc_complex_phi,fixtures/stella_w7x_mode_structure_run/stella_w7x_adiabatic_electrons.out.nc
0.19999999999999998,200,0.28125,-2.8385880860464633e-11,-1.0404524076260404e-11,-0.004876056537197182,-0.11818459283860903,stella_out_nc_complex_phi,fixtures/stella_w7x_mode_structure_run/stella_w7x_adiabatic_electrons.out.nc
0.19999999999999998,201,0.28515625,-3.459439997469163e-11,-9.695623538316815e-12,-0.004876056537197182,-0.11818459283860903,stella_out_nc_complex_phi,fixtures/stella_w7x_mode_structure_run/stella_w7x_adiabatic_electrons.out.nc
0.19999999999999998,202,0.2890625,-3.8554764053454184e-11,-7.982753745510519e-12,-0.004876056537197182,-0.11818459283860903,stella_out_nc_complex_phi,fixtures/stella_w7x_mode_structure_run/stella_w7x_adiabatic_electrons.out.nc
0.19999999999999998,203,0.29296875,-3.826424928417369e-11,-2.6867454306551663e-12,-0.004876056537197182,-0.11818459283860903,stella_out_nc_complex_phi,fixtures/stella_w7x_mode_structure_run/stella_w7x_adiabatic_electrons.out.nc
0.19999999999999998,204,0.296875,-3.8207887211972604e-11,2.928279738159263e-12,-0.004876056537197182,-0.11818459283860903,stella_out_nc_complex_phi,fixtures/stella_w7x_mode_structure_run/stella_w7x_adiabatic_electrons.out.nc
0.19999999999999998,205,0.30078125,-3.8820389971896636e-11,6.14899564272209e-12,-0.004876056537197182,-0.11818459283860903,stella_out_nc_complex_phi,fixtures/stella_w7x_mode_structure_run/stella_w7x_adiabatic_electrons.out.nc
0.19999999999999998,206,0.3046875,-3.7439685798215314e-11,6.256205748687592e-12,-0.004876056537197182,-0.11818459283860903,stella_out_nc_complex_phi,fixtures/stella_w7x_mode_structure_run/stella_w7x_adiabatic_electrons.out.nc
0.19999999999999998,207,0.30859375,-3.683437314030862e-11,5.132792990698433e-12,-0.004876056537197182,-0.11818459283860903,stella_out_nc_complex_phi,fixtures/stella_w7x_mode_structure_run/stella_w7x_adiabatic_electrons.out.nc
0.19999999999999998,208,0.3125,-3.6286019306555514e-11,5.182767564655965e-12,-0.004876056537197182,-0.11818459283860903,stella_out_nc_complex_phi,fixtures/stella_w7x_mode_structure_run/stella_w7x_adiabatic_electrons.out.nc
0.19999999999999998,209,0.31640625,-3.6804634214938324e-11,6.629531032501137e-12,-0.004876056537197182,-0.11818459283860903,stella_out_nc_complex_phi,fixtures/stella_w7x_mode_structure_run/stella_w7x_adiabatic_electrons.out.nc
0.19999999999999998,210,0.3203125,-3.654045934108841e-11,7.864503985964606e-12,-0.004876056537197182,-0.11818459283860903,stella_out_nc_complex_phi,fixtures/stella_w7x_mode_structure_run/stella_w7x_adiabatic_electrons.out.nc
0.19999999999999998,211,0.32421875000000006,-3.544567933624009e-11,7.9580628990812e-12,-0.004876056537197182,-0.11818459283860903,stella_out_nc_complex_phi,fixtures/stella_w7x_mode_structure_run/stella_w7x_adiabatic_electrons.out.nc
0.19999999999999998,212,0.328125,-3.3494351786070133e-11,6.0369398010780645e-12,-0.004876056537197182,-0.11818459283860903,stella_out_nc_complex_phi,fixtures/stella_w7x_mode_structure_run/stella_w7x_adiabatic_electrons.out.nc
0.19999999999999998,213,0.33203125,-3.0728436456319577e-11,1.857938888075258e-12,-0.004876056537197182,-0.11818459283860903,stella_out_nc_complex_phi,fixtures/stella_w7x_mode_structure_run/stella_w7x_adiabatic_electrons.out.nc
0.19999999999999998,214,0.3359375,-3.011923792908416e-11,4.672631434244666e-13,-0.004876056537197182,-0.11818459283860903,stella_out_nc_complex_phi,fixtures/stella_w7x_mode_structure_run/stella_w7x_adiabatic_electrons.out.nc
0.19999999999999998,215,0.33984375,-3.1091870230419295e-11,3.3708458876080036e-12,-0.004876056537197182,-0.11818459283860903,stella_out_nc_complex_phi,fixtures/stella_w7x_mode_structure_run/stella_w7x_adiabatic_electrons.out.nc
0.19999999999999998,216,0.34375,-3.0064367633816615e-11,5.320383210683912e-12,-0.004876056537197182,-0.11818459283860903,stella_out_nc_complex_phi,fixtures/stella_w7x_mode_structure_run/stella_w7x_adiabatic_electrons.out.nc
0.19999999999999998,217,0.34765625000000006,-2.6914736329451353e-11,5.748966859415774e-12,-0.004876056537197182,-0.11818459283860903,stella_out_nc_complex_phi,fixtures/stella_w7x_mode_structure_run/stella_w7x_adiabatic_electrons.out.nc
0.19999999999999998,218,0.3515625,-2.1579029340168217e-11,2.7603516518352522e-12,-0.004876056537197182,-0.11818459283860903,stella_out_nc_complex_phi,fixtures/stella_w7x_mode_structure_run/stella_w7x_adiabatic_electrons.out.nc
0.19999999999999998,219,0.35546875,-1.9029978286144642e-11,-2.840056442403142e-12,-0.004876056537197182,-0.11818459283860903,stella_out_nc_complex_phi,fixtures/stella_w7x_mode_structure_run/stella_w7x_adiabatic_electrons.out.nc
0.19999999999999998,220,0.359375,-2.0271295053351608e-11,-1.5870692923464339e-12,-0.004876056537197182,-0.11818459283860903,stella_out_nc_complex_phi,fixtures/stella_w7x_mode_structure_run/stella_w7x_adiabatic_electrons.out.nc
0.19999999999999998,221,0.36328125,-2.2829150366786043e-11,4.855063181503067e-12,-0.004876056537197182,-0.11818459283860903,stella_out_nc_complex_phi,fixtures/stella_w7x_mode_structure_run/stella_w7x_adiabatic_electrons.out.nc
0.19999999999999998,222,0.36718750000000006,-2.3716297578336293e-11,5.360119951359532e-12,-0.004876056537197182,-0.11818459283860903,stella_out_nc_complex_phi,fixtures/stella_w7x_mode_structure_run/stella_w7x_adiabatic_electrons.out.nc
0.19999999999999998,223,0.37109375,-1.95461339706566e-11,2.267486838878698e-12,-0.004876056537197182,-0.11818459283860903,stella_out_nc_complex_phi,fixtures/stella_w7x_mode_structure_run/stella_w7x_adiabatic_electrons.out.nc
0.19999999999999998,224,0.375,-1.5220000203183848e-11,1.7441722656260073e-12,-0.004876056537197182,-0.11818459283860903,stella_out_nc_complex_phi,fixtures/stella_w7x_mode_structure_run/stella_w7x_adiabatic_electrons.out.nc
0.19999999999999998,225,0.37890625,-1.186623770317761e-11,5.171305762116736e-13,-0.004876056537197182,-0.11818459283860903,stella_out_nc_complex_phi,fixtures/stella_w7x_mode_structure_run/stella_w7x_adiabatic_electrons.out.nc
0.19999999999999998,226,0.3828125,-1.0153033540404149e-11,3.8310132731348196e-13,-0.004876056537197182,-0.11818459283860903,stella_out_nc_complex_phi,fixtures/stella_w7x_mode_structure_run/stella_w7x_adiabatic_electrons.out.nc
0.19999999999999998,227,0.38671875000000006,-1.0562383681335626e-11,1.2415160043920246e-12,-0.004876056537197182,-0.11818459283860903,stella_out_nc_complex_phi,fixtures/stella_w7x_mode_structure_run/stella_w7x_adiabatic_electrons.out.nc
0.19999999999999998,228,0.390625,-1.1817929824200804e-11,1.7187741199137166e-12,-0.004876056537197182,-0.11818459283860903,stella_out_nc_complex_phi,fixtures/stella_w7x_mode_structure_run/stella_w7x_adiabatic_electrons.out.nc
0.19999999999999998,229,0.39453125,-1.2933497367766893e-11,1.942097598736532e-12,-0.004876056537197182,-0.11818459283860903,stella_out_nc_complex_phi,fixtures/stella_w7x_mode_structure_run/stella_w7x_adiabatic_electrons.out.nc
0.19999999999999998,230,0.3984375,-1.1534119388179525e-11,3.9477209784999304e-13,-0.004876056537197182,-0.11818459283860903,stella_out_nc_complex_phi,fixtures/stella_w7x_mode_structure_run/stella_w7x_adiabatic_electrons.out.nc
0.19999999999999998,231,0.40234375,-8.615018046803394e-12,-3.028798573176023e-12,-0.004876056537197182,-0.11818459283860903,stella_out_nc_complex_phi,fixtures/stella_w7x_mode_structure_run/stella_w7x_adiabatic_electrons.out.nc
0.19999999999999998,232,0.40625000000000006,-4.487987654848231e-12,-3.99758458090327e-12,-0.004876056537197182,-0.11818459283860903,stella_out_nc_complex_phi,fixtures/stella_w7x_mode_structure_run/stella_w7x_adiabatic_electrons.out.nc
0.19999999999999998,233,0.41015625000000006,-3.1560174330537986e-12,-3.55680392512775e-12,-0.004876056537197182,-0.11818459283860903,stella_out_nc_complex_phi,fixtures/stella_w7x_mode_structure_run/stella_w7x_adiabatic_electrons.out.nc
0.19999999999999998,234,0.4140625,-1.6493566200080892e-12,-8.704723974124951e-13,-0.004876056537197182,-0.11818459283860903,stella_out_nc_complex_phi,fixtures/stella_w7x_mode_structure_run/stella_w7x_adiabatic_electrons.out.nc
0.19999999999999998,235,0.41796875,-1.1594335858349536e-12,6.755747003535509e-13,-0.004876056537197182,-0.11818459283860903,stella_out_nc_complex_phi,fixtures/stella_w7x_mode_structure_run/stella_w7x_adiabatic_electrons.out.nc
0.19999999999999998,236,0.421875,-3.097778235950397e-12,-4.5025710089248293e-13,-0.004876056537197182,-0.11818459283860903,stella_out_nc_complex_phi,fixtures/stella_w7x_mode_structure_run/stella_w7x_adiabatic_electrons.out.nc
0.19999999999999998,237,0.42578125,-1.5298260831212826e-12,-2.638882998507844e-12,-0.004876056537197182,-0.11818459283860903,stella_out_nc_complex_phi,fixtures/stella_w7x_mode_structure_run/stella_w7x_adiabatic_electrons.out.nc
0.19999999999999998,238,0.42968750000000006,3.214813665656566e-12,-5.2741095909156244e-12,-0.004876056537197182,-0.11818459283860903,stella_out_nc_complex_phi,fixtures/stella_w7x_mode_structure_run/stella_w7x_adiabatic_electrons.out.nc
0.19999999999999998,239,0.43359375,5.898127989705512e-12,-8.73944694084332e-12,-0.004876056537197182,-0.11818459283860903,stella_out_nc_complex_phi,fixtures/stella_w7x_mode_structure_run/stella_w7x_adiabatic_electrons.out.nc
0.19999999999999998,240,0.4375,6.463026435182473e-12,-1.003875736051041e-11,-0.004876056537197182,-0.11818459283860903,stella_out_nc_complex_phi,fixtures/stella_w7x_mode_structure_run/stella_w7x_adiabatic_electrons.out.nc
0.19999999999999998,241,0.44140625,5.5431538541815645e-12,-9.229956844782777e-12,-0.004876056537197182,-0.11818459283860903,stella_out_nc_complex_phi,fixtures/stella_w7x_mode_structure_run/stella_w7x_adiabatic_electrons.out.nc
0.19999999999999998,242,0.4453125,3.949405692084812e-12,-8.508203883132938e-12,-0.004876056537197182,-0.11818459283860903,stella_out_nc_complex_phi,fixtures/stella_w7x_mode_structure_run/stella_w7x_adiabatic_electrons.out.nc
0.19999999999999998,243,0.44921875000000006,4.301919697319048e-12,-7.633358602843524e-12,-0.004876056537197182,-0.11818459283860903,stella_out_nc_complex_phi,fixtures/stella_w7x_mode_structure_run/stella_w7x_adiabatic_electrons.out.nc
0.19999999999999998,244,0.45312500000000006,7.601147839531025e-12,-7.774231461768316e-12,-0.004876056537197182,-0.11818459283860903,stella_out_nc_complex_phi,fixtures/stella_w7x_mode_structure_run/stella_w7x_adiabatic_electrons.out.nc
0.19999999999999998,245,0.45703125,1.1902061465274517e-11,-1.066421645053785e-11,-0.004876056537197182,-0.11818459283860903,stella_out_nc_complex_phi,fixtures/stella_w7x_mode_structure_run/stella_w7x_adiabatic_electrons.out.nc
0.19999999999999998,246,0.4609375,1.4973131009367584e-11,-1.4815231691585965e-11,-0.004876056537197182,-0.11818459283860903,stella_out_nc_complex_phi,fixtures/stella_w7x_mode_structure_run/stella_w7x_adiabatic_electrons.out.nc
0.19999999999999998,247,0.46484375,1.5423361552708167e-11,-1.67210922856833e-11,-0.004876056537197182,-0.11818459283860903,stella_out_nc_complex_phi,fixtures/stella_w7x_mode_structure_run/stella_w7x_adiabatic_electrons.out.nc
0.19999999999999998,248,0.46875,1.4598279095431913e-11,-1.409611995829593e-11,-0.004876056537197182,-0.11818459283860903,stella_out_nc_complex_phi,fixtures/stella_w7x_mode_structure_run/stella_w7x_adiabatic_electrons.out.nc
0.19999999999999998,249,0.47265625000000006,1.4012825949706645e-11,-1.1459412460138984e-11,-0.004876056537197182,-0.11818459283860903,stella_out_nc_complex_phi,fixtures/stella_w7x_mode_structure_run/stella_w7x_adiabatic_electrons.out.nc
0.19999999999999998,250,0.4765625,1.1954008981139664e-11,-1.3959276280862246e-11,-0.004876056537197182,-0.11818459283860903,stella_out_nc_complex_phi,fixtures/stella_w7x_mode_structure_run/stella_w7x_adiabatic_electrons.out.nc
0.19999999999999998,251,0.48046875,8.633087551059642e-12,-1.7023297062746577e-11,-0.004876056537197182,-0.11818459283860903,stella_out_nc_complex_phi,fixtures/stella_w7x_mode_structure_run/stella_w7x_adiabatic_electrons.out.nc
0.19999999999999998,252,0.484375,7.143925991971076e-12,-1.595780306976119e-11,-0.004876056537197182,-0.11818459283860903,stella_out_nc_complex_phi,fixtures/stella_w7x_mode_structure_run/stella_w7x_adiabatic_electrons.out.nc
0.19999999999999998,253,0.48828125,7.0623320160125944e-12,-1.3708182244742792e-11,-0.004876056537197182,-0.11818459283860903,stella_out_nc_complex_phi,fixtures/stella_w7x_mode_structure_run/stella_w7x_adiabatic_electrons.out.nc
0.19999999999999998,254,0.49218750000000006,7.831730551820939e-12,-1.1518788697335302e-11,-0.004876056537197182,-0.11818459283860903,stella_out_nc_complex_phi,fixtures/stella_w7x_mode_structure_run/stella_w7x_adiabatic_electrons.out.nc
0.19999999999999998,255,0.49609375,9.066597383780878e-12,-1.0375463431162907e-11,-0.004876056537197182,-0.11818459283860903,stella_out_nc_complex_phi,fixtures/stella_w7x_mode_structure_run/stella_w7x_adiabatic_electrons.out.nc
0.19999999999999998,256,0.5,9.795462301195362e-12,-1.1207082840638326e-11,-0.004876056537197182,-0.11818459283860903,stella_out_nc_complex_phi,fixtures/stella_w7x_mode_structure_run/stella_w7x_adiabatic_electrons.out.nc
0.3,0,-0.5,2.0622051078224193e-11,-3.3233995367501144e-11,0.009619443823361787,-0.0028493457942134434,stella_out_nc_complex_phi,fixtures/stella_w7x_mode_structure_run/stella_w7x_adiabatic_electrons.out.nc
0.3,1,-0.49609375,1.3655852619525692e-11,-3.9435211173460126e-11,0.009619443823361787,-0.0028493457942134434,stella_out_nc_complex_phi,fixtures/stella_w7x_mode_structure_run/stella_w7x_adiabatic_electrons.out.nc
0.3,2,-0.49218750000000006,6.63847905079313e-12,-5.1819189662858165e-11,0.009619443823361787,-0.0028493457942134434,stella_out_nc_complex_phi,fixtures/stella_w7x_mode_structure_run/stella_w7x_adiabatic_electrons.out.nc
0.3,3,-0.48828125,-3.439790199697954e-12,-6.80531303263431e-11,0.009619443823361787,-0.0028493457942134434,stella_out_nc_complex_phi,fixtures/stella_w7x_mode_structure_run/stella_w7x_adiabatic_electrons.out.nc
0.3,4,-0.484375,-1.5281959092698122e-11,-8.18633511083329e-11,0.009619443823361787,-0.0028493457942134434,stella_out_nc_complex_phi,fixtures/stella_w7x_mode_structure_run/stella_w7x_adiabatic_electrons.out.nc
0.3,5,-0.48046875,-1.9344234254136185e-11,-9.384812073215584e-11,0.009619443823361787,-0.0028493457942134434,stella_out_nc_complex_phi,fixtures/stella_w7x_mode_structure_run/stella_w7x_adiabatic_electrons.out.nc
0.3,6,-0.4765625,-7.93746054257003e-12,-9.922600368457e-11,0.009619443823361787,-0.0028493457942134434,stella_out_nc_complex_phi,fixtures/stella_w7x_mode_structure_run/stella_w7x_adiabatic_electrons.out.nc
0.3,7,-0.47265625000000006,3.0860758723477114e-13,-1.0780484140402944e-10,0.009619443823361787,-0.0028493457942134434,stella_out_nc_complex_phi,fixtures/stella_w7x_mode_structure_run/stella_w7x_adiabatic_electrons.out.nc
0.3,8,-0.46875,-2.725302809351716e-12,-1.2713523844958984e-10,0.009619443823361787,-0.0028493457942134434,stella_out_nc_complex_phi,fixtures/stella_w7x_mode_structure_run/stella_w7x_adiabatic_electrons.out.nc
0.3,9,-0.46484375,-1.058791372618471e-11,-1.3576009361420885e-10,0.009619443823361787,-0.0028493457942134434,stella_out_nc_complex_phi,fixtures/stella_w7x_mode_structure_run/stella_w7x_adiabatic_electrons.out.nc
0.3,10,-0.4609375,-1.7954869230193924e-11,-1.2632868500522013e-10,0.009619443823361787,-0.0028493457942134434,stella_out_nc_complex_phi,fixtures/stella_w7x_mode_structure_run/stella_w7x_adiabatic_electrons.out.nc
0.3,11,-0.45703125,-2.3734444130143894e-11,-1.1424039333842761e-10,0.009619443823361787,-0.0028493457942134434,stella_out_nc_complex_phi,fixtures/stella_w7x_mode_structure_run/stella_w7x_adiabatic_electrons.out.nc
0.3,12,-0.45312500000000006,-2.518491334224777e-11,-1.065580445442898e-10,0.009619443823361787,-0.0028493457942134434,stella_out_nc_complex_phi,fixtures/stella_w7x_mode_structure_run/stella_w7x_adiabatic_electrons.out.nc
0.3,13,-0.44921875000000006,-2.1999381381531348e-11,-1.0353691148801731e-10,0.009619443823361787,-0.0028493457942134434,stella_out_nc_complex_phi,fixtures/stella_w7x_mode_structure_run/stella_w7x_adiabatic_electrons.out.nc
0.3,14,-0.4453125,-2.0831880637135618e-11,-1.0189732655736648e-10,0.009619443823361787,-0.0028493457942134434,stella_out_nc_complex_phi,fixtures/stella_w7x_mode_structure_run/stella_w7x_adiabatic_electrons.out.nc
0.3,15,-0.44140625,-1.946112111222463e-11,-1.0129892934284184e-10,0.009619443823361787,-0.0028493457942134434,stella_out_nc_complex_phi,fixtures/stella_w7x_mode_structure_run/stella_w7x_adiabatic_electrons.out.nc
0.3,16,-0.4375,-1.7536012653489008e-11,-1.0563650472226692e-10,0.009619443823361787,-0.0028493457942134434,stella_out_nc_complex_phi,fixtures/stella_w7x_mode_structure_run/stella_w7x_adiabatic_electrons.out.nc
0.3,17,-0.43359375,-1.3111172393908607e-11,-1.0865178710214148e-10,0.009619443823361787,-0.0028493457942134434,stella_out_nc_complex_phi,fixtures/stella_w7x_mode_structure_run/stella_w7x_adiabatic_electrons.out.nc
0.3,18,-0.42968750000000006,-7.213520566131175e-12,-1.0465850327368047e-10,0.009619443823361787,-0.0028493457942134434,stella_out_nc_complex_phi,fixtures/stella_w7x_mode_structure_run/stella_w7x_adiabatic_electrons.out.nc
0.3,19,-0.42578125,-6.667313496017912e-12,-9.478497647466848e-11,0.009619443823361787,-0.0028493457942134434,stella_out_nc_complex_phi,fixtures/stella_w7x_mode_structure_run/stella_w7x_adiabatic_electrons.out.nc
0.3,20,-0.421875,-1.1855329410761485e-13,-7.703629054165152e-11,0.009619443823361787,-0.0028493457942134434,stella_out_nc_complex_phi,fixtures/stella_w7x_mode_structure_run/stella_w7x_adiabatic_electrons.out.nc
0.3,21,-0.41796875,9.36075590164297e-12,-6.456242278329308e-11,0.009619443823361787,-0.0028493457942134434,stella_out_nc_complex_phi,fixtures/stella_w7x_mode_structure_run/stella_w7x_adiabatic_electrons.out.nc
0.3,22,-0.4140625,1.3585597047226421e-11,-6.028749748227935e-11,0.009619443823361787,-0.0028493457942134434,stella_out_nc_complex_phi,fixtures/stella_w7x_mode_structure_run/stella_w7x_adiabatic_electrons.out.nc
0.3,23,-0.41015625000000006,4.9393172670970805e-12,-4.99150328051103e-11,0.009619443823361787,-0.0028493457942134434,stella_out_nc_complex_phi,fixtures/stella_w7x_mode_structure_run/stella_w7x_adiabatic_electrons.out.nc
0.3,24,-0.40625000000000006,-1.5157010353077332e-11,-2.7784093283017637e-11,0.009619443823361787,-0.0028493457942134434,stella_out_nc_complex_phi,fixtures/stella_w7x_mode_structure_run/stella_w7x_adiabatic_electrons.out.nc
0.3,25,-0.40234375,-2.9604049304558736e-11,-2.5075982341618465e-12,0.009619443823361787,-0.0028493457942134434,stella_out_nc_complex_phi,fixtures/stella_w7x_mode_structure_run/stella_w7x_adiabatic_electrons.out.nc
0.3,26,-0.3984375,-2.679430018284917e-11,1.736758233411561e-11,0.009619443823361787,-0.0028493457942134434,stella_out_nc_complex_phi,fixtures/stella_w7x_mode_structure_run/stella_w7x_adiabatic_electrons.out.nc
0.3,27,-0.39453125,-2.2142243022928748e-11,2.447880082337371e-11,0.009619443823361787,-0.0028493457942134434,stella_out_nc_complex_phi,fixtures/stella_w7x_mode_structure_run/stella_w7x_adiabatic_electrons.out.nc
0.3,28,-0.390625,-1.5734084072001118e-11,2.426080252737669e-11,0.009619443823361787,-0.0028493457942134434,stella_out_nc_complex_phi,fixtures/stella_w7x_mode_structure_run/stella_w7x_adiabatic_electrons.out.nc
0.3,29,-0.38671875000000006,-1.2141546999189727e-11,2.5943070368211564e-11,0.009619443823361787,-0.0028493457942134434,stella_out_nc_complex_phi,fixtures/stella_w7x_mode_structure_run/stella_w7x_adiabatic_electrons.out.nc
0.3,30,-0.3828125,-1.4018836100765232e-11,3.3480294344421695e-11,0.009619443823361787,-0.0028493457942134434,stella_out_nc_complex_phi,fixtures/stella_w7x_mode_structure_run/stella_w7x_adiabatic_electrons.out.nc
0.3,31,-0.37890625,-2.2813844531242097e-11,5.059644684532024e-11,0.009619443823361787,-0.0028493457942134434,stella_out_nc_complex_phi,fixtures/stella_w7x_mode_structure_run/stella_w7x_adiabatic_electrons.out.nc
0.3,32,-0.375,-3.397306503213717e-11,6.905700614185682e-11,0.009619443823361787,-0.0028493457942134434,stella_out_nc_complex_phi,fixtures/stella_w7x_mode_structure_run/stella_w7x_adiabatic_electrons.out.nc
0.3,33,-0.37109375,-3.326061762631393e-11,8.193285027287672e-11,0.009619443823361787,-0.0028493457942134434,stella_out_nc_complex_phi,fixtures/stella_w7x_mode_structure_run/stella_w7x_adiabatic_electrons.out.nc
0.3,34,-0.36718750000000006,-1.6333683744790205e-11,9.241954956059513e-11,0.009619443823361787,-0.0028493457942134434,stella_out_nc_complex_phi,fixtures/stella_w7x_mode_structure_run/stella_w7x_adiabatic_electrons.out.nc
0.3,35,-0.36328125,-4.43146074859985e-12,8.796584130272871e-11,0.009619443823361787,-0.0028493457942134434,stella_out_nc_complex_phi,fixtures/stella_w7x_mode_structure_run/stella_w7x_adiabatic_electrons.out.nc
0.3,36,-0.359375,-8.110595736718505e-12,7.615668441116412e-11,0.009619443823361787,-0.0028493457942134434,stella_out_nc_complex_phi,fixtures/stella_w7x_mode_structure_run/stella_w7x_adiabatic_electrons.out.nc
0.3,37,-0.35546875,-8.046285014339179e-12,6.883902284983304e-11,0.009619443823361787,-0.0028493457942134434,stella_out_nc_complex_phi,fixtures/stella_w7x_mode_structure_run/stella_w7x_adiabatic_electrons.out.nc
0.3,38,-0.3515625,7.037125007378188e-12,6.989989233988173e-11,0.009619443823361787,-0.0028493457942134434,stella_out_nc_complex_phi,fixtures/stella_w7x_mode_structure_run/stella_w7x_adiabatic_electrons.out.nc
0.3,39,-0.34765625000000006,2.1662480899718675e-11,6.948277959005816e-11,0.009619443823361787,-0.0028493457942134434,stella_out_nc_complex_phi,fixtures/stella_w7x_mode_structure_run/stella_w7x_adiabatic_electrons.out.nc
0.3,40,-0.34375,3.231235287081592e-11,6.195096076922754e-11,0.009619443823361787,-0.0028493457942134434,stella_out_nc_complex_phi,fixtures/stella_w7x_mode_structure_run/stella_w7x_adiabatic_electrons.out.nc
0.3,41,-0.33984375,3.510479768584535e-11,5.029287890741744e-11,0.009619443823361787,-0.0028493457942134434,stella_out_nc_complex_phi,fixtures/stella_w7x_mode_structure_run/stella_w7x_adiabatic_electrons.out.nc
0.3,42,-0.3359375,3.6553708885591804e-11,4.274462391080878e-11,0.009619443823361787,-0.0028493457942134434,stella_out_nc_complex_phi,fixtures/stella_w7x_mode_structure_run/stella_w7x_adiabatic_electrons.out.nc
0.3,43,-0.33203125,4.3833161990354384e-11,3.1924784948182305e-11,0.009619443823361787,-0.0028493457942134434,stella_out_nc_complex_phi,fixtures/stella_w7x_mode_structure_run/stella_w7x_adiabatic_electrons.out.nc
0.3,44,-0.328125,4.916295844327981e-11,1.3427925489212646e-11,0.009619443823361787,-0.0028493457942134434,stella_out_nc_complex_phi,fixtures/stella_w7x_mode_structure_run/stella_w7x_adiabatic_electrons.out.nc
0.3,45,-0.32421875000000006,4.8372159758332414e-11,8.799716820849915e-13,0.009619443823361787,-0.0028493457942134434,stella_out_nc_complex_phi,fixtures/stella_w7x_mode_structure_run/stella_w7x_adiabatic_electrons.out.nc
0.3,46,-0.3203125,4.6972815555384777e-11,-5.650389034235737e-12,0.009619443823361787,-0.0028493457942134434,stella_out_nc_complex_phi,fixtures/stella_w7x_mode_structure_run/stella_w7x_adiabatic_electrons.out.nc
0.3,47,-0.31640625,4.841258521189269e-11,-1.0579159404614131e-11,0.009619443823361787,-0.0028493457942134434,stella_out_nc_complex_phi,fixtures/stella_w7x_mode_structure_run/stella_w7x_adiabatic_electrons.out.nc
0.3,48,-0.3125,4.8727257469440755e-11,-1.4389791469192698e-11,0.009619443823361787,-0.0028493457942134434,stella_out_nc_complex_phi,fixtures/stella_w7x_mode_structure_run/stella_w7x_adiabatic_electrons.out.nc
0.3,49,-0.30859375,4.7933390563677907e-11,-1.8048703775541523e-11,0.009619443823361787,-0.0028493457942134434,stella_out_nc_complex_phi,fixtures/stella_w7x_mode_structure_run/stella_w7x_adiabatic_electrons.out.nc
0.3,50,-0.3046875,4.842983521453483e-11,-2.286287249093263e-11,0.009619443823361787,-0.0028493457942134434,stella_out_nc_complex_phi,fixtures/stella_w7x_mode_structure_run/stella_w7x_adiabatic_electrons.out.nc
0.3,51,-0.30078125,5.031386007057662e-11,-2.8665865112419058e-11,0.009619443823361787,-0.0028493457942134434,stella_out_nc_complex_phi,fixtures/stella_w7x_mode_structure_run/stella_w7x_adiabatic_electrons.out.nc
0.3,52,-0.296875,5.053579729349367e-11,-3.209007367778634e-11,0.009619443823361787,-0.0028493457942134434,stella_out_nc_complex_phi,fixtures/stella_w7x_mode_structure_run/stella_w7x_adiabatic_electrons.out.nc
0.3,53,-0.29296875,5.093203613013017e-11,-3.09086843278458e-11,0.009619443823361787,-0.0028493457942134434,stella_out_nc_complex_phi,fixtures/stella_w7x_mode_structure_run/stella_w7x_adiabatic_electrons.out.nc
0.3,54,-0.2890625,4.8890308832614086e-11,-2.8268474222169136e-11,0.009619443823361787,-0.0028493457942134434,stella_out_nc_complex_phi,fixtures/stella_w7x_mode_structure_run/stella_w7x_adiabatic_electrons.out.nc
0.3,55,-0.28515625,4.414838002234949e-11,-3.008250881175526e-11,0.009619443823361787,-0.0028493457942134434,stella_out_nc_complex_phi,fixtures/stella_w7x_mode_structure_run/stella_w7x_adiabatic_electrons.out.nc
0.3,56,-0.28125,3.650638055834187e-11,-2.782944578926284e-11,0.009619443823361787,-0.0028493457942134434,stella_out_nc_complex_phi,fixtures/stella_w7x_mode_structure_run/stella_w7x_adiabatic_electrons.out.nc
0.3,57,-0.27734375,3.0976105483106584e-11,-1.8633154324863033e-11,0.009619443823361787,-0.0028493457942134434,stella_out_nc_complex_phi,fixtures/stella_w7x_mode_structure_run/stella_w7x_adiabatic_electrons.out.nc
0.3,58,-0.2734375,3.120942978164741e-11,-9.596558851719554e-12,0.009619443823361787,-0.0028493457942134434,stella_out_nc_complex_phi,fixtures/stella_w7x_mode_structure_run/stella_w7x_adiabatic_electrons.out.nc
0.3,59,-0.26953125,2.690801124414177e-11,-2.0527505124678353e-13,0.009619443823361787,-0.0028493457942134434,stella_out_nc_complex_phi,fixtures/stella_w7x_mode_structure_run/stella_w7x_adiabatic_electrons.out.nc
0.3,60,-0.265625,1.0377840988937853e-11,4.297929568035346e-12,0.009619443823361787,-0.0028493457942134434,stella_out_nc_complex_phi,fixtures/stella_w7x_mode_structure_run/stella_w7x_adiabatic_electrons.out.nc
0.3,61,-0.26171875,-7.555322596040427e-12,6.886462666497841e-12,0.009619443823361787,-0.0028493457942134434,stella_out_nc_complex_phi,fixtures/stella_w7x_mode_structure_run/stella_w7x_adiabatic_electrons.out.nc
0.3,62,-0.2578125,-2.219336790422152e-11,1.2401282308274411e-11,0.009619443823361787,-0.0028493457942134434,stella_out_nc_complex_phi,fixtures/stella_w7x_mode_structure_run/stella_w7x_adiabatic_electrons.out.nc
0.3,63,-0.25390625,-3.238218916485732e-11,1.1262293363070673e-11,0.009619443823361787,-0.0028493457942134434,stella_out_nc_complex_phi,fixtures/stella_w7x_mode_structure_run/stella_w7x_adiabatic_electrons.out.nc
0.3,64,-0.25,-3.4600915413618385e-11,4.425359710986994e-12,0.009619443823361787,-0.0028493457942134434,stella_out_nc_complex_phi,fixtures/stella_w7x_mode_structure_run/stella_w7x_adiabatic_electrons.out.nc
0.3,65,-0.24609375000000003,-3.255531060825989e-11,1.2907489996961676e-12,0.009619443823361787,-0.0028493457942134434,stella_out_nc_complex_phi,fixtures/stella_w7x_mode_structure_run/stella_w7x_adiabatic_electrons.out.nc
0.3,66,-0.2421875,-3.389507524734017e-11,8.09328377244315e-12,0.009619443823361787,-0.0028493457942134434,stella_out_nc_complex_phi,fixtures/stella_w7x_mode_structure_run/stella_w7x_adiabatic_electrons.out.nc
0.3,67,-0.23828125,-4.765946429726369e-11,1.6854223766298087e-11,0.009619443823361787,-0.0028493457942134434,stella_out_nc_complex_phi,fixtures/stella_w7x_mode_structure_run/stella_w7x_adiabatic_electrons.out.nc
0.3,68,-0.234375,-7.08130165672335e-11,1.6238806714401482e-11,0.009619443823361787,-0.0028493457942134434,stella_out_nc_complex_phi,fixtures/stella_w7x_mode_structure_run/stella_w7x_adiabatic_electrons.out.nc
0.3,69,-0.23046875,-8.590093163583535e-11,1.175951796193472e-11,0.009619443823361787,-0.0028493457942134434,stella_out_nc_complex_phi,fixtures/stella_w7x_mode_structure_run/stella_w7x_adiabatic_electrons.out.nc
0.3,70,-0.22656250000000003,-8.748263233145555e-11,1.620629915722737e-11,0.009619443823361787,-0.0028493457942134434,stella_out_nc_complex_phi,fixtures/stella_w7x_mode_structure_run/stella_w7x_adiabatic_electrons.out.nc
0.3,71,-0.22265625,-7.713580109414767e-11,1.871268427312877e-11,0.009619443823361787,-0.0028493457942134434,stella_out_nc_complex_phi,fixtures/stella_w7x_mode_structure_run/stella_w7x_adiabatic_electrons.out.nc
0.3,72,-0.21875,-5.994915522042822e-11,8.77211030088368e-12,0.009619443823361787,-0.0028493457942134434,stella_out_nc_complex_phi,fixtures/stella_w7x_mode_structure_run/stella_w7x_adiabatic_electrons.out.nc
0.3,73,-0.21484375000000003,-5.024235435822808e-11,-8.912201116013693e-13,0.009619443823361787,-0.0028493457942134434,stella_out_nc_complex_phi,fixtures/stella_w7x_mode_structure_run/stella_w7x_adiabatic_electrons.out.nc
0.3,74,-0.2109375,-5.455325190656734e-11,-2.8406589152522984e-12,0.009619443823361787,-0.0028493457942134434,stella_out_nc_complex_phi,fixtures/stella_w7x_mode_structure_run/stella_w7x_adiabatic_electrons.out.nc
0.3,75,-0.20703125,-5.750821764590018e-11,-7.89676212681153e-13,0.009619443823361787,-0.0028493457942134434,stella_out_nc_complex_phi,fixtures/stella_w7x_mode_structure_run/stella_w7x_adiabatic_electrons.out.nc
0.3,76,-0.20312500000000003,-4.979790216716332e-11,-1.0884648132624191e-12,0.009619443823361787,-0.0028493457942134434,stella_out_nc_complex_phi,fixtures/stella_w7x_mode_structure_run/stella_w7x_adiabatic_electrons.out.nc
0.3,77,-0.19921875,-3.642603940158456e-11,-3.7395682318125846e-12,0.009619443823361787,-0.0028493457942134434,stella_out_nc_complex_phi,fixtures/stella_w7x_mode_structure_run/stella_w7x_adiabatic_electrons.out.nc
0.3,78,-0.1953125,-1.9834807815394126e-11,-7.738884639900926e-12,0.009619443823361787,-0.0028493457942134434,stella_out_nc_complex_phi,fixtures/stella_w7x_mode_structure_run/stella_w7x_adiabatic_electrons.out.nc
0.3,79,-0.19140625,2.6357960103361127e-12,-4.868418559916933e-12,0.009619443823361787,-0.0028493457942134434,stella_out_nc_complex_phi,fixtures/stella_w7x_mode_structure_run/stella_w7x_adiabatic_electrons.out.nc
0.3,80,-0.1875,2.4807804391777284e-11,-4.980816653857457e-12,0.009619443823361787,-0.0028493457942134434,stella_out_nc_complex_phi,fixtures/stella_w7x_mode_structure_run/stella_w7x_adiabatic_electrons.out.nc
0.3,81,-0.18359375000000003,2.8125747229934892e-11,-1.7504430719955276e-11,0.009619443823361787,-0.0028493457942134434,stella_out_nc_complex_phi,fixtures/stella_w7x_mode_structure_run/stella_w7x_adiabatic_electrons.out.nc
0.3,82,-0.1796875,1.6909219115772403e-11,-3.305524714774037e-11,0.009619443823361787,-0.0028493457942134434,stella_out_nc_complex_phi,fixtures/stella_w7x_mode_structure_run/stella_w7x_adiabatic_electrons.out.nc
0.3,83,-0.17578125,1.4186143918828214e-11,-4.490165308289877e-11,0.009619443823361787,-0.0028493457942134434,stella_out_nc_complex_phi,fixtures/stella_w7x_mode_structure_run/stella_w7x_adiabatic_electrons.out.nc
0.3,84,-0.171875,2.288731357611181e-11,-4.735338973416759e-11,0.009619443823361787,-0.0028493457942134434,stella_out_nc_complex_phi,fixtures/stella_w7x_mode_structure_run/stella_w7x_adiabatic_electrons.out.nc
0.3,85,-0.16796875,3.2706827091939206e-11,-4.496779059903961e-11,0.009619443823361787,-0.0028493457942134434,stella_out_nc_complex_phi,fixtures/stella_w7x_mode_structure_run/stella_w7x_adiabatic_electrons.out.nc
0.3,86,-0.1640625,3.85190568093399e-11,-4.338584005536114e-11,0.009619443823361787,-0.0028493457942134434,stella_out_nc_complex_phi,fixtures/stella_w7x_mode_structure_run/stella_w7x_adiabatic_electrons.out.nc
0.3,87,-0.16015625,4.16435524139163e-11,-4.292736107360293e-11,0.009619443823361787,-0.0028493457942134434,stella_out_nc_complex_phi,fixtures/stella_w7x_mode_structure_run/stella_w7x_adiabatic_electrons.out.nc
0.3,88,-0.15625,4.5082662766372665e-11,-4.606793904027376e-11,0.009619443823361787,-0.0028493457942134434,stella_out_nc_complex_phi,fixtures/stella_w7x_mode_structure_run/stella_w7x_adiabatic_electrons.out.nc
0.3,89,-0.15234375,4.7703539414471843e-11,-5.022744246549929e-11,0.009619443823361787,-0.0028493457942134434,stella_out_nc_complex_phi,fixtures/stella_w7x_mode_structure_run/stella_w7x_adiabatic_electrons.out.nc
0.3,90,-0.1484375,4.989352853044086e-11,-5.372979531225433e-11,0.009619443823361787,-0.0028493457942134434,stella_out_nc_complex_phi,fixtures/stella_w7x_mode_structure_run/stella_w7x_adiabatic_electrons.out.nc
0.3,91,-0.14453125,4.655272492500979e-11,-5.491319937493887e-11,0.009619443823361787,-0.0028493457942134434,stella_out_nc_complex_phi,fixtures/stella_w7x_mode_structure_run/stella_w7x_adiabatic_electrons.out.nc
0.3,92,-0.140625,3.807958354422886e-11,-5.303649610911902e-11,0.009619443823361787,-0.0028493457942134434,stella_out_nc_complex_phi,fixtures/stella_w7x_mode_structure_run/stella_w7x_adiabatic_electrons.out.nc
0.3,93,-0.13671875,2.818800808300905e-11,-4.471190037199575e-11,0.009619443823361787,-0.0028493457942134434,stella_out_nc_complex_phi,fixtures/stella_w7x_mode_structure_run/stella_w7x_adiabatic_electrons.out.nc
0.3,94,-0.1328125,2.2335050033082487e-11,-2.892123294205622e-11,0.009619443823361787,-0.0028493457942134434,stella_out_nc_complex_phi,fixtures/stella_w7x_mode_structure_run/stella_w7x_adiabatic_electrons.out.nc
0.3,95,-0.12890625,2.243779920372363e-11,-1.1531067614435496e-11,0.009619443823361787,-0.0028493457942134434,stella_out_nc_complex_phi,fixtures/stella_w7x_mode_structure_run/stella_w7x_adiabatic_electrons.out.nc
0.3,96,-0.125,1.7960233280116385e-11,1.1033753539970886e-12,0.009619443823361787,-0.0028493457942134434,stella_out_nc_complex_phi,fixtures/stella_w7x_mode_structure_run/stella_w7x_adiabatic_electrons.out.nc
0.3,97,-0.12109375,1.462094755253807e-11,2.2236196193457976e-12,0.009619443823361787,-0.0028493457942134434,stella_out_nc_complex_phi,fixtures/stella_w7x_mode_structure_run/stella_w7x_adiabatic_electrons.out.nc
0.3,98,-0.1171875,1.1528776586316794e-11,-6.375337268720181e-13,0.009619443823361787,-0.0028493457942134434,stella_out_nc_complex_phi,fixtures/stella_w7x_mode_structure_run/stella_w7x_adiabatic_electrons.out.nc
0.3,99,-0.11328125000000001,6.456280678219424e-12,1.1880305243439376e-12,0.009619443823361787,-0.0028493457942134434,stella_out_nc_complex_phi,fixtures/stella_w7x_mode_structure_run/stella_w7x_adiabatic_electrons.out.nc
0.3,100,-0.109375,3.553204140942948e-12,5.657394814235605e-13,0.009619443823361787,-0.0028493457942134434,stella_out_nc_complex_phi,fixtures/stella_w7x_mode_structure_run/stella_w7x_adiabatic_electrons.out.nc
0.3,101,-0.10546875,-4.4989542674603985e-12,5.736499457345849e-12,0.009619443823361787,-0.0028493457942134434,stella_out_nc_complex_phi,fixtures/stella_w7x_mode_structure_run/stella_w7x_adiabatic_electrons.out.nc
0.3,102,-0.10156250000000001,-1.2295730889327834e-11,1.5093910668970295e-11,0.009619443823361787,-0.0028493457942134434,stella_out_nc_complex_phi,fixtures/stella_w7x_mode_structure_run/stella_w7x_adiabatic_electrons.out.nc
0.3,103,-0.09765625,-2.0002900857015265e-11,1.1579151736319276e-11,0.009619443823361787,-0.0028493457942134434,stella_out_nc_complex_phi,fixtures/stella_w7x_mode_structure_run/stella_w7x_adiabatic_electrons.out.nc
0.3,104,-0.09375,-3.128651516524018e-11,4.25273918805605e-12,0.009619443823361787,-0.0028493457942134434,stella_out_nc_complex_phi,fixtures/stella_w7x_mode_structure_run/stella_w7x_adiabatic_electrons.out.nc
0.3,105,-0.08984375,-4.51056941270826e-11,5.113420587393818e-13,0.009619443823361787,-0.0028493457942134434,stella_out_nc_complex_phi,fixtures/stella_w7x_mode_structure_run/stella_w7x_adiabatic_electrons.out.nc
0.3,106,-0.0859375,-5.0230326036814434e-11,-3.678721253291077e-12,0.009619443823361787,-0.0028493457942134434,stella_out_nc_complex_phi,fixtures/stella_w7x_mode_structure_run/stella_w7x_adiabatic_electrons.out.nc
0.3,107,-0.08203125,-4.404905544466202e-11,-6.081057084162059e-12,0.009619443823361787,-0.0028493457942134434,stella_out_nc_complex_phi,fixtures/stella_w7x_mode_structure_run/stella_w7x_adiabatic_electrons.out.nc
0.3,108,-0.078125,-3.494754483862745e-11,-5.136352408722753e-12,0.009619443823361787,-0.0028493457942134434,stella_out_nc_complex_phi,fixtures/stella_w7x_mode_structure_run/stella_w7x_adiabatic_electrons.out.nc
0.3,109,-0.07421875,-2.986037625314266e-11,1.5860706852218395e-12,0.009619443823361787,-0.0028493457942134434,stella_out_nc_complex_phi,fixtures/stella_w7x_mode_structure_run/stella_w7x_adiabatic_electrons.out.nc
0.3,110,-0.0703125,-3.2732235470477725e-11,1.942265612748398e-12,0.009619443823361787,-0.0028493457942134434,stella_out_nc_complex_phi,fixtures/stella_w7x_mode_structure_run/stella_w7x_adiabatic_electrons.out.nc
0.3,111,-0.06640625,-3.9370750667927984e-11,-9.5580229857668e-12,0.009619443823361787,-0.0028493457942134434,stella_out_nc_complex_phi,fixtures/stella_w7x_mode_structure_run/stella_w7x_adiabatic_electrons.out.nc
0.3,112,-0.0625,-4.185482968100006e-11,-1.8854364894263135e-11,0.009619443823361787,-0.0028493457942134434,stella_out_nc_complex_phi,fixtures/stella_w7x_mode_structure_run/stella_w7x_adiabatic_electrons.out.nc
0.3,113,-0.05859375,-3.896600004120972e-11,-2.034991322630348e-11,0.009619443823361787,-0.0028493457942134434,stella_out_nc_complex_phi,fixtures/stella_w7x_mode_structure_run/stella_w7x_adiabatic_electrons.out.nc
0.3,114,-0.0546875,-3.202802978588306e-11,-1.6638061390288104e-11,0.009619443823361787,-0.0028493457942134434,stella_out_nc_complex_phi,fixtures/stella_w7x_mode_structure_run/stella_w7x_adiabatic_electrons.out.nc
0.3,115,-0.05078125000000001,-1.5310470759664564e-11,-1.50740760470007e-11,0.009619443823361787,-0.0028493457942134434,stella_out_nc_complex_phi,fixtures/stella_w7x_mode_structure_run/stella_w7x_adiabatic_electrons.out.nc
0.3,116,-0.046875,-8.180712456774296e-12,-6.229800798673873e-12,0.009619443823361787,-0.0028493457942134434,stella_out_nc_complex_phi,fixtures/stella_w7x_mode_structure_run/stella_w7x_adiabatic_electrons.out.nc
0.3,117,-0.04296875,-1.4069650684056271e-11,1.492192149306485e-11,0.009619443823361787,-0.0028493457942134434,stella_out_nc_complex_phi,fixtures/stella_w7x_mode_structure_run/stella_w7x_adiabatic_electrons.out.nc
0.3,118,-0.0390625,-1.4330556520194274e-11,1.3257104915949603e-11,0.009619443823361787,-0.0028493457942134434,stella_out_nc_complex_phi,fixtures/stella_w7x_mode_structure_run/stella_w7x_adiabatic_electrons.out.nc
0.3,119,-0.03515625,-6.040998487630895e-12,-6.804457491958277e-12,0.009619443823361787,-0.0028493457942134434,stella_out_nc_complex_phi,fixtures/stella_w7x_mode_structure_run/stella_w7x_adiabatic_electrons.out.nc
0.3,120,-0.03125,-3.374965589534741e-12,-1.0521221857679655e-11,0.009619443823361787,-0.0028493457942134434,stella_out_nc_complex_phi,fixtures/stella_w7x_mode_structure_run/stella_w7x_adiabatic_electrons.out.nc
0.3,121,-0.02734375,-2.835955790781618e-12,-5.822910496090791e-12,0.009619443823361787,-0.0028493457942134434,stella_out_nc_complex_phi,fixtures/stella_w7x_mode_structure_run/stella_w7x_adiabatic_electrons.out.nc
0.3,122,-0.0234375,-8.50766592502066e-13,6.108620799463518e-12,0.009619443823361787,-0.0028493457942134434,stella_out_nc_complex_phi,fixtures/stella_w7x_mode_structure_run/stella_w7x_adiabatic_electrons.out.nc
0.3,123,-0.01953125,-1.400186121171567e-12,1.5803596586796826e-11,0.009619443823361787,-0.0028493457942134434,stella_out_nc_complex_phi,fixtures/stella_w7x_mode_structure_run/stella_w7x_adiabatic_electrons.out.nc
0.3,124,-0.015625,-9.79493952213923e-13,1.710556370486466e-11,0.009619443823361787,-0.0028493457942134434,stella_out_nc_complex_phi,fixtures/stella_w7x_mode_structure_run/stella_w7x_adiabatic_electrons.out.nc
0.3,125,-0.01171875,6.139056317994527e-13,1.8823317358286915e-11,0.009619443823361787,-0.0028493457942134434,stella_out_nc_complex_phi,fixtures/stella_w7x_mode_structure_run/stella_w7x_adiabatic_electrons.out.nc
0.3,126,-0.0078125,1.972441699702353e-12,2.3921495987814037e-11,0.009619443823361787,-0.0028493457942134434,stella_out_nc_complex_phi,fixtures/stella_w7x_mode_structure_run/stella_w7x_adiabatic_electrons.out.nc
0.3,127,-0.00390625,3.7744169191393905e-12,2.7436976058038866e-11,0.009619443823361787,-0.0028493457942134434,stella_out_nc_complex_phi,fixtures/stella_w7x_mode_structure_run/stella_w7x_adiabatic_electrons.out.nc
0.3,128,0.0,5.184107689546065e-12,2.867177384808569e-11,0.009619443823361787,-0.0028493457942134434,stella_out_nc_complex_phi,fixtures/stella_w7x_mode_structure_run/stella_w7x_adiabatic_electrons.out.nc
0.3,129,0.00390625,3.774416919139091e-12,2.743697605803787e-11,0.009619443823361787,-0.0028493457942134434,stella_out_nc_complex_phi,fixtures/stella_w7x_mode_structure_run/stella_w7x_adiabatic_electrons.out.nc
0.3,130,0.0078125,1.972441699702128e-12,2.3921495987811934e-11,0.009619443823361787,-0.0028493457942134434,stella_out_nc_complex_phi,fixtures/stella_w7x_mode_structure_run/stella_w7x_adiabatic_electrons.out.nc
0.3,131,0.01171875,6.139056317991395e-13,1.8823317358284052e-11,0.009619443823361787,-0.0028493457942134434,stella_out_nc_complex_phi,fixtures/stella_w7x_mode_structure_run/stella_w7x_adiabatic_electrons.out.nc
0.3,132,0.015625,-9.79493952214096e-13,1.7105563704863144e-11,0.009619443823361787,-0.0028493457942134434,stella_out_nc_complex_phi,fixtures/stella_w7x_mode_structure_run/stella_w7x_adiabatic_electrons.out.nc
0.3,133,0.01953125,-1.4001861211717699e-12,1.5803596586793514e-11,0.009619443823361787,-0.0028493457942134434,stella_out_nc_complex_phi,fixtures/stella_w7x_mode_structure_run/stella_w7x_adiabatic_electrons.out.nc
0.3,134,0.0234375,-8.507665925037109e-13,6.1086207994575496e-12,0.009619443823361787,-0.0028493457942134434,stella_out_nc_complex_phi,fixtures/stella_w7x_mode_structure_run/stella_w7x_adiabatic_electrons.out.nc
0.3,135,0.02734375,-2.835955790783219e-12,-5.822910496095705e-12,0.009619443823361787,-0.0028493457942134434,stella_out_nc_complex_phi,fixtures/stella_w7x_mode_structure_run/stella_w7x_adiabatic_electrons.out.nc
0.3,136,0.03125,-3.374965589536031e-12,-1.0521221857682416e-11,0.009619443823361787,-0.0028493457942134434,stella_out_nc_complex_phi,fixtures/stella_w7x_mode_structure_run/stella_w7x_adiabatic_electrons.out.nc
0.3,137,0.03515625,-6.040998487631017e-12,-6.804457491959003e-12,0.009619443823361787,-0.0028493457942134434,stella_out_nc_complex_phi,fixtures/stella_w7x_mode_structure_run/stella_w7x_adiabatic_electrons.out.nc
0.3,138,0.0390625,-1.4330556520196756e-11,1.3257104915939333e-11,0.009619443823361787,-0.0028493457942134434,stella_out_nc_complex_phi,fixtures/stella_w7x_mode_structure_run/stella_w7x_adiabatic_electrons.out.nc
0.3,139,0.04296875,-1.4069650684057703e-11,1.4921921493046745e-11,0.009619443823361787,-0.0028493457942134434,stella_out_nc_complex_phi,fixtures/stella_w7x_mode_structure_run/stella_w7x_adiabatic_electrons.out.nc
0.3,140,0.046875,-8.1807124567725e-12,-6.229800798680792e-12,0.009619443823361787,-0.0028493457942134434,stella_out_nc_complex_phi,fixtures/stella_w7x_mode_structure_run/stella_w7x_adiabatic_electrons.out.nc
0.3,141,0.05078125000000001,-1.5310470759669036e-11,-1.5074076047002315e-11,0.009619443823361787,-0.0028493457942134434,stella_out_nc_complex_phi,fixtures/stella_w7x_mode_structure_run/stella_w7x_adiabatic_electrons.out.nc
0.3,142,0.0546875,-3.202802978588956e-11,-1.6638061390295083e-11,0.009619443823361787,-0.0028493457942134434,stella_out_nc_complex_phi,fixtures/stella_w7x_mode_structure_run/stella_w7x_adiabatic_electrons.out.nc
0.3,143,0.05859375,-3.89660000412144e-11,-2.0349913226309786e-11,0.009619443823361787,-0.0028493457942134434,stella_out_nc_complex_phi,fixtures/stella_w7x_mode_structure_run/stella_w7x_adiabatic_electrons.out.nc
0.3,144,0.0625,-4.185482968100463e-11,-1.8854364894266324e-11,0.009619443823361787,-0.0028493457942134434,stella_out_nc_complex_phi,fixtures/stella_w7x_mode_structure_run/stella_w7x_adiabatic_electrons.out.nc
0.3,145,0.06640625,-3.937075066792854e-11,-9.558022985766512e-12,0.009619443823361787,-0.0028493457942134434,stella_out_nc_complex_phi,fixtures/stella_w7x_mode_structure_run/stella_w7x_adiabatic_electrons.out.nc
0.3,146,0.0703125,-3.273223547047186e-11,1.942265612747791e-12,0.009619443823361787,-0.0028493457942134434,stella_out_nc_complex_phi,fixtures/stella_w7x_mode_structure_run/stella_w7x_adiabatic_electrons.out.nc
0.3,147,0.07421875,-2.986037625313892e-11,1.58607068521847e-12,0.009619443823361787,-0.0028493457942134434,stella_out_nc_complex_phi,fixtures/stella_w7x_mode_structure_run/stella_w7x_adiabatic_electrons.out.nc
0.3,148,0.078125,-3.4947544838630133e-11,-5.1363524087264055e-12,0.009619443823361787,-0.0028493457942134434,stella_out_nc_complex_phi,fixtures/stella_w7x_mode_structure_run/stella_w7x_adiabatic_electrons.out.nc
0.3,149,0.08203125,-4.4049055444665695e-11,-6.081057084163306e-12,0.009619443823361787,-0.0028493457942134434,stella_out_nc_complex_phi,fixtures/stella_w7x_mode_structure_run/stella_w7x_adiabatic_electrons.out.nc
0.3,150,0.0859375,-5.023032603681608e-11,-3.678721253289906e-12,0.009619443823361787,-0.0028493457942134434,stella_out_nc_complex_phi,fixtures/stella_w7x_mode_structure_run/stella_w7x_adiabatic_electrons.out.nc
0.3,151,0.08984375,-4.51056941270806e-11,5.113420587414144e-13,0.009619443823361787,-0.0028493457942134434,stella_out_nc_complex_phi,fixtures/stella_w7x_mode_structure_run/stella_w7x_adiabatic_electrons.out.nc
0.3,152,0.09375,-3.1286515165235745e-11,4.252739188060111e-12,0.009619443823361787,-0.0028493457942134434,stella_out_nc_complex_phi,fixtures/stella_w7x_mode_structure_run/stella_w7x_adiabatic_electrons.out.nc
0.3,153,0.09765625,-2.000290085701385e-11,1.1579151736323344e-11,0.009619443823361787,-0.0028493457942134434,stella_out_nc_complex_phi,fixtures/stella_w7x_mode_structure_run/stella_w7x_adiabatic_electrons.out.nc
0.3,154,0.10156250000000001,-1.2295730889327709e-11,1.5093910668967946e-11,0.009619443823361787,-0.0028493457942134434,stella_out_nc_complex_phi,fixtures/stella_w7x_mode_structure_run/stella_w7x_adiabatic_electrons.out.nc
0.3,155,0.10546875,-4.498954267456567e-12,5.736499457344523e-12,0.009619443823361787,-0.0028493457942134434,stella_out_nc_complex_phi,fixtures/stella_w7x_mode_structure_run/stella_w7x_adiabatic_electrons.out.nc
0.3,156,0.109375,3.553204140948571e-12,5.657394814277786e-13,0.009619443823361787,-0.0028493457942134434,stella_out_nc_complex_phi,fixtures/stella_w7x_mode_structure_run/stella_w7x_adiabatic_electrons.out.nc
0.3,157,0.11328125000000001,6.456280678224368e-12,1.1880305243496002e-12,0.009619443823361787,-0.0028493457942134434,stella_out_nc_complex_phi,fixtures/stella_w7x_mode_structure_run/stella_w7x_adiabatic_electrons.out.nc
0.3,158,0.1171875,1.1528776586319652e-11,-6.375337268649463e-13,0.009619443823361787,-0.0028493457942134434,stella_out_nc_complex_phi,fixtures/stella_w7x_mode_structure_run/stella_w7x_adiabatic_electrons.out.nc
0.3,159,0.12109375,1.462094755254037e-11,2.223619619352805e-12,0.009619443823361787,-0.0028493457942134434,stella_out_nc_complex_phi,fixtures/stella_w7x_mode_structure_run/stella_w7x_adiabatic_electrons.out.nc
0.3,160,0.125,1.7960233280119225e-11,1.1033753540016793e-12,0.009619443823361787,-0.0028493457942134434,stella_out_nc_complex_phi,fixtures/stella_w7x_mode_structure_run/stella_w7x_adiabatic_electrons.out.nc
0.3,161,0.12890625,2.2437799203725355e-11,-1.1531067614434047e-11,0.009619443823361787,-0.0028493457942134434,stella_out_nc_complex_phi,fixtures/stella_w7x_mode_structure_run/stella_w7x_adiabatic_electrons.out.nc
0.3,162,0.1328125,2.2335050033085014e-11,-2.8921232942054993e-11,0.009619443823361787,-0.0028493457942134434,stella_out_nc_complex_phi,fixtures/stella_w7x_mode_structure_run/stella_w7x_adiabatic_electrons.out.nc
0.3,163,0.13671875,2.8188008083014856e-11,-4.471190037199337e-11,0.009619443823361787,-0.0028493457942134434,stella_out_nc_complex_phi,fixtures/stella_w7x_mode_structure_run/stella_w7x_adiabatic_electrons.out.nc
0.3,164,0.140625,3.8079583544235184e-11,-5.3036496109113225e-11,0.009619443823361787,-0.0028493457942134434,stella_out_nc_complex_phi,fixtures/stella_w7x_mode_structure_run/stella_w7x_adiabatic_electrons.out.nc
0.3,165,0.14453125,4.655272492501636e-11,-5.491319937493053e-11,0.009619443823361787,-0.0028493457942134434,stella_out_nc_complex_phi,fixtures/stella_w7x_mode_structure_run/stella_w7x_adiabatic_electrons.out.nc
0.3,166,0.1484375,4.989352853044709e-11,-5.372979531224623e-11,0.009619443823361787,-0.0028493457942134434,stella_out_nc_complex_phi,fixtures/stella_w7x_mode_structure_run/stella_w7x_adiabatic_electrons.out.nc
0.3,167,0.15234375,4.770353941447618e-11,-5.0227442465491955e-11,0.009619443823361787,-0.0028493457942134434,stella_out_nc_complex_phi,fixtures/stella_w7x_mode_structure_run/stella_w7x_adiabatic_electrons.out.nc
0.3,168,0.15625,4.508266276637607e-11,-4.6067939040267264e-11,0.009619443823361787,-0.0028493457942134434,stella_out_nc_complex_phi,fixtures/stella_w7x_mode_structure_run/stella_w7x_adiabatic_electrons.out.nc
0.3,169,0.16015625,4.1643552413918845e-11,-4.292736107359757e-11,0.009619443823361787,-0.0028493457942134434,stella_out_nc_complex_phi,fixtures/stella_w7x_mode_structure_run/stella_w7x_adiabatic_electrons.out.nc
0.3,170,0.1640625,3.851905680934227e-11,-4.338584005535797e-11,0.009619443823361787,-0.0028493457942134434,stella_out_nc_complex_phi,fixtures/stella_w7x_mode_structure_run/stella_w7x_adiabatic_electrons.out.nc
0.3,171,0.16796875,3.270682709193992e-11,-4.496779059903886e-11,0.009619443823361787,-0.0028493457942134434,stella_out_nc_complex_phi,fixtures/stella_w7x_mode_structure_run/stella_w7x_adiabatic_electrons.out.nc
0.3,172,0.171875,2.288731357611245e-11,-4.735338973416834e-11,0.009619443823361787,-0.0028493457942134434,stella_out_nc_complex_phi,fixtures/stella_w7x_mode_structure_run/stella_w7x_adiabatic_electrons.out.nc
0.3,173,0.17578125,1.418614391882901e-11,-4.4901653082897656e-11,0.009619443823361787,-0.0028493457942134434,stella_out_nc_complex_phi,fixtures/stella_w7x_mode_structure_run/stella_w7x_adiabatic_electrons.out.nc
0.3,174,0.1796875,1.6909219115775748e-11,-3.3055247147737485e-11,0.009619443823361787,-0.0028493457942134434,stella_out_nc_complex_phi,fixtures/stella_w7x_mode_structure_run/stella_w7x_adiabatic_electrons.out.nc
0.3,175,0.18359375000000003,2.8125747229939258e-11,-1.7504430719953735e-11,0.009619443823361787,-0.0028493457942134434,stella_out_nc_complex_phi,fixtures/stella_w7x_mode_structure_run/stella_w7x_adiabatic_electrons.out.nc
0.3,176,0.1875,2.4807804391774563e-11,-4.9808166538552334e-12,0.009619443823361787,-0.0028493457942134434,stella_out_nc_complex_phi,fixtures/stella_w7x_mode_structure_run/stella_w7x_adiabatic_electrons.out.nc
0.3,177,0.19140625,2.6357960103287675e-12,-4.868418559917865e-12,0.009619443823361787,-0.0028493457942134434,stella_out_nc_complex_phi,fixtures/stella_w7x_mode_structure_run/stella_w7x_adiabatic_electrons.out.nc
0.3,178,0.1953125,-1.983480781540222e-11,-7.738884639903125e-12,0.009619443823361787,-0.0028493457942134434,stella_out_nc_complex_phi,fixtures/stella_w7x_mode_structure_run/stella_w7x_adiabatic_electrons.out.nc
0.3,179,0.19921875,-3.6426039401593413e-11,-3.739568231811884e-12,0.009619443823361787,-0.0028493457942134434,stella_out_nc_complex_phi,fixtures/stella_w7x_mode_structure_run/stella_w7x_adiabatic_electrons.out.nc
0.3,180,0.20312500000000003,-4.9797902167170975e-11,-1.0884648132635935e-12,0.009619443823361787,-0.0028493457942134434,stella_out_nc_complex_phi,fixtures/stella_w7x_mode_structure_run/stella_w7x_adiabatic_electrons.out.nc
0.3,181,0.20703125,-5.7508217645905534e-11,-7.896762126835268e-13,0.009619443823361787,-0.0028493457942134434,stella_out_nc_complex_phi,fixtures/stella_w7x_mode_structure_run/stella_w7x_adiabatic_electrons.out.nc
0.3,182,0.2109375,-5.4553251906571034e-11,-2.840658915254834e-12,0.009619443823361787,-0.0028493457942134434,stella_out_nc_complex_phi,fixtures/stella_w7x_mode_structure_run/stella_w7x_adiabatic_electrons.out.nc
0.3,183,0.21484375000000003,-5.0242354358234095e-11,-8.912201116020301e-13,0.009619443823361787,-0.0028493457942134434,stella_out_nc_complex_phi,fixtures/stella_w7x_mode_structure_run/stella_w7x_adiabatic_electrons.out.nc
0.3,184,0.21875,-5.994915522043657e-11,8.772110300885362e-12,0.009619443823361787,-0.0028493457942134434,stella_out_nc_complex_phi,fixtures/stella_w7x_mode_structure_run/stella_w7x_adiabatic_electrons.out.nc
0.3,185,0.22265625,-7.713580109415699e-11,1.8712684273130076e-11,0.009619443823361787,-0.0028493457942134434,stella_out_nc_complex_phi,fixtures/stella_w7x_mode_structure_run/stella_w7x_adiabatic_electrons.out.nc
0.3,186,0.22656250000000003,-8.748263233146466e-11,1.620629915722606e-11,0.009619443823361787,-0.0028493457942134434,stella_out_nc_complex_phi,fixtures/stella_w7x_mode_structure_run/stella_w7x_adiabatic_electrons.out.nc
0.3,187,0.23046875,-8.590093163584211e-11,1.1759517961933634e-11,0.009619443823361787,-0.0028493457942134434,stella_out_nc_complex_phi,fixtures/stella_w7x_mode_structure_run/stella_w7x_adiabatic_electrons.out.nc
0.3,188,0.234375,-7.081301656723825e-11,1.623880671440308e-11,0.009619443823361787,-0.0028493457942134434,stella_out_nc_complex_phi,fixtures/stella_w7x_mode_structure_run/stella_w7x_adiabatic_electrons.out.nc
0.3,189,0.23828125,-4.7659464297267206e-11,1.6854223766299292e-11,0.009619443823361787,-0.0028493457942134434,stella_out_nc_complex_phi,fixtures/stella_w7x_mode_structure_run/stella_w7x_adiabatic_electrons.out.nc
0.3,190,0.2421875,-3.389507524734339e-11,8.093283772444798e-12,0.009619443823361787,-0.0028493457942134434,stella_out_nc_complex_phi,fixtures/stella_w7x_mode_structure_run/stella_w7x_adiabatic_electrons.out.nc
0.3,191,0.24609375000000003,-3.25553106082634e-11,1.2907489996984326e-12,0.009619443823361787,-0.0028493457942134434,stella_out_nc_complex_phi,fixtures/stella_w7x_mode_structure_run/stella_w7x_adiabatic_electrons.out.nc
0.3,192,0.25,-3.460091541362239e-11,4.425359710989562e-12,0.009619443823361787,-0.0028493457942134434,stella_out_nc_complex_phi,fixtures/stella_w7x_mode_structure_run/stella_w7x_adiabatic_electrons.out.nc
0.3,193,0.25390625,-3.238218916486012e-11,1.1262293363073387e-11,0.009619443823361787,-0.0028493457942134434,stella_out_nc_complex_phi,fixtures/stella_w7x_mode_structure_run/stella_w7x_adiabatic_electrons.out.nc
0.3,194,0.2578125,-2.2193367904221974e-11,1.2401282308276883e-11,0.009619443823361787,-0.0028493457942134434,stella_out_nc_complex_phi,fixtures/stella_w7x_mode_structure_run/stella_w7x_adiabatic_electrons.out.nc
0.3,195,0.26171875,-7.555322596038925e-12,6.8864626664995124e-12,0.009619443823361787,-0.0028493457942134434,stella_out_nc_complex_phi,fixtures/stella_w7x_mode_structure_run/stella_w7x_adiabatic_electrons.out.nc
0.3,196,0.265625,1.037784098894065e-11,4.29792956803768e-12,0.009619443823361787,-0.0028493457942134434,stella_out_nc_complex_phi,fixtures/stella_w7x_mode_structure_run/stella_w7x_adiabatic_electrons.out.nc
0.3,197,0.26953125,2.6908011244145627e-11,-2.0527505124482226e-13,0.009619443823361787,-0.0028493457942134434,stella_out_nc_complex_phi,fixtures/stella_w7x_mode_structure_run/stella_w7x_adiabatic_electrons.out.nc
0.3,198,0.2734375,3.120942978165114e-11,-9.596558851718617e-12,0.009619443823361787,-0.0028493457942134434,stella_out_nc_complex_phi,fixtures/stella_w7x_mode_structure_run/stella_w7x_adiabatic_electrons.out.nc
0.3,199,0.27734375,3.0976105483110946e-11,-1.8633154324863178e-11,0.009619443823361787,-0.0028493457942134434,stella_out_nc_complex_phi,fixtures/stella_w7x_mode_structure_run/stella_w7x_adiabatic_electrons.out.nc
0.3,200,0.28125,3.6506380558347595e-11,-2.7829445789264213e-11,0.009619443823361787,-0.0028493457942134434,stella_out_nc_complex_phi,fixtures/stella_w7x_mode_structure_run/stella_w7x_adiabatic_electrons.out.nc
0.3,201,0.28515625,4.41483800223563e-11,-3.008250881175713e-11,0.009619443823361787,-0.0028493457942134434,stella_out_nc_complex_phi,fixtures/stella_w7x_mode_structure_run/stella_w7x_adiabatic_electrons.out.nc
0.3,202,0.2890625,4.889030883262097e-11,-2.8268474222170406e-11,0.009619443823361787,-0.0028493457942134434,stella_out_nc_complex_phi,fixtures/stella_w7x_mode_structure_run/stella_w7x_adiabatic_electrons.out.nc
0.3,203,0.29296875,5.093203613013741e-11,-3.090868432784724e-11,0.009619443823361787,-0.0028493457942134434,stella_out_nc_complex_phi,fixtures/stella_w7x_mode_structure_run/stella_w7x_adiabatic_electrons.out.nc
0.3,204,0.296875,5.053579729350122e-11,-3.209007367778829e-11,0.009619443823361787,-0.0028493457942134434,stella_out_nc_complex_phi,fixtures/stella_w7x_mode_structure_run/stella_w7x_adiabatic_electrons.out.nc
0.3,205,0.30078125,5.0313860070584e-11,-2.8665865112420337e-11,0.009619443823361787,-0.0028493457942134434,stella_out_nc_complex_phi,fixtures/stella_w7x_mode_structure_run/stella_w7x_adiabatic_electrons.out.nc
0.3,206,0.3046875,4.8429835214541496e-11,-2.2862872490933183e-11,0.009619443823361787,-0.0028493457942134434,stella_out_nc_complex_phi,fixtures/stella_w7x_mode_structure_run/stella_w7x_adiabatic_electrons.out.nc
0.3,207,0.30859375,4.793339056368444e-11,-1.804870377554138e-11,0.009619443823361787,-0.0028493457942134434,stella_out_nc_complex_phi,fixtures/stella_w7x_mode_structure_run/stella_w7x_adiabatic_electrons.out.nc
0.3,208,0.3125,4.8727257469447056e-11,-1.4389791469192297e-11,0.009619443823361787,-0.0028493457942134434,stella_out_nc_complex_phi,fixtures/stella_w7x_mode_structure_run/stella_w7x_adiabatic_electrons.out.nc
0.3,209,0.31640625,4.8412585211898984e-11,-1.0579159404613467e-11,0.009619443823361787,-0.0028493457942134434,stella_out_nc_complex_phi,fixtures/stella_w7x_mode_structure_run/stella_w7x_adiabatic_electrons.out.nc
0.3,210,0.3203125,4.6972815555390573e-11,-5.650389034235259e-12,0.009619443823361787,-0.0028493457942134434,stella_out_nc_complex_phi,fixtures/stella_w7x_mode_structure_run/stella_w7x_adiabatic_electrons.out.nc
0.3,211,0.32421875000000006,4.837215975833842e-11,8.799716820860509e-13,0.009619443823361787,-0.0028493457942134434,stella_out_nc_complex_phi,fixtures/stella_w7x_mode_structure_run/stella_w7x_adiabatic_electrons.out.nc
0.3,212,0.328125,4.916295844328533e-11,1.3427925489214874e-11,0.009619443823361787,-0.0028493457942134434,stella_out_nc_complex_phi,fixtures/stella_w7x_mode_structure_run/stella_w7x_adiabatic_electrons.out.nc
0.3,213,0.33203125,4.383316199035812e-11,3.1924784948186797e-11,0.009619443823361787,-0.0028493457942134434,stella_out_nc_complex_phi,fixtures/stella_w7x_mode_structure_run/stella_w7x_adiabatic_electrons.out.nc
0.3,214,0.3359375,3.655370888559374e-11,4.274462391081409e-11,0.009619443823361787,-0.0028493457942134434,stella_out_nc_complex_phi,fixtures/stella_w7x_mode_structure_run/stella_w7x_adiabatic_electrons.out.nc
0.3,215,0.33984375,3.51047976858465e-11,5.029287890742325e-11,0.009619443823361787,-0.0028493457942134434,stella_out_nc_complex_phi,fixtures/stella_w7x_mode_structure_run/stella_w7x_adiabatic_electrons.out.nc
0.3,216,0.34375,3.231235287081627e-11,6.19509607692336e-11,0.009619443823361787,-0.0028493457942134434,stella_out_nc_complex_phi,fixtures/stella_w7x_mode_structure_run/stella_w7x_adiabatic_electrons.out.nc
0.3,217,0.34765625000000006,2.1662480899717844e-11,6.948277959006425e-11,0.009619443823361787,-0.0028493457942134434,stella_out_nc_complex_phi,fixtures/stella_w7x_mode_structure_run/stella_w7x_adiabatic_electrons.out.nc
0.3,218,0.3515625,7.037125007376809e-12,6.989989233988736e-11,0.009619443823361787,-0.0028493457942134434,stella_out_nc_complex_phi,fixtures/stella_w7x_mode_structure_run/stella_w7x_adiabatic_electrons.out.nc
0.3,219,0.35546875,-8.046285014341939e-12,6.883902284983891e-11,0.009619443823361787,-0.0028493457942134434,stella_out_nc_complex_phi,fixtures/stella_w7x_mode_structure_run/stella_w7x_adiabatic_electrons.out.nc
0.3,220,0.359375,-8.110595736722906e-12,7.615668441116978e-11,0.009619443823361787,-0.0028493457942134434,stella_out_nc_complex_phi,fixtures/stella_w7x_mode_structure_run/stella_w7x_adiabatic_electrons.out.nc
0.3,221,0.36328125,-4.431460748604131e-12,8.796584130273442e-11,0.009619443823361787,-0.0028493457942134434,stella_out_nc_complex_phi,fixtures/stella_w7x_mode_structure_run/stella_w7x_adiabatic_electrons.out.nc
0.3,222,0.36718750000000006,-1.633368374479477e-11,9.241954956060135e-11,0.009619443823361787,-0.0028493457942134434,stella_out_nc_complex_phi,fixtures/stella_w7x_mode_structure_run/stella_w7x_adiabatic_electrons.out.nc
0.3,223,0.37109375,-3.326061762631999e-11,8.19328502728802e-11,0.009619443823361787,-0.0028493457942134434,stella_out_nc_complex_phi,fixtures/stella_w7x_mode_structure_run/stella_w7x_adiabatic_electrons.out.nc
0.3,224,0.375,-3.397306503214401e-11,6.905700614185815e-11,0.009619443823361787,-0.0028493457942134434,stella_out_nc_complex_phi,fixtures/stella_w7x_mode_structure_run/stella_w7x_adiabatic_electrons.out.nc
0.3,225,0.37890625,-2.281384453124703e-11,5.0596446845321907e-11,0.009619443823361787,-0.0028493457942134434,stella_out_nc_complex_phi,fixtures/stella_w7x_mode_structure_run/stella_w7x_adiabatic_electrons.out.nc
0.3,226,0.3828125,-1.4018836100768429e-11,3.348029434442239e-11,0.009619443823361787,-0.0028493457942134434,stella_out_nc_complex_phi,fixtures/stella_w7x_mode_structure_run/stella_w7x_adiabatic_electrons.out.nc
0.3,227,0.38671875000000006,-1.21415469991919e-11,2.594307036821143e-11,0.009619443823361787,-0.0028493457942134434,stella_out_nc_complex_phi,fixtures/stella_w7x_mode_structure_run/stella_w7x_adiabatic_electrons.out.nc
0.3,228,0.390625,-1.5734084072003225e-11,2.426080252737597e-11,0.009619443823361787,-0.0028493457942134434,stella_out_nc_complex_phi,fixtures/stella_w7x_mode_structure_run/stella_w7x_adiabatic_electrons.out.nc
0.3,229,0.39453125,-2.2142243022931737e-11,2.447880082337241e-11,0.009619443823361787,-0.0028493457942134434,stella_out_nc_complex_phi,fixtures/stella_w7x_mode_structure_run/stella_w7x_adiabatic_electrons.out.nc
0.3,230,0.3984375,-2.679430018285217e-11,1.736758233411398e-11,0.009619443823361787,-0.0028493457942134434,stella_out_nc_complex_phi,fixtures/stella_w7x_mode_structure_run/stella_w7x_adiabatic_electrons.out.nc
0.3,231,0.40234375,-2.960404930456141e-11,-2.5075982341636604e-12,0.009619443823361787,-0.0028493457942134434,stella_out_nc_complex_phi,fixtures/stella_w7x_mode_structure_run/stella_w7x_adiabatic_electrons.out.nc
0.3,232,0.40625000000000006,-1.515701035307831e-11,-2.7784093283020183e-11,0.009619443823361787,-0.0028493457942134434,stella_out_nc_complex_phi,fixtures/stella_w7x_mode_structure_run/stella_w7x_adiabatic_electrons.out.nc
0.3,233,0.41015625000000006,4.93931726709909e-12,-4.991503280511366e-11,0.009619443823361787,-0.0028493457942134434,stella_out_nc_complex_phi,fixtures/stella_w7x_mode_structure_run/stella_w7x_adiabatic_electrons.out.nc
0.3,234,0.4140625,1.3585597047230757e-11,-6.02874974822835e-11,0.009619443823361787,-0.0028493457942134434,stella_out_nc_complex_phi,fixtures/stella_w7x_mode_structure_run/stella_w7x_adiabatic_electrons.out.nc
0.3,235,0.41796875,9.360755901647544e-12,-6.456242278329753e-11,0.009619443823361787,-0.0028493457942134434,stella_out_nc_complex_phi,fixtures/stella_w7x_mode_structure_run/stella_w7x_adiabatic_electrons.out.nc
0.3,236,0.421875,-1.185532941030443e-13,-7.703629054165717e-11,0.009619443823361787,-0.0028493457942134434,stella_out_nc_complex_phi,fixtures/stella_w7x_mode_structure_run/stella_w7x_adiabatic_electrons.out.nc
0.3,237,0.42578125,-6.6673134960139634e-12,-9.478497647467551e-11,0.009619443823361787,-0.0028493457942134434,stella_out_nc_complex_phi,fixtures/stella_w7x_mode_structure_run/stella_w7x_adiabatic_electrons.out.nc
0.3,238,0.42968750000000006,-7.213520566126853e-12,-1.0465850327368818e-10,0.009619443823361787,-0.0028493457942134434,stella_out_nc_complex_phi,fixtures/stella_w7x_mode_structure_run/stella_w7x_adiabatic_electrons.out.nc
0.3,239,0.43359375,-1.311117239390475e-11,-1.0865178710214958e-10,0.009619443823361787,-0.0028493457942134434,stella_out_nc_complex_phi,fixtures/stella_w7x_mode_structure_run/stella_w7x_adiabatic_electrons.out.nc
0.3,240,0.4375,-1.7536012653485767e-11,-1.056365047222753e-10,0.009619443823361787,-0.0028493457942134434,stella_out_nc_complex_phi,fixtures/stella_w7x_mode_structure_run/stella_w7x_adiabatic_electrons.out.nc
0.3,241,0.44140625,-1.9461121112221552e-11,-1.0129892934284962e-10,0.009619443823361787,-0.0028493457942134434,stella_out_nc_complex_phi,fixtures/stella_w7x_mode_structure_run/stella_w7x_adiabatic_electrons.out.nc
0.3,242,0.4453125,-2.0831880637131944e-11,-1.0189732655737346e-10,0.009619443823361787,-0.0028493457942134434,stella_out_nc_complex_phi,fixtures/stella_w7x_mode_structure_run/stella_w7x_adiabatic_electrons.out.nc
0.3,243,0.44921875000000006,-2.1999381381526982e-11,-1.0353691148802394e-10,0.009619443823361787,-0.0028493457942134434,stella_out_nc_complex_phi,fixtures/stella_w7x_mode_structure_run/stella_w7x_adiabatic_electrons.out.nc
0.3,244,0.45312500000000006,-2.5184913342243257e-11,-1.065580445442966e-10,0.009619443823361787,-0.0028493457942134434,stella_out_nc_complex_phi,fixtures/stella_w7x_mode_structure_run/stella_w7x_adiabatic_electrons.out.nc
0.3,245,0.45703125,-2.3734444130138557e-11,-1.1424039333843501e-10,0.009619443823361787,-0.0028493457942134434,stella_out_nc_complex_phi,fixtures/stella_w7x_mode_structure_run/stella_w7x_adiabatic_electrons.out.nc
0.3,246,0.4609375,-1.795486923018753e-11,-1.2632868500522825e-10,0.009619443823361787,-0.0028493457942134434,stella_out_nc_complex_phi,fixtures/stella_w7x_mode_structure_run/stella_w7x_adiabatic_electrons.out.nc
0.3,247,0.46484375,-1.0587913726178095e-11,-1.357600936142165e-10,0.009619443823361787,-0.0028493457942134434,stella_out_nc_complex_phi,fixtures/stella_w7x_mode_structure_run/stella_w7x_adiabatic_electrons.out.nc
0.3,248,0.46875,-2.725302809344651e-12,-1.2713523844959576e-10,0.009619443823361787,-0.0028493457942134434,stella_out_nc_complex_phi,fixtures/stella_w7x_mode_structure_run/stella_w7x_adiabatic_electrons.out.nc
0.3,249,0.47265625000000006,3.0860758724047027e-13,-1.0780484140403432e-10,0.009619443823361787,-0.0028493457942134434,stella_out_nc_complex_phi,fixtures/stella_w7x_mode_structure_run/stella_w7x_adiabatic_electrons.out.nc
0.3,250,0.4765625,-7.937460542565503e-12,-9.922600368457457e-11,0.009619443823361787,-0.0028493457942134434,stella_out_nc_complex_phi,fixtures/stella_w7x_mode_structure_run/stella_w7x_adiabatic_electrons.out.nc
0.3,251,0.48046875,-1.9344234254131952e-11,-9.384812073216044e-11,0.009619443823361787,-0.0028493457942134434,stella_out_nc_complex_phi,fixtures/stella_w7x_mode_structure_run/stella_w7x_adiabatic_electrons.out.nc
0.3,252,0.484375,-1.5281959092694016e-11,-8.186335110833705e-11,0.009619443823361787,-0.0028493457942134434,stella_out_nc_complex_phi,fixtures/stella_w7x_mode_structure_run/stella_w7x_adiabatic_electrons.out.nc
0.3,253,0.48828125,-3.43979019969406e-12,-6.805313032634588e-11,0.009619443823361787,-0.0028493457942134434,stella_out_nc_complex_phi,fixtures/stella_w7x_mode_structure_run/stella_w7x_adiabatic_electrons.out.nc
0.3,254,0.49218750000000006,6.638479050796551e-12,-5.181918966285968e-11,0.009619443823361787,-0.0028493457942134434,stella_out_nc_complex_phi,fixtures/stella_w7x_mode_structure_run/stella_w7x_adiabatic_electrons.out.nc
0.3,255,0.49609375,1.3655852619528666e-11,-3.943521117346064e-11,0.009619443823361787,-0.0028493457942134434,stella_out_nc_complex_phi,fixtures/stella_w7x_mode_structure_run/stella_w7x_adiabatic_electrons.out.nc
0.3,256,0.5,2.0622051078227204e-11,-3.3233995367501105e-11,0.009619443823361787,-0.0028493457942134434,stella_out_nc_complex_phi,fixtures/stella_w7x_mode_structure_run/stella_w7x_adiabatic_electrons.out.nc
