case,iteration,objective,objective_error,growth_residual,absolute_growth_residual,selected_growth,max_growth,q,shat,temperature_gradient,density_gradient
A,0.0000000000000000e+00,6.4735880317484768e-03,6.4735880317484768e-03,1.1378565842625754e-01,1.1378565842625754e-01,1.1378565842625754e-01,1.1378565842625754e-01,1.2500000000000000e+00,4.5000000000000001e-01,2.1000000000000001e+00,8.0000000000000004e-01
A,1.0000000000000000e+00,6.4495970029282241e-03,6.4495970029282241e-03,1.1357461866920993e-01,1.1357461866920993e-01,1.1357461866920993e-01,1.1357461866920993e-01,1.2500360602119065e+00,4.4998951432659412e-01,2.1000000056996826e+00,7.9999999143705047e-01
A,2.0000000000000000e+00,6.4256302740607887e-03,6.4256302740607887e-03,1.1336340039060921e-01,1.1336340039060921e-01,1.1336340039060921e-01,1.1336340039060921e-01,1.2500720622256312e+00,4.4997906129022791e-01,2.1000000113933996e+00,7.9999998288012508e-01
A,3.0000000000000000e+00,6.4016879615635897e-03,6.4016879615635897e-03,1.1315200361958766e-01,1.1315200361958766e-01,1.1315200361958766e-01,1.1315200361958766e-01,1.2501080059819640e+00,4.4996864089901090e-01,2.1000000170811299e+00,7.9999997432926029e-01
A,4.0000000000000000e+00,6.3777701826973959e-03,6.3777701826973959e-03,1.1294042839211649e-01,1.1294042839211649e-01,1.1294042839211649e-01,1.1294042839211649e-01,1.2501438914215097e+00,4.4995825316082722e-01,2.1000000227628508e+00,7.9999996578449273e-01
A,5.0000000000000000e+00,6.3538770555239942e-03,6.3538770555239942e-03,1.1272867475069503e-01,1.1272867475069503e-01,1.1272867475069503e-01,1.1272867475069503e-01,1.2501797184846895e+00,4.4994789808333358e-01,2.1000000284385405e+00,7.9999995724585915e-01
A,6.0000000000000000e+00,6.3300086989241874e-03,6.3300086989241874e-03,1.1251674274457280e-01,1.1251674274457280e-01,1.1251674274457280e-01,1.1251674274457280e-01,1.2502154871117415e+00,4.4993757567395709e-01,2.1000000341081773e+00,7.9999994871339652e-01
A,7.0000000000000000e+00,6.3061652325955495e-03,6.3061652325955495e-03,1.1230463242979383e-01,1.1230463242979383e-01,1.1230463242979383e-01,1.1230463242979383e-01,1.2502511972427233e+00,4.4992728593989345e-01,2.1000000397717389e+00,7.9999994018714182e-01
A,8.0000000000000000e+00,6.2823467770700154e-03,6.2823467770700154e-03,1.1209234386941880e-01,1.1209234386941880e-01,1.1209234386941880e-01,1.1209234386941880e-01,1.2502868488175125e+00,4.4991702888810498e-01,2.1000000454292032e+00,7.9999993166713235e-01
A,9.0000000000000000e+00,6.2585534536765131e-03,6.2585534536765131e-03,1.1187987713325853e-01,1.1187987713325853e-01,1.1187987713325853e-01,1.1187987713325853e-01,1.2503224417758079e+00,4.4990680452531839e-01,2.1000000510805474e+00,7.9999992315340529e-01
A,1.0000000000000000e+01,6.2347853845882272e-03,6.2347853845882272e-03,1.1166723229836251e-01,1.1166723229836251e-01,1.1166723229836251e-01,1.1166723229836251e-01,1.2503579760571311e+00,4.4989661285802296e-01,2.1000000567257500e+00,7.9999991464599818e-01
A,1.1000000000000000e+01,6.2110426927751749e-03,6.2110426927751749e-03,1.1145440944866358e-01,1.1145440944866358e-01,1.1145440944866358e-01,1.1145440944866358e-01,1.2503934516008282e+00,4.4988645389246834e-01,2.1000000623647885e+00,7.9999990614494854e-01
A,1.2000000000000000e+01,6.1873255020411964e-03,6.1873255020411964e-03,1.1124140867537768e-01,1.1124140867537768e-01,1.1124140867537768e-01,1.1124140867537768e-01,1.2504288683460707e+00,4.4987632763466273e-01,2.1000000679976405e+00,7.9999989765029411e-01
A,1.3000000000000000e+01,6.1636339369963225e-03,6.1636339369963225e-03,1.1102823007682616e-01,1.1102823007682616e-01,1.1102823007682616e-01,1.1102823007682616e-01,1.2504642262318575e+00,4.4986623409037063e-01,2.1000000736242832e+00,7.9999988916207276e-01
A,1.4000000000000000e+01,6.1399681230884006e-03,6.1399681230884006e-03,1.1081487375879107e-01,1.1081487375879107e-01,1.1081487375879107e-01,1.1081487375879107e-01,1.2504995251970157e+00,4.4985617326511085e-01,2.1000000792446945e+00,7.9999988068032246e-01
A,1.5000000000000000e+01,6.1163281865703944e-03,6.1163281865703944e-03,1.1060133983429310e-01,1.1060133983429310e-01,1.1060133983429310e-01,1.1060133983429310e-01,1.2505347651802028e+00,4.4984614516415450e-01,2.1000000848588516e+00,7.9999987220508129e-01
A,1.6000000000000000e+01,6.0927142545218792e-03,6.0927142545218792e-03,1.1038762842385808e-01,1.1038762842385808e-01,1.1038762842385808e-01,1.1038762842385808e-01,1.2505699461199078e+00,4.4983614979252290e-01,2.1000000904667324e+00,7.9999986373638754e-01
A,1.7000000000000000e+01,6.0691264548310246e-03,6.0691264548310246e-03,1.1017373965542809e-01,1.1017373965542809e-01,1.1017373965542809e-01,1.1017373965542809e-01,1.2506050679544525e+00,4.4982618715498551e-01,2.1000000960683138e+00,7.9999985527427964e-01
A,1.8000000000000000e+01,6.0455649162303917e-03,6.0455649162303917e-03,1.0995967366476123e-01,1.0995967366476123e-01,1.0995967366476123e-01,1.0995967366476123e-01,1.2506401306219934e+00,4.4981625725605784e-01,2.1000001016635732e+00,7.9999984681879599e-01
A,1.9000000000000000e+01,6.0220297682298538e-03,6.0220297682298538e-03,1.0974543059489861e-01,1.0974543059489861e-01,1.0974543059489861e-01,1.0974543059489861e-01,1.2506751340605238e+00,4.4980636009999936e-01,2.1000001072524879e+00,7.9999983836997535e-01
A,2.0000000000000000e+01,5.9985211411912338e-03,5.9985211411912338e-03,1.0953101059691939e-01,1.0953101059691939e-01,1.0953101059691939e-01,1.0953101059691939e-01,1.2507100782078742e+00,4.4979649569081148e-01,2.1000001128350352e+00,7.9999982992785645e-01
A,2.1000000000000000e+01,5.9750391662757368e-03,5.9750391662757368e-03,1.0931641382954105e-01,1.0931641382954105e-01,1.0931641382954105e-01,1.0931641382954105e-01,1.2507449630017149e+00,4.4978666403223533e-01,2.1000001184111921e+00,7.9999982149247817e-01
A,2.2000000000000000e+01,5.9515839754693961e-03,5.9515839754693961e-03,1.0910164045943027e-01,1.0910164045943027e-01,1.0910164045943027e-01,1.0910164045943027e-01,1.2507797883795575e+00,4.4977686512774978e-01,2.1000001239809354e+00,7.9999981306387957e-01
A,2.3000000000000000e+01,5.9281557015694137e-03,5.9281557015694137e-03,1.0888669066115853e-01,1.0888669066115853e-01,1.0888669066115853e-01,1.0888669066115853e-01,1.2508145542787561e+00,4.4976709898056927e-01,2.1000001295442425e+00,7.9999980464209985e-01
A,2.4000000000000000e+01,5.9047544781898401e-03,5.9047544781898401e-03,1.0867156461733529e-01,1.0867156461733529e-01,1.0867156461733529e-01,1.0867156461733529e-01,1.2508492606365096e+00,4.4975736559364166e-01,2.1000001351010904e+00,7.9999979622717843e-01
A,2.5000000000000000e+01,5.8813804397477984e-03,5.8813804397477984e-03,1.0845626251856366e-01,1.0845626251856366e-01,1.0845626251856366e-01,1.0845626251856366e-01,1.2508839073898632e+00,4.4974766496964619e-01,2.1000001406514559e+00,7.9999978781915460e-01
A,2.6000000000000000e+01,5.8580337214930063e-03,5.8580337214930063e-03,1.0824078456379560e-01,1.0824078456379560e-01,1.0824078456379560e-01,1.0824078456379560e-01,1.2509184944757101e+00,4.4973799711099138e-01,2.1000001461953159e+00,7.9999977941806799e-01
A,2.7000000000000000e+01,5.8347144594744476e-03,5.8347144594744476e-03,1.0802513096010991e-01,1.0802513096010991e-01,1.0802513096010991e-01,1.0802513096010991e-01,1.2509530218307936e+00,4.4972836201981281e-01,2.1000001517326474e+00,7.9999977102395836e-01
A,2.8000000000000000e+01,5.8114227905599856e-03,5.8114227905599856e-03,1.0780930192297866e-01,1.0780930192297866e-01,1.0780930192297866e-01,1.0780930192297866e-01,1.2509874893917083e+00,4.4971875969797093e-01,2.1000001572634273e+00,7.9999976263686545e-01
A,2.9000000000000000e+01,5.7881588524030360e-03,5.7881588524030360e-03,1.0759329767604520e-01,1.0759329767604520e-01,1.0759329767604520e-01,1.0759329767604520e-01,1.2510218970949027e+00,4.4970919014704913e-01,2.1000001627876319e+00,7.9999975425682934e-01
A,3.0000000000000000e+01,5.7649227835001246e-03,5.7649227835001246e-03,1.0737711845174580e-01,1.0737711845174580e-01,1.0737711845174580e-01,1.0737711845174580e-01,1.2510562448766804e+00,4.4969965336835144e-01,2.1000001683052383e+00,7.9999974588389011e-01
A,3.1000000000000000e+01,5.7417147231286266e-03,5.7417147231286266e-03,1.0716076449082124e-01,1.0716076449082124e-01,1.0716076449082124e-01,1.0716076449082124e-01,1.2510905326732027e+00,4.4969014936290042e-01,2.1000001738162228e+00,7.9999973751808795e-01
A,3.2000000000000000e+01,5.7185348113801219e-03,5.7185348113801219e-03,1.0694423604271641e-01,1.0694423604271641e-01,1.0694423604271641e-01,1.0694423604271641e-01,1.2511247604204900e+00,4.4968067813143497e-01,2.1000001793205625e+00,7.9999972915946327e-01
A,3.3000000000000000e+01,5.6953831891600167e-03,5.6953831891600167e-03,1.0672753336566920e-01,1.0672753336566920e-01,1.0672753336566920e-01,1.0672753336566920e-01,1.2511589280544237e+00,4.4967123967440825e-01,2.1000001848182337e+00,7.9999972080805648e-01
A,3.4000000000000000e+01,5.6722599981491950e-03,5.6722599981491950e-03,1.0651065672644400e-01,1.0651065672644400e-01,1.0651065672644400e-01,1.0651065672644400e-01,1.2511930355107488e+00,4.4966183399198539e-01,2.1000001903092125e+00,7.9999971246390822e-01
A,3.5000000000000000e+01,5.6491653808556832e-03,5.6491653808556832e-03,1.0629360640090901e-01,1.0629360640090901e-01,1.0629360640090901e-01,1.0629360640090901e-01,1.2512270827250753e+00,4.4965246108404150e-01,2.1000001957934757e+00,7.9999970412705923e-01
A,3.6000000000000000e+01,5.6260994805760293e-03,5.6260994805760293e-03,1.0607638267376984e-01,1.0607638267376984e-01,1.0607638267376984e-01,1.0607638267376984e-01,1.2512610696328805e+00,4.4964312095015929e-01,2.1000002012710000e+00,7.9999969579755048e-01
A,3.7000000000000000e+01,5.6030624413993275e-03,5.6030624413993275e-03,1.0585898583870268e-01,1.0585898583870268e-01,1.0585898583870268e-01,1.0585898583870268e-01,1.2512949961695112e+00,4.4963381358962712e-01,2.1000002067417611e+00,7.9999968747542294e-01
A,3.8000000000000000e+01,5.5800544082110336e-03,5.5800544082110336e-03,1.0564141619848755e-01,1.0564141619848755e-01,1.0564141619848755e-01,1.0564141619848755e-01,1.2513288622701852e+00,4.4962453900143662e-01,2.1000002122057357e+00,7.9999967916071768e-01
A,3.9000000000000000e+01,5.5570755266965968e-03,5.5570755266965968e-03,1.0542367406514153e-01,1.0542367406514153e-01,1.0542367406514153e-01,1.0542367406514153e-01,1.2513626678699945e+00,4.4961529718428067e-01,2.1000002176629002e+00,7.9999967085347601e-01
A,4.0000000000000000e+01,5.5341259433215250e-03,5.5341259433215250e-03,1.0520575975982993e-01,1.0520575975982993e-01,1.0520575975982993e-01,1.0520575975982993e-01,1.2513964129039066e+00,4.4960608813655106e-01,2.1000002231132306e+00,7.9999966255373933e-01
A,4.1000000000000000e+01,5.5112058053441854e-03,5.5112058053441854e-03,1.0498767361308836e-01,1.0498767361308836e-01,1.0498767361308836e-01,1.0498767361308836e-01,1.2514300973067667e+00,4.4959691185633638e-01,2.1000002285567030e+00,7.9999965426154918e-01
A,4.2000000000000000e+01,5.4883152608096756e-03,5.4883152608096756e-03,1.0476941596486711e-01,1.0476941596486711e-01,1.0476941596486711e-01,1.0476941596486711e-01,1.2514637210133006e+00,4.4958776834141989e-01,2.1000002339932937e+00,7.9999964597694706e-01
A,4.3000000000000000e+01,5.4654544585436213e-03,5.4654544585436213e-03,1.0455098716457556e-01,1.0455098716457556e-01,1.0455098716457556e-01,1.0455098716457556e-01,1.2514972839581162e+00,4.4957865758927718e-01,2.1000002394229789e+00,7.9999963769997484e-01
A,4.4000000000000000e+01,5.4426235481458878e-03,5.4426235481458878e-03,1.0433238757112662e-01,1.0433238757112662e-01,1.0433238757112662e-01,1.0433238757112662e-01,1.2515307860757066e+00,4.4956957959707411e-01,2.1000002448457340e+00,7.9999962943067449e-01
A,4.5000000000000000e+01,5.4198226800165721e-03,5.4198226800165721e-03,1.0411361755329196e-01,1.0411361755329196e-01,1.0411361755329196e-01,1.0411361755329196e-01,1.2515642273004510e+00,4.4956053436166454e-01,2.1000002502615356e+00,7.9999962116908796e-01
A,4.6000000000000000e+01,5.3970520053076895e-03,5.3970520053076895e-03,1.0389467748934678e-01,1.0389467748934678e-01,1.0389467748934678e-01,1.0389467748934678e-01,1.2515976075666191e+00,4.4955152187958813e-01,2.1000002556703596e+00,7.9999961291525734e-01
A,4.7000000000000000e+01,5.3743116759443661e-03,5.3743116759443661e-03,1.0367556776738063e-01,1.0367556776738063e-01,1.0367556776738063e-01,1.0367556776738063e-01,1.2516309268083716e+00,4.4954254214706812e-01,2.1000002610721817e+00,7.9999960466922493e-01
A,4.8000000000000000e+01,5.3516018446409970e-03,5.3516018446409970e-03,1.0345628878556390e-01,1.0345628878556390e-01,1.0345628878556390e-01,1.0345628878556390e-01,1.2516641849597638e+00,4.4953359516000918e-01,2.1000002664669783e+00,7.9999959643103313e-01
A,4.9000000000000000e+01,5.3289226648528540e-03,5.3289226648528540e-03,1.0323684095179253e-01,1.0323684095179253e-01,1.0323684095179253e-01,1.0323684095179253e-01,1.2516973819547472e+00,4.4952468091399517e-01,2.1000002718547246e+00,7.9999958820072448e-01
A,5.0000000000000000e+01,5.3062742908150532e-03,5.3062742908150532e-03,1.0301722468417651e-01,1.0301722468417651e-01,1.0301722468417651e-01,1.0301722468417651e-01,1.2517305177271729e+00,4.4951579940428693e-01,2.1000002772353965e+00,7.9999957997834148e-01
A,5.1000000000000000e+01,5.2836568775123877e-03,5.2836568775123877e-03,1.0279744041086225e-01,1.0279744041086225e-01,1.0279744041086225e-01,1.0279744041086225e-01,1.2517635922107933e+00,4.4950695062582002e-01,2.1000002826089701e+00,7.9999957176392700e-01
A,5.2000000000000000e+01,5.2610705806949137e-03,5.2610705806949137e-03,1.0257748857029902e-01,1.0257748857029902e-01,1.0257748857029902e-01,1.0257748857029902e-01,1.2517966053392648e+00,4.4949813457320259e-01,2.1000002879754209e+00,7.9999956355752389e-01
A,5.3000000000000000e+01,5.2385155568522579e-03,5.2385155568522579e-03,1.0235736961110575e-01,1.0235736961110575e-01,1.0235736961110575e-01,1.0235736961110575e-01,1.2518295570461511e+00,4.4948935124071310e-01,2.1000002933347246e+00,7.9999955535917522e-01
A,5.4000000000000000e+01,5.2159919632334337e-03,5.2159919632334337e-03,1.0213708399238186e-01,1.0213708399238186e-01,1.0213708399238186e-01,1.0213708399238186e-01,1.2518624472649245e+00,4.4948060062229817e-01,2.1000002986868567e+00,7.9999954716892396e-01
A,5.5000000000000000e+01,5.1934999578390649e-03,5.1934999578390649e-03,1.0191663218375169e-01,1.0191663218375169e-01,1.0191663218375169e-01,1.0191663218375169e-01,1.2518952759289697e+00,4.4947188271157035e-01,2.1000003040317932e+00,7.9999953898681353e-01
A,5.6000000000000000e+01,5.1710396993819175e-03,5.1710396993819175e-03,1.0169601466509803e-01,1.0169601466509803e-01,1.0169601466509803e-01,1.0169601466509803e-01,1.2519280429715860e+00,4.4946319750180580e-01,2.1000003093695092e+00,7.9999953081288711e-01
A,5.7000000000000000e+01,5.1486113473468926e-03,5.1486113473468926e-03,1.0147523192727270e-01,1.0147523192727270e-01,1.0147523192727270e-01,1.0147523192727270e-01,1.2519607483259900e+00,4.4945454498594228e-01,2.1000003146999804e+00,7.9999952264718821e-01
A,5.8000000000000000e+01,5.1262150619286583e-03,5.1262150619286583e-03,1.0125428447160800e-01,1.0125428447160800e-01,1.0125428447160800e-01,1.0125428447160800e-01,1.2519933919253186e+00,4.4944592515657672e-01,2.1000003200231823e+00,7.9999951448976048e-01
A,5.9000000000000000e+01,5.1038510040551446e-03,5.1038510040551446e-03,1.0103317281027202e-01,1.0103317281027202e-01,1.0103317281027202e-01,1.0103317281027202e-01,1.2520259737026311e+00,4.4943733800596308e-01,2.1000003253390904e+00,7.9999950634064765e-01
A,6.0000000000000000e+01,5.0815193353881596e-03,5.0815193353881596e-03,1.0081189746640185e-01,1.0081189746640185e-01,1.0081189746640185e-01,1.0081189746640185e-01,1.2520584935909131e+00,4.4942878352601029e-01,2.1000003306476800e+00,7.9999949819989347e-01
A,6.1000000000000000e+01,5.0592202182925382e-03,5.0592202182925382e-03,1.0059045897392593e-01,1.0059045897392593e-01,1.0059045897392593e-01,1.0059045897392593e-01,1.2520909515230783e+00,4.4942026170827976e-01,2.1000003359489265e+00,7.9999949006754190e-01
A,6.2000000000000000e+01,5.0369538158589900e-03,5.0369538158589900e-03,1.0036885787791938e-01,1.0036885787791938e-01,1.0036885787791938e-01,1.0036885787791938e-01,1.2521233474319715e+00,4.4941177254398335e-01,2.1000003412428057e+00,7.9999948194363690e-01
A,6.3000000000000000e+01,5.0147202918953138e-03,5.0147202918953138e-03,1.0014709473464833e-01,1.0014709473464833e-01,1.0014709473464833e-01,1.0014709473464833e-01,1.2521556812503727e+00,4.4940331602398120e-01,2.1000003465292925e+00,7.9999947382822278e-01
A,6.4000000000000000e+01,4.9925198108953491e-03,4.9925198108953491e-03,9.9925170111392347e-02,9.9925170111392347e-02,9.9925170111392347e-02,9.9925170111392347e-02,1.2521879529109985e+00,4.4939489213877937e-01,2.1000003518083621e+00,7.9999946572134373e-01
A,6.5000000000000000e+01,4.9703525380701196e-03,4.9703525380701196e-03,9.9703084586888480e-02,9.9703084586888480e-02,9.9703084586888480e-02,9.9703084586888480e-02,1.2522201623465059e+00,4.4938650087852772e-01,2.1000003570799897e+00,7.9999945762304414e-01
A,6.6000000000000000e+01,4.9482186393165171e-03,4.9482186393165171e-03,9.9480838751153655e-02,9.9480838751153655e-02,9.9480838751153655e-02,9.9480838751153655e-02,1.2522523094894953e+00,4.4937814223301770e-01,2.1000003623441508e+00,7.9999944953336855e-01
A,6.7000000000000000e+01,4.9261182812302779e-03,4.9261182812302779e-03,9.9258433205751118e-02,9.9258433205751118e-02,9.9258433205751118e-02,9.9258433205751118e-02,1.2522843942725135e+00,4.4936981619168015e-01,2.1000003676008205e+00,7.9999944145236157e-01
A,6.8000000000000000e+01,4.9040516310789924e-03,4.9040516310789924e-03,9.9035868563657203e-02,9.9035868563657203e-02,9.9035868563657203e-02,9.9035868563657203e-02,1.2523164166280565e+00,4.4936152274358304e-01,2.1000003728499741e+00,7.9999943338006796e-01
A,6.9000000000000000e+01,4.8820188568235445e-03,4.8820188568235445e-03,9.8813145449616613e-02,9.8813145449616613e-02,9.8813145449616613e-02,9.8813145449616613e-02,1.2523483764885728e+00,4.4935326187742936e-01,2.1000003780915866e+00,7.9999942531653245e-01
A,7.0000000000000000e+01,4.8600201270865076e-03,4.8600201270865076e-03,9.8590264499964775e-02,9.8590264499964775e-02,9.8590264499964775e-02,9.8590264499964775e-02,1.2523802737864669e+00,4.4934503358155486e-01,2.1000003833256327e+00,7.9999941726180002e-01
A,7.1000000000000000e+01,4.8380556111688117e-03,4.8380556111688117e-03,9.8367226362938709e-02,9.8367226362938709e-02,9.8367226362938709e-02,9.8367226362938709e-02,1.2524121084541022e+00,4.4933683784392597e-01,2.1000003885520879e+00,7.9999940921591572e-01
A,7.2000000000000000e+01,4.8161254790223852e-03,4.8161254790223852e-03,9.8144031698543799e-02,9.8144031698543799e-02,9.8144031698543799e-02,9.8144031698543799e-02,1.2524438804238043e+00,4.4932867465213744e-01,2.1000003937709271e+00,7.9999940117892476e-01
A,7.3000000000000000e+01,4.7942299012664292e-03,4.7942299012664292e-03,9.7920681178864655e-02,9.7920681178864655e-02,9.7920681178864655e-02,9.7920681178864655e-02,1.2524755896278639e+00,4.4932054399341026e-01,2.1000003989821256e+00,7.9999939315087232e-01
A,7.4000000000000000e+01,4.7723690491555410e-03,4.7723690491555410e-03,9.7697175487887478e-02,9.7697175487887478e-02,9.7697175487887478e-02,9.7697175487887478e-02,1.2525072359985407e+00,4.4931244585458952e-01,2.1000004041856584e+00,7.9999938513180380e-01
A,7.5000000000000000e+01,4.7505430945999827e-03,4.7505430945999827e-03,9.7473515321855331e-02,9.7473515321855331e-02,9.7473515321855331e-02,9.7473515321855331e-02,1.2525388194680667e+00,4.4930438022214220e-01,2.1000004093814999e+00,7.9999937712176461e-01
A,7.6000000000000000e+01,4.7287522101465921e-03,4.7287522101465921e-03,9.7249701389223731e-02,9.7249701389223731e-02,9.7249701389223731e-02,9.7249701389223731e-02,1.2525703399686492e+00,4.4929634708215488e-01,2.1000004145696254e+00,7.9999936912080039e-01
A,7.7000000000000000e+01,4.7069965689597202e-03,4.7069965689597202e-03,9.7025734410616238e-02,9.7025734410616238e-02,9.7025734410616238e-02,9.7025734410616238e-02,1.2526017974324746e+00,4.4928834642033177e-01,2.1000004197500100e+00,7.9999936112895675e-01
A,7.8000000000000000e+01,4.6852763448409027e-03,4.6852763448409027e-03,9.6801615119179729e-02,9.6801615119179729e-02,9.6801615119179729e-02,9.6801615119179729e-02,1.2526331917917113e+00,4.4928037822199252e-01,2.1000004249226283e+00,7.9999935314627957e-01
A,7.9000000000000000e+01,4.6635917121965612e-03,4.6635917121965612e-03,9.6577344260406761e-02,9.6577344260406761e-02,9.6577344260406761e-02,9.6577344260406761e-02,1.2526645229785141e+00,4.4927244247206988e-01,2.1000004300874551e+00,7.9999934517281457e-01
A,8.0000000000000000e+01,4.6419428460572664e-03,4.6419428460572664e-03,9.6352922592490842e-02,9.6352922592490842e-02,9.6352922592490842e-02,9.6352922592490842e-02,1.2526957909250269e+00,4.4926453915510778e-01,2.1000004352444654e+00,7.9999933720860783e-01
A,8.1000000000000000e+01,4.6203299220410029e-03,4.6203299220410029e-03,9.6128350886104386e-02,9.6128350886104386e-02,9.6128350886104386e-02,9.6128350886104386e-02,1.2527269955633871e+00,4.4925666825525906e-01,2.1000004403936345e+00,7.9999932925370532e-01
A,8.2000000000000000e+01,4.5987531163678248e-03,4.5987531163678248e-03,9.5903629924709577e-02,9.5903629924709577e-02,9.5903629924709577e-02,9.5903629924709577e-02,1.2527581368257281e+00,4.4924882975628339e-01,2.1000004455349366e+00,7.9999932130815321e-01
A,8.3000000000000000e+01,4.5772126058443189e-03,4.5772126058443189e-03,9.5678760504558369e-02,9.5678760504558369e-02,9.5678760504558369e-02,9.5678760504558369e-02,1.2527892146441844e+00,4.4924102364154517e-01,2.1000004506683467e+00,7.9999931337199781e-01
A,8.4000000000000000e+01,4.5557085678522881e-03,4.5557085678522881e-03,9.5453743434736893e-02,9.5453743434736893e-02,9.5453743434736893e-02,9.5453743434736893e-02,1.2528202289508936e+00,4.4923324989401131e-01,2.1000004557938396e+00,7.9999930544528541e-01
A,8.5000000000000000e+01,4.5342411803584977e-03,4.5342411803584977e-03,9.5228579537431912e-02,9.5228579537431912e-02,9.5228579537431912e-02,9.5228579537431912e-02,1.2528511796780020e+00,4.4922550849624926e-01,2.1000004609113900e+00,7.9999929752806254e-01
A,8.6000000000000000e+01,4.5128106218818506e-03,4.5128106218818506e-03,9.5003269647753186e-02,9.5003269647753186e-02,9.5003269647753186e-02,9.5003269647753186e-02,1.2528820667576666e+00,4.4921779943042478e-01,2.1000004660209726e+00,7.9999928962037570e-01
A,8.7000000000000000e+01,4.4914170714986596e-03,4.4914170714986596e-03,9.4777814613955513e-02,9.4777814613955513e-02,9.4777814613955513e-02,9.4777814613955513e-02,1.2529128901220601e+00,4.4921012267829985e-01,2.1000004711225619e+00,7.9999928172227153e-01
A,8.8000000000000000e+01,4.4700607088308027e-03,4.4700607088308027e-03,9.4552215297483144e-02,9.4552215297483144e-02,9.4552215297483144e-02,9.4552215297483144e-02,1.2529436497033748e+00,4.4920247822123072e-01,2.1000004762161333e+00,7.9999927383379665e-01
A,8.9000000000000000e+01,4.4487417140547433e-03,4.4487417140547433e-03,9.4326472573236231e-02,9.4326472573236231e-02,9.4326472573236231e-02,9.4326472573236231e-02,1.2529743454338254e+00,4.4919486604016567e-01,2.1000004813016608e+00,7.9999926595499793e-01
A,9.0000000000000000e+01,4.4274602678558411e-03,4.4274602678558411e-03,9.4100587329259966e-02,9.4100587329259966e-02,9.4100587329259966e-02,9.4100587329259966e-02,1.2530049772456542e+00,4.4918728611564307e-01,2.1000004863791197e+00,7.9999925808592232e-01
A,9.1000000000000000e+01,4.4062165514539313e-03,4.4062165514539313e-03,9.3874560467188672e-02,9.3874560467188672e-02,9.3874560467188672e-02,9.3874560467188672e-02,1.2530355450711341e+00,4.4917973842778919e-01,2.1000004914484842e+00,7.9999925022661666e-01
A,9.2000000000000000e+01,4.3850107465867013e-03,4.3850107465867013e-03,9.3648392902245803e-02,9.3648392902245803e-02,9.3648392902245803e-02,9.3648392902245803e-02,1.2530660488425733e+00,4.4917222295631637e-01,2.1000004965097290e+00,7.9999924237712805e-01
A,9.3000000000000000e+01,4.3638430354847385e-03,4.3638430354847385e-03,9.3422085563155122e-02,9.3422085563155122e-02,9.3422085563155122e-02,9.3422085563155122e-02,1.2530964884923190e+00,4.4916473968052067e-01,2.1000005015628287e+00,7.9999923453750366e-01
A,9.4000000000000000e+01,4.3427136008797962e-03,4.3427136008797962e-03,9.3195639392407159e-02,9.3195639392407159e-02,9.3195639392407159e-02,9.3195639392407159e-02,1.2531268639527617e+00,4.4915728857928017e-01,2.1000005066077581e+00,7.9999922670779078e-01
A,9.5000000000000000e+01,4.3216226259837759e-03,4.3216226259837759e-03,9.2969055346214802e-02,9.2969055346214802e-02,9.2969055346214802e-02,9.2969055346214802e-02,1.2531571751563393e+00,4.4914986963105269e-01,2.1000005116444918e+00,7.9999921888803660e-01
A,9.6000000000000000e+01,4.3005702944965730e-03,4.3005702944965730e-03,9.2742334394779746e-02,9.2742334394779746e-02,9.2742334394779746e-02,9.2742334394779746e-02,1.2531874220355408e+00,4.4914248281387398e-01,2.1000005166730045e+00,7.9999921107828853e-01
A,9.7000000000000000e+01,4.2795567905683620e-03,4.2795567905683620e-03,9.2515477522070455e-02,9.2515477522070455e-02,9.2515477522070455e-02,9.2515477522070455e-02,1.2532176045229113e+00,4.4913512810535561e-01,2.1000005216932709e+00,7.9999920327859408e-01
A,9.8000000000000000e+01,4.2585822988277225e-03,4.2585822988277225e-03,9.2288485726310654e-02,9.2288485726310654e-02,9.2288485726310654e-02,9.2288485726310654e-02,1.2532477225510559e+00,4.4912780548268305e-01,2.1000005267052653e+00,7.9999919548900078e-01
A,9.9000000000000000e+01,4.2376470043273291e-03,4.2376470043273291e-03,9.2061360019579652e-02,9.2061360019579652e-02,9.2061360019579652e-02,9.2061360019579652e-02,1.2532777760526439e+00,4.4912051492261362e-01,2.1000005317089623e+00,7.9999918770955625e-01
A,1.0000000000000000e+02,4.2167510925676449e-03,4.2167510925676449e-03,9.1834101428256432e-02,9.1834101428256432e-02,9.1834101428256432e-02,9.1834101428256432e-02,1.2533077649604134e+00,4.4911325640147470e-01,2.1000005367043366e+00,7.9999917994030811e-01
A,1.0100000000000000e+02,4.1958947494752452e-03,4.1958947494752452e-03,9.1606710992975238e-02,9.1606710992975238e-02,9.1606710992975238e-02,9.1606710992975238e-02,1.2533376892071753e+00,4.4910602989516157e-01,2.1000005416913630e+00,7.9999917218130412e-01
A,1.0200000000000000e+02,4.1750781613893008e-03,4.1750781613893008e-03,9.1379189768669988e-02,9.1379189768669988e-02,9.1379189768669988e-02,9.1379189768669988e-02,1.2533675487258180e+00,4.4909883537913570e-01,2.1000005466700160e+00,7.9999916443259222e-01
A,1.0300000000000000e+02,4.1543015150601274e-03,4.1543015150601274e-03,9.1151538824751910e-02,9.1151538824751910e-02,9.1151538824751910e-02,9.1151538824751910e-02,1.2533973434493120e+00,4.4909167282842266e-01,2.1000005516402700e+00,7.9999915669422017e-01
A,1.0400000000000000e+02,4.1335649976272830e-03,4.1335649976272830e-03,9.0923759245065128e-02,9.0923759245065128e-02,9.0923759245065128e-02,9.0923759245065128e-02,1.2534270733107142e+00,4.4908454221761035e-01,2.1000005566021001e+00,7.9999914896623603e-01
A,1.0500000000000000e+02,4.1128687966097977e-03,4.1128687966097977e-03,9.0695852127975485e-02,9.0695852127975485e-02,9.0695852127975485e-02,9.0695852127975485e-02,1.2534567382431725e+00,4.4907744352084700e-01,2.1000005615554804e+00,7.9999914124868776e-01
A,1.0600000000000000e+02,4.0922130999163486e-03,4.0922130999163486e-03,9.0467818586681403e-02,9.0467818586681403e-02,9.0467818586681403e-02,9.0467818586681403e-02,1.2534863381799302e+00,4.4907037671183947e-01,2.1000005665003854e+00,7.9999913354162355e-01
A,1.0700000000000000e+02,4.0715980957908796e-03,4.0715980957908796e-03,9.0239659748814205e-02,9.0239659748814205e-02,9.0239659748814205e-02,9.0239659748814205e-02,1.2535158730543312e+00,4.4906334176385126e-01,2.1000005714367900e+00,7.9999912584509147e-01
A,1.0800000000000000e+02,4.0510239728426909e-03,4.0510239728426909e-03,9.0011376756971018e-02,9.0011376756971018e-02,9.0011376756971018e-02,9.0011376756971018e-02,1.2535453427998240e+00,4.4905633864970068e-01,2.1000005763646685e+00,7.9999911815913971e-01
A,1.0900000000000000e+02,4.0304909200279456e-03,4.0304909200279456e-03,8.9782970768714776e-02,8.9782970768714776e-02,8.9782970768714776e-02,8.9782970768714776e-02,1.2535747473499668e+00,4.4904936734175910e-01,2.1000005812839961e+00,7.9999911048381667e-01
A,1.1000000000000000e+02,4.0099991266033140e-03,4.0099991266033140e-03,8.9554442956263358e-02,8.9554442956263358e-02,8.9554442956263358e-02,8.9554442956263358e-02,1.2536040866384321e+00,4.4904242781194909e-01,2.1000005861947471e+00,7.9999910281917064e-01
A,1.1100000000000000e+02,3.9895487821593719e-03,3.9895487821593719e-03,8.9325794507066902e-02,8.9325794507066902e-02,8.9325794507066902e-02,8.9325794507066902e-02,1.2536333605990120e+00,4.4903552003174269e-01,2.1000005910968960e+00,7.9999909516524992e-01
A,1.1200000000000000e+02,3.9691400765819755e-03,3.9691400765819755e-03,8.9097026623585762e-02,8.9097026623585762e-02,8.9097026623585762e-02,8.9097026623585762e-02,1.2536625691656220e+00,4.4902864397215958e-01,2.1000005959904171e+00,7.9999908752210303e-01
A,1.1300000000000000e+02,3.9487732000454941e-03,3.9487732000454941e-03,8.8868140523423733e-02,8.8868140523423733e-02,8.8868140523423733e-02,8.8868140523423733e-02,1.2536917122723072e+00,4.4902179960376531e-01,2.1000006008752856e+00,7.9999907988977847e-01
A,1.1400000000000000e+02,3.9284483430097892e-03,3.9284483430097892e-03,8.8639137439505689e-02,8.8639137439505689e-02,8.8639137439505689e-02,8.8639137439505689e-02,1.2537207898532461e+00,4.4901498689666974e-01,2.1000006057514762e+00,7.9999907226832478e-01
A,1.1500000000000000e+02,3.9081656961816010e-03,3.9081656961816010e-03,8.8410018619855535e-02,8.8410018619855535e-02,8.8410018619855535e-02,8.8410018619855535e-02,1.2537498018427562e+00,4.4900820582052514e-01,2.1000006106189630e+00,7.9999906465779058e-01
A,1.1600000000000000e+02,3.8879254505388796e-03,3.8879254505388796e-03,8.8180785328084710e-02,8.8180785328084710e-02,8.8180785328084710e-02,8.8180785328084710e-02,1.2537787481752989e+00,4.4900145634452460e-01,2.1000006154777213e+00,7.9999905705822449e-01
A,1.1700000000000000e+02,3.8677277972802310e-03,3.8677277972802310e-03,8.7951438843036911e-02,8.7951438843036911e-02,8.7951438843036911e-02,8.7951438843036911e-02,1.2538076287854845e+00,4.4899473843740023e-01,2.1000006203277253e+00,7.9999904946967526e-01
A,1.1800000000000000e+02,3.8475729278488525e-03,3.8475729278488525e-03,8.7721980459276594e-02,8.7721980459276594e-02,8.7721980459276594e-02,8.7721980459276594e-02,1.2538364436080769e+00,4.4898805206742176e-01,2.1000006251689500e+00,7.9999904189219162e-01
A,1.1900000000000000e+02,3.8274610338858510e-03,3.8274610338858510e-03,8.7492411486778110e-02,8.7492411486778110e-02,8.7492411486778110e-02,8.7492411486778110e-02,1.2538651925779998e+00,4.4898139720239472e-01,2.1000006300013698e+00,7.9999903432582231e-01
A,1.2000000000000000e+02,3.8073923072266085e-03,3.8073923072266085e-03,8.7262733251103342e-02,8.7262733251103342e-02,8.7262733251103342e-02,8.7262733251103342e-02,1.2538938756303408e+00,4.4897477380965872e-01,2.1000006348249598e+00,7.9999902677061607e-01
A,1.2100000000000000e+02,3.7873669399084852e-03,3.7873669399084852e-03,8.7032947093712565e-02,8.7032947093712565e-02,8.7032947093712565e-02,8.7032947093712565e-02,1.2539224927003572e+00,4.4896818185608622e-01,2.1000006396396946e+00,7.9999901922662187e-01
A,1.2200000000000000e+02,3.7673851241202694e-03,3.7673851241202694e-03,8.6803054371609178e-02,8.6803054371609178e-02,8.6803054371609178e-02,8.6803054371609178e-02,1.2539510437234809e+00,4.4896162130808065e-01,2.1000006444455490e+00,7.9999901169388854e-01
A,1.2300000000000000e+02,3.7474470522213098e-03,3.7474470522213098e-03,8.6573056457783792e-02,8.6573056457783792e-02,8.6573056457783792e-02,8.6573056457783792e-02,1.2539795286353241e+00,4.4895509213157497e-01,2.1000006492424981e+00,7.9999900417246506e-01
A,1.2400000000000000e+02,3.7275529167140153e-03,3.7275529167140153e-03,8.6342954741125411e-02,8.6342954741125411e-02,8.6342954741125411e-02,8.6342954741125411e-02,1.2540079473716848e+00,4.4894859429203021e-01,2.1000006540305161e+00,7.9999899666240037e-01
A,1.2500000000000000e+02,3.7077029102164740e-03,3.7077029102164740e-03,8.6112750626332613e-02,8.6112750626332613e-02,8.6112750626332613e-02,8.6112750626332613e-02,1.2540362998685510e+00,4.4894212775443382e-01,2.1000006588095781e+00,7.9999898916374346e-01
A,1.2600000000000000e+02,3.6878972254695119e-03,3.6878972254695119e-03,8.5882445534224416e-02,8.5882445534224416e-02,8.5882445534224416e-02,8.5882445534224416e-02,1.2540645860621078e+00,4.4893569248329840e-01,2.1000006635796593e+00,7.9999898167654337e-01
A,1.2700000000000000e+02,3.6681360553128912e-03,3.6681360553128912e-03,8.5652040901695869e-02,8.5652040901695869e-02,8.5652040901695869e-02,8.5652040901695869e-02,1.2540928058887417e+00,4.4892928844266017e-01,2.1000006683407344e+00,7.9999897420084909e-01
A,1.2800000000000000e+02,3.6484195926653573e-03,3.6484195926653573e-03,8.5421538181718049e-02,8.5421538181718049e-02,8.5421538181718049e-02,8.5421538181718049e-02,1.2541209592850469e+00,4.4892291559607739e-01,2.1000006730927780e+00,7.9999896673670978e-01
A,1.2900000000000000e+02,3.6287480305235991e-03,3.6287480305235991e-03,8.5190938843560104e-02,8.5190938843560104e-02,8.5190938843560104e-02,8.5190938843560104e-02,1.2541490461878297e+00,4.4891657390662920e-01,2.1000006778357654e+00,7.9999895928417442e-01
A,1.3000000000000000e+02,3.6091215619193967e-03,3.6091215619193967e-03,8.4960244372522808e-02,8.4960244372522808e-02,8.4960244372522808e-02,8.4960244372522808e-02,1.2541770665341154e+00,4.4891026333691419e-01,2.1000006825696715e+00,7.9999895184329217e-01
A,1.3100000000000000e+02,3.5895403799448677e-03,3.5895403799448677e-03,8.4729456270471459e-02,8.4729456270471459e-02,8.4729456270471459e-02,8.4729456270471459e-02,1.2542050202611532e+00,4.4890398384904889e-01,2.1000006872944712e+00,7.9999894441411223e-01
A,1.3200000000000000e+02,3.5700046776906635e-03,3.5700046776906635e-03,8.4498576055347385e-02,8.4498576055347385e-02,8.4498576055347385e-02,8.4498576055347385e-02,1.2542329073064222e+00,4.4889773540466671e-01,2.1000006920101395e+00,7.9999893699668367e-01
A,1.3300000000000000e+02,3.5505146482858853e-03,3.5505146482858853e-03,8.4267605261878487e-02,8.4267605261878487e-02,8.4267605261878487e-02,8.4267605261878487e-02,1.2542607276076367e+00,4.4889151796491639e-01,2.1000006967166516e+00,7.9999892959105567e-01
A,1.3400000000000000e+02,3.5310704848175944e-03,3.5310704848175944e-03,8.4036545440868693e-02,8.4036545440868693e-02,8.4036545440868693e-02,8.4036545440868693e-02,1.2542884811027526e+00,4.4888533149046095e-01,2.1000007014139825e+00,7.9999892219727742e-01
A,1.3500000000000000e+02,3.5116723803666765e-03,3.5116723803666765e-03,8.3805398159864097e-02,8.3805398159864097e-02,8.3805398159864097e-02,8.3805398159864097e-02,1.2543161677299726e+00,4.4887917594147636e-01,2.1000007061021080e+00,7.9999891481539798e-01
A,1.3600000000000000e+02,3.4923205279611381e-03,3.4923205279611381e-03,8.3574165002842093e-02,8.3574165002842093e-02,8.3574165002842093e-02,8.3574165002842093e-02,1.2543437874277523e+00,4.4887305127765031e-01,2.1000007107810026e+00,7.9999890744546664e-01
A,1.3700000000000000e+02,3.4730151205816522e-03,3.4730151205816522e-03,8.3342847570522238e-02,8.3342847570522238e-02,8.3342847570522238e-02,8.3342847570522238e-02,1.2543713401348062e+00,4.4886695745818106e-01,2.1000007154506415e+00,7.9999890008753261e-01
A,1.3800000000000000e+02,3.4537563511260754e-03,3.4537563511260754e-03,8.3111447480188616e-02,8.3111447480188616e-02,8.3111447480188616e-02,8.3111447480188616e-02,1.2543988257901135e+00,4.4886089444177624e-01,2.1000007201110003e+00,7.9999889274164504e-01
A,1.3900000000000000e+02,3.4345444124073425e-03,3.4345444124073425e-03,8.2879966365911883e-02,8.2879966365911883e-02,8.2879966365911883e-02,8.2879966365911883e-02,1.2544262443329237e+00,4.4885486218665194e-01,2.1000007247620540e+00,7.9999888540785313e-01
A,1.4000000000000000e+02,3.4153794971143571e-03,3.4153794971143571e-03,8.2648405878327225e-02,8.2648405878327225e-02,8.2648405878327225e-02,8.2648405878327225e-02,1.2544535957027636e+00,4.4884886065053131e-01,2.1000007294037784e+00,7.9999887808620607e-01
A,1.4100000000000000e+02,3.3962617978317549e-03,3.3962617978317549e-03,8.2416767685122849e-02,8.2416767685122849e-02,8.2416767685122849e-02,8.2416767685122849e-02,1.2544808798394420e+00,4.4884288979064374e-01,2.1000007340361484e+00,7.9999887077675302e-01
A,1.4200000000000000e+02,3.3771915069860038e-03,3.3771915069860038e-03,8.2185053470640312e-02,8.2185053470640312e-02,8.2185053470640312e-02,8.2185053470640312e-02,1.2545080966830569e+00,4.4883694956372372e-01,2.1000007386591397e+00,7.9999886347954330e-01
A,1.4300000000000000e+02,3.3581688168430168e-03,3.3581688168430168e-03,8.1953264936096559e-02,8.1953264936096559e-02,8.1953264936096559e-02,8.1953264936096559e-02,1.2545352461740011e+00,4.4883103992600992e-01,2.1000007432727279e+00,7.9999885619462596e-01
A,1.4400000000000000e+02,3.3391939195018417e-03,3.3391939195018417e-03,8.1721403799761561e-02,8.1721403799761561e-02,8.1721403799761561e-02,8.1721403799761561e-02,1.2545623282529685e+00,4.4882516083324414e-01,2.1000007478768885e+00,7.9999884892205009e-01
A,1.4500000000000000e+02,3.3202670068555378e-03,3.3202670068555378e-03,8.1489471796736268e-02,8.1489471796736268e-02,8.1489471796736268e-02,8.1489471796736268e-02,1.2545893428609602e+00,4.4881931224067051e-01,2.1000007524715971e+00,7.9999884166186497e-01
A,1.4600000000000000e+02,3.3013882705776390e-03,3.3013882705776390e-03,8.1257470679041433e-02,8.1257470679041433e-02,8.1257470679041433e-02,8.1257470679041433e-02,1.2546162899392908e+00,4.4881349410303439e-01,2.1000007570568293e+00,7.9999883441411967e-01
A,1.4700000000000000e+02,3.2825579021264926e-03,3.2825579021264926e-03,8.1025402215928466e-02,8.1025402215928466e-02,8.1025402215928466e-02,8.1025402215928466e-02,1.2546431694295943e+00,4.4880770637458173e-01,2.1000007616325607e+00,7.9999882717886328e-01
A,1.4800000000000000e+02,3.2637760926917743e-03,3.2637760926917743e-03,8.0793268193479761e-02,8.0793268193479761e-02,8.0793268193479761e-02,8.0793268193479761e-02,1.2546699812738313e+00,4.4880194900905818e-01,2.1000007661987667e+00,7.9999881995614486e-01
A,1.4900000000000000e+02,3.2450430332131241e-03,3.2450430332131241e-03,8.0561070415097191e-02,8.0561070415097191e-02,8.0561070415097191e-02,8.0561070415097191e-02,1.2546967254142947e+00,4.4879622195970814e-01,2.1000007707554240e+00,7.9999881274601359e-01
A,1.5000000000000000e+02,3.2263589143267739e-03,3.2263589143267739e-03,8.0328810701102427e-02,8.0328810701102427e-02,8.0328810701102427e-02,8.0328810701102427e-02,1.2547234017936160e+00,4.4879052517927426e-01,2.1000007753025076e+00,7.9999880554851843e-01
A,1.5100000000000000e+02,3.2077239263661014e-03,3.2077239263661014e-03,8.0096490889003391e-02,8.0096490889003391e-02,8.0096490889003391e-02,8.0096490889003391e-02,1.2547500103547720e+00,4.4878485861999645e-01,2.1000007798399940e+00,7.9999879836370835e-01
A,1.5200000000000000e+02,3.1891382593440981e-03,3.1891382593440981e-03,7.9864112833538670e-02,7.9864112833538670e-02,7.9864112833538670e-02,7.9864112833538670e-02,1.2547765510410911e+00,4.4877922223361150e-01,2.1000007843678588e+00,7.9999879119163231e-01
A,1.5300000000000000e+02,3.1706021029251816e-03,3.1706021029251816e-03,7.9631678406588691e-02,7.9631678406588691e-02,7.9631678406588691e-02,7.9631678406588691e-02,1.2548030237962597e+00,4.4877361597135212e-01,2.1000007888860783e+00,7.9999878403233937e-01
A,1.5400000000000000e+02,3.1521156464183143e-03,3.1521156464183143e-03,7.9399189497353362e-02,7.9399189497353362e-02,7.9399189497353362e-02,7.9399189497353362e-02,1.2548294285643296e+00,4.4876803978394658e-01,2.1000007933946288e+00,7.9999877688587828e-01
A,1.5500000000000000e+02,3.1336790787312141e-03,3.1336790787312141e-03,7.9166648012041207e-02,7.9166648012041207e-02,7.9166648012041207e-02,7.9166648012041207e-02,1.2548557652897228e+00,4.4876249362161791e-01,2.1000007978934860e+00,7.9999876975229800e-01
A,1.5600000000000000e+02,3.1152925883881247e-03,3.1152925883881247e-03,7.8934055874357867e-02,7.8934055874357867e-02,7.8934055874357867e-02,7.8934055874357867e-02,1.2548820339172397e+00,4.4875697743408360e-01,2.1000008023826267e+00,7.9999876263164738e-01
A,1.5700000000000000e+02,3.0969563634840130e-03,3.0969563634840130e-03,7.8701415025195232e-02,7.8701415025195232e-02,7.8701415025195232e-02,7.8701415025195232e-02,1.2549082343920652e+00,4.4875149117055496e-01,2.1000008068620266e+00,7.9999875552397515e-01
A,1.5800000000000000e+02,3.0786705916705857e-03,3.0786705916705857e-03,7.8468727422720264e-02,7.8468727422720264e-02,7.8468727422720264e-02,7.8468727422720264e-02,1.2549343666597752e+00,4.4874603477973662e-01,2.1000008113316624e+00,7.9999874842932994e-01
A,1.5900000000000000e+02,3.0604354601387368e-03,3.0604354601387368e-03,7.8235995042419404e-02,7.8235995042419404e-02,7.8235995042419404e-02,7.8235995042419404e-02,1.2549604306663433e+00,4.4874060820982625e-01,2.1000008157915109e+00,7.9999874134776050e-01
A,1.6000000000000000e+02,3.0422511555974929e-03,3.0422511555974929e-03,7.8003219877098573e-02,7.8003219877098573e-02,7.8003219877098573e-02,7.8003219877098573e-02,1.2549864263581481e+00,4.4873521140851408e-01,2.1000008202415481e+00,7.9999873427931545e-01
A,1.6100000000000000e+02,3.0241178642564405e-03,3.0241178642564405e-03,7.7770403936927579e-02,7.7770403936927579e-02,7.7770403936927579e-02,7.7770403936927579e-02,1.2550123536819788e+00,4.4872984432298263e-01,2.1000008246817510e+00,7.9999872722404342e-01
A,1.6200000000000000e+02,3.0060357718012325e-03,3.0060357718012325e-03,7.7537549249395710e-02,7.7537549249395710e-02,7.7537549249395710e-02,7.7537549249395710e-02,1.2550382125850434e+00,4.4872450689990634e-01,2.1000008291120960e+00,7.9999872018199281e-01
A,1.6300000000000000e+02,2.9880050633657577e-03,2.9880050633657577e-03,7.7304657859222914e-02,7.7304657859222914e-02,7.7304657859222914e-02,7.7304657859222914e-02,1.2550640030149744e+00,4.4871919908545133e-01,2.1000008335325600e+00,7.9999871315321214e-01
A,1.6400000000000000e+02,2.9700259235318407e-03,2.9700259235318407e-03,7.7071731828626255e-02,7.7071731828626255e-02,7.7071731828626255e-02,7.7071731828626255e-02,1.2550897249198361e+00,4.4871392082527528e-01,2.1000008379431194e+00,7.9999870613774970e-01
A,1.6500000000000000e+02,2.9520985362944860e-03,2.9520985362944860e-03,7.6838773237142277e-02,7.6838773237142277e-02,7.6838773237142277e-02,7.6838773237142277e-02,1.2551153782481315e+00,4.4870867206452714e-01,2.1000008423437517e+00,7.9999869913565391e-01
A,1.6600000000000000e+02,2.9342230850444087e-03,2.9342230850444087e-03,7.6605784181671410e-02,7.6605784181671410e-02,7.6605784181671410e-02,7.6605784181671410e-02,1.2551409629488093e+00,4.4870345274784706e-01,2.1000008467344338e+00,7.9999869214697295e-01
A,1.6700000000000000e+02,2.9163997525437574e-03,2.9163997525437574e-03,7.6372766776433565e-02,7.6372766776433565e-02,7.6372766776433565e-02,7.6372766776433565e-02,1.2551664789712709e+00,4.4869826281936626e-01,2.1000008511151425e+00,7.9999868517175488e-01
A,1.6800000000000000e+02,2.8986287208985530e-03,2.8986287208985530e-03,7.6139723152879313e-02,7.6139723152879313e-02,7.6139723152879313e-02,7.6139723152879313e-02,1.2551919262653768e+00,4.4869310222270703e-01,2.1000008554858551e+00,7.9999867821004789e-01
A,1.6900000000000000e+02,2.8809101715616308e-03,2.8809101715616308e-03,7.5906655460000749e-02,7.5906655460000749e-02,7.5906655460000749e-02,7.5906655460000749e-02,1.2552173047814541e+00,4.4868797090098272e-01,2.1000008598465492e+00,7.9999867126190005e-01
A,1.7000000000000000e+02,2.8632442852881343e-03,2.8632442852881343e-03,7.5673565864020631e-02,7.5673565864020631e-02,7.5673565864020631e-02,7.5673565864020631e-02,1.2552426144703035e+00,4.4868286879679781e-01,2.1000008641972019e+00,7.9999866432735922e-01
A,1.7100000000000000e+02,2.8456312421249897e-03,2.8456312421249897e-03,7.5440456548525603e-02,7.5440456548525603e-02,7.5440456548525603e-02,7.5440456548525603e-02,1.2552678552832062e+00,4.4867779585224793e-01,2.1000008685377907e+00,7.9999865740647325e-01
A,1.7200000000000000e+02,2.8280712213768558e-03,2.8280712213768558e-03,7.5207329714288562e-02,7.5207329714288562e-02,7.5207329714288562e-02,7.5207329714288562e-02,1.2552930271719311e+00,4.4867275200892009e-01,2.1000008728682928e+00,7.9999865049928975e-01
A,1.7300000000000000e+02,2.8105644016056587e-03,2.8105644016056587e-03,7.4974187579535112e-02,7.4974187579535112e-02,7.4974187579535112e-02,7.4974187579535112e-02,1.2553181300887422e+00,4.4866773720789277e-01,2.1000008771886862e+00,7.9999864360585660e-01
A,1.7400000000000000e+02,2.7931109605899710e-03,2.7931109605899710e-03,7.4741032379677108e-02,7.4741032379677108e-02,7.4741032379677108e-02,7.4741032379677108e-02,1.2553431639864048e+00,4.4866275138973616e-01,2.1000008814989486e+00,7.9999863672622118e-01
A,1.7500000000000000e+02,2.7757110753079692e-03,2.7757110753079692e-03,7.4507866367357067e-02,7.4507866367357067e-02,7.4507866367357067e-02,7.4507866367357067e-02,1.2553681288181937e+00,4.4865779449451260e-01,2.1000008857990577e+00,7.9999862986043102e-01
A,1.7600000000000000e+02,2.7583649219236742e-03,2.7583649219236742e-03,7.4274691812536986e-02,7.4274691812536986e-02,7.4274691812536986e-02,7.4274691812536986e-02,1.2553930245378999e+00,4.4865286646177660e-01,2.1000008900889915e+00,7.9999862300853353e-01
A,1.7700000000000000e+02,2.7410726757566770e-03,2.7410726757566770e-03,7.4041511002365112e-02,7.4041511002365112e-02,7.4041511002365112e-02,7.4041511002365112e-02,1.2554178510998377e+00,4.4864796723057548e-01,2.1000008943687281e+00,7.9999861617057588e-01
A,1.7800000000000000e+02,2.7238345112553753e-03,2.7238345112553753e-03,7.3808326241087130e-02,7.3808326241087130e-02,7.3808326241087130e-02,7.3808326241087130e-02,1.2554426084588521e+00,4.4864309673944969e-01,2.1000008986382452e+00,7.9999860934660527e-01
A,1.7900000000000000e+02,2.7066506019899944e-03,2.7066506019899944e-03,7.3575139850223792e-02,7.3575139850223792e-02,7.3575139850223792e-02,7.3575139850223792e-02,1.2554672965703262e+00,4.4863825492643322e-01,2.1000009028975217e+00,7.9999860253666877e-01
A,1.8000000000000000e+02,2.6895211206128364e-03,2.6895211206128364e-03,7.3341954168304468e-02,7.3341954168304468e-02,7.3341954168304468e-02,7.3341954168304468e-02,1.2554919153901880e+00,4.4863344172905417e-01,2.1000009071465358e+00,7.9999859574081333e-01
A,1.8100000000000000e+02,2.6724462388514275e-03,2.6724462388514275e-03,7.3108771551044782e-02,7.3108771551044782e-02,7.3108771551044782e-02,7.3108771551044782e-02,1.2555164648749184e+00,4.4862865708433530e-01,2.1000009113852656e+00,7.9999858895908571e-01
A,1.8200000000000000e+02,2.6554261274788138e-03,2.6554261274788138e-03,7.2875594371213381e-02,7.2875594371213381e-02,7.2875594371213381e-02,7.2875594371213381e-02,1.2555409449815578e+00,4.4862390092879473e-01,2.1000009156136898e+00,7.9999858219153253e-01
A,1.8300000000000000e+02,2.6384609562841040e-03,2.6384609562841040e-03,7.2642425018498713e-02,7.2642425018498713e-02,7.2642425018498713e-02,7.2642425018498713e-02,1.2555653556677135e+00,4.4861917319844635e-01,2.1000009198317873e+00,7.9999857543820041e-01
A,1.8400000000000000e+02,2.6215508940561159e-03,2.6215508940561159e-03,7.2409265899553432e-02,7.2409265899553432e-02,7.2409265899553432e-02,7.2409265899553432e-02,1.2555896968915679e+00,4.4861447382880087e-01,2.1000009240395365e+00,7.9999856869913588e-01
A,1.8500000000000000e+02,2.6046961085702271e-03,2.6046961085702271e-03,7.2176119438083219e-02,7.2176119438083219e-02,7.2176119438083219e-02,7.2176119438083219e-02,1.2556139686118843e+00,4.4860980275486634e-01,2.1000009282369168e+00,7.9999856197438513e-01
A,1.8600000000000000e+02,2.5878967665559933e-03,2.5878967665559933e-03,7.1942988074669145e-02,7.1942988074669145e-02,7.1942988074669145e-02,7.1942988074669145e-02,1.2556381707880162e+00,4.4860515991114902e-01,2.1000009324239066e+00,7.9999855526399433e-01
A,1.8700000000000000e+02,2.5711530336650760e-03,2.5711530336650760e-03,7.1709874266590035e-02,7.1709874266590035e-02,7.1709874266590035e-02,7.1709874266590035e-02,1.2556623033799132e+00,4.4860054523165432e-01,2.1000009366004853e+00,7.9999854856800956e-01
A,1.8800000000000000e+02,2.5544650744585276e-03,2.5544650744585276e-03,7.1476780487911284e-02,7.1476780487911284e-02,7.1476780487911284e-02,7.1476780487911284e-02,1.2556863663481288e+00,4.4859595864988761e-01,2.1000009407666322e+00,7.9999854188647679e-01
A,1.8900000000000000e+02,2.5378330523940212e-03,2.5378330523940212e-03,7.1243709229573682e-02,7.1243709229573682e-02,7.1243709229573682e-02,7.1243709229573682e-02,1.2557103596538282e+00,4.4859140009885523e-01,2.1000009449223267e+00,7.9999853521944164e-01
A,1.9000000000000000e+02,2.5212571297814818e-03,2.5212571297814818e-03,7.1010662999038132e-02,7.1010662999038132e-02,7.1010662999038132e-02,7.1010662999038132e-02,1.2557342832587952e+00,4.4858686951106558e-01,2.1000009490675486e+00,7.9999852856694986e-01
A,1.9100000000000000e+02,2.5047374677832912e-03,2.5047374677832912e-03,7.0777644320552113e-02,7.0777644320552113e-02,7.0777644320552113e-02,7.0777644320552113e-02,1.2557581371254403e+00,4.4858236681853003e-01,2.1000009532022772e+00,7.9999852192904675e-01
A,1.9200000000000000e+02,2.4882742263577992e-03,2.4882742263577992e-03,7.0544655734616768e-02,7.0544655734616768e-02,7.0544655734616768e-02,7.0544655734616768e-02,1.2557819212168073e+00,4.4857789195276421e-01,2.1000009573264924e+00,7.9999851530577770e-01
A,1.9300000000000000e+02,2.4718675642754631e-03,2.4718675642754631e-03,7.0311699798475402e-02,7.0311699798475402e-02,7.0311699798475402e-02,7.0311699798475402e-02,1.2558056354965816e+00,4.4857344484478912e-01,2.1000009614401738e+00,7.9999850869718792e-01
A,1.9400000000000000e+02,2.4555176390721393e-03,2.4555176390721393e-03,7.0078779085713805e-02,7.0078779085713805e-02,7.0078779085713805e-02,7.0078779085713805e-02,1.2558292799290973e+00,4.4856902542513238e-01,2.1000009655433014e+00,7.9999850210332235e-01
A,1.9500000000000000e+02,2.4392246070185147e-03,2.4392246070185147e-03,6.9845896186082612e-02,6.9845896186082612e-02,6.9845896186082612e-02,6.9845896186082612e-02,1.2558528544793444e+00,4.4856463362382948e-01,2.1000009696358557e+00,7.9999849552422575e-01
A,1.9600000000000000e+02,2.4229886231300493e-03,2.4229886231300493e-03,6.9613053705896988e-02,6.9613053705896988e-02,6.9613053705896988e-02,6.9613053705896988e-02,1.2558763591129767e+00,4.4856026937042515e-01,2.1000009737178167e+00,7.9999848895994286e-01
A,1.9700000000000000e+02,2.4068098411055717e-03,2.4068098411055717e-03,6.9380254267414898e-02,6.9380254267414898e-02,6.9380254267414898e-02,6.9380254267414898e-02,1.2558997937963194e+00,4.4855593259397475e-01,2.1000009777891653e+00,7.9999848241051807e-01
A,1.9800000000000000e+02,2.3906884133251681e-03,2.3906884133251681e-03,6.9147500509059157e-02,6.9147500509059157e-02,6.9147500509059157e-02,6.9147500509059157e-02,1.2559231584963764e+00,4.4855162322304570e-01,2.1000009818498815e+00,7.9999847587599582e-01
A,1.9900000000000000e+02,2.3746244908325366e-03,2.3746244908325366e-03,6.8914795085417424e-02,6.8914795085417424e-02,6.8914795085417424e-02,6.8914795085417424e-02,1.2559464531808373e+00,4.4854734118571904e-01,2.1000009858999462e+00,7.9999846935642016e-01
A,2.0000000000000000e+02,2.3586182232869222e-03,2.3586182232869222e-03,6.8682140666798119e-02,6.8682140666798119e-02,6.8682140666798119e-02,6.8682140666798119e-02,1.2559696778180862e+00,4.4854308640959090e-01,2.1000009899393404e+00,7.9999846285183507e-01
A,2.0100000000000000e+02,2.3426697589643886e-03,2.3426697589643886e-03,6.8449539939496873e-02,6.8449539939496873e-02,6.8449539939496873e-02,6.8449539939496873e-02,1.2559928323772078e+00,4.4853885882177419e-01,2.1000009939680448e+00,7.9999845636228439e-01
A,2.0200000000000000e+02,2.3267792447224547e-03,2.3267792447224547e-03,6.8216995605530073e-02,6.8216995605530073e-02,6.8216995605530073e-02,6.8216995605530073e-02,1.2560159168279958e+00,4.4853465834890027e-01,2.1000009979860410e+00,7.9999844988781166e-01
A,2.0300000000000000e+02,2.3109468259802750e-03,2.3109468259802750e-03,6.7984510382590457e-02,6.7984510382590457e-02,6.7984510382590457e-02,6.7984510382590457e-02,1.2560389311409601e+00,4.4853048491712066e-01,2.1000010019933097e+00,7.9999844342846027e-01
A,2.0400000000000000e+02,2.2951726466899497e-03,2.2951726466899497e-03,6.7752087003869477e-02,6.7752087003869477e-02,6.7752087003869477e-02,6.7752087003869477e-02,1.2560618752873345e+00,4.4852633845210871e-01,2.1000010059898329e+00,7.9999843698427342e-01
A,2.0500000000000000e+02,2.2794568493261585e-03,2.2794568493261585e-03,6.7519728218146113e-02,6.7519728218146113e-02,6.7519728218146113e-02,6.7519728218146113e-02,1.2560847492390839e+00,4.4852221887906168e-01,2.1000010099755917e+00,7.9999843055529407e-01
A,2.0600000000000000e+02,2.2637995748488655e-03,2.2637995748488655e-03,6.7287436789476018e-02,6.7287436789476018e-02,6.7287436789476018e-02,6.7287436789476018e-02,1.2561075529689121e+00,4.4851812612270242e-01,2.1000010139505680e+00,7.9999842414156497e-01
A,2.0700000000000000e+02,2.2482009626873965e-03,2.2482009626873965e-03,6.7055215497191512e-02,6.7055215497191512e-02,6.7055215497191512e-02,6.7055215497191512e-02,1.2561302864502693e+00,4.4851406010728140e-01,2.1000010179147437e+00,7.9999841774312885e-01
A,2.0800000000000000e+02,2.2326611507127348e-03,2.2326611507127348e-03,6.6823067135723946e-02,6.6823067135723946e-02,6.6823067135723946e-02,6.6823067135723946e-02,1.2561529496573594e+00,4.4851002075657875e-01,2.1000010218681009e+00,7.9999841136002803e-01
A,2.0900000000000000e+02,2.2171802752190333e-03,2.2171802752190333e-03,6.6590994514559299e-02,6.6590994514559299e-02,6.6590994514559299e-02,6.6590994514559299e-02,1.2561755425651477e+00,4.4850600799390627e-01,2.1000010258106219e+00,7.9999840499230468e-01
A,2.1000000000000000e+02,2.2017584709082267e-03,2.2017584709082267e-03,6.6359000458238171e-02,6.6359000458238171e-02,6.6359000458238171e-02,6.6359000458238171e-02,1.2561980651493683e+00,4.4850202174210957e-01,2.1000010297422889e+00,7.9999839864000077e-01
A,2.1100000000000000e+02,2.1863958708395045e-03,2.1863958708395045e-03,6.6127087805822882e-02,6.6127087805822882e-02,6.6127087805822882e-02,6.6127087805822882e-02,1.2562205173865313e+00,4.4849806192357028e-01,2.1000010336630841e+00,7.9999839230315795e-01
A,2.1200000000000000e+02,2.1710926064381461e-03,2.1710926064381461e-03,6.5895259411252738e-02,6.5895259411252738e-02,6.5895259411252738e-02,6.5895259411252738e-02,1.2562428992539307e+00,4.4849412846020825e-01,2.1000010375729907e+00,7.9999838598181783e-01
A,2.1300000000000000e+02,2.1558488074573073e-03,2.1558488074573073e-03,6.5663518142988764e-02,6.5663518142988764e-02,6.5663518142988764e-02,6.5663518142988764e-02,1.2562652107296519e+00,4.4849022127348381e-01,2.1000010414719914e+00,7.9999837967602172e-01
A,2.1400000000000000e+02,2.1406646019549273e-03,2.1406646019549273e-03,6.5431866883880474e-02,6.5431866883880474e-02,6.5431866883880474e-02,6.5431866883880474e-02,1.2562874517925786e+00,4.4848634028440026e-01,2.1000010453600693e+00,7.9999837338581059e-01
A,2.1500000000000000e+02,2.1255401162680286e-03,2.1255401162680286e-03,6.5200308530988238e-02,6.5200308530988238e-02,6.5200308530988238e-02,6.5200308530988238e-02,1.2563096224224009e+00,4.4848248541350610e-01,2.1000010492372074e+00,7.9999836711122529e-01
A,2.1600000000000000e+02,2.1104754750104495e-03,2.1104754750104495e-03,6.4968845995760915e-02,6.4968845995760915e-02,6.4968845995760915e-02,6.4968845995760915e-02,1.2563317225996220e+00,4.4847865658089764e-01,2.1000010531033895e+00,7.9999836085230647e-01
A,2.1700000000000000e+02,2.0954708010158057e-03,2.0954708010158057e-03,6.4737482203369723e-02,6.4737482203369723e-02,6.4737482203369723e-02,6.4737482203369723e-02,1.2563537523055666e+00,4.4847485370622142e-01,2.1000010569585985e+00,7.9999835460909441e-01
A,2.1800000000000000e+02,2.0805262153502395e-03,2.0805262153502395e-03,6.4506220093107913e-02,6.4506220093107913e-02,6.4506220093107913e-02,6.4506220093107913e-02,1.2563757115223868e+00,4.4847107670867692e-01,2.1000010608028186e+00,7.9999834838162920e-01
A,2.1900000000000000e+02,2.0656418372562118e-03,2.0656418372562118e-03,6.4275062617724643e-02,6.4275062617724643e-02,6.4275062617724643e-02,6.4275062617724643e-02,1.2563976002330710e+00,4.4846732550701901e-01,2.1000010646360332e+00,7.9999834216995069e-01
A,2.2000000000000000e+02,2.0508177841655874e-03,2.0508177841655874e-03,6.4044012743824652e-02,6.4044012743824652e-02,6.4044012743824652e-02,6.4044012743824652e-02,1.2564194184214503e+00,4.4846360001956087e-01,2.1000010684582269e+00,7.9999833597409853e-01
A,2.2100000000000000e+02,2.0360541716527608e-03,2.0360541716527608e-03,6.3813073451335356e-02,6.3813073451335356e-02,6.3813073451335356e-02,6.3813073451335356e-02,1.2564411660722064e+00,4.4845990016417664e-01,2.1000010722693836e+00,7.9999832979411201e-01
A,2.2200000000000000e+02,2.0213511134225181e-03,2.0213511134225181e-03,6.3582247733506847e-02,6.3582247733506847e-02,6.3582247733506847e-02,6.3582247733506847e-02,1.2564628431708780e+00,4.4845622585830414e-01,2.1000010760694878e+00,7.9999832363003021e-01
A,2.2300000000000000e+02,2.0067087212726886e-03,2.0067087212726886e-03,6.3351538596512214e-02,6.3351538596512214e-02,6.3351538596512214e-02,6.3351538596512214e-02,1.2564844497038692e+00,4.4845257701894786e-01,2.1000010798585245e+00,7.9999831748189199e-01
A,2.2400000000000000e+02,1.9921271050995044e-03,1.9921271050995044e-03,6.3120949059713993e-02,6.3120949059713993e-02,6.3120949059713993e-02,6.3120949059713993e-02,1.2565059856584559e+00,4.4844895356268194e-01,2.1000010836364780e+00,7.9999831134973587e-01
A,2.2500000000000000e+02,1.9776063728580281e-03,1.9776063728580281e-03,6.2890482155220084e-02,6.2890482155220084e-02,6.2890482155220084e-02,6.2890482155220084e-02,1.2565274510227937e+00,4.4844535540565306e-01,2.1000010874033332e+00,7.9999830523360016e-01
A,2.2600000000000000e+02,1.9631466305344296e-03,1.9631466305344296e-03,6.2660140927617292e-02,6.2660140927617292e-02,6.2660140927617292e-02,6.2660140927617292e-02,1.2565488457859246e+00,4.4844178246358346e-01,2.1000010911590756e+00,7.9999829913352294e-01
A,2.2700000000000000e+02,1.9487479821464805e-03,1.9487479821464805e-03,6.2429928434148962e-02,6.2429928434148962e-02,6.2429928434148962e-02,6.2429928434148962e-02,1.2565701699377843e+00,4.4843823465177418e-01,2.1000010949036905e+00,7.9999829304954184e-01
A,2.2800000000000000e+02,1.9344105297024784e-03,1.9344105297024784e-03,6.2199847744226489e-02,6.2199847744226489e-02,6.2199847744226489e-02,6.2199847744226489e-02,1.2565914234692090e+00,4.4843471188510808e-01,2.1000010986371631e+00,7.9999828698169440e-01
A,2.2900000000000000e+02,1.9201343731939941e-03,1.9201343731939941e-03,6.1969901939473715e-02,6.1969901939473715e-02,6.1969901939473715e-02,6.1969901939473715e-02,1.2566126063719436e+00,4.4843121407805314e-01,2.1000011023594798e+00,7.9999828093001768e-01
A,2.3000000000000000e+02,1.9059196105502864e-03,1.9059196105502864e-03,6.1740094113149624e-02,6.1740094113149624e-02,6.1740094113149624e-02,6.1740094113149624e-02,1.2566337186386474e+00,4.4842774114466571e-01,2.1000011060706258e+00,7.9999827489454867e-01
A,2.3100000000000000e+02,1.8917663376619260e-03,1.8917663376619260e-03,6.1510427370681242e-02,6.1510427370681242e-02,6.1510427370681242e-02,6.1510427370681242e-02,1.2566547602629019e+00,4.4842429299859382e-01,2.1000011097705880e+00,7.9999826887532388e-01
A,2.3200000000000000e+02,1.8776746483139964e-03,1.8776746483139964e-03,6.1280904828731053e-02,6.1280904828731053e-02,6.1280904828731053e-02,6.1280904828731053e-02,1.2566757312392181e+00,4.4842086955308069e-01,2.1000011134593524e+00,7.9999826287237963e-01
A,2.3300000000000000e+02,1.8636446341966167e-03,1.8636446341966167e-03,6.1051529615507860e-02,6.1051529615507860e-02,6.1051529615507860e-02,6.1051529615507860e-02,1.2566966315630423e+00,4.4841747072096799e-01,2.1000011171369053e+00,7.9999825688575188e-01
A,2.3400000000000000e+02,1.8496763848638378e-03,1.8496763848638378e-03,6.0822304870233879e-02,6.0822304870233879e-02,6.0822304870233879e-02,6.0822304870233879e-02,1.2567174612307646e+00,4.4841409641469954e-01,2.1000011208032339e+00,7.9999825091547638e-01
A,2.3500000000000000e+02,1.8357699877337595e-03,1.8357699877337595e-03,6.0593233743277963e-02,6.0593233743277963e-02,6.0593233743277963e-02,6.0593233743277963e-02,1.2567382202397241e+00,4.4841074654632473e-01,2.1000011244583248e+00,7.9999824496158856e-01
A,2.3600000000000000e+02,1.8219255280456947e-03,1.8219255280456947e-03,6.0364319395578292e-02,6.0364319395578292e-02,6.0364319395578292e-02,6.0364319395578292e-02,1.2567589085882174e+00,4.4840742102750220e-01,2.1000011281021651e+00,7.9999823902412348e-01
A,2.3700000000000000e+02,1.8081430888743349e-03,1.8081430888743349e-03,6.0135564998997637e-02,6.0135564998997637e-02,6.0135564998997637e-02,6.0135564998997637e-02,1.2567795262755039e+00,4.4840411976950351e-01,2.1000011317347425e+00,7.9999823310311580e-01
A,2.3800000000000000e+02,1.7944227510637398e-03,1.7944227510637398e-03,5.9906973735346369e-02,5.9906973735346369e-02,5.9906973735346369e-02,5.9906973735346369e-02,1.2568000733018139e+00,4.4840084268321684e-01,2.1000011353560439e+00,7.9999822719860014e-01
A,2.3900000000000000e+02,1.7807645932502538e-03,1.7807645932502538e-03,5.9678548796870956e-02,5.9678548796870956e-02,5.9678548796870956e-02,5.9678548796870956e-02,1.2568205496683542e+00,4.4839758967915083e-01,2.1000011389660580e+00,7.9999822131061049e-01
A,2.4000000000000000e+02,1.7671686918241541e-03,1.7671686918241541e-03,5.9450293385721054e-02,5.9450293385721054e-02,5.9450293385721054e-02,5.9450293385721054e-02,1.2568409553773154e+00,4.4839436066743837e-01,2.1000011425647722e+00,7.9999821543918070e-01
A,2.4100000000000000e+02,1.7536351209105679e-03,1.7536351209105679e-03,5.9222210713727463e-02,5.9222210713727463e-02,5.9222210713727463e-02,5.9222210713727463e-02,1.2568612904318783e+00,4.4839115555784059e-01,2.1000011461521746e+00,7.9999820958434431e-01
A,2.4200000000000000e+02,1.7401639523508207e-03,1.7401639523508207e-03,5.8994304002180087e-02,5.8994304002180087e-02,5.8994304002180087e-02,5.8994304002180087e-02,1.2568815548362204e+00,4.4838797425975074e-01,2.1000011497282540e+00,7.9999820374613440e-01
A,2.4300000000000000e+02,1.7267552556972656e-03,1.7267552556972656e-03,5.8766576481827926e-02,5.8766576481827926e-02,5.8766576481827926e-02,5.8766576481827926e-02,1.2569017485955229e+00,4.4838481668219815e-01,2.1000011532929990e+00,7.9999819792458382e-01
A,2.4400000000000000e+02,1.7134090981822448e-03,1.7134090981822448e-03,5.8539031392434993e-02,5.8539031392434993e-02,5.8539031392434993e-02,5.8539031392434993e-02,1.2569218717159765e+00,4.4838168273385243e-01,2.1000011568463983e+00,7.9999819211972512e-01
A,2.4500000000000000e+02,1.7001255446929668e-03,1.7001255446929668e-03,5.8311671982425040e-02,5.8311671982425040e-02,5.8311671982425040e-02,5.8311671982425040e-02,1.2569419242047879e+00,4.4837857232302741e-01,2.1000011603884410e+00,7.9999818633159026e-01
A,2.4600000000000000e+02,1.6869046577831089e-03,1.6869046577831089e-03,5.8084501509148012e-02,5.8084501509148012e-02,5.8084501509148012e-02,5.8084501509148012e-02,1.2569619060701867e+00,4.4837548535768551e-01,2.1000011639191163e+00,7.9999818056021121e-01
A,2.4700000000000000e+02,1.6737464976199540e-03,1.6737464976199540e-03,5.7857523238036279e-02,5.7857523238036279e-02,5.7857523238036279e-02,5.7857523238036279e-02,1.2569818173214309e+00,4.4837242174544184e-01,2.1000011674384140e+00,7.9999817480561930e-01
A,2.4800000000000000e+02,1.6606511219916700e-03,1.6606511219916700e-03,5.7630740442782269e-02,5.7630740442782269e-02,5.7630740442782269e-02,5.7630740442782269e-02,1.2570016579688141e+00,4.4836938139356847e-01,2.1000011709463235e+00,7.9999816906784571e-01
A,2.4900000000000000e+02,1.6476185862864361e-03,1.6476185862864361e-03,5.7404156405027607e-02,5.7404156405027607e-02,5.7404156405027607e-02,5.7404156405027607e-02,1.2570214280236709e+00,4.4836636420899884e-01,2.1000011744428351e+00,7.9999816334692120e-01
A,2.5000000000000000e+02,1.6346489434695848e-03,1.6346489434695848e-03,5.7177774414007843e-02,5.7177774414007843e-02,5.7177774414007843e-02,5.7177774414007843e-02,1.2570411274983830e+00,4.4836337009833205e-01,2.1000011779279388e+00,7.9999815764287607e-01
A,2.5100000000000000e+02,1.6217422440664162e-03,1.6217422440664162e-03,5.6951597766286000e-02,5.6951597766286000e-02,5.6951597766286000e-02,5.6951597766286000e-02,1.2570607564063858e+00,4.4836039896783741e-01,2.1000011814016251e+00,7.9999815195574042e-01
A,2.5200000000000000e+02,1.6088985361631361e-03,1.6088985361631361e-03,5.6725629765796981e-02,5.6725629765796981e-02,5.6725629765796981e-02,5.6725629765796981e-02,1.2570803147621736e+00,4.4835745072345878e-01,2.1000011848638844e+00,7.9999814628554389e-01
A,2.5300000000000000e+02,1.5961178653652150e-03,1.5961178653652150e-03,5.6499873723137028e-02,5.6499873723137028e-02,5.6499873723137028e-02,5.6499873723137028e-02,1.2570998025813067e+00,4.4835452527081926e-01,2.1000011883147081e+00,7.9999814063231578e-01
A,2.5400000000000000e+02,1.5834002748093181e-03,1.5834002748093181e-03,5.6274332955785766e-02,5.6274332955785766e-02,5.6274332955785766e-02,5.6274332955785766e-02,1.2571192198804158e+00,4.4835162251522559e-01,2.1000011917540871e+00,7.9999813499608496e-01
A,2.5500000000000000e+02,1.5707458051227976e-03,1.5707458051227976e-03,5.6049010787395659e-02,5.6049010787395659e-02,5.6049010787395659e-02,5.6049010787395659e-02,1.2571385666772088e+00,4.4834874236167305e-01,2.1000011951820126e+00,7.9999812937688008e-01
A,2.5600000000000000e+02,1.5581544944313793e-03,1.5581544944313793e-03,5.5823910547925237e-02,5.5823910547925237e-02,5.5823910547925237e-02,5.5823910547925237e-02,1.2571578429904764e+00,4.4834588471484987e-01,2.1000011985984761e+00,7.9999812377472923e-01
A,2.5700000000000000e+02,1.5456263783297638e-03,1.5456263783297638e-03,5.5599035573106192e-02,5.5599035573106192e-02,5.5599035573106192e-02,5.5599035573106192e-02,1.2571770488400971e+00,4.4834304947914222e-01,2.1000012020034697e+00,7.9999811818966016e-01
A,2.5800000000000000e+02,1.5331614898727510e-03,1.5331614898727510e-03,5.5374389204265739e-02,5.5374389204265739e-02,5.5374389204265739e-02,5.5374389204265739e-02,1.2571961842470434e+00,4.4834023655863869e-01,2.1000012053969854e+00,7.9999811262170040e-01
A,2.5900000000000000e+02,1.5207598595667342e-03,1.5207598595667342e-03,5.5149974788148981e-02,5.5149974788148981e-02,5.5149974788148981e-02,5.5149974788148981e-02,1.2572152492333872e+00,4.4833744585713547e-01,2.1000012087790156e+00,7.9999810707087693e-01
A,2.6000000000000000e+02,1.5084215153542476e-03,1.5084215153542476e-03,5.4925795676608047e-02,5.4925795676608047e-02,5.4925795676608047e-02,5.4925795676608047e-02,1.2572342438223050e+00,4.4833467727814097e-01,2.1000012121495528e+00,7.9999810153721629e-01
A,2.6100000000000000e+02,1.4961464825820577e-03,1.4961464825820577e-03,5.4701855225980367e-02,5.4701855225980367e-02,5.4701855225980367e-02,5.4701855225980367e-02,1.2572531680380832e+00,4.4833193072488087e-01,2.1000012155085899e+00,7.9999809602074479e-01
A,2.6200000000000000e+02,1.4839347840234439e-03,1.4839347840234439e-03,5.4478156797443944e-02,5.4478156797443944e-02,5.4478156797443944e-02,5.4478156797443944e-02,1.2572720219061233e+00,4.4832920610030302e-01,2.1000012188561201e+00,7.9999809052148829e-01
A,2.6300000000000000e+02,1.4717864398423061e-03,1.4717864398423061e-03,5.4254703756306810e-02,5.4254703756306810e-02,5.4254703756306810e-02,5.4254703756306810e-02,1.2572908054529477e+00,4.4832650330708251e-01,2.1000012221921365e+00,7.9999808503947223e-01
A,2.6400000000000000e+02,1.4597014675823510e-03,1.4597014675823510e-03,5.4031499471740574e-02,5.4031499471740574e-02,5.4031499471740574e-02,5.4031499471740574e-02,1.2573095187062038e+00,4.4832382224762674e-01,2.1000012255166323e+00,7.9999807957472158e-01
A,2.6500000000000000e+02,1.4476798821615403e-03,1.4476798821615403e-03,5.3808547316602784e-02,5.3808547316602784e-02,5.3808547316602784e-02,5.3808547316602784e-02,1.2573281616946697e+00,4.4832116282408041e-01,2.1000012288296017e+00,7.9999807412726109e-01
A,2.6600000000000000e+02,1.4357216958692863e-03,1.4357216958692863e-03,5.3585850667303703e-02,5.3585850667303703e-02,5.3585850667303703e-02,5.3585850667303703e-02,1.2573467344482590e+00,4.4831852493833091e-01,2.1000012321310386e+00,7.9999806869711487e-01
A,2.6700000000000000e+02,1.4238269183307738e-03,1.4238269183307738e-03,5.3363412903051355e-02,5.3363412903051355e-02,5.3363412903051355e-02,5.3363412903051355e-02,1.2573652369980255e+00,4.4831590849201330e-01,2.1000012354209376e+00,7.9999806328430678e-01
A,2.6800000000000000e+02,1.4119955565243365e-03,1.4119955565243365e-03,5.3141237406073571e-02,5.3141237406073571e-02,5.3141237406073571e-02,5.3141237406073571e-02,1.2573836693761677e+00,4.4831331338651559e-01,2.1000012386992930e+00,7.9999805788886025e-01
A,2.6900000000000000e+02,1.4002276147493094e-03,1.4002276147493094e-03,5.2919327560907448e-02,5.2919327560907448e-02,5.2919327560907448e-02,5.2919327560907448e-02,1.2574020316160341e+00,4.4831073952298406e-01,2.1000012419660994e+00,7.9999805251079825e-01
A,2.7000000000000000e+02,1.3885230946370784e-03,1.3885230946370784e-03,5.2697686754488160e-02,5.2697686754488160e-02,5.2697686754488160e-02,5.2697686754488160e-02,1.2574203237521273e+00,4.4830818680232859e-01,2.1000012452213519e+00,7.9999804715014333e-01
A,2.7100000000000000e+02,1.3768819951248490e-03,1.3768819951248490e-03,5.2476318375527242e-02,5.2476318375527242e-02,5.2476318375527242e-02,5.2476318375527242e-02,1.2574385458201083e+00,4.4830565512522791e-01,2.1000012484650461e+00,7.9999804180691758e-01
A,2.7200000000000000e+02,1.3653043124535688e-03,1.3653043124535688e-03,5.2255225814334949e-02,5.2255225814334949e-02,5.2255225814334949e-02,5.2255225814334949e-02,1.2574566978568014e+00,4.4830314439213520e-01,2.1000012516971776e+00,7.9999803648114276e-01
A,2.7300000000000000e+02,1.3537900401615873e-03,1.3537900401615873e-03,5.2034412462553803e-02,5.2034412462553803e-02,5.2034412462553803e-02,5.2034412462553803e-02,1.2574747799001977e+00,4.4830065450328327e-01,2.1000012549177418e+00,7.9999803117284018e-01
A,2.7400000000000000e+02,1.3423391690764882e-03,1.3423391690764882e-03,5.1813881712847731e-02,5.1813881712847731e-02,5.1813881712847731e-02,5.1813881712847731e-02,1.2574927919894605e+00,4.4829818535869020e-01,2.1000012581267353e+00,7.9999802588203073e-01
A,2.7500000000000000e+02,1.3309516872982894e-03,1.3309516872982894e-03,5.1593636958413569e-02,5.1593636958413569e-02,5.1593636958413569e-02,5.1593636958413569e-02,1.2575107341649281e+00,4.4829573685816487e-01,2.1000012613241541e+00,7.9999802060873471e-01
A,2.7600000000000000e+02,1.3196275802062189e-03,1.3196275802062189e-03,5.1373681592936649e-02,5.1373681592936649e-02,5.1373681592936649e-02,5.1373681592936649e-02,1.2575286064681184e+00,4.4829330890131242e-01,2.1000012645099950e+00,7.9999801535297221e-01
A,2.7700000000000000e+02,1.3083668304452256e-03,1.3083668304452256e-03,5.1154019010146712e-02,5.1154019010146712e-02,5.1154019010146712e-02,5.1154019010146712e-02,1.2575464089417325e+00,4.4829090138753980e-01,2.1000012676842550e+00,7.9999801011476268e-01
A,2.7800000000000000e+02,1.2971694179177116e-03,1.2971694179177116e-03,5.0934652603462638e-02,5.0934652603462638e-02,5.0934652603462638e-02,5.0934652603462638e-02,1.2575641416296592e+00,4.4828851421606158e-01,2.1000012708469309e+00,7.9999800489412531e-01
A,2.7900000000000000e+02,1.2860353197871109e-03,1.2860353197871109e-03,5.0715585765859217e-02,5.0715585765859217e-02,5.0715585765859217e-02,5.0715585765859217e-02,1.2575818045769775e+00,4.4828614728590538e-01,2.1000012739980201e+00,7.9999799969107876e-01
A,2.8000000000000000e+02,1.2749645104570880e-03,1.2749645104570880e-03,5.0496821889245425e-02,5.0496821889245425e-02,5.0496821889245425e-02,5.0496821889245425e-02,1.2575993978299613e+00,4.4828380049591759e-01,2.1000012771375203e+00,7.9999799450564113e-01
A,2.8100000000000000e+02,1.2639569615806902e-03,1.2639569615806902e-03,5.0278364364420014e-02,5.0278364364420014e-02,5.0278364364420014e-02,5.0278364364420014e-02,1.2576169214360822e+00,4.4828147374476929e-01,2.1000012802654298e+00,7.9999798933783028e-01
A,2.8200000000000000e+02,1.2530126420518856e-03,1.2530126420518856e-03,5.0060216580671835e-02,5.0060216580671835e-02,5.0060216580671835e-02,5.0060216580671835e-02,1.2576343754440129e+00,4.4827916693096176e-01,2.1000012833817463e+00,7.9999798418766355e-01
A,2.8300000000000000e+02,1.2421315179910908e-03,1.2421315179910908e-03,4.9842381925246926e-02,4.9842381925246926e-02,4.9842381925246926e-02,4.9842381925246926e-02,1.2576517599036308e+00,4.4827687995283233e-01,2.1000012864864686e+00,7.9999797905515768e-01
A,2.8400000000000000e+02,1.2313135527645589e-03,1.2313135527645589e-03,4.9624863783481743e-02,4.9624863783481743e-02,4.9624863783481743e-02,4.9624863783481743e-02,1.2576690748660204e+00,4.4827461270856023e-01,2.1000012895795956e+00,7.9999797394032912e-01
A,2.8500000000000000e+02,1.2205587069554298e-03,1.2205587069554298e-03,4.9407665537959389e-02,4.9407665537959389e-02,4.9407665537959389e-02,4.9407665537959389e-02,1.2576863203834774e+00,4.4827236509617241e-01,2.1000012926611258e+00,7.9999796884319385e-01
A,2.8600000000000000e+02,1.2098669383796717e-03,1.2098669383796717e-03,4.9190790568554021e-02,4.9190790568554021e-02,4.9190790568554021e-02,4.9190790568554021e-02,1.2577034965095104e+00,4.4827013701354929e-01,2.1000012957310590e+00,7.9999796376376731e-01
A,2.8700000000000000e+02,1.1992382020803178e-03,1.1992382020803178e-03,4.8974242252031175e-02,4.8974242252031175e-02,4.8974242252031175e-02,4.8974242252031175e-02,1.2577206032988448e+00,4.4826792835843088e-01,2.1000012987893943e+00,7.9999795870206447e-01
A,2.8800000000000000e+02,1.1886724503114977e-03,1.1886724503114977e-03,4.8758023961426034e-02,4.8758023961426034e-02,4.8758023961426034e-02,4.8758023961426034e-02,1.2577376408074250e+00,4.4826573902842243e-01,2.1000013018361319e+00,7.9999795365810000e-01
A,2.8900000000000000e+02,1.1781696325600171e-03,1.1781696325600171e-03,4.8542139066176659e-02,4.8542139066176659e-02,4.8542139066176659e-02,4.8542139066176659e-02,1.2577546090924165e+00,4.4826356892100050e-01,2.1000013048712716e+00,7.9999794863188789e-01
A,2.9000000000000000e+02,1.1677296955282324e-03,1.1677296955282324e-03,4.8326590931457858e-02,4.8326590931457858e-02,4.8326590931457858e-02,4.8326590931457858e-02,1.2577715082122092e+00,4.4826141793351904e-01,2.1000013078948139e+00,7.9999794362344179e-01
A,2.9100000000000000e+02,1.1573525831413815e-03,1.1573525831413815e-03,4.8111382918003542e-02,4.8111382918003542e-02,4.8111382918003542e-02,4.8111382918003542e-02,1.2577883382264190e+00,4.4825928596321507e-01,2.1000013109067597e+00,7.9999793863277480e-01
A,2.9200000000000000e+02,1.1470382365382197e-03,1.1470382365382197e-03,4.7896518381573827e-02,4.7896518381573827e-02,4.7896518381573827e-02,4.7896518381573827e-02,1.2578050991958909e+00,4.4825717290721501e-01,2.1000013139071094e+00,7.9999793365989957e-01
A,2.9300000000000000e+02,1.1367865940814894e-03,1.1367865940814894e-03,4.7682000672821800e-02,4.7682000672821800e-02,4.7682000672821800e-02,4.7682000672821800e-02,1.2578217911826999e+00,4.4825507866254050e-01,2.1000013168958644e+00,7.9999792870482833e-01
A,2.9400000000000000e+02,1.1265975913623226e-03,1.1265975913623226e-03,4.7467833137027071e-02,4.7467833137027071e-02,4.7467833137027071e-02,4.7467833137027071e-02,1.2578384142501540e+00,4.4825300312611449e-01,2.1000013198730265e+00,7.9999792376757284e-01
A,2.9500000000000000e+02,1.1164711611882851e-03,1.1164711611882851e-03,4.7254019113474044e-02,4.7254019113474044e-02,4.7254019113474044e-02,4.7254019113474044e-02,1.2578549684627955e+00,4.4825094619476730e-01,2.1000013228385970e+00,7.9999791884814431e-01
A,2.9600000000000000e+02,1.1064072335910989e-03,1.1064072335910989e-03,4.7040561935229874e-02,4.7040561935229874e-02,4.7040561935229874e-02,4.7040561935229874e-02,1.2578714538864029e+00,4.4824890776524279e-01,2.1000013257925780e+00,7.9999791394655340e-01
A,2.9700000000000000e+02,1.0964057358368094e-03,1.0964057358368094e-03,4.6827464928966833e-02,4.6827464928966833e-02,4.6827464928966833e-02,4.6827464928966833e-02,1.2578878705879923e+00,4.4824688773420435e-01,2.1000013287349724e+00,7.9999790906281043e-01
A,2.9800000000000000e+02,1.0864665924176255e-03,1.0864665924176255e-03,4.6614731414384991e-02,4.6614731414384991e-02,4.6614731414384991e-02,4.6614731414384991e-02,1.2579042186358191e+00,4.4824488599824103e-01,2.1000013316657822e+00,7.9999790419692518e-01
A,2.9900000000000000e+02,1.0765897250631172e-03,1.0765897250631172e-03,4.6402364704034582e-02,4.6402364704034582e-02,4.6402364704034582e-02,4.6402364704034582e-02,1.2579204980993794e+00,4.4824290245387372e-01,2.1000013345850101e+00,7.9999789934890697e-01
A,3.0000000000000000e+02,1.0667750527373523e-03,1.0667750527373523e-03,4.6190368102827506e-02,4.6190368102827506e-02,4.6190368102827506e-02,4.6190368102827506e-02,1.2579367090494111e+00,4.4824093699756129e-01,2.1000013374926598e+00,7.9999789451876457e-01
A,3.0100000000000000e+02,1.0570224916571424e-03,1.0570224916571424e-03,4.5978744907992919e-02,4.5978744907992919e-02,4.5978744907992919e-02,4.5978744907992919e-02,1.2579528515578950e+00,4.4823898952570662e-01,2.1000013403887343e+00,7.9999788970650632e-01
A,3.0200000000000000e+02,1.0473319552697614e-03,1.0473319552697614e-03,4.5767498408144647e-02,4.5767498408144647e-02,4.5767498408144647e-02,4.5767498408144647e-02,1.2579689256980555e+00,4.4823705993466290e-01,2.1000013432732376e+00,7.9999788491214008e-01
A,3.0300000000000000e+02,1.0377033542926040e-03,1.0377033542926040e-03,4.5556631883680865e-02,4.5556631883680865e-02,4.5556631883680865e-02,4.5556631883680865e-02,1.2579849315443616e+00,4.4823514812073978e-01,2.1000013461461733e+00,7.9999788013567308e-01
A,3.0400000000000000e+02,1.0281365966919845e-03,1.0281365966919845e-03,4.5346148605851511e-02,4.5346148605851511e-02,4.5346148605851511e-02,4.5346148605851511e-02,1.2580008691725282e+00,4.4823325398020952e-01,2.1000013490075462e+00,7.9999787537711231e-01
A,3.0500000000000000e+02,1.0186315877052654e-03,1.0186315877052654e-03,4.5136051836758284e-02,4.5136051836758284e-02,4.5136051836758284e-02,4.5136051836758284e-02,1.2580167386595156e+00,4.4823137740931324e-01,2.1000013518573604e+00,7.9999787063646399e-01
A,3.0600000000000000e+02,1.0091882298410941e-03,1.0091882298410941e-03,4.4926344828866149e-02,4.4926344828866149e-02,4.4926344828866149e-02,4.4926344828866149e-02,1.2580325400835308e+00,4.4822951830426699e-01,2.1000013546956207e+00,7.9999786591373401e-01
A,3.0700000000000000e+02,9.9980642288427664e-04,9.9980642288427664e-04,4.4717030824603654e-02,4.4717030824603654e-02,4.4717030824603654e-02,4.4717030824603654e-02,1.2580482735240275e+00,4.4822767656126805e-01,2.1000013575223324e+00,7.9999786120892769e-01
A,3.0800000000000000e+02,9.9048606391108590e-04,9.9048606391108590e-04,4.4508113056185294e-02,4.4508113056185294e-02,4.4508113056185294e-02,4.4508113056185294e-02,1.2580639390617059e+00,4.4822585207650112e-01,2.1000013603375010e+00,7.9999785652204991e-01
A,3.0900000000000000e+02,9.8122704729106548e-04,9.8122704729106548e-04,4.4299594745123017e-02,4.4299594745123017e-02,4.4299594745123017e-02,4.4299594745123017e-02,1.2580795367785134e+00,4.4822404474614458e-01,2.1000013631411321e+00,7.9999785185310490e-01
A,3.1000000000000000e+02,9.7202926469927727e-04,9.7202926469927727e-04,4.4091479101959763e-02,4.4091479101959763e-02,4.4091479101959763e-02,4.4091479101959763e-02,1.2580950667576438e+00,4.4822225446637665e-01,2.1000013659332315e+00,7.9999784720209666e-01
A,3.1100000000000000e+02,9.6289260512697297e-04,9.6289260512697297e-04,4.3883769325958610e-02,4.3883769325958610e-02,4.3883769325958610e-02,4.3883769325958610e-02,1.2581105290835382e+00,4.4822048113338153e-01,2.1000013687138059e+00,7.9999784256902851e-01
A,3.1200000000000000e+02,9.5381695488686773e-04,9.5381695488686773e-04,4.3676468604658680e-02,4.3676468604658680e-02,4.3676468604658680e-02,4.3676468604658680e-02,1.2581259238418829e+00,4.4821872464335577e-01,2.1000013714828611e+00,7.9999783795390322e-01
A,3.1300000000000000e+02,9.4480219762286101e-04,9.4480219762286101e-04,4.3469580113519868e-02,4.3469580113519868e-02,4.3469580113519868e-02,4.3469580113519868e-02,1.2581412511196106e+00,4.4821698489251438e-01,2.1000013742404047e+00,7.9999783335672314e-01
A,3.1400000000000000e+02,9.3584821432598976e-04,9.3584821432598976e-04,4.3263107015700797e-02,4.3263107015700797e-02,4.3263107015700797e-02,4.3263107015700797e-02,1.2581565110048987e+00,4.4821526177709703e-01,2.1000013769864432e+00,7.9999782877749004e-01
A,3.1500000000000000e+02,9.2695488334494582e-04,9.2695488334494582e-04,4.3057052461703549e-02,4.3057052461703549e-02,4.3057052461703549e-02,4.3057052461703549e-02,1.2581717035871689e+00,4.4821355519337430e-01,2.1000013797209842e+00,7.9999782421620536e-01
A,3.1600000000000000e+02,9.1812208039515153e-04,9.1812208039515153e-04,4.2851419588973982e-02,4.2851419588973982e-02,4.2851419588973982e-02,4.2851419588973982e-02,1.2581868289570861e+00,4.4821186503765392e-01,2.1000013824440353e+00,7.9999781967286976e-01
A,3.1700000000000000e+02,9.0934967856645340e-04,9.0934967856645340e-04,4.2646211521457644e-02,4.2646211521457644e-02,4.2646211521457644e-02,4.2646211521457644e-02,1.2582018872065577e+00,4.4821019120628686e-01,2.1000013851556045e+00,7.9999781514748369e-01
A,3.1800000000000000e+02,9.0063754834645410e-04,9.0063754834645410e-04,4.2441431369510951e-02,4.2441431369510951e-02,4.2441431369510951e-02,4.2441431369510951e-02,1.2582168784287318e+00,4.4820853359567364e-01,2.1000013878556998e+00,7.9999781064004682e-01
A,3.1900000000000000e+02,8.9198555762708468e-04,8.9198555762708468e-04,4.2237082229412692e-02,4.2237082229412692e-02,4.2237082229412692e-02,4.2237082229412692e-02,1.2582318027179964e+00,4.4820689210227033e-01,2.1000013905443300e+00,7.9999780615055849e-01
A,3.2000000000000000e+02,8.8339357171738221e-04,8.8339357171738221e-04,4.2033167183008757e-02,4.2033167183008757e-02,4.2033167183008757e-02,4.2033167183008757e-02,1.2582466601699780e+00,4.4820526662259497e-01,2.1000013932215036e+00,7.9999780167901746e-01
A,3.2100000000000000e+02,8.7486145335856336e-04,8.7486145335856336e-04,4.1829689297401274e-02,4.1829689297401274e-02,4.1829689297401274e-02,4.1829689297401274e-02,1.2582614508815391e+00,4.4820365705323351e-01,2.1000013958872299e+00,7.9999779722542208e-01
A,3.2200000000000000e+02,8.6638906273947807e-04,8.6638906273947807e-04,4.1626651624637745e-02,4.1626651624637745e-02,4.1626651624637745e-02,4.1626651624637745e-02,1.2582761749507774e+00,4.4820206329084611e-01,2.1000013985415182e+00,7.9999779278977001e-01
A,3.2300000000000000e+02,8.5797625751243736e-04,8.5797625751243736e-04,4.1424057201400188e-02,4.1424057201400188e-02,4.1424057201400188e-02,4.1424057201400188e-02,1.2582908324770237e+00,4.4820048523217315e-01,2.1000014011843779e+00,7.9999778837205848e-01
A,3.2400000000000000e+02,8.4962289280758076e-04,8.4962289280758076e-04,4.1221909048649863e-02,4.1221909048649863e-02,4.1221909048649863e-02,4.1221909048649863e-02,1.2583054235608393e+00,4.4819892277404144e-01,2.1000014038158192e+00,7.9999778397228427e-01
A,3.2500000000000000e+02,8.4132882124219840e-04,8.4132882124219840e-04,4.1020210171138771e-02,4.1020210171138771e-02,4.1020210171138771e-02,4.1020210171138771e-02,1.2583199483040144e+00,4.4819737581337032e-01,2.1000014064358523e+00,7.9999777959044360e-01
A,3.2600000000000000e+02,8.3309389295419434e-04,8.3309389295419434e-04,4.0818963557498478e-02,4.0818963557498478e-02,4.0818963557498478e-02,4.0818963557498478e-02,1.2583344068095657e+00,4.4819584424717779e-01,2.1000014090444874e+00,7.9999777522653215e-01
A,3.2700000000000000e+02,8.2491795559393578e-04,8.2491795559393578e-04,4.0618172179307521e-02,4.0618172179307521e-02,4.0618172179307521e-02,4.0618172179307521e-02,1.2583487991817337e+00,4.4819432797258640e-01,2.1000014116417356e+00,7.9999777088054513e-01
A,3.2800000000000000e+02,8.1680085436207437e-04,8.1680085436207437e-04,4.0417838991269051e-02,4.0417838991269051e-02,4.0417838991269051e-02,4.0417838991269051e-02,1.2583631255259804e+00,4.4819282688682954e-01,2.1000014142276076e+00,7.9999776655247712e-01
A,3.2900000000000000e+02,8.0874243202390937e-04,8.0874243202390937e-04,4.0217966930811144e-02,4.0217966930811144e-02,4.0217966930811144e-02,4.0217966930811144e-02,1.2583773859489862e+00,4.4819134088725732e-01,2.1000014168021148e+00,7.9999776224232244e-01
A,3.3000000000000000e+02,8.0074252891708939e-04,8.0074252891708939e-04,4.0018558917509495e-02,4.0018558917509495e-02,4.0018558917509495e-02,4.0018558917509495e-02,1.2583915805586472e+00,4.4818986987134263e-01,2.1000014193652690e+00,7.9999775795007466e-01
A,3.3100000000000000e+02,7.9280098297765367e-04,7.9280098297765367e-04,3.9819617852954181e-02,3.9819617852954181e-02,3.9819617852954181e-02,3.9819617852954181e-02,1.2584057094640724e+00,4.4818841373668722e-01,2.1000014219170815e+00,7.9999775367572690e-01
A,3.3200000000000000e+02,7.8491762976091431e-04,7.8491762976091431e-04,3.9621146620483216e-02,3.9621146620483216e-02,3.9621146620483216e-02,3.9621146620483216e-02,1.2584197727755797e+00,4.4818697238102756e-01,2.1000014244575649e+00,7.9999774941927182e-01
A,3.3300000000000000e+02,7.7709230245210726e-04,7.7709230245210726e-04,3.9423148084649640e-02,3.9423148084649640e-02,3.9423148084649640e-02,3.9423148084649640e-02,1.2584337706046940e+00,4.4818554570224078e-01,2.1000014269867315e+00,7.9999774518070155e-01
A,3.3400000000000000e+02,7.6932483189504953e-04,7.6932483189504953e-04,3.9225625091132699e-02,3.9225625091132699e-02,3.9225625091132699e-02,3.9225625091132699e-02,1.2584477030641421e+00,4.4818413359835063e-01,2.1000014295045943e+00,7.9999774096000775e-01
A,3.3500000000000000e+02,7.6161504661044987e-04,7.6161504661044987e-04,3.9028580466382579e-02,3.9028580466382579e-02,3.9028580466382579e-02,3.9028580466382579e-02,1.2584615702678505e+00,4.4818273596753344e-01,2.1000014320111657e+00,7.9999773675718144e-01
A,3.3600000000000000e+02,7.5396277280941081e-04,7.5396277280941081e-04,3.8832017017131903e-02,3.8832017017131903e-02,3.8832017017131903e-02,3.8832017017131903e-02,1.2584753723309410e+00,4.4818135270812387e-01,2.1000014345064595e+00,7.9999773257221318e-01
A,3.3700000000000000e+02,7.4636783442288935e-04,7.4636783442288935e-04,3.8635937530306919e-02,3.8635937530306919e-02,3.8635937530306919e-02,3.8635937530306919e-02,1.2584891093697266e+00,4.4817998371862083e-01,2.1000014369904889e+00,7.9999772840509309e-01
A,3.3800000000000000e+02,7.3883005311753999e-04,7.3883005311753999e-04,3.8440344772583401e-02,3.8440344772583401e-02,3.8440344772583401e-02,3.8440344772583401e-02,1.2585027815017080e+00,4.4817862889769328e-01,2.1000014394632678e+00,7.9999772425581073e-01
A,3.3900000000000000e+02,7.3134924832220292e-04,7.3134924832220292e-04,3.8245241490209025e-02,3.8245241490209025e-02,3.8245241490209025e-02,3.8245241490209025e-02,1.2585163888455693e+00,4.4817728814418595e-01,2.1000014419248103e+00,7.9999772012435522e-01
A,3.4000000000000000e+02,7.2392523724269797e-04,7.2392523724269797e-04,3.8050630408514863e-02,3.8050630408514863e-02,3.8050630408514863e-02,3.8050630408514863e-02,1.2585299315211738e+00,4.4817596135712517e-01,2.1000014443751307e+00,7.9999771601071501e-01
A,3.4100000000000000e+02,7.1655783489224371e-04,7.1655783489224371e-04,3.7856514231826566e-02,3.7856514231826566e-02,3.7856514231826566e-02,3.7856514231826566e-02,1.2585434096495589e+00,4.4817464843572452e-01,2.1000014468142436e+00,7.9999771191487812e-01
A,3.4200000000000000e+02,7.0924685410851793e-04,7.0924685410851793e-04,3.7662895643020278e-02,3.7662895643020278e-02,3.7662895643020278e-02,3.7662895643020278e-02,1.2585568233529327e+00,4.4817334927939056e-01,2.1000014492421637e+00,7.9999770783683222e-01
A,3.4300000000000000e+02,7.0199210558113392e-04,7.0199210558113392e-04,3.7469777303344998e-02,3.7469777303344998e-02,3.7469777303344998e-02,3.7469777303344998e-02,1.2585701727546683e+00,4.4817206378772845e-01,2.1000014516589065e+00,7.9999770377656421e-01
A,3.4400000000000000e+02,6.9479339786930020e-04,6.9479339786930020e-04,3.7277161851978491e-02,3.7277161851978491e-02,3.7277161851978491e-02,3.7277161851978491e-02,1.2585834579792992e+00,4.4817079186054759e-01,2.1000014540644871e+00,7.9999769973406065e-01
A,3.4500000000000000e+02,6.8765053743307530e-04,6.8765053743307530e-04,3.7085051905938471e-02,3.7085051905938471e-02,3.7085051905938471e-02,3.7085051905938471e-02,1.2585966791525147e+00,4.4816953339786714e-01,2.1000014564589216e+00,7.9999769570930757e-01
A,3.4600000000000000e+02,6.8056332865315886e-04,6.8056332865315886e-04,3.6893450059682920e-02,3.6893450059682920e-02,3.6893450059682920e-02,3.6893450059682920e-02,1.2586098364011542e+00,4.4816828829992156e-01,2.1000014588422253e+00,7.9999769170229040e-01
A,3.4700000000000000e+02,6.7353157385104047e-04,6.7353157385104047e-04,3.6702358884710407e-02,3.6702358884710407e-02,3.6702358884710407e-02,3.6702358884710407e-02,1.2586229298532026e+00,4.4816705646716620e-01,2.1000014612144149e+00,7.9999768771299418e-01
A,3.4800000000000000e+02,6.6655507332733681e-04,6.6655507332733681e-04,3.6511780929648907e-02,3.6511780929648907e-02,3.6511780929648907e-02,3.6511780929648907e-02,1.2586359596377841e+00,4.4816583780028263e-01,2.1000014635755071e+00,7.9999768374140345e-01
A,3.4900000000000000e+02,6.5963362536926925e-04,6.5963362536926925e-04,3.6321718719500851e-02,3.6321718719500851e-02,3.6321718719500851e-02,3.6321718719500851e-02,1.2586489258851572e+00,4.4816463220018421e-01,2.1000014659255184e+00,7.9999767978750225e-01
A,3.5000000000000000e+02,6.5276702629098074e-04,6.5276702629098074e-04,3.6132174755776347e-02,3.6132174755776347e-02,3.6132174755776347e-02,3.6132174755776347e-02,1.2586618287267095e+00,4.4816343956802124e-01,2.1000014682644657e+00,7.9999767585127401e-01
A,3.5100000000000000e+02,6.4595507045602375e-04,6.4595507045602375e-04,3.5943151516137917e-02,3.5943151516137917e-02,3.5943151516137917e-02,3.5943151516137917e-02,1.2586746682949506e+00,4.4816225980518654e-01,2.1000014705923662e+00,7.9999767193270177e-01
A,3.5200000000000000e+02,6.3919755029377755e-04,6.3919755029377755e-04,3.5754651453867581e-02,3.5754651453867581e-02,3.5754651453867581e-02,3.5754651453867581e-02,1.2586874447235075e+00,4.4816109281332062e-01,2.1000014729092378e+00,7.9999766803176808e-01
A,3.5300000000000000e+02,6.3249425634003442e-04,6.3249425634003442e-04,3.5566676998000091e-02,3.5566676998000091e-02,3.5566676998000091e-02,3.5566676998000091e-02,1.2587001581471178e+00,4.4815993849431685e-01,2.1000014752150977e+00,7.9999766414845486e-01
A,3.5400000000000000e+02,6.2584497725373537e-04,6.2584497725373537e-04,3.5379230552790020e-02,3.5379230552790020e-02,3.5379230552790020e-02,3.5379230552790020e-02,1.2587128087016237e+00,4.4815879675032677e-01,2.1000014775099647e+00,7.9999766028274366e-01
A,3.5500000000000000e+02,6.1924949984823821e-04,6.1924949984823821e-04,3.5192314497578536e-02,3.5192314497578536e-02,3.5192314497578536e-02,3.5192314497578536e-02,1.2587253965239658e+00,4.4815766748376523e-01,2.1000014797938564e+00,7.9999765643461562e-01
A,3.5600000000000000e+02,6.1270760911637549e-04,6.1270760911637549e-04,3.5005931186482542e-02,3.5005931186482542e-02,3.5005931186482542e-02,3.5005931186482542e-02,1.2587379217521764e+00,4.4815655059731546e-01,2.1000014820667920e+00,7.9999765260405120e-01
A,3.5700000000000000e+02,6.0621908825881103e-04,6.0621908825881103e-04,3.4820082948172626e-02,3.4820082948172626e-02,3.4820082948172626e-02,3.4820082948172626e-02,1.2587503845253729e+00,4.4815544599393420e-01,2.1000014843287897e+00,7.9999764879103041e-01
A,3.5800000000000000e+02,5.9978371871557187e-04,5.9978371871557187e-04,3.4634772085739840e-02,3.4634772085739840e-02,3.4634772085739840e-02,3.4634772085739840e-02,1.2587627849837517e+00,4.4815435357685651e-01,2.1000014865798691e+00,7.9999764499553283e-01
A,3.5900000000000000e+02,5.9340128018992803e-04,5.9340128018992803e-04,3.4450000876340425e-02,3.4450000876340425e-02,3.4450000876340425e-02,3.4450000876340425e-02,1.2587751232685809e+00,4.4815327324960103e-01,2.1000014888200491e+00,7.9999764121753758e-01
A,3.6000000000000000e+02,5.8707155067099024e-04,5.8707155067099024e-04,3.4265771570796133e-02,3.4265771570796133e-02,3.4265771570796133e-02,3.4265771570796133e-02,1.2587873995221930e+00,4.4815220491597457e-01,2.1000014910493494e+00,7.9999763745702324e-01
A,3.6100000000000000e+02,5.8079430647777798e-04,5.8079430647777798e-04,3.4082086393816269e-02,3.4082086393816269e-02,3.4082086393816269e-02,3.4082086393816269e-02,1.2587996138879787e+00,4.4815114848007725e-01,2.1000014932677900e+00,7.9999763371396793e-01
A,3.6200000000000000e+02,5.7456932227578324e-04,5.7456932227578324e-04,3.3898947543420377e-02,3.3898947543420377e-02,3.3898947543420377e-02,3.3898947543420377e-02,1.2588117665103788e+00,4.4815010384630710e-01,2.1000014954753912e+00,7.9999762998834922e-01
A,3.6300000000000000e+02,5.6839637110298524e-04,5.6839637110298524e-04,3.3716357190627377e-02,3.3716357190627377e-02,3.3716357190627377e-02,3.3716357190627377e-02,1.2588238575348776e+00,4.4814907091936496e-01,2.1000014976721726e+00,7.9999762628014437e-01
A,3.6400000000000000e+02,5.6227522441390564e-04,5.6227522441390564e-04,3.3534317479677611e-02,3.3534317479677611e-02,3.3534317479677611e-02,3.3534317479677611e-02,1.2588358871079950e+00,4.4814804960425897e-01,2.1000014998581555e+00,7.9999762258932994e-01
A,3.6500000000000000e+02,5.5620565209658457e-04,5.5620565209658457e-04,3.3352830527455524e-02,3.3352830527455524e-02,3.3352830527455524e-02,3.3352830527455524e-02,1.2588478553772795e+00,4.4814703980630949e-01,2.1000015020333604e+00,7.9999761891588228e-01
A,3.6600000000000000e+02,5.5018742250473871e-04,5.5018742250473871e-04,3.3171898423356438e-02,3.3171898423356438e-02,3.3171898423356438e-02,3.3171898423356438e-02,1.2588597624912998e+00,4.4814604143115344e-01,2.1000015041978082e+00,7.9999761525977697e-01
A,3.6700000000000000e+02,5.4422030249134696e-04,5.4422030249134696e-04,3.2991523229197739e-02,3.2991523229197739e-02,3.2991523229197739e-02,3.2991523229197739e-02,1.2588716085996374e+00,4.4814505438474900e-01,2.1000015063515201e+00,7.9999761162098937e-01
A,3.6800000000000000e+02,5.3830405742903167e-04,5.3830405742903167e-04,3.2811706978730371e-02,3.2811706978730371e-02,3.2811706978730371e-02,3.2811706978730371e-02,1.2588833938528787e+00,4.4814407857337996e-01,2.1000015084945178e+00,7.9999760799949426e-01
A,3.6900000000000000e+02,5.3243845125686118e-04,5.3243845125686118e-04,3.2632451677949703e-02,3.2632451677949703e-02,3.2632451677949703e-02,3.2632451677949703e-02,1.2588951184026069e+00,4.4814311390366024e-01,2.1000015106268233e+00,7.9999760439526602e-01
A,3.7000000000000000e+02,5.2662324649203635e-04,5.2662324649203635e-04,3.2453759304340579e-02,3.2453759304340579e-02,3.2453759304340579e-02,3.2453759304340579e-02,1.2589067824013942e+00,4.4814216028253823e-01,2.1000015127484581e+00,7.9999760080827842e-01
A,3.7100000000000000e+02,5.2085820427658861e-04,5.2085820427658861e-04,3.2275631807188176e-02,3.2275631807188176e-02,3.2275631807188176e-02,3.2275631807188176e-02,1.2589183860027928e+00,4.4814121761730102e-01,2.1000015148594446e+00,7.9999759723850494e-01
A,3.7200000000000000e+02,5.1514308439361083e-04,5.1514308439361083e-04,3.2098071106956283e-02,3.2098071106956283e-02,3.2098071106956283e-02,3.2098071106956283e-02,1.2589299293613274e+00,4.4814028581557869e-01,2.1000015169598054e+00,7.9999759368591850e-01
A,3.7300000000000000e+02,5.0947764530662903e-04,5.0947764530662903e-04,3.1921079095376115e-02,3.1921079095376115e-02,3.1921079095376115e-02,3.1921079095376115e-02,1.2589414126324860e+00,4.4813936478534849e-01,2.1000015190495631e+00,7.9999759015049154e-01
A,3.7400000000000000e+02,5.0386164419162082e-04,5.0386164419162082e-04,3.1744657635313089e-02,3.1744657635313089e-02,3.1744657635313089e-02,3.1744657635313089e-02,1.2589528359727122e+00,4.4813845443493894e-01,2.1000015211287408e+00,7.9999758663219622e-01
A,3.7500000000000000e+02,4.9829483695915306e-04,4.9829483695915306e-04,3.1568808560322736e-02,3.1568808560322736e-02,3.1568808560322736e-02,3.1568808560322736e-02,1.2589641995393956e+00,4.4813755467303401e-01,2.1000015231973617e+00,7.9999758313100411e-01
A,3.7600000000000000e+02,4.9277697829768440e-04,4.9277697829768440e-04,3.1393533674872742e-02,3.1393533674872742e-02,3.1393533674872742e-02,3.1393533674872742e-02,1.2589755034908636e+00,4.4813666540867692e-01,2.1000015252554487e+00,7.9999757964688634e-01
A,3.7700000000000000e+02,4.8730782169423531e-04,4.8730782169423531e-04,3.1218834753854452e-02,3.1218834753854452e-02,3.1218834753854452e-02,3.1218834753854452e-02,1.2589867479863723e+00,4.4813578655127423e-01,2.1000015273030259e+00,7.9999757617981360e-01
A,3.7800000000000000e+02,4.8188711947051412e-04,4.8188711947051412e-04,3.1044713542582869e-02,3.1044713542582869e-02,3.1044713542582869e-02,3.1044713542582869e-02,1.2589979331860977e+00,4.4813491801059968e-01,2.1000015293401169e+00,7.9999757272975613e-01
A,3.7900000000000000e+02,4.7651462281333594e-04,4.7651462281333594e-04,3.0871171756619020e-02,3.0871171756619020e-02,3.0871171756619020e-02,3.0871171756619020e-02,1.2590090592511265e+00,4.4813405969679793e-01,2.1000015313667455e+00,7.9999756929668375e-01
A,3.8000000000000000e+02,4.7119008180363545e-04,4.7119008180363545e-04,3.0698211081547910e-02,3.0698211081547910e-02,3.0698211081547910e-02,3.0698211081547910e-02,1.2590201263434468e+00,4.4813321152038837e-01,2.1000015333829363e+00,7.9999756588056581e-01
A,3.8100000000000000e+02,4.6591324545361363e-04,4.6591324545361363e-04,3.0525833173022932e-02,3.0525833173022932e-02,3.0525833173022932e-02,3.0525833173022932e-02,1.2590311346259393e+00,4.4813237339226886e-01,2.1000015353887136e+00,7.9999756248137133e-01
A,3.8200000000000000e+02,4.6068386173551740e-04,4.6068386173551740e-04,3.0354039656543819e-02,3.0354039656543819e-02,3.0354039656543819e-02,3.0354039656543819e-02,1.2590420842623673e+00,4.4813154522371923e-01,2.1000015373841019e+00,7.9999755909906878e-01
A,3.8300000000000000e+02,4.5550167761175309e-04,4.5550167761175309e-04,3.0182832127279013e-02,3.0182832127279013e-02,3.0182832127279013e-02,3.0182832127279013e-02,1.2590529754173676e+00,4.4813072692640488e-01,2.1000015393691265e+00,7.9999755573362630e-01
A,3.8400000000000000e+02,4.5036643906760893e-04,4.5036643906760893e-04,3.0012212149976847e-02,3.0012212149976847e-02,3.0012212149976847e-02,3.0012212149976847e-02,1.2590638082564412e+00,4.4812991841238037e-01,2.1000015413438122e+00,7.9999755238501158e-01
A,3.8500000000000000e+02,4.4527789113985071e-04,4.4527789113985071e-04,2.9842181258743494e-02,2.9842181258743494e-02,2.9842181258743494e-02,2.9842181258743494e-02,1.2590745829459429e+00,4.4812911959409263e-01,2.1000015433081844e+00,7.9999754905319187e-01
A,3.8600000000000000e+02,4.4023577795452331e-04,4.4023577795452331e-04,2.9672740957131793e-02,2.9672740957131793e-02,2.9672740957131793e-02,2.9672740957131793e-02,1.2590852996530726e+00,4.4812833038438454e-01,2.1000015452622685e+00,7.9999754573813397e-01
A,3.8700000000000000e+02,4.3523984275917351e-04,4.3523984275917351e-04,2.9503892718052427e-02,2.9503892718052427e-02,2.9503892718052427e-02,2.9503892718052427e-02,1.2590959585458645e+00,4.4812755069649812e-01,2.1000015472060900e+00,7.9999754243980425e-01
A,3.8800000000000000e+02,4.3028982794318920e-04,4.3028982794318920e-04,2.9335637983285423e-02,2.9335637983285423e-02,2.9335637983285423e-02,2.9335637983285423e-02,1.2591065597931781e+00,4.4812678044407772e-01,2.1000015491396753e+00,7.9999753915816874e-01
A,3.8900000000000000e+02,4.2538547508169487e-04,4.2538547508169487e-04,2.9167978163791020e-02,2.9167978163791020e-02,2.9167978163791020e-02,2.9167978163791020e-02,1.2591171035646875e+00,4.4812601954117326e-01,2.1000015510630505e+00,7.9999753589319300e-01
A,3.9000000000000000e+02,4.2052652496342365e-04,4.2052652496342365e-04,2.9000914639487618e-02,2.9000914639487618e-02,2.9000914639487618e-02,2.9000914639487618e-02,1.2591275900308716e+00,4.4812526790224322e-01,2.1000015529762419e+00,7.9999753264484230e-01
A,3.9100000000000000e+02,4.1571271761983638e-04,4.1571271761983638e-04,2.8834448759074149e-02,2.8834448759074149e-02,2.8834448759074149e-02,2.8834448759074149e-02,1.2591380193630042e+00,4.4812452544215786e-01,2.1000015548792756e+00,7.9999752941308133e-01
A,3.9200000000000000e+02,4.1094379236179731e-04,4.1094379236179731e-04,2.8668581840118890e-02,2.8668581840118890e-02,2.8668581840118890e-02,2.8668581840118890e-02,1.2591483917331436e+00,4.4812379207620190e-01,2.1000015567721788e+00,7.9999752619787456e-01
A,3.9300000000000000e+02,4.0621948780577281e-04,4.0621948780577281e-04,2.8503315168793009e-02,2.8503315168793009e-02,2.8503315168793009e-02,2.8503315168793009e-02,1.2591587073141224e+00,4.4812306772007759e-01,2.1000015586549781e+00,7.9999752299918592e-01
A,3.9400000000000000e+02,4.0153954190758209e-04,4.0153954190758209e-04,2.8338649999870569e-02,2.8338649999870569e-02,2.8338649999870569e-02,2.8338649999870569e-02,1.2591689662795367e+00,4.4812235228990760e-01,2.1000015605277005e+00,7.9999751981697909e-01
A,3.9500000000000000e+02,3.9690369199838334e-04,3.9690369199838334e-04,2.8174587556817343e-02,2.8174587556817343e-02,2.8174587556817343e-02,2.8174587556817343e-02,1.2591791688037364e+00,4.4812164570223750e-01,2.1000015623903736e+00,7.9999751665121721e-01
A,3.9600000000000000e+02,3.9231167480537771e-04,3.9231167480537771e-04,2.8011129031346726e-02,2.8011129031346726e-02,2.8011129031346726e-02,2.8011129031346726e-02,1.2591893150618145e+00,4.4812094787403878e-01,2.1000015642430245e+00,7.9999751350186310e-01
A,3.9700000000000000e+02,3.8776322649741301e-04,3.8776322649741301e-04,2.7848275583863824e-02,2.7848275583863824e-02,2.7848275583863824e-02,2.7848275583863824e-02,1.2591994052295961e+00,4.4812025872271116e-01,2.1000015660856812e+00,7.9999751036887923e-01
A,3.9800000000000000e+02,3.8325808270283209e-04,3.8325808270283209e-04,2.7686028342932545e-02,2.7686028342932545e-02,2.7686028342932545e-02,2.7686028342932545e-02,1.2592094394836282e+00,4.4811957816608533e-01,2.1000015679183712e+00,7.9999750725222774e-01
A,3.9900000000000000e+02,3.7879597855079131e-04,3.7879597855079131e-04,2.7524388405586464e-02,2.7524388405586464e-02,2.7524388405586464e-02,2.7524388405586464e-02,1.2592194180011691e+00,4.4811890612242544e-01,2.1000015697411230e+00,7.9999750415187021e-01
A,4.0000000000000000e+02,3.7437664869620395e-04,3.7437664869620395e-04,2.7363356837062369e-02,2.7363356837062369e-02,2.7363356837062369e-02,2.7363356837062369e-02,1.2592293409601774e+00,4.4811824251043136e-01,2.1000015715539639e+00,7.9999750106776801e-01
A,4.0100000000000000e+02,3.6999982735312148e-04,3.6999982735312148e-04,2.7202934670844670e-02,2.7202934670844670e-02,2.7202934670844670e-02,2.7202934670844670e-02,1.2592392085393009e+00,4.4811758724924111e-01,2.1000015733569231e+00,7.9999749799988207e-01
A,4.0200000000000000e+02,3.6566524832779251e-04,3.6566524832779251e-04,2.7043122908709805e-02,2.7043122908709805e-02,2.7043122908709805e-02,2.7043122908709805e-02,1.2592490209178666e+00,4.4811694025843318e-01,2.1000015751500287e+00,7.9999749494817296e-01
A,4.0300000000000000e+02,3.6137264504543031e-04,3.6137264504543031e-04,2.6883922520548609e-02,2.6883922520548609e-02,2.6883922520548609e-02,2.6883922520548609e-02,1.2592587782758691e+00,4.4811630145802867e-01,2.1000015769333094e+00,7.9999749191260094e-01
A,4.0400000000000000e+02,3.5712175058398988e-04,3.5712175058398988e-04,2.6725334444455129e-02,2.6725334444455129e-02,2.6725334444455129e-02,2.6725334444455129e-02,1.2592684807939598e+00,4.4811567076849346e-01,2.1000015787067943e+00,7.9999748889312594e-01
A,4.0500000000000000e+02,3.5291229770403773e-04,3.5291229770403773e-04,2.6567359586682215e-02,2.6567359586682215e-02,2.6567359586682215e-02,2.6567359586682215e-02,1.2592781286534362e+00,4.4811504811074016e-01,2.1000015804705119e+00,7.9999748588970743e-01
A,4.0600000000000000e+02,3.4874401887603480e-04,3.4874401887603480e-04,2.6409998821508296e-02,2.6409998821508296e-02,2.6409998821508296e-02,2.6409998821508296e-02,1.2592877220362302e+00,4.4811443340613033e-01,2.1000015822244920e+00,7.9999748290230466e-01
A,4.0700000000000000e+02,3.4461664631911824e-04,3.4461664631911824e-04,2.6253252991548237e-02,2.6253252991548237e-02,2.6253252991548237e-02,2.6253252991548237e-02,1.2592972611248974e+00,4.4811382657647619e-01,2.1000015839687638e+00,7.9999747993087633e-01
A,4.0800000000000000e+02,3.4052991201960275e-04,3.4052991201960275e-04,2.6097122907309256e-02,2.6097122907309256e-02,2.6097122907309256e-02,2.6097122907309256e-02,1.2593067461026062e+00,4.4811322754404265e-01,2.1000015857033567e+00,7.9999747697538104e-01
A,4.0900000000000000e+02,3.3648354777149998e-04,3.3648354777149998e-04,2.5941609347590600e-02,2.5941609347590600e-02,2.5941609347590600e-02,2.5941609347590600e-02,1.2593161771531258e+00,4.4811263623154901e-01,2.1000015874283000e+00,7.9999747403577692e-01
A,4.1000000000000000e+02,3.3247728520263416e-04,3.3247728520263416e-04,2.5786713059350319e-02,2.5786713059350319e-02,2.5786713059350319e-02,2.5786713059350319e-02,1.2593255544608160e+00,4.4811205256217063e-01,2.1000015891436239e+00,7.9999747111202180e-01
A,4.1100000000000000e+02,3.2851085579831704e-04,3.2851085579831704e-04,2.5632434757483225e-02,2.5632434757483225e-02,2.5632434757483225e-02,2.5632434757483225e-02,1.2593348782106148e+00,4.4811147645954075e-01,2.1000015908493586e+00,7.9999746820407314e-01
A,4.1200000000000000e+02,3.2458399094417359e-04,3.2458399094417359e-04,2.5478775125353792e-02,2.5478775125353792e-02,2.5478775125353792e-02,2.5478775125353792e-02,1.2593441485880283e+00,4.4811090784775187e-01,2.1000015925455338e+00,7.9999746531188809e-01
A,4.1300000000000000e+02,3.2069642194344235e-04,3.2069642194344235e-04,2.5325734814352074e-02,2.5325734814352074e-02,2.5325734814352074e-02,2.5325734814352074e-02,1.2593533657791183e+00,4.4811034665135752e-01,2.1000015942321797e+00,7.9999746243542358e-01
A,4.1400000000000000e+02,3.1684788004892738e-04,3.1684788004892738e-04,2.5173314444026929e-02,2.5173314444026929e-02,2.5173314444026929e-02,2.5173314444026929e-02,1.2593625299704911e+00,4.4810979279537350e-01,2.1000015959093270e+00,7.9999745957463608e-01
A,4.1500000000000000e+02,3.1303809649786891e-04,3.1303809649786891e-04,2.5021514602352468e-02,2.5021514602352468e-02,2.5021514602352468e-02,2.5021514602352468e-02,1.2593716413492873e+00,4.4810924620527931e-01,2.1000015975770059e+00,7.9999745672948186e-01
A,4.1600000000000000e+02,3.0926680253081740e-04,3.0926680253081740e-04,2.4870335845372793e-02,2.4870335845372793e-02,2.4870335845372793e-02,2.4870335845372793e-02,1.2593807001031683e+00,4.4810870680701959e-01,2.1000015992352474e+00,7.9999745389991683e-01
A,4.1700000000000000e+02,3.0553372943359174e-04,3.0553372943359174e-04,2.4719778697779304e-02,2.4719778697779304e-02,2.4719778697779304e-02,2.4719778697779304e-02,1.2593897064203063e+00,4.4810817452700519e-01,2.1000016008840823e+00,7.9999745108589659e-01
A,4.1800000000000000e+02,3.0183860854896254e-04,3.0183860854896254e-04,2.4569843652288981e-02,2.4569843652288981e-02,2.4569843652288981e-02,2.4569843652288981e-02,1.2593986604893730e+00,4.4810764929211450e-01,2.1000016025235415e+00,7.9999744828737651e-01
A,4.1900000000000000e+02,2.9818117132222259e-04,2.9818117132222259e-04,2.4420531170399329e-02,2.4420531170399329e-02,2.4420531170399329e-02,2.4420531170399329e-02,1.2594075624995269e+00,4.4810713102969441e-01,2.1000016041536558e+00,7.9999744550431151e-01
A,4.2000000000000000e+02,2.9456114931237267e-04,2.9456114931237267e-04,2.4271841681766659e-02,2.4271841681766659e-02,2.4271841681766659e-02,2.4271841681766659e-02,1.2594164126404026e+00,4.4810661966756155e-01,2.1000016057744566e+00,7.9999744273665629e-01
A,4.2100000000000000e+02,2.9097827423356723e-04,2.9097827423356723e-04,2.4123775584827811e-02,2.4123775584827811e-02,2.4123775584827811e-02,2.4123775584827811e-02,1.2594252111020992e+00,4.4810611513400317e-01,2.1000016073859755e+00,7.9999743998436534e-01
A,4.2200000000000000e+02,2.8743227797654809e-04,2.8743227797654809e-04,2.3976333246622517e-02,2.3976333246622517e-02,2.3976333246622517e-02,2.3976333246622517e-02,1.2594339580751681e+00,4.4810561735777810e-01,2.1000016089882436e+00,7.9999743724739281e-01
A,4.2300000000000000e+02,2.8392289263206140e-04,2.8392289263206140e-04,2.3829515002704582e-02,2.3829515002704582e-02,2.3829515002704582e-02,2.3829515002704582e-02,1.2594426537506027e+00,4.4810512626811744e-01,2.1000016105812929e+00,7.9999743452569261e-01
A,4.2400000000000000e+02,2.8044985052878336e-04,2.8044985052878336e-04,2.3683321157674797e-02,2.3683321157674797e-02,2.3683321157674797e-02,2.3683321157674797e-02,1.2594512983198256e+00,4.4810464179472564e-01,2.1000016121651548e+00,7.9999743181921823e-01
A,4.2500000000000000e+02,2.7701288424644634e-04,2.7701288424644634e-04,2.3537751984692434e-02,2.3537751984692434e-02,2.3537751984692434e-02,2.3537751984692434e-02,1.2594598919746776e+00,4.4810416386778096e-01,2.1000016137398614e+00,7.9999742912792315e-01
A,4.2600000000000000e+02,2.7361172665299347e-04,2.7361172665299347e-04,2.3392807726008158e-02,2.3392807726008158e-02,2.3392807726008158e-02,2.3392807726008158e-02,1.2594684349074057e+00,4.4810369241793629e-01,2.1000016153054442e+00,7.9999742645176031e-01
A,4.2700000000000000e+02,2.7024611092755672e-04,2.7024611092755672e-04,2.3248488592919614e-02,2.3248488592919614e-02,2.3248488592919614e-02,2.3248488592919614e-02,1.2594769273106519e+00,4.4810322737631969e-01,2.1000016168619355e+00,7.9999742379068250e-01
A,4.2800000000000000e+02,2.6691577058318336e-04,2.6691577058318336e-04,2.3104794765727021e-02,2.3104794765727021e-02,2.3104794765727021e-02,2.3104794765727021e-02,1.2594853693774415e+00,4.4810276867453491e-01,2.1000016184093675e+00,7.9999742114464234e-01
A,4.2900000000000000e+02,2.6362043949441016e-04,2.6362043949441016e-04,2.2961726393910808e-02,2.2961726393910808e-02,2.2961726393910808e-02,2.2961726393910808e-02,1.2594937613011714e+00,4.4810231624466185e-01,2.1000016199477725e+00,7.9999741851359207e-01
A,4.3000000000000000e+02,2.6035985192844770e-04,2.6035985192844770e-04,2.2819283596486883e-02,2.2819283596486883e-02,2.2819283596486883e-02,2.2819283596486883e-02,1.2595021032755984e+00,4.4810187001925705e-01,2.1000016214771824e+00,7.9999741589748374e-01
A,4.3100000000000000e+02,2.5713374255966121e-04,2.5713374255966121e-04,2.2677466461651363e-02,2.2677466461651363e-02,2.2677466461651363e-02,2.2677466461651363e-02,1.2595103954948277e+00,4.4810142993135399e-01,2.1000016229976302e+00,7.9999741329626906e-01
A,4.3200000000000000e+02,2.5394184650308132e-04,2.5394184650308132e-04,2.2536275047269072e-02,2.2536275047269072e-02,2.2536275047269072e-02,2.2536275047269072e-02,1.2595186381533012e+00,4.4810099591446334e-01,2.1000016245091482e+00,7.9999741070989971e-01
A,4.3300000000000000e+02,2.5078389933328983e-04,2.5078389933328983e-04,2.2395709380740314e-02,2.2395709380740314e-02,2.2395709380740314e-02,2.2395709380740314e-02,1.2595268314457861e+00,4.4810056790257319e-01,2.1000016260117693e+00,7.9999740813832687e-01
A,4.3400000000000000e+02,2.4765963711499320e-04,2.4765963711499320e-04,2.2255769459400554e-02,2.2255769459400554e-02,2.2255769459400554e-02,2.2255769459400554e-02,1.2595349755673633e+00,4.4810014583014923e-01,2.1000016275055264e+00,7.9999740558150167e-01
A,4.3500000000000000e+02,2.4456879641922524e-04,2.4456879641922524e-04,2.2116455250298372e-02,2.2116455250298372e-02,2.2116455250298372e-02,2.2116455250298372e-02,1.2595430707134154e+00,4.4809972963213490e-01,2.1000016289904520e+00,7.9999740303937505e-01
A,4.3600000000000000e+02,2.4151111435214077e-04,2.4151111435214077e-04,2.1977766690550737e-02,2.1977766690550737e-02,2.1977766690550737e-02,2.1977766690550737e-02,1.2595511170796156e+00,4.4809931924395130e-01,2.1000016304665792e+00,7.9999740051189749e-01
A,4.3700000000000000e+02,2.3848632857838143e-04,2.3848632857838143e-04,2.1839703687476231e-02,2.1839703687476231e-02,2.1839703687476231e-02,2.1839703687476231e-02,1.2595591148619161e+00,4.4809891460149737e-01,2.1000016319339410e+00,7.9999739799901948e-01
A,4.3800000000000000e+02,2.3549417734019553e-04,2.3549417734019553e-04,2.1702266118550639e-02,2.1702266118550639e-02,2.1702266118550639e-02,2.1702266118550639e-02,1.2595670642565362e+00,4.4809851564114966e-01,2.1000016333925706e+00,7.9999739550069127e-01
A,4.3900000000000000e+02,2.3253439948684945e-04,2.3253439948684945e-04,2.1565453831851045e-02,2.1565453831851045e-02,2.1565453831851045e-02,2.1565453831851045e-02,1.2595749654599511e+00,4.4809812229976220e-01,2.1000016348425015e+00,7.9999739301686268e-01
A,4.4000000000000000e+02,2.2960673449102533e-04,2.2960673449102533e-04,2.1429266645922596e-02,2.1429266645922596e-02,2.1429266645922596e-02,2.1429266645922596e-02,1.2595828186688804e+00,4.4809773451466639e-01,2.1000016362837663e+00,7.9999739054748364e-01
A,4.4100000000000000e+02,2.2671092247261623e-04,2.2671092247261623e-04,2.1293704350000553e-02,2.1293704350000553e-02,2.1293704350000553e-02,2.1293704350000553e-02,1.2595906240802766e+00,4.4809735222367075e-01,2.1000016377163990e+00,7.9999738809250365e-01
A,4.4200000000000000e+02,2.2384670421924651e-04,2.2384670421924651e-04,2.1158766704099108e-02,2.1158766704099108e-02,2.1158766704099108e-02,2.1158766704099108e-02,1.2595983818913130e+00,4.4809697536506049e-01,2.1000016391404328e+00,7.9999738565187206e-01
A,4.4300000000000000e+02,2.2101382121391549e-04,2.2101382121391549e-04,2.1024453439455471e-02,2.1024453439455471e-02,2.1024453439455471e-02,2.1024453439455471e-02,1.2596060922993737e+00,4.4809660387759737e-01,2.1000016405559014e+00,7.9999738322553815e-01
A,4.4400000000000000e+02,2.1821201564902360e-04,2.1821201564902360e-04,2.0890764258352235e-02,2.0890764258352235e-02,2.0890764258352235e-02,2.0890764258352235e-02,1.2596137555020406e+00,4.4809623770051904e-01,2.1000016419628382e+00,7.9999738081345084e-01
A,4.4500000000000000e+02,2.1544103045041175e-04,2.1544103045041175e-04,2.0757698834428240e-02,2.0757698834428240e-02,2.0757698834428240e-02,2.0757698834428240e-02,1.2596213716970830e+00,4.4809587677353879e-01,2.1000016433612769e+00,7.9999737841555896e-01
A,4.4600000000000000e+02,2.1270060929630381e-04,2.1270060929630381e-04,2.0625256812767390e-02,2.0625256812767390e-02,2.0625256812767390e-02,2.0625256812767390e-02,1.2596289410824462e+00,4.4809552103684486e-01,2.1000016447512513e+00,7.9999737603181109e-01
A,4.4700000000000000e+02,2.0999049664137255e-04,2.0999049664137255e-04,2.0493437810253923e-02,2.0493437810253923e-02,2.0493437810253923e-02,2.0493437810253923e-02,1.2596364638562398e+00,4.4809517043109998e-01,2.1000016461327951e+00,7.9999737366215573e-01
A,4.4800000000000000e+02,2.0731043773121769e-04,2.0731043773121769e-04,2.0362241415483595e-02,2.0362241415483595e-02,2.0362241415483595e-02,2.0362241415483595e-02,1.2596439402167268e+00,4.4809482489744068e-01,2.1000016475059420e+00,7.9999737130654114e-01
A,4.4900000000000000e+02,2.0466017862563616e-04,2.0466017862563616e-04,2.0231667189118951e-02,2.0231667189118951e-02,2.0231667189118951e-02,2.0231667189118951e-02,1.2596513703623116e+00,4.4809448437747662e-01,2.1000016488707263e+00,7.9999736896491547e-01
A,4.5000000000000000e+02,2.0203946621688966e-04,2.0203946621688966e-04,2.0101714664022552e-02,2.0101714664022552e-02,2.0101714664022552e-02,2.0101714664022552e-02,1.2596587544915299e+00,4.4809414881328991e-01,2.1000016502271817e+00,7.9999736663722654e-01
A,4.5100000000000000e+02,1.9944804824849685e-04,1.9944804824849685e-04,1.9972383345434608e-02,1.9972383345434608e-02,1.9972383345434608e-02,1.9972383345434608e-02,1.2596660928030370e+00,4.4809381814743426e-01,2.1000016515753424e+00,7.9999736432342228e-01
A,4.5200000000000000e+02,1.9688567333275061e-04,1.9688567333275061e-04,1.9843672711106208e-02,1.9843672711106208e-02,1.9843672711106208e-02,1.9843672711106208e-02,1.2596733854955962e+00,4.4809349232293416e-01,2.1000016529152421e+00,7.9999736202345029e-01
A,4.5300000000000000e+02,1.9435209096962884e-04,1.9435209096962884e-04,1.9715582211521365e-02,1.9715582211521365e-02,1.9715582211521365e-02,1.9715582211521365e-02,1.2596806327680685e+00,4.4809317128328402e-01,2.1000016542469155e+00,7.9999735973725794e-01
A,4.5400000000000000e+02,1.9184705156789227e-04,1.9184705156789227e-04,1.9588111270252284e-02,1.9588111270252284e-02,1.9588111270252284e-02,1.9588111270252284e-02,1.2596878348194014e+00,4.4809285497244727e-01,2.1000016555703964e+00,7.9999735746479272e-01
A,4.5500000000000000e+02,1.8937030645615452e-04,1.8937030645615452e-04,1.9461259283826138e-02,1.9461259283826138e-02,1.9461259283826138e-02,1.9461259283826138e-02,1.2596949918486171e+00,4.4809254333485538e-01,2.1000016568857194e+00,7.9999735520600168e-01
A,4.5600000000000000e+02,1.8692160790668617e-04,1.8692160790668617e-04,1.9335025622257973e-02,1.9335025622257973e-02,1.9335025622257973e-02,1.9335025622257973e-02,1.2597021040548027e+00,4.4809223631540668e-01,2.1000016581929182e+00,7.9999735296083196e-01
A,4.5700000000000000e+02,1.8450070914577388e-04,1.8450070914577388e-04,1.9209409628917484e-02,1.9209409628917484e-02,1.9209409628917484e-02,1.9209409628917484e-02,1.2597091716370985e+00,4.4809193385946555e-01,2.1000016594920274e+00,7.9999735072923051e-01
A,4.5800000000000000e+02,1.8210736437495548e-04,1.8210736437495548e-04,1.9084410620973102e-02,1.9084410620973102e-02,1.9084410620973102e-02,1.9084410620973102e-02,1.2597161947946878e+00,4.4809163591286105e-01,2.1000016607830818e+00,7.9999734851114412e-01
A,4.5900000000000000e+02,1.7974132878747110e-04,1.7974132878747110e-04,1.8960027889614040e-02,1.8960027889614040e-02,1.8960027889614040e-02,1.8960027889614040e-02,1.2597231737267851e+00,4.4809134242188597e-01,2.1000016620661150e+00,7.9999734630651942e-01
A,4.6000000000000000e+02,1.7740235858012949e-04,1.7740235858012949e-04,1.8836260700050289e-02,1.8836260700050289e-02,1.8836260700050289e-02,1.8836260700050289e-02,1.2597301086326262e+00,4.4809105333329552e-01,2.1000016633411622e+00,7.9999734411530288e-01
A,4.6100000000000000e+02,1.7509021097324959e-04,1.7509021097324959e-04,1.8713108291956715e-02,1.8713108291956715e-02,1.8713108291956715e-02,1.8713108291956715e-02,1.2597369997114576e+00,4.4809076859430602e-01,2.1000016646082575e+00,7.9999734193744099e-01
A,4.6200000000000000e+02,1.7280464422178533e-04,1.7280464422178533e-04,1.8590569879473051e-02,1.8590569879473051e-02,1.8590569879473051e-02,1.8590569879473051e-02,1.2597438471625251e+00,4.4809048815259372e-01,2.1000016658674352e+00,7.9999733977288012e-01
A,4.6300000000000000e+02,1.7054541763114229e-04,1.7054541763114229e-04,1.8468644651470356e-02,1.8468644651470356e-02,1.8468644651470356e-02,1.8468644651470356e-02,1.2597506511850638e+00,4.4809021195629345e-01,2.1000016671187298e+00,7.9999733762156644e-01
A,4.6400000000000000e+02,1.6831229157664523e-04,1.6831229157664523e-04,1.8347331772039510e-02,1.8347331772039510e-02,1.8347331772039510e-02,1.8347331772039510e-02,1.2597574119782875e+00,4.4808993995399715e-01,2.1000016683621761e+00,7.9999733548344598e-01
A,4.6500000000000000e+02,1.6610502750947554e-04,1.6610502750947554e-04,1.8226630380269171e-02,1.8226630380269171e-02,1.8226630380269171e-02,1.8226630380269171e-02,1.2597641297413780e+00,4.4808967209475264e-01,2.1000016695978085e+00,7.9999733335846479e-01
A,4.6600000000000000e+02,1.6392338797541380e-04,1.6392338797541380e-04,1.8106539590734272e-02,1.8106539590734272e-02,1.8106539590734272e-02,1.8106539590734272e-02,1.2597708046734748e+00,4.4808940832806188e-01,2.1000016708256619e+00,7.9999733124656880e-01
A,4.6700000000000000e+02,1.6176713662901642e-04,1.6176713662901642e-04,1.7987058493762476e-02,1.7987058493762476e-02,1.7987058493762476e-02,1.7987058493762476e-02,1.2597774369736650e+00,4.4808914860387977e-01,2.1000016720457704e+00,7.9999732914770383e-01
A,4.6800000000000000e+02,1.5963603824262473e-04,1.5963603824262473e-04,1.7868186155434174e-02,1.7868186155434174e-02,1.7868186155434174e-02,1.7868186155434174e-02,1.2597840268409728e+00,4.4808889287261239e-01,2.1000016732581690e+00,7.9999732706181559e-01
A,4.6900000000000000e+02,1.5752985872462011e-04,1.5752985872462011e-04,1.7749921618115394e-02,1.7749921618115394e-02,1.7749921618115394e-02,1.7749921618115394e-02,1.2597905744743492e+00,4.4808864108511554e-01,2.1000016744628920e+00,7.9999732498884968e-01
A,4.7000000000000000e+02,1.5544836512456156e-04,1.5544836512456156e-04,1.7632263900280165e-02,1.7632263900280165e-02,1.7632263900280165e-02,1.7632263900280165e-02,1.2597970800726619e+00,4.4808839319269317e-01,2.1000016756599744e+00,7.9999732292875170e-01
A,4.7100000000000000e+02,1.5339132565457607e-04,1.5339132565457607e-04,1.7515211997265467e-02,1.7515211997265467e-02,1.7515211997265467e-02,1.7515211997265467e-02,1.2598035438346853e+00,4.4808814914709555e-01,2.1000016768494505e+00,7.9999732088146713e-01
A,4.7200000000000000e+02,1.5135850968992466e-04,1.5135850968992466e-04,1.7398764880871553e-02,1.7398764880871553e-02,1.7398764880871553e-02,1.7398764880871553e-02,1.2598099659590909e+00,4.4808790890051781e-01,2.1000016780313553e+00,7.9999731884694136e-01
A,4.7300000000000000e+02,1.4934968779420658e-04,1.4934968779420658e-04,1.7282921500383353e-02,1.7282921500383353e-02,1.7282921500383353e-02,1.7282921500383353e-02,1.2598163466444363e+00,4.4808767240559799e-01,2.1000016792057234e+00,7.9999731682511976e-01
A,4.7400000000000000e+02,1.4736463171468377e-04,1.4736463171468377e-04,1.7167680781904338e-02,1.7167680781904338e-02,1.7167680781904338e-02,1.7167680781904338e-02,1.2598226860891564e+00,4.4808743961541558e-01,2.1000016803725892e+00,7.9999731481594760e-01
A,4.7500000000000000e+02,1.4540311440740564e-04,1.4540311440740564e-04,1.7053041629422339e-02,1.7053041629422339e-02,1.7053041629422339e-02,1.7053041629422339e-02,1.2598289844915529e+00,4.4808721048348943e-01,2.1000016815319875e+00,7.9999731281937003e-01
A,4.7600000000000000e+02,1.4346491003883966e-04,1.4346491003883966e-04,1.6939002924543090e-02,1.6939002924543090e-02,1.6939002924543090e-02,1.6939002924543090e-02,1.2598352420497849e+00,4.4808698496377614e-01,2.1000016826839532e+00,7.9999731083533232e-01
A,4.7700000000000000e+02,1.4154979399720957e-04,1.4154979399720957e-04,1.6825563526801091e-02,1.6825563526801091e-02,1.6825563526801091e-02,1.6825563526801091e-02,1.2598414589618594e+00,4.4808676301066813e-01,2.1000016838285207e+00,7.9999730886377951e-01
A,4.7800000000000000e+02,1.3965754290566092e-04,1.3965754290566092e-04,1.6712722274103697e-02,1.6712722274103697e-02,1.6712722274103697e-02,1.6712722274103697e-02,1.2598476354256214e+00,4.4808654457899177e-01,2.1000016849657248e+00,7.9999730690465665e-01
A,4.7900000000000000e+02,1.3778793462830756e-04,1.3778793462830756e-04,1.6600477982775530e-02,1.6600477982775530e-02,1.6600477982775530e-02,1.6600477982775530e-02,1.2598537716387441e+00,4.4808632962400541e-01,2.1000016860956001e+00,7.9999730495790877e-01
A,4.8000000000000000e+02,1.3594074828192598e-04,1.3594074828192598e-04,1.6488829447958153e-02,1.6488829447958153e-02,1.6488829447958153e-02,1.6488829447958153e-02,1.2598598677987205e+00,4.4808611810139759e-01,2.1000016872181813e+00,7.9999730302348082e-01
A,4.8100000000000000e+02,1.3411576424211325e-04,1.3411576424211325e-04,1.6377775443698894e-02,1.6377775443698894e-02,1.6377775443698894e-02,1.6377775443698894e-02,1.2598659241028529e+00,4.4808590996728492e-01,2.1000016883335033e+00,7.9999730110131773e-01
A,4.8200000000000000e+02,1.3231276415282353e-04,1.3231276415282353e-04,1.6267314723261705e-02,1.6267314723261705e-02,1.6267314723261705e-02,1.6267314723261705e-02,1.2598719407482446e+00,4.4808570517821011e-01,2.1000016894416005e+00,7.9999729919136442e-01
A,4.8300000000000000e+02,1.3053153093696193e-04,1.3053153093696193e-04,1.6157446019526844e-02,1.6157446019526844e-02,1.6157446019526844e-02,1.6157446019526844e-02,1.2598779179317898e+00,4.4808550369114003e-01,2.1000016905425074e+00,7.9999729729356583e-01
A,4.8400000000000000e+02,1.2877184879870774e-04,1.2877184879870774e-04,1.6048168044902056e-02,1.6048168044902056e-02,1.6048168044902056e-02,1.6048168044902056e-02,1.2598838558501653e+00,4.4808530546346353e-01,2.1000016916362587e+00,7.9999729540786679e-01
A,4.8500000000000000e+02,1.2703350323776426e-04,1.2703350323776426e-04,1.5939479491988706e-02,1.5939479491988706e-02,1.5939479491988706e-02,1.5939479491988706e-02,1.2598897546998209e+00,4.4808511045298949e-01,2.1000016927228891e+00,7.9999729353421201e-01
A,4.8600000000000000e+02,1.2531628105106032e-04,1.2531628105106032e-04,1.5831379033492965e-02,1.5831379033492965e-02,1.5831379033492965e-02,1.5831379033492965e-02,1.2598956146769711e+00,4.4808491861794453e-01,2.1000016938024326e+00,7.9999729167254641e-01
A,4.8700000000000000e+02,1.2361997034203212e-04,1.2361997034203212e-04,1.5723865322625485e-02,1.5723865322625485e-02,1.5723865322625485e-02,1.5723865322625485e-02,1.2599014359775853e+00,4.4808472991697113e-01,2.1000016948749245e+00,7.9999728982281471e-01
A,4.8800000000000000e+02,1.2194436052810429e-04,1.2194436052810429e-04,1.5616936993412267e-02,1.5616936993412267e-02,1.5616936993412267e-02,1.5616936993412267e-02,1.2599072187973797e+00,4.4808454430912525e-01,2.1000016959403989e+00,7.9999728798496172e-01
A,4.8900000000000000e+02,1.2028924234437508e-04,1.2028924234437508e-04,1.5510592660783473e-02,1.5510592660783473e-02,1.5510592660783473e-02,1.5510592660783473e-02,1.2599129633318085e+00,4.4808436175387434e-01,2.1000016969988904e+00,7.9999728615893217e-01
A,4.9000000000000000e+02,1.1865440785188464e-04,1.1865440785188464e-04,1.5404830920973112e-02,1.5404830920973112e-02,1.5404830920973112e-02,1.5404830920973112e-02,1.2599186697760552e+00,4.4808418221109492e-01,2.1000016980504332e+00,7.9999728434467088e-01
A,4.9100000000000000e+02,1.1703965044276546e-04,1.1703965044276546e-04,1.5299650351741079e-02,1.5299650351741079e-02,1.5299650351741079e-02,1.5299650351741079e-02,1.2599243383250240e+00,4.4808400564107054e-01,2.1000016990950621e+00,7.9999728254212255e-01
A,4.9200000000000000e+02,1.1544476484443509e-04,1.1544476484443509e-04,1.5195049512550796e-02,1.5195049512550796e-02,1.5195049512550796e-02,1.5195049512550796e-02,1.2599299691733317e+00,4.4808383200448948e-01,2.1000017001328115e+00,7.9999728075123200e-01
A,4.9300000000000000e+02,1.1386954712688850e-04,1.1386954712688850e-04,1.5091026944968888e-02,1.5091026944968888e-02,1.5091026944968888e-02,1.5091026944968888e-02,1.2599355625152988e+00,4.4808366126244248e-01,2.1000017011637153e+00,7.9999727897194395e-01
A,4.9400000000000000e+02,1.1231379470561075e-04,1.1231379470561075e-04,1.4987581172798414e-02,1.4987581172798414e-02,1.4987581172798414e-02,1.4987581172798414e-02,1.2599411185449416e+00,4.4808349337642045e-01,2.1000017021878086e+00,7.9999727720420322e-01
A,4.9500000000000000e+02,1.1077730634625660e-04,1.1077730634625660e-04,1.4884710702345316e-02,1.4884710702345316e-02,1.4884710702345316e-02,1.4884710702345316e-02,1.2599466374559642e+00,4.4808332830831221e-01,2.1000017032051250e+00,7.9999727544795463e-01
A,4.9600000000000000e+02,1.0925988217100464e-04,1.0925988217100464e-04,1.4782414022818102e-02,1.4782414022818102e-02,1.4782414022818102e-02,1.4782414022818102e-02,1.2599521194417500e+00,4.4808316602040210e-01,2.1000017042156993e+00,7.9999727370314289e-01
A,4.9700000000000000e+02,1.0776132365801926e-04,1.0776132365801926e-04,1.4680689606283437e-02,1.4680689606283437e-02,1.4680689606283437e-02,1.4680689606283437e-02,1.2599575646953536e+00,4.4808300647536764e-01,2.1000017052195652e+00,7.9999727196971282e-01
A,4.9800000000000000e+02,1.0628143365182258e-04,1.0628143365182258e-04,1.4579535908376684e-02,1.4579535908376684e-02,1.4579535908376684e-02,1.4579535908376684e-02,1.2599629734094935e+00,4.4808284963627726e-01,2.1000017062167573e+00,7.9999727024760936e-01
A,4.9900000000000000e+02,1.0482001636089684e-04,1.0482001636089684e-04,1.4478951368168680e-02,1.4478951368168680e-02,1.4478951368168680e-02,1.4478951368168680e-02,1.2599683457765438e+00,4.4808269546658785e-01,2.1000017072073094e+00,7.9999726853677733e-01
A,5.0000000000000000e+02,1.0337687736163610e-04,1.0337687736163610e-04,1.4378934408476596e-02,1.4378934408476596e-02,1.4378934408476596e-02,1.4378934408476596e-02,1.2599736819885268e+00,4.4808254393014241e-01,2.1000017081912556e+00,7.9999726683716166e-01
A,5.0100000000000000e+02,1.0195182360453178e-04,1.0195182360453178e-04,1.4279483436352436e-02,1.4279483436352436e-02,1.4279483436352436e-02,1.4279483436352436e-02,1.2599789822371048e+00,4.4808239499116759e-01,2.1000017091686303e+00,7.9999726514870728e-01
A,5.0200000000000000e+02,1.0054466341428780e-04,1.0054466341428780e-04,1.4180596843171855e-02,1.4180596843171855e-02,1.4180596843171855e-02,1.4180596843171855e-02,1.2599842467135731e+00,4.4808224861427132e-01,2.1000017101394675e+00,7.9999726347135924e-01
A,5.0300000000000000e+02,9.9155206492276289e-05,9.9155206492276289e-05,1.4082273004900614e-02,1.4082273004900614e-02,1.4082273004900614e-02,1.4082273004900614e-02,1.2599894756088523e+00,4.4808210476444044e-01,2.1000017111038005e+00,7.9999726180506248e-01
A,5.0400000000000000e+02,9.7783263917488594e-05,9.7783263917488594e-05,1.3984510282272211e-02,1.3984510282272211e-02,1.3984510282272211e-02,1.3984510282272211e-02,1.2599946691134809e+00,4.4808196340703804e-01,2.1000017120616641e+00,7.9999726014976202e-01
A,5.0500000000000000e+02,9.6428648151596189e-05,9.6428648151596189e-05,1.3887307021276385e-02,1.3887307021276385e-02,1.3887307021276385e-02,1.3887307021276385e-02,1.2599998274176083e+00,4.4808182450780132e-01,2.1000017130130915e+00,7.9999725850540304e-01
A,5.0600000000000000e+02,9.5091173038115291e-05,9.5091173038115291e-05,1.3790661553247929e-02,1.3790661553247929e-02,1.3790661553247929e-02,1.3790661553247929e-02,1.2600049507109872e+00,4.4808168803283882e-01,2.1000017139581164e+00,7.9999725687193057e-01
A,5.0700000000000000e+02,9.3770653803856965e-05,9.3770653803856965e-05,1.3694572195133148e-02,1.3694572195133148e-02,1.3694572195133148e-02,1.3694572195133148e-02,1.2600100391829667e+00,4.4808155394862809e-01,2.1000017148967731e+00,7.9999725524928988e-01
A,5.0800000000000000e+02,9.2466907060129798e-05,9.2466907060129798e-05,1.3599037249756307e-02,1.3599037249756307e-02,1.3599037249756307e-02,1.3599037249756307e-02,1.2600150930224856e+00,4.4808142222201314e-01,2.1000017158290949e+00,7.9999725363742624e-01
A,5.0900000000000000e+02,9.1179750806098204e-05,9.1179750806098204e-05,1.3504055006263727e-02,1.3504055006263727e-02,1.3504055006263727e-02,1.3504055006263727e-02,1.2600201124180650e+00,4.4808129282020204e-01,2.1000017167551155e+00,7.9999725203628491e-01
A,5.1000000000000000e+02,8.9909004424654581e-05,8.9909004424654581e-05,1.3409623740034959e-02,1.3409623740034959e-02,1.3409623740034959e-02,1.3409623740034959e-02,1.2600250975578018e+00,4.4808116571076423e-01,2.1000017176748682e+00,7.9999725044581127e-01
A,5.1100000000000000e+02,8.8654488684170951e-05,8.8654488684170951e-05,1.3315741713038065e-02,1.3315741713038065e-02,1.3315741713038065e-02,1.3315741713038065e-02,1.2600300486293619e+00,4.4808104086162820e-01,2.1000017185883868e+00,7.9999724886595069e-01
A,5.1200000000000000e+02,8.7416025742903866e-05,8.7416025742903866e-05,1.3222407174406925e-02,1.3222407174406925e-02,1.3222407174406925e-02,1.3222407174406925e-02,1.2600349658199734e+00,4.4808091824107882e-01,2.1000017194957050e+00,7.9999724729664878e-01
A,5.1300000000000000e+02,8.6193439144251744e-05,8.6193439144251744e-05,1.3129618360352424e-02,1.3129618360352424e-02,1.3129618360352424e-02,1.3129618360352424e-02,1.2600398493164204e+00,4.4808079781775484e-01,2.1000017203968557e+00,7.9999724573785103e-01
A,5.1400000000000000e+02,8.4986553816618679e-05,8.4986553816618679e-05,1.3037373494428905e-02,1.3037373494428905e-02,1.3037373494428905e-02,1.3037373494428905e-02,1.2600446993050365e+00,4.4808067956064634e-01,2.1000017212918722e+00,7.9999724418950302e-01
A,5.1500000000000000e+02,8.3795196075356817e-05,8.3795196075356817e-05,1.2945670787978258e-02,1.2945670787978258e-02,1.2945670787978258e-02,1.2945670787978258e-02,1.2600495159716982e+00,4.4808056343909219e-01,2.1000017221807878e+00,7.9999724265155059e-01
A,5.1600000000000000e+02,8.2619193620398228e-05,8.2619193620398228e-05,1.2854508440263146e-02,1.2854508440263146e-02,1.2854508440263146e-02,1.2854508440263146e-02,1.2600542995018187e+00,4.4808044942277758e-01,2.1000017230636359e+00,7.9999724112393944e-01
A,5.1700000000000000e+02,8.1458375535447972e-05,8.1458375535447972e-05,1.2763884638733458e-02,1.2763884638733458e-02,1.2763884638733458e-02,1.2763884638733458e-02,1.2600590500803419e+00,4.4808033748173121e-01,2.1000017239404496e+00,7.9999723960661551e-01
A,5.1800000000000000e+02,8.0312572286404802e-05,8.0312572286404802e-05,1.2673797559248356e-02,1.2673797559248356e-02,1.2673797559248356e-02,1.2673797559248356e-02,1.2600637678917366e+00,4.4808022758632299e-01,2.1000017248112615e+00,7.9999723809952461e-01
A,5.1900000000000000e+02,7.9181615720718063e-05,7.9181615720718063e-05,1.2584245366387137e-02,1.2584245366387137e-02,1.2584245366387137e-02,1.2584245366387137e-02,1.2600684531199899e+00,4.4808011970726130e-01,2.1000017256761048e+00,7.9999723660261290e-01
A,5.2000000000000000e+02,7.8065339066518669e-05,7.8065339066518669e-05,1.2495226213760091e-02,1.2495226213760091e-02,1.2495226213760091e-02,1.2495226213760091e-02,1.2600731059486019e+00,4.4808001381559054e-01,2.1000017265350124e+00,7.9999723511582643e-01
A,5.2100000000000000e+02,7.6963576927120689e-05,7.6963576927120689e-05,1.2406738243964099e-02,1.2406738243964099e-02,1.2406738243964099e-02,1.2406738243964099e-02,1.2600777265605794e+00,4.4807990988268837e-01,2.1000017273880172e+00,7.9999723363911146e-01
A,5.2200000000000000e+02,7.5876165283698894e-05,7.5876165283698894e-05,1.2318779589204354e-02,1.2318779589204354e-02,1.2318779589204354e-02,1.2318779589204354e-02,1.2600823151384304e+00,4.4807980788026336e-01,2.1000017282351515e+00,7.9999723217241425e-01
A,5.2300000000000000e+02,7.4802941491068951e-05,7.4802941491068951e-05,1.2231348371383177e-02,1.2231348371383177e-02,1.2231348371383177e-02,1.2231348371383177e-02,1.2600868718641589e+00,4.4807970778035222e-01,2.1000017290764483e+00,7.9999723071568118e-01
A,5.2400000000000000e+02,7.3743744273373891e-05,7.3743744273373891e-05,1.2144442702188840e-02,1.2144442702188840e-02,1.2144442702188840e-02,1.2144442702188840e-02,1.2600913969192591e+00,4.4807960955531728e-01,2.1000017299119400e+00,7.9999722926885874e-01
A,5.2500000000000000e+02,7.2698413724497845e-05,7.2698413724497845e-05,1.2058060683584060e-02,1.2058060683584060e-02,1.2058060683584060e-02,1.2058060683584060e-02,1.2600958904847099e+00,4.4807951317784389e-01,2.1000017307416594e+00,7.9999722783189364e-01
A,5.2600000000000000e+02,7.1666791305525108e-05,7.1666791305525108e-05,1.1972200408072453e-02,1.1972200408072453e-02,1.1972200408072453e-02,1.1972200408072453e-02,1.2601003527409695e+00,4.4807941862093781e-01,2.1000017315656385e+00,7.9999722640473248e-01
A,5.2700000000000000e+02,7.0648719836743766e-05,7.0648719836743766e-05,1.1886859958520901e-02,1.1886859958520901e-02,1.1886859958520901e-02,1.1886859958520901e-02,1.2601047838679706e+00,4.4807932585792276e-01,2.1000017323839102e+00,7.9999722498732195e-01
A,5.2800000000000000e+02,6.9644043501756884e-05,6.9644043501756884e-05,1.1802037409003319e-02,1.1802037409003319e-02,1.1802037409003319e-02,1.1802037409003319e-02,1.2601091840451151e+00,4.4807923486243756e-01,2.1000017331965060e+00,7.9999722357960912e-01
A,5.2900000000000000e+02,6.8652607838119470e-05,6.8652607838119470e-05,1.1717730824534200e-02,1.1717730824534200e-02,1.1717730824534200e-02,1.1717730824534200e-02,1.2601135534512686e+00,4.4807914560843382e-01,2.1000017340034582e+00,7.9999722218154090e-01
A,5.3000000000000000e+02,6.7674259737894647e-05,6.7674259737894647e-05,1.1633938261645937e-02,1.1633938261645937e-02,1.1633938261645937e-02,1.1633938261645937e-02,1.2601178922647562e+00,4.4807905807017323e-01,2.1000017348047995e+00,7.9999722079306446e-01
A,5.3100000000000000e+02,6.6708847441733417e-05,6.6708847441733417e-05,1.1550657768433226e-02,1.1550657768433226e-02,1.1550657768433226e-02,1.1550657768433226e-02,1.2601222006633575e+00,4.4807897222222487e-01,2.1000017356005611e+00,7.9999721941412705e-01
A,5.3200000000000000e+02,6.5756220535451336e-05,6.5756220535451336e-05,1.1467887384819520e-02,1.1467887384819520e-02,1.1467887384819520e-02,1.1467887384819520e-02,1.2601264788243010e+00,4.4807888803946283e-01,2.1000017363907757e+00,7.9999721804467605e-01
A,5.3300000000000000e+02,6.4816229946952779e-05,6.4816229946952779e-05,1.1385625142867895e-02,1.1385625142867895e-02,1.1385625142867895e-02,1.1385625142867895e-02,1.2601307269242608e+00,4.4807880549706347e-01,2.1000017371754742e+00,7.9999721668465884e-01
A,5.3400000000000000e+02,6.3888727941974679e-05,6.3888727941974679e-05,1.1303869067003092e-02,1.1303869067003092e-02,1.1303869067003092e-02,1.1303869067003092e-02,1.2601349451393509e+00,4.4807872457050291e-01,2.1000017379546891e+00,7.9999721533402313e-01
A,5.3500000000000000e+02,6.2973568118205903e-05,6.2973568118205903e-05,1.1222617174100336e-02,1.1222617174100336e-02,1.1222617174100336e-02,1.1222617174100336e-02,1.2601391336451213e+00,4.4807864523555441e-01,2.1000017387284515e+00,7.9999721399271650e-01
A,5.3600000000000000e+02,6.2070605402313615e-05,6.2070605402313615e-05,1.1141867473840605e-02,1.1141867473840605e-02,1.1141867473840605e-02,1.1141867473840605e-02,1.2601432926165534e+00,4.4807856746828589e-01,2.1000017394967929e+00,7.9999721266068691e-01
A,5.3700000000000000e+02,6.1179696047272111e-05,6.1179696047272111e-05,1.1061617969110316e-02,1.1061617969110316e-02,1.1061617969110316e-02,1.1061617969110316e-02,1.2601474222280558e+00,4.4807849124505722e-01,2.1000017402597453e+00,7.9999721133788226e-01
A,5.3800000000000000e+02,6.0300697623633681e-05,6.0300697623633681e-05,1.0981866655868089e-02,1.0981866655868089e-02,1.0981866655868089e-02,1.0981866655868089e-02,1.2601515226534601e+00,4.4807841654251779e-01,2.1000017410173397e+00,7.9999721002425073e-01
A,5.3900000000000000e+02,5.9433469015693624e-05,5.9433469015693624e-05,1.0902611523455619e-02,1.0902611523455619e-02,1.0902611523455619e-02,1.0902611523455619e-02,1.2601555940660167e+00,4.4807834333760388e-01,2.1000017417696073e+00,7.9999720871974045e-01
A,5.4000000000000000e+02,5.8577870420380919e-05,5.8577870420380919e-05,1.0823850555174985e-02,1.0823850555174985e-02,1.0823850555174985e-02,1.0823850555174985e-02,1.2601596366383909e+00,4.4807827160753605e-01,2.1000017425165791e+00,7.9999720742429981e-01
A,5.4100000000000000e+02,5.7733763336802307e-05,5.7733763336802307e-05,1.0745581728022202e-02,1.0745581728022202e-02,1.0745581728022202e-02,1.0745581728022202e-02,1.2601636505426588e+00,4.4807820132981668e-01,2.1000017432582863e+00,7.9999720613787728e-01
A,5.4200000000000000e+02,5.6901010565381662e-05,5.6901010565381662e-05,1.0667803013308941e-02,1.0667803013308941e-02,1.0667803013308941e-02,1.0667803013308941e-02,1.2601676359503031e+00,4.4807813248222744e-01,2.1000017439947598e+00,7.9999720486042147e-01
A,5.4300000000000000e+02,5.6079476198710187e-05,5.6079476198710187e-05,1.0590512376529304e-02,1.0590512376529304e-02,1.0590512376529304e-02,1.0590512376529304e-02,1.2601715930322106e+00,4.4807806504282666e-01,2.1000017447260309e+00,7.9999720359188109e-01
A,5.4400000000000000e+02,5.5269025619927982e-05,5.5269025619927982e-05,1.0513707777937142e-02,1.0513707777937142e-02,1.0513707777937142e-02,1.0513707777937142e-02,1.2601755219586670e+00,4.4807799898994682e-01,2.1000017454521296e+00,7.9999720233220517e-01
A,5.4500000000000000e+02,5.4469525493887421e-05,5.4469525493887421e-05,1.0437387172457235e-02,1.0437387172457235e-02,1.0437387172457235e-02,1.0437387172457235e-02,1.2601794228993544e+00,4.4807793430219212e-01,2.1000017461730871e+00,7.9999720108134265e-01
A,5.4600000000000000e+02,5.3680843762961912e-05,5.3680843762961912e-05,1.0361548510040564e-02,1.0361548510040564e-02,1.0361548510040564e-02,1.0361548510040564e-02,1.2601832960233472e+00,4.4807787095843588e-01,2.1000017468889340e+00,7.9999719983924278e-01
A,5.4700000000000000e+02,5.2902849641326881e-05,5.2902849641326881e-05,1.0286189735886353e-02,1.0286189735886353e-02,1.0286189735886353e-02,1.0286189735886353e-02,1.2601871414991088e+00,4.4807780893781796e-01,2.1000017475997006e+00,7.9999719860585494e-01
A,5.4800000000000000e+02,5.2135413610054113e-05,5.2135413610054113e-05,1.0211308790752938e-02,1.0211308790752938e-02,1.0211308790752938e-02,1.0211308790752938e-02,1.2601909594944887e+00,4.4807774821974244e-01,2.1000017483054170e+00,7.9999719738112851e-01
A,5.4900000000000000e+02,5.1378407407573723e-05,5.1378407407573723e-05,1.0136903610824533e-02,1.0136903610824533e-02,1.0136903610824533e-02,1.0136903610824533e-02,1.2601947501767186e+00,4.4807768878387499e-01,2.1000017490061138e+00,7.9999719616501308e-01
A,5.5000000000000000e+02,5.0631704027802978e-05,5.0631704027802978e-05,1.0062972128332959e-02,1.0062972128332959e-02,1.0062972128332959e-02,1.0062972128332959e-02,1.2601985137124097e+00,4.4807763061014039e-01,2.1000017497018213e+00,7.9999719495745858e-01
A,5.5100000000000000e+02,4.9895177709582255e-05,4.9895177709582255e-05,9.9895122713355988e-03,9.9895122713355988e-03,9.9895122713355988e-03,9.9895122713355988e-03,1.2602022502675494e+00,4.4807757367872009e-01,2.1000017503925692e+00,7.9999719375841483e-01
A,5.5200000000000000e+02,4.9168703935471045e-05,4.9168703935471045e-05,9.9165219644259395e-03,9.9165219644259395e-03,9.9165219644259395e-03,9.9165219644259395e-03,1.2602059600074986e+00,4.4807751797004969e-01,2.1000017510783873e+00,7.9999719256783186e-01
A,5.5300000000000000e+02,4.8452159421067848e-05,4.8452159421067848e-05,9.8439991285115269e-03,9.8439991285115269e-03,9.8439991285115269e-03,9.8439991285115269e-03,1.2602096430969885e+00,4.4807746346481664e-01,2.1000017517593057e+00,7.9999719138565994e-01
A,5.5400000000000000e+02,4.7745422110520302e-05,4.7745422110520302e-05,9.7719416812136473e-03,9.7719416812136473e-03,9.7719416812136473e-03,9.7719416812136473e-03,1.2602132997001176e+00,4.4807741014395752e-01,2.1000017524353543e+00,7.9999719021184956e-01
A,5.5500000000000000e+02,4.7048371168865568e-05,4.7048371168865568e-05,9.7003475369561443e-03,9.7003475369561443e-03,9.7003475369561443e-03,9.7003475369561443e-03,1.2602169299803501e+00,4.4807735798865589e-01,2.1000017531065622e+00,7.9999718904635120e-01
A,5.5600000000000000e+02,4.6360886977774326e-05,4.6360886977774326e-05,9.6292146074095086e-03,9.6292146074095086e-03,9.6292146074095086e-03,9.6292146074095086e-03,1.2602205341005113e+00,4.4807730698033960e-01,2.1000017537729594e+00,7.9999718788911545e-01
A,5.5700000000000000e+02,4.5682851124336029e-05,4.5682851124336029e-05,9.5585408012244244e-03,9.5585408012244244e-03,9.5585408012244244e-03,9.5585408012244244e-03,1.2602241122227869e+00,4.4807725710067858e-01,2.1000017544345750e+00,7.9999718674009335e-01
A,5.5800000000000000e+02,4.5014146399251073e-05,4.5014146399251073e-05,9.4883240247423117e-03,9.4883240247423117e-03,9.4883240247423117e-03,9.4883240247423117e-03,1.2602276645087196e+00,4.4807720833158227e-01,2.1000017550914385e+00,7.9999718559923583e-01
A,5.5900000000000000e+02,4.4354656787219753e-05,4.4354656787219753e-05,9.4185621819065091e-03,9.4185621819065091e-03,9.4185621819065091e-03,9.4185621819065091e-03,1.2602311911192066e+00,4.4807716065519732e-01,2.1000017557435791e+00,7.9999718446649404e-01
A,5.6000000000000000e+02,4.3704267459056977e-05,4.3704267459056977e-05,9.3492531743510909e-03,9.3492531743510909e-03,9.3492531743510909e-03,9.3492531743510909e-03,1.2602346922144976e+00,4.4807711405390516e-01,2.1000017563910256e+00,7.9999718334181946e-01
A,5.6100000000000000e+02,4.3062864767919201e-05,4.3062864767919201e-05,9.2803949019337750e-03,9.2803949019337750e-03,9.2803949019337750e-03,9.2803949019337750e-03,1.2602381679541923e+00,4.4807706851031964e-01,2.1000017570338070e+00,7.9999718222516347e-01
A,5.6200000000000000e+02,4.2430336238795533e-05,4.2430336238795533e-05,9.2119852625582865e-03,9.2119852625582865e-03,9.2119852625582865e-03,9.2119852625582865e-03,1.2602416184972387e+00,4.4807702400728466e-01,2.1000017576719525e+00,7.9999718111647777e-01
A,5.6300000000000000e+02,4.1806570564194530e-05,4.1806570564194530e-05,9.1440221526628562e-03,9.1440221526628562e-03,9.1440221526628562e-03,9.1440221526628562e-03,1.2602450440019304e+00,4.4807698052787187e-01,2.1000017583054906e+00,7.9999718001571429e-01
A,5.6400000000000000e+02,4.1191457595230343e-05,4.1191457595230343e-05,9.0765034672202205e-03,9.0765034672202205e-03,9.0765034672202205e-03,9.0765034672202205e-03,1.2602484446259050e+00,4.4807693805537818e-01,2.1000017589344497e+00,7.9999717892282507e-01
A,5.6500000000000000e+02,4.0584888333943619e-05,4.0584888333943619e-05,9.0094270998708481e-03,9.0094270998708481e-03,9.0094270998708481e-03,9.0094270998708481e-03,1.2602518205261419e+00,4.4807689657332356e-01,2.1000017595588587e+00,7.9999717783776214e-01
A,5.6600000000000000e+02,3.9986754927192265e-05,3.9986754927192265e-05,8.9427909432338026e-03,8.9427909432338026e-03,8.9427909432338026e-03,8.9427909432338026e-03,1.2602551718589605e+00,4.4807685606544873e-01,2.1000017601787460e+00,7.9999717676047799e-01
A,5.6700000000000000e+02,3.9396950659271675e-05,3.9396950659271675e-05,8.8765928890843782e-03,8.8765928890843782e-03,8.8765928890843782e-03,8.8765928890843782e-03,1.2602584987800185e+00,4.4807681651571274e-01,2.1000017607941395e+00,7.9999717569092510e-01
A,5.6800000000000000e+02,3.8815369944502610e-05,3.8815369944502610e-05,8.8108308285317349e-03,8.8108308285317349e-03,8.8108308285317349e-03,8.8108308285317349e-03,1.2602618014443099e+00,4.4807677790829081e-01,2.1000017614050677e+00,7.9999717462905617e-01
A,5.6900000000000000e+02,3.8241908317846422e-05,3.8241908317846422e-05,8.7455026519744905e-03,8.7455026519744905e-03,8.7455026519744905e-03,8.7455026519744905e-03,1.2602650800061639e+00,4.4807674022757199e-01,2.1000017620115585e+00,7.9999717357482414e-01
A,5.7000000000000000e+02,3.7676462429432701e-05,3.7676462429432701e-05,8.6806062495003999e-03,8.6806062495003999e-03,8.6806062495003999e-03,8.6806062495003999e-03,1.2602683346192431e+00,4.4807670345815687e-01,2.1000017626136400e+00,7.9999717252818203e-01
A,5.7100000000000000e+02,3.7118930037441652e-05,3.7118930037441652e-05,8.6161395111084005e-03,8.6161395111084005e-03,8.6161395111084005e-03,8.6161395111084005e-03,1.2602715654365415e+00,4.4807666758485531e-01,2.1000017632113401e+00,7.9999717148908300e-01
A,5.7200000000000000e+02,3.6569209999044773e-05,3.6569209999044773e-05,8.5521003267086115e-03,8.5521003267086115e-03,8.5521003267086115e-03,8.5521003267086115e-03,1.2602747726103838e+00,4.4807663259268427e-01,2.1000017638046864e+00,7.9999717045748053e-01
A,5.7300000000000000e+02,3.6027202261766369e-05,3.6027202261766369e-05,8.4884865861667436e-03,8.4884865861667436e-03,8.4884865861667436e-03,8.4884865861667436e-03,1.2602779562924236e+00,4.4807659846686559e-01,2.1000017643937063e+00,7.9999716943332821e-01
A,5.7400000000000000e+02,3.5492807859362175e-05,3.5492807859362175e-05,8.4252961798814141e-03,8.4252961798814141e-03,8.4252961798814141e-03,8.4252961798814141e-03,1.2602811166336423e+00,4.4807656519282368e-01,2.1000017649784275e+00,7.9999716841657975e-01
A,5.7500000000000000e+02,3.4965928900840051e-05,3.4965928900840051e-05,8.3625269985621031e-03,8.3625269985621031e-03,8.3625269985621031e-03,8.3625269985621031e-03,1.2602842537843477e+00,4.4807653275618342e-01,2.1000017655588770e+00,7.9999716740718918e-01
A,5.7600000000000000e+02,3.4446468564403473e-05,3.4446468564403473e-05,8.3001769335844244e-03,8.3001769335844244e-03,8.3001769335844244e-03,8.3001769335844244e-03,1.2602873678941733e+00,4.4807650114276787e-01,2.1000017661350823e+00,7.9999716640511054e-01
A,5.7700000000000000e+02,3.3934331089114354e-05,3.3934331089114354e-05,8.2382438770789435e-03,8.2382438770789435e-03,8.2382438770789435e-03,8.2382438770789435e-03,1.2602904591120767e+00,4.4807647033859621e-01,2.1000017667070705e+00,7.9999716541029819e-01
A,5.7800000000000000e+02,3.3429421766934828e-05,3.3429421766934828e-05,8.1767257220644041e-03,8.1767257220644041e-03,8.1767257220644041e-03,8.1767257220644041e-03,1.2602935275863389e+00,4.4807644032988153e-01,2.1000017672748688e+00,7.9999716442270663e-01
A,5.7900000000000000e+02,3.2931646934769319e-05,3.2931646934769319e-05,8.1156203625809553e-03,8.1156203625809553e-03,8.1156203625809553e-03,8.1156203625809553e-03,1.2602965734645633e+00,4.4807641110302870e-01,2.1000017678385041e+00,7.9999716344229044e-01
A,5.8000000000000000e+02,3.2440913968654280e-05,3.2440913968654280e-05,8.0549256940898317e-03,8.0549256940898317e-03,8.0549256940898317e-03,8.0549256940898317e-03,1.2602995968936745e+00,4.4807638264463218e-01,2.1000017683980028e+00,7.9999716246900454e-01
A,5.8100000000000000e+02,3.1957131272528484e-05,3.1957131272528484e-05,7.9946396132068998e-03,7.9946396132068998e-03,7.9946396132068998e-03,7.9946396132068998e-03,1.2603025980199183e+00,4.4807635494147391e-01,2.1000017689533919e+00,7.9999716150280398e-01
A,5.8200000000000000e+02,3.1480208272790084e-05,3.1480208272790084e-05,7.9347600181467470e-03,7.9347600181467470e-03,7.9347600181467470e-03,7.9347600181467470e-03,1.2603055769888598e+00,4.4807632798052133e-01,2.1000017695046975e+00,7.9999716054364389e-01
A,5.8300000000000000e+02,3.1010055410997794e-05,3.1010055410997794e-05,7.8752848089447269e-03,7.8752848089447269e-03,7.8752848089447269e-03,7.8752848089447269e-03,1.2603085339453841e+00,4.4807630174892521e-01,2.1000017700519464e+00,7.9999715959147977e-01
A,5.8400000000000000e+02,3.0546584131687751e-05,3.0546584131687751e-05,7.8162118870572783e-03,7.8162118870572783e-03,7.8162118870572783e-03,7.8162118870572783e-03,1.2603114690336945e+00,4.4807627623401752e-01,2.1000017705951652e+00,7.9999715864626719e-01
A,5.8500000000000000e+02,3.0089706880721291e-05,3.0089706880721291e-05,7.7575391562945128e-03,7.7575391562945128e-03,7.7575391562945128e-03,7.7575391562945128e-03,1.2603143823973126e+00,4.4807625142330942e-01,2.1000017711343797e+00,7.9999715770796198e-01
A,5.8600000000000000e+02,2.9639337092759836e-05,2.9639337092759836e-05,7.6992645223761258e-03,7.6992645223761258e-03,7.6992645223761258e-03,7.6992645223761258e-03,1.2603172741790774e+00,4.4807622730448932e-01,2.1000017716696155e+00,7.9999715677652006e-01
A,5.8700000000000000e+02,2.9195389184381547e-05,2.9195389184381547e-05,7.6413858931978496e-03,7.6413858931978496e-03,7.6413858931978496e-03,7.6413858931978496e-03,1.2603201445211452e+00,4.4807620386542069e-01,2.1000017722008995e+00,7.9999715585189757e-01
A,5.8800000000000000e+02,2.8757778546824519e-05,2.8757778546824519e-05,7.5839011790534983e-03,7.5839011790534983e-03,7.5839011790534983e-03,7.5839011790534983e-03,1.2603229935649893e+00,4.4807618109414010e-01,2.1000017727282567e+00,7.9999715493405088e-01
A,5.8900000000000000e+02,2.8326421537373515e-05,2.8326421537373515e-05,7.5268082926793767e-03,7.5268082926793767e-03,7.5268082926793767e-03,7.5268082926793767e-03,1.2603258214513995e+00,4.4807615897885528e-01,2.1000017732517131e+00,7.9999715402293659e-01
A,5.9000000000000000e+02,2.7901235473443312e-05,2.7901235473443312e-05,7.4701051496539606e-03,7.4701051496539606e-03,7.4701051496539606e-03,7.4701051496539606e-03,1.2603286283204813e+00,4.4807613750794312e-01,2.1000017737712944e+00,7.9999715311851127e-01
A,5.9100000000000000e+02,2.7482138620987788e-05,2.7482138620987788e-05,7.4137896680426252e-03,7.4137896680426252e-03,7.4137896680426252e-03,7.4137896680426252e-03,1.2603314143116571e+00,4.4807611666994757e-01,2.1000017742870258e+00,7.9999715222073198e-01
A,5.9200000000000000e+02,2.7069050189296629e-05,2.7069050189296629e-05,7.3578597688861436e-03,7.3578597688861436e-03,7.3578597688861436e-03,7.3578597688861436e-03,1.2603341795636647e+00,4.4807609645357788e-01,2.1000017747989328e+00,7.9999715132955573e-01
A,5.9300000000000000e+02,2.6661890322444022e-05,2.6661890322444022e-05,7.3023133762450954e-03,7.3023133762450954e-03,7.3023133762450954e-03,7.3023133762450954e-03,1.2603369242145581e+00,4.4807607684770656e-01,2.1000017753070406e+00,7.9999715044493991e-01
A,5.9400000000000000e+02,2.6260580090461268e-05,2.6260580090461268e-05,7.2471484171998668e-03,7.2471484171998668e-03,7.2471484171998668e-03,7.2471484171998668e-03,1.2603396484017069e+00,4.4807605784136750e-01,2.1000017758113745e+00,7.9999714956684198e-01
A,5.9500000000000000e+02,2.5865041483763778e-05,2.5865041483763778e-05,7.1923628222947400e-03,7.1923628222947400e-03,7.1923628222947400e-03,7.1923628222947400e-03,1.2603423522617967e+00,4.4807603942375396e-01,2.1000017763119589e+00,7.9999714869521954e-01
A,5.9600000000000000e+02,2.5475197402104522e-05,2.5475197402104522e-05,7.1379545252270304e-03,7.1379545252270304e-03,7.1379545252270304e-03,7.1379545252270304e-03,1.2603450359308290e+00,4.4807602158421678e-01,2.1000017768088193e+00,7.9999714783003062e-01
A,5.9700000000000000e+02,2.5090971649353291e-05,2.5090971649353291e-05,7.0839214633355851e-03,7.0839214633355851e-03,7.0839214633355851e-03,7.0839214633355851e-03,1.2603476995441218e+00,4.4807600431226252e-01,2.1000017773019799e+00,7.9999714697123314e-01
A,5.9800000000000000e+02,2.4712288923183890e-05,2.4712288923183890e-05,7.0302615773787380e-03,7.0302615773787380e-03,7.0302615773787380e-03,7.0302615773787380e-03,1.2603503432363092e+00,4.4807598759755152e-01,2.1000017777914657e+00,7.9999714611878536e-01
A,5.9900000000000000e+02,2.4339074809852725e-05,2.4339074809852725e-05,6.9769728120228081e-03,6.9769728120228081e-03,6.9769728120228081e-03,6.9769728120228081e-03,1.2603529671413418e+00,4.4807597142989603e-01,2.1000017782773011e+00,7.9999714527264587e-01
A,6.0000000000000000e+02,2.3971255773656403e-05,2.3971255773656403e-05,6.9240531155756457e-03,6.9240531155756457e-03,6.9240531155756457e-03,6.9240531155756457e-03,1.2603555713924872e+00,4.4807595579925852e-01,2.1000017787595104e+00,7.9999714443277314e-01
A,6.0100000000000000e+02,2.3608759151419805e-05,2.3608759151419805e-05,6.8715004404307223e-03,6.8715004404307223e-03,6.8715004404307223e-03,6.8715004404307223e-03,1.2603581561223303e+00,4.4807594069574980e-01,2.1000017792381178e+00,7.9999714359912610e-01
A,6.0200000000000000e+02,2.3251513142970354e-05,2.3251513142970354e-05,6.8193127429339029e-03,6.8193127429339029e-03,6.8193127429339029e-03,6.8193127429339029e-03,1.2603607214627737e+00,4.4807592610962710e-01,2.1000017797131476e+00,7.9999714277166378e-01
A,6.0300000000000000e+02,2.2899446804422896e-05,2.2899446804422896e-05,6.7674879836499002e-03,6.7674879836499002e-03,6.7674879836499002e-03,6.7674879836499002e-03,1.2603632675450380e+00,4.4807591203129243e-01,2.1000017801846234e+00,7.9999714195034544e-01
A,6.0400000000000000e+02,2.2552490039357847e-05,2.2552490039357847e-05,6.7160241273178656e-03,6.7160241273178656e-03,6.7160241273178656e-03,6.7160241273178656e-03,1.2603657944996627e+00,4.4807589845129081e-01,2.1000017806525695e+00,7.9999714113513043e-01
A,6.0500000000000000e+02,2.2210573591557371e-05,2.2210573591557371e-05,6.6649191430290244e-03,6.6649191430290244e-03,6.6649191430290244e-03,6.6649191430290244e-03,1.2603683024565060e+00,4.4807588536030840e-01,2.1000017811170095e+00,7.9999714032597846e-01
A,6.0600000000000000e+02,2.1873629038045104e-05,2.1873629038045104e-05,6.6141710044487212e-03,6.6141710044487212e-03,6.6141710044487212e-03,6.6141710044487212e-03,1.2603707915447466e+00,4.4807587274917088e-01,2.1000017815779670e+00,7.9999713952284923e-01
A,6.0700000000000000e+02,2.1541588779791414e-05,2.1541588779791414e-05,6.5637776896831923e-03,6.5637776896831923e-03,6.5637776896831923e-03,6.5637776896831923e-03,1.2603732618928833e+00,4.4807586060884164e-01,2.1000017820354655e+00,7.9999713872570277e-01
A,6.0800000000000000e+02,2.1214386034838275e-05,2.1214386034838275e-05,6.5137371815016110e-03,6.5137371815016110e-03,6.5137371815016110e-03,6.5137371815016110e-03,1.2603757136287361e+00,4.4807584893042018e-01,2.1000017824895285e+00,7.9999713793449934e-01
A,6.0900000000000000e+02,2.0891954830848225e-05,2.0891954830848225e-05,6.4640474674693138e-03,6.4640474674693138e-03,6.4640474674693138e-03,6.4640474674693138e-03,1.2603781468794468e+00,4.4807583770514026e-01,2.1000017829401796e+00,7.9999713714919929e-01
A,6.1000000000000000e+02,2.0574229997109414e-05,2.0574229997109414e-05,6.4147065399922099e-03,6.4147065399922099e-03,6.4147065399922099e-03,6.4147065399922099e-03,1.2603805617714801e+00,4.4807582692436837e-01,2.1000017833874414e+00,7.9999713636976322e-01
A,6.1100000000000000e+02,2.0261147156593258e-05,2.0261147156593258e-05,6.3657123963611895e-03,6.3657123963611895e-03,6.3657123963611895e-03,6.3657123963611895e-03,1.2603829584306239e+00,4.4807581657960199e-01,2.1000017838313374e+00,7.9999713559615182e-01
A,6.1200000000000000e+02,1.9952642718625715e-05,1.9952642718625715e-05,6.3170630388853510e-03,6.3170630388853510e-03,6.3170630388853510e-03,6.3170630388853510e-03,1.2603853369819908e+00,4.4807580666246793e-01,2.1000017842718903e+00,7.9999713482832613e-01
A,6.1300000000000000e+02,1.9648653871306972e-05,1.9648653871306972e-05,6.2687564749808189e-03,6.2687564749808189e-03,6.2687564749808189e-03,6.2687564749808189e-03,1.2603876975500190e+00,4.4807579716472073e-01,2.1000017847091228e+00,7.9999713406624740e-01
A,6.1400000000000000e+02,1.9349118575076397e-05,1.9349118575076397e-05,6.2207907174371968e-03,6.2207907174371968e-03,6.2207907174371968e-03,6.2207907174371968e-03,1.2603900402584725e+00,4.4807578807824111e-01,2.1000017851430575e+00,7.9999713330987687e-01
A,6.1500000000000000e+02,1.9053975552155024e-05,1.9053975552155024e-05,6.1731637840178877e-03,6.1731637840178877e-03,6.1731637840178877e-03,6.1731637840178877e-03,1.2603923652304427e+00,4.4807577939503423e-01,2.1000017855737174e+00,7.9999713255917626e-01
A,6.1600000000000000e+02,1.8763164282697350e-05,1.8763164282697350e-05,6.1258736981262274e-03,6.1258736981262274e-03,6.1258736981262274e-03,6.1258736981262274e-03,1.2603946725883497e+00,4.4807577110722824e-01,2.1000017860011244e+00,7.9999713181410725e-01
A,6.1700000000000000e+02,1.8476624994340956e-05,1.8476624994340956e-05,6.0789184884058045e-03,6.0789184884058045e-03,6.0789184884058045e-03,6.0789184884058045e-03,1.2603969624539428e+00,4.4807576320707254e-01,2.1000017864253011e+00,7.9999713107463177e-01
A,6.1800000000000000e+02,1.8194298657025220e-05,1.8194298657025220e-05,6.0322961891845495e-03,6.0322961891845495e-03,6.0322961891845495e-03,6.0322961891845495e-03,1.2603992349483017e+00,4.4807575568693642e-01,2.1000017868462697e+00,7.9999713034071196e-01
A,6.1900000000000000e+02,1.7916126974295979e-05,1.7916126974295979e-05,5.9860048403415078e-03,5.9860048403415078e-03,5.9860048403415078e-03,5.9860048403415078e-03,1.2604014901918381e+00,4.4807574853930737e-01,2.1000017872640524e+00,7.9999712961231018e-01
A,6.2000000000000000e+02,1.7642052376032800e-05,1.7642052376032800e-05,5.9400424873956581e-03,5.9400424873956581e-03,5.9400424873956581e-03,5.9400424873956581e-03,1.2604037283042966e+00,4.4807574175678960e-01,2.1000017876786710e+00,7.9999712888938901e-01
A,6.2100000000000000e+02,1.7372018011479527e-05,1.7372018011479527e-05,5.8944071816391386e-03,5.8944071816391386e-03,5.8944071816391386e-03,5.8944071816391386e-03,1.2604059494047559e+00,4.4807573533210260e-01,2.1000017880901471e+00,7.9999712817191115e-01
A,6.2200000000000000e+02,1.7105967742304589e-05,1.7105967742304589e-05,5.8490969802704740e-03,5.8490969802704740e-03,5.8490969802704740e-03,5.8490969802704740e-03,1.2604081536116303e+00,4.4807572925807954e-01,2.1000017884985027e+00,7.9999712745983953e-01
A,6.2300000000000000e+02,1.6843846134144959e-05,1.6843846134144959e-05,5.8041099462613488e-03,5.8041099462613488e-03,5.8041099462613488e-03,5.8041099462613488e-03,1.2604103410426708e+00,4.4807572352766578e-01,2.1000017889037594e+00,7.9999712675313728e-01
A,6.2400000000000000e+02,1.6585598450554206e-05,1.6585598450554206e-05,5.7594441486230608e-03,5.7594441486230608e-03,5.7594441486230608e-03,5.7594441486230608e-03,1.2604125118149665e+00,4.4807571813391756e-01,2.1000017893059386e+00,7.9999712605176765e-01
A,6.2500000000000000e+02,1.6331170645168436e-05,1.6331170645168436e-05,5.7150976623621119e-03,5.7150976623621119e-03,5.7150976623621119e-03,5.7150976623621119e-03,1.2604146660449460e+00,4.4807571307000033e-01,2.1000017897050620e+00,7.9999712535569423e-01
A,6.2600000000000000e+02,1.6080509355713157e-05,1.6080509355713157e-05,5.6710685687466622e-03,5.6710685687466622e-03,5.6710685687466622e-03,5.6710685687466622e-03,1.2604168038483790e+00,4.4807570832918747e-01,2.1000017901011505e+00,7.9999712466488071e-01
A,6.2700000000000000e+02,1.5833561894507237e-05,1.5833561894507237e-05,5.6273549549512580e-03,5.6273549549512580e-03,5.6273549549512580e-03,5.6273549549512580e-03,1.2604189253403775e+00,4.4807570390485885e-01,2.1000017904942250e+00,7.9999712397929101e-01
A,6.2800000000000000e+02,1.5590276243837475e-05,1.5590276243837475e-05,5.5839549145453304e-03,5.5839549145453304e-03,5.5839549145453304e-03,5.5839549145453304e-03,1.2604210306353973e+00,4.4807569979049933e-01,2.1000017908843067e+00,7.9999712329888917e-01
A,6.2900000000000000e+02,1.5350601048318514e-05,1.5350601048318514e-05,5.5408665474487862e-03,5.5408665474487862e-03,5.5408665474487862e-03,5.5408665474487862e-03,1.2604231198472398e+00,4.4807569597969743e-01,2.1000017912714166e+00,7.9999712262363942e-01
A,6.3000000000000000e+02,1.5114485607086324e-05,1.5114485607086324e-05,5.4980879598431898e-03,5.4980879598431898e-03,5.4980879598431898e-03,5.4980879598431898e-03,1.2604251930890531e+00,4.4807569246614398e-01,2.1000017916555755e+00,7.9999712195350636e-01
A,6.3100000000000000e+02,1.4881879867291334e-05,1.4881879867291334e-05,5.4556172643049905e-03,5.4556172643049905e-03,5.4556172643049905e-03,5.4556172643049905e-03,1.2604272504733343e+00,4.4807568924363067e-01,2.1000017920368044e+00,7.9999712128845457e-01
A,6.3200000000000000e+02,1.4652734417622748e-05,1.4652734417622748e-05,5.4134525799387490e-03,5.4134525799387490e-03,5.4134525799387490e-03,5.4134525799387490e-03,1.2604292921119300e+00,4.4807568630604877e-01,2.1000017924151231e+00,7.9999712062844897e-01
A,6.3300000000000000e+02,1.4427000481148771e-05,1.4427000481148771e-05,5.3715920323771371e-03,5.3715920323771371e-03,5.3715920323771371e-03,5.3715920323771371e-03,1.2604313181160394e+00,4.4807568364738781e-01,2.1000017927905525e+00,7.9999711997345468e-01
A,6.3400000000000000e+02,1.4204629908222061e-05,1.4204629908222061e-05,5.3300337537809384e-03,5.3300337537809384e-03,5.3300337537809384e-03,5.3300337537809384e-03,1.2604333285962144e+00,4.4807568126173414e-01,2.1000017931631128e+00,7.9999711932343687e-01
A,6.3500000000000000e+02,1.3985575170154579e-05,1.3985575170154579e-05,5.2887758829722742e-03,5.2887758829722742e-03,5.2887758829722742e-03,5.2887758829722742e-03,1.2604353236623627e+00,4.4807567914326979e-01,2.1000017935328241e+00,7.9999711867836087e-01
A,6.3600000000000000e+02,1.3769789352924073e-05,1.3769789352924073e-05,5.2478165655678310e-03,5.2478165655678310e-03,5.2478165655678310e-03,5.2478165655678310e-03,1.2604373034237486e+00,4.4807567728627096e-01,2.1000017938997066e+00,7.9999711803819251e-01
A,6.3700000000000000e+02,1.3557226149293862e-05,1.3557226149293862e-05,5.2071539538012246e-03,5.2071539538012246e-03,5.2071539538012246e-03,5.2071539538012246e-03,1.2604392679889951e+00,4.4807567568510698e-01,2.1000017942637803e+00,7.9999711740289747e-01
A,6.3800000000000000e+02,1.3347839852417068e-05,1.3347839852417068e-05,5.1667862066118175e-03,5.1667862066118175e-03,5.1667862066118175e-03,5.1667862066118175e-03,1.2604412174660857e+00,4.4807567433423889e-01,2.1000017946250646e+00,7.9999711677244179e-01
A,6.3900000000000000e+02,1.3141585350848963e-05,1.3141585350848963e-05,5.1267114899999910e-03,5.1267114899999910e-03,5.1267114899999910e-03,5.1267114899999910e-03,1.2604431519623662e+00,4.4807567322821823e-01,2.1000017949835796e+00,7.9999711614679170e-01
A,6.4000000000000000e+02,1.2938418119923500e-05,1.2938418119923500e-05,5.0869279766718734e-03,5.0869279766718734e-03,5.0869279766718734e-03,5.0869279766718734e-03,1.2604450715845466e+00,4.4807567236168572e-01,2.1000017953393448e+00,7.9999711552591357e-01
A,6.4100000000000000e+02,1.2738294216640799e-05,1.2738294216640799e-05,5.0474338463502022e-03,5.0474338463502022e-03,5.0474338463502022e-03,5.0474338463502022e-03,1.2604469764387025e+00,4.4807567172937013e-01,2.1000017956923798e+00,7.9999711490977399e-01
A,6.4200000000000000e+02,1.2541170272320001e-05,1.2541170272320001e-05,5.0082272856410981e-03,5.0082272856410981e-03,5.0082272856410981e-03,5.0082272856410981e-03,1.2604488666302780e+00,4.4807567132608711e-01,2.1000017960427040e+00,7.9999711429833975e-01
A,6.4300000000000000e+02,1.2347003487112131e-05,1.2347003487112131e-05,4.9693064882561089e-03,4.9693064882561089e-03,4.9693064882561089e-03,4.9693064882561089e-03,1.2604507422640865e+00,4.4807567114673791e-01,2.1000017963903366e+00,7.9999711369157778e-01
A,6.4400000000000000e+02,1.2155751622991180e-05,1.2155751622991180e-05,4.9306696549233919e-03,4.9306696549233919e-03,4.9306696549233919e-03,4.9306696549233919e-03,1.2604526034443133e+00,4.4807567118630814e-01,2.1000017967352966e+00,7.9999711308945531e-01
A,6.4500000000000000e+02,1.1967372997263114e-05,1.1967372997263114e-05,4.8923149933877141e-03,4.8923149933877141e-03,4.8923149933877141e-03,4.8923149933877141e-03,1.2604544502745174e+00,4.4807567143986671e-01,2.1000017970776033e+00,7.9999711249193961e-01
A,6.4600000000000000e+02,1.1781826477430440e-05,1.1781826477430440e-05,4.8542407186769054e-03,4.8542407186769054e-03,4.8542407186769054e-03,4.8542407186769054e-03,1.2604562828576333e+00,4.4807567190256459e-01,2.1000017974172756e+00,7.9999711189899814e-01
A,6.4700000000000000e+02,1.1599071473491325e-05,1.1599071473491325e-05,4.8164450528354052e-03,4.8164450528354052e-03,4.8164450528354052e-03,4.8164450528354052e-03,1.2604581012959732e+00,4.4807567256963371e-01,2.1000017977543322e+00,7.9999711131059870e-01
A,6.4800000000000000e+02,1.1419067932695566e-05,1.1419067932695566e-05,4.7789262251463072e-03,4.7789262251463072e-03,4.7789262251463072e-03,4.7789262251463072e-03,1.2604599056912293e+00,4.4807567343638582e-01,2.1000017980887917e+00,7.9999711072670920e-01
A,6.4900000000000000e+02,1.1241776333680023e-05,1.1241776333680023e-05,4.7416824722201767e-03,4.7416824722201767e-03,4.7416824722201767e-03,4.7416824722201767e-03,1.2604616961444752e+00,4.4807567449821140e-01,2.1000017984206729e+00,7.9999711014729769e-01
A,6.5000000000000000e+02,1.1067157679183118e-05,1.1067157679183118e-05,4.7047120377730067e-03,4.7047120377730067e-03,4.7047120377730067e-03,4.7047120377730067e-03,1.2604634727561685e+00,4.4807567575057844e-01,2.1000017987499944e+00,7.9999710957233239e-01
A,6.5100000000000000e+02,1.0895173491771655e-05,1.0895173491771655e-05,4.6680131730258978e-03,4.6680131730258978e-03,4.6680131730258978e-03,4.6680131730258978e-03,1.2604652356261528e+00,4.4807567718903146e-01,2.1000017990767743e+00,7.9999710900178178e-01
A,6.5200000000000000e+02,1.0725785806043500e-05,1.0725785806043500e-05,4.6315841363497867e-03,4.6315841363497867e-03,4.6315841363497867e-03,4.6315841363497867e-03,1.2604669848536592e+00,4.4807567880919036e-01,2.1000017994010309e+00,7.9999710843561456e-01
A,6.5300000000000000e+02,1.0558957163825463e-05,1.0558957163825463e-05,4.5954231935319001e-03,4.5954231935319001e-03,4.5954231935319001e-03,4.5954231935319001e-03,1.2604687205373095e+00,4.4807568060674940e-01,2.1000017997227824e+00,7.9999710787379952e-01
A,6.5400000000000000e+02,1.0394650608158040e-05,1.0394650608158040e-05,4.5595286177757544e-03,4.5595286177757544e-03,4.5595286177757544e-03,4.5595286177757544e-03,1.2604704427751177e+00,4.4807568257747610e-01,2.1000018000420471e+00,7.9999710731630558e-01
A,6.5500000000000000e+02,1.0232829677540818e-05,1.0232829677540818e-05,4.5238986897455646e-03,4.5238986897455646e-03,4.5238986897455646e-03,4.5238986897455646e-03,1.2604721516644919e+00,4.4807568471721021e-01,2.1000018003588425e+00,7.9999710676310209e-01
A,6.5600000000000000e+02,1.0073458399031803e-05,1.0073458399031803e-05,4.4885316973442002e-03,4.4885316973442002e-03,4.4885316973442002e-03,4.4885316973442002e-03,1.2604738473022372e+00,4.4807568702186268e-01,2.1000018006731866e+00,7.9999710621415832e-01
A,6.5700000000000000e+02,9.9165012846169160e-06,9.9165012846169160e-06,4.4534259362016826e-03,4.4534259362016826e-03,4.4534259362016826e-03,4.4534259362016826e-03,1.2604755297845576e+00,4.4807568948741466e-01,2.1000018009850971e+00,7.9999710566944382e-01
A,6.5800000000000000e+02,9.7619233240030535e-06,9.7619233240030535e-06,4.4185797093643231e-03,4.4185797093643231e-03,4.4185797093643231e-03,4.4185797093643231e-03,1.2604771992070576e+00,4.4807569210991643e-01,2.1000018012945918e+00,7.9999710512892841e-01
A,6.5900000000000000e+02,9.6096899787029843e-06,9.6096899787029843e-06,4.3839913272503139e-03,4.3839913272503139e-03,4.3839913272503139e-03,4.3839913272503139e-03,1.2604788556647453e+00,4.4807569488548649e-01,2.1000018016016879e+00,7.9999710459258189e-01
A,6.6000000000000000e+02,9.4597671775390970e-06,9.4597671775390970e-06,4.3496591079161817e-03,4.3496591079161817e-03,4.3496591079161817e-03,4.3496591079161817e-03,1.2604804992520344e+00,4.4807569781031048e-01,2.1000018019064028e+00,7.9999710406037439e-01
A,6.6100000000000000e+02,9.3121213108080294e-06,9.3121213108080294e-06,4.3155813770123785e-03,4.3155813770123785e-03,4.3155813770123785e-03,4.3155813770123785e-03,1.2604821300627465e+00,4.4807570088064025e-01,2.1000018022087539e+00,7.9999710353227627e-01
A,6.6200000000000000e+02,9.1667192243216871e-06,9.1667192243216871e-06,4.2817564676944642e-03,4.2817564676944642e-03,4.2817564676944642e-03,4.2817564676944642e-03,1.2604837481901126e+00,4.4807570409279290e-01,2.1000018025087583e+00,7.9999710300825788e-01
A,6.6300000000000000e+02,9.0235282144663392e-06,9.0235282144663392e-06,4.2481827207563327e-03,4.2481827207563327e-03,4.2481827207563327e-03,4.2481827207563327e-03,1.2604853537267766e+00,4.4807570744314990e-01,2.1000018028064331e+00,7.9999710248828992e-01
A,6.6400000000000000e+02,8.8825160225424695e-06,8.8825160225424695e-06,4.2148584845858039e-03,4.2148584845858039e-03,4.2148584845858039e-03,4.2148584845858039e-03,1.2604869467647970e+00,4.4807571092815596e-01,2.1000018031017951e+00,7.9999710197234331e-01
A,6.6500000000000000e+02,8.7436508293553533e-06,8.7436508293553533e-06,4.1817821151646228e-03,4.1817821151646228e-03,4.1817821151646228e-03,4.1817821151646228e-03,1.2604885273956492e+00,4.4807571454431833e-01,2.1000018033948611e+00,7.9999710146038894e-01
A,6.6600000000000000e+02,8.6069012502296906e-06,8.6069012502296906e-06,4.1489519761572780e-03,4.1489519761572780e-03,4.1489519761572780e-03,4.1489519761572780e-03,1.2604900957102279e+00,4.4807571828820569e-01,2.1000018036856480e+00,7.9999710095239795e-01
A,6.6700000000000000e+02,8.4722363298792210e-06,8.4722363298792210e-06,4.1163664389554100e-03,4.1163664389554100e-03,4.1163664389554100e-03,4.1163664389554100e-03,1.2604916517988491e+00,4.4807572215644742e-01,2.1000018039741728e+00,7.9999710044834171e-01
A,6.6800000000000000e+02,8.3396255358718050e-06,8.3396255358718050e-06,4.0840238823669495e-03,4.0840238823669495e-03,4.0840238823669495e-03,4.0840238823669495e-03,1.2604931957512533e+00,4.4807572614573254e-01,2.1000018042604514e+00,7.9999709994819179e-01
A,6.6900000000000000e+02,8.2090387559879011e-06,8.2090387559879011e-06,4.0519226932378416e-03,4.0519226932378416e-03,4.0519226932378416e-03,4.0519226932378416e-03,1.2604947276566070e+00,4.4807573025280900e-01,2.1000018045445006e+00,7.9999709945191977e-01
A,6.7000000000000000e+02,8.0804462905146426e-06,8.0804462905146426e-06,4.0200612658303214e-03,4.0200612658303214e-03,4.0200612658303214e-03,4.0200612658303214e-03,1.2604962476035053e+00,4.4807573447448257e-01,2.1000018048263365e+00,7.9999709895949767e-01
A,6.7100000000000000e+02,7.9538188486095560e-06,7.9538188486095560e-06,3.9884380021781851e-03,3.9884380021781851e-03,3.9884380021781851e-03,3.9884380021781851e-03,1.2604977556799750e+00,4.4807573880761625e-01,2.1000018051059754e+00,7.9999709847089739e-01
A,6.7200000000000000e+02,7.8291275434196216e-06,7.8291275434196216e-06,3.9570513121311990e-03,3.9570513121311990e-03,3.9570513121311990e-03,3.9570513121311990e-03,1.2604992519734759e+00,4.4807574324912924e-01,2.1000018053834340e+00,7.9999709798609131e-01
A,6.7300000000000000e+02,7.7063438861991345e-06,7.7063438861991345e-06,3.9258996131330548e-03,3.9258996131330548e-03,3.9258996131330548e-03,3.9258996131330548e-03,1.2605007365709036e+00,4.4807574779599618e-01,2.1000018056587275e+00,7.9999709750505177e-01
A,6.7400000000000000e+02,7.5854397825973191e-06,7.5854397825973191e-06,3.8949813305322323e-03,3.8949813305322323e-03,3.8949813305322323e-03,3.8949813305322323e-03,1.2605022095585925e+00,4.4807575244524622e-01,2.1000018059318721e+00,7.9999709702775124e-01
A,6.7500000000000000e+02,7.4663875260230444e-06,7.4663875260230444e-06,3.8642948971379099e-03,3.8642948971379099e-03,3.8642948971379099e-03,3.8642948971379099e-03,1.2605036710223174e+00,4.4807575719396237e-01,2.1000018062028838e+00,7.9999709655416262e-01
A,6.7600000000000000e+02,7.3491597945481730e-06,7.3491597945481730e-06,3.8338387536640539e-03,3.8338387536640539e-03,3.8338387536640539e-03,3.8338387536640539e-03,1.2605051210472966e+00,4.4807576203928057e-01,2.1000018064717780e+00,7.9999709608425873e-01
A,6.7700000000000000e+02,7.2337296460916143e-06,7.2337296460916143e-06,3.8036113487294188e-03,3.8036113487294188e-03,3.8036113487294188e-03,3.8036113487294188e-03,1.2605065597181937e+00,4.4807576697838886e-01,2.1000018067385704e+00,7.9999709561801258e-01
A,6.7800000000000000e+02,7.1200705119790550e-06,7.1200705119790550e-06,3.7736111384134574e-03,3.7736111384134574e-03,3.7736111384134574e-03,3.7736111384134574e-03,1.2605079871191205e+00,4.4807577200852672e-01,2.1000018070032764e+00,7.9999709515539752e-01
A,6.7900000000000000e+02,7.0081561939582915e-06,7.0081561939582915e-06,3.7438365867004109e-03,3.7438365867004109e-03,3.7438365867004109e-03,3.7438365867004109e-03,1.2605094033336393e+00,4.4807577712698415e-01,2.1000018072659117e+00,7.9999709469638691e-01
A,6.8000000000000000e+02,6.8979608590406485e-06,6.8979608590406485e-06,3.7142861653460812e-03,3.7142861653460812e-03,3.7142861653460812e-03,3.7142861653460812e-03,1.2605108084447654e+00,4.4807578233110107e-01,2.1000018075264917e+00,7.9999709424095444e-01
A,6.8100000000000000e+02,6.7894590347433648e-06,6.7894590347433648e-06,3.6849583538334230e-03,3.6849583538334230e-03,3.6849583538334230e-03,3.6849583538334230e-03,1.2605122025349695e+00,4.4807578761826639e-01,2.1000018077850311e+00,7.9999709378907380e-01
A,6.8200000000000000e+02,6.6826256047138060e-06,6.6826256047138060e-06,3.6558516394169516e-03,3.6558516394169516e-03,3.6558516394169516e-03,3.6558516394169516e-03,1.2605135856861807e+00,4.4807579298591738e-01,2.1000018080415455e+00,7.9999709334071889e-01
A,6.8300000000000000e+02,6.5774358043947790e-06,6.5774358043947790e-06,3.6269645171671527e-03,3.6269645171671527e-03,3.6269645171671527e-03,3.6269645171671527e-03,1.2605149579797879e+00,4.4807579843153883e-01,2.1000018082960494e+00,7.9999709289586385e-01
A,6.8400000000000000e+02,6.4738652159317706e-06,6.4738652159317706e-06,3.5982954897928465e-03,3.5982954897928465e-03,3.5982954897928465e-03,3.5982954897928465e-03,1.2605163194966431e+00,4.4807580395266244e-01,2.1000018085485581e+00,7.9999709245448292e-01
A,6.8500000000000000e+02,6.3718897644270533e-06,6.3718897644270533e-06,3.5698430678188231e-03,3.5698430678188231e-03,3.5698430678188231e-03,3.5698430678188231e-03,1.2605176703170640e+00,4.4807580954686604e-01,2.1000018087990862e+00,7.9999709201655045e-01
A,6.8600000000000000e+02,6.2714857137391431e-06,6.2714857137391431e-06,3.5416057696302516e-03,3.5416057696302516e-03,3.5416057696302516e-03,3.5416057696302516e-03,1.2605190105208359e+00,4.4807581521177287e-01,2.1000018090476487e+00,7.9999709158204113e-01
A,6.8700000000000000e+02,6.1726296612300244e-06,6.1726296612300244e-06,3.5135821212062268e-03,3.5135821212062268e-03,3.5135821212062268e-03,3.5135821212062268e-03,1.2605203401872149e+00,4.4807582094505083e-01,2.1000018092942598e+00,7.9999709115092965e-01
A,6.8800000000000000e+02,6.0752985346164164e-06,6.0752985346164164e-06,3.4857706564306312e-03,3.4857706564306312e-03,3.4857706564306312e-03,3.4857706564306312e-03,1.2605216593949296e+00,4.4807582674441193e-01,2.1000018095389348e+00,7.9999709072319092e-01
A,6.8900000000000000e+02,5.9794695869726451e-06,5.9794695869726451e-06,3.4581699168700908e-03,3.4581699168700908e-03,3.4581699168700908e-03,3.4581699168700908e-03,1.2605229682221841e+00,4.4807583260761147e-01,2.1000018097816873e+00,7.9999709029879995e-01
A,6.9000000000000000e+02,5.8851203924259585e-06,5.8851203924259585e-06,3.4307784517295659e-03,3.4307784517295659e-03,3.4307784517295659e-03,3.4307784517295659e-03,1.2605242667466607e+00,4.4807583853244748e-01,2.1000018100225319e+00,7.9999708987773210e-01
A,6.9100000000000000e+02,5.7922288431137395e-06,5.7922288431137395e-06,3.4035948181632136e-03,3.4035948181632136e-03,3.4035948181632136e-03,3.4035948181632136e-03,1.2605255550455221e+00,4.4807584451675991e-01,2.1000018102614830e+00,7.9999708945996273e-01
A,6.9200000000000000e+02,5.7007731440359859e-06,5.7007731440359859e-06,3.3766175809635257e-03,3.3766175809635257e-03,3.3766175809635257e-03,3.3766175809635257e-03,1.2605268331954138e+00,4.4807585055843013e-01,2.1000018104985547e+00,7.9999708904546740e-01
A,6.9300000000000000e+02,5.6107318090445514e-06,5.6107318090445514e-06,3.3498453125613281e-03,3.3498453125613281e-03,3.3498453125613281e-03,3.3498453125613281e-03,1.2605281012724672e+00,4.4807585665538013e-01,2.1000018107337608e+00,7.9999708863422181e-01
A,6.9400000000000000e+02,5.5220836577620208e-06,5.5220836577620208e-06,3.3232765932922348e-03,3.3232765932922348e-03,3.3232765932922348e-03,3.3232765932922348e-03,1.2605293593523013e+00,4.4807586280557210e-01,2.1000018109671155e+00,7.9999708822620175e-01
A,6.9500000000000000e+02,5.4348078103060120e-06,5.4348078103060120e-06,3.2969100109969673e-03,3.2969100109969673e-03,3.2969100109969673e-03,3.2969100109969673e-03,1.2605306075100262e+00,4.4807586900700752e-01,2.1000018111986325e+00,7.9999708782138335e-01
A,6.9600000000000000e+02,5.3488836845896453e-06,5.3488836845896453e-06,3.2707441613766264e-03,3.2707441613766264e-03,3.2707441613766264e-03,3.2707441613766264e-03,1.2605318458202448e+00,4.4807587525772680e-01,2.1000018114283256e+00,7.9999708741974274e-01
A,6.9700000000000000e+02,5.2642909918801034e-06,5.2642909918801034e-06,3.2447776478150558e-03,3.2447776478150558e-03,3.2447776478150558e-03,3.2447776478150558e-03,1.2605330743570555e+00,4.4807588155580846e-01,2.1000018116562087e+00,7.9999708702125638e-01
A,6.9800000000000000e+02,5.1810097327138262e-06,5.1810097327138262e-06,3.2190090812900252e-03,3.2190090812900252e-03,3.2190090812900252e-03,3.2190090812900252e-03,1.2605342931940555e+00,4.4807588789936864e-01,2.1000018118822954e+00,7.9999708662590063e-01
A,6.9900000000000000e+02,5.0990201937186157e-06,5.0990201937186157e-06,3.1934370805508649e-03,3.1934370805508649e-03,3.1934370805508649e-03,3.1934370805508649e-03,1.2605355024043421e+00,4.4807589428656053e-01,2.1000018121065991e+00,7.9999708623365229e-01
A,7.0000000000000000e+02,5.0183029433249067e-06,5.0183029433249067e-06,3.1680602719408313e-03,3.1680602719408313e-03,3.1680602719408313e-03,3.1680602719408313e-03,1.2605367020605163e+00,4.4807590071557368e-01,2.1000018123291331e+00,7.9999708584448803e-01
A,7.0100000000000000e+02,4.9388388285227649e-06,4.9388388285227649e-06,3.1428772895303325e-03,3.1428772895303325e-03,3.1428772895303325e-03,3.1428772895303325e-03,1.2605378922346846e+00,4.4807590718463347e-01,2.1000018125499107e+00,7.9999708545838488e-01
A,7.0200000000000000e+02,4.8606089705322126e-06,4.8606089705322126e-06,3.1178867748948846e-03,3.1178867748948846e-03,3.1178867748948846e-03,3.1178867748948846e-03,1.2605390729984620e+00,4.4807591369200050e-01,2.1000018127689453e+00,7.9999708507531997e-01
A,7.0300000000000000e+02,4.7835947621959438e-06,4.7835947621959438e-06,3.0930873774259737e-03,3.0930873774259737e-03,3.0930873774259737e-03,3.0930873774259737e-03,1.2605402444229745e+00,4.4807592023597015e-01,2.1000018129862497e+00,7.9999708469527064e-01
A,7.0400000000000000e+02,4.7077778633221375e-06,4.7077778633221375e-06,3.0684777539757846e-03,3.0684777539757846e-03,3.0684777539757846e-03,3.0684777539757846e-03,1.2605414065788614e+00,4.4807592681487185e-01,2.1000018132018372e+00,7.9999708431821415e-01
A,7.0500000000000000e+02,4.6331401977420701e-06,4.6331401977420701e-06,3.0440565690348365e-03,3.0440565690348365e-03,3.0440565690348365e-03,3.0440565690348365e-03,1.2605425595362778e+00,4.4807593342706864e-01,2.1000018134157208e+00,7.9999708394412816e-01
A,7.0600000000000000e+02,4.5596639499787560e-06,4.5596639499787560e-06,3.0198224947763919e-03,3.0198224947763919e-03,3.0198224947763919e-03,3.0198224947763919e-03,1.2605437033648976e+00,4.4807594007095664e-01,2.1000018136279133e+00,7.9999708357299049e-01
A,7.0700000000000000e+02,4.4873315611502719e-06,4.4873315611502719e-06,2.9957742108344121e-03,2.9957742108344121e-03,2.9957742108344121e-03,2.9957742108344121e-03,1.2605448381339157e+00,4.4807594674496443e-01,2.1000018138384271e+00,7.9999708320477880e-01
A,7.0800000000000000e+02,4.4161257259998038e-06,4.4161257259998038e-06,2.9719104044367839e-03,2.9719104044367839e-03,2.9719104044367839e-03,2.9719104044367839e-03,1.2605459639120506e+00,4.4807595344755258e-01,2.1000018140472756e+00,7.9999708283947124e-01
A,7.0900000000000000e+02,4.3460293894211738e-06,4.3460293894211738e-06,2.9482297703609106e-03,2.9482297703609106e-03,2.9482297703609106e-03,2.9482297703609106e-03,1.2605470807675467e+00,4.4807596017721318e-01,2.1000018142544707e+00,7.9999708247704604e-01
A,7.1000000000000000e+02,4.2770257428988988e-06,4.2770257428988988e-06,2.9247310108448943e-03,2.9247310108448943e-03,2.9247310108448943e-03,2.9247310108448943e-03,1.2605481887681771e+00,4.4807596693246921e-01,2.1000018144600254e+00,7.9999708211748144e-01
A,7.1100000000000000e+02,4.2090982221579926e-06,4.2090982221579926e-06,2.9014128358983982e-03,2.9014128358983982e-03,2.9014128358983982e-03,2.9014128358983982e-03,1.2605492879812463e+00,4.4807597371187408e-01,2.1000018146639521e+00,7.9999708176075590e-01
A,7.1200000000000000e+02,4.1422305019956469e-06,4.1422305019956469e-06,2.8782739626365128e-03,2.8782739626365128e-03,2.8782739626365128e-03,2.8782739626365128e-03,1.2605503784735923e+00,4.4807598051401115e-01,2.1000018148662631e+00,7.9999708140684800e-01
A,7.1300000000000000e+02,4.0764064947927107e-06,4.0764064947927107e-06,2.8553131158570721e-03,2.8553131158570721e-03,2.8553131158570721e-03,2.8553131158570721e-03,1.2605514603115895e+00,4.4807598733749326e-01,2.1000018150669706e+00,7.9999708105573664e-01
A,7.1400000000000000e+02,4.0116103468433059e-06,4.0116103468433059e-06,2.8325290278630177e-03,2.8325290278630177e-03,2.8325290278630177e-03,2.8325290278630177e-03,1.2605525335611507e+00,4.4807599418096228e-01,2.1000018152660869e+00,7.9999708070740061e-01
A,7.1500000000000000e+02,3.9478264348700033e-06,3.9478264348700033e-06,2.8099204383291720e-03,2.8099204383291720e-03,2.8099204383291720e-03,2.8099204383291720e-03,1.2605535982877305e+00,4.4807600104308848e-01,2.1000018154636235e+00,7.9999708036181894e-01
A,7.1600000000000000e+02,3.8850393630879633e-06,3.8850393630879633e-06,2.7874860943466473e-03,2.7874860943466473e-03,2.7874860943466473e-03,2.7874860943466473e-03,1.2605546545563271e+00,4.4807600792257019e-01,2.1000018156595930e+00,7.9999708001897085e-01
A,7.1700000000000000e+02,3.8232339600527435e-06,3.8232339600527435e-06,2.7652247503784366e-03,2.7652247503784366e-03,2.7652247503784366e-03,2.7652247503784366e-03,1.2605557024314848e+00,4.4807601481813325e-01,2.1000018158540072e+00,7.9999707967883560e-01
A,7.1800000000000000e+02,3.7623952761580805e-06,3.7623952761580805e-06,2.7431351684370497e-03,2.7431351684370497e-03,2.7431351684370497e-03,2.7431351684370497e-03,1.2605567419772969e+00,4.4807602172853073e-01,2.1000018160468783e+00,7.9999707934139275e-01
A,7.1900000000000000e+02,3.7025085794530102e-06,3.7025085794530102e-06,2.7212161176404237e-03,2.7212161176404237e-03,2.7212161176404237e-03,2.7212161176404237e-03,1.2605577732574080e+00,4.4807602865254220e-01,2.1000018162382177e+00,7.9999707900662187e-01
A,7.2000000000000000e+02,3.6435593538293562e-06,3.6435593538293562e-06,2.6994663746116032e-03,2.6994663746116032e-03,2.6994663746116032e-03,2.6994663746116032e-03,1.2605587963350167e+00,4.4807603558897352e-01,2.1000018164280370e+00,7.9999707867450265e-01
A,7.2100000000000000e+02,3.5855332957636396e-06,3.5855332957636396e-06,2.6778847233455139e-03,2.6778847233455139e-03,2.6778847233455139e-03,2.6778847233455139e-03,1.2605598112728778e+00,4.4807604253665634e-01,2.1000018166163477e+00,7.9999707834501510e-01
A,7.2200000000000000e+02,3.5284163107561269e-06,3.5284163107561269e-06,2.6564699549425086e-03,2.6564699549425086e-03,2.6564699549425086e-03,2.6564699549425086e-03,1.2605608181333048e+00,4.4807604949444757e-01,2.1000018168031618e+00,7.9999707801813924e-01
A,7.2300000000000000e+02,3.4721945118265996e-06,3.4721945118265996e-06,2.6352208680968658e-03,2.6352208680968658e-03,2.6352208680968658e-03,2.6352208680968658e-03,1.2605618169781727e+00,4.4807605646122911e-01,2.1000018169884904e+00,7.9999707769385509e-01
A,7.2400000000000000e+02,3.4168542148461855e-06,3.4168542148461855e-06,2.6141362683862468e-03,2.6141362683862468e-03,2.6141362683862468e-03,2.6141362683862468e-03,1.2605628078689204e+00,4.4807606343590728e-01,2.1000018171723447e+00,7.9999707737214309e-01
A,7.2500000000000000e+02,3.3623819374464514e-06,3.3623819374464514e-06,2.5932149688934203e-03,2.5932149688934203e-03,2.5932149688934203e-03,2.5932149688934203e-03,1.2605637908665530e+00,4.4807607041741254e-01,2.1000018173547361e+00,7.9999707705298362e-01
A,7.2600000000000000e+02,3.3087643952547042e-06,3.3087643952547042e-06,2.5724557898065825e-03,2.5724557898065825e-03,2.5724557898065825e-03,2.5724557898065825e-03,1.2605647660316446e+00,4.4807607740469901e-01,2.1000018175356763e+00,7.9999707673635734e-01
A,7.2700000000000000e+02,3.2559884996843020e-06,3.2559884996843020e-06,2.5518575585969927e-03,2.5518575585969927e-03,2.5518575585969927e-03,2.5518575585969927e-03,1.2605657334243401e+00,4.4807608439674407e-01,2.1000018177151758e+00,7.9999707642224482e-01
A,7.2800000000000000e+02,3.2040413547225369e-06,3.2040413547225369e-06,2.5314191097969285e-03,2.5314191097969285e-03,2.5314191097969285e-03,2.5314191097969285e-03,1.2605666931043584e+00,4.4807609139254800e-01,2.1000018178932458e+00,7.9999707611062698e-01
A,7.2900000000000000e+02,3.1529102546689185e-06,3.1529102546689185e-06,2.5111392851329128e-03,2.5111392851329128e-03,2.5111392851329128e-03,2.5111392851329128e-03,1.2605676451309948e+00,4.4807609839113349e-01,2.1000018180698974e+00,7.9999707580148482e-01
A,7.3000000000000000e+02,3.1025826814453016e-06,3.1025826814453016e-06,2.4910169334813048e-03,2.4910169334813048e-03,2.4910169334813048e-03,2.4910169334813048e-03,1.2605685895631229e+00,4.4807610539154541e-01,2.1000018182451412e+00,7.9999707549479948e-01
A,7.3100000000000000e+02,3.0530463018320540e-06,3.0530463018320540e-06,2.4710509107794820e-03,2.4710509107794820e-03,2.4710509107794820e-03,2.4710509107794820e-03,1.2605695264591976e+00,4.4807611239285033e-01,2.1000018184189884e+00,7.9999707519055208e-01
A,7.3200000000000000e+02,3.0042889651802582e-06,3.0042889651802582e-06,2.4512400801146583e-03,2.4512400801146583e-03,2.4512400801146583e-03,2.4512400801146583e-03,1.2605704558772575e+00,4.4807611939413622e-01,2.1000018185914495e+00,7.9999707488872407e-01
A,7.3300000000000000e+02,2.9562987003871253e-06,2.9562987003871253e-06,2.4315833115018393e-03,2.4315833115018393e-03,2.4315833115018393e-03,2.4315833115018393e-03,1.2605713778749268e+00,4.4807612639451194e-01,2.1000018187625353e+00,7.9999707458929692e-01
A,7.3400000000000000e+02,2.9090637139980528e-06,2.9090637139980528e-06,2.4120794821058666e-03,2.4120794821058666e-03,2.4120794821058666e-03,2.4120794821058666e-03,1.2605722925094183e+00,4.4807613339310703e-01,2.1000018189322560e+00,7.9999707429225231e-01
A,7.3500000000000000e+02,2.8625723871427634e-06,2.8625723871427634e-06,2.3927274759749650e-03,2.3927274759749650e-03,2.3927274759749650e-03,2.3927274759749650e-03,1.2605731998375358e+00,4.4807614038907129e-01,2.1000018191006227e+00,7.9999707399757192e-01
A,7.3600000000000000e+02,2.8168132736905314e-06,2.8168132736905314e-06,2.3735261842627864e-03,2.3735261842627864e-03,2.3735261842627864e-03,2.3735261842627864e-03,1.2605740999156765e+00,4.4807614738157442e-01,2.1000018192676455e+00,7.9999707370523776e-01
A,7.3700000000000000e+02,2.7717750973624844e-06,2.7717750973624844e-06,2.3544745050063653e-03,2.3544745050063653e-03,2.3544745050063653e-03,2.3544745050063653e-03,1.2605749927998329e+00,4.4807615436980569e-01,2.1000018194333347e+00,7.9999707341523174e-01
A,7.3800000000000000e+02,2.7274467495196928e-06,2.7274467495196928e-06,2.3355713431705283e-03,2.3355713431705283e-03,2.3355713431705283e-03,2.3355713431705283e-03,1.2605758785455958e+00,4.4807616135297362e-01,2.1000018195977006e+00,7.9999707312753610e-01
A,7.3900000000000000e+02,2.6838172868708852e-06,2.6838172868708852e-06,2.3168156106478932e-03,2.3168156106478932e-03,2.3168156106478932e-03,2.3168156106478932e-03,1.2605767572081568e+00,4.4807616833030561e-01,2.1000018197607533e+00,7.9999707284213306e-01
A,7.4000000000000000e+02,2.6408759290033960e-06,2.6408759290033960e-06,2.2982062261700520e-03,2.2982062261700520e-03,2.2982062261700520e-03,2.2982062261700520e-03,1.2605776288423101e+00,4.4807617530104765e-01,2.1000018199225030e+00,7.9999707255900498e-01
A,7.4100000000000000e+02,2.5986120563559996e-06,2.5986120563559996e-06,2.2797421153963882e-03,2.2797421153963882e-03,2.2797421153963882e-03,2.2797421153963882e-03,1.2605784935024551e+00,4.4807618226446394e-01,2.1000018200829600e+00,7.9999707227813444e-01
A,7.4200000000000000e+02,2.5570152074051918e-06,2.5570152074051918e-06,2.2614222106476234e-03,2.2614222106476234e-03,2.2614222106476234e-03,2.2614222106476234e-03,1.2605793512425991e+00,4.4807618921983655e-01,2.1000018202421340e+00,7.9999707199950398e-01
A,7.4300000000000000e+02,2.5160750775010234e-06,2.5160750775010234e-06,2.2432454513499067e-03,2.2432454513499067e-03,2.2432454513499067e-03,2.2432454513499067e-03,1.2605802021163597e+00,4.4807619616646521e-01,2.1000018204000352e+00,7.9999707172309653e-01
A,7.4400000000000000e+02,2.4757815150124904e-06,2.4757815150124904e-06,2.2252107832798629e-03,2.2252107832798629e-03,2.2252107832798629e-03,2.2252107832798629e-03,1.2605810461769664e+00,4.4807620310366691e-01,2.1000018205566735e+00,7.9999707144889487e-01
A,7.4500000000000000e+02,2.4361245209132505e-06,2.4361245209132505e-06,2.2073171593195440e-03,2.2073171593195440e-03,2.2073171593195440e-03,2.2073171593195440e-03,1.2605818834772640e+00,4.4807621003077563e-01,2.1000018207120581e+00,7.9999707117688201e-01
A,7.4600000000000000e+02,2.3970942454916498e-06,2.3970942454916498e-06,2.1895635389235224e-03,2.1895635389235224e-03,2.1895635389235224e-03,2.1895635389235224e-03,1.2605827140697141e+00,4.4807621694714206e-01,2.1000018208661992e+00,7.9999707090704109e-01
A,7.4700000000000000e+02,2.3586809863968970e-06,2.3586809863968970e-06,2.1719488881632998e-03,2.1719488881632998e-03,2.1719488881632998e-03,2.1719488881632998e-03,1.2605835380063981e+00,4.4807622385213325e-01,2.1000018210191063e+00,7.9999707063935543e-01
A,7.4800000000000000e+02,2.3208751869921776e-06,2.3208751869921776e-06,2.1544721799049427e-03,2.1544721799049427e-03,2.1544721799049427e-03,2.1544721799049427e-03,1.2605843553390190e+00,4.4807623074513231e-01,2.1000018211707889e+00,7.9999707037380829e-01
A,7.4900000000000000e+02,2.2836674340493465e-06,2.2836674340493465e-06,2.1371323936758557e-03,2.1371323936758557e-03,2.1371323936758557e-03,2.1371323936758557e-03,1.2605851661189043e+00,4.4807623762553817e-01,2.1000018213212570e+00,7.9999707011038323e-01
A,7.5000000000000000e+02,2.2470484551994800e-06,2.2470484551994800e-06,2.1199285153983283e-03,2.1199285153983283e-03,2.1199285153983283e-03,2.1199285153983283e-03,1.2605859703970075e+00,4.4807624449276534e-01,2.1000018214705194e+00,7.9999706984906394e-01
A,7.5100000000000000e+02,2.2110091178355345e-06,2.2110091178355345e-06,2.1028595377892145e-03,2.1028595377892145e-03,2.1028595377892145e-03,2.1028595377892145e-03,1.2605867682239114e+00,4.4807625134624346e-01,2.1000018216185858e+00,7.9999706958983408e-01
A,7.5200000000000000e+02,2.1755404264228711e-06,2.1755404264228711e-06,2.0859244600046623e-03,2.0859244600046623e-03,2.0859244600046623e-03,2.0859244600046623e-03,1.2605875596498297e+00,4.4807625818541719e-01,2.1000018217654652e+00,7.9999706933267745e-01
A,7.5300000000000000e+02,2.1406335210639644e-06,2.1406335210639644e-06,2.0691222878621573e-03,2.0691222878621573e-03,2.0691222878621573e-03,2.0691222878621573e-03,1.2605883447246096e+00,4.4807626500974590e-01,2.1000018219111669e+00,7.9999706907757806e-01
A,7.5400000000000000e+02,2.1062796747877269e-06,2.1062796747877269e-06,2.0524520334408436e-03,2.0524520334408436e-03,2.0524520334408436e-03,2.0524520334408436e-03,1.2605891234977340e+00,4.4807627181870335e-01,2.1000018220557002e+00,7.9999706882451993e-01
A,7.5500000000000000e+02,2.0724702926194355e-06,2.0724702926194355e-06,2.0359127155256118e-03,2.0359127155256118e-03,2.0359127155256118e-03,2.0359127155256118e-03,1.2605898960183237e+00,4.4807627861177751e-01,2.1000018221990744e+00,7.9999706857348729e-01
A,7.5600000000000000e+02,2.0391969087456580e-06,2.0391969087456580e-06,2.0195033591186018e-03,2.0195033591186018e-03,2.0195033591186018e-03,2.0195033591186018e-03,1.2605906623351399e+00,4.4807628538847016e-01,2.1000018223412980e+00,7.9999706832446449e-01
A,7.5700000000000000e+02,2.0064511857067758e-06,2.0064511857067758e-06,2.0032229959277004e-03,2.0032229959277004e-03,2.0032229959277004e-03,2.0032229959277004e-03,1.2605914224965864e+00,4.4807629214829686e-01,2.1000018224823802e+00,7.9999706807743587e-01
A,7.5800000000000000e+02,1.9742249111811455e-06,1.9742249111811455e-06,1.9870706636559987e-03,1.9870706636559987e-03,1.9870706636559987e-03,1.9870706636559987e-03,1.2605921765507118e+00,4.4807629889078643e-01,2.1000018226223300e+00,7.9999706783238600e-01
A,7.5900000000000000e+02,1.9425099978359612e-06,1.9425099978359612e-06,1.9710454068011529e-03,1.9710454068011529e-03,1.9710454068011529e-03,1.9710454068011529e-03,1.2605929245452117e+00,4.4807630561548095e-01,2.1000018227611563e+00,7.9999706758929945e-01
A,7.6000000000000000e+02,1.9112984798231868e-06,1.9112984798231868e-06,1.9551462757672056e-03,1.9551462757672056e-03,1.9551462757672056e-03,1.9551462757672056e-03,1.2605936665274309e+00,4.4807631232193540e-01,2.1000018228988675e+00,7.9999706734816112e-01
A,7.6100000000000000e+02,1.8805825123098348e-06,1.8805825123098348e-06,1.9393723274863106e-03,1.9393723274863106e-03,1.9393723274863106e-03,1.9393723274863106e-03,1.2605944025443661e+00,4.4807631900971734e-01,2.1000018230354724e+00,7.9999706710895579e-01
A,7.6200000000000000e+02,1.8503543691759591e-06,1.8503543691759591e-06,1.9237226251078710e-03,1.9237226251078710e-03,1.9237226251078710e-03,1.9237226251078710e-03,1.2605951326426672e+00,4.4807632567840688e-01,2.1000018231709801e+00,7.9999706687166838e-01
A,7.6300000000000000e+02,1.8206064416101102e-06,1.8206064416101102e-06,1.9081962381317652e-03,1.9081962381317652e-03,1.9081962381317652e-03,1.9081962381317652e-03,1.2605958568686406e+00,4.4807633232759625e-01,2.1000018233053983e+00,7.9999706663628412e-01
A,7.6400000000000000e+02,1.7913312358722125e-06,1.7913312358722125e-06,1.8927922420974852e-03,1.8927922420974852e-03,1.8927922420974852e-03,1.8927922420974852e-03,1.2605965752682506e+00,4.4807633895688970e-01,2.1000018234387361e+00,7.9999706640278812e-01
A,7.6500000000000000e+02,1.7625213719390756e-06,1.7625213719390756e-06,1.8775097187173628e-03,1.8775097187173628e-03,1.8775097187173628e-03,1.8775097187173628e-03,1.2605972878871219e+00,4.4807634556590320e-01,2.1000018235710018e+00,7.9999706617116562e-01
A,7.6600000000000000e+02,1.7341695821573627e-06,1.7341695821573627e-06,1.8623477560097967e-03,1.8623477560097967e-03,1.8623477560097967e-03,1.8623477560097967e-03,1.2605979947705419e+00,4.4807635215426433e-01,2.1000018237022040e+00,7.9999706594140207e-01
A,7.6700000000000000e+02,1.7062687091658297e-06,1.7062687091658297e-06,1.8473054480327988e-03,1.8473054480327988e-03,1.8473054480327988e-03,1.8473054480327988e-03,1.2605986959634627e+00,4.4807635872161189e-01,2.1000018238323510e+00,7.9999706571348306e-01
A,7.6800000000000000e+02,1.6788117041865804e-06,1.6788117041865804e-06,1.8323818947951764e-03,1.8323818947951764e-03,1.8323818947951764e-03,1.8323818947951764e-03,1.2605993915105036e+00,4.4807636526759576e-01,2.1000018239614509e+00,7.9999706548739413e-01
A,7.6900000000000000e+02,1.6517916262310887e-06,1.6517916262310887e-06,1.8175762026562126e-03,1.8175762026562126e-03,1.8175762026562126e-03,1.8175762026562126e-03,1.2606000814559524e+00,4.4807637179187682e-01,2.1000018240895120e+00,7.9999706526312109e-01
A,7.7000000000000000e+02,1.6252016396082927e-06,1.6252016396082927e-06,1.8028874837927589e-03,1.8028874837927589e-03,1.8028874837927589e-03,1.8028874837927589e-03,1.2606007658437683e+00,4.4807637829412655e-01,2.1000018242165424e+00,7.9999706504064971e-01
A,7.7100000000000000e+02,1.5990350129279494e-06,1.5990350129279494e-06,1.7883148564656892e-03,1.7883148564656892e-03,1.7883148564656892e-03,1.7883148564656892e-03,1.2606014447175844e+00,4.4807638477402695e-01,2.1000018243425500e+00,7.9999706481996591e-01
A,7.7200000000000000e+02,1.5732851173899377e-06,1.5732851173899377e-06,1.7738574448866729e-03,1.7738574448866729e-03,1.7738574448866729e-03,1.7738574448866729e-03,1.2606021181207090e+00,4.4807639123127024e-01,2.1000018244675429e+00,7.9999706460105569e-01
A,7.7300000000000000e+02,1.5479454251814827e-06,1.5479454251814827e-06,1.7595143791293566e-03,1.7595143791293566e-03,1.7595143791293566e-03,1.7595143791293566e-03,1.2606027860961277e+00,4.4807639766555879e-01,2.1000018245915291e+00,7.9999706438390528e-01
A,7.7400000000000000e+02,1.5230095085199118e-06,1.5230095085199118e-06,1.7452847953958184e-03,1.7452847953958184e-03,1.7452847953958184e-03,1.7452847953958184e-03,1.2606034486865065e+00,4.4807640407660482e-01,2.1000018247145165e+00,7.9999706416850092e-01
A,7.7500000000000000e+02,1.4984710375372283e-06,1.4984710375372283e-06,1.7311678356168869e-03,1.7311678356168869e-03,1.7311678356168869e-03,1.7311678356168869e-03,1.2606041059341928e+00,4.4807641046413027e-01,2.1000018248365131e+00,7.9999706395482895e-01
A,7.7600000000000000e+02,1.4743237789024243e-06,1.4743237789024243e-06,1.7171626474521418e-03,1.7171626474521418e-03,1.7171626474521418e-03,1.7171626474521418e-03,1.2606047578812183e+00,4.4807641682786653e-01,2.1000018249575265e+00,7.9999706374287571e-01
A,7.7700000000000000e+02,1.4505615952171888e-06,1.4505615952171888e-06,1.7032683847340024e-03,1.7032683847340024e-03,1.7032683847340024e-03,1.7032683847340024e-03,1.2606054045693003e+00,4.4807642316755436e-01,2.1000018250775647e+00,7.9999706353262789e-01
A,7.7800000000000000e+02,1.4271784424409787e-06,1.4271784424409787e-06,1.6894842067571858e-03,1.6894842067571858e-03,1.6894842067571858e-03,1.6894842067571858e-03,1.2606060460398447e+00,4.4807642948294368e-01,2.1000018251966348e+00,7.9999706332407206e-01
A,7.7900000000000000e+02,1.4041683694011283e-06,1.4041683694011283e-06,1.6758092787672041e-03,1.6758092787672041e-03,1.6758092787672041e-03,1.6758092787672041e-03,1.2606066823339475e+00,4.4807643577379330e-01,2.1000018253147448e+00,7.9999706311719498e-01
A,7.8000000000000000e+02,1.3815255160243285e-06,1.3815255160243285e-06,1.6622427716939114e-03,1.6622427716939114e-03,1.6622427716939114e-03,1.6622427716939114e-03,1.2606073134923967e+00,4.4807644203987090e-01,2.1000018254319022e+00,7.9999706291198347e-01
A,7.8100000000000000e+02,1.3592441121188353e-06,1.3592441121188353e-06,1.6487838621959128e-03,1.6487838621959128e-03,1.6487838621959128e-03,1.6487838621959128e-03,1.2606079395556751e+00,4.4807644828095272e-01,2.1000018255481145e+00,7.9999706270842441e-01
A,7.8200000000000000e+02,1.3373184758060559e-06,1.3373184758060559e-06,1.6354317324829282e-03,1.6354317324829282e-03,1.6354317324829282e-03,1.6354317324829282e-03,1.2606085605639612e+00,4.4807645449682343e-01,2.1000018256633894e+00,7.9999706250650493e-01
A,7.8300000000000000e+02,1.3157430127026241e-06,1.3157430127026241e-06,1.6221855705822463e-03,1.6221855705822463e-03,1.6221855705822463e-03,1.6221855705822463e-03,1.2606091765571326e+00,4.4807646068727597e-01,2.1000018257777340e+00,7.9999706230621215e-01
A,7.8400000000000000e+02,1.2945122142395298e-06,1.2945122142395298e-06,1.6090445700722711e-03,1.6090445700722711e-03,1.6090445700722711e-03,1.6090445700722711e-03,1.2606097875747668e+00,4.4807646685211144e-01,2.1000018258911557e+00,7.9999706210753330e-01
A,7.8500000000000000e+02,1.2736206564431472e-06,1.2736206564431472e-06,1.5960079300825214e-03,1.5960079300825214e-03,1.5960079300825214e-03,1.5960079300825214e-03,1.2606103936561439e+00,4.4807647299113890e-01,2.1000018260036617e+00,7.9999706191045572e-01
A,7.8600000000000000e+02,1.2530629988017785e-06,1.2530629988017785e-06,1.5830748553380403e-03,1.5830748553380403e-03,1.5830748553380403e-03,1.5830748553380403e-03,1.2606109948402484e+00,4.4807647910417514e-01,2.1000018261152591e+00,7.9999706171496676e-01
A,7.8700000000000000e+02,1.2328339827951758e-06,1.2328339827951758e-06,1.5702445559817590e-03,1.5702445559817590e-03,1.5702445559817590e-03,1.5702445559817590e-03,1.2606115911657714e+00,4.4807648519104459e-01,2.1000018262259554e+00,7.9999706152105399e-01
A,7.8800000000000000e+02,1.2129284312826125e-06,1.2129284312826125e-06,1.5575162479297688e-03,1.5575162479297688e-03,1.5575162479297688e-03,1.5575162479297688e-03,1.2606121826711121e+00,4.4807649125157917e-01,2.1000018263357574e+00,7.9999706132870496e-01
A,7.8900000000000000e+02,1.1933412463006302e-06,1.1933412463006302e-06,1.5448891522051866e-03,1.5448891522051866e-03,1.5448891522051866e-03,1.5448891522051866e-03,1.2606127693943803e+00,4.4807649728561810e-01,2.1000018264446720e+00,7.9999706113790736e-01
A,7.9000000000000000e+02,1.1740674088992519e-06,1.1740674088992519e-06,1.5323624955598802e-03,1.5323624955598802e-03,1.5323624955598802e-03,1.5323624955598802e-03,1.2606133513733979e+00,4.4807650329300786e-01,2.1000018265527070e+00,7.9999706094864909e-01
A,7.9100000000000000e+02,1.1551019772581556e-06,1.1551019772581556e-06,1.5199355099859702e-03,1.5199355099859702e-03,1.5199355099859702e-03,1.5199355099859702e-03,1.2606139286457012e+00,4.4807650927360182e-01,2.1000018266598688e+00,7.9999706076091792e-01
A,7.9200000000000000e+02,1.1364400859247633e-06,1.1364400859247633e-06,1.5076074329378741e-03,1.5076074329378741e-03,1.5076074329378741e-03,1.5076074329378741e-03,1.2606145012485430e+00,4.4807651522726039e-01,2.1000018267661642e+00,7.9999706057470188e-01
A,7.9300000000000000e+02,1.1180769443856517e-06,1.1180769443856517e-06,1.4953775071102626e-03,1.4953775071102626e-03,1.4953775071102626e-03,1.4953775071102626e-03,1.2606150692188938e+00,4.4807652115385060e-01,2.1000018268716003e+00,7.9999706038998897e-01
A,7.9400000000000000e+02,1.1000078363925645e-06,1.1000078363925645e-06,1.4832449807045123e-03,1.4832449807045123e-03,1.4832449807045123e-03,1.4832449807045123e-03,1.2606156325934446e+00,4.4807652705324619e-01,2.1000018269761838e+00,7.9999706020676742e-01
A,7.9500000000000000e+02,1.0822281182372367e-06,1.0822281182372367e-06,1.4712091069846167e-03,1.4712091069846167e-03,1.4712091069846167e-03,1.4712091069846167e-03,1.2606161914086080e+00,4.4807653292532723e-01,2.1000018270799212e+00,7.9999706002502535e-01
A,7.9600000000000000e+02,1.0647332181733681e-06,1.0647332181733681e-06,1.4592691445880490e-03,1.4592691445880490e-03,1.4592691445880490e-03,1.4592691445880490e-03,1.2606167457005211e+00,4.4807653876998027e-01,2.1000018271828198e+00,7.9999705984475122e-01
A,7.9700000000000000e+02,1.0475186352508749e-06,1.0475186352508749e-06,1.4474243574369439e-03,1.4474243574369439e-03,1.4474243574369439e-03,1.4474243574369439e-03,1.2606172955050463e+00,4.4807654458709795e-01,2.1000018272848857e+00,7.9999705966593337e-01
A,7.9800000000000000e+02,1.0305799380420766e-06,1.0305799380420766e-06,1.4356740145604618e-03,1.4356740145604618e-03,1.4356740145604618e-03,1.4356740145604618e-03,1.2606178408577737e+00,4.4807655037657906e-01,2.1000018273861256e+00,7.9999705948856026e-01
A,7.9900000000000000e+02,1.0139127637726660e-06,1.0139127637726660e-06,1.4240173901836073e-03,1.4240173901836073e-03,1.4240173901836073e-03,1.4240173901836073e-03,1.2606183817940233e+00,4.4807655613832825e-01,2.1000018274865462e+00,7.9999705931262055e-01
A,8.0000000000000000e+02,9.9751281733360646e-07,9.9751281733360646e-07,1.4124537637272283e-03,1.4124537637272283e-03,1.4124537637272283e-03,1.4124537637272283e-03,1.2606189183488463e+00,4.4807656187225609e-01,2.1000018275861541e+00,7.9999705913810293e-01
A,8.0100000000000000e+02,9.8137586999448239e-07,9.8137586999448239e-07,1.4009824195859721e-03,1.4009824195859721e-03,1.4009824195859721e-03,1.4009824195859721e-03,1.2606194505570272e+00,4.4807656757827874e-01,2.1000018276849555e+00,7.9999705896499607e-01
A,8.0200000000000000e+02,9.6549775894665485e-07,9.6549775894665485e-07,1.3896026474835566e-03,1.3896026474835566e-03,1.3896026474835566e-03,1.3896026474835566e-03,1.2606199784530856e+00,4.4807657325631794e-01,2.1000018277829566e+00,7.9999705879328886e-01
A,8.0300000000000000e+02,9.4987438542650506e-07,9.4987438542650506e-07,1.3783137418066360e-03,1.3783137418066360e-03,1.3783137418066360e-03,1.3783137418066360e-03,1.2606205020712782e+00,4.4807657890630098e-01,2.1000018278801642e+00,7.9999705862297021e-01
A,8.0400000000000000e+02,9.3450171483855423e-07,9.3450171483855423e-07,1.3671150023597534e-03,1.3671150023597534e-03,1.3671150023597534e-03,1.3671150023597534e-03,1.2606210214456004e+00,4.4807658452816040e-01,2.1000018279765844e+00,7.9999705845402924e-01
A,8.0500000000000000e+02,9.1937577497277969e-07,9.1937577497277969e-07,1.3560057337436149e-03,1.3560057337436149e-03,1.3560057337436149e-03,1.3560057337436149e-03,1.2606215366097884e+00,4.4807659012183393e-01,2.1000018280722235e+00,7.9999705828645495e-01
A,8.0600000000000000e+02,9.0449265529063428e-07,9.0449265529063428e-07,1.3449852454883171e-03,1.3449852454883171e-03,1.3449852454883171e-03,1.3449852454883171e-03,1.2606220475973204e+00,4.4807659568726449e-01,2.1000018281670876e+00,7.9999705812023647e-01
A,8.0700000000000000e+02,8.8984850633205367e-07,8.8984850633205367e-07,1.3340528522753914e-03,1.3340528522753914e-03,1.3340528522753914e-03,1.3340528522753914e-03,1.2606225544414194e+00,4.4807660122439991e-01,2.1000018282611830e+00,7.9999705795536313e-01
A,8.0800000000000000e+02,8.7543953812035478e-07,8.7543953812035478e-07,1.3232078734048969e-03,1.3232078734048969e-03,1.3232078734048969e-03,1.3232078734048969e-03,1.2606230571750539e+00,4.4807660673319294e-01,2.1000018283545154e+00,7.9999705779182428e-01
A,8.0900000000000000e+02,8.6126202001183071e-07,8.6126202001183071e-07,1.3124496333283275e-03,1.3124496333283275e-03,1.3124496333283275e-03,1.3124496333283275e-03,1.2606235558309402e+00,4.4807661221360118e-01,2.1000018284470916e+00,7.9999705762960927e-01
A,8.1000000000000000e+02,8.4731227907661507e-07,8.4731227907661507e-07,1.3017774610712962e-03,1.3017774610712962e-03,1.3017774610712962e-03,1.3017774610712962e-03,1.2606240504415447e+00,4.4807661766558676e-01,2.1000018285389173e+00,7.9999705746870764e-01
A,8.1100000000000000e+02,8.3358669990362002e-07,8.3358669990362002e-07,1.2911906907220327e-03,1.2911906907220327e-03,1.2911906907220327e-03,1.2911906907220327e-03,1.2606245410390844e+00,4.4807662308911644e-01,2.1000018286299982e+00,7.9999705730910908e-01
A,8.1200000000000000e+02,8.2008172324758897e-07,8.2008172324758897e-07,1.2806886610317036e-03,1.2806886610317036e-03,1.2806886610317036e-03,1.2806886610317036e-03,1.2606250276555298e+00,4.4807662848416147e-01,2.1000018287203401e+00,7.9999705715080316e-01
A,8.1300000000000000e+02,8.0679384533254393e-07,8.0679384533254393e-07,1.2702707155032300e-03,1.2702707155032300e-03,1.2702707155032300e-03,1.2702707155032300e-03,1.2606255103226061e+00,4.4807663385069740e-01,2.1000018288099493e+00,7.9999705699377954e-01
A,8.1400000000000000e+02,7.9371961721594684e-07,7.9371961721594684e-07,1.2599362025245142e-03,1.2599362025245142e-03,1.2599362025245142e-03,1.2599362025245142e-03,1.2606259890717948e+00,4.4807663918870411e-01,2.1000018288988316e+00,7.9999705683802813e-01
A,8.1500000000000000e+02,7.8085564354446943e-07,7.8085564354446943e-07,1.2496844750131686e-03,1.2496844750131686e-03,1.2496844750131686e-03,1.2496844750131686e-03,1.2606264639343359e+00,4.4807664449816559e-01,2.1000018289869926e+00,7.9999705668353882e-01
A,8.1600000000000000e+02,7.6819858205736070e-07,7.6819858205736070e-07,1.2395148906385600e-03,1.2395148906385600e-03,1.2395148906385600e-03,1.2395148906385600e-03,1.2606269349412293e+00,4.4807664977906997e-01,2.1000018290744382e+00,7.9999705653030151e-01
A,8.1700000000000000e+02,7.5574514275857251e-07,7.5574514275857251e-07,1.2294268117774010e-03,1.2294268117774010e-03,1.2294268117774010e-03,1.2294268117774010e-03,1.2606274021232367e+00,4.4807665503140925e-01,2.1000018291611742e+00,7.9999705637830631e-01
A,8.1800000000000000e+02,7.4349208683073576e-07,7.4349208683073576e-07,1.2194196052472961e-03,1.2194196052472961e-03,1.2194196052472961e-03,1.2194196052472961e-03,1.2606278655108827e+00,4.4807666025517939e-01,2.1000018292472062e+00,7.9999705622754336e-01
A,8.1900000000000000e+02,7.3143622627305813e-07,7.3143622627305813e-07,1.2094926426176045e-03,1.2094926426176045e-03,1.2094926426176045e-03,1.2094926426176045e-03,1.2606283251344574e+00,4.4807666545038016e-01,2.1000018293325398e+00,7.9999705607800287e-01
A,8.2000000000000000e+02,7.1957442294419867e-07,7.1957442294419867e-07,1.1996453000318041e-03,1.1996453000318041e-03,1.1996453000318041e-03,1.1996453000318041e-03,1.2606287810240173e+00,4.4807667061701500e-01,2.1000018294171805e+00,7.9999705592967507e-01
A,8.2100000000000000e+02,7.0790358773087447e-07,7.0790358773087447e-07,1.1898769581186741e-03,1.1898769581186741e-03,1.1898769581186741e-03,1.1898769581186741e-03,1.2606292332093871e+00,4.4807667575509097e-01,2.1000018295011338e+00,7.9999705578255031e-01
A,8.2200000000000000e+02,6.9642067973095837e-07,6.9642067973095837e-07,1.1801870019034766e-03,1.1801870019034766e-03,1.1801870019034766e-03,1.1801870019034766e-03,1.2606296817201619e+00,4.4807668086461871e-01,2.1000018295844050e+00,7.9999705563661905e-01
A,8.2300000000000000e+02,6.8512270597066196e-07,6.8512270597066196e-07,1.1705748211632283e-03,1.1705748211632283e-03,1.1705748211632283e-03,1.1705748211632283e-03,1.2606301265857083e+00,4.4807668594561223e-01,2.1000018296669998e+00,7.9999705549187172e-01
A,8.2400000000000000e+02,6.7400672007910806e-07,6.7400672007910806e-07,1.1610398098937935e-03,1.1610398098937935e-03,1.1610398098937935e-03,1.1610398098937935e-03,1.2606305678351659e+00,4.4807669099808894e-01,2.1000018297489236e+00,7.9999705534829901e-01
A,8.2500000000000000e+02,6.6306982192291244e-07,6.6306982192291244e-07,1.1515813665763375e-03,1.1515813665763375e-03,1.1515813665763375e-03,1.1515813665763375e-03,1.2606310054974497e+00,4.4807669602206956e-01,2.1000018298301817e+00,7.9999705520589148e-01
A,8.2600000000000000e+02,6.5230915687922989e-07,6.5230915687922989e-07,1.1421988941329175e-03,1.1421988941329175e-03,1.1421988941329175e-03,1.1421988941329175e-03,1.2606314396012508e+00,4.4807670101757802e-01,2.1000018299107794e+00,7.9999705506463981e-01
A,8.2700000000000000e+02,6.4172191506971231e-07,6.4172191506971231e-07,1.1328917998376653e-03,1.1328917998376653e-03,1.1328917998376653e-03,1.1328917998376653e-03,1.2606318701750385e+00,4.4807670598464133e-01,2.1000018299907222e+00,7.9999705492453488e-01
A,8.2800000000000000e+02,6.3130533065788737e-07,6.3130533065788737e-07,1.1236594952723777e-03,1.1236594952723777e-03,1.1236594952723777e-03,1.1236594952723777e-03,1.2606322972470621e+00,4.4807671092328960e-01,2.1000018300700152e+00,7.9999705478556749e-01
A,8.2900000000000000e+02,6.2105668125637205e-07,6.2105668125637205e-07,1.1145013963709260e-03,1.1145013963709260e-03,1.1145013963709260e-03,1.1145013963709260e-03,1.2606327208453516e+00,4.4807671583355585e-01,2.1000018301486634e+00,7.9999705464772852e-01
A,8.3000000000000000e+02,6.1097328724175594e-07,6.1097328724175594e-07,1.1054169233748468e-03,1.1054169233748468e-03,1.1054169233748468e-03,1.1054169233748468e-03,1.2606331409977203e+00,4.4807672071547605e-01,2.1000018302266721e+00,7.9999705451100900e-01
A,8.3100000000000000e+02,6.0105251108011529e-07,6.0105251108011529e-07,1.0964055007889328e-03,1.0964055007889328e-03,1.0964055007889328e-03,1.0964055007889328e-03,1.2606335577317660e+00,4.4807672556908901e-01,2.1000018303040466e+00,7.9999705437540003e-01
A,8.3200000000000000e+02,5.9129175656641634e-07,5.9129175656641634e-07,1.0874665572480069e-03,1.0874665572480069e-03,1.0874665572480069e-03,1.0874665572480069e-03,1.2606339710748722e+00,4.4807673039443630e-01,2.1000018303807919e+00,7.9999705424089274e-01
A,8.3300000000000000e+02,5.8168846846216094e-07,5.8168846846216094e-07,1.0785995257389658e-03,1.0785995257389658e-03,1.0785995257389658e-03,1.0785995257389658e-03,1.2606343810542100e+00,4.4807673519156210e-01,2.1000018304569128e+00,7.9999705410747823e-01
A,8.3400000000000000e+02,5.7224013155893988e-07,5.7224013155893988e-07,1.0698038432899182e-03,1.0698038432899182e-03,1.0698038432899182e-03,1.0698038432899182e-03,1.2606347876967396e+00,4.4807673996051334e-01,2.1000018305324142e+00,7.9999705397514786e-01
A,8.3500000000000000e+02,5.6294427037872189e-07,5.6294427037872189e-07,1.0610789512366381e-03,1.0610789512366381e-03,1.0610789512366381e-03,1.0610789512366381e-03,1.2606351910292122e+00,4.4807674470133935e-01,2.1000018306073014e+00,7.9999705384389297e-01
A,8.3600000000000000e+02,5.5379844826019696e-07,5.5379844826019696e-07,1.0524242949117024e-03,1.0524242949117024e-03,1.0524242949117024e-03,1.0524242949117024e-03,1.2606355910781704e+00,4.4807674941409203e-01,2.1000018306815793e+00,7.9999705371370500e-01
A,8.3700000000000000e+02,5.4480026693236153e-07,5.4480026693236153e-07,1.0438393237777177e-03,1.0438393237777177e-03,1.0438393237777177e-03,1.0438393237777177e-03,1.2606359878699507e+00,4.4807675409882575e-01,2.1000018307552528e+00,7.9999705358457529e-01
A,8.3800000000000000e+02,5.3594736604258332e-07,5.3594736604258332e-07,1.0353234915161380e-03,1.0353234915161380e-03,1.0353234915161380e-03,1.0353234915161380e-03,1.2606363814306849e+00,4.4807675875559710e-01,2.1000018308283264e+00,7.9999705345649552e-01
A,8.3900000000000000e+02,5.2723742214026169e-07,5.2723742214026169e-07,1.0268762555831756e-03,1.0268762555831756e-03,1.0268762555831756e-03,1.0268762555831756e-03,1.2606367717863014e+00,4.4807676338446506e-01,2.1000018309008053e+00,7.9999705332945725e-01
A,8.4000000000000000e+02,5.1866814863998779e-07,5.1866814863998779e-07,1.0184970776982993e-03,1.0184970776982993e-03,1.0184970776982993e-03,1.0184970776982993e-03,1.2606371589625267e+00,4.4807676798549084e-01,2.1000018309726940e+00,7.9999705320345205e-01
A,8.4100000000000000e+02,5.1023729491478761e-07,5.1023729491478761e-07,1.0101854234889629e-03,1.0101854234889629e-03,1.0101854234889629e-03,1.0101854234889629e-03,1.2606375429848866e+00,4.4807677255873779e-01,2.1000018310439974e+00,7.9999705307847180e-01
A,8.4200000000000000e+02,5.0194264577012767e-07,5.0194264577012767e-07,1.0019407624906052e-03,1.0019407624906052e-03,1.0019407624906052e-03,1.0019407624906052e-03,1.2606379238787082e+00,4.4807677710427135e-01,2.1000018311147204e+00,7.9999705295450818e-01
A,8.4300000000000000e+02,4.9378202110124028e-07,4.9378202110124028e-07,9.9376256832428567e-04,9.9376256832428567e-04,9.9376256832428567e-04,9.9376256832428567e-04,1.2606383016691209e+00,4.4807678162215903e-01,2.1000018311848674e+00,7.9999705283155309e-01
A,8.4400000000000000e+02,4.8575327519835139e-07,4.8575327519835139e-07,9.8565031851904905e-04,9.8565031851904905e-04,9.8565031851904905e-04,9.8565031851904905e-04,1.2606386763810584e+00,4.4807678611247037e-01,2.1000018312544428e+00,7.9999705270959842e-01
A,8.4500000000000000e+02,4.7785429589364911e-07,4.7785429589364911e-07,9.7760349415665360e-04,9.7760349415665360e-04,9.7760349415665360e-04,9.7760349415665360e-04,1.2606390480392593e+00,4.4807679057527683e-01,2.1000018313234516e+00,7.9999705258863618e-01
A,8.4600000000000000e+02,4.7008300489445803e-07,4.7008300489445803e-07,9.6962158071534077e-04,9.6962158071534077e-04,9.6962158071534077e-04,9.6962158071534077e-04,1.2606394166682693e+00,4.4807679501065167e-01,2.1000018313918982e+00,7.9999705246865849e-01
A,8.4700000000000000e+02,4.6243735637416208e-07,4.6243735637416208e-07,9.6170406713724788e-04,9.6170406713724788e-04,9.6170406713724788e-04,9.6170406713724788e-04,1.2606397822924422e+00,4.4807679941867018e-01,2.1000018314597870e+00,7.9999705234965734e-01
A,8.4800000000000000e+02,4.5491533705419949e-07,4.5491533705419949e-07,9.5385044640572403e-04,9.5385044640572403e-04,9.5385044640572403e-04,9.5385044640572403e-04,1.2606401449359417e+00,4.4807680379940923e-01,2.1000018315271225e+00,7.9999705223162498e-01
A,8.4900000000000000e+02,4.4751496525668960e-07,4.4751496525668960e-07,9.4606021505683202e-04,9.4606021505683202e-04,9.4606021505683202e-04,9.4606021505683202e-04,1.2606405046227420e+00,4.4807680815294748e-01,2.1000018315939091e+00,7.9999705211455363e-01
A,8.5000000000000000e+02,4.4023429090287933e-07,4.4023429090287933e-07,9.3833287366784646e-04,9.3833287366784646e-04,9.3833287366784646e-04,9.3833287366784646e-04,1.2606408613766302e+00,4.4807681247936532e-01,2.1000018316601516e+00,7.9999705199843552e-01
A,8.5100000000000000e+02,4.3307139454442982e-07,4.3307139454442982e-07,9.3066792632434669e-04,9.3066792632434669e-04,9.3066792632434669e-04,9.3066792632434669e-04,1.2606412152212070e+00,4.4807681677874472e-01,2.1000018317258542e+00,7.9999705188326298e-01
A,8.5200000000000000e+02,4.2602438724514614e-07,4.2602438724514614e-07,9.2306488097548822e-04,9.2306488097548822e-04,9.2306488097548822e-04,9.2306488097548822e-04,1.2606415661798882e+00,4.4807682105116925e-01,2.1000018317910212e+00,7.9999705176902858e-01
A,8.5300000000000000e+02,4.1909140992381051e-07,4.1909140992381051e-07,9.1552324921195805e-04,9.1552324921195805e-04,9.1552324921195805e-04,9.1552324921195805e-04,1.2606419142759064e+00,4.4807682529672394e-01,2.1000018318556566e+00,7.9999705165572466e-01
A,8.5400000000000000e+02,4.1227063291459742e-07,4.1227063291459742e-07,9.0804254626597469e-04,9.0804254626597469e-04,9.0804254626597469e-04,9.0804254626597469e-04,1.2606422595323119e+00,4.4807682951549538e-01,2.1000018319197649e+00,7.9999705154334377e-01
A,8.5500000000000000e+02,4.0556025557320642e-07,4.0556025557320642e-07,9.0062229105569713e-04,9.0062229105569713e-04,9.0062229105569713e-04,9.0062229105569713e-04,1.2606426019719743e+00,4.4807683370757151e-01,2.1000018319833504e+00,7.9999705143187849e-01
A,8.5600000000000000e+02,3.9895850576768867e-07,3.9895850576768867e-07,8.9326200609640694e-04,8.9326200609640694e-04,8.9326200609640694e-04,8.9326200609640694e-04,1.2606429416175837e+00,4.4807683787304176e-01,2.1000018320464173e+00,7.9999705132132148e-01
A,8.5700000000000000e+02,3.9246363941814689e-07,3.9246363941814689e-07,8.8596121745609935e-04,8.8596121745609935e-04,8.8596121745609935e-04,8.8596121745609935e-04,1.2606432784916524e+00,4.4807684201199682e-01,2.1000018321089700e+00,7.9999705121166542e-01
A,8.5800000000000000e+02,3.8607394027800184e-07,3.8607394027800184e-07,8.7871945497752790e-04,8.7871945497752790e-04,8.7871945497752790e-04,8.7871945497752790e-04,1.2606436126165153e+00,4.4807684612452875e-01,2.1000018321710123e+00,7.9999705110290309e-01
A,8.5900000000000000e+02,3.7978771901441716e-07,3.7978771901441716e-07,8.7153625170088844e-04,8.7153625170088844e-04,8.7153625170088844e-04,8.7153625170088844e-04,1.2606439440143327e+00,4.4807685021073085e-01,2.1000018322325484e+00,7.9999705099502738e-01
A,8.6000000000000000e+02,3.7360331331701644e-07,3.7360331331701644e-07,8.6441114444113509e-04,8.6441114444113509e-04,8.6441114444113509e-04,8.6441114444113509e-04,1.2606442727070901e+00,4.4807685427069760e-01,2.1000018322935823e+00,7.9999705088803108e-01
A,8.6100000000000000e+02,3.6751908726369313e-07,3.6751908726369313e-07,8.5734367352152674e-04,8.5734367352152674e-04,8.5734367352152674e-04,8.5734367352152674e-04,1.2606445987166004e+00,4.4807685830452465e-01,2.1000018323541183e+00,7.9999705078190708e-01
A,8.6200000000000000e+02,3.6153343074080791e-07,3.6153343074080791e-07,8.5033338255158242e-04,8.5033338255158242e-04,8.5033338255158242e-04,8.5033338255158242e-04,1.2606449220645051e+00,4.4807686231230887e-01,2.1000018324141601e+00,7.9999705067664839e-01
A,8.6300000000000000e+02,3.5564475936467704e-07,3.5564475936467704e-07,8.4337981878235269e-04,8.4337981878235269e-04,8.4337981878235269e-04,8.4337981878235269e-04,1.2606452427722750e+00,4.4807686629414811e-01,2.1000018324737120e+00,7.9999705057224813e-01
A,8.6400000000000000e+02,3.4985151387318250e-07,3.4985151387318250e-07,8.3648253283996610e-04,8.3648253283996610e-04,8.3648253283996610e-04,8.3648253283996610e-04,1.2606455608612124e+00,4.4807687025014137e-01,2.1000018325327776e+00,7.9999705046869929e-01
A,8.6500000000000000e+02,3.4415215971766938e-07,3.4415215971766938e-07,8.2964107868122028e-04,8.2964107868122028e-04,8.2964107868122028e-04,8.2964107868122028e-04,1.2606458763524513e+00,4.4807687418038866e-01,2.1000018325913610e+00,7.9999705036599500e-01
A,8.6600000000000000e+02,3.3854518680767326e-07,3.3854518680767326e-07,8.2285501372680869e-04,8.2285501372680869e-04,8.2285501372680869e-04,8.2285501372680869e-04,1.2606461892669596e+00,4.4807687808499091e-01,2.1000018326494660e+00,7.9999705026412860e-01
A,8.6700000000000000e+02,3.3302910896508563e-07,3.3302910896508563e-07,8.1612389863927604e-04,8.1612389863927604e-04,8.1612389863927604e-04,8.1612389863927604e-04,1.2606464996255400e+00,4.4807688196405004e-01,2.1000018327070968e+00,7.9999705016309319e-01
A,8.6800000000000000e+02,3.2760246382339611e-07,3.2760246382339611e-07,8.0944729763388068e-04,8.0944729763388068e-04,8.0944729763388068e-04,8.0944729763388068e-04,1.2606468074488308e+00,4.4807688581766886e-01,2.1000018327642569e+00,7.9999705006288213e-01
A,8.6900000000000000e+02,3.2226381211307650e-07,3.2226381211307650e-07,8.0282477803450547e-04,8.0282477803450547e-04,8.0282477803450547e-04,8.0282477803450547e-04,1.2606471127573080e+00,4.4807688964595105e-01,2.1000018328209502e+00,7.9999704996348886e-01
A,8.7000000000000000e+02,3.1701173749966993e-07,3.1701173749966993e-07,7.9625591049570232e-04,7.9625591049570232e-04,7.9625591049570232e-04,7.9625591049570232e-04,1.2606474155712855e+00,4.4807689344900120e-01,2.1000018328771803e+00,7.9999704986490661e-01
A,8.7100000000000000e+02,3.1184484624222233e-07,3.1184484624222233e-07,7.8974026900269223e-04,7.8974026900269223e-04,7.8974026900269223e-04,7.8974026900269223e-04,1.2606477159109173e+00,4.4807689722692462e-01,2.1000018329329513e+00,7.9999704976712904e-01
A,8.7200000000000000e+02,3.0676176675186967e-07,3.0676176675186967e-07,7.8327743073813849e-04,7.8327743073813849e-04,7.8327743073813849e-04,7.8327743073813849e-04,1.2606480137961982e+00,4.4807690097982744e-01,2.1000018329882666e+00,7.9999704967014951e-01
A,8.7300000000000000e+02,3.0176114933250899e-07,3.0176114933250899e-07,7.7686697617096456e-04,7.7686697617096456e-04,7.7686697617096456e-04,7.7686697617096456e-04,1.2606483092469647e+00,4.4807690470781653e-01,2.1000018330431298e+00,7.9999704957396167e-01
A,8.7400000000000000e+02,2.9684166561443067e-07,2.9684166561443067e-07,7.7050848874549160e-04,7.7050848874549160e-04,7.7050848874549160e-04,7.7050848874549160e-04,1.2606486022828969e+00,4.4807690841099945e-01,2.1000018330975450e+00,7.9999704947855910e-01
A,8.7500000000000000e+02,2.9200200864885249e-07,2.9200200864885249e-07,7.6420155541434553e-04,7.6420155541434553e-04,7.6420155541434553e-04,7.6420155541434553e-04,1.2606488929235193e+00,4.4807691208948441e-01,2.1000018331515156e+00,7.9999704938393545e-01
A,8.7600000000000000e+02,2.8724089217866453e-07,2.8724089217866453e-07,7.5794576610554998e-04,7.5794576610554998e-04,7.5794576610554998e-04,7.5794576610554998e-04,1.2606491811882019e+00,4.4807691574338038e-01,2.1000018332050447e+00,7.9999704929008453e-01
A,8.7700000000000000e+02,2.8255705040079461e-07,2.8255705040079461e-07,7.5174071381134411e-04,7.5174071381134411e-04,7.5174071381134411e-04,7.5174071381134411e-04,1.2606494670961614e+00,4.4807691937279687e-01,2.1000018332581365e+00,7.9999704919699999e-01
A,8.7800000000000000e+02,2.7794923782857812e-07,2.7794923782857812e-07,7.4558599481022725e-04,7.4558599481022725e-04,7.4558599481022725e-04,7.4558599481022725e-04,1.2606497506664627e+00,4.4807692297784396e-01,2.1000018333107944e+00,7.9999704910467573e-01
A,8.7900000000000000e+02,2.7341622875589628e-07,2.7341622875589628e-07,7.3948120835609643e-04,7.3948120835609643e-04,7.3948120835609643e-04,7.3948120835609643e-04,1.2606500319180194e+00,4.4807692655863235e-01,2.1000018333630219e+00,7.9999704901310553e-01
A,8.8000000000000000e+02,2.6895681699727111e-07,2.6895681699727111e-07,7.3342595672265531e-04,7.3342595672265531e-04,7.3342595672265531e-04,7.3342595672265531e-04,1.2606503108695954e+00,4.4807693011527322e-01,2.1000018334148223e+00,7.9999704892228340e-01
A,8.8100000000000000e+02,2.6456981569479133e-07,2.6456981569479133e-07,7.2741984533664095e-04,7.2741984533664095e-04,7.2741984533664095e-04,7.2741984533664095e-04,1.2606505875398062e+00,4.4807693364787832e-01,2.1000018334661994e+00,7.9999704883220324e-01
A,8.8200000000000000e+02,2.6025405699593145e-07,2.6025405699593145e-07,7.2146248273341484e-04,7.2146248273341484e-04,7.2146248273341484e-04,7.2146248273341484e-04,1.2606508619471195e+00,4.4807693715655983e-01,2.1000018335171564e+00,7.9999704874285904e-01
A,8.8300000000000000e+02,2.5600839148259937e-07,2.5600839148259937e-07,7.1555348015728271e-04,7.1555348015728271e-04,7.1555348015728271e-04,7.1555348015728271e-04,1.2606511341098567e+00,4.4807694064143039e-01,2.1000018335676969e+00,7.9999704865424492e-01
A,8.8400000000000000e+02,2.5183168824836550e-07,2.5183168824836550e-07,7.0969245204999254e-04,7.0969245204999254e-04,7.0969245204999254e-04,7.0969245204999254e-04,1.2606514040461940e+00,4.4807694410260307e-01,2.1000018336178239e+00,7.9999704856635490e-01
A,8.8500000000000000e+02,2.4772283449324116e-07,2.4772283449324116e-07,7.0387901587309898e-04,7.0387901587309898e-04,7.0387901587309898e-04,7.0387901587309898e-04,1.2606516717741634e+00,4.4807694754019139e-01,2.1000018336675410e+00,7.9999704847918318e-01
A,8.8600000000000000e+02,2.4368073506637354e-07,2.4368073506637354e-07,6.9811279184150976e-04,6.9811279184150976e-04,6.9811279184150976e-04,6.9811279184150976e-04,1.2606519373116534e+00,4.4807695095430922e-01,2.1000018337168513e+00,7.9999704839272390e-01
A,8.8700000000000000e+02,2.3970431239047290e-07,2.3970431239047290e-07,6.9239340318993925e-04,6.9239340318993925e-04,6.9239340318993925e-04,6.9239340318993925e-04,1.2606522006764107e+00,4.4807695434507072e-01,2.1000018337657584e+00,7.9999704830697138e-01
A,8.8800000000000000e+02,2.3579250610608350e-07,2.3579250610608350e-07,6.8672047603968167e-04,6.8672047603968167e-04,6.8672047603968167e-04,6.8672047603968167e-04,1.2606524618860415e+00,4.4807695771259054e-01,2.1000018338142654e+00,7.9999704822191986e-01
A,8.8900000000000000e+02,2.3194427284486929e-07,2.3194427284486929e-07,6.8109363944302004e-04,6.8109363944302004e-04,6.8109363944302004e-04,6.8109363944302004e-04,1.2606527209580116e+00,4.4807696105698347e-01,2.1000018338623754e+00,7.9999704813756367e-01
A,8.9000000000000000e+02,2.2815858585481676e-07,2.2815858585481676e-07,6.7551252520559046e-04,6.7551252520559046e-04,6.7551252520559046e-04,6.7551252520559046e-04,1.2606529779096480e+00,4.4807696437836464e-01,2.1000018339100919e+00,7.9999704805389715e-01
A,8.9100000000000000e+02,2.2443443484300043e-07,2.2443443484300043e-07,6.6997676801960893e-04,6.6997676801960893e-04,6.6997676801960893e-04,6.6997676801960893e-04,1.2606532327581403e+00,4.4807696767684951e-01,2.1000018339574180e+00,7.9999704797091487e-01
A,8.9200000000000000e+02,2.2077082569915686e-07,2.2077082569915686e-07,6.6448600541946234e-04,6.6448600541946234e-04,6.6448600541946234e-04,6.6448600541946234e-04,1.2606534855205414e+00,4.4807697095255372e-01,2.1000018340043565e+00,7.9999704788861115e-01
A,8.9300000000000000e+02,2.1716678019473020e-07,2.1716678019473020e-07,6.5903987769289074e-04,6.5903987769289074e-04,6.5903987769289074e-04,6.5903987769289074e-04,1.2606537362137682e+00,4.4807697420559317e-01,2.1000018340509108e+00,7.9999704780698055e-01
A,8.9400000000000000e+02,2.1362133580412785e-07,2.1362133580412785e-07,6.5363802796980508e-04,6.5363802796980508e-04,6.5363802796980508e-04,6.5363802796980508e-04,1.2606539848546034e+00,4.4807697743608393e-01,2.1000018340970841e+00,7.9999704772601754e-01
A,8.9500000000000000e+02,2.1013354535351194e-07,2.1013354535351194e-07,6.4828010204465158e-04,6.4828010204465158e-04,6.4828010204465158e-04,6.4828010204465158e-04,1.2606542314596958e+00,4.4807698064414225e-01,2.1000018341428794e+00,7.9999704764571677e-01
A,8.9600000000000000e+02,2.0670247690683326e-07,2.0670247690683326e-07,6.4296574855404742e-04,6.4296574855404742e-04,6.4296574855404742e-04,6.4296574855404742e-04,1.2606544760455618e+00,4.4807698382988459e-01,2.1000018341883000e+00,7.9999704756607293e-01
A,8.9700000000000000e+02,2.0332721342269343e-07,2.0332721342269343e-07,6.3769461879914502e-04,6.3769461879914502e-04,6.3769461879914502e-04,6.3769461879914502e-04,1.2606547186285864e+00,4.4807698699342746e-01,2.1000018342333489e+00,7.9999704748708067e-01
A,8.9800000000000000e+02,2.0000685250412303e-07,2.0000685250412303e-07,6.3246636670122314e-04,6.3246636670122314e-04,6.3246636670122314e-04,6.3246636670122314e-04,1.2606549592250236e+00,4.4807699013488761e-01,2.1000018342780287e+00,7.9999704740873467e-01
A,8.9900000000000000e+02,1.9674050631981691e-07,1.9674050631981691e-07,6.2728064902373148e-04,6.2728064902373148e-04,6.2728064902373148e-04,6.2728064902373148e-04,1.2606551978509983e+00,4.4807699325438183e-01,2.1000018343223430e+00,7.9999704733102972e-01
A,9.0000000000000000e+02,1.9352730118984961e-07,1.9352730118984961e-07,6.2213712506142826e-04,6.2213712506142826e-04,6.2213712506142826e-04,6.2213712506142826e-04,1.2606554345225067e+00,4.4807699635202702e-01,2.1000018343662945e+00,7.9999704725396059e-01
A,9.0100000000000000e+02,1.9036637751271065e-07,1.9036637751271065e-07,6.1703545686242478e-04,6.1703545686242478e-04,6.1703545686242478e-04,6.1703545686242478e-04,1.2606556692554176e+00,4.4807699942794010e-01,2.1000018344098859e+00,7.9999704717752218e-01
A,9.0200000000000000e+02,1.8725688938940361e-07,1.8725688938940361e-07,6.1197530896173191e-04,6.1197530896173191e-04,6.1197530896173191e-04,6.1197530896173191e-04,1.2606559020654731e+00,4.4807700248223814e-01,2.1000018344531202e+00,7.9999704710170938e-01
A,9.0300000000000000e+02,1.8419800452797391e-07,1.8419800452797391e-07,6.0695634855889580e-04,6.0695634855889580e-04,6.0695634855889580e-04,6.0695634855889580e-04,1.2606561329682895e+00,4.4807700551503821e-01,2.1000018344960005e+00,7.9999704702651708e-01
A,9.0400000000000000e+02,1.8118890403846344e-07,1.8118890403846344e-07,6.0197824551799783e-04,6.0197824551799783e-04,6.0197824551799783e-04,6.0197824551799783e-04,1.2606563619793589e+00,4.4807700852645732e-01,2.1000018345385296e+00,7.9999704695194029e-01
A,9.0500000000000000e+02,1.7822878207152699e-07,1.7822878207152699e-07,5.9704067210120115e-04,5.9704067210120115e-04,5.9704067210120115e-04,5.9704067210120115e-04,1.2606565891140495e+00,4.4807701151661261e-01,2.1000018345807105e+00,7.9999704687797402e-01
A,9.0600000000000000e+02,1.7531684580944591e-07,1.7531684580944591e-07,5.9214330327961306e-04,5.9214330327961306e-04,5.9214330327961306e-04,5.9214330327961306e-04,1.2606568143876067e+00,4.4807701448562109e-01,2.1000018346225455e+00,7.9999704680461325e-01
A,9.0700000000000000e+02,1.7245231511155646e-07,1.7245231511155646e-07,5.8728581646683153e-04,5.8728581646683153e-04,5.8728581646683153e-04,5.8728581646683153e-04,1.2606570378151543e+00,4.4807701743359984e-01,2.1000018346640381e+00,7.9999704673185312e-01
A,9.0800000000000000e+02,1.6963442237699638e-07,1.6963442237699638e-07,5.8246789160776302e-04,5.8246789160776302e-04,5.8246789160776302e-04,5.8246789160776302e-04,1.2606572594116949e+00,4.4807702036066588e-01,2.1000018347051905e+00,7.9999704665968874e-01
A,9.0900000000000000e+02,1.6686241233043498e-07,1.6686241233043498e-07,5.7768921113421356e-04,5.7768921113421356e-04,5.7768921113421356e-04,5.7768921113421356e-04,1.2606574791921117e+00,4.4807702326693616e-01,2.1000018347460059e+00,7.9999704658811532e-01
A,9.1000000000000000e+02,1.6413554181158479e-07,1.6413554181158479e-07,5.7294945992047985e-04,5.7294945992047985e-04,5.7294945992047985e-04,5.7294945992047985e-04,1.2606576971711685e+00,4.4807702615252759e-01,2.1000018347864868e+00,7.9999704651712800e-01
A,9.1100000000000000e+02,1.6145307964413614e-07,1.6145307964413614e-07,5.6824832537216707e-04,5.6824832537216707e-04,5.6824832537216707e-04,5.6824832537216707e-04,1.2606579133635114e+00,4.4807702901755692e-01,2.1000018348266360e+00,7.9999704644672209e-01
A,9.1200000000000000e+02,1.5881430635444949e-07,1.5881430635444949e-07,5.6358549724855322e-04,5.6358549724855322e-04,5.6358549724855322e-04,5.6358549724855322e-04,1.2606581277836690e+00,4.4807703186214087e-01,2.1000018348664562e+00,7.9999704637689284e-01
A,9.1300000000000000e+02,1.5621851404654937e-07,1.5621851404654937e-07,5.5896066775140696e-04,5.5896066775140696e-04,5.5896066775140696e-04,5.5896066775140696e-04,1.2606583404460541e+00,4.4807703468639609e-01,2.1000018349059499e+00,7.9999704630763557e-01
A,9.1400000000000000e+02,1.5366500625236234e-07,1.5366500625236234e-07,5.5437353156939650e-04,5.5437353156939650e-04,5.5437353156939650e-04,5.5437353156939650e-04,1.2606585513649635e+00,4.4807703749043903e-01,2.1000018349451199e+00,7.9999704623894563e-01
A,9.1500000000000000e+02,1.5115309763657230e-07,1.5115309763657230e-07,5.4982378565604506e-04,5.4982378565604506e-04,5.4982378565604506e-04,5.4982378565604506e-04,1.2606587605545800e+00,4.4807704027438600e-01,2.1000018349839689e+00,7.9999704617081835e-01
A,9.1600000000000000e+02,1.4868211395198548e-07,1.4868211395198548e-07,5.4531112945177540e-04,5.4531112945177540e-04,5.4531112945177540e-04,5.4531112945177540e-04,1.2606589680289728e+00,4.4807704303835322e-01,2.1000018350224994e+00,7.9999704610324929e-01
A,9.1700000000000000e+02,1.4625139175093493e-07,1.4625139175093493e-07,5.4083526466186527e-04,5.4083526466186527e-04,5.4083526466186527e-04,5.4083526466186527e-04,1.2606591738020985e+00,4.4807704578245677e-01,2.1000018350607141e+00,7.9999704603623378e-01
A,9.1800000000000000e+02,1.4386027820016206e-07,1.4386027820016206e-07,5.3639589521203845e-04,5.3639589521203845e-04,5.3639589521203845e-04,5.3639589521203845e-04,1.2606593778878015e+00,4.4807704850681251e-01,2.1000018350986154e+00,7.9999704596976740e-01
A,9.1900000000000000e+02,1.4150813111163153e-07,1.4150813111163153e-07,5.3199272760373617e-04,5.3199272760373617e-04,5.3199272760373617e-04,5.3199272760373617e-04,1.2606595802998157e+00,4.4807705121153613e-01,2.1000018351362058e+00,7.9999704590384568e-01
A,9.2000000000000000e+02,1.3919431859122168e-07,1.3919431859122168e-07,5.2762547055884568e-04,5.2762547055884568e-04,5.2762547055884568e-04,5.2762547055884568e-04,1.2606597810517648e+00,4.4807705389674307e-01,2.1000018351734879e+00,7.9999704583846420e-01
A,9.2100000000000000e+02,1.3691821879185699e-07,1.3691821879185699e-07,5.2329383484206460e-04,5.2329383484206460e-04,5.2329383484206460e-04,5.2329383484206460e-04,1.2606599801571630e+00,4.4807705656254870e-01,2.1000018352104646e+00,7.9999704577361863e-01
A,9.2200000000000000e+02,1.3467922004202743e-07,1.3467922004202743e-07,5.1899753379380797e-04,5.1899753379380797e-04,5.1899753379380797e-04,5.1899753379380797e-04,1.2606601776294164e+00,4.4807705920906810e-01,2.1000018352471379e+00,7.9999704570930452e-01
A,9.2300000000000000e+02,1.3247672041399163e-07,1.3247672041399163e-07,5.1473628279730121e-04,5.1473628279730121e-04,5.1473628279730121e-04,5.1473628279730121e-04,1.2606603734818234e+00,4.4807706183641610e-01,2.1000018352835106e+00,7.9999704564551755e-01
A,9.2400000000000000e+02,1.3031012773842640e-07,1.3031012773842640e-07,5.1050979958944254e-04,5.1050979958944254e-04,5.1050979958944254e-04,5.1050979958944254e-04,1.2606605677275757e+00,4.4807706444470735e-01,2.1000018353195848e+00,7.9999704558225349e-01
A,9.2500000000000000e+02,1.2817885938828532e-07,1.2817885938828532e-07,5.0631780412757621e-04,5.0631780412757621e-04,5.0631780412757621e-04,5.0631780412757621e-04,1.2606607603797595e+00,4.4807706703405631e-01,2.1000018353553633e+00,7.9999704551950801e-01
A,9.2600000000000000e+02,1.2608234206799859e-07,1.2608234206799859e-07,5.0216001845626579e-04,5.0216001845626579e-04,5.0216001845626579e-04,5.0216001845626579e-04,1.2606609514513554e+00,4.4807706960457705e-01,2.1000018353908483e+00,7.9999704545727690e-01
A,9.2700000000000000e+02,1.2402001176271683e-07,1.2402001176271683e-07,4.9803616688492980e-04,4.9803616688492980e-04,4.9803616688492980e-04,4.9803616688492980e-04,1.2606611409552402e+00,4.4807707215638348e-01,2.1000018354260424e+00,7.9999704539555605e-01
A,9.2800000000000000e+02,1.2199131350954833e-07,1.2199131350954833e-07,4.9394597581020605e-04,4.9394597581020605e-04,4.9394597581020605e-04,4.9394597581020605e-04,1.2606613289041868e+00,4.4807707468958918e-01,2.1000018354609473e+00,7.9999704533434124e-01
A,9.2900000000000000e+02,1.1999570137082617e-07,1.1999570137082617e-07,4.8988917393799625e-04,4.8988917393799625e-04,4.8988917393799625e-04,4.8988917393799625e-04,1.2606615153108660e+00,4.4807707720430751e-01,2.1000018354955663e+00,7.9999704527362847e-01
A,9.3000000000000000e+02,1.1803263812331327e-07,1.1803263812331327e-07,4.8586549192819461e-04,4.8586549192819461e-04,4.8586549192819461e-04,4.8586549192819461e-04,1.2606617001878466e+00,4.4807707970065153e-01,2.1000018355299011e+00,7.9999704521341353e-01
A,9.3100000000000000e+02,1.1610159523599490e-07,1.1610159523599490e-07,4.8187466261673251e-04,4.8187466261673251e-04,4.8187466261673251e-04,4.8187466261673251e-04,1.2606618835475965e+00,4.4807708217873404e-01,2.1000018355639543e+00,7.9999704515369241e-01
A,9.3200000000000000e+02,1.1420205273816979e-07,1.1420205273816979e-07,4.7791642101557841e-04,4.7791642101557841e-04,4.7791642101557841e-04,4.7791642101557841e-04,1.2606620654024829e+00,4.4807708463866747e-01,2.1000018355977277e+00,7.9999704509446101e-01
A,9.3300000000000000e+02,1.1233349900512419e-07,1.1233349900512419e-07,4.7399050413510224e-04,4.7399050413510224e-04,4.7399050413510224e-04,4.7399050413510224e-04,1.2606622457647743e+00,4.4807708708056393e-01,2.1000018356312240e+00,7.9999704503571545e-01
A,9.3400000000000000e+02,1.1049543069585125e-07,1.1049543069585125e-07,4.7009665111730214e-04,4.7009665111730214e-04,4.7009665111730214e-04,4.7009665111730214e-04,1.2606624246466398e+00,4.4807708950453529e-01,2.1000018356644454e+00,7.9999704497745172e-01
A,9.3500000000000000e+02,1.0868735256510907e-07,1.0868735256510907e-07,4.6623460310257769e-04,4.6623460310257769e-04,4.6623460310257769e-04,4.6623460310257769e-04,1.2606626020601512e+00,4.4807709191069306e-01,2.1000018356973942e+00,7.9999704491966594e-01
A,9.3600000000000000e+02,1.0690877738291509e-07,1.0690877738291509e-07,4.6240410331854775e-04,4.6240410331854775e-04,4.6240410331854775e-04,4.6240410331854775e-04,1.2606627780172828e+00,4.4807709429914844e-01,2.1000018357300725e+00,7.9999704486235423e-01
A,9.3700000000000000e+02,1.0515922573143725e-07,1.0515922573143725e-07,4.5860489690241479e-04,4.5860489690241479e-04,4.5860489690241479e-04,4.5860489690241479e-04,1.2606629525299127e+00,4.4807709667001222e-01,2.1000018357624826e+00,7.9999704480551270e-01
A,9.3800000000000000e+02,1.0343822604992884e-07,1.0343822604992884e-07,4.5483673125623625e-04,4.5483673125623625e-04,4.5483673125623625e-04,4.5483673125623625e-04,1.2606631256098233e+00,4.4807709902339493e-01,2.1000018357946266e+00,7.9999704474913746e-01
A,9.3900000000000000e+02,1.0174531425254813e-07,1.0174531425254813e-07,4.5109935546960855e-04,4.5109935546960855e-04,4.5109935546960855e-04,4.5109935546960855e-04,1.2606632972687020e+00,4.4807710135940670e-01,2.1000018358265069e+00,7.9999704469322486e-01
A,9.4000000000000000e+02,1.0008003385741051e-07,1.0008003385741051e-07,4.4739252085257419e-04,4.4739252085257419e-04,4.4739252085257419e-04,4.4739252085257419e-04,1.2606634675181423e+00,4.4807710367815740e-01,2.1000018358581256e+00,7.9999704463777099e-01
A,9.4100000000000000e+02,9.8441935711190917e-08,9.8441935711190917e-08,4.4371598058035033e-04,4.4371598058035033e-04,4.4371598058035033e-04,4.4371598058035033e-04,1.2606636363696444e+00,4.4807710597975636e-01,2.1000018358894845e+00,7.9999704458277221e-01
A,9.4200000000000000e+02,9.6830577879473425e-08,9.6830577879473425e-08,4.4006948969332882e-04,4.4006948969332882e-04,4.4006948969332882e-04,4.4006948969332882e-04,1.2606638038346156e+00,4.4807710826431274e-01,2.1000018359205863e+00,7.9999704452822473e-01
A,9.4300000000000000e+02,9.5245525654847566e-08,9.5245525654847566e-08,4.3645280536352971e-04,4.3645280536352971e-04,4.3645280536352971e-04,4.3645280536352971e-04,1.2606639699243716e+00,4.4807711053193516e-01,2.1000018359514327e+00,7.9999704447412490e-01
A,9.4400000000000000e+02,9.3686351272359605e-08,9.3686351272359605e-08,4.3286568649492096e-04,4.3286568649492096e-04,4.3286568649492096e-04,4.3286568649492096e-04,1.2606641346501364e+00,4.4807711278273199e-01,2.1000018359820256e+00,7.9999704442046904e-01
A,9.4500000000000000e+02,9.2152633921009599e-08,9.2152633921009599e-08,4.2930789398987201e-04,4.2930789398987201e-04,4.2930789398987201e-04,4.2930789398987201e-04,1.2606642980230440e+00,4.4807711501681113e-01,2.1000018360123676e+00,7.9999704436725361e-01
A,9.4600000000000000e+02,9.0643959618593718e-08,9.0643959618593718e-08,4.2577919070474479e-04,4.2577919070474479e-04,4.2577919070474479e-04,4.2577919070474479e-04,1.2606644600541383e+00,4.4807711723428012e-01,2.1000018360424604e+00,7.9999704431447494e-01
A,9.4700000000000000e+02,8.9159920995160163e-08,8.9159920995160163e-08,4.2227934118344024e-04,4.2227934118344024e-04,4.2227934118344024e-04,4.2227934118344024e-04,1.2606646207543744e+00,4.4807711943524614e-01,2.1000018360723058e+00,7.9999704426212948e-01
A,9.4800000000000000e+02,8.7700117381006059e-08,8.7700117381006059e-08,4.1880811210148750e-04,4.1880811210148750e-04,4.1880811210148750e-04,4.1880811210148750e-04,1.2606647801346187e+00,4.4807712161981589e-01,2.1000018361019062e+00,7.9999704421021378e-01
A,9.4900000000000000e+02,8.6264154462525385e-08,8.6264154462525385e-08,4.1536527168872794e-04,4.1536527168872794e-04,4.1536527168872794e-04,4.1536527168872794e-04,1.2606649382056503e+00,4.4807712378809578e-01,2.1000018361312636e+00,7.9999704415872430e-01
A,9.5000000000000000e+02,8.4851644372108102e-08,8.4851644372108102e-08,4.1195059017340441e-04,4.1195059017340441e-04,4.1195059017340441e-04,4.1195059017340441e-04,1.2606650949781610e+00,4.4807712594019172e-01,2.1000018361603798e+00,7.9999704410765748e-01
A,9.5100000000000000e+02,8.3462205534340093e-08,8.3462205534340093e-08,4.0856383964893439e-04,4.0856383964893439e-04,4.0856383964893439e-04,4.0856383964893439e-04,1.2606652504627565e+00,4.4807712807620920e-01,2.1000018361892567e+00,7.9999704405701000e-01
A,9.5200000000000000e+02,8.2095462516255811e-08,8.2095462516255811e-08,4.0520479394068332e-04,4.0520479394068332e-04,4.0520479394068332e-04,4.0520479394068332e-04,1.2606654046699566e+00,4.4807713019625339e-01,2.1000018362178965e+00,7.9999704400677829e-01
A,9.5300000000000000e+02,8.0751045935090913e-08,8.0751045935090913e-08,4.0187322860596453e-04,4.0187322860596453e-04,4.0187322860596453e-04,4.0187322860596453e-04,1.2606655576101966e+00,4.4807713230042895e-01,2.1000018362463009e+00,7.9999704395695903e-01
A,9.5400000000000000e+02,7.9428592455762308e-08,7.9428592455762308e-08,3.9856892115608389e-04,3.9856892115608389e-04,3.9856892115608389e-04,3.9856892115608389e-04,1.2606657092938274e+00,4.4807713438884017e-01,2.1000018362744721e+00,7.9999704390754889e-01
A,9.5500000000000000e+02,7.8127744539433271e-08,7.8127744539433271e-08,3.9529165065665950e-04,3.9529165065665950e-04,3.9529165065665950e-04,3.9529165065665950e-04,1.2606658597311160e+00,4.4807713646159086e-01,2.1000018363024120e+00,7.9999704385854453e-01
A,9.5600000000000000e+02,7.6848150514545228e-08,7.6848150514545228e-08,3.9204119812730198e-04,3.9204119812730198e-04,3.9204119812730198e-04,3.9204119812730198e-04,1.2606660089322468e+00,4.4807713851878450e-01,2.1000018363301223e+00,7.9999704380994263e-01
A,9.5700000000000000e+02,7.5589464364962256e-08,7.5589464364962256e-08,3.8881734623075204e-04,3.8881734623075204e-04,3.8881734623075204e-04,3.8881734623075204e-04,1.2606661569073216e+00,4.4807714056052400e-01,2.1000018363576047e+00,7.9999704376173986e-01
A,9.5800000000000000e+02,7.4351345645215445e-08,7.4351345645215445e-08,3.8561987927288044e-04,3.8561987927288044e-04,3.8561987927288044e-04,3.8561987927288044e-04,1.2606663036663608e+00,4.4807714258691195e-01,2.1000018363848616e+00,7.9999704371393299e-01
A,9.5900000000000000e+02,7.3133459481792348e-08,7.3133459481792348e-08,3.8244858342473265e-04,3.8244858342473265e-04,3.8244858342473265e-04,3.8244858342473265e-04,1.2606664492193036e+00,4.4807714459805043e-01,2.1000018364118942e+00,7.9999704366651880e-01
A,9.6000000000000000e+02,7.1935476419747979e-08,7.1935476419747979e-08,3.7930324654489311e-04,3.7930324654489311e-04,3.7930324654489311e-04,3.7930324654489311e-04,1.2606665935760091e+00,4.4807714659404113e-01,2.1000018364387047e+00,7.9999704361949409e-01
A,9.6100000000000000e+02,7.0757072307238093e-08,7.0757072307238093e-08,3.7618365809066745e-04,3.7618365809066745e-04,3.7618365809066745e-04,3.7618365809066745e-04,1.2606667367462565e+00,4.4807714857498526e-01,2.1000018364652950e+00,7.9999704357285562e-01
A,9.6200000000000000e+02,6.9597928232510269e-08,6.9597928232510269e-08,3.7308960916249134e-04,3.7308960916249134e-04,3.7308960916249134e-04,3.7308960916249134e-04,1.2606668787397459e+00,4.4807715054098357e-01,2.1000018364916668e+00,7.9999704352660028e-01
A,9.6300000000000000e+02,6.8457730510431573e-08,6.8457730510431573e-08,3.7002089268156624e-04,3.7002089268156624e-04,3.7002089268156624e-04,3.7002089268156624e-04,1.2606670195660989e+00,4.4807715249213642e-01,2.1000018365178219e+00,7.9999704348072487e-01
A,9.6400000000000000e+02,6.7336170503864043e-08,6.7336170503864043e-08,3.6697730312340582e-04,3.6697730312340582e-04,3.6697730312340582e-04,3.6697730312340582e-04,1.2606671592348595e+00,4.4807715442854362e-01,2.1000018365437620e+00,7.9999704343522637e-01
A,9.6500000000000000e+02,6.6232944564124145e-08,6.6232944564124145e-08,3.6395863656224492e-04,3.6395863656224492e-04,3.6395863656224492e-04,3.6395863656224492e-04,1.2606672977554940e+00,4.4807715635030460e-01,2.1000018365694890e+00,7.9999704339010169e-01
A,9.6600000000000000e+02,6.5147754019739841e-08,6.5147754019739841e-08,3.6096469084867522e-04,3.6096469084867522e-04,3.6096469084867522e-04,3.6096469084867522e-04,1.2606674351373925e+00,4.4807715825751832e-01,2.1000018365950046e+00,7.9999704334534782e-01
A,9.6700000000000000e+02,6.4080304956376569e-08,6.4080304956376569e-08,3.5799526520996494e-04,3.5799526520996494e-04,3.5799526520996494e-04,3.5799526520996494e-04,1.2606675713898692e+00,4.4807716015028326e-01,2.1000018366203101e+00,7.9999704330096166e-01
A,9.6800000000000000e+02,6.3030308272935398e-08,6.3030308272935398e-08,3.5505016060533023e-04,3.5505016060533023e-04,3.5505016060533023e-04,3.5505016060533023e-04,1.2606677065221623e+00,4.4807716202869746e-01,2.1000018366454078e+00,7.9999704325694021e-01
A,9.6900000000000000e+02,6.1997479591592295e-08,6.1997479591592295e-08,3.5212917968152624e-04,3.5212917968152624e-04,3.5212917968152624e-04,3.5212917968152624e-04,1.2606678405434357e+00,4.4807716389285845e-01,2.1000018366702990e+00,7.9999704321328047e-01
A,9.7000000000000000e+02,6.0981539061070803e-08,6.0981539061070803e-08,3.4923212641757573e-04,3.4923212641757573e-04,3.4923212641757573e-04,3.4923212641757573e-04,1.2606679734627790e+00,4.4807716574286338e-01,2.1000018366949860e+00,7.9999704316997955e-01
A,9.7100000000000000e+02,5.9982211459283325e-08,5.9982211459283325e-08,3.4635880661326723e-04,3.4635880661326723e-04,3.4635880661326723e-04,3.4635880661326723e-04,1.2606681052892081e+00,4.4807716757880889e-01,2.1000018367194699e+00,7.9999704312703446e-01
A,9.7200000000000000e+02,5.8999225937617767e-08,5.8999225937617767e-08,3.4350902735624800e-04,3.4350902735624800e-04,3.4350902735624800e-04,3.4350902735624800e-04,1.2606682360316659e+00,4.4807716940079112e-01,2.1000018367437523e+00,7.9999704308444231e-01
A,9.7300000000000000e+02,5.8032316153516895e-08,5.8032316153516895e-08,3.4068259759933994e-04,3.4068259759933994e-04,3.4068259759933994e-04,3.4068259759933994e-04,1.2606683656990225e+00,4.4807717120890578e-01,2.1000018367678353e+00,7.9999704304220021e-01
A,9.7400000000000000e+02,5.7081219989040840e-08,5.7081219989040840e-08,3.3787932753881478e-04,3.3787932753881478e-04,3.3787932753881478e-04,3.3787932753881478e-04,1.2606684943000768e+00,4.4807717300324806e-01,2.1000018367917201e+00,7.9999704300030539e-01
A,9.7500000000000000e+02,5.6145679593324926e-08,5.6145679593324926e-08,3.3509902892525645e-04,3.3509902892525645e-04,3.3509902892525645e-04,3.3509902892525645e-04,1.2606686218435557e+00,4.4807717478391274e-01,2.1000018368154088e+00,7.9999704295875484e-01
A,9.7600000000000000e+02,5.5225441346889471e-08,5.5225441346889471e-08,3.3234151515237897e-04,3.3234151515237897e-04,3.3234151515237897e-04,3.3234151515237897e-04,1.2606687483381156e+00,4.4807717655099411e-01,2.1000018368389024e+00,7.9999704291754592e-01
A,9.7700000000000000e+02,5.4320255693641903e-08,5.4320255693641903e-08,3.2960660094616401e-04,3.2960660094616401e-04,3.2960660094616401e-04,3.2960660094616401e-04,1.2606688737923428e+00,4.4807717830458593e-01,2.1000018368622029e+00,7.9999704287667572e-01
A,9.7800000000000000e+02,5.3429877196600172e-08,5.3429877196600172e-08,3.2689410272013220e-04,3.2689410272013220e-04,3.2689410272013220e-04,3.2689410272013220e-04,1.2606689982147541e+00,4.4807718004478159e-01,2.1000018368853119e+00,7.9999704283614148e-01
A,9.7900000000000000e+02,5.2554064329518166e-08,5.2554064329518166e-08,3.2420383813125397e-04,3.2420383813125397e-04,3.2420383813125397e-04,3.2420383813125397e-04,1.2606691216137969e+00,4.4807718177167394e-01,2.1000018369082309e+00,7.9999704279594053e-01
A,9.8000000000000000e+02,5.1692579519265925e-08,5.1692579519265925e-08,3.2153562639081201e-04,3.2153562639081201e-04,3.2153562639081201e-04,3.2153562639081201e-04,1.2606692439978502e+00,4.4807718348535530e-01,2.1000018369309612e+00,7.9999704275607009e-01
A,9.8100000000000000e+02,5.0845189056565132e-08,5.0845189056565132e-08,3.1888928817558337e-04,3.1888928817558337e-04,3.1888928817558337e-04,3.1888928817558337e-04,1.2606693653752250e+00,4.4807718518591760e-01,2.1000018369535045e+00,7.9999704271652738e-01
A,9.8200000000000000e+02,5.0011663037051451e-08,5.0011663037051451e-08,3.1626464562783951e-04,3.1626464562783951e-04,3.1626464562783951e-04,3.1626464562783951e-04,1.2606694857541649e+00,4.4807718687345227e-01,2.1000018369758626e+00,7.9999704267730987e-01
A,9.8300000000000000e+02,4.9191775247419216e-08,4.9191775247419216e-08,3.1366152217771059e-04,3.1366152217771059e-04,3.1366152217771059e-04,3.1366152217771059e-04,1.2606696051428468e+00,4.4807718854805023e-01,2.1000018369980369e+00,7.9999704263841476e-01
A,9.8400000000000000e+02,4.8385303179440860e-08,4.8385303179440860e-08,3.1107974276523009e-04,3.1107974276523009e-04,3.1107974276523009e-04,3.1107974276523009e-04,1.2606697235493807e+00,4.4807719020980191e-01,2.1000018370200286e+00,7.9999704259983950e-01
A,9.8500000000000000e+02,4.7592027945393205e-08,4.7592027945393205e-08,3.0851913375151696e-04,3.0851913375151696e-04,3.0851913375151696e-04,3.0851913375151696e-04,1.2606698409818113e+00,4.4807719185879735e-01,2.1000018370418396e+00,7.9999704256158144e-01
A,9.8600000000000000e+02,4.6811734209212543e-08,4.6811734209212543e-08,3.0597952287436669e-04,3.0597952287436669e-04,3.0597952287436669e-04,3.0597952287436669e-04,1.2606699574481177e+00,4.4807719349512604e-01,2.1000018370634712e+00,7.9999704252363801e-01
A,9.8700000000000000e+02,4.6044210119071232e-08,4.6044210119071232e-08,3.0346073920384242e-04,3.0346073920384242e-04,3.0346073920384242e-04,3.0346073920384242e-04,1.2606700729562144e+00,4.4807719511887695e-01,2.1000018370849247e+00,7.9999704248600656e-01
A,9.8800000000000000e+02,4.5289247281444159e-08,4.5289247281444159e-08,3.0096261323109275e-04,3.0096261323109275e-04,3.0096261323109275e-04,3.0096261323109275e-04,1.2606701875139512e+00,4.4807719673013863e-01,2.1000018371062015e+00,7.9999704244868464e-01
A,9.8900000000000000e+02,4.4546640681539444e-08,4.4546640681539444e-08,2.9848497677953389e-04,2.9848497677953389e-04,2.9848497677953389e-04,2.9848497677953389e-04,1.2606703011291147e+00,4.4807719832899917e-01,2.1000018371273033e+00,7.9999704241166969e-01
A,9.9000000000000000e+02,4.3816188632056436e-08,4.3816188632056436e-08,2.9602766300484973e-04,2.9602766300484973e-04,2.9602766300484973e-04,2.9602766300484973e-04,1.2606704138094280e+00,4.4807719991554612e-01,2.1000018371482314e+00,7.9999704237495917e-01
A,9.9100000000000000e+02,4.3097692748709920e-08,4.3097692748709920e-08,2.9359050648380958e-04,2.9359050648380958e-04,2.9359050648380958e-04,2.9359050648380958e-04,1.2606705255625512e+00,4.4807720148986657e-01,2.1000018371689877e+00,7.9999704233855051e-01
A,9.9200000000000000e+02,4.2390957821702859e-08,4.2390957821702859e-08,2.9117334294781472e-04,2.9117334294781472e-04,2.9117334294781472e-04,2.9117334294781472e-04,1.2606706363960827e+00,4.4807720305204712e-01,2.1000018371895730e+00,7.9999704230244140e-01
A,9.9300000000000000e+02,4.1695791896920615e-08,4.1695791896920615e-08,2.8877600972698758e-04,2.8877600972698758e-04,2.8877600972698758e-04,2.8877600972698758e-04,1.2606707463175584e+00,4.4807720460217393e-01,2.1000018372099891e+00,7.9999704226662927e-01
A,9.9400000000000000e+02,4.1012006058875122e-08,4.1012006058875122e-08,2.8639834517285578e-04,2.8639834517285578e-04,2.8639834517285578e-04,2.8639834517285578e-04,1.2606708553344537e+00,4.4807720614033258e-01,2.1000018372302369e+00,7.9999704223111179e-01
A,9.9500000000000000e+02,4.0339414500061400e-08,4.0339414500061400e-08,2.8404018905803241e-04,2.8404018905803241e-04,2.8404018905803241e-04,2.8404018905803241e-04,1.2606709634541828e+00,4.4807720766660830e-01,2.1000018372503182e+00,7.9999704219588641e-01
A,9.9600000000000000e+02,3.9677834435145647e-08,3.9677834435145647e-08,2.8170138244298926e-04,2.8170138244298926e-04,2.8170138244298926e-04,2.8170138244298926e-04,1.2606710706840998e+00,4.4807720918108579e-01,2.1000018372702343e+00,7.9999704216095080e-01
A,9.9700000000000000e+02,3.9027086067306135e-08,3.9027086067306135e-08,2.7938176772046575e-04,2.7938176772046575e-04,2.7938176772046575e-04,2.7938176772046575e-04,1.2606711770314987e+00,4.4807721068384920e-01,2.1000018372899865e+00,7.9999704212630263e-01
A,9.9800000000000000e+02,3.8386992493061031e-08,3.8386992493061031e-08,2.7708118843783325e-04,2.7708118843783325e-04,2.7708118843783325e-04,2.7708118843783325e-04,1.2606712825036146e+00,4.4807721217498231e-01,2.1000018373095761e+00,7.9999704209193956e-01
A,9.9900000000000000e+02,3.7757379695582785e-08,3.7757379695582785e-08,2.7479948943032184e-04,2.7479948943032184e-04,2.7479948943032184e-04,2.7479948943032184e-04,1.2606713871076234e+00,4.4807721365456832e-01,2.1000018373290046e+00,7.9999704205785915e-01
B,0.0000000000000000e+00,7.8499077584033156e-02,7.8499077584033156e-02,-3.9622992714845040e-01,3.9622992714845040e-01,-3.9622992714845040e-01,-3.9622992714845040e-01,1.3500000000000001e+00,6.5000000000000002e-01,2.4900000000000002e+00,8.0000000000000004e-01
B,1.0000000000000000e+00,7.8276146253542941e-02,7.8276146253542941e-02,-3.9566689589487503e-01,3.9566689589487503e-01,-3.9566689589487503e-01,-3.9566689589487503e-01,1.3501978751219696e+00,6.5007098499410376e-01,2.4899999906811372e+00,8.0000002980991891e-01
B,2.0000000000000000e+00,7.8050080061990448e-02,7.8050080061990448e-02,-3.9509512794260182e-01,3.9509512794260182e-01,-3.9509512794260182e-01,-3.9509512794260182e-01,1.3503958210133435e+00,6.5014232338650280e-01,2.4899999812974638e+00,8.0000005978354016e-01
B,3.0000000000000000e+00,7.7820802705613479e-02,7.7820802705613479e-02,-3.9451439189366333e-01,3.9451439189366333e-01,-3.9451439189366333e-01,-3.9451439189366333e-01,1.3505938385318372e+00,6.5021402017613839e-01,2.4899999718480341e+00,8.0000008992272120e-01
B,4.0000000000000000e+00,7.7588235513041184e-02,7.7588235513041184e-02,-3.9392444837313967e-01,3.9392444837313967e-01,-3.9392444837313967e-01,-3.9392444837313967e-01,1.3507919285217997e+00,6.5028608045612579e-01,2.4899999623318818e+00,8.0000012022934630e-01
B,5.0000000000000000e+00,7.7352297355967575e-02,7.7352297355967575e-02,-3.9332504968783155e-01,3.9332504968783155e-01,-3.9332504968783155e-01,-3.9332504968783155e-01,1.3509900918127873e+00,6.5035850941571960e-01,2.4899999527480210e+00,8.0000015070532648e-01
B,6.0000000000000000e+00,7.7112904556069908e-02,7.7112904556069908e-02,-3.9271593946788030e-01,3.9271593946788030e-01,-3.9271593946788030e-01,-3.9271593946788030e-01,1.3511883292180356e+00,6.5043131234230522e-01,2.4899999430954449e+00,8.0000018135259998e-01
B,7.0000000000000000e+00,7.6869970787829228e-02,7.6869970787829228e-02,-3.9209685228991376e-01,3.9209685228991376e-01,-3.9209685228991376e-01,-3.9209685228991376e-01,1.3513866415328257e+00,6.5050449462341653e-01,2.4899999333731255e+00,8.0000021217313233e-01
B,8.0000000000000000e+00,7.6623406977120959e-02,7.6623406977120959e-02,-3.9146751328078544e-01,3.9146751328078544e-01,-3.9146751328078544e-01,-3.9146751328078544e-01,1.3515850295327327e+00,6.5057806174877630e-01,2.4899999235800130e+00,8.0000024316891671e-01
B,9.0000000000000000e+00,7.6373121195253815e-02,7.6373121195253815e-02,-3.9082763770044160e-01,3.9082763770044160e-01,-3.9082763770044160e-01,-3.9082763770044160e-01,1.3517834939717519e+00,6.5065201931235750e-01,2.4899999137150348e+00,8.0000027434197418e-01
B,1.0000000000000000e+01,7.6119018548434281e-02,7.6119018548434281e-02,-3.9017693050316105e-01,3.9017693050316105e-01,-3.9017693050316105e-01,-3.9017693050316105e-01,1.3519820355802910e+00,6.5072637301446312e-01,2.4899999037770959e+00,8.0000030569435354e-01
B,1.1000000000000000e+01,7.5861001062377906e-02,7.5861001062377906e-02,-3.8951508587570238e-01,3.8951508587570238e-01,-3.8951508587570238e-01,-3.8951508587570238e-01,1.3521806550630200e+00,6.5080112866382100e-01,2.4899998937650776e+00,8.0000033722813191e-01
B,1.2000000000000000e+01,7.5598967561519959e-02,7.5598967561519959e-02,-3.8884178675013814e-01,3.8884178675013814e-01,-3.8884178675013814e-01,-3.8884178675013814e-01,1.3523793530965682e+00,6.5087629217968967e-01,2.4899998836778372e+00,8.0000036894541438e-01
B,1.3000000000000000e+01,7.5332813543291952e-02,7.5332813543291952e-02,-3.8815670429168669e-01,3.8815670429168669e-01,-3.8815670429168669e-01,-3.8815670429168669e-01,1.3525781303270561e+00,6.5095186959397200e-01,2.4899998735142064e+00,8.0000040084833446e-01
B,1.4000000000000000e+01,7.5062431046384007e-02,7.5062431046384007e-02,-3.8745949735781160e-01,3.8745949735781160e-01,-3.8745949735781160e-01,-3.8745949735781160e-01,1.3527769873674513e+00,6.5102786705333116e-01,2.4899998632729927e+00,8.0000043293905398e-01
B,1.5000000000000000e+01,7.4787708513330539e-02,7.4787708513330539e-02,-3.8674981192841074e-01,3.8674981192841074e-01,-3.8674981192841074e-01,-3.8674981192841074e-01,1.3529759247947337e+00,6.5110429082130383e-01,2.4899998529529768e+00,8.0000046521976298e-01
B,1.6000000000000000e+01,7.4508530646823209e-02,7.4508530646823209e-02,-3.8602728050443069e-01,3.8602728050443069e-01,-3.8602728050443069e-01,-3.8602728050443069e-01,1.3531749431468569e+00,6.5118114728040455e-01,2.4899998425529128e+00,8.0000049769267978e-01
B,1.7000000000000000e+01,7.4224778259745050e-02,7.4224778259745050e-02,-3.8529152147366297e-01,3.8529152147366297e-01,-3.8529152147366297e-01,-3.8529152147366297e-01,1.3533740429194896e+00,6.5125844293421453e-01,2.4899998320715273e+00,8.0000053036005070e-01
B,1.8000000000000000e+01,7.3936328118205774e-02,7.3936328118205774e-02,-3.8454213844052454e-01,3.8454213844052454e-01,-3.8454213844052454e-01,-3.8454213844052454e-01,1.3535732245625200e+00,6.5133618440944663e-01,2.4899998215075194e+00,8.0000056322415025e-01
B,1.9000000000000000e+01,7.3643052777643145e-02,7.3643052777643145e-02,-3.8377871951853493e-01,3.8377871951853493e-01,-3.8377871951853493e-01,-3.8377871951853493e-01,1.3537724884763065e+00,6.5141437845797812e-01,2.4899998108595587e+00,8.0000059628728060e-01
B,2.0000000000000000e+01,7.3344820411606018e-02,7.3344820411606018e-02,-3.8300083658291406e-01,3.8300083658291406e-01,-3.8300083658291406e-01,-3.8300083658291406e-01,1.3539718350076517e+00,6.5149303195884123e-01,2.4899998001262853e+00,8.0000062955177142e-01
B,2.1000000000000000e+01,7.3041494632669360e-02,7.3041494632669360e-02,-3.8220804448014789e-01,3.8220804448014789e-01,-3.8220804448014789e-01,-3.8220804448014789e-01,1.3541712644454835e+00,6.5157215192016049e-01,2.4899997893063093e+00,8.0000066301997941e-01
B,2.2000000000000000e+01,7.2732934305401703e-02,7.2732934305401703e-02,-3.8139988019243454e-01,3.8139988019243454e-01,-3.8139988019243454e-01,-3.8139988019243454e-01,1.3543707770162139e+00,6.5165174548102389e-01,2.4899997783982095e+00,8.0000069669428775e-01
B,2.3000000000000000e+01,7.2418993350842661e-02,7.2418993350842661e-02,-3.8057586195354709e-01,3.8057586195354709e-01,-3.8057586195354709e-01,-3.8057586195354709e-01,1.3545703728787546e+00,6.5173181991327422e-01,2.4899997674005334e+00,8.0000073057710586e-01
B,2.4000000000000000e+01,7.2099520542208542e-02,7.2099520542208542e-02,-3.7973548831313764e-01,3.7973548831313764e-01,-3.7973548831313764e-01,-3.7973548831313764e-01,1.3547700521191615e+00,6.5181238262320496e-01,2.4899997563117955e+00,8.0000076467086845e-01
B,2.5000000000000000e+01,7.1774359291403717e-02,7.1774359291403717e-02,-3.7887823714592983e-01,3.7887823714592983e-01,-3.7887823714592983e-01,-3.7887823714592983e-01,1.3549698147448754e+00,6.5189344115314218e-01,2.4899997451304769e+00,8.0000079897803489e-01
B,2.6000000000000000e+01,7.1443347426120171e-02,7.1443347426120171e-02,-3.7800356460255813e-01,3.7800356460255813e-01,-3.7800356460255813e-01,-3.7800356460255813e-01,1.3551696606785295e+00,6.5197500318289325e-01,2.4899997338550253e+00,8.0000083350108830e-01
B,2.7000000000000000e+01,7.1106316956797658e-02,7.1106316956797658e-02,-3.7711090399721314e-01,3.7711090399721314e-01,-3.7711090399721314e-01,-3.7711090399721314e-01,1.3553695897512865e+00,6.5205707653104039e-01,2.4899997224838524e+00,8.0000086824253436e-01
B,2.8000000000000000e+01,7.0763093833547022e-02,7.0763093833547022e-02,-3.7619966462916210e-01,3.7619966462916210e-01,-3.7619966462916210e-01,-3.7619966462916210e-01,1.3555696016956675e+00,6.5213966915605304e-01,2.4899997110153347e+00,8.0000090320490025e-01
B,2.9000000000000000e+01,7.0413497691912366e-02,7.0413497691912366e-02,-3.7526923053166072e-01,3.7526923053166072e-01,-3.7526923053166072e-01,-3.7526923053166072e-01,1.3557696961378300e+00,6.5222278915719201e-01,2.4899996994478122e+00,8.0000093839073327e-01
B,3.0000000000000000e+01,7.0057341588169023e-02,7.0057341588169023e-02,-3.7431895914625812e-01,3.7431895914625812e-01,-3.7431895914625812e-01,-3.7431895914625812e-01,1.3559698725892493e+00,6.5230644477517430e-01,2.4899996877795871e+00,8.0000097380259916e-01
B,3.1000000000000000e+01,6.9694431722536379e-02,6.9694431722536379e-02,-3.7334817991396818e-01,3.7334817991396818e-01,-3.7334817991396818e-01,-3.7334817991396818e-01,1.3561701304377520e+00,6.5239064439256245e-01,2.4899996760089240e+00,8.0000100944308061e-01
B,3.2000000000000000e+01,6.9324567150816155e-02,6.9324567150816155e-02,-3.7235619278002119e-01,3.7235619278002119e-01,-3.7235619278002119e-01,-3.7235619278002119e-01,1.3563704689378495e+00,6.5247539653384057e-01,2.4899996641340487e+00,8.0000104531477489e-01
B,3.3000000000000000e+01,6.8947539483983328e-02,6.8947539483983328e-02,-3.7134226660584524e-01,3.7134226660584524e-01,-3.7134226660584524e-01,-3.7134226660584524e-01,1.3565708872003068e+00,6.5256070986513215e-01,2.4899996521531462e+00,8.0000108142029203e-01
B,3.4000000000000000e+01,6.8563132574905455e-02,6.8563132574905455e-02,-3.7030563748046141e-01,3.7030563748046141e-01,-3.7030563748046141e-01,-3.7030563748046141e-01,1.3567713841808857e+00,6.5264659319351093e-01,2.4899996400643620e+00,8.0000111776225191e-01
B,3.5000000000000000e+01,6.8171122192473163e-02,6.8171122192473163e-02,-3.6924550692587488e-01,3.6924550692587488e-01,-3.6924550692587488e-01,-3.6924550692587488e-01,1.3569719586681863e+00,6.5273305546585036e-01,2.4899996278658003e+00,8.0000115434328167e-01
B,3.6000000000000000e+01,6.7771275682629875e-02,6.7771275682629875e-02,-3.6816103998829064e-01,3.6816103998829064e-01,-3.6816103998829064e-01,-3.6816103998829064e-01,1.3571726092705094e+00,6.5282010576714888e-01,2.4899996155555226e+00,8.0000119116601254e-01
B,3.7000000000000000e+01,6.7363351616166273e-02,6.7363351616166273e-02,-3.6705136320729359e-01,3.6705136320729359e-01,-3.6705136320729359e-01,-3.6705136320729359e-01,1.3573733344016543e+00,6.5290775331826323e-01,2.4899996031315488e+00,8.0000122823307629e-01
B,3.8000000000000000e+01,6.6947099423005474e-02,6.6947099423005474e-02,-3.6591556245397783e-01,3.6591556245397783e-01,-3.6591556245397783e-01,-3.6591556245397783e-01,1.3575741322655526e+00,6.5299600747297204e-01,2.4899995905918546e+00,8.0000126554710138e-01
B,3.9000000000000000e+01,6.6522259013299737e-02,6.6522259013299737e-02,-3.6475268062976518e-01,3.6475268062976518e-01,-3.6475268062976518e-01,-3.6475268062976518e-01,1.3577750008396381e+00,6.5308487771428292e-01,2.4899995779343720e+00,8.0000130311070849e-01
B,4.0000000000000000e+01,6.6088560385016010e-02,6.6088560385016010e-02,-3.6356171521494396e-01,3.6356171521494396e-01,-3.6356171521494396e-01,-3.6356171521494396e-01,1.3579759378568337e+00,6.5317437364988695e-01,2.4899995651569893e+00,8.0000134092650577e-01
B,4.1000000000000000e+01,6.5645723218664603e-02,6.5645723218664603e-02,-3.6234161565755763e-01,3.6234161565755763e-01,-3.6234161565755763e-01,-3.6234161565755763e-01,1.3581769407860305e+00,6.5326450500665112e-01,2.4899995522575491e+00,8.0000137899708346e-01
B,4.2000000000000000e+01,6.5193456459058302e-02,6.5193456459058302e-02,-3.6109128058998685e-01,3.6109128058998685e-01,-3.6109128058998685e-01,-3.6109128058998685e-01,1.3583780068109179e+00,6.5335528162402678e-01,2.4899995392338492e+00,8.0000141732500785e-01
B,4.3000000000000000e+01,6.4731457885183266e-02,6.4731457885183266e-02,-3.5980955486252242e-01,3.5980955486252242e-01,-3.5980955486252242e-01,-3.5980955486252242e-01,1.3585791328070116e+00,6.5344671344623828e-01,2.4899995260836425e+00,8.0000145591281469e-01
B,4.4000000000000000e+01,6.4259413668650026e-02,6.4259413668650026e-02,-3.5849522638007336e-01,3.5849522638007336e-01,-3.5849522638007336e-01,-3.5849522638007336e-01,1.3587803153167088e+00,6.5353881051309726e-01,2.4899995128046357e+00,8.0000149476300186e-01
B,4.5000000000000000e+01,6.3776997922141490e-02,6.3776997922141490e-02,-3.5714702272913179e-01,3.5714702272913179e-01,-3.5714702272913179e-01,-3.5714702272913179e-01,1.3589815505221823e+00,6.5363158294927159e-01,2.4899994993944907e+00,8.0000153387802120e-01
B,4.6000000000000000e+01,6.3283872239067687e-02,6.3283872239067687e-02,-3.5576360757971770e-01,3.5576360757971770e-01,-3.5576360757971770e-01,-3.5576360757971770e-01,1.3591828342159065e+00,6.5372504095181405e-01,2.4899994858508236e+00,8.0000157326026955e-01
B,4.7000000000000000e+01,6.2779685226577064e-02,6.2779685226577064e-02,-3.5434357684760442e-01,3.5434357684760442e-01,-3.5434357684760442e-01,-3.5434357684760442e-01,1.3593841617685845e+00,6.5381919477573502e-01,2.4899994721712058e+00,8.0000161291207872e-01
B,4.8000000000000000e+01,6.2264072034122132e-02,6.2264072034122132e-02,-3.5288545459999376e-01,3.5288545459999376e-01,-3.5288545459999376e-01,-3.5288545459999376e-01,1.3595855280942239e+00,6.5391405471737429e-01,2.4899994583531648e+00,8.0000165283570446e-01
B,4.9000000000000000e+01,6.1736653880821002e-02,6.1736653880821002e-02,-3.5138768868820947e-01,3.5138768868820947e-01,-3.5138768868820947e-01,-3.5138768868820947e-01,1.3597869276120771e+00,6.5400963109529664e-01,2.4899994443941846e+00,8.0000169303331436e-01
B,5.0000000000000000e+01,6.1197037585130433e-02,6.1197037585130433e-02,-3.4984864608893496e-01,3.4984864608893496e-01,-3.4984864608893496e-01,-3.4984864608893496e-01,1.3599883542051341e+00,6.5410593422840402e-01,2.4899994302917077e+00,8.0000173350697434e-01
B,5.1000000000000000e+01,6.0644815101426094e-02,6.0644815101426094e-02,-3.4826660793543240e-01,3.4826660793543240e-01,-3.4826660793543240e-01,-3.4826660793543240e-01,1.3601898011748244e+00,6.5420297441091524e-01,2.4899994160431351e+00,8.0000177425863339e-01
B,5.2000000000000000e+01,6.0079563069357231e-02,6.0079563069357231e-02,-3.4663976422031340e-01,3.4663976422031340e-01,-3.4663976422031340e-01,-3.4663976422031340e-01,1.3603912611915379e+00,6.5430076188382236e-01,2.4899994016458309e+00,8.0000181529010761e-01
B,5.3000000000000000e+01,5.9500842382238579e-02,5.9500842382238579e-02,-3.4496620814867818e-01,3.4496620814867818e-01,-3.4496620814867818e-01,-3.4496620814867818e-01,1.3605927262405428e+00,6.5439930680238345e-01,2.4899993870971220e+00,8.0000185660306145e-01
B,5.4000000000000000e+01,5.8908197783177477e-02,5.8908197783177477e-02,-3.4324393012310495e-01,3.4324393012310495e-01,-3.4324393012310495e-01,-3.4324393012310495e-01,1.3607941875628218e+00,6.5449861919915431e-01,2.4899993723943030e+00,8.0000189819898793e-01
B,5.5000000000000000e+01,5.8301157498483309e-02,5.8301157498483309e-02,-3.4147081133966140e-01,3.4147081133966140e-01,-3.4147081133966140e-01,-3.4147081133966140e-01,1.3609956355902990e+00,6.5459870894200090e-01,2.4899993575346393e+00,8.0000194007918612e-01
B,5.6000000000000000e+01,5.7679232920288197e-02,5.7679232920288197e-02,-3.3964461697570947e-01,3.3964461697570947e-01,-3.3964461697570947e-01,-3.3964461697570947e-01,1.3611970598748730e+00,6.5469958568646069e-01,2.4899993425153713e+00,8.0000198224473651e-01
B,5.7000000000000000e+01,5.7041918352566535e-02,5.7041918352566535e-02,-3.3776298895102919e-01,3.3776298895102919e-01,-3.3776298895102919e-01,-3.3776298895102919e-01,1.3613984490105977e+00,6.5480125882174267e-01,2.4899993273337198e+00,8.0000202469647363e-01
B,5.8000000000000000e+01,5.6388690837357043e-02,5.6388690837357043e-02,-3.3582343824503091e-01,3.3582343824503091e-01,-3.3582343824503091e-01,-3.3582343824503091e-01,1.3615997905482853e+00,6.5490373740956365e-01,2.4899993119868919e+00,8.0000206743495617e-01
B,5.9000000000000000e+01,5.5719010081506981e-02,5.5719010081506981e-02,-3.3382333675615605e-01,3.3382333675615605e-01,-3.3382333675615605e-01,-3.3382333675615605e-01,1.3618010709017214e+00,6.5500703011491723e-01,2.4899992964720883e+00,8.0000211046043346e-01
B,6.0000000000000000e+01,5.5032318507841758e-02,5.5032318507841758e-02,-3.3175990869254157e-01,3.3175990869254157e-01,-3.3175990869254157e-01,-3.3175990869254157e-01,1.3620022752445877e+00,6.5511114512775570e-01,2.4899992807865119e+00,8.0000215377280859e-01
B,6.1000000000000000e+01,5.4328041459010705e-02,5.4328041459010705e-02,-3.2963022148768673e-01,3.2963022148768673e-01,-3.2963022148768673e-01,-3.2963022148768673e-01,1.3622033873970893e+00,6.5521609007443626e-01,2.4899992649273770e+00,8.0000219737159772e-01
B,6.2000000000000000e+01,5.3605587588020295e-02,5.3605587588020295e-02,-3.2743117624325357e-01,3.2743117624325357e-01,-3.2743117624325357e-01,-3.2743117624325357e-01,1.3624043897011686e+00,6.5532187191763536e-01,2.4899992488919218e+00,8.0000224125588504e-01
B,6.3000000000000000e+01,5.2864349475095780e-02,5.2864349475095780e-02,-3.2515949770872687e-01,3.2515949770872687e-01,-3.2515949770872687e-01,-3.2515949770872687e-01,1.3626052628830594e+00,6.5542849684327320e-01,2.4899992326774201e+00,8.0000228542427287e-01
B,6.4000000000000000e+01,5.2103704518079490e-02,5.2103704518079490e-02,-3.2281172382080392e-01,3.2281172382080392e-01,-3.2281172382080392e-01,-3.2281172382080392e-01,1.3628059859018034e+00,6.5553597013280618e-01,2.4899992162811984e+00,8.0000232987482667e-01
B,6.5000000000000000e+01,5.1323016151749917e-02,5.1323016151749917e-02,-3.2038419484035074e-01,3.2038419484035074e-01,-3.2038419484035074e-01,-3.2038419484035074e-01,1.3630065357821912e+00,6.5564429601904073e-01,2.4899991997006516e+00,8.0000237460501400e-01
B,6.6000000000000000e+01,5.0521635461346845e-02,5.0521635461346845e-02,-3.1787304214527801e-01,3.1787304214527801e-01,-3.1787304214527801e-01,-3.1787304214527801e-01,1.3632068874304304e+00,6.5575347752339475e-01,2.4899991829332651e+00,8.0000241961163709e-01
B,6.7000000000000000e+01,4.9698903267214649e-02,4.9698903267214649e-02,-3.1527417676433522e-01,3.1527417676433522e-01,-3.1527417676433522e-01,-3.1527417676433522e-01,1.3634070134306586e+00,6.5586351627228268e-01,2.4899991659766374e+00,8.0000246489075888e-01
B,6.8000000000000000e+01,4.8854152770023009e-02,4.8854152770023009e-02,-3.1258327776777506e-01,3.1258327776777506e-01,-3.1258327776777506e-01,-3.1258327776777506e-01,1.3636068838202284e+00,6.5597441229002262e-01,2.4899991488285069e+00,8.0000251043762016e-01
B,6.9000000000000000e+01,4.7986712861749319e-02,4.7986712861749319e-02,-3.0979578067413804e-01,3.0979578067413804e-01,-3.0979578067413804e-01,-3.0979578067413804e-01,1.3638064658414846e+00,6.5608616376536377e-01,2.4899991314867842e+00,8.0000255624654937e-01
B,7.0000000000000000e+01,4.7095912224672846e-02,4.7095912224672846e-02,-3.0690686608374484e-01,3.0690686608374484e-01,-3.0690686608374484e-01,-3.0690686608374484e-01,1.3640057236675378e+00,6.5619876678840738e-01,2.4899991139495863e+00,8.0000260231086207e-01
B,7.1000000000000000e+01,4.6181084360358039e-02,4.6181084360358039e-02,-3.0391144881480869e-01,3.0391144881480869e-01,-3.0391144881480869e-01,-3.0391144881480869e-01,1.3642046180993186e+00,6.5631221505434723e-01,2.4899990962152780e+00,8.0000264862275050e-01
B,7.2000000000000000e+01,4.5241573712556042e-02,4.5241573712556042e-02,-3.0080416789850517e-01,3.0080416789850517e-01,-3.0080416789850517e-01,-3.0080416789850517e-01,1.3644031062309772e+00,6.5642649953009302e-01,2.4899990782825188e+00,8.0000269517316203e-01
B,7.3000000000000000e+01,4.4276743073112815e-02,4.4276743073112815e-02,-2.9757937789138822e-01,2.9757937789138822e-01,-2.9757937789138822e-01,-2.9757937789138822e-01,1.3646011410804837e+00,6.5654160807946915e-01,2.4899990601503150e+00,8.0000274195166465e-01
B,7.4000000000000000e+01,4.3285982486504566e-02,4.3285982486504566e-02,-2.9423114208562140e-01,2.9423114208562140e-01,-2.9423114208562140e-01,-2.9423114208562140e-01,1.3647986711821027e+00,6.5665752504231467e-01,2.4899990418180820e+00,8.0000278894630017e-01
B,7.5000000000000000e+01,4.2268719898113802e-02,4.2268719898113802e-02,-2.9075322835048212e-01,2.9075322835048212e-01,-2.9075322835048212e-01,-2.9075322835048212e-01,1.3649956401372760e+00,6.5677423076246821e-01,2.4899990232857134e+00,8.0000283614342227e-01
B,7.6000000000000000e+01,4.1224433821571774e-02,4.1224433821571774e-02,-2.8713910852258273e-01,2.8713910852258273e-01,-2.8713910852258273e-01,-2.8713910852258273e-01,1.3651919861203810e+00,6.5689170105932937e-01,2.4899990045536602e+00,8.0000288352751980e-01
B,7.7000000000000000e+01,4.0152668331506020e-02,4.0152668331506020e-02,-2.8338196248705039e-01,2.8338196248705039e-01,-2.8338196248705039e-01,-2.8338196248705039e-01,1.3653876413358750e+00,6.5700990663748604e-01,2.4899989856230196e+00,8.0000293108102349e-01
B,7.8000000000000000e+01,3.9053050716439441e-02,3.9053050716439441e-02,-2.7947468835813893e-01,2.7947468835813893e-01,-2.7947468835813893e-01,-2.7947468835813893e-01,1.3655825314235361e+00,6.5712881242883781e-01,2.4899989664956381e+00,8.0000297878409565e-01
B,7.9000000000000000e+01,3.7925312152001060e-02,3.7925312152001060e-02,-2.7540992048944446e-01,2.7540992048944446e-01,-2.7540992048944446e-01,-2.7540992048944446e-01,1.3657765748089346e+00,6.5724837686179616e-01,2.4899989471742257e+00,8.0000302661440226e-01
B,8.0000000000000000e+01,3.6769311769469945e-02,3.6769311769469945e-02,-2.7118005741377793e-01,2.7118005741377793e-01,-2.7118005741377793e-01,-2.7118005741377793e-01,1.3659696819970062e+00,6.5736855105260539e-01,2.4899989276624863e+00,8.0000307454686681e-01
B,8.1000000000000000e+01,3.5585064497395978e-02,3.5585064497395978e-02,-2.6677730224813345e-01,2.6677730224813345e-01,-2.6677730224813345e-01,-2.6677730224813345e-01,1.3661617548077483e+00,6.5748927791471767e-01,2.4899989079652634e+00,8.0000312255340666e-01
B,8.2000000000000000e+01,3.4372773032802957e-02,3.4372773032802957e-02,-2.6219371858533513e-01,2.6219371858533513e-01,-2.6219371858533513e-01,-2.6219371858533513e-01,1.3663526855547747e+00,6.5761049118363868e-01,2.4899988880887034e+00,8.0000317060265214e-01
B,8.3000000000000000e+01,3.3132864245478642e-02,3.3132864245478642e-02,-2.5742130543324748e-01,2.5742130543324748e-01,-2.5742130543324748e-01,-2.5742130543324748e-01,1.3665423561699088e+00,6.5773211435693335e-01,2.4899988680404386e+00,8.0000321865965029e-01
B,8.4000000000000000e+01,3.1866030219179241e-02,3.1866030219179241e-02,-2.5245209533366619e-01,2.5245209533366619e-01,-2.5245209533366619e-01,-2.5245209533366619e-01,1.3667306372803827e+00,6.5785405955238918e-01,2.4899988478297863e+00,8.0000326668555599e-01
B,8.5000000000000000e+01,3.0573273970068180e-02,3.0573273970068180e-02,-2.4727828036472665e-01,2.4727828036472665e-01,-2.4727828036472665e-01,-2.4727828036472665e-01,1.3669173872497897e+00,6.5797622629197816e-01,2.4899988274679719e+00,8.0000331463731456e-01
B,8.6000000000000000e+01,2.9255959634835620e-02,2.9255959634835620e-02,-2.4189237125149532e-01,2.4189237125149532e-01,-2.4189237125149532e-01,-2.4189237125149532e-01,1.3671024511999950e+00,6.5809850022557126e-01,2.4899988069683689e+00,8.0000336246734260e-01
B,8.7000000000000000e+01,2.7915866564577972e-02,2.7915866564577972e-02,-2.3628739519736541e-01,2.3628739519736541e-01,-2.3628739519736541e-01,-2.3628739519736541e-01,1.3672856600390357e+00,6.5822075181671658e-01,2.4899987863467583e+00,8.0000341012321485e-01
B,8.8000000000000000e+01,2.6555246269757894e-02,2.6555246269757894e-02,-2.3045713818303781e-01,2.3045713818303781e-01,-2.3045713818303781e-01,-2.3045713818303781e-01,1.3674668295299552e+00,6.5834283502356783e-01,2.4899987656216025e+00,8.0000345754736923e-01
B,8.9000000000000000e+01,2.5176880513738432e-02,2.5176880513738432e-02,-2.2439643719871505e-01,2.2439643719871505e-01,-2.2439643719871505e-01,-2.2439643719871505e-01,1.3676457594477287e+00,6.5846458602156299e-01,2.4899987448143324e+00,8.0000350467684456e-01
B,9.0000000000000000e+01,2.3784138029824934e-02,2.3784138029824934e-02,-2.1810152695396212e-01,2.1810152695396212e-01,-2.1810152695396212e-01,-2.1810152695396212e-01,1.3678222328860865e+00,6.5858582203089100e-01,2.4899987239496371e+00,8.0000355144307023e-01
B,9.1000000000000000e+01,2.2381026339476542e-02,2.2381026339476542e-02,-2.1157044377453360e-01,2.1157044377453360e-01,-2.1157044377453360e-01,-2.1157044377453360e-01,1.3679960157929638e+00,6.5870634033106834e-01,2.4899987030557487e+00,8.0000359777173169e-01
B,9.2000000000000000e+01,2.0972234006208110e-02,2.0972234006208110e-02,-2.0480348632876400e-01,2.0480348632876400e-01,-2.0480348632876400e-01,-2.0480348632876400e-01,1.3681668568319787e+00,6.5882591756654418e-01,2.4899986821647095e+00,8.0000364358273923e-01
B,9.3000000000000000e+01,1.9563157442045419e-02,1.9563157442045419e-02,-1.9780372818551939e-01,1.9780372818551939e-01,-1.9780372818551939e-01,-1.9780372818551939e-01,1.3683344876866024e+00,6.5894430946996341e-01,2.4899986613126002e+00,8.0000368879033479e-01
B,9.4000000000000000e+01,1.8159905228129162e-02,1.8159905228129162e-02,-1.9057757070615189e-01,1.9057757070615189e-01,-1.9057757070615189e-01,-1.9057757070615189e-01,1.3684986239415560e+00,6.5906125115139624e-01,2.4899986405397114e+00,8.0000373330337249e-01
B,9.5000000000000000e+01,1.6769272031609363e-02,1.6769272031609363e-02,-1.8313531626428237e-01,1.8313531626428237e-01,-1.8313531626428237e-01,-1.8313531626428237e-01,1.3686589666894045e+00,6.5917645811915426e-01,2.4899986198906308e+00,8.0000377702581382e-01
B,9.6000000000000000e+01,1.5398673897501772e-02,1.5398673897501772e-02,-1.7549173141491181e-01,1.7549173141491181e-01,-1.7549173141491181e-01,-1.7549173141491181e-01,1.3688152050150777e+00,6.5928962820608017e-01,2.4899985994142093e+00,8.0000381985747793e-01
B,9.7000000000000000e+01,1.4056037337894829e-02,1.4056037337894829e-02,-1.6766655801259134e-01,1.6766655801259134e-01,-1.6766655801259134e-01,-1.6766655801259134e-01,1.3689670195017773e+00,6.5940044456846669e-01,2.4899985791633816e+00,8.0000386169508264e-01
B,9.8000000000000000e+01,1.2749636627637612e-02,1.2749636627637612e-02,-1.5968491868449952e-01,1.5968491868449952e-01,-1.5968491868449952e-01,-1.5968491868449952e-01,1.3691140868723510e+00,6.5950857989629541e-01,2.4899985591947980e+00,8.0000390243360442e-01
B,9.9000000000000000e+01,1.1487877370266094e-02,1.1487877370266094e-02,-1.5157755355108549e-01,1.5157755355108549e-01,-1.5157755355108549e-01,-1.5157755355108549e-01,1.3692560858249401e+00,6.5961370191684865e-01,2.4899985395682407e+00,8.0000394196796942e-01
B,1.0000000000000000e+02,1.0279029837791664e-02,1.0279029837791664e-02,-1.4338082045930456e-01,1.4338082045930456e-01,-1.4338082045930456e-01,-1.4338082045930456e-01,1.3693927040365823e+00,6.5971548018456372e-01,2.4899985203458006e+00,8.0000398019506491e-01
B,1.0100000000000000e+02,9.1309225560253712e-03,9.1309225560253712e-03,-1.3513639447628734e-01,1.3513639447628734e-01,-1.3513639447628734e-01,-1.3513639447628734e-01,1.3695236461935256e+00,6.5981359402834183e-01,2.4899985015908022e+00,8.0000401701603052e-01
B,1.0200000000000000e+02,8.0506143319488670e-03,8.0506143319488670e-03,-1.2689061692614523e-01,1.2689061692614523e-01,-1.2689061692614523e-01,-1.2689061692614523e-01,1.3696486427687207e+00,6.5990774138046726e-01,2.4899984833664894e+00,8.0000405233875416e-01
B,1.0300000000000000e+02,7.0440700852003836e-03,7.0440700852003836e-03,-1.1869347147337450e-01,1.1869347147337450e-01,-1.1869347147337450e-01,-1.1869347147337450e-01,1.3697674591198190e+00,6.5999764805469141e-01,2.4899984657345100e+00,8.0000408608045903e-01
B,1.0400000000000000e+02,6.1158707423303931e-03,6.1158707423303931e-03,-1.1059720378319149e-01,1.1059720378319149e-01,-1.1059720378319149e-01,-1.1059720378319149e-01,1.3698799043477614e+00,6.6008307689949386e-01,2.4899984487532540e+00,8.0000411817023731e-01
B,1.0500000000000000e+02,5.2689883660203456e-03,5.2689883660203456e-03,-1.0265464788328238e-01,1.0265464788328238e-01,-1.0265464788328238e-01,-1.0265464788328238e-01,1.3699858392649871e+00,6.6016383615625207e-01,2.4899984324761486e+00,8.0000414855136048e-01
B,1.0600000000000000e+02,4.5046534576615197e-03,4.5046534576615197e-03,-9.4917368881164421e-02,9.4917368881164421e-02,-9.4917368881164421e-02,-9.4917368881164421e-02,1.3700851828014928e+00,6.6023978633042935e-01,2.4899984169500100e+00,8.0000417718319261e-01
B,1.0700000000000000e+02,3.8223319321323908e-03,3.8223319321323908e-03,-8.7433768443689885e-02,8.7433768443689885e-02,-8.7433768443689885e-02,-8.7433768443689885e-02,1.3701779162461585e+00,6.6031084495676773e-01,2.4899984022135802e+00,8.0000420404254702e-01
B,1.0800000000000000e+02,3.2198159492695636e-03,3.2198159492695636e-03,-8.0247317080006653e-02,8.0247317080006653e-02,-8.0247317080006653e-02,-8.0247317080006653e-02,1.3702640848833698e+00,6.6037698880889817e-01,2.4899983882963586e+00,8.0000422912436631e-01
B,1.0900000000000000e+02,2.6934181416481732e-03,2.6934181416481732e-03,-7.3395069884130137e-02,7.3395069884130137e-02,-7.3395069884130137e-02,-7.3395069884130137e-02,1.3703437968234964e+00,6.6043825334964978e-01,2.4899983752178265e+00,8.0000425244166218e-01
B,1.1000000000000000e+02,2.2382458811405796e-03,2.2382458811405796e-03,-6.6906589827020468e-02,6.6906589827020468e-02,-6.6906589827020468e-02,-6.6906589827020468e-02,1.3704172191033590e+00,6.6049472950087962e-01,2.4899983629871163e+00,8.0000427402472007e-01
B,1.1100000000000000e+02,1.8485237508527018e-03,1.8485237508527018e-03,-6.0803351072991063e-02,6.0803351072991063e-02,-6.0803351072991063e-02,-6.0803351072991063e-02,1.3704845714014813e+00,6.6054655808075857e-01,2.4899983516031434e+00,8.0000429391964079e-01
B,1.1200000000000000e+02,1.5179297826681802e-03,1.5179297826681802e-03,-5.5098634877248642e-02,5.5098634877248642e-02,-5.5098634877248642e-02,-5.5098634877248642e-02,1.3705461179261973e+00,6.6059392246517878e-01,2.4899983410551676e+00,8.0000431218634849e-01
B,1.1300000000000000e+02,1.2399141505803810e-03,1.2399141505803810e-03,-4.9797874464285741e-02,4.9797874464285741e-02,-4.9797874464285741e-02,-4.9797874464285741e-02,1.3706021581598944e+00,6.6063704014693903e-01,2.4899983313237155e+00,8.0000432889622997e-01
B,1.1400000000000000e+02,1.0079763896752387e-03,1.0079763896752387e-03,-4.4899362794481590e-02,4.4899362794481590e-02,-4.4899362794481590e-02,-4.4899362794481590e-02,1.3706530171683839e+00,6.6067615388274348e-01,2.4899983223817719e+00,8.0000434412958510e-01
B,1.1500000000000000e+02,8.1588664145889256e-04,8.1588664145889256e-04,-4.0395213613964032e-02,4.0395213613964032e-02,-4.0395213613964032e-02,-4.0395213613964032e-02,1.3706990361207376e+00,6.6071152304673220e-01,2.4899983141961317e+00,8.0000435797305702e-01
B,1.1600000000000000e+02,6.5784574614306899e-04,6.5784574614306899e-04,-3.6272461899988784e-02,3.6272461899988784e-02,-3.6272461899988784e-02,-3.6272461899988784e-02,1.3707405635375605e+00,6.6074341567797001e-01,2.4899983067288125e+00,8.0000437051718720e-01
B,1.1700000000000000e+02,5.2858663310426037e-04,5.2858663310426037e-04,-3.2514200992928011e-02,3.2514200992928011e-02,-3.2514200992928011e-02,-3.2514200992928011e-02,1.3707779476266870e+00,6.6077210155092547e-01,2.4899982999384407e+00,8.0000438185420153e-01
B,1.1800000000000000e+02,4.2342463018685310e-04,4.2342463018685310e-04,-2.9100674569049190e-02,2.9100674569049190e-02,-2.9100674569049190e-02,-2.9100674569049190e-02,1.3708115299045056e+00,6.6079784644183914e-01,2.4899982937815359e+00,8.0000439207609797e-01
B,1.1900000000000000e+02,3.3826697575638687e-04,3.3826697575638687e-04,-2.6010266271470073e-02,2.6010266271470073e-02,-2.6010266271470073e-02,-2.6010266271470073e-02,1.3708416401604970e+00,6.6082090763064394e-01,2.4899982882136547e+00,8.0000440127306638e-01
B,1.2000000000000000e+02,2.6959241081553098e-04,2.6959241081553098e-04,-2.3220353606934196e-02,2.3220353606934196e-02,-2.3220353606934196e-02,-2.3220353606934196e-02,1.3708685927142061e+00,6.6084153057824613e-01,2.4899982831903609e+00,8.0000440953224528e-01
B,1.2100000000000000e+02,2.1441089531950926e-04,2.1441089531950926e-04,-2.0708012715831003e-02,2.0708012715831003e-02,-2.0708012715831003e-02,-2.0708012715831003e-02,1.3708926838409774e+00,6.6085994665428616e-01,2.4899982786680197e+00,8.0000441693679447e-01
B,1.2200000000000000e+02,1.7021186933617916e-04,1.7021186933617916e-04,-1.8450575564799010e-02,1.8450575564799010e-02,-1.8450575564799010e-02,-1.8450575564799010e-02,1.3709141902023385e+00,6.6087637175691760e-01,2.4899982746044165e+00,8.0000442356525181e-01
B,1.2300000000000000e+02,1.3490757547137284e-04,1.3490757547137284e-04,-1.6426050984419405e-02,1.6426050984419405e-02,-1.6426050984419405e-02,-1.6426050984419405e-02,1.3709333681024283e+00,6.6089100565669179e-01,2.4899982709592154e+00,8.0000442949113293e-01
B,1.2400000000000000e+02,1.0677611700752567e-04,1.0677611700752567e-04,-1.4613426498089055e-02,1.4613426498089055e-02,-1.4613426498089055e-02,-1.4613426498089055e-02,1.3709504533958778e+00,6.6090403190375779e-01,2.4899982676942791e+00,8.0000443478273164e-01
B,1.2500000000000000e+02,8.4407336516845280e-05,8.4407336516845280e-05,-1.2992870084538310e-02,1.2992870084538310e-02,-1.2992870084538310e-02,-1.2992870084538310e-02,1.3709656618881214e+00,6.6091561815455691e-01,2.4899982647738672e+00,8.0000443950307965e-01
B,1.2600000000000000e+02,6.6653336822681536e-05,6.6653336822681536e-05,-1.1545850927729973e-02,1.1545850927729973e-02,-1.1545850927729973e-02,-1.1545850927729973e-02,1.3709791900906383e+00,6.6092591679575496e-01,2.4899982621647396e+00,8.0000444371002932e-01
B,1.2700000000000000e+02,5.2584529904347090e-05,5.2584529904347090e-05,-1.0255196722086524e-02,1.0255196722086524e-02,-1.0255196722086524e-02,-1.0255196722086524e-02,1.3709912162170645e+00,6.6093506576567607e-01,2.4899982598361814e+00,8.0000444745642574e-01
B,1.2800000000000000e+02,4.1451449325669601e-05,4.1451449325669601e-05,-9.1051028907607190e-03,9.1051028907607190e-03,-9.1051028907607190e-03,-9.1051028907607190e-03,1.3710019013288253e+00,6.6094318949469821e-01,2.4899982577599684e+00,8.0000445079034233e-01
B,1.2900000000000000e+02,3.2652142129585152e-05,3.2652142129585152e-05,-8.0811066234254270e-03,8.0811066234254270e-03,-8.0811066234254270e-03,-8.0811066234254270e-03,1.3710113905594261e+00,6.6095039990475324e-01,2.4899982559102884e+00,8.0000445375535711e-01
B,1.3000000000000000e+02,2.5704709790674556e-05,2.5704709790674556e-05,-7.1700362329174538e-03,7.1700362329174538e-03,-7.1700362329174538e-03,-7.1700362329174538e-03,1.3710198143641261e+00,6.6095679742377178e-01,2.4899982542636341e+00,8.0000445639085294e-01
B,1.3100000000000000e+02,2.0224444779408147e-05,2.0224444779408147e-05,-6.3599441474604390e-03,6.3599441474604390e-03,-6.3599441474604390e-03,-6.3599441474604390e-03,1.3710272897562439e+00,6.6096247198363789e-01,2.4899982527986722e+00,8.0000445873232751e-01
B,1.3200000000000000e+02,1.5904968992613926e-05,1.5904968992613926e-05,-5.6400299631498285e-03,5.6400299631498285e-03,-5.6400299631498285e-03,-5.6400299631498285e-03,1.3710339215029965e+00,6.6096750398022330e-01,2.4899982514961025e+00,8.0000446081170384e-01
B,1.3300000000000000e+02,1.2502792174021253e-05,1.2502792174021253e-05,-5.0005584036227901e-03,5.0005584036227901e-03,-5.0005584036227901e-03,-5.0005584036227901e-03,1.3710398032628719e+00,6.6097196518173984e-01,2.4899982503385116e+00,8.0000446265763359e-01
B,1.3400000000000000e+02,9.8247504424958302e-06,9.8247504424958302e-06,-4.4327757539708301e-03,4.4327757539708301e-03,-4.4327757539708301e-03,-4.4327757539708301e-03,1.3710450186534784e+00,6.6097591957738389e-01,2.4899982493102244e+00,8.0000446429578820e-01
B,1.3500000000000000e+02,7.7178420573221271e-06,7.7178420573221271e-06,-3.9288273205428936e-03,3.9288273205428936e-03,-3.9288273205428936e-03,-3.9288273205428936e-03,1.3710496422439964e+00,6.6097942416243649e-01,2.4899982483971601e+00,8.0000446574913464e-01
B,1.3600000000000000e+02,6.0610397245268593e-06,6.0610397245268593e-06,-3.4816776773638480e-03,3.4816776773638480e-03,-3.4816776773638480e-03,-3.4816776773638480e-03,1.3710537404701297e+00,6.6098252965895998e-01,2.4899982475866920e+00,8.0000446703819372e-01
B,1.3700000000000000e+02,4.7587200328014868e-06,4.7587200328014868e-06,-3.0850348564648300e-03,3.0850348564648300e-03,-3.0850348564648300e-03,-3.0850348564648300e-03,1.3710573724721296e+00,6.6098528117328748e-01,2.4899982468675153e+00,8.0000446818127990e-01
B,1.3800000000000000e+02,3.7354075545719090e-06,3.7354075545719090e-06,-2.7332791860956718e-03,2.7332791860956718e-03,-2.7332791860956718e-03,-2.7332791860956718e-03,1.3710605908582942e+00,6.6098771879286056e-01,2.4899982462295216e+00,8.0000446919472235e-01
B,1.3900000000000000e+02,2.9315820688759890e-06,2.9315820688759890e-06,-2.4213971458131311e-03,2.4213971458131311e-03,-2.4213971458131311e-03,-2.4213971458131311e-03,1.3710634423975441e+00,6.6098987812581511e-01,2.4899982456636840e+00,8.0000447009306763e-01
B,1.4000000000000000e+02,2.3003416860228128e-06,2.3003416860228128e-06,-2.1449203649659410e-03,2.1449203649659410e-03,-2.1449203649659410e-03,-2.1449203649659410e-03,1.3710659686453979e+00,6.6099179078719095e-01,2.4899982451619493e+00,8.0000447088926452e-01
B,1.4100000000000000e+02,1.8047524775644966e-06,1.8047524775644966e-06,-1.8998697205674375e-03,1.8998697205674375e-03,-1.8998697205674375e-03,-1.8998697205674375e-03,1.3710682065080546e+00,6.6099348483584885e-01,2.4899982447171398e+00,8.0000447159483201e-01
B,1.4200000000000000e+02,1.4157470056919340e-06,1.4157470056919340e-06,-1.6827043743283809e-03,1.6827043743283809e-03,-1.6827043743283809e-03,-1.6827043743283809e-03,1.3710701887494223e+00,6.6099498516620570e-01,2.4899982443228632e+00,8.0000447222001103e-01
B,1.4300000000000000e+02,1.1104605479470643e-06,1.1104605479470643e-06,-1.4902755100631992e-03,1.4902755100631992e-03,-1.4902755100631992e-03,-1.4902755100631992e-03,1.3710719444458994e+00,6.6099631385880020e-01,2.4899982439734307e+00,8.0000447277390174e-01
B,1.4400000000000000e+02,8.7091554797872970e-07,8.7091554797872970e-07,-1.3197844884516030e-03,1.3197844884516030e-03,-1.3197844884516030e-03,-1.3197844884516030e-03,1.3710734993935612e+00,6.6099749049352219e-01,2.4899982436637824e+00,8.0000447326458690e-01
B,1.4500000000000000e+02,6.8298256672659040e-07,6.8298256672659040e-07,-1.1687451105579783e-03,1.1687451105579783e-03,-1.1687451105579783e-03,-1.1687451105579783e-03,1.3710748764721759e+00,6.6099853242911333e-01,2.4899982433894206e+00,8.0000447369924299e-01
B,1.4600000000000000e+02,5.3556041202397630e-07,5.3556041202397630e-07,-1.0349496722295015e-03,1.0349496722295015e-03,-1.0349496722295015e-03,-1.0349496722295015e-03,1.3710760959702075e+00,6.6099945505229396e-01,2.4899982431463488e+00,8.0000447408423958e-01
B,1.4700000000000000e+02,4.1992975658421878e-07,4.1992975658421878e-07,-9.1643849393641119e-04,9.1643849393641119e-04,-9.1643849393641119e-04,-9.1643849393641119e-04,1.3710771758746616e+00,6.6100027199960776e-01,2.4899982429310183e+00,8.0000447442522804e-01
B,1.4800000000000000e+02,3.2924390689162048e-07,3.2924390689162048e-07,-8.1147262047664981e-04,8.1147262047664981e-04,-8.1147262047664981e-04,-8.1147262047664981e-04,1.3710781321293317e+00,6.6100099535481460e-01,2.4899982427402785e+00,8.0000447472722158e-01
B,1.4900000000000000e+02,2.5812787784299538e-07,2.5812787784299538e-07,-7.1850939846740403e-04,7.1850939846740403e-04,-7.1850939846740403e-04,-7.1850939846740403e-04,1.3710789788647024e+00,6.6100163582440652e-01,2.4899982425713332e+00,8.0000447499466609e-01
B,1.5000000000000000e+02,2.0236291496075514e-07,2.0236291496075514e-07,-6.3618065824222469e-04,6.3618065824222469e-04,-6.3618065824222469e-04,-6.3618065824222469e-04,1.3710797286024734e+00,6.6100220289358091e-01,2.4899982424217013e+00,8.0000447523150342e-01
B,1.5100000000000000e+02,1.5863837390498630e-07,1.5863837390498630e-07,-5.6327324435834214e-04,5.6327324435834214e-04,-5.6327324435834214e-04,-5.6327324435834214e-04,1.3710803924373967e+00,6.6100270496477831e-01,2.4899982422891824e+00,8.0000447544122810e-01
B,1.5200000000000000e+02,1.2435665953997245e-07,1.2435665953997245e-07,-4.9871165925807759e-04,4.9871165925807759e-04,-4.9871165925807759e-04,-4.9871165925807759e-04,1.3710809801988553e+00,6.6100314948068029e-01,2.4899982421718252e+00,8.0000447562693744e-01
B,1.5300000000000000e+02,9.7479935843891989e-08,9.7479935843891989e-08,-4.4154260461226613e-04,4.4154260461226613e-04,-4.4154260461226613e-04,-4.4154260461226613e-04,1.3710815005943751e+00,6.6100354303337039e-01,2.4899982420678994e+00,8.0000447579137623e-01
B,1.5400000000000000e+02,7.6409701292954982e-08,7.6409701292954982e-08,-3.9092122299244636e-04,3.9092122299244636e-04,-3.9092122299244636e-04,-3.9092122299244636e-04,1.3710819613370377e+00,6.6100389146118388e-01,2.4899982419758717e+00,8.0000447593697677e-01
B,1.5500000000000000e+02,5.9892210528928333e-08,5.9892210528928333e-08,-3.4609886023773129e-04,3.4609886023773129e-04,-3.4609886023773129e-04,-3.4609886023773129e-04,1.3710823692585623e+00,6.6100419993461124e-01,2.4899982418943822e+00,8.0000447606589409e-01
B,1.5600000000000000e+02,4.6944214511588983e-08,4.6944214511588983e-08,-3.0641218811133797e-04,3.0641218811133797e-04,-3.0641218811133797e-04,-3.0641218811133797e-04,1.3710827304096342e+00,6.6100447303247356e-01,2.4899982418222266e+00,8.0000447618003723e-01
B,1.5700000000000000e+02,3.6794666483450082e-08,3.6794666483450082e-08,-2.7127353900979756e-04,2.7127353900979756e-04,-2.7127353900979756e-04,-2.7127353900979756e-04,1.3710830501488991e+00,6.6100471480945844e-01,2.4899982417583377e+00,8.0000447628109750e-01
B,1.5800000000000000e+02,2.8838970717242931e-08,2.8838970717242931e-08,-2.4016232309520547e-04,2.4016232309520547e-04,-2.4016232309520547e-04,-2.4016232309520547e-04,1.3710833332218806e+00,6.6100492885598394e-01,2.4899982417017696e+00,8.0000447637057293e-01
B,1.5900000000000000e+02,2.2603081156465114e-08,2.2603081156465114e-08,-2.1261740830169629e-04,2.1261740830169629e-04,-2.1261740830169629e-04,-2.1261740830169629e-04,1.3710835838309499e+00,6.6100511835125531e-01,2.4899982416516844e+00,8.0000447644979034e-01
B,1.6000000000000000e+02,1.7715333888706386e-08,1.7715333888706386e-08,-1.8823035827786327e-04,1.8823035827786327e-04,-1.8823035827786327e-04,-1.8823035827786327e-04,1.3710838056973507e+00,6.6100528611028031e-01,2.4899982416073398e+00,8.0000447651992479e-01
B,1.6100000000000000e+02,1.3884350272209993e-08,1.3884350272209993e-08,-1.6663943274153326e-04,1.6663943274153326e-04,-1.6663943274153326e-04,-1.6663943274153326e-04,1.3710840021161714e+00,6.6100543462552785e-01,2.4899982415680788e+00,8.0000447658201712e-01
B,1.6200000000000000e+02,1.0881704641261297e-08,1.0881704641261297e-08,-1.4752426675812558e-04,1.4752426675812558e-04,-1.4752426675812558e-04,-1.4752426675812558e-04,1.3710841760050618e+00,6.6100556610383432e-01,2.4899982415333191e+00,8.0000447663698881e-01
B,1.6300000000000000e+02,8.5283303915056804e-09,8.5283303915056804e-09,-1.3060115153784579e-04,1.3060115153784579e-04,-1.3060115153784579e-04,-1.3060115153784579e-04,1.3710843299473987e+00,6.6100568249909852e-01,2.4899982415025450e+00,8.0000447668565611e-01
B,1.6400000000000000e+02,6.6838593717488013e-09,6.6838593717488013e-09,-1.1561885115973780e-04,1.1561885115973780e-04,-1.1561885115973780e-04,-1.1561885115973780e-04,1.3710844662305299e+00,6.6100578554124190e-01,2.4899982414752997e+00,8.0000447672874164e-01
B,1.6500000000000000e+02,5.2382621747405092e-09,5.2382621747405092e-09,-1.0235489411591914e-04,1.0235489411591914e-04,-1.0235489411591914e-04,-1.0235489411591914e-04,1.3710845868796546e+00,6.6100587676186018e-01,2.4899982414511790e+00,8.0000447676688524e-01
B,1.6600000000000000e+02,4.1052932541772449e-09,4.1052932541772449e-09,-9.0612286740565651e-05,9.0612286740565651e-05,-9.0612286740565651e-05,-9.0612286740565651e-05,1.3710846936878354e+00,6.6100595751694180e-01,2.4899982414298245e+00,8.0000447680065356e-01
B,1.6700000000000000e+02,3.2173514814886040e-09,3.2173514814886040e-09,-8.0216600295557328e-05,8.0216600295557328e-05,-8.0216600295557328e-05,-8.0216600295557328e-05,1.3710847882425807e+00,6.6100602900698802e-01,2.4899982414109192e+00,8.0000447683054843e-01
B,1.6800000000000000e+02,2.5214508215527886e-09,2.5214508215527886e-09,-7.1013390590124459e-05,7.1013390590124459e-05,-7.1013390590124459e-05,-7.1013390590124459e-05,1.3710848719493895e+00,6.6100609229483109e-01,2.4899982413941824e+00,8.0000447685701392e-01
B,1.6900000000000000e+02,1.9760614003242212e-09,1.9760614003242212e-09,-6.2865911276688280e-05,6.2865911276688280e-05,-6.2865911276688280e-05,-6.2865911276688280e-05,1.3710849460526033e+00,6.6100614832141280e-01,2.4899982413793653e+00,8.0000447688044329e-01
B,1.7000000000000000e+02,1.5486331195300902e-09,1.5486331195300902e-09,-5.5653088315565924e-05,5.5653088315565924e-05,-5.5653088315565924e-05,-5.5653088315565924e-05,1.3710850116538722e+00,6.6100619791975668e-01,2.4899982413662478e+00,8.0000447690118481e-01
B,1.7100000000000000e+02,1.2136544032522428e-09,1.2136544032522428e-09,-4.9267725810153706e-05,4.9267725810153706e-05,-4.9267725810153706e-05,-4.9267725810153706e-05,1.3710850697285082e+00,6.6100624182733958e-01,2.4899982413546353e+00,8.0000447691954679e-01
B,1.7200000000000000e+02,9.5113048133105072e-10,9.5113048133105072e-10,-4.3614916744871834e-05,4.3614916744871834e-05,-4.3614916744871834e-05,-4.3614916744871834e-05,1.3710851211399664e+00,6.6100628069704714e-01,2.4899982413443551e+00,8.0000447693580212e-01
B,1.7300000000000000e+02,7.4539057613742786e-10,7.4539057613742786e-10,-3.8610635222369183e-05,3.8610635222369183e-05,-3.8610635222369183e-05,-3.8610635222369183e-05,1.3710851666526678e+00,6.6100631510687280e-01,2.4899982413352539e+00,8.0000447695019250e-01
B,1.7400000000000000e+02,5.8415295418421796e-10,5.8415295418421796e-10,-3.4180490171564770e-05,3.4180490171564770e-05,-3.4180490171564770e-05,-3.4180490171564770e-05,1.3710852069433528e+00,6.6100634556850657e-01,2.4899982413271968e+00,8.0000447696293187e-01
B,1.7500000000000000e+02,4.5779206797411815e-10,4.5779206797411815e-10,-3.0258620853373941e-05,3.0258620853373941e-05,-3.0258620853373941e-05,-3.0258620853373941e-05,1.3710852426111357e+00,6.6100637253493855e-01,2.4899982413200643e+00,8.0000447697420962e-01
B,1.7600000000000000e+02,3.5876417816903294e-10,3.5876417816903294e-10,-2.6786719775628853e-05,2.6786719775628853e-05,-2.6786719775628853e-05,-2.6786719775628853e-05,1.3710852741864055e+00,6.6100639640719139e-01,2.4899982413137502e+00,8.0000447698419341e-01
B,1.7700000000000000e+02,2.8115713160591607e-10,2.8115713160591607e-10,-2.3713166452665746e-05,2.3713166452665746e-05,-2.3713166452665746e-05,-2.3713166452665746e-05,1.3710853021387068e+00,6.6100641754028089e-01,2.4899982413081605e+00,8.0000447699303168e-01
B,1.7800000000000000e+02,2.2033751645905032e-10,2.2033751645905032e-10,-2.0992261262620104e-05,2.0992261262620104e-05,-2.0992261262620104e-05,-2.0992261262620104e-05,1.3710853268837191e+00,6.6100643624849287e-01,2.4899982413032120e+00,8.0000447700085586e-01
B,1.7900000000000000e+02,1.7267409492498529e-10,1.7267409492498529e-10,-1.8583546212980195e-05,1.8583546212980195e-05,-1.8583546212980195e-05,-1.8583546212980195e-05,1.3710853487894334e+00,6.6100645281005554e-01,2.4899982412988315e+00,8.0000447700778232e-01
B,1.8000000000000000e+02,1.3532105797064081e-10,1.3532105797064081e-10,-1.6451204087886140e-05,1.6451204087886140e-05,-1.6451204087886140e-05,-1.6451204087886140e-05,1.3710853681816235e+00,6.6100646747127567e-01,2.4899982412949533e+00,8.0000447701391408e-01
B,1.8100000000000000e+02,1.0604815167457697e-10,1.0604815167457697e-10,-1.4563526473665434e-05,1.4563526473665434e-05,-1.4563526473665434e-05,-1.4563526473665434e-05,1.3710853853486871e+00,6.6100648045020027e-01,2.4899982412915200e+00,8.0000447701934230e-01
B,1.8200000000000000e+02,8.3107535551478035e-11,8.3107535551478035e-11,-1.2892442402545612e-05,1.2892442402545612e-05,-1.2892442402545612e-05,-1.2892442402545612e-05,1.3710854005459343e+00,6.6100649193985883e-01,2.4899982412884807e+00,8.0000447702414768e-01
B,1.8300000000000000e+02,6.5129437697721848e-11,6.5129437697721848e-11,-1.1413101042023754e-05,1.1413101042023754e-05,-1.1413101042023754e-05,-1.1413101042023754e-05,1.3710854139993829e+00,6.6100650211113343e-01,2.4899982412857904e+00,8.0000447702840161e-01
B,1.8400000000000000e+02,5.1040382518620744e-11,5.1040382518620744e-11,-1.0103502612324178e-05,1.0103502612324178e-05,-1.0103502612324178e-05,-1.0103502612324178e-05,1.3710854259091187e+00,6.6100651111529940e-01,2.4899982412834087e+00,8.0000447703216748e-01
B,1.8500000000000000e+02,3.9999100253309853e-11,3.9999100253309853e-11,-8.9441713146953816e-06,8.9441713146953816e-06,-8.9441713146953816e-06,-8.9441713146953816e-06,1.3710854364522704e+00,6.6100651908627495e-01,2.4899982412813002e+00,8.0000447703550126e-01
B,1.8600000000000000e+02,3.1346298593330756e-11,3.1346298593330756e-11,-7.9178656964273841e-06,7.9178656964273841e-06,-7.9178656964273841e-06,-7.9178656964273841e-06,1.3710854457856438e+00,6.6100652614261257e-01,2.4899982412794337e+00,8.0000447703845246e-01
B,1.8700000000000000e+02,2.4565300022043972e-11,2.4565300022043972e-11,-7.0093223669687177e-06,7.0093223669687177e-06,-7.0093223669687177e-06,-7.0093223669687177e-06,1.3710854540480528e+00,6.6100653238926199e-01,2.4899982412777812e+00,8.0000447704106503e-01
B,1.8800000000000000e+02,1.9251194522825305e-11,1.9251194522825305e-11,-6.2050293347937213e-06,6.2050293347937213e-06,-6.2050293347937213e-06,-6.2050293347937213e-06,1.3710854613623840e+00,6.6100653791913078e-01,2.4899982412763184e+00,8.0000447704337785e-01
B,1.8900000000000000e+02,1.5086660431032480e-11,1.5086660431032480e-11,-5.4930247461726367e-06,5.4930247461726367e-06,-5.4930247461726367e-06,-5.4930247461726367e-06,1.3710854678374238e+00,6.6100654281446602e-01,2.4899982412750234e+00,8.0000447704542521e-01
B,1.9000000000000000e+02,1.1823018817772729e-11,1.1823018817772729e-11,-4.8627191606698261e-06,4.8627191606698261e-06,-4.8627191606698261e-06,-4.8627191606698261e-06,1.3710854735694766e+00,6.6100654714807761e-01,2.4899982412738773e+00,8.0000447704723765e-01
B,1.9100000000000000e+02,9.2653857209352849e-12,9.2653857209352849e-12,-4.3047382547456436e-06,4.3047382547456436e-06,-4.3047382547456436e-06,-4.3047382547456436e-06,1.3710854786437965e+00,6.6100655098442096e-01,2.4899982412728625e+00,8.0000447704884214e-01
B,1.9200000000000000e+02,7.2610346375814992e-12,7.2610346375814992e-12,-3.8107832889267002e-06,3.8107832889267002e-06,-3.8107832889267002e-06,-3.8107832889267002e-06,1.3710854831358550e+00,6.6100655438055556e-01,2.4899982412719641e+00,8.0000447705026256e-01
B,1.9300000000000000e+02,5.6902769356964075e-12,5.6902769356964075e-12,-3.3735076510055251e-06,3.3735076510055251e-06,-3.3735076510055251e-06,-3.3735076510055251e-06,1.3710854871124643e+00,6.6100655738699376e-01,2.4899982412711688e+00,8.0000447705152000e-01
B,1.9400000000000000e+02,4.4593156046859231e-12,4.4593156046859231e-12,-2.9864077433217062e-06,2.9864077433217062e-06,-2.9864077433217062e-06,-2.9864077433217062e-06,1.3710854906327701e+00,6.6100656004845182e-01,2.4899982412704649e+00,8.0000447705263311e-01
B,1.9500000000000000e+02,3.4946437996356180e-12,3.4946437996356180e-12,-2.6437260824963005e-06,2.6437260824963005e-06,-2.6437260824963005e-06,-2.6437260824963005e-06,1.3710854937491315e+00,6.6100656240451505e-01,2.4899982412698418e+00,8.0000447705361855e-01
B,1.9600000000000000e+02,2.7386563793945887e-12,2.7386563793945887e-12,-2.3403659454857006e-06,2.3403659454857006e-06,-2.3403659454857006e-06,-2.3403659454857006e-06,1.3710854965078993e+00,6.6100656449022643e-01,2.4899982412692903e+00,8.0000447705449085e-01
B,1.9700000000000000e+02,2.1462094966629237e-12,2.1462094966629237e-12,-2.0718153859178301e-06,2.0718153859178301e-06,-2.0718153859178301e-06,-2.0718153859178301e-06,1.3710854989501065e+00,6.6100656633660804e-01,2.4899982412688018e+00,8.0000447705526312e-01
B,1.9800000000000000e+02,1.6819249656883739e-12,1.6819249656883739e-12,-1.8340801322125344e-06,1.8340801322125344e-06,-1.8340801322125344e-06,-1.8340801322125344e-06,1.3710855011120771e+00,6.6100656797112212e-01,2.4899982412683692e+00,8.0000447705594679e-01
B,1.9900000000000000e+02,1.3180779364900527e-12,1.3180779364900527e-12,-1.6236243016720664e-06,1.6236243016720664e-06,-1.6236243016720664e-06,-1.6236243016720664e-06,1.3710855030259674e+00,6.6100656941807989e-01,2.4899982412679864e+00,8.0000447705655198e-01
B,2.0000000000000000e+02,1.0329409391541201e-12,1.0329409391541201e-12,-1.4373175982740349e-06,1.4373175982740349e-06,-1.4373175982740349e-06,-1.4373175982740349e-06,1.3710855047202439e+00,6.6100657069900304e-01,2.4899982412676476e+00,8.0000447705708766e-01
B,2.0100000000000000e+02,8.0948693274384624e-13,8.0948693274384624e-13,-1.2723890385757386e-06,1.2723890385757386e-06,-1.2723890385757386e-06,-1.2723890385757386e-06,1.3710855062201066e+00,6.6100657183294342e-01,2.4899982412673478e+00,8.0000447705756195e-01
B,2.0200000000000000e+02,6.3437221781664252e-13,6.3437221781664252e-13,-1.1263855625998076e-06,1.1263855625998076e-06,-1.1263855625998076e-06,-1.1263855625998076e-06,1.3710855075478638e+00,6.6100657283676689e-01,2.4899982412670822e+00,8.0000447705798183e-01
B,2.0300000000000000e+02,4.9713972085963053e-13,4.9713972085963053e-13,-9.9713561851899613e-07,9.9713561851899613e-07,-9.9713561851899613e-07,-9.9713561851899613e-07,1.3710855087232643e+00,6.6100657372540406e-01,2.4899982412668473e+00,8.0000447705835354e-01
B,2.0400000000000000e+02,3.8959438599547410e-13,3.8959438599547410e-13,-8.8271669973494227e-07,8.8271669973494227e-07,-8.8271669973494227e-07,-8.8271669973494227e-07,1.3710855097637904e+00,6.6100657451207223e-01,2.4899982412666390e+00,8.0000447705868261e-01
B,2.0500000000000000e+02,3.0531415693580181e-13,3.0531415693580181e-13,-7.8142710080442157e-07,7.8142710080442157e-07,-7.8142710080442157e-07,-7.8142710080442157e-07,1.3710855106849187e+00,6.6100657520847206e-01,2.4899982412664547e+00,8.0000447705897382e-01
B,2.0600000000000000e+02,2.3926609038537411e-13,2.3926609038537411e-13,-6.9176020467409671e-07,6.9176020467409671e-07,-6.9176020467409671e-07,-6.9176020467409671e-07,1.3710855115003497e+00,6.6100657582496170e-01,2.4899982412662918e+00,8.0000447705923161e-01
B,2.0700000000000000e+02,1.8750610892469154e-13,1.8750610892469154e-13,-6.1238241144678796e-07,6.1238241144678796e-07,-6.1238241144678796e-07,-6.1238241144678796e-07,1.3710855122222121e+00,6.6100657637071059e-01,2.4899982412661474e+00,8.0000447705945987e-01
B,2.0800000000000000e+02,1.4694321569560905e-13,1.4694321569560905e-13,-5.4211293232242497e-07,5.4211293232242497e-07,-5.4211293232242497e-07,-5.4211293232242497e-07,1.3710855128612425e+00,6.6100657685383613e-01,2.4899982412660195e+00,8.0000447705966193e-01
B,2.0900000000000000e+02,1.1515523790378000e-13,1.1515523790378000e-13,-4.7990673657238858e-07,4.7990673657238858e-07,-4.7990673657238858e-07,-4.7990673657238858e-07,1.3710855134269455e+00,6.6100657728152412e-01,2.4899982412659063e+00,8.0000447705984079e-01
B,2.1000000000000000e+02,9.0243902870119479e-14,9.0243902870119479e-14,-4.2483856432795619e-07,4.2483856432795619e-07,-4.2483856432795619e-07,-4.2483856432795619e-07,1.3710855139277354e+00,6.6100657766013593e-01,2.4899982412658059e+00,8.0000447705999911e-01
B,2.1100000000000000e+02,7.0721594871970637e-14,7.0721594871970637e-14,-3.7608933745048034e-07,3.7608933745048034e-07,-3.7608933745048034e-07,-3.7608933745048034e-07,1.3710855143710610e+00,6.6100657799530282e-01,2.4899982412657171e+00,8.0000447706013933e-01
B,2.1200000000000000e+02,5.5422506558507490e-14,5.5422506558507490e-14,-3.3293394707811785e-07,3.3293394707811785e-07,-3.3293394707811785e-07,-3.3293394707811785e-07,1.3710855147635159e+00,6.6100657829201015e-01,2.4899982412656385e+00,8.0000447706026345e-01
B,2.1300000000000000e+02,4.3433035780078953e-14,4.3433035780078953e-14,-2.9473050666695144e-07,2.9473050666695144e-07,-2.9473050666695144e-07,-2.9473050666695144e-07,1.3710855151109376e+00,6.6100657855467093e-01,2.4899982412655692e+00,8.0000447706037325e-01
B,2.1400000000000000e+02,3.4037235427772213e-14,3.4037235427772213e-14,-2.6091084848189894e-07,2.6091084848189894e-07,-2.6091084848189894e-07,-2.6091084848189894e-07,1.3710855154184933e+00,6.6100657878719205e-01,2.4899982412655075e+00,8.0000447706047051e-01
B,2.1500000000000000e+02,2.6674021461242715e-14,2.6674021461242715e-14,-2.3097195267496318e-07,2.3097195267496318e-07,-2.3097195267496318e-07,-2.3097195267496318e-07,1.3710855156907578e+00,6.6100657899303183e-01,2.4899982412654529e+00,8.0000447706055655e-01
B,2.1600000000000000e+02,2.0903671923264319e-14,2.0903671923264319e-14,-2.0446844217758553e-07,2.0446844217758553e-07,-2.0446844217758553e-07,-2.0446844217758553e-07,1.3710855159317805e+00,6.6100657917525196e-01,2.4899982412654045e+00,8.0000447706063271e-01
B,2.1700000000000000e+02,1.6381603937269847e-14,1.6381603937269847e-14,-1.8100609899818210e-07,1.8100609899818210e-07,-1.8100609899818210e-07,-1.8100609899818210e-07,1.3710855161451465e+00,6.6100657933656282e-01,2.4899982412653618e+00,8.0000447706070021e-01
B,2.1800000000000000e+02,1.2837802439481381e-14,1.2837802439481381e-14,-1.6023609106241565e-07,1.6023609106241565e-07,-1.6023609106241565e-07,-1.6023609106241565e-07,1.3710855163340292e+00,6.6100657947936359e-01,2.4899982412653241e+00,8.0000447706075994e-01
B,2.1900000000000000e+02,1.0060622833550404e-14,1.0060622833550404e-14,-1.4184937668915154e-07,1.4184937668915154e-07,-1.4184937668915154e-07,-1.4184937668915154e-07,1.3710855165012379e+00,6.6100657960577824e-01,2.4899982412652908e+00,8.0000447706081279e-01
B,2.2000000000000000e+02,7.8842245878334599e-15,7.8842245878334599e-15,-1.2557248574296409e-07,1.2557248574296409e-07,-1.2557248574296409e-07,-1.2557248574296409e-07,1.3710855166492599e+00,6.6100657971768717e-01,2.4899982412652610e+00,8.0000447706085964e-01
B,2.2100000000000000e+02,6.1786397208908375e-15,6.1786397208908375e-15,-1.1116330078664305e-07,1.1116330078664305e-07,-1.1116330078664305e-07,-1.1116330078664305e-07,1.3710855167802967e+00,6.6100657981675481e-01,2.4899982412652348e+00,8.0000447706090105e-01
B,2.2200000000000000e+02,4.8420271982673357e-15,4.8420271982673357e-15,-9.8407593185356745e-08,9.8407593185356745e-08,-9.8407593185356745e-08,-9.8407593185356745e-08,1.3710855168962972e+00,6.6100657990445466e-01,2.4899982412652117e+00,8.0000447706093769e-01
B,2.2300000000000000e+02,3.7945564595995305e-15,3.7945564595995305e-15,-8.7115514801894278e-08,8.7115514801894278e-08,-8.7115514801894278e-08,-8.7115514801894278e-08,1.3710855169989871e+00,6.6100657998209111e-01,2.4899982412651913e+00,8.0000447706097011e-01
B,2.2400000000000000e+02,2.9736854977596489e-15,2.9736854977596489e-15,-7.7119199914932324e-08,7.7119199914932324e-08,-7.7119199914932324e-08,-7.7119199914932324e-08,1.3710855170898935e+00,6.6100658005081891e-01,2.4899982412651731e+00,8.0000447706099886e-01
B,2.2500000000000000e+02,2.3303942282908126e-15,2.3303942282908126e-15,-6.8269967457013081e-08,6.8269967457013081e-08,-6.8269967457013081e-08,-6.8269967457013081e-08,1.3710855171703684e+00,6.6100658011166036e-01,2.4899982412651571e+00,8.0000447706102429e-01
B,2.2600000000000000e+02,1.8262638098656230e-15,1.8262638098656230e-15,-6.0436144977416006e-08,6.0436144977416006e-08,-6.0436144977416006e-08,-6.0436144977416006e-08,1.3710855172416092e+00,6.6100658016552039e-01,2.4899982412651429e+00,8.0000447706104683e-01
B,2.2700000000000000e+02,1.4311893862341567e-15,1.4311893862341567e-15,-5.3501203467476444e-08,5.3501203467476444e-08,-5.3501203467476444e-08,-5.3501203467476444e-08,1.3710855173046752e+00,6.6100658021320013e-01,2.4899982412651305e+00,8.0000447706106681e-01
B,2.2800000000000000e+02,1.1215828288924975e-15,1.1215828288924975e-15,-4.7362069821588193e-08,4.7362069821588193e-08,-4.7362069821588193e-08,-4.7362069821588193e-08,1.3710855173605045e+00,6.6100658025540870e-01,2.4899982412651194e+00,8.0000447706108446e-01
B,2.2900000000000000e+02,8.7895322110102502e-16,8.7895322110102502e-16,-4.1927394889285097e-08,4.1927394889285097e-08,-4.1927394889285097e-08,-4.1927394889285097e-08,1.3710855174099277e+00,6.6100658029277393e-01,2.4899982412651096e+00,8.0000447706110012e-01
B,2.3000000000000000e+02,6.8881023495278845e-16,6.8881023495278845e-16,-3.7116310025453458e-08,3.7116310025453458e-08,-3.7116310025453458e-08,-3.7116310025453458e-08,1.3710855174536796e+00,6.6100658032585158e-01,2.4899982412651007e+00,8.0000447706111399e-01
B,2.3100000000000000e+02,5.3980163585932227e-16,5.3980163585932227e-16,-3.2857316867307418e-08,3.2857316867307418e-08,-3.2857316867307418e-08,-3.2857316867307418e-08,1.3710855174924110e+00,6.6100658035513371e-01,2.4899982412650932e+00,8.0000447706112621e-01
B,2.3200000000000000e+02,4.2302676924911553e-16,4.2302676924911553e-16,-2.9086999475680386e-08,2.9086999475680386e-08,-2.9086999475680386e-08,-2.9086999475680386e-08,1.3710855175266980e+00,6.6100658038105575e-01,2.4899982412650865e+00,8.0000447706113709e-01
B,2.3300000000000000e+02,3.3151358038688962e-16,3.3151358038688962e-16,-2.5749313792289286e-08,2.5749313792289286e-08,-2.5749313792289286e-08,-2.5749313792289286e-08,1.3710855175570509e+00,6.6100658040400329e-01,2.4899982412650803e+00,8.0000447706114663e-01
B,2.3400000000000000e+02,2.5979713719376353e-16,2.5979713719376353e-16,-2.2794610643472879e-08,2.2794610643472879e-08,-2.2794610643472879e-08,-2.2794610643472879e-08,1.3710855175839207e+00,6.6100658042431759e-01,2.4899982412650750e+00,8.0000447706115518e-01
B,2.3500000000000000e+02,2.0359540718754327e-16,2.0359540718754327e-16,-2.0178969606376995e-08,2.0178969606376995e-08,-2.0178969606376995e-08,-2.0178969606376995e-08,1.3710855176077072e+00,6.6100658044230087e-01,2.4899982412650701e+00,8.0000447706116273e-01
B,2.3600000000000000e+02,1.5955211009136549e-16,1.5955211009136549e-16,-1.7863488466218769e-08,1.7863488466218769e-08,-1.7863488466218769e-08,-1.7863488466218769e-08,1.3710855176287644e+00,6.6100658045822058e-01,2.4899982412650661e+00,8.0000447706116939e-01
B,2.3700000000000000e+02,1.2503664715081029e-16,1.2503664715081029e-16,-1.5813705900313835e-08,1.5813705900313835e-08,-1.5813705900313835e-08,-1.5813705900313835e-08,1.3710855176474053e+00,6.6100658047231353e-01,2.4899982412650625e+00,8.0000447706117528e-01
B,2.3800000000000000e+02,9.7987582112639203e-17,9.7987582112639203e-17,-1.3999112979945494e-08,1.3999112979945494e-08,-1.3999112979945494e-08,-1.3999112979945494e-08,1.3710855176639072e+00,6.6100658048478944e-01,2.4899982412650594e+00,8.0000447706118050e-01
B,2.3900000000000000e+02,7.6790169532893548e-17,7.6790169532893548e-17,-1.2392753490075847e-08,1.2392753490075847e-08,-1.2392753490075847e-08,-1.2392753490075847e-08,1.3710855176785155e+00,6.6100658049583372e-01,2.4899982412650563e+00,8.0000447706118516e-01
B,2.4000000000000000e+02,6.0178517950857668e-17,6.0178517950857668e-17,-1.0970735431214962e-08,1.0970735431214962e-08,-1.0970735431214962e-08,-1.0970735431214962e-08,1.3710855176914476e+00,6.6100658050561067e-01,2.4899982412650536e+00,8.0000447706118927e-01
B,2.4100000000000000e+02,4.7160265272809906e-17,4.7160265272809906e-17,-9.7118757480529894e-09,9.7118757480529894e-09,-9.7118757480529894e-09,-9.7118757480529894e-09,1.3710855177028958e+00,6.6100658051426575e-01,2.4899982412650514e+00,8.0000447706119293e-01
B,2.4200000000000000e+02,3.6958316429278719e-17,3.6958316429278719e-17,-8.5974782848552422e-09,8.5974782848552422e-09,-8.5974782848552422e-09,-8.5974782848552422e-09,1.3710855177130303e+00,6.6100658052192773e-01,2.4899982412650492e+00,8.0000447706119615e-01
B,2.4300000000000000e+02,2.8962820984260042e-17,2.8962820984260042e-17,-7.6108896962523431e-09,7.6108896962523431e-09,-7.6108896962523431e-09,-7.6108896962523431e-09,1.3710855177220018e+00,6.6100658052871053e-01,2.4899982412650474e+00,8.0000447706119904e-01
B,2.4400000000000000e+02,2.2697248606847834e-17,2.2697248606847834e-17,-6.7375438561612100e-09,6.7375438561612100e-09,-6.7375438561612100e-09,-6.7375438561612100e-09,1.3710855177299439e+00,6.6100658053471495e-01,2.4899982412650457e+00,8.0000447706120159e-01
B,2.4500000000000000e+02,1.7787206354172385e-17,1.7787206354172385e-17,-5.9644289507332360e-09,5.9644289507332360e-09,-5.9644289507332360e-09,-5.9644289507332360e-09,1.3710855177369747e+00,6.6100658054003036e-01,2.4899982412650443e+00,8.0000447706120381e-01
B,2.4600000000000000e+02,1.3939427407535336e-17,1.3939427407535336e-17,-5.2800430694333045e-09,5.2800430694333045e-09,-5.2800430694333045e-09,-5.2800430694333045e-09,1.3710855177431986e+00,6.6100658054473582e-01,2.4899982412650430e+00,8.0000447706120581e-01
B,2.4700000000000000e+02,1.0923735118736095e-17,1.0923735118736095e-17,-4.6741277515138790e-09,4.6741277515138790e-09,-4.6741277515138790e-09,-4.6741277515138790e-09,1.3710855177487085e+00,6.6100658054890138e-01,2.4899982412650421e+00,8.0000447706120759e-01
B,2.4800000000000000e+02,8.5608831945065578e-18,8.5608831945065578e-18,-4.1378456216989434e-09,4.1378456216989434e-09,-4.1378456216989434e-09,-4.1378456216989434e-09,1.3710855177535859e+00,6.6100658055258887e-01,2.4899982412650412e+00,8.0000447706120914e-01
B,2.4900000000000000e+02,6.7088776816488998e-18,6.7088776816488998e-18,-3.6630254385272565e-09,3.6630254385272565e-09,-3.6630254385272565e-09,-3.6630254385272565e-09,1.3710855177579038e+00,6.6100658055585337e-01,2.4899982412650403e+00,8.0000447706121047e-01
B,2.5000000000000000e+02,5.2573914324657825e-18,5.2573914324657825e-18,-3.2426505924831872e-09,3.2426505924831872e-09,-3.2426505924831872e-09,-3.2426505924831872e-09,1.3710855177617263e+00,6.6100658055874328e-01,2.4899982412650394e+00,8.0000447706121169e-01
B,2.5100000000000000e+02,4.1202785691180451e-18,4.1202785691180451e-18,-2.8706370613917898e-09,2.8706370613917898e-09,-2.8706370613917898e-09,-2.8706370613917898e-09,1.3710855177651100e+00,6.6100658056130146e-01,2.4899982412650385e+00,8.0000447706121280e-01
B,2.5200000000000000e+02,3.2287655638415670e-18,3.2287655638415670e-18,-2.5411672766040283e-09,2.5411672766040283e-09,-2.5411672766040283e-09,-2.5411672766040283e-09,1.3710855177681056e+00,6.6100658056356620e-01,2.4899982412650381e+00,8.0000447706121380e-01
B,2.5300000000000000e+02,2.5304011694330347e-18,2.5304011694330347e-18,-2.2496227103374622e-09,2.2496227103374622e-09,-2.2496227103374622e-09,-2.2496227103374622e-09,1.3710855177707573e+00,6.6100658056557104e-01,2.4899982412650377e+00,8.0000447706121469e-01
B,2.5400000000000000e+02,1.9829836546027942e-18,1.9829836546027942e-18,-1.9914736526516208e-09,1.9914736526516208e-09,-1.9914736526516208e-09,-1.9914736526516208e-09,1.3710855177731047e+00,6.6100658056734585e-01,2.4899982412650372e+00,8.0000447706121547e-01
B,2.5500000000000000e+02,1.5540664366784636e-18,1.5540664366784636e-18,-1.7629897541837636e-09,1.7629897541837636e-09,-1.7629897541837636e-09,-1.7629897541837636e-09,1.3710855177751828e+00,6.6100658056891692e-01,2.4899982412650368e+00,8.0000447706121613e-01
B,2.5600000000000000e+02,1.2178340474670658e-18,1.2178340474670658e-18,-1.5606627101760751e-09,1.5606627101760751e-09,-1.5606627101760751e-09,-1.5606627101760751e-09,1.3710855177770225e+00,6.6100658057030781e-01,2.4899982412650363e+00,8.0000447706121669e-01
B,2.5700000000000000e+02,9.5435613313494102e-19,9.5435613313494102e-19,-1.3815615318435448e-09,1.3815615318435448e-09,-1.3815615318435448e-09,-1.3815615318435448e-09,1.3710855177786510e+00,6.6100658057153905e-01,2.4899982412650359e+00,8.0000447706121725e-01
B,2.5800000000000000e+02,7.4789101967790595e-19,7.4789101967790595e-19,-1.2230216839270724e-09,1.2230216839270724e-09,-1.2230216839270724e-09,-1.2230216839270724e-09,1.3710855177800927e+00,6.6100658057262895e-01,2.4899982412650354e+00,8.0000447706121769e-01
B,2.5900000000000000e+02,5.8610826979155996e-19,5.8610826979155996e-19,-1.0826894936144527e-09,1.0826894936144527e-09,-1.0826894936144527e-09,-1.0826894936144527e-09,1.3710855177813690e+00,6.6100658057359385e-01,2.4899982412650350e+00,8.0000447706121813e-01
B,2.6000000000000000e+02,4.5933979058990321e-19,4.5933979058990321e-19,-9.5847774161939014e-10,9.5847774161939014e-10,-9.5847774161939014e-10,-9.5847774161939014e-10,1.3710855177824988e+00,6.6100658057444805e-01,2.4899982412650346e+00,8.0000447706121847e-01
B,2.6100000000000000e+02,3.5995647769018320e-19,3.5995647769018320e-19,-8.4847684433952963e-10,8.4847684433952963e-10,-8.4847684433952963e-10,-8.4847684433952963e-10,1.3710855177834989e+00,6.6100658057520423e-01,2.4899982412650346e+00,8.0000447706121880e-01
B,2.6200000000000000e+02,2.8210000842157648e-19,2.8210000842157648e-19,-7.5113248954039591e-10,7.5113248954039591e-10,-7.5113248954039591e-10,-7.5113248954039591e-10,1.3710855177843841e+00,6.6100658057587358e-01,2.4899982412650346e+00,8.0000447706121913e-01
B,2.6300000000000000e+02,2.2106912677637318e-19,2.2106912677637318e-19,-6.6493477390849876e-10,6.6493477390849876e-10,-6.6493477390849876e-10,-6.6493477390849876e-10,1.3710855177851680e+00,6.6100658057646622e-01,2.4899982412650346e+00,8.0000447706121935e-01
B,2.6400000000000000e+02,1.7324867058041037e-19,1.7324867058041037e-19,-5.8864024765625800e-10,5.8864024765625800e-10,-5.8864024765625800e-10,-5.8864024765625800e-10,1.3710855177858619e+00,6.6100658057699080e-01,2.4899982412650346e+00,8.0000447706121958e-01
B,2.6500000000000000e+02,1.3576962371888072e-19,1.3576962371888072e-19,-5.2109427883806347e-10,5.2109427883806347e-10,-5.2109427883806347e-10,-5.2109427883806347e-10,1.3710855177864760e+00,6.6100658057745521e-01,2.4899982412650346e+00,8.0000447706121980e-01
B,2.6600000000000000e+02,1.0640801177841478e-19,1.0640801177841478e-19,-4.6131987119224505e-10,4.6131987119224505e-10,-4.6131987119224505e-10,-4.6131987119224505e-10,1.3710855177870198e+00,6.6100658057786632e-01,2.4899982412650346e+00,8.0000447706122002e-01
B,2.6700000000000000e+02,8.3388924346320820e-20,8.3388924346320820e-20,-4.0838443737811758e-10,4.0838443737811758e-10,-4.0838443737811758e-10,-4.0838443737811758e-10,1.3710855177875012e+00,6.6100658057823025e-01,2.4899982412650346e+00,8.0000447706122013e-01
B,2.6800000000000000e+02,6.5337010044477692e-20,6.5337010044477692e-20,-3.6148861681795097e-10,3.6148861681795097e-10,-3.6148861681795097e-10,-3.6148861681795097e-10,1.3710855177879273e+00,6.6100658057855244e-01,2.4899982412650346e+00,8.0000447706122024e-01
B,2.6900000000000000e+02,5.1203419134826169e-20,5.1203419134826169e-20,-3.2001068461795512e-10,3.2001068461795512e-10,-3.2001068461795512e-10,-3.2001068461795512e-10,1.3710855177883046e+00,6.6100658057883765e-01,2.4899982412650346e+00,8.0000447706122035e-01
B,2.7000000000000000e+02,4.0125055942735548e-20,4.0125055942735548e-20,-2.8328450696335494e-10,2.8328450696335494e-10,-2.8328450696335494e-10,-2.8328450696335494e-10,1.3710855177886385e+00,6.6100658057909012e-01,2.4899982412650346e+00,8.0000447706122046e-01
B,2.7100000000000000e+02,3.1444596202473630e-20,3.1444596202473630e-20,-2.5077717680233036e-10,2.5077717680233036e-10,-2.5077717680233036e-10,-2.5077717680233036e-10,1.3710855177889341e+00,6.6100658057931361e-01,2.4899982412650346e+00,8.0000447706122058e-01
B,2.7200000000000000e+02,2.4642043512917488e-20,2.4642043512917488e-20,-2.2200019600404630e-10,2.2200019600404630e-10,-2.2200019600404630e-10,-2.2200019600404630e-10,1.3710855177891959e+00,6.6100658057951145e-01,2.4899982412650346e+00,8.0000447706122069e-01
B,2.7300000000000000e+02,1.9316714712706607e-20,1.9316714712706607e-20,-1.9655388427963771e-10,1.9655388427963771e-10,-1.9655388427963771e-10,-1.9655388427963771e-10,1.3710855177894274e+00,6.6100658057968664e-01,2.4899982412650346e+00,8.0000447706122080e-01
B,2.7400000000000000e+02,1.5129256631556881e-20,1.5129256631556881e-20,-1.7394974349826953e-10,1.7394974349826953e-10,-1.7394974349826953e-10,-1.7394974349826953e-10,1.3710855177896326e+00,6.6100658057984174e-01,2.4899982412650346e+00,8.0000447706122091e-01
B,2.7500000000000000e+02,1.1859561299693543e-20,1.1859561299693543e-20,-1.5401013797600172e-10,1.5401013797600172e-10,-1.5401013797600172e-10,-1.5401013797600172e-10,1.3710855177898140e+00,6.6100658057997896e-01,2.4899982412650346e+00,8.0000447706122102e-01
B,2.7600000000000000e+02,9.2997244255455955e-21,9.2997244255455955e-21,-1.3637979634495423e-10,1.3637979634495423e-10,-1.3637979634495423e-10,-1.3637979634495423e-10,1.3710855177899748e+00,6.6100658058010042e-01,2.4899982412650346e+00,8.0000447706122102e-01
B,2.7700000000000000e+02,7.2846610874774375e-21,7.2846610874774375e-21,-1.2070344723724702e-10,1.2070344723724702e-10,-1.2070344723724702e-10,-1.2070344723724702e-10,1.3710855177901171e+00,6.6100658058020800e-01,2.4899982412650346e+00,8.0000447706122102e-01
B,2.7800000000000000e+02,5.7082330089199764e-21,5.7082330089199764e-21,-1.0684786388992507e-10,1.0684786388992507e-10,-1.0684786388992507e-10,-1.0684786388992507e-10,1.3710855177902430e+00,6.6100658058030326e-01,2.4899982412650346e+00,8.0000447706122102e-01
B,2.7900000000000000e+02,4.4737288011215106e-21,4.4737288011215106e-21,-9.4591001698063337e-11,9.4591001698063337e-11,-9.4591001698063337e-11,-9.4591001698063337e-11,1.3710855177903545e+00,6.6100658058038753e-01,2.4899982412650346e+00,8.0000447706122102e-01
B,2.8000000000000000e+02,3.5074688555343976e-21,3.5074688555343976e-21,-8.3755224977721809e-11,8.3755224977721809e-11,-8.3755224977721809e-11,-8.3755224977721809e-11,1.3710855177904533e+00,6.6100658058046213e-01,2.4899982412650346e+00,8.0000447706122102e-01
B,2.8100000000000000e+02,2.7467752150104336e-21,2.7467752150104336e-21,-7.4118489123975451e-11,7.4118489123975451e-11,-7.4118489123975451e-11,-7.4118489123975451e-11,1.3710855177905408e+00,6.6100658058052819e-01,2.4899982412650346e+00,8.0000447706122102e-01
B,2.8200000000000000e+02,2.1511536771323608e-21,2.1511536771323608e-21,-6.5591976294854248e-11,6.5591976294854248e-11,-6.5591976294854248e-11,-6.5591976294854248e-11,1.3710855177906180e+00,6.6100658058058670e-01,2.4899982412650346e+00,8.0000447706122102e-01
B,2.8300000000000000e+02,1.6870421546875514e-21,1.6870421546875514e-21,-5.8086868648388190e-11,5.8086868648388190e-11,-5.8086868648388190e-11,-5.8086868648388190e-11,1.3710855177906864e+00,6.6100658058063844e-01,2.4899982412650346e+00,8.0000447706122102e-01
B,2.8400000000000000e+02,1.3222925936359861e-21,1.3222925936359861e-21,-5.1425530500637251e-11,5.1425530500637251e-11,-5.1425530500637251e-11,-5.1425530500637251e-11,1.3710855177907471e+00,6.6100658058068429e-01,2.4899982412650346e+00,8.0000447706122102e-01
B,2.8500000000000000e+02,1.0359962356847819e-21,1.0359962356847819e-21,-4.5519144009631418e-11,4.5519144009631418e-11,-4.5519144009631418e-11,-4.5519144009631418e-11,1.3710855177908008e+00,6.6100658058072481e-01,2.4899982412650346e+00,8.0000447706122102e-01
B,2.8600000000000000e+02,8.1119454352395018e-22,8.1119454352395018e-22,-4.0278891333400679e-11,4.0278891333400679e-11,-4.0278891333400679e-11,-4.0278891333400679e-11,1.3710855177908483e+00,6.6100658058076067e-01,2.4899982412650346e+00,8.0000447706122102e-01
B,2.8700000000000000e+02,6.3583076429331925e-22,6.3583076429331925e-22,-3.5660363550960028e-11,3.5660363550960028e-11,-3.5660363550960028e-11,-3.5660363550960028e-11,1.3710855177908903e+00,6.6100658058079242e-01,2.4899982412650346e+00,8.0000447706122102e-01
B,2.8800000000000000e+02,4.9848219208528889e-22,4.9848219208528889e-22,-3.1574742820339452e-11,3.1574742820339452e-11,-3.1574742820339452e-11,-3.1574742820339452e-11,1.3710855177909276e+00,6.6100658058082051e-01,2.4899982412650346e+00,8.0000447706122102e-01
B,2.8900000000000000e+02,3.9137361660277448e-22,3.9137361660277448e-22,-2.7977620220553945e-11,2.7977620220553945e-11,-2.7977620220553945e-11,-2.7977620220553945e-11,1.3710855177909604e+00,6.6100658058084538e-01,2.4899982412650346e+00,8.0000447706122102e-01
B,2.9000000000000000e+02,3.0592913372989211e-22,3.0592913372989211e-22,-2.4735768988648488e-11,2.4735768988648488e-11,-2.4735768988648488e-11,-2.4735768988648488e-11,1.3710855177909895e+00,6.6100658058086748e-01,2.4899982412650346e+00,8.0000447706122102e-01
B,2.9100000000000000e+02,2.3966481769132712e-22,2.3966481769132712e-22,-2.1893598045608087e-11,2.1893598045608087e-11,-2.1893598045608087e-11,-2.1893598045608087e-11,1.3710855177910153e+00,6.6100658058088702e-01,2.4899982412650346e+00,8.0000447706122102e-01
B,2.9200000000000000e+02,1.8830997276143925e-22,1.8830997276143925e-22,-1.9406698470447736e-11,1.9406698470447736e-11,-1.9406698470447736e-11,-1.9406698470447736e-11,1.3710855177910382e+00,6.6100658058090433e-01,2.4899982412650346e+00,8.0000447706122102e-01
B,2.9300000000000000e+02,1.4768363614255715e-22,1.4768363614255715e-22,-1.7186252421197423e-11,1.7186252421197423e-11,-1.7186252421197423e-11,-1.7186252421197423e-11,1.3710855177910584e+00,6.6100658058091966e-01,2.4899982412650346e+00,8.0000447706122102e-01
B,2.9400000000000000e+02,1.1533540864783803e-22,1.1533540864783803e-22,-1.5187850976872141e-11,1.5187850976872141e-11,-1.5187850976872141e-11,-1.5187850976872141e-11,1.3710855177910763e+00,6.6100658058093320e-01,2.4899982412650346e+00,8.0000447706122102e-01
B,2.9500000000000000e+02,9.0530663559294841e-23,9.0530663559294841e-23,-1.3455903058456897e-11,1.3455903058456897e-11,-1.3455903058456897e-11,-1.3455903058456897e-11,1.3710855177910921e+00,6.6100658058094519e-01,2.4899982412650346e+00,8.0000447706122102e-01
B,2.9600000000000000e+02,7.1353454953372044e-23,7.1353454953372044e-23,-1.1945999744966684e-11,1.1945999744966684e-11,-1.1945999744966684e-11,-1.1945999744966684e-11,1.3710855177911061e+00,6.6100658058095585e-01,2.4899982412650346e+00,8.0000447706122102e-01
B,2.9700000000000000e+02,5.5386910231698765e-23,5.5386910231698765e-23,-1.0524914273446484e-11,1.0524914273446484e-11,-1.0524914273446484e-11,-1.0524914273446484e-11,1.3710855177911185e+00,6.6100658058096529e-01,2.4899982412650346e+00,8.0000447706122102e-01
B,2.9800000000000000e+02,4.3901095451680833e-23,4.3901095451680833e-23,-9.3702823278363212e-12,9.3702823278363212e-12,-9.3702823278363212e-12,-9.3702823278363212e-12,1.3710855177911294e+00,6.6100658058097361e-01,2.4899982412650346e+00,8.0000447706122102e-01
B,2.9900000000000000e+02,3.4114289846282656e-23,3.4114289846282656e-23,-8.2600593032111647e-12,8.2600593032111647e-12,-8.2600593032111647e-12,-8.2600593032111647e-12,1.3710855177911392e+00,6.6100658058098105e-01,2.4899982412650346e+00,8.0000447706122102e-01
B,3.0000000000000000e+02,2.6845922680802558e-23,2.6845922680802558e-23,-7.3274719625260332e-12,7.3274719625260332e-12,-7.3274719625260332e-12,-7.3274719625260332e-12,1.3710855177911478e+00,6.6100658058098760e-01,2.4899982412650346e+00,8.0000447706122102e-01
B,3.0100000000000000e+02,2.0732250665339717e-23,2.0732250665339717e-23,-6.4392935428259079e-12,6.4392935428259079e-12,-6.4392935428259079e-12,-6.4392935428259079e-12,1.3710855177911554e+00,6.6100658058099337e-01,2.4899982412650346e+00,8.0000447706122102e-01
B,3.0200000000000000e+02,1.6409292904728572e-23,1.6409292904728572e-23,-5.7287508070658077e-12,5.7287508070658077e-12,-5.7287508070658077e-12,-5.7287508070658077e-12,1.3710855177911621e+00,6.6100658058099848e-01,2.4899982412650346e+00,8.0000447706122102e-01
B,3.0300000000000000e+02,1.3040856839434851e-23,1.3040856839434851e-23,-5.1070259132757201e-12,5.1070259132757201e-12,-5.1070259132757201e-12,-5.1070259132757201e-12,1.3710855177911681e+00,6.6100658058100303e-01,2.4899982412650346e+00,8.0000447706122102e-01
B,3.0400000000000000e+02,1.0058962617699427e-23,1.0058962617699427e-23,-4.4853010194856324e-12,4.4853010194856324e-12,-4.4853010194856324e-12,-4.4853010194856324e-12,1.3710855177911734e+00,6.6100658058100703e-01,2.4899982412650346e+00,8.0000447706122102e-01
B,3.0500000000000000e+02,7.9872166653627445e-24,7.9872166653627445e-24,-3.9968028886505635e-12,3.9968028886505635e-12,-3.9968028886505635e-12,-3.9968028886505635e-12,1.3710855177911780e+00,6.6100658058101058e-01,2.4899982412650346e+00,8.0000447706122102e-01
B,3.0600000000000000e+02,6.1541011368554183e-24,6.1541011368554183e-24,-3.5083047578154947e-12,3.5083047578154947e-12,-3.5083047578154947e-12,-3.5083047578154947e-12,1.3710855177911823e+00,6.6100658058101369e-01,2.4899982412650346e+00,8.0000447706122102e-01
B,3.0700000000000000e+02,4.9708097790239006e-24,4.9708097790239006e-24,-3.1530333899354446e-12,3.1530333899354446e-12,-3.1530333899354446e-12,-3.1530333899354446e-12,1.3710855177911858e+00,6.6100658058101647e-01,2.4899982412650346e+00,8.0000447706122102e-01
B,3.0800000000000000e+02,3.7904766495869617e-24,3.7904766495869617e-24,-2.7533531010703882e-12,2.7533531010703882e-12,-2.7533531010703882e-12,-2.7533531010703882e-12,1.3710855177911891e+00,6.6100658058101891e-01,2.4899982412650346e+00,8.0000447706122102e-01
B,3.0900000000000000e+02,2.8753979995305880e-24,2.8753979995305880e-24,-2.3980817331903381e-12,2.3980817331903381e-12,-2.3980817331903381e-12,-2.3980817331903381e-12,1.3710855177911920e+00,6.6100658058102113e-01,2.4899982412650346e+00,8.0000447706122102e-01
B,3.1000000000000000e+02,2.3675687917945617e-24,2.3675687917945617e-24,-2.1760371282653068e-12,2.1760371282653068e-12,-2.1760371282653068e-12,-2.1760371282653068e-12,1.3710855177911945e+00,6.6100658058102302e-01,2.4899982412650346e+00,8.0000447706122102e-01
B,3.1100000000000000e+02,1.8232547671920635e-24,1.8232547671920635e-24,-1.9095836023552692e-12,1.9095836023552692e-12,-1.9095836023552692e-12,-1.9095836023552692e-12,1.3710855177911967e+00,6.6100658058102468e-01,2.4899982412650346e+00,8.0000447706122102e-01
B,3.1200000000000000e+02,1.4998217960514487e-24,1.4998217960514487e-24,-1.7319479184152442e-12,1.7319479184152442e-12,-1.7319479184152442e-12,-1.7319479184152442e-12,1.3710855177911987e+00,6.6100658058102624e-01,2.4899982412650346e+00,8.0000447706122102e-01
B,3.1300000000000000e+02,1.1399040080443621e-24,1.1399040080443621e-24,-1.5099033134902129e-12,1.5099033134902129e-12,-1.5099033134902129e-12,-1.5099033134902129e-12,1.3710855177912005e+00,6.6100658058102757e-01,2.4899982412650346e+00,8.0000447706122102e-01
B,3.1400000000000000e+02,8.8746851837363828e-25,8.8746851837363828e-25,-1.3322676295501878e-12,1.3322676295501878e-12,-1.3322676295501878e-12,-1.3322676295501878e-12,1.3710855177912020e+00,6.6100658058102879e-01,2.4899982412650346e+00,8.0000447706122102e-01
B,3.1500000000000000e+02,6.6658746491175498e-25,6.6658746491175498e-25,-1.1546319456101628e-12,1.1546319456101628e-12,-1.1546319456101628e-12,-1.1546319456101628e-12,1.3710855177912034e+00,6.6100658058102979e-01,2.4899982412650346e+00,8.0000447706122102e-01
B,3.1600000000000000e+02,5.2163427357739406e-25,5.2163427357739406e-25,-1.0214051826551440e-12,1.0214051826551440e-12,-1.0214051826551440e-12,-1.0214051826551440e-12,1.3710855177912045e+00,6.6100658058103068e-01,2.4899982412650346e+00,8.0000447706122102e-01
B,3.1700000000000000e+02,4.3485957400308276e-25,4.3485957400308276e-25,-9.3258734068513149e-13,9.3258734068513149e-13,-9.3258734068513149e-13,-9.3258734068513149e-13,1.3710855177912056e+00,6.6100658058103146e-01,2.4899982412650346e+00,8.0000447706122102e-01
B,3.1800000000000000e+02,3.1948866661450978e-25,3.1948866661450978e-25,-7.9936057773011271e-13,7.9936057773011271e-13,-7.9936057773011271e-13,-7.9936057773011271e-13,1.3710855177912065e+00,6.6100658058103223e-01,2.4899982412650346e+00,8.0000447706122102e-01
B,3.1900000000000000e+02,2.5243548967072378e-25,2.5243548967072378e-25,-7.1054273576010019e-13,7.1054273576010019e-13,-7.1054273576010019e-13,-7.1054273576010019e-13,1.3710855177912074e+00,6.6100658058103290e-01,2.4899982412650346e+00,8.0000447706122102e-01
B,3.2000000000000000e+02,2.2186712959340957e-25,2.2186712959340957e-25,-6.6613381477509392e-13,6.6613381477509392e-13,-6.6613381477509392e-13,-6.6613381477509392e-13,1.3710855177912080e+00,6.6100658058103345e-01,2.4899982412650346e+00,8.0000447706122102e-01
B,3.2100000000000000e+02,1.6664686622793874e-25,1.6664686622793874e-25,-5.7731597280508140e-13,5.7731597280508140e-13,-5.7731597280508140e-13,-5.7731597280508140e-13,1.3710855177912087e+00,6.6100658058103401e-01,2.4899982412650346e+00,8.0000447706122102e-01
B,3.2200000000000000e+02,9.8607613152626476e-26,9.8607613152626476e-26,-4.4408920985006262e-13,4.4408920985006262e-13,-4.4408920985006262e-13,-4.4408920985006262e-13,1.3710855177912094e+00,6.6100658058103445e-01,2.4899982412650346e+00,8.0000447706122102e-01
B,3.2300000000000000e+02,1.1931521191467804e-25,1.1931521191467804e-25,-4.8849813083506888e-13,4.8849813083506888e-13,-4.8849813083506888e-13,-4.8849813083506888e-13,1.3710855177912098e+00,6.6100658058103479e-01,2.4899982412650346e+00,8.0000447706122102e-01
B,3.2400000000000000e+02,7.9872166653627445e-26,7.9872166653627445e-26,-3.9968028886505635e-13,3.9968028886505635e-13,-3.9968028886505635e-13,-3.9968028886505635e-13,1.3710855177912102e+00,6.6100658058103512e-01,2.4899982412650346e+00,8.0000447706122102e-01
B,3.2500000000000000e+02,6.3108872417680944e-26,6.3108872417680944e-26,-3.5527136788005009e-13,3.5527136788005009e-13,-3.5527136788005009e-13,-3.5527136788005009e-13,1.3710855177912107e+00,6.6100658058103545e-01,2.4899982412650346e+00,8.0000447706122102e-01
B,3.2600000000000000e+02,4.8317730444786973e-26,4.8317730444786973e-26,-3.1086244689504383e-13,3.1086244689504383e-13,-3.1086244689504383e-13,-3.1086244689504383e-13,1.3710855177912111e+00,6.6100658058103579e-01,2.4899982412650346e+00,8.0000447706122102e-01
B,3.2700000000000000e+02,3.5498740734945531e-26,3.5498740734945531e-26,-2.6645352591003757e-13,2.6645352591003757e-13,-2.6645352591003757e-13,-2.6645352591003757e-13,1.3710855177912114e+00,6.6100658058103601e-01,2.4899982412650346e+00,8.0000447706122102e-01
B,3.2800000000000000e+02,2.4651903288156619e-26,2.4651903288156619e-26,-2.2204460492503131e-13,2.2204460492503131e-13,-2.2204460492503131e-13,-2.2204460492503131e-13,1.3710855177912116e+00,6.6100658058103623e-01,2.4899982412650346e+00,8.0000447706122102e-01
B,3.2900000000000000e+02,2.4651903288156619e-26,2.4651903288156619e-26,-2.2204460492503131e-13,2.2204460492503131e-13,-2.2204460492503131e-13,-2.2204460492503131e-13,1.3710855177912118e+00,6.6100658058103645e-01,2.4899982412650346e+00,8.0000447706122102e-01
B,3.3000000000000000e+02,1.5777218104420236e-26,1.5777218104420236e-26,-1.7763568394002505e-13,1.7763568394002505e-13,-1.7763568394002505e-13,-1.7763568394002505e-13,1.3710855177912120e+00,6.6100658058103667e-01,2.4899982412650346e+00,8.0000447706122102e-01
B,3.3100000000000000e+02,1.5777218104420236e-26,1.5777218104420236e-26,-1.7763568394002505e-13,1.7763568394002505e-13,-1.7763568394002505e-13,-1.7763568394002505e-13,1.3710855177912122e+00,6.6100658058103678e-01,2.4899982412650346e+00,8.0000447706122102e-01
B,3.3200000000000000e+02,8.8746851837363828e-27,8.8746851837363828e-27,-1.3322676295501878e-13,1.3322676295501878e-13,-1.3322676295501878e-13,-1.3322676295501878e-13,1.3710855177912125e+00,6.6100658058103690e-01,2.4899982412650346e+00,8.0000447706122102e-01
B,3.3300000000000000e+02,8.8746851837363828e-27,8.8746851837363828e-27,-1.3322676295501878e-13,1.3322676295501878e-13,-1.3322676295501878e-13,-1.3322676295501878e-13,1.3710855177912127e+00,6.6100658058103701e-01,2.4899982412650346e+00,8.0000447706122102e-01
B,3.3400000000000000e+02,3.9443045261050590e-27,3.9443045261050590e-27,-8.8817841970012523e-14,8.8817841970012523e-14,-8.8817841970012523e-14,-8.8817841970012523e-14,1.3710855177912129e+00,6.6100658058103712e-01,2.4899982412650346e+00,8.0000447706122102e-01
B,3.3500000000000000e+02,3.9443045261050590e-27,3.9443045261050590e-27,-8.8817841970012523e-14,8.8817841970012523e-14,-8.8817841970012523e-14,-8.8817841970012523e-14,1.3710855177912129e+00,6.6100658058103723e-01,2.4899982412650346e+00,8.0000447706122102e-01
B,3.3600000000000000e+02,8.8746851837363828e-27,8.8746851837363828e-27,-1.3322676295501878e-13,1.3322676295501878e-13,-1.3322676295501878e-13,-1.3322676295501878e-13,1.3710855177912129e+00,6.6100658058103734e-01,2.4899982412650346e+00,8.0000447706122102e-01
B,3.3700000000000000e+02,3.9443045261050590e-27,3.9443045261050590e-27,-8.8817841970012523e-14,8.8817841970012523e-14,-8.8817841970012523e-14,-8.8817841970012523e-14,1.3710855177912131e+00,6.6100658058103745e-01,2.4899982412650346e+00,8.0000447706122102e-01
B,3.3800000000000000e+02,9.8607613152626476e-28,9.8607613152626476e-28,-4.4408920985006262e-14,4.4408920985006262e-14,-4.4408920985006262e-14,-4.4408920985006262e-14,1.3710855177912131e+00,6.6100658058103756e-01,2.4899982412650346e+00,8.0000447706122102e-01
B,3.3900000000000000e+02,9.8607613152626476e-28,9.8607613152626476e-28,-4.4408920985006262e-14,4.4408920985006262e-14,-4.4408920985006262e-14,-4.4408920985006262e-14,1.3710855177912131e+00,6.6100658058103756e-01,2.4899982412650346e+00,8.0000447706122102e-01
B,3.4000000000000000e+02,9.8607613152626476e-28,9.8607613152626476e-28,-4.4408920985006262e-14,4.4408920985006262e-14,-4.4408920985006262e-14,-4.4408920985006262e-14,1.3710855177912131e+00,6.6100658058103756e-01,2.4899982412650346e+00,8.0000447706122102e-01
B,3.4100000000000000e+02,3.9443045261050590e-27,3.9443045261050590e-27,-8.8817841970012523e-14,8.8817841970012523e-14,-8.8817841970012523e-14,-8.8817841970012523e-14,1.3710855177912131e+00,6.6100658058103756e-01,2.4899982412650346e+00,8.0000447706122102e-01
B,3.4200000000000000e+02,9.8607613152626476e-28,9.8607613152626476e-28,-4.4408920985006262e-14,4.4408920985006262e-14,-4.4408920985006262e-14,-4.4408920985006262e-14,1.3710855177912131e+00,6.6100658058103767e-01,2.4899982412650346e+00,8.0000447706122102e-01
B,3.4300000000000000e+02,9.8607613152626476e-28,9.8607613152626476e-28,-4.4408920985006262e-14,4.4408920985006262e-14,-4.4408920985006262e-14,-4.4408920985006262e-14,1.3710855177912131e+00,6.6100658058103767e-01,2.4899982412650346e+00,8.0000447706122102e-01
B,3.4400000000000000e+02,0.0000000000000000e+00,0.0000000000000000e+00,0.0000000000000000e+00,0.0000000000000000e+00,0.0000000000000000e+00,0.0000000000000000e+00,1.3710855177912131e+00,6.6100658058103767e-01,2.4899982412650346e+00,8.0000447706122102e-01
B,3.4500000000000000e+02,0.0000000000000000e+00,0.0000000000000000e+00,0.0000000000000000e+00,0.0000000000000000e+00,0.0000000000000000e+00,0.0000000000000000e+00,1.3710855177912131e+00,6.6100658058103767e-01,2.4899982412650346e+00,8.0000447706122102e-01
B,3.4600000000000000e+02,0.0000000000000000e+00,0.0000000000000000e+00,0.0000000000000000e+00,0.0000000000000000e+00,0.0000000000000000e+00,0.0000000000000000e+00,1.3710855177912131e+00,6.6100658058103767e-01,2.4899982412650346e+00,8.0000447706122102e-01
B,3.4700000000000000e+02,0.0000000000000000e+00,0.0000000000000000e+00,0.0000000000000000e+00,0.0000000000000000e+00,0.0000000000000000e+00,0.0000000000000000e+00,1.3710855177912131e+00,6.6100658058103767e-01,2.4899982412650346e+00,8.0000447706122102e-01
B,3.4800000000000000e+02,0.0000000000000000e+00,0.0000000000000000e+00,0.0000000000000000e+00,0.0000000000000000e+00,0.0000000000000000e+00,0.0000000000000000e+00,1.3710855177912131e+00,6.6100658058103767e-01,2.4899982412650346e+00,8.0000447706122102e-01
B,3.4900000000000000e+02,0.0000000000000000e+00,0.0000000000000000e+00,0.0000000000000000e+00,0.0000000000000000e+00,0.0000000000000000e+00,0.0000000000000000e+00,1.3710855177912131e+00,6.6100658058103767e-01,2.4899982412650346e+00,8.0000447706122102e-01
B,3.5000000000000000e+02,0.0000000000000000e+00,0.0000000000000000e+00,0.0000000000000000e+00,0.0000000000000000e+00,0.0000000000000000e+00,0.0000000000000000e+00,1.3710855177912131e+00,6.6100658058103767e-01,2.4899982412650346e+00,8.0000447706122102e-01
B,3.5100000000000000e+02,0.0000000000000000e+00,0.0000000000000000e+00,0.0000000000000000e+00,0.0000000000000000e+00,0.0000000000000000e+00,0.0000000000000000e+00,1.3710855177912131e+00,6.6100658058103767e-01,2.4899982412650346e+00,8.0000447706122102e-01
B,3.5200000000000000e+02,0.0000000000000000e+00,0.0000000000000000e+00,0.0000000000000000e+00,0.0000000000000000e+00,0.0000000000000000e+00,0.0000000000000000e+00,1.3710855177912131e+00,6.6100658058103767e-01,2.4899982412650346e+00,8.0000447706122102e-01
B,3.5300000000000000e+02,0.0000000000000000e+00,0.0000000000000000e+00,0.0000000000000000e+00,0.0000000000000000e+00,0.0000000000000000e+00,0.0000000000000000e+00,1.3710855177912131e+00,6.6100658058103767e-01,2.4899982412650346e+00,8.0000447706122102e-01
B,3.5400000000000000e+02,0.0000000000000000e+00,0.0000000000000000e+00,0.0000000000000000e+00,0.0000000000000000e+00,0.0000000000000000e+00,0.0000000000000000e+00,1.3710855177912131e+00,6.6100658058103767e-01,2.4899982412650346e+00,8.0000447706122102e-01
B,3.5500000000000000e+02,0.0000000000000000e+00,0.0000000000000000e+00,0.0000000000000000e+00,0.0000000000000000e+00,0.0000000000000000e+00,0.0000000000000000e+00,1.3710855177912131e+00,6.6100658058103767e-01,2.4899982412650346e+00,8.0000447706122102e-01
B,3.5600000000000000e+02,0.0000000000000000e+00,0.0000000000000000e+00,0.0000000000000000e+00,0.0000000000000000e+00,0.0000000000000000e+00,0.0000000000000000e+00,1.3710855177912131e+00,6.6100658058103767e-01,2.4899982412650346e+00,8.0000447706122102e-01
B,3.5700000000000000e+02,0.0000000000000000e+00,0.0000000000000000e+00,0.0000000000000000e+00,0.0000000000000000e+00,0.0000000000000000e+00,0.0000000000000000e+00,1.3710855177912131e+00,6.6100658058103767e-01,2.4899982412650346e+00,8.0000447706122102e-01
B,3.5800000000000000e+02,0.0000000000000000e+00,0.0000000000000000e+00,0.0000000000000000e+00,0.0000000000000000e+00,0.0000000000000000e+00,0.0000000000000000e+00,1.3710855177912131e+00,6.6100658058103767e-01,2.4899982412650346e+00,8.0000447706122102e-01
B,3.5900000000000000e+02,0.0000000000000000e+00,0.0000000000000000e+00,0.0000000000000000e+00,0.0000000000000000e+00,0.0000000000000000e+00,0.0000000000000000e+00,1.3710855177912131e+00,6.6100658058103767e-01,2.4899982412650346e+00,8.0000447706122102e-01
B,3.6000000000000000e+02,0.0000000000000000e+00,0.0000000000000000e+00,0.0000000000000000e+00,0.0000000000000000e+00,0.0000000000000000e+00,0.0000000000000000e+00,1.3710855177912131e+00,6.6100658058103767e-01,2.4899982412650346e+00,8.0000447706122102e-01
B,3.6100000000000000e+02,0.0000000000000000e+00,0.0000000000000000e+00,0.0000000000000000e+00,0.0000000000000000e+00,0.0000000000000000e+00,0.0000000000000000e+00,1.3710855177912131e+00,6.6100658058103767e-01,2.4899982412650346e+00,8.0000447706122102e-01
B,3.6200000000000000e+02,0.0000000000000000e+00,0.0000000000000000e+00,0.0000000000000000e+00,0.0000000000000000e+00,0.0000000000000000e+00,0.0000000000000000e+00,1.3710855177912131e+00,6.6100658058103767e-01,2.4899982412650346e+00,8.0000447706122102e-01
B,3.6300000000000000e+02,0.0000000000000000e+00,0.0000000000000000e+00,0.0000000000000000e+00,0.0000000000000000e+00,0.0000000000000000e+00,0.0000000000000000e+00,1.3710855177912131e+00,6.6100658058103767e-01,2.4899982412650346e+00,8.0000447706122102e-01
B,3.6400000000000000e+02,0.0000000000000000e+00,0.0000000000000000e+00,0.0000000000000000e+00,0.0000000000000000e+00,0.0000000000000000e+00,0.0000000000000000e+00,1.3710855177912131e+00,6.6100658058103767e-01,2.4899982412650346e+00,8.0000447706122102e-01
B,3.6500000000000000e+02,0.0000000000000000e+00,0.0000000000000000e+00,0.0000000000000000e+00,0.0000000000000000e+00,0.0000000000000000e+00,0.0000000000000000e+00,1.3710855177912131e+00,6.6100658058103767e-01,2.4899982412650346e+00,8.0000447706122102e-01
B,3.6600000000000000e+02,0.0000000000000000e+00,0.0000000000000000e+00,0.0000000000000000e+00,0.0000000000000000e+00,0.0000000000000000e+00,0.0000000000000000e+00,1.3710855177912131e+00,6.6100658058103767e-01,2.4899982412650346e+00,8.0000447706122102e-01
B,3.6700000000000000e+02,0.0000000000000000e+00,0.0000000000000000e+00,0.0000000000000000e+00,0.0000000000000000e+00,0.0000000000000000e+00,0.0000000000000000e+00,1.3710855177912131e+00,6.6100658058103767e-01,2.4899982412650346e+00,8.0000447706122102e-01
B,3.6800000000000000e+02,0.0000000000000000e+00,0.0000000000000000e+00,0.0000000000000000e+00,0.0000000000000000e+00,0.0000000000000000e+00,0.0000000000000000e+00,1.3710855177912131e+00,6.6100658058103767e-01,2.4899982412650346e+00,8.0000447706122102e-01
B,3.6900000000000000e+02,0.0000000000000000e+00,0.0000000000000000e+00,0.0000000000000000e+00,0.0000000000000000e+00,0.0000000000000000e+00,0.0000000000000000e+00,1.3710855177912131e+00,6.6100658058103767e-01,2.4899982412650346e+00,8.0000447706122102e-01
B,3.7000000000000000e+02,0.0000000000000000e+00,0.0000000000000000e+00,0.0000000000000000e+00,0.0000000000000000e+00,0.0000000000000000e+00,0.0000000000000000e+00,1.3710855177912131e+00,6.6100658058103767e-01,2.4899982412650346e+00,8.0000447706122102e-01
B,3.7100000000000000e+02,0.0000000000000000e+00,0.0000000000000000e+00,0.0000000000000000e+00,0.0000000000000000e+00,0.0000000000000000e+00,0.0000000000000000e+00,1.3710855177912131e+00,6.6100658058103767e-01,2.4899982412650346e+00,8.0000447706122102e-01
B,3.7200000000000000e+02,0.0000000000000000e+00,0.0000000000000000e+00,0.0000000000000000e+00,0.0000000000000000e+00,0.0000000000000000e+00,0.0000000000000000e+00,1.3710855177912131e+00,6.6100658058103767e-01,2.4899982412650346e+00,8.0000447706122102e-01
B,3.7300000000000000e+02,0.0000000000000000e+00,0.0000000000000000e+00,0.0000000000000000e+00,0.0000000000000000e+00,0.0000000000000000e+00,0.0000000000000000e+00,1.3710855177912131e+00,6.6100658058103767e-01,2.4899982412650346e+00,8.0000447706122102e-01
B,3.7400000000000000e+02,0.0000000000000000e+00,0.0000000000000000e+00,0.0000000000000000e+00,0.0000000000000000e+00,0.0000000000000000e+00,0.0000000000000000e+00,1.3710855177912131e+00,6.6100658058103767e-01,2.4899982412650346e+00,8.0000447706122102e-01
B,3.7500000000000000e+02,0.0000000000000000e+00,0.0000000000000000e+00,0.0000000000000000e+00,0.0000000000000000e+00,0.0000000000000000e+00,0.0000000000000000e+00,1.3710855177912131e+00,6.6100658058103767e-01,2.4899982412650346e+00,8.0000447706122102e-01
B,3.7600000000000000e+02,0.0000000000000000e+00,0.0000000000000000e+00,0.0000000000000000e+00,0.0000000000000000e+00,0.0000000000000000e+00,0.0000000000000000e+00,1.3710855177912131e+00,6.6100658058103767e-01,2.4899982412650346e+00,8.0000447706122102e-01
B,3.7700000000000000e+02,0.0000000000000000e+00,0.0000000000000000e+00,0.0000000000000000e+00,0.0000000000000000e+00,0.0000000000000000e+00,0.0000000000000000e+00,1.3710855177912131e+00,6.6100658058103767e-01,2.4899982412650346e+00,8.0000447706122102e-01
B,3.7800000000000000e+02,0.0000000000000000e+00,0.0000000000000000e+00,0.0000000000000000e+00,0.0000000000000000e+00,0.0000000000000000e+00,0.0000000000000000e+00,1.3710855177912131e+00,6.6100658058103767e-01,2.4899982412650346e+00,8.0000447706122102e-01
B,3.7900000000000000e+02,0.0000000000000000e+00,0.0000000000000000e+00,0.0000000000000000e+00,0.0000000000000000e+00,0.0000000000000000e+00,0.0000000000000000e+00,1.3710855177912131e+00,6.6100658058103767e-01,2.4899982412650346e+00,8.0000447706122102e-01
B,3.8000000000000000e+02,0.0000000000000000e+00,0.0000000000000000e+00,0.0000000000000000e+00,0.0000000000000000e+00,0.0000000000000000e+00,0.0000000000000000e+00,1.3710855177912131e+00,6.6100658058103767e-01,2.4899982412650346e+00,8.0000447706122102e-01
B,3.8100000000000000e+02,0.0000000000000000e+00,0.0000000000000000e+00,0.0000000000000000e+00,0.0000000000000000e+00,0.0000000000000000e+00,0.0000000000000000e+00,1.3710855177912131e+00,6.6100658058103767e-01,2.4899982412650346e+00,8.0000447706122102e-01
B,3.8200000000000000e+02,0.0000000000000000e+00,0.0000000000000000e+00,0.0000000000000000e+00,0.0000000000000000e+00,0.0000000000000000e+00,0.0000000000000000e+00,1.3710855177912131e+00,6.6100658058103767e-01,2.4899982412650346e+00,8.0000447706122102e-01
B,3.8300000000000000e+02,0.0000000000000000e+00,0.0000000000000000e+00,0.0000000000000000e+00,0.0000000000000000e+00,0.0000000000000000e+00,0.0000000000000000e+00,1.3710855177912131e+00,6.6100658058103767e-01,2.4899982412650346e+00,8.0000447706122102e-01
B,3.8400000000000000e+02,0.0000000000000000e+00,0.0000000000000000e+00,0.0000000000000000e+00,0.0000000000000000e+00,0.0000000000000000e+00,0.0000000000000000e+00,1.3710855177912131e+00,6.6100658058103767e-01,2.4899982412650346e+00,8.0000447706122102e-01
B,3.8500000000000000e+02,0.0000000000000000e+00,0.0000000000000000e+00,0.0000000000000000e+00,0.0000000000000000e+00,0.0000000000000000e+00,0.0000000000000000e+00,1.3710855177912131e+00,6.6100658058103767e-01,2.4899982412650346e+00,8.0000447706122102e-01
B,3.8600000000000000e+02,0.0000000000000000e+00,0.0000000000000000e+00,0.0000000000000000e+00,0.0000000000000000e+00,0.0000000000000000e+00,0.0000000000000000e+00,1.3710855177912131e+00,6.6100658058103767e-01,2.4899982412650346e+00,8.0000447706122102e-01
B,3.8700000000000000e+02,0.0000000000000000e+00,0.0000000000000000e+00,0.0000000000000000e+00,0.0000000000000000e+00,0.0000000000000000e+00,0.0000000000000000e+00,1.3710855177912131e+00,6.6100658058103767e-01,2.4899982412650346e+00,8.0000447706122102e-01
B,3.8800000000000000e+02,0.0000000000000000e+00,0.0000000000000000e+00,0.0000000000000000e+00,0.0000000000000000e+00,0.0000000000000000e+00,0.0000000000000000e+00,1.3710855177912131e+00,6.6100658058103767e-01,2.4899982412650346e+00,8.0000447706122102e-01
B,3.8900000000000000e+02,0.0000000000000000e+00,0.0000000000000000e+00,0.0000000000000000e+00,0.0000000000000000e+00,0.0000000000000000e+00,0.0000000000000000e+00,1.3710855177912131e+00,6.6100658058103767e-01,2.4899982412650346e+00,8.0000447706122102e-01
B,3.9000000000000000e+02,0.0000000000000000e+00,0.0000000000000000e+00,0.0000000000000000e+00,0.0000000000000000e+00,0.0000000000000000e+00,0.0000000000000000e+00,1.3710855177912131e+00,6.6100658058103767e-01,2.4899982412650346e+00,8.0000447706122102e-01
B,3.9100000000000000e+02,0.0000000000000000e+00,0.0000000000000000e+00,0.0000000000000000e+00,0.0000000000000000e+00,0.0000000000000000e+00,0.0000000000000000e+00,1.3710855177912131e+00,6.6100658058103767e-01,2.4899982412650346e+00,8.0000447706122102e-01
B,3.9200000000000000e+02,0.0000000000000000e+00,0.0000000000000000e+00,0.0000000000000000e+00,0.0000000000000000e+00,0.0000000000000000e+00,0.0000000000000000e+00,1.3710855177912131e+00,6.6100658058103767e-01,2.4899982412650346e+00,8.0000447706122102e-01
B,3.9300000000000000e+02,0.0000000000000000e+00,0.0000000000000000e+00,0.0000000000000000e+00,0.0000000000000000e+00,0.0000000000000000e+00,0.0000000000000000e+00,1.3710855177912131e+00,6.6100658058103767e-01,2.4899982412650346e+00,8.0000447706122102e-01
B,3.9400000000000000e+02,0.0000000000000000e+00,0.0000000000000000e+00,0.0000000000000000e+00,0.0000000000000000e+00,0.0000000000000000e+00,0.0000000000000000e+00,1.3710855177912131e+00,6.6100658058103767e-01,2.4899982412650346e+00,8.0000447706122102e-01
B,3.9500000000000000e+02,0.0000000000000000e+00,0.0000000000000000e+00,0.0000000000000000e+00,0.0000000000000000e+00,0.0000000000000000e+00,0.0000000000000000e+00,1.3710855177912131e+00,6.6100658058103767e-01,2.4899982412650346e+00,8.0000447706122102e-01
B,3.9600000000000000e+02,0.0000000000000000e+00,0.0000000000000000e+00,0.0000000000000000e+00,0.0000000000000000e+00,0.0000000000000000e+00,0.0000000000000000e+00,1.3710855177912131e+00,6.6100658058103767e-01,2.4899982412650346e+00,8.0000447706122102e-01
B,3.9700000000000000e+02,0.0000000000000000e+00,0.0000000000000000e+00,0.0000000000000000e+00,0.0000000000000000e+00,0.0000000000000000e+00,0.0000000000000000e+00,1.3710855177912131e+00,6.6100658058103767e-01,2.4899982412650346e+00,8.0000447706122102e-01
B,3.9800000000000000e+02,0.0000000000000000e+00,0.0000000000000000e+00,0.0000000000000000e+00,0.0000000000000000e+00,0.0000000000000000e+00,0.0000000000000000e+00,1.3710855177912131e+00,6.6100658058103767e-01,2.4899982412650346e+00,8.0000447706122102e-01
B,3.9900000000000000e+02,0.0000000000000000e+00,0.0000000000000000e+00,0.0000000000000000e+00,0.0000000000000000e+00,0.0000000000000000e+00,0.0000000000000000e+00,1.3710855177912131e+00,6.6100658058103767e-01,2.4899982412650346e+00,8.0000447706122102e-01
B,4.0000000000000000e+02,0.0000000000000000e+00,0.0000000000000000e+00,0.0000000000000000e+00,0.0000000000000000e+00,0.0000000000000000e+00,0.0000000000000000e+00,1.3710855177912131e+00,6.6100658058103767e-01,2.4899982412650346e+00,8.0000447706122102e-01
B,4.0100000000000000e+02,0.0000000000000000e+00,0.0000000000000000e+00,0.0000000000000000e+00,0.0000000000000000e+00,0.0000000000000000e+00,0.0000000000000000e+00,1.3710855177912131e+00,6.6100658058103767e-01,2.4899982412650346e+00,8.0000447706122102e-01
B,4.0200000000000000e+02,0.0000000000000000e+00,0.0000000000000000e+00,0.0000000000000000e+00,0.0000000000000000e+00,0.0000000000000000e+00,0.0000000000000000e+00,1.3710855177912131e+00,6.6100658058103767e-01,2.4899982412650346e+00,8.0000447706122102e-01
B,4.0300000000000000e+02,0.0000000000000000e+00,0.0000000000000000e+00,0.0000000000000000e+00,0.0000000000000000e+00,0.0000000000000000e+00,0.0000000000000000e+00,1.3710855177912131e+00,6.6100658058103767e-01,2.4899982412650346e+00,8.0000447706122102e-01
B,4.0400000000000000e+02,0.0000000000000000e+00,0.0000000000000000e+00,0.0000000000000000e+00,0.0000000000000000e+00,0.0000000000000000e+00,0.0000000000000000e+00,1.3710855177912131e+00,6.6100658058103767e-01,2.4899982412650346e+00,8.0000447706122102e-01
B,4.0500000000000000e+02,0.0000000000000000e+00,0.0000000000000000e+00,0.0000000000000000e+00,0.0000000000000000e+00,0.0000000000000000e+00,0.0000000000000000e+00,1.3710855177912131e+00,6.6100658058103767e-01,2.4899982412650346e+00,8.0000447706122102e-01
B,4.0600000000000000e+02,0.0000000000000000e+00,0.0000000000000000e+00,0.0000000000000000e+00,0.0000000000000000e+00,0.0000000000000000e+00,0.0000000000000000e+00,1.3710855177912131e+00,6.6100658058103767e-01,2.4899982412650346e+00,8.0000447706122102e-01
B,4.0700000000000000e+02,0.0000000000000000e+00,0.0000000000000000e+00,0.0000000000000000e+00,0.0000000000000000e+00,0.0000000000000000e+00,0.0000000000000000e+00,1.3710855177912131e+00,6.6100658058103767e-01,2.4899982412650346e+00,8.0000447706122102e-01
B,4.0800000000000000e+02,0.0000000000000000e+00,0.0000000000000000e+00,0.0000000000000000e+00,0.0000000000000000e+00,0.0000000000000000e+00,0.0000000000000000e+00,1.3710855177912131e+00,6.6100658058103767e-01,2.4899982412650346e+00,8.0000447706122102e-01
B,4.0900000000000000e+02,0.0000000000000000e+00,0.0000000000000000e+00,0.0000000000000000e+00,0.0000000000000000e+00,0.0000000000000000e+00,0.0000000000000000e+00,1.3710855177912131e+00,6.6100658058103767e-01,2.4899982412650346e+00,8.0000447706122102e-01
B,4.1000000000000000e+02,0.0000000000000000e+00,0.0000000000000000e+00,0.0000000000000000e+00,0.0000000000000000e+00,0.0000000000000000e+00,0.0000000000000000e+00,1.3710855177912131e+00,6.6100658058103767e-01,2.4899982412650346e+00,8.0000447706122102e-01
B,4.1100000000000000e+02,0.0000000000000000e+00,0.0000000000000000e+00,0.0000000000000000e+00,0.0000000000000000e+00,0.0000000000000000e+00,0.0000000000000000e+00,1.3710855177912131e+00,6.6100658058103767e-01,2.4899982412650346e+00,8.0000447706122102e-01
B,4.1200000000000000e+02,0.0000000000000000e+00,0.0000000000000000e+00,0.0000000000000000e+00,0.0000000000000000e+00,0.0000000000000000e+00,0.0000000000000000e+00,1.3710855177912131e+00,6.6100658058103767e-01,2.4899982412650346e+00,8.0000447706122102e-01
B,4.1300000000000000e+02,0.0000000000000000e+00,0.0000000000000000e+00,0.0000000000000000e+00,0.0000000000000000e+00,0.0000000000000000e+00,0.0000000000000000e+00,1.3710855177912131e+00,6.6100658058103767e-01,2.4899982412650346e+00,8.0000447706122102e-01
B,4.1400000000000000e+02,0.0000000000000000e+00,0.0000000000000000e+00,0.0000000000000000e+00,0.0000000000000000e+00,0.0000000000000000e+00,0.0000000000000000e+00,1.3710855177912131e+00,6.6100658058103767e-01,2.4899982412650346e+00,8.0000447706122102e-01
B,4.1500000000000000e+02,0.0000000000000000e+00,0.0000000000000000e+00,0.0000000000000000e+00,0.0000000000000000e+00,0.0000000000000000e+00,0.0000000000000000e+00,1.3710855177912131e+00,6.6100658058103767e-01,2.4899982412650346e+00,8.0000447706122102e-01
B,4.1600000000000000e+02,0.0000000000000000e+00,0.0000000000000000e+00,0.0000000000000000e+00,0.0000000000000000e+00,0.0000000000000000e+00,0.0000000000000000e+00,1.3710855177912131e+00,6.6100658058103767e-01,2.4899982412650346e+00,8.0000447706122102e-01
B,4.1700000000000000e+02,0.0000000000000000e+00,0.0000000000000000e+00,0.0000000000000000e+00,0.0000000000000000e+00,0.0000000000000000e+00,0.0000000000000000e+00,1.3710855177912131e+00,6.6100658058103767e-01,2.4899982412650346e+00,8.0000447706122102e-01
B,4.1800000000000000e+02,0.0000000000000000e+00,0.0000000000000000e+00,0.0000000000000000e+00,0.0000000000000000e+00,0.0000000000000000e+00,0.0000000000000000e+00,1.3710855177912131e+00,6.6100658058103767e-01,2.4899982412650346e+00,8.0000447706122102e-01
B,4.1900000000000000e+02,0.0000000000000000e+00,0.0000000000000000e+00,0.0000000000000000e+00,0.0000000000000000e+00,0.0000000000000000e+00,0.0000000000000000e+00,1.3710855177912131e+00,6.6100658058103767e-01,2.4899982412650346e+00,8.0000447706122102e-01
B,4.2000000000000000e+02,0.0000000000000000e+00,0.0000000000000000e+00,0.0000000000000000e+00,0.0000000000000000e+00,0.0000000000000000e+00,0.0000000000000000e+00,1.3710855177912131e+00,6.6100658058103767e-01,2.4899982412650346e+00,8.0000447706122102e-01
B,4.2100000000000000e+02,0.0000000000000000e+00,0.0000000000000000e+00,0.0000000000000000e+00,0.0000000000000000e+00,0.0000000000000000e+00,0.0000000000000000e+00,1.3710855177912131e+00,6.6100658058103767e-01,2.4899982412650346e+00,8.0000447706122102e-01
B,4.2200000000000000e+02,0.0000000000000000e+00,0.0000000000000000e+00,0.0000000000000000e+00,0.0000000000000000e+00,0.0000000000000000e+00,0.0000000000000000e+00,1.3710855177912131e+00,6.6100658058103767e-01,2.4899982412650346e+00,8.0000447706122102e-01
B,4.2300000000000000e+02,0.0000000000000000e+00,0.0000000000000000e+00,0.0000000000000000e+00,0.0000000000000000e+00,0.0000000000000000e+00,0.0000000000000000e+00,1.3710855177912131e+00,6.6100658058103767e-01,2.4899982412650346e+00,8.0000447706122102e-01
B,4.2400000000000000e+02,0.0000000000000000e+00,0.0000000000000000e+00,0.0000000000000000e+00,0.0000000000000000e+00,0.0000000000000000e+00,0.0000000000000000e+00,1.3710855177912131e+00,6.6100658058103767e-01,2.4899982412650346e+00,8.0000447706122102e-01
B,4.2500000000000000e+02,0.0000000000000000e+00,0.0000000000000000e+00,0.0000000000000000e+00,0.0000000000000000e+00,0.0000000000000000e+00,0.0000000000000000e+00,1.3710855177912131e+00,6.6100658058103767e-01,2.4899982412650346e+00,8.0000447706122102e-01
B,4.2600000000000000e+02,0.0000000000000000e+00,0.0000000000000000e+00,0.0000000000000000e+00,0.0000000000000000e+00,0.0000000000000000e+00,0.0000000000000000e+00,1.3710855177912131e+00,6.6100658058103767e-01,2.4899982412650346e+00,8.0000447706122102e-01
B,4.2700000000000000e+02,0.0000000000000000e+00,0.0000000000000000e+00,0.0000000000000000e+00,0.0000000000000000e+00,0.0000000000000000e+00,0.0000000000000000e+00,1.3710855177912131e+00,6.6100658058103767e-01,2.4899982412650346e+00,8.0000447706122102e-01
B,4.2800000000000000e+02,0.0000000000000000e+00,0.0000000000000000e+00,0.0000000000000000e+00,0.0000000000000000e+00,0.0000000000000000e+00,0.0000000000000000e+00,1.3710855177912131e+00,6.6100658058103767e-01,2.4899982412650346e+00,8.0000447706122102e-01
B,4.2900000000000000e+02,0.0000000000000000e+00,0.0000000000000000e+00,0.0000000000000000e+00,0.0000000000000000e+00,0.0000000000000000e+00,0.0000000000000000e+00,1.3710855177912131e+00,6.6100658058103767e-01,2.4899982412650346e+00,8.0000447706122102e-01
B,4.3000000000000000e+02,0.0000000000000000e+00,0.0000000000000000e+00,0.0000000000000000e+00,0.0000000000000000e+00,0.0000000000000000e+00,0.0000000000000000e+00,1.3710855177912131e+00,6.6100658058103767e-01,2.4899982412650346e+00,8.0000447706122102e-01
B,4.3100000000000000e+02,0.0000000000000000e+00,0.0000000000000000e+00,0.0000000000000000e+00,0.0000000000000000e+00,0.0000000000000000e+00,0.0000000000000000e+00,1.3710855177912131e+00,6.6100658058103767e-01,2.4899982412650346e+00,8.0000447706122102e-01
B,4.3200000000000000e+02,0.0000000000000000e+00,0.0000000000000000e+00,0.0000000000000000e+00,0.0000000000000000e+00,0.0000000000000000e+00,0.0000000000000000e+00,1.3710855177912131e+00,6.6100658058103767e-01,2.4899982412650346e+00,8.0000447706122102e-01
B,4.3300000000000000e+02,0.0000000000000000e+00,0.0000000000000000e+00,0.0000000000000000e+00,0.0000000000000000e+00,0.0000000000000000e+00,0.0000000000000000e+00,1.3710855177912131e+00,6.6100658058103767e-01,2.4899982412650346e+00,8.0000447706122102e-01
B,4.3400000000000000e+02,0.0000000000000000e+00,0.0000000000000000e+00,0.0000000000000000e+00,0.0000000000000000e+00,0.0000000000000000e+00,0.0000000000000000e+00,1.3710855177912131e+00,6.6100658058103767e-01,2.4899982412650346e+00,8.0000447706122102e-01
B,4.3500000000000000e+02,0.0000000000000000e+00,0.0000000000000000e+00,0.0000000000000000e+00,0.0000000000000000e+00,0.0000000000000000e+00,0.0000000000000000e+00,1.3710855177912131e+00,6.6100658058103767e-01,2.4899982412650346e+00,8.0000447706122102e-01
B,4.3600000000000000e+02,0.0000000000000000e+00,0.0000000000000000e+00,0.0000000000000000e+00,0.0000000000000000e+00,0.0000000000000000e+00,0.0000000000000000e+00,1.3710855177912131e+00,6.6100658058103767e-01,2.4899982412650346e+00,8.0000447706122102e-01
B,4.3700000000000000e+02,0.0000000000000000e+00,0.0000000000000000e+00,0.0000000000000000e+00,0.0000000000000000e+00,0.0000000000000000e+00,0.0000000000000000e+00,1.3710855177912131e+00,6.6100658058103767e-01,2.4899982412650346e+00,8.0000447706122102e-01
B,4.3800000000000000e+02,0.0000000000000000e+00,0.0000000000000000e+00,0.0000000000000000e+00,0.0000000000000000e+00,0.0000000000000000e+00,0.0000000000000000e+00,1.3710855177912131e+00,6.6100658058103767e-01,2.4899982412650346e+00,8.0000447706122102e-01
B,4.3900000000000000e+02,0.0000000000000000e+00,0.0000000000000000e+00,0.0000000000000000e+00,0.0000000000000000e+00,0.0000000000000000e+00,0.0000000000000000e+00,1.3710855177912131e+00,6.6100658058103767e-01,2.4899982412650346e+00,8.0000447706122102e-01
B,4.4000000000000000e+02,0.0000000000000000e+00,0.0000000000000000e+00,0.0000000000000000e+00,0.0000000000000000e+00,0.0000000000000000e+00,0.0000000000000000e+00,1.3710855177912131e+00,6.6100658058103767e-01,2.4899982412650346e+00,8.0000447706122102e-01
B,4.4100000000000000e+02,0.0000000000000000e+00,0.0000000000000000e+00,0.0000000000000000e+00,0.0000000000000000e+00,0.0000000000000000e+00,0.0000000000000000e+00,1.3710855177912131e+00,6.6100658058103767e-01,2.4899982412650346e+00,8.0000447706122102e-01
B,4.4200000000000000e+02,0.0000000000000000e+00,0.0000000000000000e+00,0.0000000000000000e+00,0.0000000000000000e+00,0.0000000000000000e+00,0.0000000000000000e+00,1.3710855177912131e+00,6.6100658058103767e-01,2.4899982412650346e+00,8.0000447706122102e-01
B,4.4300000000000000e+02,0.0000000000000000e+00,0.0000000000000000e+00,0.0000000000000000e+00,0.0000000000000000e+00,0.0000000000000000e+00,0.0000000000000000e+00,1.3710855177912131e+00,6.6100658058103767e-01,2.4899982412650346e+00,8.0000447706122102e-01
B,4.4400000000000000e+02,0.0000000000000000e+00,0.0000000000000000e+00,0.0000000000000000e+00,0.0000000000000000e+00,0.0000000000000000e+00,0.0000000000000000e+00,1.3710855177912131e+00,6.6100658058103767e-01,2.4899982412650346e+00,8.0000447706122102e-01
B,4.4500000000000000e+02,0.0000000000000000e+00,0.0000000000000000e+00,0.0000000000000000e+00,0.0000000000000000e+00,0.0000000000000000e+00,0.0000000000000000e+00,1.3710855177912131e+00,6.6100658058103767e-01,2.4899982412650346e+00,8.0000447706122102e-01
B,4.4600000000000000e+02,0.0000000000000000e+00,0.0000000000000000e+00,0.0000000000000000e+00,0.0000000000000000e+00,0.0000000000000000e+00,0.0000000000000000e+00,1.3710855177912131e+00,6.6100658058103767e-01,2.4899982412650346e+00,8.0000447706122102e-01
B,4.4700000000000000e+02,0.0000000000000000e+00,0.0000000000000000e+00,0.0000000000000000e+00,0.0000000000000000e+00,0.0000000000000000e+00,0.0000000000000000e+00,1.3710855177912131e+00,6.6100658058103767e-01,2.4899982412650346e+00,8.0000447706122102e-01
B,4.4800000000000000e+02,0.0000000000000000e+00,0.0000000000000000e+00,0.0000000000000000e+00,0.0000000000000000e+00,0.0000000000000000e+00,0.0000000000000000e+00,1.3710855177912131e+00,6.6100658058103767e-01,2.4899982412650346e+00,8.0000447706122102e-01
B,4.4900000000000000e+02,0.0000000000000000e+00,0.0000000000000000e+00,0.0000000000000000e+00,0.0000000000000000e+00,0.0000000000000000e+00,0.0000000000000000e+00,1.3710855177912131e+00,6.6100658058103767e-01,2.4899982412650346e+00,8.0000447706122102e-01
B,4.5000000000000000e+02,0.0000000000000000e+00,0.0000000000000000e+00,0.0000000000000000e+00,0.0000000000000000e+00,0.0000000000000000e+00,0.0000000000000000e+00,1.3710855177912131e+00,6.6100658058103767e-01,2.4899982412650346e+00,8.0000447706122102e-01
B,4.5100000000000000e+02,0.0000000000000000e+00,0.0000000000000000e+00,0.0000000000000000e+00,0.0000000000000000e+00,0.0000000000000000e+00,0.0000000000000000e+00,1.3710855177912131e+00,6.6100658058103767e-01,2.4899982412650346e+00,8.0000447706122102e-01
B,4.5200000000000000e+02,0.0000000000000000e+00,0.0000000000000000e+00,0.0000000000000000e+00,0.0000000000000000e+00,0.0000000000000000e+00,0.0000000000000000e+00,1.3710855177912131e+00,6.6100658058103767e-01,2.4899982412650346e+00,8.0000447706122102e-01
B,4.5300000000000000e+02,0.0000000000000000e+00,0.0000000000000000e+00,0.0000000000000000e+00,0.0000000000000000e+00,0.0000000000000000e+00,0.0000000000000000e+00,1.3710855177912131e+00,6.6100658058103767e-01,2.4899982412650346e+00,8.0000447706122102e-01
B,4.5400000000000000e+02,0.0000000000000000e+00,0.0000000000000000e+00,0.0000000000000000e+00,0.0000000000000000e+00,0.0000000000000000e+00,0.0000000000000000e+00,1.3710855177912131e+00,6.6100658058103767e-01,2.4899982412650346e+00,8.0000447706122102e-01
B,4.5500000000000000e+02,0.0000000000000000e+00,0.0000000000000000e+00,0.0000000000000000e+00,0.0000000000000000e+00,0.0000000000000000e+00,0.0000000000000000e+00,1.3710855177912131e+00,6.6100658058103767e-01,2.4899982412650346e+00,8.0000447706122102e-01
B,4.5600000000000000e+02,0.0000000000000000e+00,0.0000000000000000e+00,0.0000000000000000e+00,0.0000000000000000e+00,0.0000000000000000e+00,0.0000000000000000e+00,1.3710855177912131e+00,6.6100658058103767e-01,2.4899982412650346e+00,8.0000447706122102e-01
B,4.5700000000000000e+02,0.0000000000000000e+00,0.0000000000000000e+00,0.0000000000000000e+00,0.0000000000000000e+00,0.0000000000000000e+00,0.0000000000000000e+00,1.3710855177912131e+00,6.6100658058103767e-01,2.4899982412650346e+00,8.0000447706122102e-01
B,4.5800000000000000e+02,0.0000000000000000e+00,0.0000000000000000e+00,0.0000000000000000e+00,0.0000000000000000e+00,0.0000000000000000e+00,0.0000000000000000e+00,1.3710855177912131e+00,6.6100658058103767e-01,2.4899982412650346e+00,8.0000447706122102e-01
B,4.5900000000000000e+02,0.0000000000000000e+00,0.0000000000000000e+00,0.0000000000000000e+00,0.0000000000000000e+00,0.0000000000000000e+00,0.0000000000000000e+00,1.3710855177912131e+00,6.6100658058103767e-01,2.4899982412650346e+00,8.0000447706122102e-01
B,4.6000000000000000e+02,0.0000000000000000e+00,0.0000000000000000e+00,0.0000000000000000e+00,0.0000000000000000e+00,0.0000000000000000e+00,0.0000000000000000e+00,1.3710855177912131e+00,6.6100658058103767e-01,2.4899982412650346e+00,8.0000447706122102e-01
B,4.6100000000000000e+02,0.0000000000000000e+00,0.0000000000000000e+00,0.0000000000000000e+00,0.0000000000000000e+00,0.0000000000000000e+00,0.0000000000000000e+00,1.3710855177912131e+00,6.6100658058103767e-01,2.4899982412650346e+00,8.0000447706122102e-01
B,4.6200000000000000e+02,0.0000000000000000e+00,0.0000000000000000e+00,0.0000000000000000e+00,0.0000000000000000e+00,0.0000000000000000e+00,0.0000000000000000e+00,1.3710855177912131e+00,6.6100658058103767e-01,2.4899982412650346e+00,8.0000447706122102e-01
B,4.6300000000000000e+02,0.0000000000000000e+00,0.0000000000000000e+00,0.0000000000000000e+00,0.0000000000000000e+00,0.0000000000000000e+00,0.0000000000000000e+00,1.3710855177912131e+00,6.6100658058103767e-01,2.4899982412650346e+00,8.0000447706122102e-01
B,4.6400000000000000e+02,0.0000000000000000e+00,0.0000000000000000e+00,0.0000000000000000e+00,0.0000000000000000e+00,0.0000000000000000e+00,0.0000000000000000e+00,1.3710855177912131e+00,6.6100658058103767e-01,2.4899982412650346e+00,8.0000447706122102e-01
B,4.6500000000000000e+02,0.0000000000000000e+00,0.0000000000000000e+00,0.0000000000000000e+00,0.0000000000000000e+00,0.0000000000000000e+00,0.0000000000000000e+00,1.3710855177912131e+00,6.6100658058103767e-01,2.4899982412650346e+00,8.0000447706122102e-01
B,4.6600000000000000e+02,0.0000000000000000e+00,0.0000000000000000e+00,0.0000000000000000e+00,0.0000000000000000e+00,0.0000000000000000e+00,0.0000000000000000e+00,1.3710855177912131e+00,6.6100658058103767e-01,2.4899982412650346e+00,8.0000447706122102e-01
B,4.6700000000000000e+02,0.0000000000000000e+00,0.0000000000000000e+00,0.0000000000000000e+00,0.0000000000000000e+00,0.0000000000000000e+00,0.0000000000000000e+00,1.3710855177912131e+00,6.6100658058103767e-01,2.4899982412650346e+00,8.0000447706122102e-01
B,4.6800000000000000e+02,0.0000000000000000e+00,0.0000000000000000e+00,0.0000000000000000e+00,0.0000000000000000e+00,0.0000000000000000e+00,0.0000000000000000e+00,1.3710855177912131e+00,6.6100658058103767e-01,2.4899982412650346e+00,8.0000447706122102e-01
B,4.6900000000000000e+02,0.0000000000000000e+00,0.0000000000000000e+00,0.0000000000000000e+00,0.0000000000000000e+00,0.0000000000000000e+00,0.0000000000000000e+00,1.3710855177912131e+00,6.6100658058103767e-01,2.4899982412650346e+00,8.0000447706122102e-01
B,4.7000000000000000e+02,0.0000000000000000e+00,0.0000000000000000e+00,0.0000000000000000e+00,0.0000000000000000e+00,0.0000000000000000e+00,0.0000000000000000e+00,1.3710855177912131e+00,6.6100658058103767e-01,2.4899982412650346e+00,8.0000447706122102e-01
B,4.7100000000000000e+02,0.0000000000000000e+00,0.0000000000000000e+00,0.0000000000000000e+00,0.0000000000000000e+00,0.0000000000000000e+00,0.0000000000000000e+00,1.3710855177912131e+00,6.6100658058103767e-01,2.4899982412650346e+00,8.0000447706122102e-01
B,4.7200000000000000e+02,0.0000000000000000e+00,0.0000000000000000e+00,0.0000000000000000e+00,0.0000000000000000e+00,0.0000000000000000e+00,0.0000000000000000e+00,1.3710855177912131e+00,6.6100658058103767e-01,2.4899982412650346e+00,8.0000447706122102e-01
B,4.7300000000000000e+02,0.0000000000000000e+00,0.0000000000000000e+00,0.0000000000000000e+00,0.0000000000000000e+00,0.0000000000000000e+00,0.0000000000000000e+00,1.3710855177912131e+00,6.6100658058103767e-01,2.4899982412650346e+00,8.0000447706122102e-01
B,4.7400000000000000e+02,0.0000000000000000e+00,0.0000000000000000e+00,0.0000000000000000e+00,0.0000000000000000e+00,0.0000000000000000e+00,0.0000000000000000e+00,1.3710855177912131e+00,6.6100658058103767e-01,2.4899982412650346e+00,8.0000447706122102e-01
B,4.7500000000000000e+02,0.0000000000000000e+00,0.0000000000000000e+00,0.0000000000000000e+00,0.0000000000000000e+00,0.0000000000000000e+00,0.0000000000000000e+00,1.3710855177912131e+00,6.6100658058103767e-01,2.4899982412650346e+00,8.0000447706122102e-01
B,4.7600000000000000e+02,0.0000000000000000e+00,0.0000000000000000e+00,0.0000000000000000e+00,0.0000000000000000e+00,0.0000000000000000e+00,0.0000000000000000e+00,1.3710855177912131e+00,6.6100658058103767e-01,2.4899982412650346e+00,8.0000447706122102e-01
B,4.7700000000000000e+02,0.0000000000000000e+00,0.0000000000000000e+00,0.0000000000000000e+00,0.0000000000000000e+00,0.0000000000000000e+00,0.0000000000000000e+00,1.3710855177912131e+00,6.6100658058103767e-01,2.4899982412650346e+00,8.0000447706122102e-01
B,4.7800000000000000e+02,0.0000000000000000e+00,0.0000000000000000e+00,0.0000000000000000e+00,0.0000000000000000e+00,0.0000000000000000e+00,0.0000000000000000e+00,1.3710855177912131e+00,6.6100658058103767e-01,2.4899982412650346e+00,8.0000447706122102e-01
B,4.7900000000000000e+02,0.0000000000000000e+00,0.0000000000000000e+00,0.0000000000000000e+00,0.0000000000000000e+00,0.0000000000000000e+00,0.0000000000000000e+00,1.3710855177912131e+00,6.6100658058103767e-01,2.4899982412650346e+00,8.0000447706122102e-01
B,4.8000000000000000e+02,0.0000000000000000e+00,0.0000000000000000e+00,0.0000000000000000e+00,0.0000000000000000e+00,0.0000000000000000e+00,0.0000000000000000e+00,1.3710855177912131e+00,6.6100658058103767e-01,2.4899982412650346e+00,8.0000447706122102e-01
B,4.8100000000000000e+02,0.0000000000000000e+00,0.0000000000000000e+00,0.0000000000000000e+00,0.0000000000000000e+00,0.0000000000000000e+00,0.0000000000000000e+00,1.3710855177912131e+00,6.6100658058103767e-01,2.4899982412650346e+00,8.0000447706122102e-01
B,4.8200000000000000e+02,0.0000000000000000e+00,0.0000000000000000e+00,0.0000000000000000e+00,0.0000000000000000e+00,0.0000000000000000e+00,0.0000000000000000e+00,1.3710855177912131e+00,6.6100658058103767e-01,2.4899982412650346e+00,8.0000447706122102e-01
B,4.8300000000000000e+02,0.0000000000000000e+00,0.0000000000000000e+00,0.0000000000000000e+00,0.0000000000000000e+00,0.0000000000000000e+00,0.0000000000000000e+00,1.3710855177912131e+00,6.6100658058103767e-01,2.4899982412650346e+00,8.0000447706122102e-01
B,4.8400000000000000e+02,0.0000000000000000e+00,0.0000000000000000e+00,0.0000000000000000e+00,0.0000000000000000e+00,0.0000000000000000e+00,0.0000000000000000e+00,1.3710855177912131e+00,6.6100658058103767e-01,2.4899982412650346e+00,8.0000447706122102e-01
B,4.8500000000000000e+02,0.0000000000000000e+00,0.0000000000000000e+00,0.0000000000000000e+00,0.0000000000000000e+00,0.0000000000000000e+00,0.0000000000000000e+00,1.3710855177912131e+00,6.6100658058103767e-01,2.4899982412650346e+00,8.0000447706122102e-01
B,4.8600000000000000e+02,0.0000000000000000e+00,0.0000000000000000e+00,0.0000000000000000e+00,0.0000000000000000e+00,0.0000000000000000e+00,0.0000000000000000e+00,1.3710855177912131e+00,6.6100658058103767e-01,2.4899982412650346e+00,8.0000447706122102e-01
B,4.8700000000000000e+02,0.0000000000000000e+00,0.0000000000000000e+00,0.0000000000000000e+00,0.0000000000000000e+00,0.0000000000000000e+00,0.0000000000000000e+00,1.3710855177912131e+00,6.6100658058103767e-01,2.4899982412650346e+00,8.0000447706122102e-01
B,4.8800000000000000e+02,0.0000000000000000e+00,0.0000000000000000e+00,0.0000000000000000e+00,0.0000000000000000e+00,0.0000000000000000e+00,0.0000000000000000e+00,1.3710855177912131e+00,6.6100658058103767e-01,2.4899982412650346e+00,8.0000447706122102e-01
B,4.8900000000000000e+02,0.0000000000000000e+00,0.0000000000000000e+00,0.0000000000000000e+00,0.0000000000000000e+00,0.0000000000000000e+00,0.0000000000000000e+00,1.3710855177912131e+00,6.6100658058103767e-01,2.4899982412650346e+00,8.0000447706122102e-01
B,4.9000000000000000e+02,0.0000000000000000e+00,0.0000000000000000e+00,0.0000000000000000e+00,0.0000000000000000e+00,0.0000000000000000e+00,0.0000000000000000e+00,1.3710855177912131e+00,6.6100658058103767e-01,2.4899982412650346e+00,8.0000447706122102e-01
B,4.9100000000000000e+02,0.0000000000000000e+00,0.0000000000000000e+00,0.0000000000000000e+00,0.0000000000000000e+00,0.0000000000000000e+00,0.0000000000000000e+00,1.3710855177912131e+00,6.6100658058103767e-01,2.4899982412650346e+00,8.0000447706122102e-01
B,4.9200000000000000e+02,0.0000000000000000e+00,0.0000000000000000e+00,0.0000000000000000e+00,0.0000000000000000e+00,0.0000000000000000e+00,0.0000000000000000e+00,1.3710855177912131e+00,6.6100658058103767e-01,2.4899982412650346e+00,8.0000447706122102e-01
B,4.9300000000000000e+02,0.0000000000000000e+00,0.0000000000000000e+00,0.0000000000000000e+00,0.0000000000000000e+00,0.0000000000000000e+00,0.0000000000000000e+00,1.3710855177912131e+00,6.6100658058103767e-01,2.4899982412650346e+00,8.0000447706122102e-01
B,4.9400000000000000e+02,0.0000000000000000e+00,0.0000000000000000e+00,0.0000000000000000e+00,0.0000000000000000e+00,0.0000000000000000e+00,0.0000000000000000e+00,1.3710855177912131e+00,6.6100658058103767e-01,2.4899982412650346e+00,8.0000447706122102e-01
B,4.9500000000000000e+02,0.0000000000000000e+00,0.0000000000000000e+00,0.0000000000000000e+00,0.0000000000000000e+00,0.0000000000000000e+00,0.0000000000000000e+00,1.3710855177912131e+00,6.6100658058103767e-01,2.4899982412650346e+00,8.0000447706122102e-01
B,4.9600000000000000e+02,0.0000000000000000e+00,0.0000000000000000e+00,0.0000000000000000e+00,0.0000000000000000e+00,0.0000000000000000e+00,0.0000000000000000e+00,1.3710855177912131e+00,6.6100658058103767e-01,2.4899982412650346e+00,8.0000447706122102e-01
B,4.9700000000000000e+02,0.0000000000000000e+00,0.0000000000000000e+00,0.0000000000000000e+00,0.0000000000000000e+00,0.0000000000000000e+00,0.0000000000000000e+00,1.3710855177912131e+00,6.6100658058103767e-01,2.4899982412650346e+00,8.0000447706122102e-01
B,4.9800000000000000e+02,0.0000000000000000e+00,0.0000000000000000e+00,0.0000000000000000e+00,0.0000000000000000e+00,0.0000000000000000e+00,0.0000000000000000e+00,1.3710855177912131e+00,6.6100658058103767e-01,2.4899982412650346e+00,8.0000447706122102e-01
B,4.9900000000000000e+02,0.0000000000000000e+00,0.0000000000000000e+00,0.0000000000000000e+00,0.0000000000000000e+00,0.0000000000000000e+00,0.0000000000000000e+00,1.3710855177912131e+00,6.6100658058103767e-01,2.4899982412650346e+00,8.0000447706122102e-01
B,5.0000000000000000e+02,0.0000000000000000e+00,0.0000000000000000e+00,0.0000000000000000e+00,0.0000000000000000e+00,0.0000000000000000e+00,0.0000000000000000e+00,1.3710855177912131e+00,6.6100658058103767e-01,2.4899982412650346e+00,8.0000447706122102e-01
B,5.0100000000000000e+02,0.0000000000000000e+00,0.0000000000000000e+00,0.0000000000000000e+00,0.0000000000000000e+00,0.0000000000000000e+00,0.0000000000000000e+00,1.3710855177912131e+00,6.6100658058103767e-01,2.4899982412650346e+00,8.0000447706122102e-01
B,5.0200000000000000e+02,0.0000000000000000e+00,0.0000000000000000e+00,0.0000000000000000e+00,0.0000000000000000e+00,0.0000000000000000e+00,0.0000000000000000e+00,1.3710855177912131e+00,6.6100658058103767e-01,2.4899982412650346e+00,8.0000447706122102e-01
B,5.0300000000000000e+02,0.0000000000000000e+00,0.0000000000000000e+00,0.0000000000000000e+00,0.0000000000000000e+00,0.0000000000000000e+00,0.0000000000000000e+00,1.3710855177912131e+00,6.6100658058103767e-01,2.4899982412650346e+00,8.0000447706122102e-01
B,5.0400000000000000e+02,0.0000000000000000e+00,0.0000000000000000e+00,0.0000000000000000e+00,0.0000000000000000e+00,0.0000000000000000e+00,0.0000000000000000e+00,1.3710855177912131e+00,6.6100658058103767e-01,2.4899982412650346e+00,8.0000447706122102e-01
B,5.0500000000000000e+02,0.0000000000000000e+00,0.0000000000000000e+00,0.0000000000000000e+00,0.0000000000000000e+00,0.0000000000000000e+00,0.0000000000000000e+00,1.3710855177912131e+00,6.6100658058103767e-01,2.4899982412650346e+00,8.0000447706122102e-01
B,5.0600000000000000e+02,0.0000000000000000e+00,0.0000000000000000e+00,0.0000000000000000e+00,0.0000000000000000e+00,0.0000000000000000e+00,0.0000000000000000e+00,1.3710855177912131e+00,6.6100658058103767e-01,2.4899982412650346e+00,8.0000447706122102e-01
B,5.0700000000000000e+02,0.0000000000000000e+00,0.0000000000000000e+00,0.0000000000000000e+00,0.0000000000000000e+00,0.0000000000000000e+00,0.0000000000000000e+00,1.3710855177912131e+00,6.6100658058103767e-01,2.4899982412650346e+00,8.0000447706122102e-01
B,5.0800000000000000e+02,0.0000000000000000e+00,0.0000000000000000e+00,0.0000000000000000e+00,0.0000000000000000e+00,0.0000000000000000e+00,0.0000000000000000e+00,1.3710855177912131e+00,6.6100658058103767e-01,2.4899982412650346e+00,8.0000447706122102e-01
B,5.0900000000000000e+02,0.0000000000000000e+00,0.0000000000000000e+00,0.0000000000000000e+00,0.0000000000000000e+00,0.0000000000000000e+00,0.0000000000000000e+00,1.3710855177912131e+00,6.6100658058103767e-01,2.4899982412650346e+00,8.0000447706122102e-01
B,5.1000000000000000e+02,0.0000000000000000e+00,0.0000000000000000e+00,0.0000000000000000e+00,0.0000000000000000e+00,0.0000000000000000e+00,0.0000000000000000e+00,1.3710855177912131e+00,6.6100658058103767e-01,2.4899982412650346e+00,8.0000447706122102e-01
B,5.1100000000000000e+02,0.0000000000000000e+00,0.0000000000000000e+00,0.0000000000000000e+00,0.0000000000000000e+00,0.0000000000000000e+00,0.0000000000000000e+00,1.3710855177912131e+00,6.6100658058103767e-01,2.4899982412650346e+00,8.0000447706122102e-01
B,5.1200000000000000e+02,0.0000000000000000e+00,0.0000000000000000e+00,0.0000000000000000e+00,0.0000000000000000e+00,0.0000000000000000e+00,0.0000000000000000e+00,1.3710855177912131e+00,6.6100658058103767e-01,2.4899982412650346e+00,8.0000447706122102e-01
B,5.1300000000000000e+02,0.0000000000000000e+00,0.0000000000000000e+00,0.0000000000000000e+00,0.0000000000000000e+00,0.0000000000000000e+00,0.0000000000000000e+00,1.3710855177912131e+00,6.6100658058103767e-01,2.4899982412650346e+00,8.0000447706122102e-01
B,5.1400000000000000e+02,0.0000000000000000e+00,0.0000000000000000e+00,0.0000000000000000e+00,0.0000000000000000e+00,0.0000000000000000e+00,0.0000000000000000e+00,1.3710855177912131e+00,6.6100658058103767e-01,2.4899982412650346e+00,8.0000447706122102e-01
B,5.1500000000000000e+02,0.0000000000000000e+00,0.0000000000000000e+00,0.0000000000000000e+00,0.0000000000000000e+00,0.0000000000000000e+00,0.0000000000000000e+00,1.3710855177912131e+00,6.6100658058103767e-01,2.4899982412650346e+00,8.0000447706122102e-01
B,5.1600000000000000e+02,0.0000000000000000e+00,0.0000000000000000e+00,0.0000000000000000e+00,0.0000000000000000e+00,0.0000000000000000e+00,0.0000000000000000e+00,1.3710855177912131e+00,6.6100658058103767e-01,2.4899982412650346e+00,8.0000447706122102e-01
B,5.1700000000000000e+02,0.0000000000000000e+00,0.0000000000000000e+00,0.0000000000000000e+00,0.0000000000000000e+00,0.0000000000000000e+00,0.0000000000000000e+00,1.3710855177912131e+00,6.6100658058103767e-01,2.4899982412650346e+00,8.0000447706122102e-01
B,5.1800000000000000e+02,0.0000000000000000e+00,0.0000000000000000e+00,0.0000000000000000e+00,0.0000000000000000e+00,0.0000000000000000e+00,0.0000000000000000e+00,1.3710855177912131e+00,6.6100658058103767e-01,2.4899982412650346e+00,8.0000447706122102e-01
B,5.1900000000000000e+02,0.0000000000000000e+00,0.0000000000000000e+00,0.0000000000000000e+00,0.0000000000000000e+00,0.0000000000000000e+00,0.0000000000000000e+00,1.3710855177912131e+00,6.6100658058103767e-01,2.4899982412650346e+00,8.0000447706122102e-01
B,5.2000000000000000e+02,0.0000000000000000e+00,0.0000000000000000e+00,0.0000000000000000e+00,0.0000000000000000e+00,0.0000000000000000e+00,0.0000000000000000e+00,1.3710855177912131e+00,6.6100658058103767e-01,2.4899982412650346e+00,8.0000447706122102e-01
B,5.2100000000000000e+02,0.0000000000000000e+00,0.0000000000000000e+00,0.0000000000000000e+00,0.0000000000000000e+00,0.0000000000000000e+00,0.0000000000000000e+00,1.3710855177912131e+00,6.6100658058103767e-01,2.4899982412650346e+00,8.0000447706122102e-01
B,5.2200000000000000e+02,0.0000000000000000e+00,0.0000000000000000e+00,0.0000000000000000e+00,0.0000000000000000e+00,0.0000000000000000e+00,0.0000000000000000e+00,1.3710855177912131e+00,6.6100658058103767e-01,2.4899982412650346e+00,8.0000447706122102e-01
B,5.2300000000000000e+02,0.0000000000000000e+00,0.0000000000000000e+00,0.0000000000000000e+00,0.0000000000000000e+00,0.0000000000000000e+00,0.0000000000000000e+00,1.3710855177912131e+00,6.6100658058103767e-01,2.4899982412650346e+00,8.0000447706122102e-01
B,5.2400000000000000e+02,0.0000000000000000e+00,0.0000000000000000e+00,0.0000000000000000e+00,0.0000000000000000e+00,0.0000000000000000e+00,0.0000000000000000e+00,1.3710855177912131e+00,6.6100658058103767e-01,2.4899982412650346e+00,8.0000447706122102e-01
B,5.2500000000000000e+02,0.0000000000000000e+00,0.0000000000000000e+00,0.0000000000000000e+00,0.0000000000000000e+00,0.0000000000000000e+00,0.0000000000000000e+00,1.3710855177912131e+00,6.6100658058103767e-01,2.4899982412650346e+00,8.0000447706122102e-01
B,5.2600000000000000e+02,0.0000000000000000e+00,0.0000000000000000e+00,0.0000000000000000e+00,0.0000000000000000e+00,0.0000000000000000e+00,0.0000000000000000e+00,1.3710855177912131e+00,6.6100658058103767e-01,2.4899982412650346e+00,8.0000447706122102e-01
B,5.2700000000000000e+02,0.0000000000000000e+00,0.0000000000000000e+00,0.0000000000000000e+00,0.0000000000000000e+00,0.0000000000000000e+00,0.0000000000000000e+00,1.3710855177912131e+00,6.6100658058103767e-01,2.4899982412650346e+00,8.0000447706122102e-01
B,5.2800000000000000e+02,0.0000000000000000e+00,0.0000000000000000e+00,0.0000000000000000e+00,0.0000000000000000e+00,0.0000000000000000e+00,0.0000000000000000e+00,1.3710855177912131e+00,6.6100658058103767e-01,2.4899982412650346e+00,8.0000447706122102e-01
B,5.2900000000000000e+02,0.0000000000000000e+00,0.0000000000000000e+00,0.0000000000000000e+00,0.0000000000000000e+00,0.0000000000000000e+00,0.0000000000000000e+00,1.3710855177912131e+00,6.6100658058103767e-01,2.4899982412650346e+00,8.0000447706122102e-01
B,5.3000000000000000e+02,0.0000000000000000e+00,0.0000000000000000e+00,0.0000000000000000e+00,0.0000000000000000e+00,0.0000000000000000e+00,0.0000000000000000e+00,1.3710855177912131e+00,6.6100658058103767e-01,2.4899982412650346e+00,8.0000447706122102e-01
B,5.3100000000000000e+02,0.0000000000000000e+00,0.0000000000000000e+00,0.0000000000000000e+00,0.0000000000000000e+00,0.0000000000000000e+00,0.0000000000000000e+00,1.3710855177912131e+00,6.6100658058103767e-01,2.4899982412650346e+00,8.0000447706122102e-01
B,5.3200000000000000e+02,0.0000000000000000e+00,0.0000000000000000e+00,0.0000000000000000e+00,0.0000000000000000e+00,0.0000000000000000e+00,0.0000000000000000e+00,1.3710855177912131e+00,6.6100658058103767e-01,2.4899982412650346e+00,8.0000447706122102e-01
B,5.3300000000000000e+02,0.0000000000000000e+00,0.0000000000000000e+00,0.0000000000000000e+00,0.0000000000000000e+00,0.0000000000000000e+00,0.0000000000000000e+00,1.3710855177912131e+00,6.6100658058103767e-01,2.4899982412650346e+00,8.0000447706122102e-01
B,5.3400000000000000e+02,0.0000000000000000e+00,0.0000000000000000e+00,0.0000000000000000e+00,0.0000000000000000e+00,0.0000000000000000e+00,0.0000000000000000e+00,1.3710855177912131e+00,6.6100658058103767e-01,2.4899982412650346e+00,8.0000447706122102e-01
B,5.3500000000000000e+02,0.0000000000000000e+00,0.0000000000000000e+00,0.0000000000000000e+00,0.0000000000000000e+00,0.0000000000000000e+00,0.0000000000000000e+00,1.3710855177912131e+00,6.6100658058103767e-01,2.4899982412650346e+00,8.0000447706122102e-01
B,5.3600000000000000e+02,0.0000000000000000e+00,0.0000000000000000e+00,0.0000000000000000e+00,0.0000000000000000e+00,0.0000000000000000e+00,0.0000000000000000e+00,1.3710855177912131e+00,6.6100658058103767e-01,2.4899982412650346e+00,8.0000447706122102e-01
B,5.3700000000000000e+02,0.0000000000000000e+00,0.0000000000000000e+00,0.0000000000000000e+00,0.0000000000000000e+00,0.0000000000000000e+00,0.0000000000000000e+00,1.3710855177912131e+00,6.6100658058103767e-01,2.4899982412650346e+00,8.0000447706122102e-01
B,5.3800000000000000e+02,0.0000000000000000e+00,0.0000000000000000e+00,0.0000000000000000e+00,0.0000000000000000e+00,0.0000000000000000e+00,0.0000000000000000e+00,1.3710855177912131e+00,6.6100658058103767e-01,2.4899982412650346e+00,8.0000447706122102e-01
B,5.3900000000000000e+02,0.0000000000000000e+00,0.0000000000000000e+00,0.0000000000000000e+00,0.0000000000000000e+00,0.0000000000000000e+00,0.0000000000000000e+00,1.3710855177912131e+00,6.6100658058103767e-01,2.4899982412650346e+00,8.0000447706122102e-01
B,5.4000000000000000e+02,0.0000000000000000e+00,0.0000000000000000e+00,0.0000000000000000e+00,0.0000000000000000e+00,0.0000000000000000e+00,0.0000000000000000e+00,1.3710855177912131e+00,6.6100658058103767e-01,2.4899982412650346e+00,8.0000447706122102e-01
B,5.4100000000000000e+02,0.0000000000000000e+00,0.0000000000000000e+00,0.0000000000000000e+00,0.0000000000000000e+00,0.0000000000000000e+00,0.0000000000000000e+00,1.3710855177912131e+00,6.6100658058103767e-01,2.4899982412650346e+00,8.0000447706122102e-01
B,5.4200000000000000e+02,0.0000000000000000e+00,0.0000000000000000e+00,0.0000000000000000e+00,0.0000000000000000e+00,0.0000000000000000e+00,0.0000000000000000e+00,1.3710855177912131e+00,6.6100658058103767e-01,2.4899982412650346e+00,8.0000447706122102e-01
B,5.4300000000000000e+02,0.0000000000000000e+00,0.0000000000000000e+00,0.0000000000000000e+00,0.0000000000000000e+00,0.0000000000000000e+00,0.0000000000000000e+00,1.3710855177912131e+00,6.6100658058103767e-01,2.4899982412650346e+00,8.0000447706122102e-01
B,5.4400000000000000e+02,0.0000000000000000e+00,0.0000000000000000e+00,0.0000000000000000e+00,0.0000000000000000e+00,0.0000000000000000e+00,0.0000000000000000e+00,1.3710855177912131e+00,6.6100658058103767e-01,2.4899982412650346e+00,8.0000447706122102e-01
B,5.4500000000000000e+02,0.0000000000000000e+00,0.0000000000000000e+00,0.0000000000000000e+00,0.0000000000000000e+00,0.0000000000000000e+00,0.0000000000000000e+00,1.3710855177912131e+00,6.6100658058103767e-01,2.4899982412650346e+00,8.0000447706122102e-01
B,5.4600000000000000e+02,0.0000000000000000e+00,0.0000000000000000e+00,0.0000000000000000e+00,0.0000000000000000e+00,0.0000000000000000e+00,0.0000000000000000e+00,1.3710855177912131e+00,6.6100658058103767e-01,2.4899982412650346e+00,8.0000447706122102e-01
B,5.4700000000000000e+02,0.0000000000000000e+00,0.0000000000000000e+00,0.0000000000000000e+00,0.0000000000000000e+00,0.0000000000000000e+00,0.0000000000000000e+00,1.3710855177912131e+00,6.6100658058103767e-01,2.4899982412650346e+00,8.0000447706122102e-01
B,5.4800000000000000e+02,0.0000000000000000e+00,0.0000000000000000e+00,0.0000000000000000e+00,0.0000000000000000e+00,0.0000000000000000e+00,0.0000000000000000e+00,1.3710855177912131e+00,6.6100658058103767e-01,2.4899982412650346e+00,8.0000447706122102e-01
B,5.4900000000000000e+02,0.0000000000000000e+00,0.0000000000000000e+00,0.0000000000000000e+00,0.0000000000000000e+00,0.0000000000000000e+00,0.0000000000000000e+00,1.3710855177912131e+00,6.6100658058103767e-01,2.4899982412650346e+00,8.0000447706122102e-01
B,5.5000000000000000e+02,0.0000000000000000e+00,0.0000000000000000e+00,0.0000000000000000e+00,0.0000000000000000e+00,0.0000000000000000e+00,0.0000000000000000e+00,1.3710855177912131e+00,6.6100658058103767e-01,2.4899982412650346e+00,8.0000447706122102e-01
B,5.5100000000000000e+02,0.0000000000000000e+00,0.0000000000000000e+00,0.0000000000000000e+00,0.0000000000000000e+00,0.0000000000000000e+00,0.0000000000000000e+00,1.3710855177912131e+00,6.6100658058103767e-01,2.4899982412650346e+00,8.0000447706122102e-01
B,5.5200000000000000e+02,0.0000000000000000e+00,0.0000000000000000e+00,0.0000000000000000e+00,0.0000000000000000e+00,0.0000000000000000e+00,0.0000000000000000e+00,1.3710855177912131e+00,6.6100658058103767e-01,2.4899982412650346e+00,8.0000447706122102e-01
B,5.5300000000000000e+02,0.0000000000000000e+00,0.0000000000000000e+00,0.0000000000000000e+00,0.0000000000000000e+00,0.0000000000000000e+00,0.0000000000000000e+00,1.3710855177912131e+00,6.6100658058103767e-01,2.4899982412650346e+00,8.0000447706122102e-01
B,5.5400000000000000e+02,0.0000000000000000e+00,0.0000000000000000e+00,0.0000000000000000e+00,0.0000000000000000e+00,0.0000000000000000e+00,0.0000000000000000e+00,1.3710855177912131e+00,6.6100658058103767e-01,2.4899982412650346e+00,8.0000447706122102e-01
B,5.5500000000000000e+02,0.0000000000000000e+00,0.0000000000000000e+00,0.0000000000000000e+00,0.0000000000000000e+00,0.0000000000000000e+00,0.0000000000000000e+00,1.3710855177912131e+00,6.6100658058103767e-01,2.4899982412650346e+00,8.0000447706122102e-01
B,5.5600000000000000e+02,0.0000000000000000e+00,0.0000000000000000e+00,0.0000000000000000e+00,0.0000000000000000e+00,0.0000000000000000e+00,0.0000000000000000e+00,1.3710855177912131e+00,6.6100658058103767e-01,2.4899982412650346e+00,8.0000447706122102e-01
B,5.5700000000000000e+02,0.0000000000000000e+00,0.0000000000000000e+00,0.0000000000000000e+00,0.0000000000000000e+00,0.0000000000000000e+00,0.0000000000000000e+00,1.3710855177912131e+00,6.6100658058103767e-01,2.4899982412650346e+00,8.0000447706122102e-01
B,5.5800000000000000e+02,0.0000000000000000e+00,0.0000000000000000e+00,0.0000000000000000e+00,0.0000000000000000e+00,0.0000000000000000e+00,0.0000000000000000e+00,1.3710855177912131e+00,6.6100658058103767e-01,2.4899982412650346e+00,8.0000447706122102e-01
B,5.5900000000000000e+02,0.0000000000000000e+00,0.0000000000000000e+00,0.0000000000000000e+00,0.0000000000000000e+00,0.0000000000000000e+00,0.0000000000000000e+00,1.3710855177912131e+00,6.6100658058103767e-01,2.4899982412650346e+00,8.0000447706122102e-01
B,5.6000000000000000e+02,0.0000000000000000e+00,0.0000000000000000e+00,0.0000000000000000e+00,0.0000000000000000e+00,0.0000000000000000e+00,0.0000000000000000e+00,1.3710855177912131e+00,6.6100658058103767e-01,2.4899982412650346e+00,8.0000447706122102e-01
B,5.6100000000000000e+02,0.0000000000000000e+00,0.0000000000000000e+00,0.0000000000000000e+00,0.0000000000000000e+00,0.0000000000000000e+00,0.0000000000000000e+00,1.3710855177912131e+00,6.6100658058103767e-01,2.4899982412650346e+00,8.0000447706122102e-01
B,5.6200000000000000e+02,0.0000000000000000e+00,0.0000000000000000e+00,0.0000000000000000e+00,0.0000000000000000e+00,0.0000000000000000e+00,0.0000000000000000e+00,1.3710855177912131e+00,6.6100658058103767e-01,2.4899982412650346e+00,8.0000447706122102e-01
B,5.6300000000000000e+02,0.0000000000000000e+00,0.0000000000000000e+00,0.0000000000000000e+00,0.0000000000000000e+00,0.0000000000000000e+00,0.0000000000000000e+00,1.3710855177912131e+00,6.6100658058103767e-01,2.4899982412650346e+00,8.0000447706122102e-01
B,5.6400000000000000e+02,0.0000000000000000e+00,0.0000000000000000e+00,0.0000000000000000e+00,0.0000000000000000e+00,0.0000000000000000e+00,0.0000000000000000e+00,1.3710855177912131e+00,6.6100658058103767e-01,2.4899982412650346e+00,8.0000447706122102e-01
B,5.6500000000000000e+02,0.0000000000000000e+00,0.0000000000000000e+00,0.0000000000000000e+00,0.0000000000000000e+00,0.0000000000000000e+00,0.0000000000000000e+00,1.3710855177912131e+00,6.6100658058103767e-01,2.4899982412650346e+00,8.0000447706122102e-01
B,5.6600000000000000e+02,0.0000000000000000e+00,0.0000000000000000e+00,0.0000000000000000e+00,0.0000000000000000e+00,0.0000000000000000e+00,0.0000000000000000e+00,1.3710855177912131e+00,6.6100658058103767e-01,2.4899982412650346e+00,8.0000447706122102e-01
B,5.6700000000000000e+02,0.0000000000000000e+00,0.0000000000000000e+00,0.0000000000000000e+00,0.0000000000000000e+00,0.0000000000000000e+00,0.0000000000000000e+00,1.3710855177912131e+00,6.6100658058103767e-01,2.4899982412650346e+00,8.0000447706122102e-01
B,5.6800000000000000e+02,0.0000000000000000e+00,0.0000000000000000e+00,0.0000000000000000e+00,0.0000000000000000e+00,0.0000000000000000e+00,0.0000000000000000e+00,1.3710855177912131e+00,6.6100658058103767e-01,2.4899982412650346e+00,8.0000447706122102e-01
B,5.6900000000000000e+02,0.0000000000000000e+00,0.0000000000000000e+00,0.0000000000000000e+00,0.0000000000000000e+00,0.0000000000000000e+00,0.0000000000000000e+00,1.3710855177912131e+00,6.6100658058103767e-01,2.4899982412650346e+00,8.0000447706122102e-01
B,5.7000000000000000e+02,0.0000000000000000e+00,0.0000000000000000e+00,0.0000000000000000e+00,0.0000000000000000e+00,0.0000000000000000e+00,0.0000000000000000e+00,1.3710855177912131e+00,6.6100658058103767e-01,2.4899982412650346e+00,8.0000447706122102e-01
B,5.7100000000000000e+02,0.0000000000000000e+00,0.0000000000000000e+00,0.0000000000000000e+00,0.0000000000000000e+00,0.0000000000000000e+00,0.0000000000000000e+00,1.3710855177912131e+00,6.6100658058103767e-01,2.4899982412650346e+00,8.0000447706122102e-01
B,5.7200000000000000e+02,0.0000000000000000e+00,0.0000000000000000e+00,0.0000000000000000e+00,0.0000000000000000e+00,0.0000000000000000e+00,0.0000000000000000e+00,1.3710855177912131e+00,6.6100658058103767e-01,2.4899982412650346e+00,8.0000447706122102e-01
B,5.7300000000000000e+02,0.0000000000000000e+00,0.0000000000000000e+00,0.0000000000000000e+00,0.0000000000000000e+00,0.0000000000000000e+00,0.0000000000000000e+00,1.3710855177912131e+00,6.6100658058103767e-01,2.4899982412650346e+00,8.0000447706122102e-01
B,5.7400000000000000e+02,0.0000000000000000e+00,0.0000000000000000e+00,0.0000000000000000e+00,0.0000000000000000e+00,0.0000000000000000e+00,0.0000000000000000e+00,1.3710855177912131e+00,6.6100658058103767e-01,2.4899982412650346e+00,8.0000447706122102e-01
B,5.7500000000000000e+02,0.0000000000000000e+00,0.0000000000000000e+00,0.0000000000000000e+00,0.0000000000000000e+00,0.0000000000000000e+00,0.0000000000000000e+00,1.3710855177912131e+00,6.6100658058103767e-01,2.4899982412650346e+00,8.0000447706122102e-01
B,5.7600000000000000e+02,0.0000000000000000e+00,0.0000000000000000e+00,0.0000000000000000e+00,0.0000000000000000e+00,0.0000000000000000e+00,0.0000000000000000e+00,1.3710855177912131e+00,6.6100658058103767e-01,2.4899982412650346e+00,8.0000447706122102e-01
B,5.7700000000000000e+02,0.0000000000000000e+00,0.0000000000000000e+00,0.0000000000000000e+00,0.0000000000000000e+00,0.0000000000000000e+00,0.0000000000000000e+00,1.3710855177912131e+00,6.6100658058103767e-01,2.4899982412650346e+00,8.0000447706122102e-01
B,5.7800000000000000e+02,0.0000000000000000e+00,0.0000000000000000e+00,0.0000000000000000e+00,0.0000000000000000e+00,0.0000000000000000e+00,0.0000000000000000e+00,1.3710855177912131e+00,6.6100658058103767e-01,2.4899982412650346e+00,8.0000447706122102e-01
B,5.7900000000000000e+02,0.0000000000000000e+00,0.0000000000000000e+00,0.0000000000000000e+00,0.0000000000000000e+00,0.0000000000000000e+00,0.0000000000000000e+00,1.3710855177912131e+00,6.6100658058103767e-01,2.4899982412650346e+00,8.0000447706122102e-01
B,5.8000000000000000e+02,0.0000000000000000e+00,0.0000000000000000e+00,0.0000000000000000e+00,0.0000000000000000e+00,0.0000000000000000e+00,0.0000000000000000e+00,1.3710855177912131e+00,6.6100658058103767e-01,2.4899982412650346e+00,8.0000447706122102e-01
B,5.8100000000000000e+02,0.0000000000000000e+00,0.0000000000000000e+00,0.0000000000000000e+00,0.0000000000000000e+00,0.0000000000000000e+00,0.0000000000000000e+00,1.3710855177912131e+00,6.6100658058103767e-01,2.4899982412650346e+00,8.0000447706122102e-01
B,5.8200000000000000e+02,0.0000000000000000e+00,0.0000000000000000e+00,0.0000000000000000e+00,0.0000000000000000e+00,0.0000000000000000e+00,0.0000000000000000e+00,1.3710855177912131e+00,6.6100658058103767e-01,2.4899982412650346e+00,8.0000447706122102e-01
B,5.8300000000000000e+02,0.0000000000000000e+00,0.0000000000000000e+00,0.0000000000000000e+00,0.0000000000000000e+00,0.0000000000000000e+00,0.0000000000000000e+00,1.3710855177912131e+00,6.6100658058103767e-01,2.4899982412650346e+00,8.0000447706122102e-01
B,5.8400000000000000e+02,0.0000000000000000e+00,0.0000000000000000e+00,0.0000000000000000e+00,0.0000000000000000e+00,0.0000000000000000e+00,0.0000000000000000e+00,1.3710855177912131e+00,6.6100658058103767e-01,2.4899982412650346e+00,8.0000447706122102e-01
B,5.8500000000000000e+02,0.0000000000000000e+00,0.0000000000000000e+00,0.0000000000000000e+00,0.0000000000000000e+00,0.0000000000000000e+00,0.0000000000000000e+00,1.3710855177912131e+00,6.6100658058103767e-01,2.4899982412650346e+00,8.0000447706122102e-01
B,5.8600000000000000e+02,0.0000000000000000e+00,0.0000000000000000e+00,0.0000000000000000e+00,0.0000000000000000e+00,0.0000000000000000e+00,0.0000000000000000e+00,1.3710855177912131e+00,6.6100658058103767e-01,2.4899982412650346e+00,8.0000447706122102e-01
B,5.8700000000000000e+02,0.0000000000000000e+00,0.0000000000000000e+00,0.0000000000000000e+00,0.0000000000000000e+00,0.0000000000000000e+00,0.0000000000000000e+00,1.3710855177912131e+00,6.6100658058103767e-01,2.4899982412650346e+00,8.0000447706122102e-01
B,5.8800000000000000e+02,0.0000000000000000e+00,0.0000000000000000e+00,0.0000000000000000e+00,0.0000000000000000e+00,0.0000000000000000e+00,0.0000000000000000e+00,1.3710855177912131e+00,6.6100658058103767e-01,2.4899982412650346e+00,8.0000447706122102e-01
B,5.8900000000000000e+02,0.0000000000000000e+00,0.0000000000000000e+00,0.0000000000000000e+00,0.0000000000000000e+00,0.0000000000000000e+00,0.0000000000000000e+00,1.3710855177912131e+00,6.6100658058103767e-01,2.4899982412650346e+00,8.0000447706122102e-01
B,5.9000000000000000e+02,0.0000000000000000e+00,0.0000000000000000e+00,0.0000000000000000e+00,0.0000000000000000e+00,0.0000000000000000e+00,0.0000000000000000e+00,1.3710855177912131e+00,6.6100658058103767e-01,2.4899982412650346e+00,8.0000447706122102e-01
B,5.9100000000000000e+02,0.0000000000000000e+00,0.0000000000000000e+00,0.0000000000000000e+00,0.0000000000000000e+00,0.0000000000000000e+00,0.0000000000000000e+00,1.3710855177912131e+00,6.6100658058103767e-01,2.4899982412650346e+00,8.0000447706122102e-01
B,5.9200000000000000e+02,0.0000000000000000e+00,0.0000000000000000e+00,0.0000000000000000e+00,0.0000000000000000e+00,0.0000000000000000e+00,0.0000000000000000e+00,1.3710855177912131e+00,6.6100658058103767e-01,2.4899982412650346e+00,8.0000447706122102e-01
B,5.9300000000000000e+02,0.0000000000000000e+00,0.0000000000000000e+00,0.0000000000000000e+00,0.0000000000000000e+00,0.0000000000000000e+00,0.0000000000000000e+00,1.3710855177912131e+00,6.6100658058103767e-01,2.4899982412650346e+00,8.0000447706122102e-01
B,5.9400000000000000e+02,0.0000000000000000e+00,0.0000000000000000e+00,0.0000000000000000e+00,0.0000000000000000e+00,0.0000000000000000e+00,0.0000000000000000e+00,1.3710855177912131e+00,6.6100658058103767e-01,2.4899982412650346e+00,8.0000447706122102e-01
B,5.9500000000000000e+02,0.0000000000000000e+00,0.0000000000000000e+00,0.0000000000000000e+00,0.0000000000000000e+00,0.0000000000000000e+00,0.0000000000000000e+00,1.3710855177912131e+00,6.6100658058103767e-01,2.4899982412650346e+00,8.0000447706122102e-01
B,5.9600000000000000e+02,0.0000000000000000e+00,0.0000000000000000e+00,0.0000000000000000e+00,0.0000000000000000e+00,0.0000000000000000e+00,0.0000000000000000e+00,1.3710855177912131e+00,6.6100658058103767e-01,2.4899982412650346e+00,8.0000447706122102e-01
B,5.9700000000000000e+02,0.0000000000000000e+00,0.0000000000000000e+00,0.0000000000000000e+00,0.0000000000000000e+00,0.0000000000000000e+00,0.0000000000000000e+00,1.3710855177912131e+00,6.6100658058103767e-01,2.4899982412650346e+00,8.0000447706122102e-01
B,5.9800000000000000e+02,0.0000000000000000e+00,0.0000000000000000e+00,0.0000000000000000e+00,0.0000000000000000e+00,0.0000000000000000e+00,0.0000000000000000e+00,1.3710855177912131e+00,6.6100658058103767e-01,2.4899982412650346e+00,8.0000447706122102e-01
B,5.9900000000000000e+02,0.0000000000000000e+00,0.0000000000000000e+00,0.0000000000000000e+00,0.0000000000000000e+00,0.0000000000000000e+00,0.0000000000000000e+00,1.3710855177912131e+00,6.6100658058103767e-01,2.4899982412650346e+00,8.0000447706122102e-01
B,6.0000000000000000e+02,0.0000000000000000e+00,0.0000000000000000e+00,0.0000000000000000e+00,0.0000000000000000e+00,0.0000000000000000e+00,0.0000000000000000e+00,1.3710855177912131e+00,6.6100658058103767e-01,2.4899982412650346e+00,8.0000447706122102e-01
B,6.0100000000000000e+02,0.0000000000000000e+00,0.0000000000000000e+00,0.0000000000000000e+00,0.0000000000000000e+00,0.0000000000000000e+00,0.0000000000000000e+00,1.3710855177912131e+00,6.6100658058103767e-01,2.4899982412650346e+00,8.0000447706122102e-01
B,6.0200000000000000e+02,0.0000000000000000e+00,0.0000000000000000e+00,0.0000000000000000e+00,0.0000000000000000e+00,0.0000000000000000e+00,0.0000000000000000e+00,1.3710855177912131e+00,6.6100658058103767e-01,2.4899982412650346e+00,8.0000447706122102e-01
B,6.0300000000000000e+02,0.0000000000000000e+00,0.0000000000000000e+00,0.0000000000000000e+00,0.0000000000000000e+00,0.0000000000000000e+00,0.0000000000000000e+00,1.3710855177912131e+00,6.6100658058103767e-01,2.4899982412650346e+00,8.0000447706122102e-01
B,6.0400000000000000e+02,0.0000000000000000e+00,0.0000000000000000e+00,0.0000000000000000e+00,0.0000000000000000e+00,0.0000000000000000e+00,0.0000000000000000e+00,1.3710855177912131e+00,6.6100658058103767e-01,2.4899982412650346e+00,8.0000447706122102e-01
B,6.0500000000000000e+02,0.0000000000000000e+00,0.0000000000000000e+00,0.0000000000000000e+00,0.0000000000000000e+00,0.0000000000000000e+00,0.0000000000000000e+00,1.3710855177912131e+00,6.6100658058103767e-01,2.4899982412650346e+00,8.0000447706122102e-01
B,6.0600000000000000e+02,0.0000000000000000e+00,0.0000000000000000e+00,0.0000000000000000e+00,0.0000000000000000e+00,0.0000000000000000e+00,0.0000000000000000e+00,1.3710855177912131e+00,6.6100658058103767e-01,2.4899982412650346e+00,8.0000447706122102e-01
B,6.0700000000000000e+02,0.0000000000000000e+00,0.0000000000000000e+00,0.0000000000000000e+00,0.0000000000000000e+00,0.0000000000000000e+00,0.0000000000000000e+00,1.3710855177912131e+00,6.6100658058103767e-01,2.4899982412650346e+00,8.0000447706122102e-01
B,6.0800000000000000e+02,0.0000000000000000e+00,0.0000000000000000e+00,0.0000000000000000e+00,0.0000000000000000e+00,0.0000000000000000e+00,0.0000000000000000e+00,1.3710855177912131e+00,6.6100658058103767e-01,2.4899982412650346e+00,8.0000447706122102e-01
B,6.0900000000000000e+02,0.0000000000000000e+00,0.0000000000000000e+00,0.0000000000000000e+00,0.0000000000000000e+00,0.0000000000000000e+00,0.0000000000000000e+00,1.3710855177912131e+00,6.6100658058103767e-01,2.4899982412650346e+00,8.0000447706122102e-01
B,6.1000000000000000e+02,0.0000000000000000e+00,0.0000000000000000e+00,0.0000000000000000e+00,0.0000000000000000e+00,0.0000000000000000e+00,0.0000000000000000e+00,1.3710855177912131e+00,6.6100658058103767e-01,2.4899982412650346e+00,8.0000447706122102e-01
B,6.1100000000000000e+02,0.0000000000000000e+00,0.0000000000000000e+00,0.0000000000000000e+00,0.0000000000000000e+00,0.0000000000000000e+00,0.0000000000000000e+00,1.3710855177912131e+00,6.6100658058103767e-01,2.4899982412650346e+00,8.0000447706122102e-01
B,6.1200000000000000e+02,0.0000000000000000e+00,0.0000000000000000e+00,0.0000000000000000e+00,0.0000000000000000e+00,0.0000000000000000e+00,0.0000000000000000e+00,1.3710855177912131e+00,6.6100658058103767e-01,2.4899982412650346e+00,8.0000447706122102e-01
B,6.1300000000000000e+02,0.0000000000000000e+00,0.0000000000000000e+00,0.0000000000000000e+00,0.0000000000000000e+00,0.0000000000000000e+00,0.0000000000000000e+00,1.3710855177912131e+00,6.6100658058103767e-01,2.4899982412650346e+00,8.0000447706122102e-01
B,6.1400000000000000e+02,0.0000000000000000e+00,0.0000000000000000e+00,0.0000000000000000e+00,0.0000000000000000e+00,0.0000000000000000e+00,0.0000000000000000e+00,1.3710855177912131e+00,6.6100658058103767e-01,2.4899982412650346e+00,8.0000447706122102e-01
B,6.1500000000000000e+02,0.0000000000000000e+00,0.0000000000000000e+00,0.0000000000000000e+00,0.0000000000000000e+00,0.0000000000000000e+00,0.0000000000000000e+00,1.3710855177912131e+00,6.6100658058103767e-01,2.4899982412650346e+00,8.0000447706122102e-01
B,6.1600000000000000e+02,0.0000000000000000e+00,0.0000000000000000e+00,0.0000000000000000e+00,0.0000000000000000e+00,0.0000000000000000e+00,0.0000000000000000e+00,1.3710855177912131e+00,6.6100658058103767e-01,2.4899982412650346e+00,8.0000447706122102e-01
B,6.1700000000000000e+02,0.0000000000000000e+00,0.0000000000000000e+00,0.0000000000000000e+00,0.0000000000000000e+00,0.0000000000000000e+00,0.0000000000000000e+00,1.3710855177912131e+00,6.6100658058103767e-01,2.4899982412650346e+00,8.0000447706122102e-01
B,6.1800000000000000e+02,0.0000000000000000e+00,0.0000000000000000e+00,0.0000000000000000e+00,0.0000000000000000e+00,0.0000000000000000e+00,0.0000000000000000e+00,1.3710855177912131e+00,6.6100658058103767e-01,2.4899982412650346e+00,8.0000447706122102e-01
B,6.1900000000000000e+02,0.0000000000000000e+00,0.0000000000000000e+00,0.0000000000000000e+00,0.0000000000000000e+00,0.0000000000000000e+00,0.0000000000000000e+00,1.3710855177912131e+00,6.6100658058103767e-01,2.4899982412650346e+00,8.0000447706122102e-01
B,6.2000000000000000e+02,0.0000000000000000e+00,0.0000000000000000e+00,0.0000000000000000e+00,0.0000000000000000e+00,0.0000000000000000e+00,0.0000000000000000e+00,1.3710855177912131e+00,6.6100658058103767e-01,2.4899982412650346e+00,8.0000447706122102e-01
B,6.2100000000000000e+02,0.0000000000000000e+00,0.0000000000000000e+00,0.0000000000000000e+00,0.0000000000000000e+00,0.0000000000000000e+00,0.0000000000000000e+00,1.3710855177912131e+00,6.6100658058103767e-01,2.4899982412650346e+00,8.0000447706122102e-01
B,6.2200000000000000e+02,0.0000000000000000e+00,0.0000000000000000e+00,0.0000000000000000e+00,0.0000000000000000e+00,0.0000000000000000e+00,0.0000000000000000e+00,1.3710855177912131e+00,6.6100658058103767e-01,2.4899982412650346e+00,8.0000447706122102e-01
B,6.2300000000000000e+02,0.0000000000000000e+00,0.0000000000000000e+00,0.0000000000000000e+00,0.0000000000000000e+00,0.0000000000000000e+00,0.0000000000000000e+00,1.3710855177912131e+00,6.6100658058103767e-01,2.4899982412650346e+00,8.0000447706122102e-01
B,6.2400000000000000e+02,0.0000000000000000e+00,0.0000000000000000e+00,0.0000000000000000e+00,0.0000000000000000e+00,0.0000000000000000e+00,0.0000000000000000e+00,1.3710855177912131e+00,6.6100658058103767e-01,2.4899982412650346e+00,8.0000447706122102e-01
B,6.2500000000000000e+02,0.0000000000000000e+00,0.0000000000000000e+00,0.0000000000000000e+00,0.0000000000000000e+00,0.0000000000000000e+00,0.0000000000000000e+00,1.3710855177912131e+00,6.6100658058103767e-01,2.4899982412650346e+00,8.0000447706122102e-01
B,6.2600000000000000e+02,0.0000000000000000e+00,0.0000000000000000e+00,0.0000000000000000e+00,0.0000000000000000e+00,0.0000000000000000e+00,0.0000000000000000e+00,1.3710855177912131e+00,6.6100658058103767e-01,2.4899982412650346e+00,8.0000447706122102e-01
B,6.2700000000000000e+02,0.0000000000000000e+00,0.0000000000000000e+00,0.0000000000000000e+00,0.0000000000000000e+00,0.0000000000000000e+00,0.0000000000000000e+00,1.3710855177912131e+00,6.6100658058103767e-01,2.4899982412650346e+00,8.0000447706122102e-01
B,6.2800000000000000e+02,0.0000000000000000e+00,0.0000000000000000e+00,0.0000000000000000e+00,0.0000000000000000e+00,0.0000000000000000e+00,0.0000000000000000e+00,1.3710855177912131e+00,6.6100658058103767e-01,2.4899982412650346e+00,8.0000447706122102e-01
B,6.2900000000000000e+02,0.0000000000000000e+00,0.0000000000000000e+00,0.0000000000000000e+00,0.0000000000000000e+00,0.0000000000000000e+00,0.0000000000000000e+00,1.3710855177912131e+00,6.6100658058103767e-01,2.4899982412650346e+00,8.0000447706122102e-01
B,6.3000000000000000e+02,0.0000000000000000e+00,0.0000000000000000e+00,0.0000000000000000e+00,0.0000000000000000e+00,0.0000000000000000e+00,0.0000000000000000e+00,1.3710855177912131e+00,6.6100658058103767e-01,2.4899982412650346e+00,8.0000447706122102e-01
B,6.3100000000000000e+02,0.0000000000000000e+00,0.0000000000000000e+00,0.0000000000000000e+00,0.0000000000000000e+00,0.0000000000000000e+00,0.0000000000000000e+00,1.3710855177912131e+00,6.6100658058103767e-01,2.4899982412650346e+00,8.0000447706122102e-01
B,6.3200000000000000e+02,0.0000000000000000e+00,0.0000000000000000e+00,0.0000000000000000e+00,0.0000000000000000e+00,0.0000000000000000e+00,0.0000000000000000e+00,1.3710855177912131e+00,6.6100658058103767e-01,2.4899982412650346e+00,8.0000447706122102e-01
B,6.3300000000000000e+02,0.0000000000000000e+00,0.0000000000000000e+00,0.0000000000000000e+00,0.0000000000000000e+00,0.0000000000000000e+00,0.0000000000000000e+00,1.3710855177912131e+00,6.6100658058103767e-01,2.4899982412650346e+00,8.0000447706122102e-01
B,6.3400000000000000e+02,0.0000000000000000e+00,0.0000000000000000e+00,0.0000000000000000e+00,0.0000000000000000e+00,0.0000000000000000e+00,0.0000000000000000e+00,1.3710855177912131e+00,6.6100658058103767e-01,2.4899982412650346e+00,8.0000447706122102e-01
B,6.3500000000000000e+02,0.0000000000000000e+00,0.0000000000000000e+00,0.0000000000000000e+00,0.0000000000000000e+00,0.0000000000000000e+00,0.0000000000000000e+00,1.3710855177912131e+00,6.6100658058103767e-01,2.4899982412650346e+00,8.0000447706122102e-01
B,6.3600000000000000e+02,0.0000000000000000e+00,0.0000000000000000e+00,0.0000000000000000e+00,0.0000000000000000e+00,0.0000000000000000e+00,0.0000000000000000e+00,1.3710855177912131e+00,6.6100658058103767e-01,2.4899982412650346e+00,8.0000447706122102e-01
B,6.3700000000000000e+02,0.0000000000000000e+00,0.0000000000000000e+00,0.0000000000000000e+00,0.0000000000000000e+00,0.0000000000000000e+00,0.0000000000000000e+00,1.3710855177912131e+00,6.6100658058103767e-01,2.4899982412650346e+00,8.0000447706122102e-01
B,6.3800000000000000e+02,0.0000000000000000e+00,0.0000000000000000e+00,0.0000000000000000e+00,0.0000000000000000e+00,0.0000000000000000e+00,0.0000000000000000e+00,1.3710855177912131e+00,6.6100658058103767e-01,2.4899982412650346e+00,8.0000447706122102e-01
B,6.3900000000000000e+02,0.0000000000000000e+00,0.0000000000000000e+00,0.0000000000000000e+00,0.0000000000000000e+00,0.0000000000000000e+00,0.0000000000000000e+00,1.3710855177912131e+00,6.6100658058103767e-01,2.4899982412650346e+00,8.0000447706122102e-01
B,6.4000000000000000e+02,0.0000000000000000e+00,0.0000000000000000e+00,0.0000000000000000e+00,0.0000000000000000e+00,0.0000000000000000e+00,0.0000000000000000e+00,1.3710855177912131e+00,6.6100658058103767e-01,2.4899982412650346e+00,8.0000447706122102e-01
B,6.4100000000000000e+02,0.0000000000000000e+00,0.0000000000000000e+00,0.0000000000000000e+00,0.0000000000000000e+00,0.0000000000000000e+00,0.0000000000000000e+00,1.3710855177912131e+00,6.6100658058103767e-01,2.4899982412650346e+00,8.0000447706122102e-01
B,6.4200000000000000e+02,0.0000000000000000e+00,0.0000000000000000e+00,0.0000000000000000e+00,0.0000000000000000e+00,0.0000000000000000e+00,0.0000000000000000e+00,1.3710855177912131e+00,6.6100658058103767e-01,2.4899982412650346e+00,8.0000447706122102e-01
B,6.4300000000000000e+02,0.0000000000000000e+00,0.0000000000000000e+00,0.0000000000000000e+00,0.0000000000000000e+00,0.0000000000000000e+00,0.0000000000000000e+00,1.3710855177912131e+00,6.6100658058103767e-01,2.4899982412650346e+00,8.0000447706122102e-01
B,6.4400000000000000e+02,0.0000000000000000e+00,0.0000000000000000e+00,0.0000000000000000e+00,0.0000000000000000e+00,0.0000000000000000e+00,0.0000000000000000e+00,1.3710855177912131e+00,6.6100658058103767e-01,2.4899982412650346e+00,8.0000447706122102e-01
B,6.4500000000000000e+02,0.0000000000000000e+00,0.0000000000000000e+00,0.0000000000000000e+00,0.0000000000000000e+00,0.0000000000000000e+00,0.0000000000000000e+00,1.3710855177912131e+00,6.6100658058103767e-01,2.4899982412650346e+00,8.0000447706122102e-01
B,6.4600000000000000e+02,0.0000000000000000e+00,0.0000000000000000e+00,0.0000000000000000e+00,0.0000000000000000e+00,0.0000000000000000e+00,0.0000000000000000e+00,1.3710855177912131e+00,6.6100658058103767e-01,2.4899982412650346e+00,8.0000447706122102e-01
B,6.4700000000000000e+02,0.0000000000000000e+00,0.0000000000000000e+00,0.0000000000000000e+00,0.0000000000000000e+00,0.0000000000000000e+00,0.0000000000000000e+00,1.3710855177912131e+00,6.6100658058103767e-01,2.4899982412650346e+00,8.0000447706122102e-01
B,6.4800000000000000e+02,0.0000000000000000e+00,0.0000000000000000e+00,0.0000000000000000e+00,0.0000000000000000e+00,0.0000000000000000e+00,0.0000000000000000e+00,1.3710855177912131e+00,6.6100658058103767e-01,2.4899982412650346e+00,8.0000447706122102e-01
B,6.4900000000000000e+02,0.0000000000000000e+00,0.0000000000000000e+00,0.0000000000000000e+00,0.0000000000000000e+00,0.0000000000000000e+00,0.0000000000000000e+00,1.3710855177912131e+00,6.6100658058103767e-01,2.4899982412650346e+00,8.0000447706122102e-01
B,6.5000000000000000e+02,0.0000000000000000e+00,0.0000000000000000e+00,0.0000000000000000e+00,0.0000000000000000e+00,0.0000000000000000e+00,0.0000000000000000e+00,1.3710855177912131e+00,6.6100658058103767e-01,2.4899982412650346e+00,8.0000447706122102e-01
B,6.5100000000000000e+02,0.0000000000000000e+00,0.0000000000000000e+00,0.0000000000000000e+00,0.0000000000000000e+00,0.0000000000000000e+00,0.0000000000000000e+00,1.3710855177912131e+00,6.6100658058103767e-01,2.4899982412650346e+00,8.0000447706122102e-01
B,6.5200000000000000e+02,0.0000000000000000e+00,0.0000000000000000e+00,0.0000000000000000e+00,0.0000000000000000e+00,0.0000000000000000e+00,0.0000000000000000e+00,1.3710855177912131e+00,6.6100658058103767e-01,2.4899982412650346e+00,8.0000447706122102e-01
B,6.5300000000000000e+02,0.0000000000000000e+00,0.0000000000000000e+00,0.0000000000000000e+00,0.0000000000000000e+00,0.0000000000000000e+00,0.0000000000000000e+00,1.3710855177912131e+00,6.6100658058103767e-01,2.4899982412650346e+00,8.0000447706122102e-01
B,6.5400000000000000e+02,0.0000000000000000e+00,0.0000000000000000e+00,0.0000000000000000e+00,0.0000000000000000e+00,0.0000000000000000e+00,0.0000000000000000e+00,1.3710855177912131e+00,6.6100658058103767e-01,2.4899982412650346e+00,8.0000447706122102e-01
B,6.5500000000000000e+02,0.0000000000000000e+00,0.0000000000000000e+00,0.0000000000000000e+00,0.0000000000000000e+00,0.0000000000000000e+00,0.0000000000000000e+00,1.3710855177912131e+00,6.6100658058103767e-01,2.4899982412650346e+00,8.0000447706122102e-01
B,6.5600000000000000e+02,0.0000000000000000e+00,0.0000000000000000e+00,0.0000000000000000e+00,0.0000000000000000e+00,0.0000000000000000e+00,0.0000000000000000e+00,1.3710855177912131e+00,6.6100658058103767e-01,2.4899982412650346e+00,8.0000447706122102e-01
B,6.5700000000000000e+02,0.0000000000000000e+00,0.0000000000000000e+00,0.0000000000000000e+00,0.0000000000000000e+00,0.0000000000000000e+00,0.0000000000000000e+00,1.3710855177912131e+00,6.6100658058103767e-01,2.4899982412650346e+00,8.0000447706122102e-01
B,6.5800000000000000e+02,0.0000000000000000e+00,0.0000000000000000e+00,0.0000000000000000e+00,0.0000000000000000e+00,0.0000000000000000e+00,0.0000000000000000e+00,1.3710855177912131e+00,6.6100658058103767e-01,2.4899982412650346e+00,8.0000447706122102e-01
B,6.5900000000000000e+02,0.0000000000000000e+00,0.0000000000000000e+00,0.0000000000000000e+00,0.0000000000000000e+00,0.0000000000000000e+00,0.0000000000000000e+00,1.3710855177912131e+00,6.6100658058103767e-01,2.4899982412650346e+00,8.0000447706122102e-01
B,6.6000000000000000e+02,0.0000000000000000e+00,0.0000000000000000e+00,0.0000000000000000e+00,0.0000000000000000e+00,0.0000000000000000e+00,0.0000000000000000e+00,1.3710855177912131e+00,6.6100658058103767e-01,2.4899982412650346e+00,8.0000447706122102e-01
B,6.6100000000000000e+02,0.0000000000000000e+00,0.0000000000000000e+00,0.0000000000000000e+00,0.0000000000000000e+00,0.0000000000000000e+00,0.0000000000000000e+00,1.3710855177912131e+00,6.6100658058103767e-01,2.4899982412650346e+00,8.0000447706122102e-01
B,6.6200000000000000e+02,0.0000000000000000e+00,0.0000000000000000e+00,0.0000000000000000e+00,0.0000000000000000e+00,0.0000000000000000e+00,0.0000000000000000e+00,1.3710855177912131e+00,6.6100658058103767e-01,2.4899982412650346e+00,8.0000447706122102e-01
B,6.6300000000000000e+02,0.0000000000000000e+00,0.0000000000000000e+00,0.0000000000000000e+00,0.0000000000000000e+00,0.0000000000000000e+00,0.0000000000000000e+00,1.3710855177912131e+00,6.6100658058103767e-01,2.4899982412650346e+00,8.0000447706122102e-01
B,6.6400000000000000e+02,0.0000000000000000e+00,0.0000000000000000e+00,0.0000000000000000e+00,0.0000000000000000e+00,0.0000000000000000e+00,0.0000000000000000e+00,1.3710855177912131e+00,6.6100658058103767e-01,2.4899982412650346e+00,8.0000447706122102e-01
B,6.6500000000000000e+02,0.0000000000000000e+00,0.0000000000000000e+00,0.0000000000000000e+00,0.0000000000000000e+00,0.0000000000000000e+00,0.0000000000000000e+00,1.3710855177912131e+00,6.6100658058103767e-01,2.4899982412650346e+00,8.0000447706122102e-01
B,6.6600000000000000e+02,0.0000000000000000e+00,0.0000000000000000e+00,0.0000000000000000e+00,0.0000000000000000e+00,0.0000000000000000e+00,0.0000000000000000e+00,1.3710855177912131e+00,6.6100658058103767e-01,2.4899982412650346e+00,8.0000447706122102e-01
B,6.6700000000000000e+02,0.0000000000000000e+00,0.0000000000000000e+00,0.0000000000000000e+00,0.0000000000000000e+00,0.0000000000000000e+00,0.0000000000000000e+00,1.3710855177912131e+00,6.6100658058103767e-01,2.4899982412650346e+00,8.0000447706122102e-01
B,6.6800000000000000e+02,0.0000000000000000e+00,0.0000000000000000e+00,0.0000000000000000e+00,0.0000000000000000e+00,0.0000000000000000e+00,0.0000000000000000e+00,1.3710855177912131e+00,6.6100658058103767e-01,2.4899982412650346e+00,8.0000447706122102e-01
B,6.6900000000000000e+02,0.0000000000000000e+00,0.0000000000000000e+00,0.0000000000000000e+00,0.0000000000000000e+00,0.0000000000000000e+00,0.0000000000000000e+00,1.3710855177912131e+00,6.6100658058103767e-01,2.4899982412650346e+00,8.0000447706122102e-01
B,6.7000000000000000e+02,0.0000000000000000e+00,0.0000000000000000e+00,0.0000000000000000e+00,0.0000000000000000e+00,0.0000000000000000e+00,0.0000000000000000e+00,1.3710855177912131e+00,6.6100658058103767e-01,2.4899982412650346e+00,8.0000447706122102e-01
B,6.7100000000000000e+02,0.0000000000000000e+00,0.0000000000000000e+00,0.0000000000000000e+00,0.0000000000000000e+00,0.0000000000000000e+00,0.0000000000000000e+00,1.3710855177912131e+00,6.6100658058103767e-01,2.4899982412650346e+00,8.0000447706122102e-01
B,6.7200000000000000e+02,0.0000000000000000e+00,0.0000000000000000e+00,0.0000000000000000e+00,0.0000000000000000e+00,0.0000000000000000e+00,0.0000000000000000e+00,1.3710855177912131e+00,6.6100658058103767e-01,2.4899982412650346e+00,8.0000447706122102e-01
B,6.7300000000000000e+02,0.0000000000000000e+00,0.0000000000000000e+00,0.0000000000000000e+00,0.0000000000000000e+00,0.0000000000000000e+00,0.0000000000000000e+00,1.3710855177912131e+00,6.6100658058103767e-01,2.4899982412650346e+00,8.0000447706122102e-01
B,6.7400000000000000e+02,0.0000000000000000e+00,0.0000000000000000e+00,0.0000000000000000e+00,0.0000000000000000e+00,0.0000000000000000e+00,0.0000000000000000e+00,1.3710855177912131e+00,6.6100658058103767e-01,2.4899982412650346e+00,8.0000447706122102e-01
B,6.7500000000000000e+02,0.0000000000000000e+00,0.0000000000000000e+00,0.0000000000000000e+00,0.0000000000000000e+00,0.0000000000000000e+00,0.0000000000000000e+00,1.3710855177912131e+00,6.6100658058103767e-01,2.4899982412650346e+00,8.0000447706122102e-01
B,6.7600000000000000e+02,0.0000000000000000e+00,0.0000000000000000e+00,0.0000000000000000e+00,0.0000000000000000e+00,0.0000000000000000e+00,0.0000000000000000e+00,1.3710855177912131e+00,6.6100658058103767e-01,2.4899982412650346e+00,8.0000447706122102e-01
B,6.7700000000000000e+02,0.0000000000000000e+00,0.0000000000000000e+00,0.0000000000000000e+00,0.0000000000000000e+00,0.0000000000000000e+00,0.0000000000000000e+00,1.3710855177912131e+00,6.6100658058103767e-01,2.4899982412650346e+00,8.0000447706122102e-01
B,6.7800000000000000e+02,0.0000000000000000e+00,0.0000000000000000e+00,0.0000000000000000e+00,0.0000000000000000e+00,0.0000000000000000e+00,0.0000000000000000e+00,1.3710855177912131e+00,6.6100658058103767e-01,2.4899982412650346e+00,8.0000447706122102e-01
B,6.7900000000000000e+02,0.0000000000000000e+00,0.0000000000000000e+00,0.0000000000000000e+00,0.0000000000000000e+00,0.0000000000000000e+00,0.0000000000000000e+00,1.3710855177912131e+00,6.6100658058103767e-01,2.4899982412650346e+00,8.0000447706122102e-01
B,6.8000000000000000e+02,0.0000000000000000e+00,0.0000000000000000e+00,0.0000000000000000e+00,0.0000000000000000e+00,0.0000000000000000e+00,0.0000000000000000e+00,1.3710855177912131e+00,6.6100658058103767e-01,2.4899982412650346e+00,8.0000447706122102e-01
B,6.8100000000000000e+02,0.0000000000000000e+00,0.0000000000000000e+00,0.0000000000000000e+00,0.0000000000000000e+00,0.0000000000000000e+00,0.0000000000000000e+00,1.3710855177912131e+00,6.6100658058103767e-01,2.4899982412650346e+00,8.0000447706122102e-01
B,6.8200000000000000e+02,0.0000000000000000e+00,0.0000000000000000e+00,0.0000000000000000e+00,0.0000000000000000e+00,0.0000000000000000e+00,0.0000000000000000e+00,1.3710855177912131e+00,6.6100658058103767e-01,2.4899982412650346e+00,8.0000447706122102e-01
B,6.8300000000000000e+02,0.0000000000000000e+00,0.0000000000000000e+00,0.0000000000000000e+00,0.0000000000000000e+00,0.0000000000000000e+00,0.0000000000000000e+00,1.3710855177912131e+00,6.6100658058103767e-01,2.4899982412650346e+00,8.0000447706122102e-01
B,6.8400000000000000e+02,0.0000000000000000e+00,0.0000000000000000e+00,0.0000000000000000e+00,0.0000000000000000e+00,0.0000000000000000e+00,0.0000000000000000e+00,1.3710855177912131e+00,6.6100658058103767e-01,2.4899982412650346e+00,8.0000447706122102e-01
B,6.8500000000000000e+02,0.0000000000000000e+00,0.0000000000000000e+00,0.0000000000000000e+00,0.0000000000000000e+00,0.0000000000000000e+00,0.0000000000000000e+00,1.3710855177912131e+00,6.6100658058103767e-01,2.4899982412650346e+00,8.0000447706122102e-01
B,6.8600000000000000e+02,0.0000000000000000e+00,0.0000000000000000e+00,0.0000000000000000e+00,0.0000000000000000e+00,0.0000000000000000e+00,0.0000000000000000e+00,1.3710855177912131e+00,6.6100658058103767e-01,2.4899982412650346e+00,8.0000447706122102e-01
B,6.8700000000000000e+02,0.0000000000000000e+00,0.0000000000000000e+00,0.0000000000000000e+00,0.0000000000000000e+00,0.0000000000000000e+00,0.0000000000000000e+00,1.3710855177912131e+00,6.6100658058103767e-01,2.4899982412650346e+00,8.0000447706122102e-01
B,6.8800000000000000e+02,0.0000000000000000e+00,0.0000000000000000e+00,0.0000000000000000e+00,0.0000000000000000e+00,0.0000000000000000e+00,0.0000000000000000e+00,1.3710855177912131e+00,6.6100658058103767e-01,2.4899982412650346e+00,8.0000447706122102e-01
B,6.8900000000000000e+02,0.0000000000000000e+00,0.0000000000000000e+00,0.0000000000000000e+00,0.0000000000000000e+00,0.0000000000000000e+00,0.0000000000000000e+00,1.3710855177912131e+00,6.6100658058103767e-01,2.4899982412650346e+00,8.0000447706122102e-01
B,6.9000000000000000e+02,0.0000000000000000e+00,0.0000000000000000e+00,0.0000000000000000e+00,0.0000000000000000e+00,0.0000000000000000e+00,0.0000000000000000e+00,1.3710855177912131e+00,6.6100658058103767e-01,2.4899982412650346e+00,8.0000447706122102e-01
B,6.9100000000000000e+02,0.0000000000000000e+00,0.0000000000000000e+00,0.0000000000000000e+00,0.0000000000000000e+00,0.0000000000000000e+00,0.0000000000000000e+00,1.3710855177912131e+00,6.6100658058103767e-01,2.4899982412650346e+00,8.0000447706122102e-01
B,6.9200000000000000e+02,0.0000000000000000e+00,0.0000000000000000e+00,0.0000000000000000e+00,0.0000000000000000e+00,0.0000000000000000e+00,0.0000000000000000e+00,1.3710855177912131e+00,6.6100658058103767e-01,2.4899982412650346e+00,8.0000447706122102e-01
B,6.9300000000000000e+02,0.0000000000000000e+00,0.0000000000000000e+00,0.0000000000000000e+00,0.0000000000000000e+00,0.0000000000000000e+00,0.0000000000000000e+00,1.3710855177912131e+00,6.6100658058103767e-01,2.4899982412650346e+00,8.0000447706122102e-01
B,6.9400000000000000e+02,0.0000000000000000e+00,0.0000000000000000e+00,0.0000000000000000e+00,0.0000000000000000e+00,0.0000000000000000e+00,0.0000000000000000e+00,1.3710855177912131e+00,6.6100658058103767e-01,2.4899982412650346e+00,8.0000447706122102e-01
B,6.9500000000000000e+02,0.0000000000000000e+00,0.0000000000000000e+00,0.0000000000000000e+00,0.0000000000000000e+00,0.0000000000000000e+00,0.0000000000000000e+00,1.3710855177912131e+00,6.6100658058103767e-01,2.4899982412650346e+00,8.0000447706122102e-01
B,6.9600000000000000e+02,0.0000000000000000e+00,0.0000000000000000e+00,0.0000000000000000e+00,0.0000000000000000e+00,0.0000000000000000e+00,0.0000000000000000e+00,1.3710855177912131e+00,6.6100658058103767e-01,2.4899982412650346e+00,8.0000447706122102e-01
B,6.9700000000000000e+02,0.0000000000000000e+00,0.0000000000000000e+00,0.0000000000000000e+00,0.0000000000000000e+00,0.0000000000000000e+00,0.0000000000000000e+00,1.3710855177912131e+00,6.6100658058103767e-01,2.4899982412650346e+00,8.0000447706122102e-01
B,6.9800000000000000e+02,0.0000000000000000e+00,0.0000000000000000e+00,0.0000000000000000e+00,0.0000000000000000e+00,0.0000000000000000e+00,0.0000000000000000e+00,1.3710855177912131e+00,6.6100658058103767e-01,2.4899982412650346e+00,8.0000447706122102e-01
B,6.9900000000000000e+02,0.0000000000000000e+00,0.0000000000000000e+00,0.0000000000000000e+00,0.0000000000000000e+00,0.0000000000000000e+00,0.0000000000000000e+00,1.3710855177912131e+00,6.6100658058103767e-01,2.4899982412650346e+00,8.0000447706122102e-01
B,7.0000000000000000e+02,0.0000000000000000e+00,0.0000000000000000e+00,0.0000000000000000e+00,0.0000000000000000e+00,0.0000000000000000e+00,0.0000000000000000e+00,1.3710855177912131e+00,6.6100658058103767e-01,2.4899982412650346e+00,8.0000447706122102e-01
B,7.0100000000000000e+02,0.0000000000000000e+00,0.0000000000000000e+00,0.0000000000000000e+00,0.0000000000000000e+00,0.0000000000000000e+00,0.0000000000000000e+00,1.3710855177912131e+00,6.6100658058103767e-01,2.4899982412650346e+00,8.0000447706122102e-01
B,7.0200000000000000e+02,0.0000000000000000e+00,0.0000000000000000e+00,0.0000000000000000e+00,0.0000000000000000e+00,0.0000000000000000e+00,0.0000000000000000e+00,1.3710855177912131e+00,6.6100658058103767e-01,2.4899982412650346e+00,8.0000447706122102e-01
B,7.0300000000000000e+02,0.0000000000000000e+00,0.0000000000000000e+00,0.0000000000000000e+00,0.0000000000000000e+00,0.0000000000000000e+00,0.0000000000000000e+00,1.3710855177912131e+00,6.6100658058103767e-01,2.4899982412650346e+00,8.0000447706122102e-01
B,7.0400000000000000e+02,0.0000000000000000e+00,0.0000000000000000e+00,0.0000000000000000e+00,0.0000000000000000e+00,0.0000000000000000e+00,0.0000000000000000e+00,1.3710855177912131e+00,6.6100658058103767e-01,2.4899982412650346e+00,8.0000447706122102e-01
B,7.0500000000000000e+02,0.0000000000000000e+00,0.0000000000000000e+00,0.0000000000000000e+00,0.0000000000000000e+00,0.0000000000000000e+00,0.0000000000000000e+00,1.3710855177912131e+00,6.6100658058103767e-01,2.4899982412650346e+00,8.0000447706122102e-01
B,7.0600000000000000e+02,0.0000000000000000e+00,0.0000000000000000e+00,0.0000000000000000e+00,0.0000000000000000e+00,0.0000000000000000e+00,0.0000000000000000e+00,1.3710855177912131e+00,6.6100658058103767e-01,2.4899982412650346e+00,8.0000447706122102e-01
B,7.0700000000000000e+02,0.0000000000000000e+00,0.0000000000000000e+00,0.0000000000000000e+00,0.0000000000000000e+00,0.0000000000000000e+00,0.0000000000000000e+00,1.3710855177912131e+00,6.6100658058103767e-01,2.4899982412650346e+00,8.0000447706122102e-01
B,7.0800000000000000e+02,0.0000000000000000e+00,0.0000000000000000e+00,0.0000000000000000e+00,0.0000000000000000e+00,0.0000000000000000e+00,0.0000000000000000e+00,1.3710855177912131e+00,6.6100658058103767e-01,2.4899982412650346e+00,8.0000447706122102e-01
B,7.0900000000000000e+02,0.0000000000000000e+00,0.0000000000000000e+00,0.0000000000000000e+00,0.0000000000000000e+00,0.0000000000000000e+00,0.0000000000000000e+00,1.3710855177912131e+00,6.6100658058103767e-01,2.4899982412650346e+00,8.0000447706122102e-01
B,7.1000000000000000e+02,0.0000000000000000e+00,0.0000000000000000e+00,0.0000000000000000e+00,0.0000000000000000e+00,0.0000000000000000e+00,0.0000000000000000e+00,1.3710855177912131e+00,6.6100658058103767e-01,2.4899982412650346e+00,8.0000447706122102e-01
B,7.1100000000000000e+02,0.0000000000000000e+00,0.0000000000000000e+00,0.0000000000000000e+00,0.0000000000000000e+00,0.0000000000000000e+00,0.0000000000000000e+00,1.3710855177912131e+00,6.6100658058103767e-01,2.4899982412650346e+00,8.0000447706122102e-01
B,7.1200000000000000e+02,0.0000000000000000e+00,0.0000000000000000e+00,0.0000000000000000e+00,0.0000000000000000e+00,0.0000000000000000e+00,0.0000000000000000e+00,1.3710855177912131e+00,6.6100658058103767e-01,2.4899982412650346e+00,8.0000447706122102e-01
B,7.1300000000000000e+02,0.0000000000000000e+00,0.0000000000000000e+00,0.0000000000000000e+00,0.0000000000000000e+00,0.0000000000000000e+00,0.0000000000000000e+00,1.3710855177912131e+00,6.6100658058103767e-01,2.4899982412650346e+00,8.0000447706122102e-01
B,7.1400000000000000e+02,0.0000000000000000e+00,0.0000000000000000e+00,0.0000000000000000e+00,0.0000000000000000e+00,0.0000000000000000e+00,0.0000000000000000e+00,1.3710855177912131e+00,6.6100658058103767e-01,2.4899982412650346e+00,8.0000447706122102e-01
B,7.1500000000000000e+02,0.0000000000000000e+00,0.0000000000000000e+00,0.0000000000000000e+00,0.0000000000000000e+00,0.0000000000000000e+00,0.0000000000000000e+00,1.3710855177912131e+00,6.6100658058103767e-01,2.4899982412650346e+00,8.0000447706122102e-01
B,7.1600000000000000e+02,0.0000000000000000e+00,0.0000000000000000e+00,0.0000000000000000e+00,0.0000000000000000e+00,0.0000000000000000e+00,0.0000000000000000e+00,1.3710855177912131e+00,6.6100658058103767e-01,2.4899982412650346e+00,8.0000447706122102e-01
B,7.1700000000000000e+02,0.0000000000000000e+00,0.0000000000000000e+00,0.0000000000000000e+00,0.0000000000000000e+00,0.0000000000000000e+00,0.0000000000000000e+00,1.3710855177912131e+00,6.6100658058103767e-01,2.4899982412650346e+00,8.0000447706122102e-01
B,7.1800000000000000e+02,0.0000000000000000e+00,0.0000000000000000e+00,0.0000000000000000e+00,0.0000000000000000e+00,0.0000000000000000e+00,0.0000000000000000e+00,1.3710855177912131e+00,6.6100658058103767e-01,2.4899982412650346e+00,8.0000447706122102e-01
B,7.1900000000000000e+02,0.0000000000000000e+00,0.0000000000000000e+00,0.0000000000000000e+00,0.0000000000000000e+00,0.0000000000000000e+00,0.0000000000000000e+00,1.3710855177912131e+00,6.6100658058103767e-01,2.4899982412650346e+00,8.0000447706122102e-01
B,7.2000000000000000e+02,0.0000000000000000e+00,0.0000000000000000e+00,0.0000000000000000e+00,0.0000000000000000e+00,0.0000000000000000e+00,0.0000000000000000e+00,1.3710855177912131e+00,6.6100658058103767e-01,2.4899982412650346e+00,8.0000447706122102e-01
B,7.2100000000000000e+02,0.0000000000000000e+00,0.0000000000000000e+00,0.0000000000000000e+00,0.0000000000000000e+00,0.0000000000000000e+00,0.0000000000000000e+00,1.3710855177912131e+00,6.6100658058103767e-01,2.4899982412650346e+00,8.0000447706122102e-01
B,7.2200000000000000e+02,0.0000000000000000e+00,0.0000000000000000e+00,0.0000000000000000e+00,0.0000000000000000e+00,0.0000000000000000e+00,0.0000000000000000e+00,1.3710855177912131e+00,6.6100658058103767e-01,2.4899982412650346e+00,8.0000447706122102e-01
B,7.2300000000000000e+02,0.0000000000000000e+00,0.0000000000000000e+00,0.0000000000000000e+00,0.0000000000000000e+00,0.0000000000000000e+00,0.0000000000000000e+00,1.3710855177912131e+00,6.6100658058103767e-01,2.4899982412650346e+00,8.0000447706122102e-01
B,7.2400000000000000e+02,0.0000000000000000e+00,0.0000000000000000e+00,0.0000000000000000e+00,0.0000000000000000e+00,0.0000000000000000e+00,0.0000000000000000e+00,1.3710855177912131e+00,6.6100658058103767e-01,2.4899982412650346e+00,8.0000447706122102e-01
B,7.2500000000000000e+02,0.0000000000000000e+00,0.0000000000000000e+00,0.0000000000000000e+00,0.0000000000000000e+00,0.0000000000000000e+00,0.0000000000000000e+00,1.3710855177912131e+00,6.6100658058103767e-01,2.4899982412650346e+00,8.0000447706122102e-01
B,7.2600000000000000e+02,0.0000000000000000e+00,0.0000000000000000e+00,0.0000000000000000e+00,0.0000000000000000e+00,0.0000000000000000e+00,0.0000000000000000e+00,1.3710855177912131e+00,6.6100658058103767e-01,2.4899982412650346e+00,8.0000447706122102e-01
B,7.2700000000000000e+02,0.0000000000000000e+00,0.0000000000000000e+00,0.0000000000000000e+00,0.0000000000000000e+00,0.0000000000000000e+00,0.0000000000000000e+00,1.3710855177912131e+00,6.6100658058103767e-01,2.4899982412650346e+00,8.0000447706122102e-01
B,7.2800000000000000e+02,0.0000000000000000e+00,0.0000000000000000e+00,0.0000000000000000e+00,0.0000000000000000e+00,0.0000000000000000e+00,0.0000000000000000e+00,1.3710855177912131e+00,6.6100658058103767e-01,2.4899982412650346e+00,8.0000447706122102e-01
B,7.2900000000000000e+02,0.0000000000000000e+00,0.0000000000000000e+00,0.0000000000000000e+00,0.0000000000000000e+00,0.0000000000000000e+00,0.0000000000000000e+00,1.3710855177912131e+00,6.6100658058103767e-01,2.4899982412650346e+00,8.0000447706122102e-01
B,7.3000000000000000e+02,0.0000000000000000e+00,0.0000000000000000e+00,0.0000000000000000e+00,0.0000000000000000e+00,0.0000000000000000e+00,0.0000000000000000e+00,1.3710855177912131e+00,6.6100658058103767e-01,2.4899982412650346e+00,8.0000447706122102e-01
B,7.3100000000000000e+02,0.0000000000000000e+00,0.0000000000000000e+00,0.0000000000000000e+00,0.0000000000000000e+00,0.0000000000000000e+00,0.0000000000000000e+00,1.3710855177912131e+00,6.6100658058103767e-01,2.4899982412650346e+00,8.0000447706122102e-01
B,7.3200000000000000e+02,0.0000000000000000e+00,0.0000000000000000e+00,0.0000000000000000e+00,0.0000000000000000e+00,0.0000000000000000e+00,0.0000000000000000e+00,1.3710855177912131e+00,6.6100658058103767e-01,2.4899982412650346e+00,8.0000447706122102e-01
B,7.3300000000000000e+02,0.0000000000000000e+00,0.0000000000000000e+00,0.0000000000000000e+00,0.0000000000000000e+00,0.0000000000000000e+00,0.0000000000000000e+00,1.3710855177912131e+00,6.6100658058103767e-01,2.4899982412650346e+00,8.0000447706122102e-01
B,7.3400000000000000e+02,0.0000000000000000e+00,0.0000000000000000e+00,0.0000000000000000e+00,0.0000000000000000e+00,0.0000000000000000e+00,0.0000000000000000e+00,1.3710855177912131e+00,6.6100658058103767e-01,2.4899982412650346e+00,8.0000447706122102e-01
B,7.3500000000000000e+02,0.0000000000000000e+00,0.0000000000000000e+00,0.0000000000000000e+00,0.0000000000000000e+00,0.0000000000000000e+00,0.0000000000000000e+00,1.3710855177912131e+00,6.6100658058103767e-01,2.4899982412650346e+00,8.0000447706122102e-01
B,7.3600000000000000e+02,0.0000000000000000e+00,0.0000000000000000e+00,0.0000000000000000e+00,0.0000000000000000e+00,0.0000000000000000e+00,0.0000000000000000e+00,1.3710855177912131e+00,6.6100658058103767e-01,2.4899982412650346e+00,8.0000447706122102e-01
B,7.3700000000000000e+02,0.0000000000000000e+00,0.0000000000000000e+00,0.0000000000000000e+00,0.0000000000000000e+00,0.0000000000000000e+00,0.0000000000000000e+00,1.3710855177912131e+00,6.6100658058103767e-01,2.4899982412650346e+00,8.0000447706122102e-01
B,7.3800000000000000e+02,0.0000000000000000e+00,0.0000000000000000e+00,0.0000000000000000e+00,0.0000000000000000e+00,0.0000000000000000e+00,0.0000000000000000e+00,1.3710855177912131e+00,6.6100658058103767e-01,2.4899982412650346e+00,8.0000447706122102e-01
B,7.3900000000000000e+02,0.0000000000000000e+00,0.0000000000000000e+00,0.0000000000000000e+00,0.0000000000000000e+00,0.0000000000000000e+00,0.0000000000000000e+00,1.3710855177912131e+00,6.6100658058103767e-01,2.4899982412650346e+00,8.0000447706122102e-01
B,7.4000000000000000e+02,0.0000000000000000e+00,0.0000000000000000e+00,0.0000000000000000e+00,0.0000000000000000e+00,0.0000000000000000e+00,0.0000000000000000e+00,1.3710855177912131e+00,6.6100658058103767e-01,2.4899982412650346e+00,8.0000447706122102e-01
B,7.4100000000000000e+02,0.0000000000000000e+00,0.0000000000000000e+00,0.0000000000000000e+00,0.0000000000000000e+00,0.0000000000000000e+00,0.0000000000000000e+00,1.3710855177912131e+00,6.6100658058103767e-01,2.4899982412650346e+00,8.0000447706122102e-01
B,7.4200000000000000e+02,0.0000000000000000e+00,0.0000000000000000e+00,0.0000000000000000e+00,0.0000000000000000e+00,0.0000000000000000e+00,0.0000000000000000e+00,1.3710855177912131e+00,6.6100658058103767e-01,2.4899982412650346e+00,8.0000447706122102e-01
B,7.4300000000000000e+02,0.0000000000000000e+00,0.0000000000000000e+00,0.0000000000000000e+00,0.0000000000000000e+00,0.0000000000000000e+00,0.0000000000000000e+00,1.3710855177912131e+00,6.6100658058103767e-01,2.4899982412650346e+00,8.0000447706122102e-01
B,7.4400000000000000e+02,0.0000000000000000e+00,0.0000000000000000e+00,0.0000000000000000e+00,0.0000000000000000e+00,0.0000000000000000e+00,0.0000000000000000e+00,1.3710855177912131e+00,6.6100658058103767e-01,2.4899982412650346e+00,8.0000447706122102e-01
B,7.4500000000000000e+02,0.0000000000000000e+00,0.0000000000000000e+00,0.0000000000000000e+00,0.0000000000000000e+00,0.0000000000000000e+00,0.0000000000000000e+00,1.3710855177912131e+00,6.6100658058103767e-01,2.4899982412650346e+00,8.0000447706122102e-01
B,7.4600000000000000e+02,0.0000000000000000e+00,0.0000000000000000e+00,0.0000000000000000e+00,0.0000000000000000e+00,0.0000000000000000e+00,0.0000000000000000e+00,1.3710855177912131e+00,6.6100658058103767e-01,2.4899982412650346e+00,8.0000447706122102e-01
B,7.4700000000000000e+02,0.0000000000000000e+00,0.0000000000000000e+00,0.0000000000000000e+00,0.0000000000000000e+00,0.0000000000000000e+00,0.0000000000000000e+00,1.3710855177912131e+00,6.6100658058103767e-01,2.4899982412650346e+00,8.0000447706122102e-01
B,7.4800000000000000e+02,0.0000000000000000e+00,0.0000000000000000e+00,0.0000000000000000e+00,0.0000000000000000e+00,0.0000000000000000e+00,0.0000000000000000e+00,1.3710855177912131e+00,6.6100658058103767e-01,2.4899982412650346e+00,8.0000447706122102e-01
B,7.4900000000000000e+02,0.0000000000000000e+00,0.0000000000000000e+00,0.0000000000000000e+00,0.0000000000000000e+00,0.0000000000000000e+00,0.0000000000000000e+00,1.3710855177912131e+00,6.6100658058103767e-01,2.4899982412650346e+00,8.0000447706122102e-01
B,7.5000000000000000e+02,0.0000000000000000e+00,0.0000000000000000e+00,0.0000000000000000e+00,0.0000000000000000e+00,0.0000000000000000e+00,0.0000000000000000e+00,1.3710855177912131e+00,6.6100658058103767e-01,2.4899982412650346e+00,8.0000447706122102e-01
B,7.5100000000000000e+02,0.0000000000000000e+00,0.0000000000000000e+00,0.0000000000000000e+00,0.0000000000000000e+00,0.0000000000000000e+00,0.0000000000000000e+00,1.3710855177912131e+00,6.6100658058103767e-01,2.4899982412650346e+00,8.0000447706122102e-01
B,7.5200000000000000e+02,0.0000000000000000e+00,0.0000000000000000e+00,0.0000000000000000e+00,0.0000000000000000e+00,0.0000000000000000e+00,0.0000000000000000e+00,1.3710855177912131e+00,6.6100658058103767e-01,2.4899982412650346e+00,8.0000447706122102e-01
B,7.5300000000000000e+02,0.0000000000000000e+00,0.0000000000000000e+00,0.0000000000000000e+00,0.0000000000000000e+00,0.0000000000000000e+00,0.0000000000000000e+00,1.3710855177912131e+00,6.6100658058103767e-01,2.4899982412650346e+00,8.0000447706122102e-01
B,7.5400000000000000e+02,0.0000000000000000e+00,0.0000000000000000e+00,0.0000000000000000e+00,0.0000000000000000e+00,0.0000000000000000e+00,0.0000000000000000e+00,1.3710855177912131e+00,6.6100658058103767e-01,2.4899982412650346e+00,8.0000447706122102e-01
B,7.5500000000000000e+02,0.0000000000000000e+00,0.0000000000000000e+00,0.0000000000000000e+00,0.0000000000000000e+00,0.0000000000000000e+00,0.0000000000000000e+00,1.3710855177912131e+00,6.6100658058103767e-01,2.4899982412650346e+00,8.0000447706122102e-01
B,7.5600000000000000e+02,0.0000000000000000e+00,0.0000000000000000e+00,0.0000000000000000e+00,0.0000000000000000e+00,0.0000000000000000e+00,0.0000000000000000e+00,1.3710855177912131e+00,6.6100658058103767e-01,2.4899982412650346e+00,8.0000447706122102e-01
B,7.5700000000000000e+02,0.0000000000000000e+00,0.0000000000000000e+00,0.0000000000000000e+00,0.0000000000000000e+00,0.0000000000000000e+00,0.0000000000000000e+00,1.3710855177912131e+00,6.6100658058103767e-01,2.4899982412650346e+00,8.0000447706122102e-01
B,7.5800000000000000e+02,0.0000000000000000e+00,0.0000000000000000e+00,0.0000000000000000e+00,0.0000000000000000e+00,0.0000000000000000e+00,0.0000000000000000e+00,1.3710855177912131e+00,6.6100658058103767e-01,2.4899982412650346e+00,8.0000447706122102e-01
B,7.5900000000000000e+02,0.0000000000000000e+00,0.0000000000000000e+00,0.0000000000000000e+00,0.0000000000000000e+00,0.0000000000000000e+00,0.0000000000000000e+00,1.3710855177912131e+00,6.6100658058103767e-01,2.4899982412650346e+00,8.0000447706122102e-01
B,7.6000000000000000e+02,0.0000000000000000e+00,0.0000000000000000e+00,0.0000000000000000e+00,0.0000000000000000e+00,0.0000000000000000e+00,0.0000000000000000e+00,1.3710855177912131e+00,6.6100658058103767e-01,2.4899982412650346e+00,8.0000447706122102e-01
B,7.6100000000000000e+02,0.0000000000000000e+00,0.0000000000000000e+00,0.0000000000000000e+00,0.0000000000000000e+00,0.0000000000000000e+00,0.0000000000000000e+00,1.3710855177912131e+00,6.6100658058103767e-01,2.4899982412650346e+00,8.0000447706122102e-01
B,7.6200000000000000e+02,0.0000000000000000e+00,0.0000000000000000e+00,0.0000000000000000e+00,0.0000000000000000e+00,0.0000000000000000e+00,0.0000000000000000e+00,1.3710855177912131e+00,6.6100658058103767e-01,2.4899982412650346e+00,8.0000447706122102e-01
B,7.6300000000000000e+02,0.0000000000000000e+00,0.0000000000000000e+00,0.0000000000000000e+00,0.0000000000000000e+00,0.0000000000000000e+00,0.0000000000000000e+00,1.3710855177912131e+00,6.6100658058103767e-01,2.4899982412650346e+00,8.0000447706122102e-01
B,7.6400000000000000e+02,0.0000000000000000e+00,0.0000000000000000e+00,0.0000000000000000e+00,0.0000000000000000e+00,0.0000000000000000e+00,0.0000000000000000e+00,1.3710855177912131e+00,6.6100658058103767e-01,2.4899982412650346e+00,8.0000447706122102e-01
B,7.6500000000000000e+02,0.0000000000000000e+00,0.0000000000000000e+00,0.0000000000000000e+00,0.0000000000000000e+00,0.0000000000000000e+00,0.0000000000000000e+00,1.3710855177912131e+00,6.6100658058103767e-01,2.4899982412650346e+00,8.0000447706122102e-01
B,7.6600000000000000e+02,0.0000000000000000e+00,0.0000000000000000e+00,0.0000000000000000e+00,0.0000000000000000e+00,0.0000000000000000e+00,0.0000000000000000e+00,1.3710855177912131e+00,6.6100658058103767e-01,2.4899982412650346e+00,8.0000447706122102e-01
B,7.6700000000000000e+02,0.0000000000000000e+00,0.0000000000000000e+00,0.0000000000000000e+00,0.0000000000000000e+00,0.0000000000000000e+00,0.0000000000000000e+00,1.3710855177912131e+00,6.6100658058103767e-01,2.4899982412650346e+00,8.0000447706122102e-01
B,7.6800000000000000e+02,0.0000000000000000e+00,0.0000000000000000e+00,0.0000000000000000e+00,0.0000000000000000e+00,0.0000000000000000e+00,0.0000000000000000e+00,1.3710855177912131e+00,6.6100658058103767e-01,2.4899982412650346e+00,8.0000447706122102e-01
B,7.6900000000000000e+02,0.0000000000000000e+00,0.0000000000000000e+00,0.0000000000000000e+00,0.0000000000000000e+00,0.0000000000000000e+00,0.0000000000000000e+00,1.3710855177912131e+00,6.6100658058103767e-01,2.4899982412650346e+00,8.0000447706122102e-01
B,7.7000000000000000e+02,0.0000000000000000e+00,0.0000000000000000e+00,0.0000000000000000e+00,0.0000000000000000e+00,0.0000000000000000e+00,0.0000000000000000e+00,1.3710855177912131e+00,6.6100658058103767e-01,2.4899982412650346e+00,8.0000447706122102e-01
B,7.7100000000000000e+02,0.0000000000000000e+00,0.0000000000000000e+00,0.0000000000000000e+00,0.0000000000000000e+00,0.0000000000000000e+00,0.0000000000000000e+00,1.3710855177912131e+00,6.6100658058103767e-01,2.4899982412650346e+00,8.0000447706122102e-01
B,7.7200000000000000e+02,0.0000000000000000e+00,0.0000000000000000e+00,0.0000000000000000e+00,0.0000000000000000e+00,0.0000000000000000e+00,0.0000000000000000e+00,1.3710855177912131e+00,6.6100658058103767e-01,2.4899982412650346e+00,8.0000447706122102e-01
B,7.7300000000000000e+02,0.0000000000000000e+00,0.0000000000000000e+00,0.0000000000000000e+00,0.0000000000000000e+00,0.0000000000000000e+00,0.0000000000000000e+00,1.3710855177912131e+00,6.6100658058103767e-01,2.4899982412650346e+00,8.0000447706122102e-01
B,7.7400000000000000e+02,0.0000000000000000e+00,0.0000000000000000e+00,0.0000000000000000e+00,0.0000000000000000e+00,0.0000000000000000e+00,0.0000000000000000e+00,1.3710855177912131e+00,6.6100658058103767e-01,2.4899982412650346e+00,8.0000447706122102e-01
B,7.7500000000000000e+02,0.0000000000000000e+00,0.0000000000000000e+00,0.0000000000000000e+00,0.0000000000000000e+00,0.0000000000000000e+00,0.0000000000000000e+00,1.3710855177912131e+00,6.6100658058103767e-01,2.4899982412650346e+00,8.0000447706122102e-01
B,7.7600000000000000e+02,0.0000000000000000e+00,0.0000000000000000e+00,0.0000000000000000e+00,0.0000000000000000e+00,0.0000000000000000e+00,0.0000000000000000e+00,1.3710855177912131e+00,6.6100658058103767e-01,2.4899982412650346e+00,8.0000447706122102e-01
B,7.7700000000000000e+02,0.0000000000000000e+00,0.0000000000000000e+00,0.0000000000000000e+00,0.0000000000000000e+00,0.0000000000000000e+00,0.0000000000000000e+00,1.3710855177912131e+00,6.6100658058103767e-01,2.4899982412650346e+00,8.0000447706122102e-01
B,7.7800000000000000e+02,0.0000000000000000e+00,0.0000000000000000e+00,0.0000000000000000e+00,0.0000000000000000e+00,0.0000000000000000e+00,0.0000000000000000e+00,1.3710855177912131e+00,6.6100658058103767e-01,2.4899982412650346e+00,8.0000447706122102e-01
B,7.7900000000000000e+02,0.0000000000000000e+00,0.0000000000000000e+00,0.0000000000000000e+00,0.0000000000000000e+00,0.0000000000000000e+00,0.0000000000000000e+00,1.3710855177912131e+00,6.6100658058103767e-01,2.4899982412650346e+00,8.0000447706122102e-01
B,7.8000000000000000e+02,0.0000000000000000e+00,0.0000000000000000e+00,0.0000000000000000e+00,0.0000000000000000e+00,0.0000000000000000e+00,0.0000000000000000e+00,1.3710855177912131e+00,6.6100658058103767e-01,2.4899982412650346e+00,8.0000447706122102e-01
B,7.8100000000000000e+02,0.0000000000000000e+00,0.0000000000000000e+00,0.0000000000000000e+00,0.0000000000000000e+00,0.0000000000000000e+00,0.0000000000000000e+00,1.3710855177912131e+00,6.6100658058103767e-01,2.4899982412650346e+00,8.0000447706122102e-01
B,7.8200000000000000e+02,0.0000000000000000e+00,0.0000000000000000e+00,0.0000000000000000e+00,0.0000000000000000e+00,0.0000000000000000e+00,0.0000000000000000e+00,1.3710855177912131e+00,6.6100658058103767e-01,2.4899982412650346e+00,8.0000447706122102e-01
B,7.8300000000000000e+02,0.0000000000000000e+00,0.0000000000000000e+00,0.0000000000000000e+00,0.0000000000000000e+00,0.0000000000000000e+00,0.0000000000000000e+00,1.3710855177912131e+00,6.6100658058103767e-01,2.4899982412650346e+00,8.0000447706122102e-01
B,7.8400000000000000e+02,0.0000000000000000e+00,0.0000000000000000e+00,0.0000000000000000e+00,0.0000000000000000e+00,0.0000000000000000e+00,0.0000000000000000e+00,1.3710855177912131e+00,6.6100658058103767e-01,2.4899982412650346e+00,8.0000447706122102e-01
B,7.8500000000000000e+02,0.0000000000000000e+00,0.0000000000000000e+00,0.0000000000000000e+00,0.0000000000000000e+00,0.0000000000000000e+00,0.0000000000000000e+00,1.3710855177912131e+00,6.6100658058103767e-01,2.4899982412650346e+00,8.0000447706122102e-01
B,7.8600000000000000e+02,0.0000000000000000e+00,0.0000000000000000e+00,0.0000000000000000e+00,0.0000000000000000e+00,0.0000000000000000e+00,0.0000000000000000e+00,1.3710855177912131e+00,6.6100658058103767e-01,2.4899982412650346e+00,8.0000447706122102e-01
B,7.8700000000000000e+02,0.0000000000000000e+00,0.0000000000000000e+00,0.0000000000000000e+00,0.0000000000000000e+00,0.0000000000000000e+00,0.0000000000000000e+00,1.3710855177912131e+00,6.6100658058103767e-01,2.4899982412650346e+00,8.0000447706122102e-01
B,7.8800000000000000e+02,0.0000000000000000e+00,0.0000000000000000e+00,0.0000000000000000e+00,0.0000000000000000e+00,0.0000000000000000e+00,0.0000000000000000e+00,1.3710855177912131e+00,6.6100658058103767e-01,2.4899982412650346e+00,8.0000447706122102e-01
B,7.8900000000000000e+02,0.0000000000000000e+00,0.0000000000000000e+00,0.0000000000000000e+00,0.0000000000000000e+00,0.0000000000000000e+00,0.0000000000000000e+00,1.3710855177912131e+00,6.6100658058103767e-01,2.4899982412650346e+00,8.0000447706122102e-01
B,7.9000000000000000e+02,0.0000000000000000e+00,0.0000000000000000e+00,0.0000000000000000e+00,0.0000000000000000e+00,0.0000000000000000e+00,0.0000000000000000e+00,1.3710855177912131e+00,6.6100658058103767e-01,2.4899982412650346e+00,8.0000447706122102e-01
B,7.9100000000000000e+02,0.0000000000000000e+00,0.0000000000000000e+00,0.0000000000000000e+00,0.0000000000000000e+00,0.0000000000000000e+00,0.0000000000000000e+00,1.3710855177912131e+00,6.6100658058103767e-01,2.4899982412650346e+00,8.0000447706122102e-01
B,7.9200000000000000e+02,0.0000000000000000e+00,0.0000000000000000e+00,0.0000000000000000e+00,0.0000000000000000e+00,0.0000000000000000e+00,0.0000000000000000e+00,1.3710855177912131e+00,6.6100658058103767e-01,2.4899982412650346e+00,8.0000447706122102e-01
B,7.9300000000000000e+02,0.0000000000000000e+00,0.0000000000000000e+00,0.0000000000000000e+00,0.0000000000000000e+00,0.0000000000000000e+00,0.0000000000000000e+00,1.3710855177912131e+00,6.6100658058103767e-01,2.4899982412650346e+00,8.0000447706122102e-01
B,7.9400000000000000e+02,0.0000000000000000e+00,0.0000000000000000e+00,0.0000000000000000e+00,0.0000000000000000e+00,0.0000000000000000e+00,0.0000000000000000e+00,1.3710855177912131e+00,6.6100658058103767e-01,2.4899982412650346e+00,8.0000447706122102e-01
B,7.9500000000000000e+02,0.0000000000000000e+00,0.0000000000000000e+00,0.0000000000000000e+00,0.0000000000000000e+00,0.0000000000000000e+00,0.0000000000000000e+00,1.3710855177912131e+00,6.6100658058103767e-01,2.4899982412650346e+00,8.0000447706122102e-01
B,7.9600000000000000e+02,0.0000000000000000e+00,0.0000000000000000e+00,0.0000000000000000e+00,0.0000000000000000e+00,0.0000000000000000e+00,0.0000000000000000e+00,1.3710855177912131e+00,6.6100658058103767e-01,2.4899982412650346e+00,8.0000447706122102e-01
B,7.9700000000000000e+02,0.0000000000000000e+00,0.0000000000000000e+00,0.0000000000000000e+00,0.0000000000000000e+00,0.0000000000000000e+00,0.0000000000000000e+00,1.3710855177912131e+00,6.6100658058103767e-01,2.4899982412650346e+00,8.0000447706122102e-01
B,7.9800000000000000e+02,0.0000000000000000e+00,0.0000000000000000e+00,0.0000000000000000e+00,0.0000000000000000e+00,0.0000000000000000e+00,0.0000000000000000e+00,1.3710855177912131e+00,6.6100658058103767e-01,2.4899982412650346e+00,8.0000447706122102e-01
B,7.9900000000000000e+02,0.0000000000000000e+00,0.0000000000000000e+00,0.0000000000000000e+00,0.0000000000000000e+00,0.0000000000000000e+00,0.0000000000000000e+00,1.3710855177912131e+00,6.6100658058103767e-01,2.4899982412650346e+00,8.0000447706122102e-01
B,8.0000000000000000e+02,0.0000000000000000e+00,0.0000000000000000e+00,0.0000000000000000e+00,0.0000000000000000e+00,0.0000000000000000e+00,0.0000000000000000e+00,1.3710855177912131e+00,6.6100658058103767e-01,2.4899982412650346e+00,8.0000447706122102e-01
B,8.0100000000000000e+02,0.0000000000000000e+00,0.0000000000000000e+00,0.0000000000000000e+00,0.0000000000000000e+00,0.0000000000000000e+00,0.0000000000000000e+00,1.3710855177912131e+00,6.6100658058103767e-01,2.4899982412650346e+00,8.0000447706122102e-01
B,8.0200000000000000e+02,0.0000000000000000e+00,0.0000000000000000e+00,0.0000000000000000e+00,0.0000000000000000e+00,0.0000000000000000e+00,0.0000000000000000e+00,1.3710855177912131e+00,6.6100658058103767e-01,2.4899982412650346e+00,8.0000447706122102e-01
B,8.0300000000000000e+02,0.0000000000000000e+00,0.0000000000000000e+00,0.0000000000000000e+00,0.0000000000000000e+00,0.0000000000000000e+00,0.0000000000000000e+00,1.3710855177912131e+00,6.6100658058103767e-01,2.4899982412650346e+00,8.0000447706122102e-01
B,8.0400000000000000e+02,0.0000000000000000e+00,0.0000000000000000e+00,0.0000000000000000e+00,0.0000000000000000e+00,0.0000000000000000e+00,0.0000000000000000e+00,1.3710855177912131e+00,6.6100658058103767e-01,2.4899982412650346e+00,8.0000447706122102e-01
B,8.0500000000000000e+02,0.0000000000000000e+00,0.0000000000000000e+00,0.0000000000000000e+00,0.0000000000000000e+00,0.0000000000000000e+00,0.0000000000000000e+00,1.3710855177912131e+00,6.6100658058103767e-01,2.4899982412650346e+00,8.0000447706122102e-01
B,8.0600000000000000e+02,0.0000000000000000e+00,0.0000000000000000e+00,0.0000000000000000e+00,0.0000000000000000e+00,0.0000000000000000e+00,0.0000000000000000e+00,1.3710855177912131e+00,6.6100658058103767e-01,2.4899982412650346e+00,8.0000447706122102e-01
B,8.0700000000000000e+02,0.0000000000000000e+00,0.0000000000000000e+00,0.0000000000000000e+00,0.0000000000000000e+00,0.0000000000000000e+00,0.0000000000000000e+00,1.3710855177912131e+00,6.6100658058103767e-01,2.4899982412650346e+00,8.0000447706122102e-01
B,8.0800000000000000e+02,0.0000000000000000e+00,0.0000000000000000e+00,0.0000000000000000e+00,0.0000000000000000e+00,0.0000000000000000e+00,0.0000000000000000e+00,1.3710855177912131e+00,6.6100658058103767e-01,2.4899982412650346e+00,8.0000447706122102e-01
B,8.0900000000000000e+02,0.0000000000000000e+00,0.0000000000000000e+00,0.0000000000000000e+00,0.0000000000000000e+00,0.0000000000000000e+00,0.0000000000000000e+00,1.3710855177912131e+00,6.6100658058103767e-01,2.4899982412650346e+00,8.0000447706122102e-01
B,8.1000000000000000e+02,0.0000000000000000e+00,0.0000000000000000e+00,0.0000000000000000e+00,0.0000000000000000e+00,0.0000000000000000e+00,0.0000000000000000e+00,1.3710855177912131e+00,6.6100658058103767e-01,2.4899982412650346e+00,8.0000447706122102e-01
B,8.1100000000000000e+02,0.0000000000000000e+00,0.0000000000000000e+00,0.0000000000000000e+00,0.0000000000000000e+00,0.0000000000000000e+00,0.0000000000000000e+00,1.3710855177912131e+00,6.6100658058103767e-01,2.4899982412650346e+00,8.0000447706122102e-01
B,8.1200000000000000e+02,0.0000000000000000e+00,0.0000000000000000e+00,0.0000000000000000e+00,0.0000000000000000e+00,0.0000000000000000e+00,0.0000000000000000e+00,1.3710855177912131e+00,6.6100658058103767e-01,2.4899982412650346e+00,8.0000447706122102e-01
B,8.1300000000000000e+02,0.0000000000000000e+00,0.0000000000000000e+00,0.0000000000000000e+00,0.0000000000000000e+00,0.0000000000000000e+00,0.0000000000000000e+00,1.3710855177912131e+00,6.6100658058103767e-01,2.4899982412650346e+00,8.0000447706122102e-01
B,8.1400000000000000e+02,0.0000000000000000e+00,0.0000000000000000e+00,0.0000000000000000e+00,0.0000000000000000e+00,0.0000000000000000e+00,0.0000000000000000e+00,1.3710855177912131e+00,6.6100658058103767e-01,2.4899982412650346e+00,8.0000447706122102e-01
B,8.1500000000000000e+02,0.0000000000000000e+00,0.0000000000000000e+00,0.0000000000000000e+00,0.0000000000000000e+00,0.0000000000000000e+00,0.0000000000000000e+00,1.3710855177912131e+00,6.6100658058103767e-01,2.4899982412650346e+00,8.0000447706122102e-01
B,8.1600000000000000e+02,0.0000000000000000e+00,0.0000000000000000e+00,0.0000000000000000e+00,0.0000000000000000e+00,0.0000000000000000e+00,0.0000000000000000e+00,1.3710855177912131e+00,6.6100658058103767e-01,2.4899982412650346e+00,8.0000447706122102e-01
B,8.1700000000000000e+02,0.0000000000000000e+00,0.0000000000000000e+00,0.0000000000000000e+00,0.0000000000000000e+00,0.0000000000000000e+00,0.0000000000000000e+00,1.3710855177912131e+00,6.6100658058103767e-01,2.4899982412650346e+00,8.0000447706122102e-01
B,8.1800000000000000e+02,0.0000000000000000e+00,0.0000000000000000e+00,0.0000000000000000e+00,0.0000000000000000e+00,0.0000000000000000e+00,0.0000000000000000e+00,1.3710855177912131e+00,6.6100658058103767e-01,2.4899982412650346e+00,8.0000447706122102e-01
B,8.1900000000000000e+02,0.0000000000000000e+00,0.0000000000000000e+00,0.0000000000000000e+00,0.0000000000000000e+00,0.0000000000000000e+00,0.0000000000000000e+00,1.3710855177912131e+00,6.6100658058103767e-01,2.4899982412650346e+00,8.0000447706122102e-01
B,8.2000000000000000e+02,0.0000000000000000e+00,0.0000000000000000e+00,0.0000000000000000e+00,0.0000000000000000e+00,0.0000000000000000e+00,0.0000000000000000e+00,1.3710855177912131e+00,6.6100658058103767e-01,2.4899982412650346e+00,8.0000447706122102e-01
B,8.2100000000000000e+02,0.0000000000000000e+00,0.0000000000000000e+00,0.0000000000000000e+00,0.0000000000000000e+00,0.0000000000000000e+00,0.0000000000000000e+00,1.3710855177912131e+00,6.6100658058103767e-01,2.4899982412650346e+00,8.0000447706122102e-01
B,8.2200000000000000e+02,0.0000000000000000e+00,0.0000000000000000e+00,0.0000000000000000e+00,0.0000000000000000e+00,0.0000000000000000e+00,0.0000000000000000e+00,1.3710855177912131e+00,6.6100658058103767e-01,2.4899982412650346e+00,8.0000447706122102e-01
B,8.2300000000000000e+02,0.0000000000000000e+00,0.0000000000000000e+00,0.0000000000000000e+00,0.0000000000000000e+00,0.0000000000000000e+00,0.0000000000000000e+00,1.3710855177912131e+00,6.6100658058103767e-01,2.4899982412650346e+00,8.0000447706122102e-01
B,8.2400000000000000e+02,0.0000000000000000e+00,0.0000000000000000e+00,0.0000000000000000e+00,0.0000000000000000e+00,0.0000000000000000e+00,0.0000000000000000e+00,1.3710855177912131e+00,6.6100658058103767e-01,2.4899982412650346e+00,8.0000447706122102e-01
B,8.2500000000000000e+02,0.0000000000000000e+00,0.0000000000000000e+00,0.0000000000000000e+00,0.0000000000000000e+00,0.0000000000000000e+00,0.0000000000000000e+00,1.3710855177912131e+00,6.6100658058103767e-01,2.4899982412650346e+00,8.0000447706122102e-01
B,8.2600000000000000e+02,0.0000000000000000e+00,0.0000000000000000e+00,0.0000000000000000e+00,0.0000000000000000e+00,0.0000000000000000e+00,0.0000000000000000e+00,1.3710855177912131e+00,6.6100658058103767e-01,2.4899982412650346e+00,8.0000447706122102e-01
B,8.2700000000000000e+02,0.0000000000000000e+00,0.0000000000000000e+00,0.0000000000000000e+00,0.0000000000000000e+00,0.0000000000000000e+00,0.0000000000000000e+00,1.3710855177912131e+00,6.6100658058103767e-01,2.4899982412650346e+00,8.0000447706122102e-01
B,8.2800000000000000e+02,0.0000000000000000e+00,0.0000000000000000e+00,0.0000000000000000e+00,0.0000000000000000e+00,0.0000000000000000e+00,0.0000000000000000e+00,1.3710855177912131e+00,6.6100658058103767e-01,2.4899982412650346e+00,8.0000447706122102e-01
B,8.2900000000000000e+02,0.0000000000000000e+00,0.0000000000000000e+00,0.0000000000000000e+00,0.0000000000000000e+00,0.0000000000000000e+00,0.0000000000000000e+00,1.3710855177912131e+00,6.6100658058103767e-01,2.4899982412650346e+00,8.0000447706122102e-01
B,8.3000000000000000e+02,0.0000000000000000e+00,0.0000000000000000e+00,0.0000000000000000e+00,0.0000000000000000e+00,0.0000000000000000e+00,0.0000000000000000e+00,1.3710855177912131e+00,6.6100658058103767e-01,2.4899982412650346e+00,8.0000447706122102e-01
B,8.3100000000000000e+02,0.0000000000000000e+00,0.0000000000000000e+00,0.0000000000000000e+00,0.0000000000000000e+00,0.0000000000000000e+00,0.0000000000000000e+00,1.3710855177912131e+00,6.6100658058103767e-01,2.4899982412650346e+00,8.0000447706122102e-01
B,8.3200000000000000e+02,0.0000000000000000e+00,0.0000000000000000e+00,0.0000000000000000e+00,0.0000000000000000e+00,0.0000000000000000e+00,0.0000000000000000e+00,1.3710855177912131e+00,6.6100658058103767e-01,2.4899982412650346e+00,8.0000447706122102e-01
B,8.3300000000000000e+02,0.0000000000000000e+00,0.0000000000000000e+00,0.0000000000000000e+00,0.0000000000000000e+00,0.0000000000000000e+00,0.0000000000000000e+00,1.3710855177912131e+00,6.6100658058103767e-01,2.4899982412650346e+00,8.0000447706122102e-01
B,8.3400000000000000e+02,0.0000000000000000e+00,0.0000000000000000e+00,0.0000000000000000e+00,0.0000000000000000e+00,0.0000000000000000e+00,0.0000000000000000e+00,1.3710855177912131e+00,6.6100658058103767e-01,2.4899982412650346e+00,8.0000447706122102e-01
B,8.3500000000000000e+02,0.0000000000000000e+00,0.0000000000000000e+00,0.0000000000000000e+00,0.0000000000000000e+00,0.0000000000000000e+00,0.0000000000000000e+00,1.3710855177912131e+00,6.6100658058103767e-01,2.4899982412650346e+00,8.0000447706122102e-01
B,8.3600000000000000e+02,0.0000000000000000e+00,0.0000000000000000e+00,0.0000000000000000e+00,0.0000000000000000e+00,0.0000000000000000e+00,0.0000000000000000e+00,1.3710855177912131e+00,6.6100658058103767e-01,2.4899982412650346e+00,8.0000447706122102e-01
B,8.3700000000000000e+02,0.0000000000000000e+00,0.0000000000000000e+00,0.0000000000000000e+00,0.0000000000000000e+00,0.0000000000000000e+00,0.0000000000000000e+00,1.3710855177912131e+00,6.6100658058103767e-01,2.4899982412650346e+00,8.0000447706122102e-01
B,8.3800000000000000e+02,0.0000000000000000e+00,0.0000000000000000e+00,0.0000000000000000e+00,0.0000000000000000e+00,0.0000000000000000e+00,0.0000000000000000e+00,1.3710855177912131e+00,6.6100658058103767e-01,2.4899982412650346e+00,8.0000447706122102e-01
B,8.3900000000000000e+02,0.0000000000000000e+00,0.0000000000000000e+00,0.0000000000000000e+00,0.0000000000000000e+00,0.0000000000000000e+00,0.0000000000000000e+00,1.3710855177912131e+00,6.6100658058103767e-01,2.4899982412650346e+00,8.0000447706122102e-01
B,8.4000000000000000e+02,0.0000000000000000e+00,0.0000000000000000e+00,0.0000000000000000e+00,0.0000000000000000e+00,0.0000000000000000e+00,0.0000000000000000e+00,1.3710855177912131e+00,6.6100658058103767e-01,2.4899982412650346e+00,8.0000447706122102e-01
B,8.4100000000000000e+02,0.0000000000000000e+00,0.0000000000000000e+00,0.0000000000000000e+00,0.0000000000000000e+00,0.0000000000000000e+00,0.0000000000000000e+00,1.3710855177912131e+00,6.6100658058103767e-01,2.4899982412650346e+00,8.0000447706122102e-01
B,8.4200000000000000e+02,0.0000000000000000e+00,0.0000000000000000e+00,0.0000000000000000e+00,0.0000000000000000e+00,0.0000000000000000e+00,0.0000000000000000e+00,1.3710855177912131e+00,6.6100658058103767e-01,2.4899982412650346e+00,8.0000447706122102e-01
B,8.4300000000000000e+02,0.0000000000000000e+00,0.0000000000000000e+00,0.0000000000000000e+00,0.0000000000000000e+00,0.0000000000000000e+00,0.0000000000000000e+00,1.3710855177912131e+00,6.6100658058103767e-01,2.4899982412650346e+00,8.0000447706122102e-01
B,8.4400000000000000e+02,0.0000000000000000e+00,0.0000000000000000e+00,0.0000000000000000e+00,0.0000000000000000e+00,0.0000000000000000e+00,0.0000000000000000e+00,1.3710855177912131e+00,6.6100658058103767e-01,2.4899982412650346e+00,8.0000447706122102e-01
B,8.4500000000000000e+02,0.0000000000000000e+00,0.0000000000000000e+00,0.0000000000000000e+00,0.0000000000000000e+00,0.0000000000000000e+00,0.0000000000000000e+00,1.3710855177912131e+00,6.6100658058103767e-01,2.4899982412650346e+00,8.0000447706122102e-01
B,8.4600000000000000e+02,0.0000000000000000e+00,0.0000000000000000e+00,0.0000000000000000e+00,0.0000000000000000e+00,0.0000000000000000e+00,0.0000000000000000e+00,1.3710855177912131e+00,6.6100658058103767e-01,2.4899982412650346e+00,8.0000447706122102e-01
B,8.4700000000000000e+02,0.0000000000000000e+00,0.0000000000000000e+00,0.0000000000000000e+00,0.0000000000000000e+00,0.0000000000000000e+00,0.0000000000000000e+00,1.3710855177912131e+00,6.6100658058103767e-01,2.4899982412650346e+00,8.0000447706122102e-01
B,8.4800000000000000e+02,0.0000000000000000e+00,0.0000000000000000e+00,0.0000000000000000e+00,0.0000000000000000e+00,0.0000000000000000e+00,0.0000000000000000e+00,1.3710855177912131e+00,6.6100658058103767e-01,2.4899982412650346e+00,8.0000447706122102e-01
B,8.4900000000000000e+02,0.0000000000000000e+00,0.0000000000000000e+00,0.0000000000000000e+00,0.0000000000000000e+00,0.0000000000000000e+00,0.0000000000000000e+00,1.3710855177912131e+00,6.6100658058103767e-01,2.4899982412650346e+00,8.0000447706122102e-01
B,8.5000000000000000e+02,0.0000000000000000e+00,0.0000000000000000e+00,0.0000000000000000e+00,0.0000000000000000e+00,0.0000000000000000e+00,0.0000000000000000e+00,1.3710855177912131e+00,6.6100658058103767e-01,2.4899982412650346e+00,8.0000447706122102e-01
B,8.5100000000000000e+02,0.0000000000000000e+00,0.0000000000000000e+00,0.0000000000000000e+00,0.0000000000000000e+00,0.0000000000000000e+00,0.0000000000000000e+00,1.3710855177912131e+00,6.6100658058103767e-01,2.4899982412650346e+00,8.0000447706122102e-01
B,8.5200000000000000e+02,0.0000000000000000e+00,0.0000000000000000e+00,0.0000000000000000e+00,0.0000000000000000e+00,0.0000000000000000e+00,0.0000000000000000e+00,1.3710855177912131e+00,6.6100658058103767e-01,2.4899982412650346e+00,8.0000447706122102e-01
B,8.5300000000000000e+02,0.0000000000000000e+00,0.0000000000000000e+00,0.0000000000000000e+00,0.0000000000000000e+00,0.0000000000000000e+00,0.0000000000000000e+00,1.3710855177912131e+00,6.6100658058103767e-01,2.4899982412650346e+00,8.0000447706122102e-01
B,8.5400000000000000e+02,0.0000000000000000e+00,0.0000000000000000e+00,0.0000000000000000e+00,0.0000000000000000e+00,0.0000000000000000e+00,0.0000000000000000e+00,1.3710855177912131e+00,6.6100658058103767e-01,2.4899982412650346e+00,8.0000447706122102e-01
B,8.5500000000000000e+02,0.0000000000000000e+00,0.0000000000000000e+00,0.0000000000000000e+00,0.0000000000000000e+00,0.0000000000000000e+00,0.0000000000000000e+00,1.3710855177912131e+00,6.6100658058103767e-01,2.4899982412650346e+00,8.0000447706122102e-01
B,8.5600000000000000e+02,0.0000000000000000e+00,0.0000000000000000e+00,0.0000000000000000e+00,0.0000000000000000e+00,0.0000000000000000e+00,0.0000000000000000e+00,1.3710855177912131e+00,6.6100658058103767e-01,2.4899982412650346e+00,8.0000447706122102e-01
B,8.5700000000000000e+02,0.0000000000000000e+00,0.0000000000000000e+00,0.0000000000000000e+00,0.0000000000000000e+00,0.0000000000000000e+00,0.0000000000000000e+00,1.3710855177912131e+00,6.6100658058103767e-01,2.4899982412650346e+00,8.0000447706122102e-01
B,8.5800000000000000e+02,0.0000000000000000e+00,0.0000000000000000e+00,0.0000000000000000e+00,0.0000000000000000e+00,0.0000000000000000e+00,0.0000000000000000e+00,1.3710855177912131e+00,6.6100658058103767e-01,2.4899982412650346e+00,8.0000447706122102e-01
B,8.5900000000000000e+02,0.0000000000000000e+00,0.0000000000000000e+00,0.0000000000000000e+00,0.0000000000000000e+00,0.0000000000000000e+00,0.0000000000000000e+00,1.3710855177912131e+00,6.6100658058103767e-01,2.4899982412650346e+00,8.0000447706122102e-01
B,8.6000000000000000e+02,0.0000000000000000e+00,0.0000000000000000e+00,0.0000000000000000e+00,0.0000000000000000e+00,0.0000000000000000e+00,0.0000000000000000e+00,1.3710855177912131e+00,6.6100658058103767e-01,2.4899982412650346e+00,8.0000447706122102e-01
B,8.6100000000000000e+02,0.0000000000000000e+00,0.0000000000000000e+00,0.0000000000000000e+00,0.0000000000000000e+00,0.0000000000000000e+00,0.0000000000000000e+00,1.3710855177912131e+00,6.6100658058103767e-01,2.4899982412650346e+00,8.0000447706122102e-01
B,8.6200000000000000e+02,0.0000000000000000e+00,0.0000000000000000e+00,0.0000000000000000e+00,0.0000000000000000e+00,0.0000000000000000e+00,0.0000000000000000e+00,1.3710855177912131e+00,6.6100658058103767e-01,2.4899982412650346e+00,8.0000447706122102e-01
B,8.6300000000000000e+02,0.0000000000000000e+00,0.0000000000000000e+00,0.0000000000000000e+00,0.0000000000000000e+00,0.0000000000000000e+00,0.0000000000000000e+00,1.3710855177912131e+00,6.6100658058103767e-01,2.4899982412650346e+00,8.0000447706122102e-01
B,8.6400000000000000e+02,0.0000000000000000e+00,0.0000000000000000e+00,0.0000000000000000e+00,0.0000000000000000e+00,0.0000000000000000e+00,0.0000000000000000e+00,1.3710855177912131e+00,6.6100658058103767e-01,2.4899982412650346e+00,8.0000447706122102e-01
B,8.6500000000000000e+02,0.0000000000000000e+00,0.0000000000000000e+00,0.0000000000000000e+00,0.0000000000000000e+00,0.0000000000000000e+00,0.0000000000000000e+00,1.3710855177912131e+00,6.6100658058103767e-01,2.4899982412650346e+00,8.0000447706122102e-01
B,8.6600000000000000e+02,0.0000000000000000e+00,0.0000000000000000e+00,0.0000000000000000e+00,0.0000000000000000e+00,0.0000000000000000e+00,0.0000000000000000e+00,1.3710855177912131e+00,6.6100658058103767e-01,2.4899982412650346e+00,8.0000447706122102e-01
B,8.6700000000000000e+02,0.0000000000000000e+00,0.0000000000000000e+00,0.0000000000000000e+00,0.0000000000000000e+00,0.0000000000000000e+00,0.0000000000000000e+00,1.3710855177912131e+00,6.6100658058103767e-01,2.4899982412650346e+00,8.0000447706122102e-01
B,8.6800000000000000e+02,0.0000000000000000e+00,0.0000000000000000e+00,0.0000000000000000e+00,0.0000000000000000e+00,0.0000000000000000e+00,0.0000000000000000e+00,1.3710855177912131e+00,6.6100658058103767e-01,2.4899982412650346e+00,8.0000447706122102e-01
B,8.6900000000000000e+02,0.0000000000000000e+00,0.0000000000000000e+00,0.0000000000000000e+00,0.0000000000000000e+00,0.0000000000000000e+00,0.0000000000000000e+00,1.3710855177912131e+00,6.6100658058103767e-01,2.4899982412650346e+00,8.0000447706122102e-01
B,8.7000000000000000e+02,0.0000000000000000e+00,0.0000000000000000e+00,0.0000000000000000e+00,0.0000000000000000e+00,0.0000000000000000e+00,0.0000000000000000e+00,1.3710855177912131e+00,6.6100658058103767e-01,2.4899982412650346e+00,8.0000447706122102e-01
B,8.7100000000000000e+02,0.0000000000000000e+00,0.0000000000000000e+00,0.0000000000000000e+00,0.0000000000000000e+00,0.0000000000000000e+00,0.0000000000000000e+00,1.3710855177912131e+00,6.6100658058103767e-01,2.4899982412650346e+00,8.0000447706122102e-01
B,8.7200000000000000e+02,0.0000000000000000e+00,0.0000000000000000e+00,0.0000000000000000e+00,0.0000000000000000e+00,0.0000000000000000e+00,0.0000000000000000e+00,1.3710855177912131e+00,6.6100658058103767e-01,2.4899982412650346e+00,8.0000447706122102e-01
B,8.7300000000000000e+02,0.0000000000000000e+00,0.0000000000000000e+00,0.0000000000000000e+00,0.0000000000000000e+00,0.0000000000000000e+00,0.0000000000000000e+00,1.3710855177912131e+00,6.6100658058103767e-01,2.4899982412650346e+00,8.0000447706122102e-01
B,8.7400000000000000e+02,0.0000000000000000e+00,0.0000000000000000e+00,0.0000000000000000e+00,0.0000000000000000e+00,0.0000000000000000e+00,0.0000000000000000e+00,1.3710855177912131e+00,6.6100658058103767e-01,2.4899982412650346e+00,8.0000447706122102e-01
B,8.7500000000000000e+02,0.0000000000000000e+00,0.0000000000000000e+00,0.0000000000000000e+00,0.0000000000000000e+00,0.0000000000000000e+00,0.0000000000000000e+00,1.3710855177912131e+00,6.6100658058103767e-01,2.4899982412650346e+00,8.0000447706122102e-01
B,8.7600000000000000e+02,0.0000000000000000e+00,0.0000000000000000e+00,0.0000000000000000e+00,0.0000000000000000e+00,0.0000000000000000e+00,0.0000000000000000e+00,1.3710855177912131e+00,6.6100658058103767e-01,2.4899982412650346e+00,8.0000447706122102e-01
B,8.7700000000000000e+02,0.0000000000000000e+00,0.0000000000000000e+00,0.0000000000000000e+00,0.0000000000000000e+00,0.0000000000000000e+00,0.0000000000000000e+00,1.3710855177912131e+00,6.6100658058103767e-01,2.4899982412650346e+00,8.0000447706122102e-01
B,8.7800000000000000e+02,0.0000000000000000e+00,0.0000000000000000e+00,0.0000000000000000e+00,0.0000000000000000e+00,0.0000000000000000e+00,0.0000000000000000e+00,1.3710855177912131e+00,6.6100658058103767e-01,2.4899982412650346e+00,8.0000447706122102e-01
B,8.7900000000000000e+02,0.0000000000000000e+00,0.0000000000000000e+00,0.0000000000000000e+00,0.0000000000000000e+00,0.0000000000000000e+00,0.0000000000000000e+00,1.3710855177912131e+00,6.6100658058103767e-01,2.4899982412650346e+00,8.0000447706122102e-01
B,8.8000000000000000e+02,0.0000000000000000e+00,0.0000000000000000e+00,0.0000000000000000e+00,0.0000000000000000e+00,0.0000000000000000e+00,0.0000000000000000e+00,1.3710855177912131e+00,6.6100658058103767e-01,2.4899982412650346e+00,8.0000447706122102e-01
B,8.8100000000000000e+02,0.0000000000000000e+00,0.0000000000000000e+00,0.0000000000000000e+00,0.0000000000000000e+00,0.0000000000000000e+00,0.0000000000000000e+00,1.3710855177912131e+00,6.6100658058103767e-01,2.4899982412650346e+00,8.0000447706122102e-01
B,8.8200000000000000e+02,0.0000000000000000e+00,0.0000000000000000e+00,0.0000000000000000e+00,0.0000000000000000e+00,0.0000000000000000e+00,0.0000000000000000e+00,1.3710855177912131e+00,6.6100658058103767e-01,2.4899982412650346e+00,8.0000447706122102e-01
B,8.8300000000000000e+02,0.0000000000000000e+00,0.0000000000000000e+00,0.0000000000000000e+00,0.0000000000000000e+00,0.0000000000000000e+00,0.0000000000000000e+00,1.3710855177912131e+00,6.6100658058103767e-01,2.4899982412650346e+00,8.0000447706122102e-01
B,8.8400000000000000e+02,0.0000000000000000e+00,0.0000000000000000e+00,0.0000000000000000e+00,0.0000000000000000e+00,0.0000000000000000e+00,0.0000000000000000e+00,1.3710855177912131e+00,6.6100658058103767e-01,2.4899982412650346e+00,8.0000447706122102e-01
B,8.8500000000000000e+02,0.0000000000000000e+00,0.0000000000000000e+00,0.0000000000000000e+00,0.0000000000000000e+00,0.0000000000000000e+00,0.0000000000000000e+00,1.3710855177912131e+00,6.6100658058103767e-01,2.4899982412650346e+00,8.0000447706122102e-01
B,8.8600000000000000e+02,0.0000000000000000e+00,0.0000000000000000e+00,0.0000000000000000e+00,0.0000000000000000e+00,0.0000000000000000e+00,0.0000000000000000e+00,1.3710855177912131e+00,6.6100658058103767e-01,2.4899982412650346e+00,8.0000447706122102e-01
B,8.8700000000000000e+02,0.0000000000000000e+00,0.0000000000000000e+00,0.0000000000000000e+00,0.0000000000000000e+00,0.0000000000000000e+00,0.0000000000000000e+00,1.3710855177912131e+00,6.6100658058103767e-01,2.4899982412650346e+00,8.0000447706122102e-01
B,8.8800000000000000e+02,0.0000000000000000e+00,0.0000000000000000e+00,0.0000000000000000e+00,0.0000000000000000e+00,0.0000000000000000e+00,0.0000000000000000e+00,1.3710855177912131e+00,6.6100658058103767e-01,2.4899982412650346e+00,8.0000447706122102e-01
B,8.8900000000000000e+02,0.0000000000000000e+00,0.0000000000000000e+00,0.0000000000000000e+00,0.0000000000000000e+00,0.0000000000000000e+00,0.0000000000000000e+00,1.3710855177912131e+00,6.6100658058103767e-01,2.4899982412650346e+00,8.0000447706122102e-01
B,8.9000000000000000e+02,0.0000000000000000e+00,0.0000000000000000e+00,0.0000000000000000e+00,0.0000000000000000e+00,0.0000000000000000e+00,0.0000000000000000e+00,1.3710855177912131e+00,6.6100658058103767e-01,2.4899982412650346e+00,8.0000447706122102e-01
B,8.9100000000000000e+02,0.0000000000000000e+00,0.0000000000000000e+00,0.0000000000000000e+00,0.0000000000000000e+00,0.0000000000000000e+00,0.0000000000000000e+00,1.3710855177912131e+00,6.6100658058103767e-01,2.4899982412650346e+00,8.0000447706122102e-01
B,8.9200000000000000e+02,0.0000000000000000e+00,0.0000000000000000e+00,0.0000000000000000e+00,0.0000000000000000e+00,0.0000000000000000e+00,0.0000000000000000e+00,1.3710855177912131e+00,6.6100658058103767e-01,2.4899982412650346e+00,8.0000447706122102e-01
B,8.9300000000000000e+02,0.0000000000000000e+00,0.0000000000000000e+00,0.0000000000000000e+00,0.0000000000000000e+00,0.0000000000000000e+00,0.0000000000000000e+00,1.3710855177912131e+00,6.6100658058103767e-01,2.4899982412650346e+00,8.0000447706122102e-01
B,8.9400000000000000e+02,0.0000000000000000e+00,0.0000000000000000e+00,0.0000000000000000e+00,0.0000000000000000e+00,0.0000000000000000e+00,0.0000000000000000e+00,1.3710855177912131e+00,6.6100658058103767e-01,2.4899982412650346e+00,8.0000447706122102e-01
B,8.9500000000000000e+02,0.0000000000000000e+00,0.0000000000000000e+00,0.0000000000000000e+00,0.0000000000000000e+00,0.0000000000000000e+00,0.0000000000000000e+00,1.3710855177912131e+00,6.6100658058103767e-01,2.4899982412650346e+00,8.0000447706122102e-01
B,8.9600000000000000e+02,0.0000000000000000e+00,0.0000000000000000e+00,0.0000000000000000e+00,0.0000000000000000e+00,0.0000000000000000e+00,0.0000000000000000e+00,1.3710855177912131e+00,6.6100658058103767e-01,2.4899982412650346e+00,8.0000447706122102e-01
B,8.9700000000000000e+02,0.0000000000000000e+00,0.0000000000000000e+00,0.0000000000000000e+00,0.0000000000000000e+00,0.0000000000000000e+00,0.0000000000000000e+00,1.3710855177912131e+00,6.6100658058103767e-01,2.4899982412650346e+00,8.0000447706122102e-01
B,8.9800000000000000e+02,0.0000000000000000e+00,0.0000000000000000e+00,0.0000000000000000e+00,0.0000000000000000e+00,0.0000000000000000e+00,0.0000000000000000e+00,1.3710855177912131e+00,6.6100658058103767e-01,2.4899982412650346e+00,8.0000447706122102e-01
B,8.9900000000000000e+02,0.0000000000000000e+00,0.0000000000000000e+00,0.0000000000000000e+00,0.0000000000000000e+00,0.0000000000000000e+00,0.0000000000000000e+00,1.3710855177912131e+00,6.6100658058103767e-01,2.4899982412650346e+00,8.0000447706122102e-01
B,9.0000000000000000e+02,0.0000000000000000e+00,0.0000000000000000e+00,0.0000000000000000e+00,0.0000000000000000e+00,0.0000000000000000e+00,0.0000000000000000e+00,1.3710855177912131e+00,6.6100658058103767e-01,2.4899982412650346e+00,8.0000447706122102e-01
B,9.0100000000000000e+02,0.0000000000000000e+00,0.0000000000000000e+00,0.0000000000000000e+00,0.0000000000000000e+00,0.0000000000000000e+00,0.0000000000000000e+00,1.3710855177912131e+00,6.6100658058103767e-01,2.4899982412650346e+00,8.0000447706122102e-01
B,9.0200000000000000e+02,0.0000000000000000e+00,0.0000000000000000e+00,0.0000000000000000e+00,0.0000000000000000e+00,0.0000000000000000e+00,0.0000000000000000e+00,1.3710855177912131e+00,6.6100658058103767e-01,2.4899982412650346e+00,8.0000447706122102e-01
B,9.0300000000000000e+02,0.0000000000000000e+00,0.0000000000000000e+00,0.0000000000000000e+00,0.0000000000000000e+00,0.0000000000000000e+00,0.0000000000000000e+00,1.3710855177912131e+00,6.6100658058103767e-01,2.4899982412650346e+00,8.0000447706122102e-01
B,9.0400000000000000e+02,0.0000000000000000e+00,0.0000000000000000e+00,0.0000000000000000e+00,0.0000000000000000e+00,0.0000000000000000e+00,0.0000000000000000e+00,1.3710855177912131e+00,6.6100658058103767e-01,2.4899982412650346e+00,8.0000447706122102e-01
B,9.0500000000000000e+02,0.0000000000000000e+00,0.0000000000000000e+00,0.0000000000000000e+00,0.0000000000000000e+00,0.0000000000000000e+00,0.0000000000000000e+00,1.3710855177912131e+00,6.6100658058103767e-01,2.4899982412650346e+00,8.0000447706122102e-01
B,9.0600000000000000e+02,0.0000000000000000e+00,0.0000000000000000e+00,0.0000000000000000e+00,0.0000000000000000e+00,0.0000000000000000e+00,0.0000000000000000e+00,1.3710855177912131e+00,6.6100658058103767e-01,2.4899982412650346e+00,8.0000447706122102e-01
B,9.0700000000000000e+02,0.0000000000000000e+00,0.0000000000000000e+00,0.0000000000000000e+00,0.0000000000000000e+00,0.0000000000000000e+00,0.0000000000000000e+00,1.3710855177912131e+00,6.6100658058103767e-01,2.4899982412650346e+00,8.0000447706122102e-01
B,9.0800000000000000e+02,0.0000000000000000e+00,0.0000000000000000e+00,0.0000000000000000e+00,0.0000000000000000e+00,0.0000000000000000e+00,0.0000000000000000e+00,1.3710855177912131e+00,6.6100658058103767e-01,2.4899982412650346e+00,8.0000447706122102e-01
B,9.0900000000000000e+02,0.0000000000000000e+00,0.0000000000000000e+00,0.0000000000000000e+00,0.0000000000000000e+00,0.0000000000000000e+00,0.0000000000000000e+00,1.3710855177912131e+00,6.6100658058103767e-01,2.4899982412650346e+00,8.0000447706122102e-01
B,9.1000000000000000e+02,0.0000000000000000e+00,0.0000000000000000e+00,0.0000000000000000e+00,0.0000000000000000e+00,0.0000000000000000e+00,0.0000000000000000e+00,1.3710855177912131e+00,6.6100658058103767e-01,2.4899982412650346e+00,8.0000447706122102e-01
B,9.1100000000000000e+02,0.0000000000000000e+00,0.0000000000000000e+00,0.0000000000000000e+00,0.0000000000000000e+00,0.0000000000000000e+00,0.0000000000000000e+00,1.3710855177912131e+00,6.6100658058103767e-01,2.4899982412650346e+00,8.0000447706122102e-01
B,9.1200000000000000e+02,0.0000000000000000e+00,0.0000000000000000e+00,0.0000000000000000e+00,0.0000000000000000e+00,0.0000000000000000e+00,0.0000000000000000e+00,1.3710855177912131e+00,6.6100658058103767e-01,2.4899982412650346e+00,8.0000447706122102e-01
B,9.1300000000000000e+02,0.0000000000000000e+00,0.0000000000000000e+00,0.0000000000000000e+00,0.0000000000000000e+00,0.0000000000000000e+00,0.0000000000000000e+00,1.3710855177912131e+00,6.6100658058103767e-01,2.4899982412650346e+00,8.0000447706122102e-01
B,9.1400000000000000e+02,0.0000000000000000e+00,0.0000000000000000e+00,0.0000000000000000e+00,0.0000000000000000e+00,0.0000000000000000e+00,0.0000000000000000e+00,1.3710855177912131e+00,6.6100658058103767e-01,2.4899982412650346e+00,8.0000447706122102e-01
B,9.1500000000000000e+02,0.0000000000000000e+00,0.0000000000000000e+00,0.0000000000000000e+00,0.0000000000000000e+00,0.0000000000000000e+00,0.0000000000000000e+00,1.3710855177912131e+00,6.6100658058103767e-01,2.4899982412650346e+00,8.0000447706122102e-01
B,9.1600000000000000e+02,0.0000000000000000e+00,0.0000000000000000e+00,0.0000000000000000e+00,0.0000000000000000e+00,0.0000000000000000e+00,0.0000000000000000e+00,1.3710855177912131e+00,6.6100658058103767e-01,2.4899982412650346e+00,8.0000447706122102e-01
B,9.1700000000000000e+02,0.0000000000000000e+00,0.0000000000000000e+00,0.0000000000000000e+00,0.0000000000000000e+00,0.0000000000000000e+00,0.0000000000000000e+00,1.3710855177912131e+00,6.6100658058103767e-01,2.4899982412650346e+00,8.0000447706122102e-01
B,9.1800000000000000e+02,0.0000000000000000e+00,0.0000000000000000e+00,0.0000000000000000e+00,0.0000000000000000e+00,0.0000000000000000e+00,0.0000000000000000e+00,1.3710855177912131e+00,6.6100658058103767e-01,2.4899982412650346e+00,8.0000447706122102e-01
B,9.1900000000000000e+02,0.0000000000000000e+00,0.0000000000000000e+00,0.0000000000000000e+00,0.0000000000000000e+00,0.0000000000000000e+00,0.0000000000000000e+00,1.3710855177912131e+00,6.6100658058103767e-01,2.4899982412650346e+00,8.0000447706122102e-01
B,9.2000000000000000e+02,0.0000000000000000e+00,0.0000000000000000e+00,0.0000000000000000e+00,0.0000000000000000e+00,0.0000000000000000e+00,0.0000000000000000e+00,1.3710855177912131e+00,6.6100658058103767e-01,2.4899982412650346e+00,8.0000447706122102e-01
B,9.2100000000000000e+02,0.0000000000000000e+00,0.0000000000000000e+00,0.0000000000000000e+00,0.0000000000000000e+00,0.0000000000000000e+00,0.0000000000000000e+00,1.3710855177912131e+00,6.6100658058103767e-01,2.4899982412650346e+00,8.0000447706122102e-01
B,9.2200000000000000e+02,0.0000000000000000e+00,0.0000000000000000e+00,0.0000000000000000e+00,0.0000000000000000e+00,0.0000000000000000e+00,0.0000000000000000e+00,1.3710855177912131e+00,6.6100658058103767e-01,2.4899982412650346e+00,8.0000447706122102e-01
B,9.2300000000000000e+02,0.0000000000000000e+00,0.0000000000000000e+00,0.0000000000000000e+00,0.0000000000000000e+00,0.0000000000000000e+00,0.0000000000000000e+00,1.3710855177912131e+00,6.6100658058103767e-01,2.4899982412650346e+00,8.0000447706122102e-01
B,9.2400000000000000e+02,0.0000000000000000e+00,0.0000000000000000e+00,0.0000000000000000e+00,0.0000000000000000e+00,0.0000000000000000e+00,0.0000000000000000e+00,1.3710855177912131e+00,6.6100658058103767e-01,2.4899982412650346e+00,8.0000447706122102e-01
B,9.2500000000000000e+02,0.0000000000000000e+00,0.0000000000000000e+00,0.0000000000000000e+00,0.0000000000000000e+00,0.0000000000000000e+00,0.0000000000000000e+00,1.3710855177912131e+00,6.6100658058103767e-01,2.4899982412650346e+00,8.0000447706122102e-01
B,9.2600000000000000e+02,0.0000000000000000e+00,0.0000000000000000e+00,0.0000000000000000e+00,0.0000000000000000e+00,0.0000000000000000e+00,0.0000000000000000e+00,1.3710855177912131e+00,6.6100658058103767e-01,2.4899982412650346e+00,8.0000447706122102e-01
B,9.2700000000000000e+02,0.0000000000000000e+00,0.0000000000000000e+00,0.0000000000000000e+00,0.0000000000000000e+00,0.0000000000000000e+00,0.0000000000000000e+00,1.3710855177912131e+00,6.6100658058103767e-01,2.4899982412650346e+00,8.0000447706122102e-01
B,9.2800000000000000e+02,0.0000000000000000e+00,0.0000000000000000e+00,0.0000000000000000e+00,0.0000000000000000e+00,0.0000000000000000e+00,0.0000000000000000e+00,1.3710855177912131e+00,6.6100658058103767e-01,2.4899982412650346e+00,8.0000447706122102e-01
B,9.2900000000000000e+02,0.0000000000000000e+00,0.0000000000000000e+00,0.0000000000000000e+00,0.0000000000000000e+00,0.0000000000000000e+00,0.0000000000000000e+00,1.3710855177912131e+00,6.6100658058103767e-01,2.4899982412650346e+00,8.0000447706122102e-01
B,9.3000000000000000e+02,0.0000000000000000e+00,0.0000000000000000e+00,0.0000000000000000e+00,0.0000000000000000e+00,0.0000000000000000e+00,0.0000000000000000e+00,1.3710855177912131e+00,6.6100658058103767e-01,2.4899982412650346e+00,8.0000447706122102e-01
B,9.3100000000000000e+02,0.0000000000000000e+00,0.0000000000000000e+00,0.0000000000000000e+00,0.0000000000000000e+00,0.0000000000000000e+00,0.0000000000000000e+00,1.3710855177912131e+00,6.6100658058103767e-01,2.4899982412650346e+00,8.0000447706122102e-01
B,9.3200000000000000e+02,0.0000000000000000e+00,0.0000000000000000e+00,0.0000000000000000e+00,0.0000000000000000e+00,0.0000000000000000e+00,0.0000000000000000e+00,1.3710855177912131e+00,6.6100658058103767e-01,2.4899982412650346e+00,8.0000447706122102e-01
B,9.3300000000000000e+02,0.0000000000000000e+00,0.0000000000000000e+00,0.0000000000000000e+00,0.0000000000000000e+00,0.0000000000000000e+00,0.0000000000000000e+00,1.3710855177912131e+00,6.6100658058103767e-01,2.4899982412650346e+00,8.0000447706122102e-01
B,9.3400000000000000e+02,0.0000000000000000e+00,0.0000000000000000e+00,0.0000000000000000e+00,0.0000000000000000e+00,0.0000000000000000e+00,0.0000000000000000e+00,1.3710855177912131e+00,6.6100658058103767e-01,2.4899982412650346e+00,8.0000447706122102e-01
B,9.3500000000000000e+02,0.0000000000000000e+00,0.0000000000000000e+00,0.0000000000000000e+00,0.0000000000000000e+00,0.0000000000000000e+00,0.0000000000000000e+00,1.3710855177912131e+00,6.6100658058103767e-01,2.4899982412650346e+00,8.0000447706122102e-01
B,9.3600000000000000e+02,0.0000000000000000e+00,0.0000000000000000e+00,0.0000000000000000e+00,0.0000000000000000e+00,0.0000000000000000e+00,0.0000000000000000e+00,1.3710855177912131e+00,6.6100658058103767e-01,2.4899982412650346e+00,8.0000447706122102e-01
B,9.3700000000000000e+02,0.0000000000000000e+00,0.0000000000000000e+00,0.0000000000000000e+00,0.0000000000000000e+00,0.0000000000000000e+00,0.0000000000000000e+00,1.3710855177912131e+00,6.6100658058103767e-01,2.4899982412650346e+00,8.0000447706122102e-01
B,9.3800000000000000e+02,0.0000000000000000e+00,0.0000000000000000e+00,0.0000000000000000e+00,0.0000000000000000e+00,0.0000000000000000e+00,0.0000000000000000e+00,1.3710855177912131e+00,6.6100658058103767e-01,2.4899982412650346e+00,8.0000447706122102e-01
B,9.3900000000000000e+02,0.0000000000000000e+00,0.0000000000000000e+00,0.0000000000000000e+00,0.0000000000000000e+00,0.0000000000000000e+00,0.0000000000000000e+00,1.3710855177912131e+00,6.6100658058103767e-01,2.4899982412650346e+00,8.0000447706122102e-01
B,9.4000000000000000e+02,0.0000000000000000e+00,0.0000000000000000e+00,0.0000000000000000e+00,0.0000000000000000e+00,0.0000000000000000e+00,0.0000000000000000e+00,1.3710855177912131e+00,6.6100658058103767e-01,2.4899982412650346e+00,8.0000447706122102e-01
B,9.4100000000000000e+02,0.0000000000000000e+00,0.0000000000000000e+00,0.0000000000000000e+00,0.0000000000000000e+00,0.0000000000000000e+00,0.0000000000000000e+00,1.3710855177912131e+00,6.6100658058103767e-01,2.4899982412650346e+00,8.0000447706122102e-01
B,9.4200000000000000e+02,0.0000000000000000e+00,0.0000000000000000e+00,0.0000000000000000e+00,0.0000000000000000e+00,0.0000000000000000e+00,0.0000000000000000e+00,1.3710855177912131e+00,6.6100658058103767e-01,2.4899982412650346e+00,8.0000447706122102e-01
B,9.4300000000000000e+02,0.0000000000000000e+00,0.0000000000000000e+00,0.0000000000000000e+00,0.0000000000000000e+00,0.0000000000000000e+00,0.0000000000000000e+00,1.3710855177912131e+00,6.6100658058103767e-01,2.4899982412650346e+00,8.0000447706122102e-01
B,9.4400000000000000e+02,0.0000000000000000e+00,0.0000000000000000e+00,0.0000000000000000e+00,0.0000000000000000e+00,0.0000000000000000e+00,0.0000000000000000e+00,1.3710855177912131e+00,6.6100658058103767e-01,2.4899982412650346e+00,8.0000447706122102e-01
B,9.4500000000000000e+02,0.0000000000000000e+00,0.0000000000000000e+00,0.0000000000000000e+00,0.0000000000000000e+00,0.0000000000000000e+00,0.0000000000000000e+00,1.3710855177912131e+00,6.6100658058103767e-01,2.4899982412650346e+00,8.0000447706122102e-01
B,9.4600000000000000e+02,0.0000000000000000e+00,0.0000000000000000e+00,0.0000000000000000e+00,0.0000000000000000e+00,0.0000000000000000e+00,0.0000000000000000e+00,1.3710855177912131e+00,6.6100658058103767e-01,2.4899982412650346e+00,8.0000447706122102e-01
B,9.4700000000000000e+02,0.0000000000000000e+00,0.0000000000000000e+00,0.0000000000000000e+00,0.0000000000000000e+00,0.0000000000000000e+00,0.0000000000000000e+00,1.3710855177912131e+00,6.6100658058103767e-01,2.4899982412650346e+00,8.0000447706122102e-01
B,9.4800000000000000e+02,0.0000000000000000e+00,0.0000000000000000e+00,0.0000000000000000e+00,0.0000000000000000e+00,0.0000000000000000e+00,0.0000000000000000e+00,1.3710855177912131e+00,6.6100658058103767e-01,2.4899982412650346e+00,8.0000447706122102e-01
B,9.4900000000000000e+02,0.0000000000000000e+00,0.0000000000000000e+00,0.0000000000000000e+00,0.0000000000000000e+00,0.0000000000000000e+00,0.0000000000000000e+00,1.3710855177912131e+00,6.6100658058103767e-01,2.4899982412650346e+00,8.0000447706122102e-01
B,9.5000000000000000e+02,0.0000000000000000e+00,0.0000000000000000e+00,0.0000000000000000e+00,0.0000000000000000e+00,0.0000000000000000e+00,0.0000000000000000e+00,1.3710855177912131e+00,6.6100658058103767e-01,2.4899982412650346e+00,8.0000447706122102e-01
B,9.5100000000000000e+02,0.0000000000000000e+00,0.0000000000000000e+00,0.0000000000000000e+00,0.0000000000000000e+00,0.0000000000000000e+00,0.0000000000000000e+00,1.3710855177912131e+00,6.6100658058103767e-01,2.4899982412650346e+00,8.0000447706122102e-01
B,9.5200000000000000e+02,0.0000000000000000e+00,0.0000000000000000e+00,0.0000000000000000e+00,0.0000000000000000e+00,0.0000000000000000e+00,0.0000000000000000e+00,1.3710855177912131e+00,6.6100658058103767e-01,2.4899982412650346e+00,8.0000447706122102e-01
B,9.5300000000000000e+02,0.0000000000000000e+00,0.0000000000000000e+00,0.0000000000000000e+00,0.0000000000000000e+00,0.0000000000000000e+00,0.0000000000000000e+00,1.3710855177912131e+00,6.6100658058103767e-01,2.4899982412650346e+00,8.0000447706122102e-01
B,9.5400000000000000e+02,0.0000000000000000e+00,0.0000000000000000e+00,0.0000000000000000e+00,0.0000000000000000e+00,0.0000000000000000e+00,0.0000000000000000e+00,1.3710855177912131e+00,6.6100658058103767e-01,2.4899982412650346e+00,8.0000447706122102e-01
B,9.5500000000000000e+02,0.0000000000000000e+00,0.0000000000000000e+00,0.0000000000000000e+00,0.0000000000000000e+00,0.0000000000000000e+00,0.0000000000000000e+00,1.3710855177912131e+00,6.6100658058103767e-01,2.4899982412650346e+00,8.0000447706122102e-01
B,9.5600000000000000e+02,0.0000000000000000e+00,0.0000000000000000e+00,0.0000000000000000e+00,0.0000000000000000e+00,0.0000000000000000e+00,0.0000000000000000e+00,1.3710855177912131e+00,6.6100658058103767e-01,2.4899982412650346e+00,8.0000447706122102e-01
B,9.5700000000000000e+02,0.0000000000000000e+00,0.0000000000000000e+00,0.0000000000000000e+00,0.0000000000000000e+00,0.0000000000000000e+00,0.0000000000000000e+00,1.3710855177912131e+00,6.6100658058103767e-01,2.4899982412650346e+00,8.0000447706122102e-01
B,9.5800000000000000e+02,0.0000000000000000e+00,0.0000000000000000e+00,0.0000000000000000e+00,0.0000000000000000e+00,0.0000000000000000e+00,0.0000000000000000e+00,1.3710855177912131e+00,6.6100658058103767e-01,2.4899982412650346e+00,8.0000447706122102e-01
B,9.5900000000000000e+02,0.0000000000000000e+00,0.0000000000000000e+00,0.0000000000000000e+00,0.0000000000000000e+00,0.0000000000000000e+00,0.0000000000000000e+00,1.3710855177912131e+00,6.6100658058103767e-01,2.4899982412650346e+00,8.0000447706122102e-01
B,9.6000000000000000e+02,0.0000000000000000e+00,0.0000000000000000e+00,0.0000000000000000e+00,0.0000000000000000e+00,0.0000000000000000e+00,0.0000000000000000e+00,1.3710855177912131e+00,6.6100658058103767e-01,2.4899982412650346e+00,8.0000447706122102e-01
B,9.6100000000000000e+02,0.0000000000000000e+00,0.0000000000000000e+00,0.0000000000000000e+00,0.0000000000000000e+00,0.0000000000000000e+00,0.0000000000000000e+00,1.3710855177912131e+00,6.6100658058103767e-01,2.4899982412650346e+00,8.0000447706122102e-01
B,9.6200000000000000e+02,0.0000000000000000e+00,0.0000000000000000e+00,0.0000000000000000e+00,0.0000000000000000e+00,0.0000000000000000e+00,0.0000000000000000e+00,1.3710855177912131e+00,6.6100658058103767e-01,2.4899982412650346e+00,8.0000447706122102e-01
B,9.6300000000000000e+02,0.0000000000000000e+00,0.0000000000000000e+00,0.0000000000000000e+00,0.0000000000000000e+00,0.0000000000000000e+00,0.0000000000000000e+00,1.3710855177912131e+00,6.6100658058103767e-01,2.4899982412650346e+00,8.0000447706122102e-01
B,9.6400000000000000e+02,0.0000000000000000e+00,0.0000000000000000e+00,0.0000000000000000e+00,0.0000000000000000e+00,0.0000000000000000e+00,0.0000000000000000e+00,1.3710855177912131e+00,6.6100658058103767e-01,2.4899982412650346e+00,8.0000447706122102e-01
B,9.6500000000000000e+02,0.0000000000000000e+00,0.0000000000000000e+00,0.0000000000000000e+00,0.0000000000000000e+00,0.0000000000000000e+00,0.0000000000000000e+00,1.3710855177912131e+00,6.6100658058103767e-01,2.4899982412650346e+00,8.0000447706122102e-01
B,9.6600000000000000e+02,0.0000000000000000e+00,0.0000000000000000e+00,0.0000000000000000e+00,0.0000000000000000e+00,0.0000000000000000e+00,0.0000000000000000e+00,1.3710855177912131e+00,6.6100658058103767e-01,2.4899982412650346e+00,8.0000447706122102e-01
B,9.6700000000000000e+02,0.0000000000000000e+00,0.0000000000000000e+00,0.0000000000000000e+00,0.0000000000000000e+00,0.0000000000000000e+00,0.0000000000000000e+00,1.3710855177912131e+00,6.6100658058103767e-01,2.4899982412650346e+00,8.0000447706122102e-01
B,9.6800000000000000e+02,0.0000000000000000e+00,0.0000000000000000e+00,0.0000000000000000e+00,0.0000000000000000e+00,0.0000000000000000e+00,0.0000000000000000e+00,1.3710855177912131e+00,6.6100658058103767e-01,2.4899982412650346e+00,8.0000447706122102e-01
B,9.6900000000000000e+02,0.0000000000000000e+00,0.0000000000000000e+00,0.0000000000000000e+00,0.0000000000000000e+00,0.0000000000000000e+00,0.0000000000000000e+00,1.3710855177912131e+00,6.6100658058103767e-01,2.4899982412650346e+00,8.0000447706122102e-01
B,9.7000000000000000e+02,0.0000000000000000e+00,0.0000000000000000e+00,0.0000000000000000e+00,0.0000000000000000e+00,0.0000000000000000e+00,0.0000000000000000e+00,1.3710855177912131e+00,6.6100658058103767e-01,2.4899982412650346e+00,8.0000447706122102e-01
B,9.7100000000000000e+02,0.0000000000000000e+00,0.0000000000000000e+00,0.0000000000000000e+00,0.0000000000000000e+00,0.0000000000000000e+00,0.0000000000000000e+00,1.3710855177912131e+00,6.6100658058103767e-01,2.4899982412650346e+00,8.0000447706122102e-01
B,9.7200000000000000e+02,0.0000000000000000e+00,0.0000000000000000e+00,0.0000000000000000e+00,0.0000000000000000e+00,0.0000000000000000e+00,0.0000000000000000e+00,1.3710855177912131e+00,6.6100658058103767e-01,2.4899982412650346e+00,8.0000447706122102e-01
B,9.7300000000000000e+02,0.0000000000000000e+00,0.0000000000000000e+00,0.0000000000000000e+00,0.0000000000000000e+00,0.0000000000000000e+00,0.0000000000000000e+00,1.3710855177912131e+00,6.6100658058103767e-01,2.4899982412650346e+00,8.0000447706122102e-01
B,9.7400000000000000e+02,0.0000000000000000e+00,0.0000000000000000e+00,0.0000000000000000e+00,0.0000000000000000e+00,0.0000000000000000e+00,0.0000000000000000e+00,1.3710855177912131e+00,6.6100658058103767e-01,2.4899982412650346e+00,8.0000447706122102e-01
B,9.7500000000000000e+02,0.0000000000000000e+00,0.0000000000000000e+00,0.0000000000000000e+00,0.0000000000000000e+00,0.0000000000000000e+00,0.0000000000000000e+00,1.3710855177912131e+00,6.6100658058103767e-01,2.4899982412650346e+00,8.0000447706122102e-01
B,9.7600000000000000e+02,0.0000000000000000e+00,0.0000000000000000e+00,0.0000000000000000e+00,0.0000000000000000e+00,0.0000000000000000e+00,0.0000000000000000e+00,1.3710855177912131e+00,6.6100658058103767e-01,2.4899982412650346e+00,8.0000447706122102e-01
B,9.7700000000000000e+02,0.0000000000000000e+00,0.0000000000000000e+00,0.0000000000000000e+00,0.0000000000000000e+00,0.0000000000000000e+00,0.0000000000000000e+00,1.3710855177912131e+00,6.6100658058103767e-01,2.4899982412650346e+00,8.0000447706122102e-01
B,9.7800000000000000e+02,0.0000000000000000e+00,0.0000000000000000e+00,0.0000000000000000e+00,0.0000000000000000e+00,0.0000000000000000e+00,0.0000000000000000e+00,1.3710855177912131e+00,6.6100658058103767e-01,2.4899982412650346e+00,8.0000447706122102e-01
B,9.7900000000000000e+02,0.0000000000000000e+00,0.0000000000000000e+00,0.0000000000000000e+00,0.0000000000000000e+00,0.0000000000000000e+00,0.0000000000000000e+00,1.3710855177912131e+00,6.6100658058103767e-01,2.4899982412650346e+00,8.0000447706122102e-01
B,9.8000000000000000e+02,0.0000000000000000e+00,0.0000000000000000e+00,0.0000000000000000e+00,0.0000000000000000e+00,0.0000000000000000e+00,0.0000000000000000e+00,1.3710855177912131e+00,6.6100658058103767e-01,2.4899982412650346e+00,8.0000447706122102e-01
B,9.8100000000000000e+02,0.0000000000000000e+00,0.0000000000000000e+00,0.0000000000000000e+00,0.0000000000000000e+00,0.0000000000000000e+00,0.0000000000000000e+00,1.3710855177912131e+00,6.6100658058103767e-01,2.4899982412650346e+00,8.0000447706122102e-01
B,9.8200000000000000e+02,0.0000000000000000e+00,0.0000000000000000e+00,0.0000000000000000e+00,0.0000000000000000e+00,0.0000000000000000e+00,0.0000000000000000e+00,1.3710855177912131e+00,6.6100658058103767e-01,2.4899982412650346e+00,8.0000447706122102e-01
B,9.8300000000000000e+02,0.0000000000000000e+00,0.0000000000000000e+00,0.0000000000000000e+00,0.0000000000000000e+00,0.0000000000000000e+00,0.0000000000000000e+00,1.3710855177912131e+00,6.6100658058103767e-01,2.4899982412650346e+00,8.0000447706122102e-01
B,9.8400000000000000e+02,0.0000000000000000e+00,0.0000000000000000e+00,0.0000000000000000e+00,0.0000000000000000e+00,0.0000000000000000e+00,0.0000000000000000e+00,1.3710855177912131e+00,6.6100658058103767e-01,2.4899982412650346e+00,8.0000447706122102e-01
B,9.8500000000000000e+02,0.0000000000000000e+00,0.0000000000000000e+00,0.0000000000000000e+00,0.0000000000000000e+00,0.0000000000000000e+00,0.0000000000000000e+00,1.3710855177912131e+00,6.6100658058103767e-01,2.4899982412650346e+00,8.0000447706122102e-01
B,9.8600000000000000e+02,0.0000000000000000e+00,0.0000000000000000e+00,0.0000000000000000e+00,0.0000000000000000e+00,0.0000000000000000e+00,0.0000000000000000e+00,1.3710855177912131e+00,6.6100658058103767e-01,2.4899982412650346e+00,8.0000447706122102e-01
B,9.8700000000000000e+02,0.0000000000000000e+00,0.0000000000000000e+00,0.0000000000000000e+00,0.0000000000000000e+00,0.0000000000000000e+00,0.0000000000000000e+00,1.3710855177912131e+00,6.6100658058103767e-01,2.4899982412650346e+00,8.0000447706122102e-01
B,9.8800000000000000e+02,0.0000000000000000e+00,0.0000000000000000e+00,0.0000000000000000e+00,0.0000000000000000e+00,0.0000000000000000e+00,0.0000000000000000e+00,1.3710855177912131e+00,6.6100658058103767e-01,2.4899982412650346e+00,8.0000447706122102e-01
B,9.8900000000000000e+02,0.0000000000000000e+00,0.0000000000000000e+00,0.0000000000000000e+00,0.0000000000000000e+00,0.0000000000000000e+00,0.0000000000000000e+00,1.3710855177912131e+00,6.6100658058103767e-01,2.4899982412650346e+00,8.0000447706122102e-01
B,9.9000000000000000e+02,0.0000000000000000e+00,0.0000000000000000e+00,0.0000000000000000e+00,0.0000000000000000e+00,0.0000000000000000e+00,0.0000000000000000e+00,1.3710855177912131e+00,6.6100658058103767e-01,2.4899982412650346e+00,8.0000447706122102e-01
B,9.9100000000000000e+02,0.0000000000000000e+00,0.0000000000000000e+00,0.0000000000000000e+00,0.0000000000000000e+00,0.0000000000000000e+00,0.0000000000000000e+00,1.3710855177912131e+00,6.6100658058103767e-01,2.4899982412650346e+00,8.0000447706122102e-01
B,9.9200000000000000e+02,0.0000000000000000e+00,0.0000000000000000e+00,0.0000000000000000e+00,0.0000000000000000e+00,0.0000000000000000e+00,0.0000000000000000e+00,1.3710855177912131e+00,6.6100658058103767e-01,2.4899982412650346e+00,8.0000447706122102e-01
B,9.9300000000000000e+02,0.0000000000000000e+00,0.0000000000000000e+00,0.0000000000000000e+00,0.0000000000000000e+00,0.0000000000000000e+00,0.0000000000000000e+00,1.3710855177912131e+00,6.6100658058103767e-01,2.4899982412650346e+00,8.0000447706122102e-01
B,9.9400000000000000e+02,0.0000000000000000e+00,0.0000000000000000e+00,0.0000000000000000e+00,0.0000000000000000e+00,0.0000000000000000e+00,0.0000000000000000e+00,1.3710855177912131e+00,6.6100658058103767e-01,2.4899982412650346e+00,8.0000447706122102e-01
B,9.9500000000000000e+02,0.0000000000000000e+00,0.0000000000000000e+00,0.0000000000000000e+00,0.0000000000000000e+00,0.0000000000000000e+00,0.0000000000000000e+00,1.3710855177912131e+00,6.6100658058103767e-01,2.4899982412650346e+00,8.0000447706122102e-01
B,9.9600000000000000e+02,0.0000000000000000e+00,0.0000000000000000e+00,0.0000000000000000e+00,0.0000000000000000e+00,0.0000000000000000e+00,0.0000000000000000e+00,1.3710855177912131e+00,6.6100658058103767e-01,2.4899982412650346e+00,8.0000447706122102e-01
B,9.9700000000000000e+02,0.0000000000000000e+00,0.0000000000000000e+00,0.0000000000000000e+00,0.0000000000000000e+00,0.0000000000000000e+00,0.0000000000000000e+00,1.3710855177912131e+00,6.6100658058103767e-01,2.4899982412650346e+00,8.0000447706122102e-01
B,9.9800000000000000e+02,0.0000000000000000e+00,0.0000000000000000e+00,0.0000000000000000e+00,0.0000000000000000e+00,0.0000000000000000e+00,0.0000000000000000e+00,1.3710855177912131e+00,6.6100658058103767e-01,2.4899982412650346e+00,8.0000447706122102e-01
B,9.9900000000000000e+02,0.0000000000000000e+00,0.0000000000000000e+00,0.0000000000000000e+00,0.0000000000000000e+00,0.0000000000000000e+00,0.0000000000000000e+00,1.3710855177912131e+00,6.6100658058103767e-01,2.4899982412650346e+00,8.0000447706122102e-01
C,0.0000000000000000e+00,6.7165462777837276e-02,6.7165462777837276e-02,-3.6651183549194499e-01,3.6651183549194499e-01,-4.2607990863632317e-01,-3.6651183549194499e-01,1.4500000000000000e+00,7.5000000000000000e-01,2.2999999999999998e+00,6.9999999999999996e-01
C,1.0000000000000000e+00,6.6904301952855044e-02,6.6904301952855044e-02,-3.6579858379401919e-01,3.6579858379401919e-01,-4.2585327849202770e-01,-3.6579858379401919e-01,1.4501785817000228e+00,7.5006917838274967e-01,2.2999999893921350e+00,7.0000003003138067e-01
C,2.0000000000000000e+00,6.6639013312210421e-02,6.6639013312210421e-02,-3.6507263198495288e-01,3.6507263198495288e-01,-4.2562308773974600e-01,-3.6507263198495288e-01,1.4503572572197840e+00,7.5013874134273817e-01,2.2999999787142080e+00,7.0000006020476102e-01
C,3.0000000000000000e+00,6.6369497221136081e-02,6.6369497221136081e-02,-3.6433363067698288e-01,3.6433363067698288e-01,-4.2538923636787906e-01,-3.6433363067698288e-01,1.4505360265776630e+00,7.5020869387882305e-01,2.2999999679652929e+00,7.0000009052144796e-01
C,4.0000000000000000e+00,6.6095651128120353e-02,6.6095651128120353e-02,-3.6358121823911738e-01,3.6358121823911738e-01,-4.2515162090834835e-01,-3.6358121823911738e-01,1.4507148897308382e+00,7.5027904105692156e-01,2.2999999571444492e+00,7.0000012098275333e-01
C,5.0000000000000000e+00,6.5817369471079065e-02,6.5817369471079065e-02,-3.6281502028190360e-01,3.6281502028190360e-01,-4.2491013429395430e-01,-3.6281502028190360e-01,1.4508938465710981e+00,7.5034978800969032e-01,2.2999999462507206e+00,7.0000015158999307e-01
C,6.0000000000000000e+00,6.5534543580881482e-02,6.5534543580881482e-02,-3.6203464911768179e-01,3.6203464911768179e-01,-4.2466466570925121e-01,-3.6203464911768179e-01,1.4510728969203801e+00,7.5042093993606018e-01,2.2999999352831360e+00,7.0000018234448647e-01
C,7.0000000000000000e+00,6.5247061582091093e-02,6.5247061582091093e-02,-3.6123970319468235e-01,3.6123970319468235e-01,-4.2441510043471631e-01,-3.6123970319468235e-01,1.4512520405260156e+00,7.5049250210061091e-01,2.2999999242407094e+00,7.0000021324755479e-01
C,8.0000000000000000e+00,6.4954808290931990e-02,6.4954808290931990e-02,-3.6042976650363379e-01,3.6042976650363379e-01,-4.2416131968288084e-01,-3.6042976650363379e-01,1.4514312770556632e+00,7.5056447983276975e-01,2.2999999131224387e+00,7.0000024430052055e-01
C,9.0000000000000000e+00,6.4657665110786106e-02,6.4657665110786106e-02,-3.5960440795625992e-01,3.5960440795625992e-01,-4.2390320042775542e-01,-3.5960440795625992e-01,1.4516106060919067e+00,7.5063687852581562e-01,2.2999999019273067e+00,7.0000027550470623e-01
C,1.0000000000000000e+01,6.4355509924734600e-02,6.4355509924734600e-02,-3.5876318073273517e-01,3.5876318073273517e-01,-4.2364061522555119e-01,-3.5876318073273517e-01,1.4517900271264941e+00,7.5070970363566980e-01,2.2999998906542807e+00,7.0000030686143300e-01
C,1.1000000000000000e+01,6.4048216985951201e-02,6.4048216985951201e-02,-3.5790562159863093e-01,3.5790562159863093e-01,-4.2337343202674127e-01,-3.5790562159863093e-01,1.4519695395541914e+00,7.5078296067945072e-01,2.2999998793023124e+00,7.0000033837201925e-01
C,1.2000000000000000e+01,6.3735656805157442e-02,6.3735656805157442e-02,-3.5703125018731185e-01,3.5703125018731185e-01,-4.2310151398008422e-01,-3.5703125018731185e-01,1.4521491426662261e+00,7.5085665523377076e-01,2.2999998678703375e+00,7.0000037003777926e-01
C,1.3000000000000000e+01,6.3417696036032228e-02,6.3417696036032228e-02,-3.5613956824827042e-01,3.5613956824827042e-01,-4.2282471922687748e-01,-3.5613956824827042e-01,1.4523288356432873e+00,7.5093079293274856e-01,2.2999998563572768e+00,7.0000040186002144e-01
C,1.4000000000000000e+01,6.3094197358358750e-02,6.3094197358358750e-02,-3.5523005885864656e-01,3.5523005885864656e-01,-4.2254290068517442e-01,-3.5523005885864656e-01,1.4525086175480528e+00,7.5100537946570889e-01,2.2999998447620347e+00,7.0000043384004651e-01
C,1.5000000000000000e+01,6.2765019358854701e-02,6.2765019358854701e-02,-3.5430218559544535e-01,3.5430218559544535e-01,-4.2225590582454231e-01,-3.5430218559544535e-01,1.4526884873172075e+00,7.5108042057454050e-01,2.2999998330835010e+00,7.0000046597914545e-01
C,1.6000000000000000e+01,6.2430016410582864e-02,6.2430016410582864e-02,-3.5335539166845287e-01,3.5335539166845287e-01,-4.2196357642958482e-01,-3.5335539166845287e-01,1.4528684437529151e+00,7.5115592205067760e-01,2.2999998213205495e+00,7.0000049827859778e-01
C,1.7000000000000000e+01,6.2089038550472438e-02,6.2089038550472438e-02,-3.5238909900980886e-01,3.5238909900980886e-01,-4.2166574835253989e-01,-3.5238909900980886e-01,1.4530484855137056e+00,7.5123188973166866e-01,2.2999998094720393e+00,7.0000053073966872e-01
C,1.8000000000000000e+01,6.1741931355777380e-02,6.1741931355777380e-02,-3.5140270731961465e-01,3.5140270731961465e-01,-4.2136225125433135e-01,-3.5140270731961465e-01,1.4532286111047310e+00,7.5130832949729265e-01,2.2999997975368145e+00,7.0000056336360728e-01
C,1.9000000000000000e+01,6.1388535819671138e-02,6.1388535819671138e-02,-3.5039559306495605e-01,3.5039559306495605e-01,-4.2105290833318598e-01,-3.5039559306495605e-01,1.4534088188673455e+00,7.5138524726517952e-01,2.2999997855137040e+00,7.0000059615164301e-01
C,2.0000000000000000e+01,6.1028688226334338e-02,6.1028688226334338e-02,-3.4936710842989882e-01,3.4936710842989882e-01,-4.2073753604063846e-01,-3.4936710842989882e-01,1.4535891069679572e+00,7.5146264898588688e-01,2.2999997734015225e+00,7.0000062910498362e-01
C,2.1000000000000000e+01,6.0662220026441491e-02,6.0662220026441491e-02,-3.4831658021530210e-01,3.4831658021530210e-01,-4.2041594378461333e-01,-3.4831658021530210e-01,1.4537694733860977e+00,7.5154054063738007e-01,2.2999997611990710e+00,7.0000066222481128e-01
C,2.2000000000000000e+01,6.0288957713001426e-02,6.0288957713001426e-02,-3.4724330868427522e-01,3.4724330868427522e-01,-4.2008793361829611e-01,-3.4724330868427522e-01,1.4539499159016507e+00,7.5161892821885934e-01,2.2999997489051367e+00,7.0000069551227950e-01
C,2.3000000000000000e+01,5.9908722699159048e-02,5.9908722699159048e-02,-3.4614656635350016e-01,3.4614656635350016e-01,-4.1975329991474908e-01,-3.4614656635350016e-01,1.4541304320811712e+00,7.5169781774387134e-01,2.2999997365184939e+00,7.0000072896850940e-01
C,2.4000000000000000e+01,5.9521331198043467e-02,5.9521331198043467e-02,-3.4502559672593414e-01,3.4502559672593414e-01,-4.1941182902713869e-01,-3.4502559672593414e-01,1.4543110192632329e+00,7.5177721523263663e-01,2.2999997240379049e+00,7.0000076259458555e-01
C,2.5000000000000000e+01,5.9126594105968704e-02,5.9126594105968704e-02,-3.4387961296351577e-01,3.4387961296351577e-01,-4.1906329893262040e-01,-3.4387961296351577e-01,1.4544916745427208e+00,7.5185712670351823e-01,2.2999997114621200e+00,7.0000079639155177e-01
C,2.6000000000000000e+01,5.8724316890138843e-02,5.8724316890138843e-02,-3.4270779649765437e-01,3.4270779649765437e-01,-4.1870747886139092e-01,-3.4270779649765437e-01,1.4546723947539935e+00,7.5193755816354901e-01,2.2999996987898794e+00,7.0000083036040628e-01
C,2.7000000000000000e+01,5.8314299482223282e-02,5.8314299482223282e-02,-3.4150929557545950e-01,3.4150929557545950e-01,-4.1834412890859873e-01,-3.4150929557545950e-01,1.4548531764528241e+00,7.5201851559792932e-01,2.2999996860199130e+00,7.0000086450209664e-01
C,2.8000000000000000e+01,5.7896336178877135e-02,5.7896336178877135e-02,-3.4028322373833575e-01,3.4028322373833575e-01,-4.1797299962929024e-01,-3.4028322373833575e-01,1.4550340158970243e+00,7.5210000495839580e-01,2.2999996731509422e+00,7.0000089881751415e-01
C,2.9000000000000000e+01,5.7470215551584623e-02,5.7470215551584623e-02,-3.3902865823285389e-01,3.3902865823285389e-01,-4.1759383161665831e-01,-3.3902865823285389e-01,1.4552149090256490e+00,7.5218203215035428e-01,2.2999996601816814e+00,7.0000093330748792e-01
C,3.0000000000000000e+01,5.7035720367232916e-02,5.7035720367232916e-02,-3.3774463835043456e-01,3.3774463835043456e-01,-4.1720635506217185e-01,-3.3774463835043456e-01,1.4553958514366698e+00,7.5226460301865994e-01,2.2999996471108388e+00,7.0000096797277833e-01
C,3.1000000000000000e+01,5.6592627521832833e-02,5.6592627521832833e-02,-3.3643016369473422e-01,3.3643016369473422e-01,-4.1681028929745345e-01,-3.3643016369473422e-01,1.4555768383629948e+00,7.5234772333191557e-01,2.2999996339371185e+00,7.0000100281407018e-01
C,3.2000000000000000e+01,5.6140707990294546e-02,5.6140707990294546e-02,-3.3508419237646692e-01,3.3508419237646692e-01,-4.1640534231861537e-01,-3.3508419237646692e-01,1.4557578646467042e+00,7.5243139876514731e-01,2.2999996206592219e+00,7.0000103783196499e-01
C,3.3000000000000000e+01,5.5679726794432928e-02,5.5679726794432928e-02,-3.3370563913255324e-01,3.3370563913255324e-01,-4.1599121029203268e-01,-3.3370563913255324e-01,1.4559389247113603e+00,7.5251563488070494e-01,2.2999996072758506e+00,7.0000107302697268e-01
C,3.4000000000000000e+01,5.5209442993381368e-02,5.5209442993381368e-02,-3.3229337337172815e-01,3.3229337337172815e-01,-4.1556757704159786e-01,-3.3229337337172815e-01,1.4561200125322360e+00,7.5260043710721780e-01,2.2999995937857074e+00,7.0000110839950280e-01
C,3.5000000000000000e+01,5.4729609699625245e-02,5.4729609699625245e-02,-3.3084621714514206e-01,3.3084621714514206e-01,-4.1513411351843388e-01,-3.3084621714514206e-01,1.4563011216042969e+00,7.5268581071642227e-01,2.2999995801874999e+00,7.0000114394985502e-01
C,3.6000000000000000e+01,5.4239974125111841e-02,5.4239974125111841e-02,-3.2936294304342084e-01,3.2936294304342084e-01,-4.1469047725284369e-01,-3.2936294304342084e-01,1.4564822449077568e+00,7.5277176079766095e-01,2.2999995664799435e+00,7.0000117967820863e-01
C,3.7000000000000000e+01,5.3740277662435422e-02,5.3740277662435422e-02,-3.2784227202249383e-01,3.2784227202249383e-01,-4.1423631178965081e-01,-3.2784227202249383e-01,1.4566633748710105e+00,7.5285829222983336e-01,2.2999995526617636e+00,7.0000121558461126e-01
C,3.8000000000000000e+01,5.3230256006470911e-02,5.3230256006470911e-02,-3.2628287116081012e-01,3.2628287116081012e-01,-4.1377124610724181e-01,-3.2628287116081012e-01,1.4568445033307353e+00,7.5294540965055823e-01,2.2999995387316998e+00,7.0000125166896687e-01
C,3.9000000000000000e+01,5.2709639322765463e-02,5.2709639322765463e-02,-3.2468335135256154e-01,3.2468335135256154e-01,-4.1329489402253117e-01,-3.2468335135256154e-01,1.4570256214889317e+00,7.5303311742228685e-01,2.2999995246885097e+00,7.0000128793102256e-01
C,4.0000000000000000e+01,5.2178152469879682e-02,5.2178152469879682e-02,-3.2304226494339616e-01,3.2304226494339616e-01,-4.1280685358318081e-01,-3.2304226494339616e-01,1.4572067198666603e+00,7.5312141959508150e-01,2.2999995105309736e+00,7.0000132437035434e-01
C,4.1000000000000000e+01,5.1635515283340913e-02,5.1635515283340913e-02,-3.2135810331572756e-01,3.2135810331572756e-01,-4.1230670644951672e-01,-3.2135810331572756e-01,1.4573877882542099e+00,7.5321031986574993e-01,2.2999994962578989e+00,7.0000136098635191e-01
C,4.2000000000000000e+01,5.1081442930681092e-02,5.1081442930681092e-02,-3.1962929443554167e-01,3.1962929443554167e-01,-4.1179401726889608e-01,-3.1962929443554167e-01,1.4575688156574109e+00,7.5329982153299635e-01,2.2999994818681264e+00,7.0000139777820181e-01
C,4.3000000000000000e+01,5.0515646347196838e-02,5.0515646347196838e-02,-3.1785420037242496e-01,3.1785420037242496e-01,-4.1126833304678811e-01,-3.1785420037242496e-01,1.4577497902397925e+00,7.5338992744822364e-01,2.2999994673605348e+00,7.0000143474486987e-01
C,4.4000000000000000e+01,4.9937832764320539e-02,4.9937832764320539e-02,-3.1603111481093293e-01,3.1603111481093293e-01,-4.1072918251789936e-01,-3.1603111481093293e-01,1.4579306992602510e+00,7.5348063996158832e-01,2.2999994527340495e+00,7.0000147188508155e-01
C,4.5000000000000000e+01,4.9347706342908422e-02,4.9347706342908422e-02,-3.1415826057230589e-01,3.1415826057230589e-01,-4.1017607552467084e-01,-3.1415826057230589e-01,1.4581115290058848e+00,7.5357196086287626e-01,2.2999994379876476e+00,7.0000150919730142e-01
C,4.6000000000000000e+01,4.8744968926141559e-02,4.8744968926141559e-02,-3.1223378717282202e-01,3.1223378717282202e-01,-4.0960850240780999e-01,-3.1223378717282202e-01,1.4582922647196168e+00,7.5366389131673517e-01,2.2999994231203682e+00,7.0000154667971026e-01
C,4.7000000000000000e+01,4.8129320928004281e-02,4.8129320928004281e-02,-3.1025576844920799e-01,3.1025576844920799e-01,-4.0902593341862747e-01,-3.1025576844920799e-01,1.4584728905222102e+00,7.5375643179175988e-01,2.2999994081313200e+00,7.0000158433018089e-01
C,4.8000000000000000e+01,4.7500462374917576e-02,4.7500462374917576e-02,-3.0822220028712266e-01,3.0822220028712266e-01,-4.0842781816148310e-01,-3.0822220028712266e-01,1.4586533893282561e+00,7.5384958198289254e-01,2.2999993930196916e+00,7.0000162214625206e-01
C,4.9000000000000000e+01,4.6858094120789756e-02,4.6858094120789756e-02,-3.0613099849832182e-01,3.0613099849832182e-01,-4.0781358507904208e-01,-3.0613099849832182e-01,1.4588337427556870e+00,7.5394334072655778e-01,2.2999993777847627e+00,7.0000166012510001e-01
C,5.0000000000000000e+01,4.6201919257424111e-02,4.6201919257424111e-02,-3.0397999689921740e-01,3.0397999689921740e-01,-4.0718264099277590e-01,-3.0397999689921740e-01,1.4590139310283534e+00,7.5403770590791852e-01,2.2999993624259165e+00,7.0000169826350811e-01
C,5.1000000000000000e+01,4.5531644744492041e-02,4.5531644744492041e-02,-3.0176694565340334e-01,3.0176694565340334e-01,-4.0653437071593856e-01,-3.0176694565340334e-01,1.4591939328711756e+00,7.5413267435959508e-01,2.2999993469426525e+00,7.0000173655783415e-01
C,5.2000000000000000e+01,4.4846983286123375e-02,4.4846983286123375e-02,-2.9948950995359880e-01,2.9948950995359880e-01,-4.0586813675700384e-01,-2.9948950995359880e-01,1.4593737253973724e+00,7.5422824175115932e-01,2.2999993313346008e+00,7.0000177500397509e-01
C,5.3000000000000000e+01,4.4147655483607259e-02,4.4147655483607259e-02,-2.9714526913147132e-01,2.9714526913147132e-01,-4.0518327913630081e-01,-2.9714526913147132e-01,1.4595532839872531e+00,7.5432440246867727e-01,2.2999993156015397e+00,7.0000181359732938e-01
C,5.4000000000000000e+01,4.3433392296143403e-02,4.3433392296143403e-02,-2.9473171629854633e-01,2.9473171629854633e-01,-4.0447911534173819e-01,-2.9473171629854633e-01,1.4597325821580576e+00,7.5442114948354910e-01,2.2999992997434124e+00,7.0000185233275602e-01
C,5.5000000000000000e+01,4.2703937844569675e-02,4.2703937844569675e-02,-2.9224625864010534e-01,2.9224625864010534e-01,-4.0375494045341576e-01,-2.9224625864010534e-01,1.4599115914243324e+00,7.5451847420987239e-01,2.2999992837603465e+00,7.0000189120453149e-01
C,5.6000000000000000e+01,4.1959052595651927e-02,4.1959052595651927e-02,-2.8968621850427034e-01,2.8968621850427034e-01,-4.0301002747287207e-01,-2.8968621850427034e-01,1.4600902811483485e+00,7.5461636634954354e-01,2.2999992676526757e+00,7.0000193020630308e-01
C,5.7000000000000000e+01,4.1198516966590722e-02,4.1198516966590722e-02,-2.8704883544996562e-01,2.8704883544996562e-01,-4.0224362789667012e-01,-2.8704883544996562e-01,1.4602686183800968e+00,7.5471481372431637e-01,2.2999992514209633e+00,7.0000196933103909e-01
C,5.8000000000000000e+01,4.0422135392375200e-02,4.0422135392375200e-02,-2.8433126944595877e-01,2.8433126944595877e-01,-4.0145497258112783e-01,-2.8433126944595877e-01,1.4604465676864495e+00,7.5481380209405546e-01,2.2999992350660277e+00,7.0000200857097616e-01
C,5.9000000000000000e+01,3.9629740899308014e-02,3.9629740899308014e-02,-2.8153060543858466e-01,2.8153060543858466e-01,-4.0064327295161739e-01,-2.8153060543858466e-01,1.4606240909691517e+00,7.5491331496046887e-01,2.2999992185889706e+00,7.0000204791756293e-01
C,6.0000000000000000e+01,3.8821200230018817e-02,3.8821200230018817e-02,-2.7864385954123883e-01,2.7864385954123883e-01,-3.9980772261709596e-01,-2.7864385954123883e-01,1.4608011472714109e+00,7.5501333335567800e-01,2.2999992019912066e+00,7.0000208736140046e-01
C,6.1000000000000000e+01,3.7996419564554303e-02,3.7996419564554303e-02,-2.7566798713145602e-01,2.7566798713145602e-01,-3.9894749945914576e-01,-2.7566798713145602e-01,1.4609776925729991e+00,7.5511383561509515e-01,2.2999991852744972e+00,7.0000212689217900e-01
C,6.2000000000000000e+01,3.7155350880941192e-02,3.7155350880941192e-02,-2.7259989318024758e-01,2.7259989318024758e-01,-3.9806176827243966e-01,-2.7259989318024758e-01,1.4611536795739717e+00,7.5521479713424211e-01,2.2999991684409875e+00,7.0000216649861191e-01
C,6.3000000000000000e+01,3.6297998995337637e-02,3.6297998995337637e-02,-2.6943644517896104e-01,2.6943644517896104e-01,-3.9714968404478412e-01,-2.6943644517896104e-01,1.4613290574673492e+00,7.5531619010935858e-01,2.2999991514932430e+00,7.0000220616836606e-01
C,6.4000000000000000e+01,3.5424429316169688e-02,3.5424429316169688e-02,-2.6617448907124697e-01,2.6617448907124697e-01,-3.9621039597337315e-01,-2.6617448907124697e-01,1.4615037717014254e+00,7.5541798326194309e-01,2.2999991344342932e+00,7.0000224588798943e-01
C,6.5000000000000000e+01,3.4534776337584450e-02,3.4534776337584450e-02,-2.6281086863972902e-01,2.6281086863972902e-01,-3.9524305232321311e-01,-2.6281086863972902e-01,1.4616777637327565e+00,7.5552014154774438e-01,2.2999991172676770e+00,7.0000228564283595e-01
C,6.6000000000000000e+01,3.3629252885107812e-02,3.3629252885107812e-02,-2.5934244883978330e-01,2.5934244883978330e-01,-3.9424680624513542e-01,-2.5934244883978330e-01,1.4618509707713683e+00,7.5562262585119921e-01,2.2999990999974895e+00,7.0000232541698815e-01
C,6.7000000000000000e+01,3.2708160108543723e-02,3.2708160108543723e-02,-2.5576614360991456e-01,2.5576614360991456e-01,-3.9322082267760905e-01,-2.5576614360991456e-01,1.4620233255203199e+00,7.5572539266691308e-01,2.2999990826284353e+00,7.0000236519317849e-01
C,6.8000000000000000e+01,3.1771898194195895e-02,3.1771898194195895e-02,-2.5207894872121273e-01,2.5207894872121273e-01,-3.9216428646575707e-01,-2.5207894872121273e-01,1.4621947559124722e+00,7.5582839377051547e-01,2.2999990651658822e+00,7.0000240495270971e-01
C,6.9000000000000000e+01,3.0820977737715874e-02,3.0820977737715874e-02,-2.4827798024680270e-01,2.4827798024680270e-01,-3.9107641183453445e-01,-2.4827798024680270e-01,1.4623651848481758e+00,7.5593157588211879e-01,2.2999990476159180e+00,7.0000244467537576e-01
C,7.0000000000000000e+01,2.9856031681386539e-02,2.9856031681386539e-02,-2.4436051923903968e-01,2.4436051923903968e-01,-3.8995645335515583e-01,-2.4436051923903968e-01,1.4625345299385994e+00,7.5603488032667887e-01,2.2999990299854121e+00,7.0000248433938439e-01
C,7.1000000000000000e+01,2.8877827671810442e-02,2.8877827671810442e-02,-2.4032406318057475e-01,2.4032406318057475e-01,-3.8880371854057572e-01,-2.4032406318057475e-01,1.4627027032605961e+00,7.5613824269681640e-01,2.2999990122820764e+00,7.0000252392128293e-01
C,7.2000000000000000e+01,2.7887280637376739e-02,2.7887280637376739e-02,-2.3616638472643281e-01,2.3616638472643281e-01,-3.8761758219449938e-01,-2.3616638472643281e-01,1.4628696111303523e+00,7.5624159252511891e-01,2.2999989945145303e+00,7.0000256339588929e-01
C,7.3000000000000000e+01,2.6885465317424438e-02,2.6885465317424438e-02,-2.3188559816178511e-01,2.3188559816178511e-01,-3.8639750262090544e-01,-2.3188559816178511e-01,1.4630351539045754e+00,7.5634485297460352e-01,2.2999989766923639e+00,7.0000260273623083e-01
C,7.4000000000000000e+01,2.5873628397416727e-02,2.5873628397416727e-02,-2.2748023385523730e-01,2.2748023385523730e-01,-3.8514303976806552e-01,-2.2748023385523730e-01,1.4631992258196413e+00,7.5644794055787057e-01,2.2999989588262015e+00,7.0000264191349348e-01
C,7.5000000000000000e+01,2.4853199817611218e-02,2.4853199817611218e-02,-2.2294932077766560e-01,2.2294932077766560e-01,-3.8385387533943494e-01,-2.2294932077766560e-01,1.4633617148809075e+00,7.5655076489748296e-01,2.2999989409277659e+00,7.0000268089698436e-01
C,7.6000000000000000e+01,2.3825802729062658e-02,2.3825802729062658e-02,-2.1829247687019659e-01,2.1829247687019659e-01,-3.8252983483926251e-01,-2.1829247687019659e-01,1.4635225028162433e+00,7.5665322854221273e-01,2.2999989230099338e+00,7.0000271965411154e-01
C,7.7000000000000000e+01,2.2793261473349195e-02,2.2793261473349195e-02,-2.1351000666642861e-01,2.1351000666642861e-01,-3.8117091144389548e-01,-2.1351000666642861e-01,1.4636814651096668e+00,7.5675522685592067e-01,2.2999989050867913e+00,7.0000275815038537e-01
C,7.8000000000000000e+01,2.1757606868767838e-02,2.1757606868767838e-02,-2.0860300510188168e-01,2.0860300510188168e-01,-3.7977729148344075e-01,-2.0860300510188168e-01,1.4638384711326646e+00,7.5685664799784302e-01,2.2999988871736772e+00,7.0000279634944518e-01
C,7.9000000000000000e+01,2.0721078000971865e-02,2.0721078000971865e-02,-2.0357346585924141e-01,2.0357346585924141e-01,-3.7834938119654105e-01,-2.0357346585924141e-01,1.4639933843921777e+00,7.5695737301479582e-01,2.2999988692872178e+00,7.0000283421311660e-01
C,8.0000000000000000e+01,1.9686119655110131e-02,1.9686119655110131e-02,-1.9842439192352401e-01,1.9842439192352401e-01,-3.7688783426927941e-01,-1.9842439192352401e-01,1.4641460629151428e+00,7.5705727606704198e-01,2.2999988514453471e+00,7.0000287170150410e-01
C,8.1000000000000000e+01,1.8655374497999259e-02,1.8655374497999259e-02,-1.9315990524950699e-01,1.9315990524950699e-01,-3.7539357950340246e-01,-1.9315990524950699e-01,1.4642963597896510e+00,7.5715622481004963e-01,2.2999988336673098e+00,7.0000290877312399e-01
C,8.2000000000000000e+01,1.7631669142071014e-02,1.7631669142071014e-02,-1.8778535162291554e-01,1.8778535162291554e-01,-3.7386784776991533e-01,-1.8778535162291554e-01,1.4644441238819470e+00,7.5725408095378910e-01,2.2999988159736424e+00,7.0000294538508201e-01
C,8.3000000000000000e+01,1.6617993310342333e-02,1.6617993310342333e-02,-1.8230739595717083e-01,1.8230739595717083e-01,-3.7231219721536313e-01,-1.8230739595717083e-01,1.4645892007463408e+00,7.5735070101925628e-01,2.2999987983861301e+00,7.0000298149330054e-01
C,8.4000000000000000e+01,1.5617471491534796e-02,1.5617471491534796e-02,-1.7673410249035015e-01,1.7673410249035015e-01,-3.7072853549924289e-01,-1.7673410249035015e-01,1.4647314337413502e+00,7.5744593730824472e-01,2.2999987809277362e+00,7.0000301705279722e-01
C,8.5000000000000000e+01,1.4633326736849816e-02,1.4633326736849816e-02,-1.7107499371240564e-01,1.7107499371240564e-01,-3.6911913767938564e-01,-1.7107499371240564e-01,1.4648706653597872e+00,7.5753963909674982e-01,2.2999987636224972e+00,7.0000305201801860e-01
C,8.6000000000000000e+01,1.3668836610639024e-02,1.3668836610639024e-02,-1.6534108146881721e-01,1.6534108146881721e-01,-3.6748665824419824e-01,-1.6534108146881721e-01,1.4650067387728836e+00,7.5763165405460198e-01,2.2999987464953855e+00,7.0000308634322717e-01
C,8.7000000000000000e+01,1.2727281763075410e-02,1.2727281763075410e-02,-1.5954486367837362e-01,1.5954486367837362e-01,-3.6583413574255985e-01,-1.5954486367837362e-01,1.4651394995789011e+00,7.5772182988397629e-01,2.2999987295721329e+00,7.0000311998294040e-01
C,8.8000000000000000e+01,1.1811888124071801e-02,1.1811888124071801e-02,-1.5370028057275498e-01,1.5370028057275498e-01,-3.6416498851146173e-01,-1.5370028057275498e-01,1.4652687977352041e+00,7.5781001615753152e-01,2.2999987128790198e+00,7.0000315289241732e-01
C,8.9000000000000000e+01,1.0925764293699082e-02,1.0925764293699082e-02,-1.4782262542452074e-01,1.4782262542452074e-01,-3.6248300016921142e-01,-1.4782262542452074e-01,1.4653944896399220e+00,7.5789606632358020e-01,2.2999986964426240e+00,7.0000318502818382e-01
C,9.0000000000000000e+01,1.0071836274321675e-02,1.0071836274321675e-02,-1.4192840641902293e-01,1.4192840641902293e-01,-3.6079229384378131e-01,-1.4192840641902293e-01,1.4655164403158618e+00,7.5797983983168982e-01,2.2999986802895389e+00,7.0000321634858675e-01
C,9.1000000000000000e+01,9.2527821937093933e-03,9.2527821937093933e-03,-1.3603515864444304e-01,1.3603515864444304e-01,-3.5909729455410044e-01,-1.3603515864444304e-01,1.4656345256362655e+00,7.5806120431855994e-01,2.2999986644460604e+00,7.0000324681436210e-01
C,9.2000000000000000e+01,8.4709700371572005e-03,8.4709700371572005e-03,-1.3016120802418207e-01,1.3016120802418207e-01,-3.5740267973580764e-01,-1.3016120802418207e-01,1.4657486345206134e+00,7.5814003778224925e-01,2.2999986489378528e+00,7.0000327638920168e-01
C,9.3000000000000000e+01,7.7284015742660715e-03,7.7284015742660715e-03,-1.2432539221145511e-01,1.2432539221145511e-01,-3.5571331858204047e-01,-1.2432539221145511e-01,1.4658586710203290e+00,7.5821623066427146e-01,2.2999986337896008e+00,7.0000330504029884e-01
C,9.4000000000000000e+01,7.0266655813860110e-03,7.0266655813860110e-03,-1.1854674674056653e-01,1.1854674674056653e-01,-3.5403420160262655e-01,-1.1854674674056653e-01,1.4659645562102639e+00,7.5828968775510863e-01,2.2999986190246586e+00,7.0000333273885407e-01
C,9.5000000000000000e+01,6.3669030961459620e-03,6.3669030961459620e-03,-1.1284416773715833e-01,1.1284416773715833e-01,-3.5237036252411258e-01,-1.1284416773715833e-01,1.4660662298033047e+00,7.5836032984036206e-01,2.2999986046647090e+00,7.0000335946052139e-01
C,9.6000000000000000e+01,5.7497868064394159e-03,5.7497868064394159e-03,-1.0723606488900472e-01,1.0723606488900472e-01,-3.5072679528962425e-01,-1.0723606488900472e-01,1.4661636514129475e+00,7.5842809501263619e-01,2.2999985907294436e+00,7.0000338518577676e-01
C,9.7000000000000000e+01,5.1755158176477380e-03,5.1755158176477380e-03,-1.0174001983140890e-01,1.0174001983140890e-01,-3.4910836939356926e-01,-1.0174001983140890e-01,1.4662568014022086e+00,7.5849293958821673e-01,2.2999985772362761e+00,7.0000340990019350e-01
C,9.8000000000000000e+01,4.6438260423314172e-03,4.6438260423314172e-03,-9.6372465386451722e-02,9.6372465386451722e-02,-3.4751974703830513e-01,-9.6372465386451722e-02,1.4663456812760369e+00,7.5855483858679251e-01,2.2999985642001026e+00,7.0000343359461314e-01
C,9.9000000000000000e+01,4.1540154213951155e-03,4.1540154213951155e-03,-9.1148400110974137e-02,9.1148400110974137e-02,-3.4596530559474203e-01,-9.1148400110974137e-02,1.4664303135970331e+00,7.5861378575533855e-01,2.2999985516331130e+00,7.0000345626520577e-01
C,1.0000000000000000e+02,3.7049822290765120e-03,3.7049822290765120e-03,-8.6081150423034103e-02,8.6081150423034103e-02,-3.4444906856663238e-01,-8.6081150423034103e-02,1.4665107414288172e+00,7.5866979314175587e-01,2.2999985395446663e+00,7.0000347791341733e-01
C,1.0100000000000000e+02,3.2952739389998445e-03,3.2952739389998445e-03,-8.1182189413686601e-02,8.1182189413686601e-02,-3.4297464773680453e-01,-8.1182189413686601e-02,1.4665870273355757e+00,7.5872289024766126e-01,2.2999985279412272e+00,7.0000349854580923e-01
C,1.0200000000000000e+02,2.9231436108227244e-03,2.9231436108227244e-03,-7.6461017660278685e-02,7.6461017660278685e-02,-3.4154519845310816e-01,-7.6461017660278685e-02,1.4666592519879673e+00,7.5877312281064191e-01,2.2999985168263688e+00,7.0000351817379869e-01
C,1.0300000000000000e+02,2.5866105338486676e-03,2.5866105338486676e-03,-7.1925107352699413e-02,7.1925107352699413e-02,-3.4016338918307909e-01,-7.1925107352699413e-02,1.4667275124428378e+00,7.5882055128254666e-01,2.2999985062008368e+00,7.0000353681331351e-01
C,1.0400000000000000e+02,2.2835219312265301e-03,2.2835219312265301e-03,-6.7579907239156967e-02,6.7579907239156967e-02,-3.3883138560240056e-01,-6.7579907239156967e-02,1.4667919201758088e+00,7.5886524908084074e-01,2.2999984960626687e+00,7.0000355448437745e-01
C,1.0500000000000000e+02,2.0116128458315913e-03,2.0116128458315913e-03,-6.3428902652207242e-02,6.3428902652207242e-02,-3.3755084867568286e-01,-6.3428902652207242e-02,1.4668525989512364e+00,7.5890730069429024e-01,2.2999984864073633e+00,7.0000357121064438e-01
C,1.0600000000000000e+02,1.7685618295434189e-03,1.7685618295434189e-03,-5.9473722425007480e-02,5.9473722425007480e-02,-3.3632294550454134e-01,-5.9473722425007480e-02,1.4669096826134445e+00,7.5894679972260604e-01,2.2999984772280864e+00,7.0000358701889998e-01
C,1.0700000000000000e+02,1.5520406643398097e-03,1.5520406643398097e-03,-5.5714282986318864e-02,5.5714282986318864e-02,-3.3514837119592578e-01,-5.5714282986318864e-02,1.4669633128773218e+00,7.5898384692306464e-01,2.2999984685159083e+00,7.0000360193854927e-01
C,1.0800000000000000e+02,1.3597569787331544e-03,1.3597569787331544e-03,-5.2148959313358390e-02,5.2148959313358390e-02,-3.3402737967960228e-01,-5.2148959313358390e-02,1.4670136371865319e+00,7.5901854832682969e-01,2.2999984602600576e+00,7.0000361600110594e-01
C,1.0900000000000000e+02,1.1894892223077264e-03,1.1894892223077264e-03,-4.8774772624948781e-02,4.8774772624948781e-02,-3.3295982125802759e-01,-4.8774772624948781e-02,1.4670608066951343e+00,7.5905101347517112e-01,2.2999984524481860e+00,7.0000362923969794e-01
C,1.1000000000000000e+02,1.0391139779054490e-03,1.0391139779054490e-03,-4.5587585544870635e-02,4.5587585544870635e-02,-3.3194518469419343e-01,-4.5587585544870635e-02,1.4671049744147622e+00,7.5908135381239950e-01,2.2999984450666324e+00,7.0000364168860041e-01
C,1.1100000000000000e+02,9.0662599815533225e-04,9.0662599815533225e-04,-4.2582296747717407e-02,4.2582296747717407e-02,-3.3098264179791670e-01,-4.2582296747717407e-02,1.4671462935558797e+00,7.5910968125929457e-01,2.2999984381006819e+00,7.0000365338280479e-01
C,1.1200000000000000e+02,7.9015164247947739e-04,7.9015164247947739e-04,-3.9753028626243747e-02,3.9753028626243747e-02,-3.3007109271459001e-01,-3.9753028626243747e-02,1.4671849160790280e+00,7.5913610697899181e-01,2.2999984315348092e+00,7.0000366435762995e-01
C,1.1300000000000000e+02,6.8795656766402233e-04,6.8795656766402233e-04,-3.7093303106194853e-02,3.7093303106194853e-02,-3.2920921042172147e-01,-3.7093303106194853e-02,1.4672209914610188e+00,7.5916074033727221e-01,2.2999984253529084e+00,7.0000367464837787e-01
C,1.1400000000000000e+02,5.9844860527244112e-04,5.9844860527244112e-04,-3.4596202256098607e-02,3.4596202256098607e-02,-3.2839548325758194e-01,-3.4596202256098607e-02,1.4672546656721042e+00,7.5918368805124825e-01,2.2999984195384990e+00,7.0000368429003601e-01
C,1.1500000000000000e+02,5.2017676231409229e-04,5.2017676231409229e-04,-3.2254511694151944e-02,3.2254511694151944e-02,-3.2762825461758460e-01,-3.2254511694151944e-02,1.4672860803533545e+00,7.5920505351458079e-01,2.2999984140749139e+00,7.0000369331702494e-01
C,1.1600000000000000e+02,4.5182722913381351e-04,4.5182722913381351e-04,-3.0060845933999047e-02,3.0060845933999047e-02,-3.2690575924259058e-01,-3.0060845933999047e-02,1.4673153721787044e+00,7.5922493628344756e-01,2.2999984089454610e+00,7.0000370176298909e-01
C,1.1700000000000000e+02,3.9221719012069543e-04,3.9221719012069543e-04,-2.8007755715897531e-02,2.8007755715897531e-02,-3.2622615576758385e-01,-2.8007755715897531e-02,1.4673426723831657e+00,7.5924343170525288e-01,2.2999984041335657e+00,7.0000370966062864e-01
C,1.1800000000000000e+02,3.4028712510632666e-04,3.4028712510632666e-04,-2.6087818042386246e-02,2.6087818042386246e-02,-3.2558755540761375e-01,-2.6087818042386246e-02,1.4673681064372612e+00,7.5926063067120753e-01,2.2999983996228885e+00,7.0000371704156761e-01
C,1.1900000000000000e+02,2.9509217530956005e-04,2.9509217530956005e-04,-2.4293710104039690e-02,2.4293710104039690e-02,-3.2498804681528881e-01,-2.4293710104039690e-02,1.4673917938474805e+00,7.5927661947409297e-01,2.2999983953974250e+00,7.0000372393625510e-01
C,1.2000000000000000e+02,2.5579303653917764e-04,2.5579303653917764e-04,-2.2618268569418731e-02,2.2618268569418731e-02,-3.2442571726409852e-01,-2.2618268569418731e-02,1.4674138480631940e+00,7.5929147975346267e-01,2.2999983914415862e+00,7.0000373037389552e-01
C,1.2100000000000000e+02,2.2164674011871933e-04,2.2164674011871933e-04,-2.1054535858988643e-02,2.1054535858988643e-02,-3.2389867039372966e-01,-2.1054535858988643e-02,1.4674343764717144e+00,7.5930528851195445e-01,2.2999983877402617e+00,7.0000373638240343e-01
C,1.2200000000000000e+02,1.9199759198697836e-04,1.9199759198697836e-04,-1.9595795058480192e-02,1.9595795058480192e-02,-3.2340504080705657e-01,-1.9595795058480192e-02,1.4674534804648227e+00,7.5931811818809369e-01,2.2999983842788674e+00,7.0000374198838011e-01
C,1.2300000000000000e+02,1.6626846407112865e-04,1.6626846407112865e-04,-1.8235595086046885e-02,1.8235595086046885e-02,-3.2294300583246560e-01,-1.8235595086046885e-02,1.4674712555619063e+00,7.5933003677278144e-01,2.2999983810433817e+00,7.0000374721710723e-01
C,1.2400000000000000e+02,1.4395256914504371e-04,1.4395256914504371e-04,-1.6967767628361941e-02,1.6967767628361941e-02,-3.2251079477578770e-01,-1.6967767628361941e-02,1.4674877915767421e+00,7.5934110795847309e-01,2.2999983780203688e+00,7.0000375209255561e-01
C,1.2500000000000000e+02,1.2460580029271737e-04,1.2460580029271737e-04,-1.5786437235343342e-02,1.5786437235343342e-02,-3.2210669597958486e-01,-1.5786437235343342e-02,1.4675031728168031e+00,7.5935139131177631e-01,2.2999983751969926e+00,7.0000375663740522e-01
C,1.2600000000000000e+02,1.0783967711033335e-04,1.0783967711033335e-04,-1.4686025814381054e-02,1.4686025814381054e-02,-3.2172906199123830e-01,-1.4686025814381054e-02,1.4675174783056961e+00,7.5936094246178187e-01,2.2999983725610225e+00,7.0000376087307503e-01
C,1.2700000000000000e+02,9.3314911508673331e-05,9.3314911508673331e-05,-1.3661252615237984e-02,1.3661252615237984e-02,-3.2137631312108006e-01,-1.3661252615237984e-02,1.4675307820209309e+00,7.5936981329786157e-01,2.2999983701008322e+00,7.0000376481975957e-01
C,1.2800000000000000e+02,8.0735584676142901e-05,8.0735584676142901e-05,-1.2707130649847187e-02,1.2707130649847187e-02,-3.2104693964414288e-01,-1.2707130649847187e-02,1.4675431531406273e+00,7.5937805217190835e-01,2.2999983678053937e+00,7.0000376849647117e-01
C,1.2900000000000000e+02,6.9843911887496017e-05,6.9843911887496017e-05,-1.1818960350851171e-02,1.1818960350851171e-02,-3.2073950287623276e-01,-1.1818960350851171e-02,1.4675546562940127e+00,7.5938570410106665e-01,2.2999983656642664e+00,7.0000377192108587e-01
C,1.3000000000000000e+02,6.0415562094104900e-05,6.0415562094104900e-05,-1.0992321146519046e-02,1.0992321146519046e-02,-3.2045263532358703e-01,-1.0992321146519046e-02,1.4675653518116256e+00,7.5939281096790145e-01,2.2999983636675818e+00,7.0000377511039191e-01
C,1.3100000000000000e+02,5.2255493375775957e-05,5.2255493375775957e-05,-1.0223061515590715e-02,1.0223061515590715e-02,-3.2018504008481941e-01,-1.0223061515590715e-02,1.4675752959720498e+00,7.5939941171571312e-01,2.2999983618060269e+00,7.0000377808013992e-01
C,1.3200000000000000e+02,4.5194262416234868e-05,4.5194262416234868e-05,-9.5072879851443304e-03,9.5072879851443304e-03,-3.1993548965481011e-01,-9.5072879851443304e-03,1.4675845412427637e+00,7.5940554253732317e-01,2.2999983600708247e+00,7.0000378084509329e-01
C,1.3300000000000000e+02,3.9084765400817407e-05,3.9084765400817407e-05,-8.8413534485187739e-03,8.8413534485187739e-03,-3.1970282426247998e-01,-8.8413534485187739e-03,1.4675931365133181e+00,7.5941123705616143e-01,2.2999983584537134e+00,7.0000378341907910e-01
C,1.3400000000000000e+02,3.3799368469001397e-05,3.3799368469001397e-05,-8.2218451054494324e-03,8.2218451054494324e-03,-3.1948594985196088e-01,-8.2218451054494324e-03,1.4676011273195737e+00,7.5941652649888935e-01,2.2999983569469249e+00,7.0000378581503786e-01
C,1.3500000000000000e+02,2.9227387626123568e-05,2.9227387626123568e-05,-7.6455722645363267e-03,7.6455722645363267e-03,-3.1928383579988839e-01,-7.6455722645363267e-03,1.4676085560581456e+00,7.5942143985911337e-01,2.2999983555431620e+00,7.0000378804507291e-01
C,1.3600000000000000e+02,2.5272880433126440e-05,2.5272880433126440e-05,-7.1095541960275455e-03,7.1095541960275455e-03,-3.1909551244635459e-01,-7.1095541960275455e-03,1.4676154621905355e+00,7.5942600405199145e-01,2.2999983542355764e+00,7.0000379012049785e-01
C,1.3700000000000000e+02,2.1852714561585314e-05,2.1852714561585314e-05,-6.6110081775150320e-03,6.6110081775150320e-03,-3.1892006850324783e-01,-6.6110081775150320e-03,1.4676218824367013e+00,7.5943024405972770e-01,2.2999983530177466e+00,7.0000379205188257e-01
C,1.3800000000000000e+02,1.8894881275457428e-05,1.8894881275457428e-05,-6.1473378425880298e-03,6.1473378425880298e-03,-3.1875664839216000e-01,-6.1473378425880298e-03,1.4676278509580112e+00,7.5943418306809229e-01,2.2999983518836546e+00,7.0000379384909772e-01
C,1.3900000000000000e+02,1.6337024845142917e-05,1.6337024845142917e-05,-5.7161219100265726e-03,5.7161219100265726e-03,-3.1860444955489342e-01,-5.7161219100265726e-03,1.4676333995296964e+00,7.5943784259421032e-01,2.2999983508276656e+00,7.0000379552135716e-01
C,1.4000000000000000e+02,1.4125161810713735e-05,1.4125161810713735e-05,-5.3151033500231648e-03,5.3151033500231648e-03,-3.1846271976947449e-01,-5.3151033500231648e-03,1.4676385577030284e+00,7.5944124260593671e-01,2.2999983498445062e+00,7.0000379707725857e-01
C,1.4100000000000000e+02,1.2212566752100914e-05,1.2212566752100914e-05,-4.9421790238923791e-03,4.9421790238923791e-03,-3.1833075450018455e-01,-4.9421790238923791e-03,1.4676433529575352e+00,7.5944440163318527e-01,2.2999983489292433e+00,7.0000379852482186e-01
C,1.4200000000000000e+02,1.0558803792375730e-05,1.0558803792375730e-05,-4.5953898185846498e-03,4.5953898185846498e-03,-3.1820789430110352e-01,-4.5953898185846498e-03,1.4676478108436350e+00,7.5944733687161148e-01,2.2999983480772652e+00,7.0000379987152606e-01
C,1.4300000000000000e+02,9.1288854333615331e-06,9.1288854333615331e-06,-4.2729112870176778e-03,4.2729112870176778e-03,-3.1809352228995280e-01,-4.2729112870176778e-03,1.4676519551161007e+00,7.5945006427906359e-01,2.2999983472842622e+00,7.0000380112434346e-01
C,1.4400000000000000e+02,7.8925424672258819e-06,7.8925424672258819e-06,-3.9730447939145819e-03,3.9730447939145819e-03,-3.1798706170476088e-01,-3.9730447939145819e-03,1.4676558078587993e+00,7.5945259866522552e-01,2.2999983465462090e+00,7.0000380228977299e-01
C,1.4500000000000000e+02,6.8235906676050792e-06,6.8235906676050792e-06,-3.6942091623526352e-03,3.6942091623526352e-03,-3.1788797355032372e-01,-3.6942091623526352e-03,1.4676593896011600e+00,7.5945495377486738e-01,2.2999983458593465e+00,7.0000380337387047e-01
C,1.4600000000000000e+02,5.8993817012828381e-06,5.8993817012828381e-06,-3.4349328090321762e-03,3.4349328090321762e-03,-3.1779575434200957e-01,-3.4349328090321762e-03,1.4676627194268266e+00,7.5945714236511497e-01,2.2999983452201658e+00,7.0000380438227827e-01
C,1.4700000000000000e+02,5.1003272635343249e-06,5.1003272635343249e-06,-3.1938463530778449e-03,3.1938463530778449e-03,-3.1770993394935054e-01,-3.1938463530778449e-03,1.4676658150749475e+00,7.5945917627713322e-01,2.2999983446253931e+00,7.0000380532025219e-01
C,1.4800000000000000e+02,4.4094868275597622e-06,4.4094868275597622e-06,-2.9696756818076153e-03,2.9696756818076153e-03,-3.1763007354133066e-01,-2.9696756818076153e-03,1.4676686930345455e+00,7.5946106650260281e-01,2.2999983440719736e+00,7.0000380619268743e-01
C,1.4900000000000000e+02,3.8122106129535915e-06,3.8122106129535915e-06,-2.7612354528194771e-03,2.7612354528194771e-03,-3.1755576363399207e-01,-2.7612354528194771e-03,1.4676713686323959e+00,7.5946282324535186e-01,2.2999983435570588e+00,7.0000380700414244e-01
C,1.5000000000000000e+02,3.2958304616466170e-06,3.2958304616466170e-06,-2.5674230121452979e-03,2.5674230121452979e-03,-3.1748662223942681e-01,-2.5674230121452979e-03,1.4676738561148261e+00,7.5946445597848411e-01,2.2999983430779927e+00,7.0000380775886184e-01
C,1.5100000000000000e+02,2.8493922568288298e-06,2.8493922568288298e-06,-2.3872127080881711e-03,2.3872127080881711e-03,-3.1742229311366721e-01,-2.3872127080881711e-03,1.4676761687238300e+00,7.5946597349732492e-01,2.2999983426322985e+00,7.0000380846079735e-01
C,1.5200000000000000e+02,2.4634243448123586e-06,2.4634243448123586e-06,-2.2196505782723364e-03,2.2196505782723364e-03,-3.1736244410223158e-01,-2.2196505782723364e-03,1.4676783187678706e+00,7.5946738396848845e-01,2.2999983422176689e+00,7.0000380911362758e-01
C,1.5300000000000000e+02,2.1297371521399978e-06,2.1297371521399978e-06,-2.0638493899216570e-03,2.0638493899216570e-03,-3.1730676557941706e-01,-2.0638493899216570e-03,1.4676803176877300e+00,7.5946869497534686e-01,2.2999983418319530e+00,7.0000380972077680e-01
C,1.5400000000000000e+02,1.8412498202751135e-06,1.8412498202751135e-06,-1.9189840125832802e-03,1.9189840125832802e-03,-3.1725496897823113e-01,-1.9189840125832802e-03,1.4676821761177357e+00,7.5946991356016658e-01,2.2999983414731471e+00,7.0000381028543202e-01
C,1.5500000000000000e+02,1.5918402317803521e-06,1.5918402317803521e-06,-1.7842871023354689e-03,1.7842871023354689e-03,-3.1720678540776426e-01,-1.7842871023354689e-03,1.4676839039426839e+00,7.5947104626315642e-01,2.2999983411393843e+00,7.0000381081055918e-01
C,1.5600000000000000e+02,1.3762152887807308e-06,1.3762152887807308e-06,-1.6590450800268997e-03,1.6590450800268997e-03,-3.1716196435342958e-01,-1.6590450800268997e-03,1.4676855103507533e+00,7.5947209915865566e-01,2.2999983408289264e+00,7.0000381129891853e-01
C,1.5700000000000000e+02,1.1897987154841462e-06,1.1897987154841462e-06,-1.5425943831637312e-03,1.5425943831637312e-03,-3.1712027245731633e-01,-1.5425943831637312e-03,1.4676870038826866e+00,7.5947307788867446e-01,2.2999983405401538e+00,7.0000381175307858e-01
C,1.5800000000000000e+02,1.0286340270413857e-06,1.0286340270413857e-06,-1.4343179752351887e-03,1.4343179752351887e-03,-3.1708149237381633e-01,-1.4343179752351887e-03,1.4676883924775004e+00,7.5947398769398222e-01,2.2999983402715585e+00,7.0000381217542906e-01
C,1.5900000000000000e+02,8.8930061881127706e-07,8.8930061881127706e-07,-1.3336420950249561e-03,1.3336420950249561e-03,-3.1704542169701533e-01,-1.3336420950249561e-03,1.4676896835149669e+00,7.5947483344292688e-01,2.2999983400217370e+00,7.0000381256819355e-01
C,1.6000000000000000e+02,7.6884120664559446e-07,7.6884120664559446e-07,-1.2400332307205275e-03,1.2400332307205275e-03,-3.1701187195616320e-01,-1.2400332307205275e-03,1.4676908838550908e+00,7.5947561965815302e-01,2.2999983397893820e+00,7.0000381293344083e-01
C,1.6100000000000000e+02,6.6469908438264430e-07,6.6469908438264430e-07,-1.1529953030109397e-03,1.1529953030109397e-03,-3.1698066767558153e-01,-1.1529953030109397e-03,1.4676919998747966e+00,7.5947635054137463e-01,2.2999983395732766e+00,7.0000381327309558e-01
C,1.6200000000000000e+02,5.7466387354052127e-07,5.7466387354052127e-07,-1.0720670441166646e-03,1.0720670441166646e-03,-3.1695164549492283e-01,-1.0720670441166646e-03,1.4676930375020196e+00,7.5947702999634736e-01,2.2999983393722880e+00,7.0000381358894825e-01
C,1.6300000000000000e+02,4.9682461641035060e-07,4.9682461641035060e-07,-9.9681955880726036e-04,9.9681955880726036e-04,-3.1692465334667297e-01,-9.9681955880726036e-04,1.4676940022473866e+00,7.5947766165017350e-01,2.2999983391853625e+00,7.0000381388266453e-01
C,1.6400000000000000e+02,4.2952922010320751e-07,4.2952922010320751e-07,-9.2685405550518851e-04,9.2685405550518851e-04,-3.1689954968756595e-01,-9.2685405550518851e-04,1.4676948992336543e+00,7.5947824887306248e-01,2.2999983390115188e+00,7.0000381415579371e-01
C,1.6500000000000000e+02,3.7134939177344396e-07,3.7134939177344396e-07,-8.6179973517452879e-04,8.6179973517452879e-04,-3.1687620278058048e-01,-8.6179973517452879e-04,1.4676957332230662e+00,7.5947879479666214e-01,2.2999983388498437e+00,7.0000381440977699e-01
C,1.6600000000000000e+02,3.2105032327544462e-07,3.2105032327544462e-07,-8.0131182853548921e-04,8.0131182853548921e-04,-3.1685449002432087e-01,-8.0131182853548921e-04,1.4676965086427749e+00,7.5947930233106498e-01,2.2999983386994876e+00,7.0000381464595507e-01
C,1.6700000000000000e+02,2.7756448066420491e-07,2.7756448066420491e-07,-7.4506976943666814e-04,7.4506976943666814e-04,-3.1683429732698443e-01,-7.4506976943666814e-04,1.4676972296084652e+00,7.5947977418058765e-01,2.2999983385596598e+00,7.0000381486557472e-01
C,1.6800000000000000e+02,2.3996894453863802e-07,2.3996894453863802e-07,-6.9277549687996043e-04,6.9277549687996043e-04,-3.1681551852242862e-01,-6.9277549687996043e-04,1.4676978999463084e+00,7.5948021285841405e-01,2.2999983384296248e+00,7.0000381506979581e-01
C,1.6900000000000000e+02,2.0746581923038893e-07,2.0746581923038893e-07,-6.4415187530642015e-04,6.4415187530642015e-04,-3.1679805482500711e-01,-6.4415187530642015e-04,1.4676985232133646e+00,7.5948062070018441e-01,2.2999983383086979e+00,7.0000381525969713e-01
C,1.7000000000000000e+02,1.7936529617693987e-07,1.7936529617693987e-07,-5.9894122612647038e-04,5.9894122612647038e-04,-3.1678181432130970e-01,-5.9894122612647038e-04,1.4676991027165427e+00,7.5948099987660855e-01,2.2999983381962426e+00,7.0000381543628176e-01
C,1.7100000000000000e+02,1.5507101115575185e-07,1.5507101115575185e-07,-5.5690396147944909e-04,5.5690396147944909e-04,-3.1676671149645230e-01,-5.5690396147944909e-04,1.4676996415302213e+00,7.5948135240517434e-01,2.2999983380916662e+00,7.0000381560048297e-01
C,1.7200000000000000e+02,1.3406738570973314e-07,1.3406738570973314e-07,-5.1781731471578496e-04,5.1781731471578496e-04,-3.1675266679163094e-01,-5.1781731471578496e-04,1.4677001425126246e+00,7.5948168016101647e-01,2.2999983379944173e+00,7.0000381575316850e-01
C,1.7300000000000000e+02,1.1590868286448370e-07,1.1590868286448370e-07,-4.8147415894206347e-04,4.8147415894206347e-04,-3.1673960619307273e-01,-4.8147415894206347e-04,1.4677006083210429e+00,7.5948198488700824e-01,2.2999983379039839e+00,7.0000381589514538e-01
C,1.7400000000000000e+02,1.0020954588726612e-07,1.0020954588726612e-07,-4.4768190914368233e-04,4.4768190914368233e-04,-3.1672746084749903e-01,-4.4768190914368233e-04,1.4677010414259781e+00,7.5948226820313147e-01,2.2999983378198885e+00,7.0000381602716422e-01
C,1.7500000000000000e+02,8.6636818682042640e-08,8.6636818682042640e-08,-4.1626150117934912e-04,4.1626150117934912e-04,-3.1671616670498892e-01,-4.1626150117934912e-04,1.4677014441242908e+00,7.5948253161517720e-01,2.2999983377416875e+00,7.0000381614992313e-01
C,1.7600000000000000e+02,7.4902474238457844e-08,7.4902474238457844e-08,-3.8704644227394169e-04,3.8704644227394169e-04,-3.1670566418586787e-01,-3.8704644227394169e-04,1.4677018185514206e+00,7.5948277652282625e-01,2.2999983376689683e+00,7.0000381626407127e-01
C,1.7700000000000000e+02,6.4757501175303719e-08,6.4757501175303719e-08,-3.5988192834679467e-04,3.5988192834679467e-04,-3.1669589786997854e-01,-3.5988192834679467e-04,1.4677021666927437e+00,7.5948300422715354e-01,2.2999983376013469e+00,7.0000381637021225e-01
C,1.7800000000000000e+02,5.5986618496397658e-08,5.5986618496397658e-08,-3.3462402333483965e-04,3.3462402333483965e-04,-3.1668681620811157e-01,-3.3462402333483965e-04,1.4677024903941307e+00,7.5948321593759827e-01,2.2999983375384665e+00,7.0000381646890752e-01
C,1.7900000000000000e+02,4.8403706323737971e-08,4.8403706323737971e-08,-3.1113889606970702e-04,3.1113889606970702e-04,-3.1667837125288756e-01,-3.1113889606970702e-04,1.4677027913717589e+00,7.5948341277843845e-01,2.2999983374799950e+00,7.0000381656067923e-01
C,1.8000000000000000e+02,4.1847855592662437e-08,4.1847855592662437e-08,-2.8930211057875965e-04,2.8930211057875965e-04,-3.1667051840784666e-01,-2.8930211057875965e-04,1.4677030712212342e+00,7.5948359579480540e-01,2.2999983374256234e+00,7.0000381664601286e-01
C,1.8100000000000000e+02,3.6179953020861123e-08,3.6179953020861123e-08,-2.6899796661261632e-04,2.6899796661261632e-04,-3.1666321619443494e-01,-2.6899796661261632e-04,1.4677033314260701e+00,7.5948376595827061e-01,2.2999983373750648e+00,7.0000381672535983e-01
C,1.8200000000000000e+02,3.1279728612041231e-08,3.1279728612041231e-08,-2.5011888618031719e-04,2.5011888618031719e-04,-3.1665642603471156e-01,-2.5011888618031719e-04,1.4677035733655683e+00,7.5948392417203681e-01,2.2999983373280517e+00,7.0000381679914014e-01
C,1.8300000000000000e+02,2.7043203126955493e-08,2.7043203126955493e-08,-2.3256484311673375e-04,2.3256484311673375e-04,-3.1665011204933258e-01,-2.3256484311673375e-04,1.4677037983221466e+00,7.5948407127576067e-01,2.2999983372843356e+00,7.0000381686774416e-01
C,1.8400000000000000e+02,2.3380481444567177e-08,2.3380481444567177e-08,-2.1624283315091475e-04,2.1624283315091475e-04,-3.1664424086916831e-01,-2.1624283315091475e-04,1.4677040074881480e+00,7.5948420805003369e-01,2.2999983372436854e+00,7.0000381693153491e-01
C,1.8500000000000000e+02,2.0213844697233829e-08,2.0213844697233829e-08,-2.0106638056738291e-04,2.0106638056738291e-04,-3.1663878146033220e-01,-2.0106638056738291e-04,1.4677042019721729e+00,7.5948433522054604e-01,2.2999983372058863e+00,7.0000381699084990e-01
C,1.8600000000000000e+02,1.7476100976250006e-08,1.7476100976250006e-08,-1.8695508003929717e-04,1.8695508003929717e-04,-3.1663370496115562e-01,-1.8695508003929717e-04,1.4677043828049645e+00,7.5948445346195537e-01,2.2999983371707384e+00,7.0000381704600323e-01
C,1.8700000000000000e+02,1.5109159382433388e-08,1.5109159382433388e-08,-1.7383417030281123e-04,1.7383417030281123e-04,-3.1662898453048705e-01,-1.7383417030281123e-04,1.4677045509448801e+00,7.5948456340148240e-01,2.2999983371380561e+00,7.0000381709728676e-01
C,1.8800000000000000e+02,1.3062797295447457e-08,1.3062797295447457e-08,-1.6163413807390725e-04,1.6163413807390725e-04,-3.1662459520673814e-01,-1.6163413807390725e-04,1.4677047072829774e+00,7.5948466562225181e-01,2.2999983371076662e+00,7.0000381714497195e-01
C,1.8900000000000000e+02,1.1293594569555578e-08,1.1293594569555578e-08,-1.5029034945435171e-04,1.5029034945435171e-04,-3.1662051377621125e-01,-1.5029034945435171e-04,1.4677048526477436e+00,7.5948476066639747e-01,2.2999983370794084e+00,7.0000381718931126e-01
C,1.9000000000000000e+02,9.7640121179183727e-09,9.7640121179183727e-09,-1.3974270727246108e-04,1.3974270727246108e-04,-3.1661671865137464e-01,-1.3974270727246108e-04,1.4677049878094910e+00,7.5948484903794833e-01,2.2999983370531329e+00,7.0000381723053939e-01
C,1.9100000000000000e+02,8.4415953728014218e-09,8.4415953728014218e-09,-1.2993533293759185e-04,1.2993533293759185e-04,-3.1661318975673147e-01,-1.2993533293759185e-04,1.4677051134844441e+00,7.5948493120551008e-01,2.2999983370287005e+00,7.0000381726887462e-01
C,1.9200000000000000e+02,7.2982855442709399e-09,7.2982855442709399e-09,-1.2081626996618411e-04,1.2081626996618411e-04,-3.1660990842357073e-01,-1.2081626996618411e-04,1.4677052303385389e+00,7.5948500760475812e-01,2.2999983370059822e+00,7.0000381730451999e-01
C,1.9300000000000000e+02,6.3098242481820441e-09,6.3098242481820441e-09,-1.1233720886849596e-04,1.1233720886849596e-04,-3.1660685729102411e-01,-1.1233720886849596e-04,1.4677053389909560e+00,7.5948507864075465e-01,2.2999983369848578e+00,7.0000381733766404e-01
C,1.9400000000000000e+02,5.4552387144006527e-09,5.4552387144006527e-09,-1.0445323082031166e-04,1.0445323082031166e-04,-3.1660402021489453e-01,-1.0445323082031166e-04,1.4677054400174039e+00,7.5948514469010187e-01,2.2999983369652153e+00,7.0000381736848238e-01
C,1.9500000000000000e+02,4.7163968046943474e-09,4.7163968046943474e-09,-9.7122570030805377e-05,9.7122570030805377e-05,-3.1660138218261302e-01,-9.7122570030805377e-05,1.4677055339531724e+00,7.5948520610294390e-01,2.2999983369469508e+00,7.0000381739713813e-01
C,1.9600000000000000e+02,4.0776222268442349e-09,4.0776222268442349e-09,-9.0306392097616595e-05,9.0306392097616595e-05,-3.1659892923370236e-01,-9.0306392097616595e-05,1.4677056212959716e+00,7.5948526320482723e-01,2.2999983369299679e+00,7.0000381742378315e-01
C,1.9700000000000000e+02,3.5253619184023678e-09,3.5253619184023678e-09,-8.3968588393545929e-05,8.3968588393545929e-05,-3.1659664838623591e-01,-8.3968588393545929e-05,1.4677057025085705e+00,7.5948531629843052e-01,2.2999983369141765e+00,7.0000381744855833e-01
C,1.9800000000000000e+02,3.0478984603209680e-09,3.0478984603209680e-09,-7.8075584664105691e-05,7.8075584664105691e-05,-3.1659452756849227e-01,-7.8075584664105691e-05,1.4677057780212510e+00,7.5948536566517200e-01,2.2999983368994932e+00,7.0000381747159501e-01
C,1.9900000000000000e+02,2.6351014567114016e-09,2.6351014567114016e-09,-7.2596163214200260e-05,7.2596163214200260e-05,-3.1659255555509525e-01,-7.2596163214200260e-05,1.4677058482340894e+00,7.5948541156670435e-01,2.2999983368858401e+00,7.0000381749301510e-01
C,2.0000000000000000e+02,2.2782125690815353e-09,2.2782125690815353e-09,-6.7501297307259733e-05,6.7501297307259733e-05,-3.1659072190763915e-01,-6.7501297307259733e-05,1.4677059135190771e+00,7.5948545424630354e-01,2.2999983368731449e+00,7.0000381751293206e-01
C,2.0100000000000000e+02,1.9696597001029181e-09,1.9696597001029181e-09,-6.2763997643600078e-05,6.2763997643600078e-05,-3.1658901691966612e-01,-6.2763997643600078e-05,1.4677059742220921e+00,7.5948549393016085e-01,2.2999983368613406e+00,7.0000381753145136e-01
C,2.0200000000000000e+02,1.7028963088603615e-09,1.7028963088603615e-09,-5.8359169097244035e-05,5.8359169097244035e-05,-3.1658743156537383e-01,-5.8359169097244035e-05,1.4677060306647340e+00,7.5948553082858306e-01,2.2999983368503645e+00,7.0000381754867114e-01
C,2.0300000000000000e+02,1.4722625138864474e-09,1.4722625138864474e-09,-5.4263477844429531e-05,5.4263477844429531e-05,-3.1658595745196472e-01,-5.4263477844429531e-05,1.4677060831460271e+00,7.5948556513710885e-01,2.2999983368401589e+00,7.0000381756468244e-01
C,2.0400000000000000e+02,1.2728650070827117e-09,1.2728650070827117e-09,-5.0455227817991499e-05,5.0455227817991499e-05,-3.1658458677505941e-01,-5.0455227817991499e-05,1.4677061319440059e+00,7.5948559703754626e-01,2.2999983368306691e+00,7.0000381757957020e-01
C,2.0500000000000000e+02,1.1004732242490480e-09,1.1004732242490480e-09,-4.6914245688256528e-05,4.6914245688256528e-05,-3.1658331227788494e-01,-4.6914245688256528e-05,1.4677061773171891e+00,7.5948562669893749e-01,2.2999983368218455e+00,7.0000381759341312e-01
C,2.0600000000000000e+02,9.5142957830408399e-10,9.5142957830408399e-10,-4.3621773881952208e-05,4.3621773881952208e-05,-3.1658212721250578e-01,-4.3621773881952208e-05,1.4677062195059492e+00,7.5948565427845560e-01,2.2999983368136410e+00,7.0000381760628461e-01
C,2.0700000000000000e+02,8.2257187014973369e-10,8.2257187014973369e-10,-4.0560371550313334e-05,4.0560371550313334e-05,-3.1658102530420784e-01,-4.0560371550313334e-05,1.4677062587337866e+00,7.5948567992223814e-01,2.2999983368060120e+00,7.0000381761825281e-01
C,2.0800000000000000e+02,7.1116617063823419e-10,7.1116617063823419e-10,-3.7713821621210286e-05,3.7713821621210286e-05,-3.1658000071859149e-01,-3.7713821621210286e-05,1.4677062952085143e+00,7.5948570376616276e-01,2.2999983367989185e+00,7.0000381762938113e-01
C,2.0900000000000000e+02,6.1484883657067286e-10,6.1484883657067286e-10,-3.5067045400793972e-05,3.5067045400793972e-05,-3.1657904803030767e-01,-3.5067045400793972e-05,1.4677063291233587e+00,7.5948572593656716e-01,2.2999983367923229e+00,7.0000381763972852e-01
C,2.1000000000000000e+02,5.3157634742857187e-10,5.3157634742857187e-10,-3.2606022370984533e-05,3.2606022370984533e-05,-3.1657816219476942e-01,-3.2606022370984533e-05,1.4677063606579841e+00,7.5948574655091972e-01,2.2999983367861900e+00,7.0000381764934982e-01
C,2.1100000000000000e+02,4.5958195522672369e-10,4.5958195522672369e-10,-3.0317716115391136e-05,3.0317716115391136e-05,-3.1657733852119563e-01,-3.0317716115391136e-05,1.4677063899794440e+00,7.5948576571844184e-01,2.2999983367804875e+00,7.0000381765829589e-01
C,2.1200000000000000e+02,3.9733819336883221e-10,3.9733819336883221e-10,-2.8190005085804160e-05,2.8190005085804160e-05,-3.1657657264783090e-01,-2.8190005085804160e-05,1.4677064172430672e+00,7.5948578354068763e-01,2.2999983367751851e+00,7.0000381766661413e-01
C,2.1300000000000000e+02,3.4352447155817726e-10,3.4352447155817726e-10,-2.6211618475713294e-05,2.6211618475713294e-05,-3.1657586051907494e-01,-2.6211618475713294e-05,1.4677064425932800e+00,7.5948580011208189e-01,2.2999983367702548e+00,7.0000381767434861e-01
C,2.1400000000000000e+02,2.9699905514239417e-10,2.9699905514239417e-10,-2.4372076445899893e-05,2.4372076445899893e-05,-3.1657519836358894e-01,-2.4372076445899893e-05,1.4677064661643719e+00,7.5948581552042094e-01,2.2999983367656704e+00,7.0000381768154030e-01
C,2.1500000000000000e+02,2.5677484267941392e-10,2.5677484267941392e-10,-2.2661634657694663e-05,2.2661634657694663e-05,-3.1657458267488892e-01,-2.2661634657694663e-05,1.4677064880812074e+00,7.5948582984733803e-01,2.2999983367614076e+00,7.0000381768822728e-01
C,2.1600000000000000e+02,2.2199842779141887e-10,2.2199842779141887e-10,-2.1071232891856084e-05,2.1071232891856084e-05,-3.1657401019229425e-01,-2.1071232891856084e-05,1.4677065084598870e+00,7.5948584316873602e-01,2.2999983367574441e+00,7.0000381769444497e-01
C,2.1700000000000000e+02,1.9193197750591785e-10,1.9193197750591785e-10,-1.9592446376393013e-05,1.9592446376393013e-05,-3.1657347788409673e-01,-1.9592446376393013e-05,1.4677065274083629e+00,7.5948585555518966e-01,2.2999983367537586e+00,7.0000381770022635e-01
C,2.1800000000000000e+02,1.6593759730919624e-10,1.6593759730919624e-10,-1.8217442043777510e-05,1.8217442043777510e-05,-3.1657298293117364e-01,-1.8217442043777510e-05,1.4677065450270101e+00,7.5948586707231991e-01,2.2999983367503321e+00,7.0000381770560194e-01
C,2.1900000000000000e+02,1.4346377995040416e-10,1.4346377995040416e-10,-1.6938936209243138e-05,1.6938936209243138e-05,-3.1657252271219960e-01,-1.6938936209243138e-05,1.4677065614091596e+00,7.5948587778114152e-01,2.2999983367471457e+00,7.0000381771060027e-01
C,2.2000000000000000e+02,1.2403371508159810e-10,1.2403371508159810e-10,-1.5750156512339686e-05,1.5750156512339686e-05,-3.1657209478974657e-01,-1.5750156512339686e-05,1.4677065766415911e+00,7.5948588773838632e-01,2.2999983367441832e+00,7.0000381771524789e-01
C,2.2100000000000000e+02,1.0723517189442999e-10,1.0723517189442999e-10,-1.4644806034525004e-05,1.4644806034525004e-05,-3.1657169689753850e-01,-1.4644806034525004e-05,1.4677065908049944e+00,7.5948589699680424e-01,2.2999983367414285e+00,7.0000381771956932e-01
C,2.2200000000000000e+02,9.2711746256078363e-11,9.2711746256078363e-11,-1.3617029503976141e-05,1.3617029503976141e-05,-3.1657132692823886e-01,-1.3617029503976141e-05,1.4677066039743962e+00,7.5948590560544260e-01,2.2999983367388670e+00,7.0000381772358744e-01
C,2.2300000000000000e+02,8.0155307035172983e-11,8.0155307035172983e-11,-1.2661382786660624e-05,1.2661382786660624e-05,-3.1657098292243724e-01,-1.2661382786660624e-05,1.4677066162195571e+00,7.5948591360990614e-01,2.2999983367364853e+00,7.0000381772732367e-01
C,2.2400000000000000e+02,6.9299454116090615e-11,6.9299454116090615e-11,-1.1772803754084293e-05,1.1772803754084293e-05,-3.1657066305799120e-01,-1.1772803754084293e-05,1.4677066276053419e+00,7.5948592105259849e-01,2.2999983367342707e+00,7.0000381773079767e-01
C,2.2500000000000000e+02,5.9913867592110920e-11,5.9913867592110920e-11,-1.0946585549120869e-05,1.0946585549120869e-05,-3.1657036564087804e-01,-1.0946585549120869e-05,1.4677066381920629e+00,7.5948592797294723e-01,2.2999983367322114e+00,7.0000381773402787e-01
C,2.2600000000000000e+02,5.1799420481614453e-11,5.1799420481614453e-11,-1.0178351583789436e-05,1.0178351583789436e-05,-3.1657008909582451e-01,-1.0178351583789436e-05,1.4677066480357999e+00,7.5948593440761236e-01,2.2999983367302970e+00,7.0000381773703135e-01
C,2.2700000000000000e+02,4.4783956756445693e-11,4.4783956756445693e-11,-9.4640326242512174e-06,9.4640326242512174e-06,-3.1656983195822441e-01,-9.4640326242512174e-06,1.4677066571886961e+00,7.5948594039068096e-01,2.2999983367285166e+00,7.0000381773982401e-01
C,2.2800000000000000e+02,3.8718633935115044e-11,3.8718633935115044e-11,-8.7998447639847655e-06,8.7998447639847655e-06,-3.1656959286601172e-01,-8.7998447639847655e-06,1.4677066656992359e+00,7.5948594595384766e-01,2.2999983367268615e+00,7.0000381774242071e-01
C,2.2900000000000000e+02,3.3474769499435564e-11,3.3474769499435564e-11,-8.1822697950428847e-06,8.1822697950428847e-06,-3.1656937055286605e-01,-8.1822697950428847e-06,1.4677066736125006e+00,7.5948595112658257e-01,2.2999983367253223e+00,7.0000381774483522e-01
C,2.3000000000000000e+02,2.8941109445313471e-11,2.8941109445313471e-11,-7.6080364674879775e-06,7.6080364674879775e-06,-3.1656916384128486e-01,-7.6080364674879775e-06,1.4677066809704076e+00,7.5948595593628720e-01,2.2999983367238910e+00,7.0000381774708020e-01
C,2.3100000000000000e+02,2.5021466258519168e-11,2.5021466258519168e-11,-7.0741029478682549e-06,7.0741029478682549e-06,-3.1656897163645503e-01,-7.0741029478682549e-06,1.4677066878119325e+00,7.5948596040844008e-01,2.2999983367225605e+00,7.0000381774916764e-01
C,2.3200000000000000e+02,2.1632681210073115e-11,2.1632681210073115e-11,-6.5776410984597078e-06,6.5776410984597078e-06,-3.1656879292021323e-01,-6.5776410984597078e-06,1.4677066941733155e+00,7.5948596456673145e-01,2.2999983367213233e+00,7.0000381775110865e-01
C,2.3300000000000000e+02,1.8702856576654154e-11,1.8702856576654154e-11,-6.1160210229616041e-06,6.1160210229616041e-06,-3.1656862674611652e-01,-6.1160210229616041e-06,1.4677067000882533e+00,7.5948596843318894e-01,2.2999983367201726e+00,7.0000381775291343e-01
C,2.3400000000000000e+02,1.6169833531925574e-11,1.6169833531925574e-11,-5.6867976105934304e-06,5.6867976105934304e-06,-3.1656847223393569e-01,-5.6867976105934304e-06,1.4677067055880781e+00,7.5948597202829404e-01,2.2999983367191028e+00,7.0000381775459153e-01
C,2.3500000000000000e+02,1.3979870440755542e-11,1.3979870440755542e-11,-5.2876971246007543e-06,5.2876971246007543e-06,-3.1656832856521433e-01,-5.2876971246007543e-06,1.4677067107019228e+00,7.5948597537109086e-01,2.2999983367181080e+00,7.0000381775615184e-01
C,2.3600000000000000e+02,1.2086505587989794e-11,1.2086505587989794e-11,-4.9166056559357685e-06,4.9166056559357685e-06,-3.1656819497904998e-01,-4.9166056559357685e-06,1.4677067154568755e+00,7.5948597847928678e-01,2.2999983367171830e+00,7.0000381775760268e-01
C,2.3700000000000000e+02,1.0449568933592989e-11,1.0449568933592989e-11,-4.5715574881199927e-06,4.5715574881199927e-06,-3.1656807076783089e-01,-4.5715574881199927e-06,1.4677067198781237e+00,7.5948598136934664e-01,2.2999983367163233e+00,7.0000381775895171e-01
C,2.3800000000000000e+02,9.0343310162957223e-12,9.0343310162957223e-12,-4.2507248831924471e-06,4.2507248831924471e-06,-3.1656795527363890e-01,-4.2507248831924471e-06,1.4677067239890871e+00,7.5948598405657963e-01,2.2999983367155235e+00,7.0000381776020604e-01
C,2.3900000000000000e+02,7.8107657313835259e-12,7.8107657313835259e-12,-3.9524083117470354e-06,3.9524083117470354e-06,-3.1656784788474113e-01,-3.9524083117470354e-06,1.4677067278115417e+00,7.5948598655522037e-01,2.2999983367147800e+00,7.0000381776137233e-01
C,2.4000000000000000e+02,6.7529141507582860e-12,6.7529141507582860e-12,-3.6750276599661902e-06,3.6750276599661902e-06,-3.1656774803230370e-01,-3.6750276599661902e-06,1.4677067313657350e+00,7.5948598887850460e-01,2.2999983367140886e+00,7.0000381776245679e-01
C,2.4100000000000000e+02,5.8383330299843827e-12,5.8383330299843827e-12,-3.4171137031080434e-06,3.4171137031080434e-06,-3.1656765518746077e-01,-3.4171137031080434e-06,1.4677067346704937e+00,7.5948599103873904e-01,2.2999983367134460e+00,7.0000381776346510e-01
C,2.4200000000000000e+02,5.0476180005419393e-12,5.0476180005419393e-12,-3.1773001119006494e-06,3.1773001119006494e-06,-3.1656756885842796e-01,-3.1773001119006494e-06,1.4677067377433235e+00,7.5948599304736675e-01,2.2999983367128483e+00,7.0000381776440268e-01
C,2.4300000000000000e+02,4.3639938513944683e-12,4.3639938513944683e-12,-2.9543167912038371e-06,2.9543167912038371e-06,-3.1656748858788220e-01,-2.9543167912038371e-06,1.4677067406005011e+00,7.5948599491502766e-01,2.2999983367122927e+00,7.0000381776527443e-01
C,2.4400000000000000e+02,3.7729560840099161e-12,3.7729560840099161e-12,-2.7469823749015632e-06,2.7469823749015632e-06,-3.1656741395069687e-01,-2.7469823749015632e-06,1.4677067432571613e+00,7.5948599665161498e-01,2.2999983367117758e+00,7.0000381776608500e-01
C,2.4500000000000000e+02,3.2619657754289263e-12,3.2619657754289263e-12,-2.5541988080135525e-06,2.5541988080135525e-06,-3.1656734455154378e-01,-2.5541988080135525e-06,1.4677067457273762e+00,7.5948599826632757e-01,2.2999983367112953e+00,7.0000381776683873e-01
C,2.4600000000000000e+02,2.8201813401905513e-12,2.8201813401905513e-12,-2.3749447741749918e-06,2.3749447741749918e-06,-3.1656728002276147e-01,-2.3749447741749918e-06,1.4677067480242310e+00,7.5948599976771880e-01,2.2999983367108485e+00,7.0000381776753950e-01
C,2.4700000000000000e+02,2.4382300846628600e-12,2.4382300846628600e-12,-2.2082708550641428e-06,2.2082708550641428e-06,-3.1656722002257887e-01,-2.2082708550641428e-06,1.4677067501598917e+00,7.5948600116374165e-01,2.2999983367104333e+00,7.0000381776819109e-01
C,2.4800000000000000e+02,2.1080082650577142e-12,2.1080082650577142e-12,-2.0532940681050604e-06,2.0532940681050604e-06,-3.1656716423316134e-01,-2.0532940681050604e-06,1.4677067521456715e+00,7.5948600246179099e-01,2.2999983367100469e+00,7.0000381776879705e-01
C,2.4900000000000000e+02,1.8225101072712425e-12,1.8225101072712425e-12,-1.9091936032111789e-06,1.9091936032111789e-06,-3.1656711235910073e-01,-1.9091936032111789e-06,1.4677067539920887e+00,7.5948600366874264e-01,2.2999983367096877e+00,7.0000381776936049e-01
C,2.5000000000000000e+02,1.5756784549822208e-12,1.5756784549822208e-12,-1.7752061598486080e-06,1.7752061598486080e-06,-3.1656706412550584e-01,-1.7752061598486080e-06,1.4677067557089238e+00,7.5948600479098982e-01,2.2999983367093537e+00,7.0000381776988430e-01
C,2.5100000000000000e+02,1.3622764845982400e-12,1.3622764845982400e-12,-1.6506219946421652e-06,1.6506219946421652e-06,-3.1656701927693653e-01,-1.6506219946421652e-06,1.4677067573052711e+00,7.5948600583447723e-01,2.2999983367090433e+00,7.0000381777037135e-01
C,2.5200000000000000e+02,1.1777765158476648e-12,1.1777765158476648e-12,-1.5347811022081714e-06,1.5347811022081714e-06,-3.1656697757580510e-01,-1.5347811022081714e-06,1.4677067587895865e+00,7.5948600680473233e-01,2.2999983367087546e+00,7.0000381777082421e-01
C,2.5300000000000000e+02,1.0182643543518249e-12,1.0182643543518249e-12,-1.4270699733032188e-06,1.4270699733032188e-06,-3.1656693880131037e-01,-1.4270699733032188e-06,1.4677067601697322e+00,7.5948600770689456e-01,2.2999983367084864e+00,7.0000381777124532e-01
C,2.5400000000000000e+02,8.8035574523917074e-13,8.8035574523917074e-13,-1.3269180421104920e-06,1.3269180421104920e-06,-3.1656690274792787e-01,-1.3269180421104920e-06,1.4677067614530190e+00,7.5948600854574277e-01,2.2999983367082368e+00,7.0000381777163689e-01
C,2.5500000000000000e+02,7.6112474904241667e-13,7.6112474904241667e-13,-1.2337947552509831e-06,1.2337947552509831e-06,-3.1656686922483246e-01,-1.2337947552509831e-06,1.4677067626462446e+00,7.5948600932572030e-01,2.2999983367080046e+00,7.0000381777200094e-01
C,2.5600000000000000e+02,6.5804184401902762e-13,6.5804184401902762e-13,-1.1472069072482327e-06,1.1472069072482327e-06,-3.1656683805434405e-01,-1.1472069072482327e-06,1.4677067637557293e+00,7.5948601005095873e-01,2.2999983367077887e+00,7.0000381777233944e-01
C,2.5700000000000000e+02,5.6891991574584270e-13,5.6891991574584270e-13,-1.0666957539484656e-06,1.0666957539484656e-06,-3.1656680907143908e-01,-1.0666957539484656e-06,1.4677067647873503e+00,7.5948601072529975e-01,2.2999983367075880e+00,7.0000381777265419e-01
C,2.5800000000000000e+02,4.9186830357004229e-13,4.9186830357004229e-13,-9.9183496971022578e-07,9.9183496971022578e-07,-3.1656678212246270e-01,-9.9183496971022578e-07,1.4677067657465719e+00,7.5948601135231530e-01,2.2999983367074015e+00,7.0000381777294685e-01
C,2.5900000000000000e+02,4.2525210332798028e-13,4.2525210332798028e-13,-9.2222784964235416e-07,9.2222784964235416e-07,-3.1656675706486226e-01,-9.2222784964235416e-07,1.4677067666384751e+00,7.5948601193532672e-01,2.2999983367072279e+00,7.0000381777321896e-01
C,2.6000000000000000e+02,3.6765809826014724e-13,3.6765809826014724e-13,-8.5750579970067520e-07,8.5750579970067520e-07,-3.1656673376576627e-01,-8.5750579970067520e-07,1.4677067674677844e+00,7.5948601247742231e-01,2.2999983367070667e+00,7.0000381777347198e-01
C,2.6100000000000000e+02,3.1786432618717967e-13,3.1786432618717967e-13,-7.9732593860626366e-07,7.9732593860626366e-07,-3.1656671210176235e-01,-7.9732593860626366e-07,1.4677067682388927e+00,7.5948601298147345e-01,2.2999983367069166e+00,7.0000381777370724e-01
C,2.6200000000000000e+02,2.7481436711589972e-13,2.7481436711589972e-13,-7.4136949912428918e-07,7.4136949912428918e-07,-3.1656669195818665e-01,-7.4136949912428918e-07,1.4677067689558845e+00,7.5948601345015021e-01,2.2999983367067771e+00,7.0000381777392606e-01
C,2.6300000000000000e+02,2.3759491466952633e-13,2.3759491466952633e-13,-6.8934014052501880e-07,6.8934014052501880e-07,-3.1656667322823573e-01,-6.8934014052501880e-07,1.4677067696225576e+00,7.5948601388593506e-01,2.2999983367066474e+00,7.0000381777412946e-01
C,2.6400000000000000e+02,2.0541622464852537e-13,2.0541622464852537e-13,-6.4096212781805662e-07,6.4096212781805662e-07,-3.1656665581274446e-01,-6.4096212781805662e-07,1.4677067702424436e+00,7.5948601429113649e-01,2.2999983367065266e+00,7.0000381777431864e-01
C,2.6500000000000000e+02,1.7759566918093890e-13,1.7759566918093890e-13,-5.9597931034716112e-07,5.9597931034716112e-07,-3.1656663961951992e-01,-5.9597931034716112e-07,1.4677067708188258e+00,7.5948601466790078e-01,2.2999983367064147e+00,7.0000381777449450e-01
C,2.6600000000000000e+02,1.5354301434622597e-13,1.5354301434622597e-13,-5.5415343425124775e-07,5.5415343425124775e-07,-3.1656662456271967e-01,-5.5415343425124775e-07,1.4677067713547576e+00,7.5948601501822366e-01,2.2999983367063104e+00,7.0000381777465803e-01
C,2.6700000000000000e+02,1.3274792755046562e-13,1.3274792755046562e-13,-5.1526289901460132e-07,5.1526289901460132e-07,-3.1656661056267410e-01,-5.1526289901460132e-07,1.4677067718530774e+00,7.5948601534396076e-01,2.2999983367062136e+00,7.0000381777481013e-01
C,2.6800000000000000e+02,1.1476921547227411e-13,1.1476921547227411e-13,-4.7910169165277239e-07,4.7910169165277239e-07,-3.1656659754504268e-01,-4.7910169165277239e-07,1.4677067723164252e+00,7.5948601564683760e-01,2.2999983367061234e+00,7.0000381777495146e-01
C,2.6900000000000000e+02,9.9225427628842547e-14,9.9225427628842547e-14,-4.4547823208063164e-07,4.4547823208063164e-07,-3.1656658544103600e-01,-4.4547823208063164e-07,1.4677067727472553e+00,7.5948601592845855e-01,2.2999983367060395e+00,7.0000381777508291e-01
C,2.7000000000000000e+02,8.5786856554189431e-14,8.5786856554189431e-14,-4.1421457375179216e-07,4.1421457375179216e-07,-3.1656657418652756e-01,-4.1421457375179216e-07,1.4677067731478495e+00,7.5948601619031519e-01,2.2999983367059618e+00,7.0000381777520515e-01
C,2.7100000000000000e+02,7.4168311696759232e-14,7.4168311696759232e-14,-3.8514493816421691e-07,3.8514493816421691e-07,-3.1656656372178738e-01,-3.8514493816421691e-07,1.4677067735203300e+00,7.5948601643379476e-01,2.2999983367058894e+00,7.0000381777531884e-01
C,2.7200000000000000e+02,6.4123337193763342e-14,6.4123337193763342e-14,-3.5811544840669285e-07,3.5811544840669285e-07,-3.1656655399148192e-01,-3.5811544840669285e-07,1.4677067738666698e+00,7.5948601666018689e-01,2.2999983367058219e+00,7.0000381777542453e-01
C,2.7300000000000000e+02,5.5438786300151230e-14,5.5438786300151230e-14,-3.3298284130012235e-07,3.3298284130012235e-07,-3.1656654494405245e-01,-3.3298284130012235e-07,1.4677067741887035e+00,7.5948601687069073e-01,2.2999983367057593e+00,7.0000381777552279e-01
C,2.7400000000000000e+02,4.7930435464206078e-14,4.7930435464206078e-14,-3.0961406771723432e-07,3.0961406771723432e-07,-3.1656653653162614e-01,-3.0961406771723432e-07,1.4677067744881367e+00,7.5948601706642138e-01,2.2999983367057011e+00,7.0000381777561416e-01
C,2.7500000000000000e+02,4.1438977465118271e-14,4.1438977465118271e-14,-2.8788531558632258e-07,2.8788531558632258e-07,-3.1656652870952762e-01,-2.8788531558632258e-07,1.4677067747665558e+00,7.5948601724841569e-01,2.2999983367056469e+00,7.0000381777569909e-01
C,2.7600000000000000e+02,3.5826686560219784e-14,3.5826686560219784e-14,-2.6768147698419398e-07,2.6768147698419398e-07,-3.1656652143636776e-01,-2.6768147698419398e-07,1.4677067750254353e+00,7.5948601741763755e-01,2.2999983367055967e+00,7.0000381777577803e-01
C,2.7700000000000000e+02,3.0974502586955513e-14,3.0974502586955513e-14,-2.4889557082019564e-07,2.4889557082019564e-07,-3.1656651467368846e-01,-2.4889557082019564e-07,1.4677067752661466e+00,7.5948601757498335e-01,2.2999983367055501e+00,7.0000381777585152e-01
C,2.7800000000000000e+02,2.6779477343086008e-14,2.6779477343086008e-14,-2.3142807670240018e-07,2.3142807670240018e-07,-3.1656650838560729e-01,-2.3142807670240018e-07,1.4677067754899646e+00,7.5948601772128665e-01,2.2999983367055066e+00,7.0000381777591980e-01
C,2.7900000000000000e+02,2.3152593809427570e-14,2.3152593809427570e-14,-2.1518640203055384e-07,2.1518640203055384e-07,-3.1656650253881757e-01,-2.1518640203055384e-07,1.4677067756980753e+00,7.5948601785732239e-01,2.2999983367054662e+00,7.0000381777598331e-01
C,2.8000000000000000e+02,2.0016926688405146e-14,2.0016926688405146e-14,-2.0008461554255064e-07,2.0008461554255064e-07,-3.1656649710232188e-01,-2.0008461554255064e-07,1.4677067758915807e+00,7.5948601798381110e-01,2.2999983367054284e+00,7.0000381777604237e-01
C,2.8100000000000000e+02,1.7305933428840942e-14,1.7305933428840942e-14,-1.8604264795385461e-07,1.8604264795385461e-07,-3.1656649204743204e-01,-1.8604264795385461e-07,1.4677067760715059e+00,7.5948601810142280e-01,2.2999983367053933e+00,7.0000381777609721e-01
C,2.8200000000000000e+02,1.4962105556207844e-14,1.4962105556207844e-14,-1.7298615873073686e-07,1.7298615873073686e-07,-3.1656648734723625e-01,-1.7298615873073686e-07,1.4677067762388039e+00,7.5948601821078054e-01,2.2999983367053609e+00,7.0000381777614828e-01
C,2.8300000000000000e+02,1.2935711227012349e-14,1.2935711227012349e-14,-1.6084595877430274e-07,1.6084595877430274e-07,-3.1656648297686552e-01,-1.6084595877430274e-07,1.4677067763943608e+00,7.5948601831246354e-01,2.2999983367053307e+00,7.0000381777619580e-01
C,2.8400000000000000e+02,1.1183759390244273e-14,1.1183759390244273e-14,-1.4955774396696597e-07,1.4955774396696597e-07,-3.1656647891327161e-01,-1.4955774396696597e-07,1.4677067765390006e+00,7.5948601840701035e-01,2.2999983367053027e+00,7.0000381777623999e-01
C,2.8500000000000000e+02,9.6690899277407192e-15,9.6690899277407192e-15,-1.3906178431000171e-07,1.3906178431000171e-07,-3.1656647513482739e-01,-1.3906178431000171e-07,1.4677067766734897e+00,7.5948601849492192e-01,2.2999983367052765e+00,7.0000381777628107e-01
C,2.8600000000000000e+02,8.3595541612912532e-15,8.3595541612912532e-15,-1.2930239101649477e-07,1.2930239101649477e-07,-3.1656647162159324e-01,-1.2930239101649477e-07,1.4677067767985403e+00,7.5948601857666376e-01,2.2999983367052521e+00,7.0000381777631926e-01
C,2.8700000000000000e+02,7.2273866327168526e-15,7.2273866327168526e-15,-1.2022800532918154e-07,1.2022800532918154e-07,-3.1656646835491742e-01,-1.2022800532918154e-07,1.4677067769148149e+00,7.5948601865266896e-01,2.2999983367052295e+00,7.0000381777635479e-01
C,2.8800000000000000e+02,6.2485417076717741e-15,6.2485417076717741e-15,-1.1179035475095134e-07,1.1179035475095134e-07,-3.1656646531743604e-01,-1.1179035475095134e-07,1.4677067770229293e+00,7.5948601872334021e-01,2.2999983367052086e+00,7.0000381777638776e-01
C,2.8900000000000000e+02,5.4022708201047615e-15,5.4022708201047615e-15,-1.0394489713405619e-07,1.0394489713405619e-07,-3.1656646249316189e-01,-1.0394489713405619e-07,1.4677067771234562e+00,7.5948601878905164e-01,2.2999983367051891e+00,7.0000381777641840e-01
C,2.9000000000000000e+02,4.6706133105331065e-15,4.6706133105331065e-15,-9.6650021319533153e-08,9.6650021319533153e-08,-3.1656645986712917e-01,-9.6650021319533153e-08,1.4677067772169281e+00,7.5948601885015143e-01,2.2999983367051708e+00,7.0000381777644693e-01
C,2.9100000000000000e+02,4.0380470714798296e-15,4.0380470714798296e-15,-8.9867091546125266e-08,8.9867091546125266e-08,-3.1656645742534906e-01,-8.9867091546125266e-08,1.4677067773038401e+00,7.5948601890696321e-01,2.2999983367051540e+00,7.0000381777647347e-01
C,2.9200000000000000e+02,3.4911556349237445e-15,3.4911556349237445e-15,-8.3560225405676647e-08,8.3560225405676647e-08,-3.1656645515494297e-01,-8.3560225405676647e-08,1.4677067773846526e+00,7.5948601895978796e-01,2.2999983367051384e+00,7.0000381777649812e-01
C,2.9300000000000000e+02,3.0183294352737091e-15,3.0183294352737091e-15,-7.7695938571764600e-08,7.7695938571764600e-08,-3.1656645304392050e-01,-7.7695938571764600e-08,1.4677067774597938e+00,7.5948601900890544e-01,2.2999983367051238e+00,7.0000381777652110e-01
C,2.9400000000000000e+02,2.6095456100043853e-15,2.6095456100043853e-15,-7.2243278026462576e-08,7.2243278026462576e-08,-3.1656645108100179e-01,-7.2243278026462576e-08,1.4677067775296615e+00,7.5948601905457591e-01,2.2999983367051100e+00,7.0000381777654241e-01
C,2.9500000000000000e+02,2.2561194216530069e-15,2.2561194216530069e-15,-6.7173200335446381e-08,6.7173200335446381e-08,-3.1656644925579513e-01,-6.7173200335446381e-08,1.4677067775946260e+00,7.5948601909704117e-01,2.2999983367050976e+00,7.0000381777656229e-01
C,2.9600000000000000e+02,1.9505643234301501e-15,1.9505643234301501e-15,-6.2459015737204027e-08,6.2459015737204027e-08,-3.1656644755875263e-01,-6.2459015737204027e-08,1.4677067776550312e+00,7.5948601913652625e-01,2.2999983367050860e+00,7.0000381777658072e-01
C,2.9700000000000000e+02,1.6863870062145807e-15,1.6863870062145807e-15,-5.8075588782457999e-08,5.8075588782457999e-08,-3.1656644598077044e-01,-5.8075588782457999e-08,1.4677067777111972e+00,7.5948601917324021e-01,2.2999983367050749e+00,7.0000381777659781e-01
C,2.9800000000000000e+02,1.4579930470340117e-15,1.4579930470340117e-15,-5.3999871241217079e-08,5.3999871241217079e-08,-3.1656644451358851e-01,-5.3999871241217079e-08,1.4677067777634214e+00,7.5948601920737757e-01,2.2999983367050647e+00,7.0000381777661380e-01
C,2.9900000000000000e+02,1.2605294384685418e-15,1.2605294384685418e-15,-5.0210147151119600e-08,5.0210147151119600e-08,-3.1656644314930205e-01,-5.0210147151119600e-08,1.4677067778119806e+00,7.5948601923911918e-01,2.2999983367050554e+00,7.0000381777662857e-01
C,3.0000000000000000e+02,1.0898073430979514e-15,1.0898073430979514e-15,-4.6686343679880338e-08,4.6686343679880338e-08,-3.1656644188080563e-01,-4.6686343679880338e-08,1.4677067778571318e+00,7.5948601926863324e-01,2.2999983367050465e+00,7.0000381777664233e-01
C,3.0100000000000000e+02,9.4221154556800559e-16,9.4221154556800559e-16,-4.3409942307448546e-08,4.3409942307448546e-08,-3.1656644070130469e-01,-4.3409942307448546e-08,1.4677067778991142e+00,7.5948601929607595e-01,2.2999983367050385e+00,7.0000381777665510e-01
C,3.0200000000000000e+02,8.1460388322624818e-16,8.1460388322624818e-16,-4.0363445918956131e-08,4.0363445918956131e-08,-3.1656643960462638e-01,-4.0363445918956131e-08,1.4677067779381503e+00,7.5948601932159276e-01,2.2999983367050310e+00,7.0000381777666698e-01
C,3.0300000000000000e+02,7.0427633344650603e-16,7.0427633344650603e-16,-3.7530689667164552e-08,3.7530689667164552e-08,-3.1656643858486433e-01,-3.7530689667164552e-08,1.4677067779744468e+00,7.5948601934531879e-01,2.2999983367050238e+00,7.0000381777667808e-01
C,3.0400000000000000e+02,6.0889320519868225e-16,6.0889320519868225e-16,-3.4896796563543830e-08,3.4896796563543830e-08,-3.1656643763668946e-01,-3.4896796563543830e-08,1.4677067780081960e+00,7.5948601936737969e-01,2.2999983367050172e+00,7.0000381777668841e-01
C,3.0500000000000000e+02,5.2642770104384735e-16,5.2642770104384735e-16,-3.2447733389062705e-08,3.2447733389062705e-08,-3.1656643675503915e-01,-3.2447733389062705e-08,1.4677067780395767e+00,7.5948601938789240e-01,2.2999983367050110e+00,7.0000381777669796e-01
C,3.0600000000000000e+02,4.5513052287130684e-16,4.5513052287130684e-16,-3.0170532738793554e-08,3.0170532738793554e-08,-3.1656643593529488e-01,-3.0170532738793554e-08,1.4677067780687552e+00,7.5948601940696547e-01,2.2999983367050052e+00,7.0000381777670684e-01
C,3.0700000000000000e+02,3.9348988724609450e-16,3.9348988724609450e-16,-2.8053159795149440e-08,2.8053159795149440e-08,-3.1656643517310457e-01,-2.8053159795149440e-08,1.4677067780958859e+00,7.5948601942469995e-01,2.2999983367049999e+00,7.0000381777671516e-01
C,3.0800000000000000e+02,3.4019857492561963e-16,3.4019857492561963e-16,-2.6084423510042143e-08,2.6084423510042143e-08,-3.1656643446433819e-01,-2.6084423510042143e-08,1.4677067781211126e+00,7.5948601944118987e-01,2.2999983367049950e+00,7.0000381777672283e-01
C,3.0900000000000000e+02,2.9412338221914019e-16,2.9412338221914019e-16,-2.4253798969198215e-08,2.4253798969198215e-08,-3.1656643380530980e-01,-2.4253798969198215e-08,1.4677067781445690e+00,7.5948601945652250e-01,2.2999983367049905e+00,7.0000381777672993e-01
C,3.1000000000000000e+02,2.5428844615934698e-16,2.5428844615934698e-16,-2.2551649436763910e-08,2.2551649436763910e-08,-3.1656643319259992e-01,-2.2551649436763910e-08,1.4677067781663791e+00,7.5948601947077909e-01,2.2999983367049861e+00,7.0000381777673659e-01
C,3.1100000000000000e+02,2.1985050210292462e-16,2.1985050210292462e-16,-2.0969048719621242e-08,2.0969048719621242e-08,-3.1656643262283346e-01,-2.0969048719621242e-08,1.4677067781866586e+00,7.5948601948403516e-01,2.2999983367049821e+00,7.0000381777674281e-01
C,3.1200000000000000e+02,1.9007480828539768e-16,1.9007480828539768e-16,-1.9497425896020104e-08,1.9497425896020104e-08,-3.1656643209307944e-01,-1.9497425896020104e-08,1.4677067782055149e+00,7.5948601949636096e-01,2.2999983367049786e+00,7.0000381777674858e-01
C,3.1300000000000000e+02,1.6433210118288477e-16,1.6433210118288477e-16,-1.8129098222630091e-08,1.8129098222630091e-08,-3.1656643160049569e-01,-1.8129098222630091e-08,1.4677067782230477e+00,7.5948601950782169e-01,2.2999983367049750e+00,7.0000381777675391e-01
C,3.1400000000000000e+02,1.4207556042558113e-16,1.4207556042558113e-16,-1.6856782636409662e-08,1.6856782636409662e-08,-3.1656643114250649e-01,-1.6856782636409662e-08,1.4677067782393503e+00,7.5948601951847816e-01,2.2999983367049719e+00,7.0000381777675891e-01
C,3.1500000000000000e+02,1.2283358614508269e-16,1.2283358614508269e-16,-1.5673773390290080e-08,1.5673773390290080e-08,-3.1656643071662494e-01,-1.5673773390290080e-08,1.4677067782545086e+00,7.5948601952838679e-01,2.2999983367049688e+00,7.0000381777676357e-01
C,3.1600000000000000e+02,1.0619730464827031e-16,1.0619730464827031e-16,-1.4573764417491475e-08,1.4573764417491475e-08,-3.1656643032063059e-01,-1.4573764417491475e-08,1.4677067782686031e+00,7.5948601953759998e-01,2.2999983367049661e+00,7.0000381777676790e-01
C,3.1700000000000000e+02,9.1814564147482924e-17,9.1814564147482924e-17,-1.3550982558285796e-08,1.3550982558285796e-08,-3.1656642995248063e-01,-1.3550982558285796e-08,1.4677067782817084e+00,7.5948601954616657e-01,2.2999983367049635e+00,7.0000381777677190e-01
C,3.1800000000000000e+02,7.9379005944645454e-17,7.9379005944645454e-17,-1.2599921106470902e-08,1.2599921106470902e-08,-3.1656642961008785e-01,-1.2599921106470902e-08,1.4677067782938940e+00,7.5948601955413197e-01,2.2999983367049612e+00,7.0000381777677556e-01
C,3.1900000000000000e+02,6.8628755612419463e-17,6.8628755612419463e-17,-1.1715695080738442e-08,1.1715695080738442e-08,-3.1656642929180911e-01,-1.1715695080738442e-08,1.4677067783052244e+00,7.5948601956153838e-01,2.2999983367049590e+00,7.0000381777677900e-01
C,3.2000000000000000e+02,5.9334261733050240e-17,5.9334261733050240e-17,-1.0893508317622036e-08,1.0893508317622036e-08,-3.1656642899577925e-01,-1.0893508317622036e-08,1.4677067783157598e+00,7.5948601956842499e-01,2.2999983367049568e+00,7.0000381777678222e-01
C,3.2100000000000000e+02,5.1298409056519355e-17,5.1298409056519355e-17,-1.0129008742865153e-08,1.0129008742865153e-08,-3.1656642872057716e-01,-1.0129008742865153e-08,1.4677067783255557e+00,7.5948601957482831e-01,2.2999983367049550e+00,7.0000381777678522e-01
C,3.2200000000000000e+02,4.4350404915303897e-17,4.4350404915303897e-17,-9.4181107357371729e-09,9.4181107357371729e-09,-3.1656642846464855e-01,-9.4181107357371729e-09,1.4677067783346642e+00,7.5948601958078221e-01,2.2999983367049532e+00,7.0000381777678800e-01
C,3.2300000000000000e+02,3.8343648519946152e-17,3.8343648519946152e-17,-8.7571283557963397e-09,8.7571283557963397e-09,-3.1656642822670555e-01,-8.7571283557963397e-09,1.4677067783431335e+00,7.5948601958631823e-01,2.2999983367049515e+00,7.0000381777679055e-01
C,3.2400000000000000e+02,3.3150587107704648e-17,3.3150587107704648e-17,-8.1425532982848381e-09,8.1425532982848381e-09,-3.1656642800550472e-01,-8.1425532982848381e-09,1.4677067783510083e+00,7.5948601959146578e-01,2.2999983367049501e+00,7.0000381777679299e-01
C,3.2500000000000000e+02,2.8661108553657208e-17,2.8661108553657208e-17,-7.5711437119707625e-09,7.5711437119707625e-09,-3.1656642779980260e-01,-7.5711437119707625e-09,1.4677067783583304e+00,7.5948601959625206e-01,2.2999983367049488e+00,7.0000381777679521e-01
C,3.2600000000000000e+02,2.4779328467437817e-17,2.4779328467437817e-17,-7.0397909723851626e-09,7.0397909723851626e-09,-3.1656642760853337e-01,-7.0397909723851626e-09,1.4677067783651387e+00,7.5948601960070250e-01,2.2999983367049475e+00,7.0000381777679732e-01
C,3.2700000000000000e+02,2.1423076686202510e-17,2.1423076686202510e-17,-6.5456973175059829e-09,6.5456973175059829e-09,-3.1656642743067565e-01,-6.5456973175059829e-09,1.4677067783714692e+00,7.5948601960484052e-01,2.2999983367049461e+00,7.0000381777679921e-01
C,3.2800000000000000e+02,1.8521715191688309e-17,1.8521715191688309e-17,-6.0863314388370782e-09,6.0863314388370782e-09,-3.1656642726529682e-01,-6.0863314388370782e-09,1.4677067783773554e+00,7.5948601960868811e-01,2.2999983367049448e+00,7.0000381777680099e-01
C,3.2900000000000000e+02,1.6013308747177883e-17,1.6013308747177883e-17,-5.6592064368032879e-09,5.6592064368032879e-09,-3.1656642711150873e-01,-5.6592064368032879e-09,1.4677067783828286e+00,7.5948601961226569e-01,2.2999983367049439e+00,7.0000381777680265e-01
C,3.3000000000000000e+02,1.3844624337408312e-17,1.3844624337408312e-17,-5.2620574564343769e-09,5.2620574564343769e-09,-3.1656642696851200e-01,-5.2620574564343769e-09,1.4677067783879176e+00,7.5948601961559226e-01,2.2999983367049430e+00,7.0000381777680420e-01
C,3.3100000000000000e+02,1.1969515321113093e-17,1.1969515321113093e-17,-4.8927528695230649e-09,4.8927528695230649e-09,-3.1656642683559610e-01,-4.8927528695230649e-09,1.4677067783926494e+00,7.5948601961868534e-01,2.2999983367049421e+00,7.0000381777680565e-01
C,3.3200000000000000e+02,1.0348443261012286e-17,1.0348443261012286e-17,-4.5493830924669965e-09,4.5493830924669965e-09,-3.1656642671196167e-01,-4.5493830924669965e-09,1.4677067783970492e+00,7.5948601962156137e-01,2.2999983367049412e+00,7.0000381777680698e-01
C,3.3300000000000000e+02,8.9469887388196985e-18,8.9469887388196985e-18,-4.2301273595057864e-09,4.2301273595057864e-09,-3.1656642659703138e-01,-4.2301273595057864e-09,1.4677067784011402e+00,7.5948601962423556e-01,2.2999983367049404e+00,7.0000381777680820e-01
C,3.3400000000000000e+02,7.7352424236493796e-18,7.7352424236493796e-18,-3.9332537227210196e-09,3.9332537227210196e-09,-3.1656642649018352e-01,-3.9332537227210196e-09,1.4677067784049440e+00,7.5948601962672202e-01,2.2999983367049395e+00,7.0000381777680931e-01
C,3.3500000000000000e+02,6.6875847017495961e-18,6.6875847017495961e-18,-3.6572078698782207e-09,3.6572078698782207e-09,-3.1656642639084076e-01,-3.6572078698782207e-09,1.4677067784084810e+00,7.5948601962903406e-01,2.2999983367049386e+00,7.0000381777681042e-01
C,3.3600000000000000e+02,5.7819337944386195e-18,5.7819337944386195e-18,-3.4005687155058695e-09,3.4005687155058695e-09,-3.1656642629838139e-01,-3.4005687155058695e-09,1.4677067784117697e+00,7.5948601963118378e-01,2.2999983367049381e+00,7.0000381777681142e-01
C,3.3700000000000000e+02,4.9987133679494544e-18,4.9987133679494544e-18,-3.1618707652114608e-09,3.1618707652114608e-09,-3.1656642621249453e-01,-3.1618707652114608e-09,1.4677067784148277e+00,7.5948601963318263e-01,2.2999983367049377e+00,7.0000381777681231e-01
C,3.3800000000000000e+02,4.3218111601600911e-18,4.3218111601600911e-18,-2.9400037959703695e-09,2.9400037959703695e-09,-3.1656642613264729e-01,-2.9400037959703695e-09,1.4677067784176709e+00,7.5948601963504125e-01,2.2999983367049373e+00,7.0000381777681320e-01
C,3.3900000000000000e+02,3.7363816331939163e-18,3.7363816331939163e-18,-2.7336355401530454e-09,2.7336355401530454e-09,-3.1656642605835117e-01,-2.7336355401530454e-09,1.4677067784203148e+00,7.5948601963676943e-01,2.2999983367049368e+00,7.0000381777681397e-01
C,3.4000000000000000e+02,3.2303456640676383e-18,3.2303456640676383e-18,-2.5417890014978184e-09,2.5417890014978184e-09,-3.1656642598925089e-01,-2.5417890014978184e-09,1.4677067784227731e+00,7.5948601963837625e-01,2.2999983367049364e+00,7.0000381777681475e-01
C,3.4100000000000000e+02,2.7929308749292361e-18,2.7929308749292361e-18,-2.3634427748220332e-09,2.3634427748220332e-09,-3.1656642592508000e-01,-2.3634427748220332e-09,1.4677067784250588e+00,7.5948601963987039e-01,2.2999983367049359e+00,7.0000381777681542e-01
C,3.4200000000000000e+02,2.4146689400840433e-18,2.4146689400840433e-18,-2.1975754549430349e-09,2.1975754549430349e-09,-3.1656642586535000e-01,-2.1975754549430349e-09,1.4677067784271842e+00,7.5948601964125961e-01,2.2999983367049355e+00,7.0000381777681608e-01
C,3.4300000000000000e+02,2.0876258643537442e-18,2.0876258643537442e-18,-2.0433432723621081e-09,2.0433432723621081e-09,-3.1656642580983885e-01,-2.0433432723621081e-09,1.4677067784291604e+00,7.5948601964255136e-01,2.2999983367049350e+00,7.0000381777681664e-01
C,3.4400000000000000e+02,1.8048146741602838e-18,1.8048146741602838e-18,-1.8999024575805379e-09,1.8999024575805379e-09,-3.1656642575823568e-01,-1.8999024575805379e-09,1.4677067784309978e+00,7.5948601964375251e-01,2.2999983367049346e+00,7.0000381777681719e-01
C,3.4500000000000000e+02,1.5604145966119272e-18,1.5604145966119272e-18,-1.7665868767835491e-09,1.7665868767835491e-09,-3.1656642571022964e-01,-1.7665868767835491e-09,1.4677067784327062e+00,7.5948601964486928e-01,2.2999983367049341e+00,7.0000381777681775e-01
C,3.4600000000000000e+02,1.3491356774036060e-18,1.3491356774036060e-18,-1.6426415783143966e-09,1.6426415783143966e-09,-3.1656642566559867e-01,-1.6426415783143966e-09,1.4677067784342948e+00,7.5948601964590767e-01,2.2999983367049337e+00,7.0000381777681819e-01
C,3.4700000000000000e+02,1.1664082050557081e-18,1.1664082050557081e-18,-1.5273560194373204e-09,1.5273560194373204e-09,-3.1656642562407633e-01,-1.5273560194373204e-09,1.4677067784357718e+00,7.5948601964687323e-01,2.2999983367049333e+00,7.0000381777681864e-01
C,3.4800000000000000e+02,1.0084171072216978e-18,1.0084171072216978e-18,-1.4201528841795152e-09,1.4201528841795152e-09,-3.1656642558552939e-01,-1.4201528841795152e-09,1.4677067784371454e+00,7.5948601964777107e-01,2.2999983367049328e+00,7.0000381777681908e-01
C,3.4900000000000000e+02,8.7185915507870710e-19,8.7185915507870710e-19,-1.3204992654891612e-09,1.3204992654891612e-09,-3.1656642554960257e-01,-1.3204992654891612e-09,1.4677067784384223e+00,7.5948601964860585e-01,2.2999983367049324e+00,7.0000381777681953e-01
C,3.5000000000000000e+02,7.5376833318894647e-19,7.5376833318894647e-19,-1.2278178473934531e-09,1.2278178473934531e-09,-3.1656642551625147e-01,-1.2278178473934531e-09,1.4677067784396098e+00,7.5948601964938200e-01,2.2999983367049319e+00,7.0000381777681986e-01
C,3.5100000000000000e+02,6.5164826262163620e-19,6.5164826262163620e-19,-1.1416201317615560e-09,1.1416201317615560e-09,-3.1656642548525404e-01,-1.1416201317615560e-09,1.4677067784407138e+00,7.5948601965010376e-01,2.2999983367049319e+00,7.0000381777682019e-01
C,3.5200000000000000e+02,5.6339795928106374e-19,5.6339795928106374e-19,-1.0615064383046047e-09,1.0615064383046047e-09,-3.1656642545638825e-01,-1.0615064383046047e-09,1.4677067784417404e+00,7.5948601965077478e-01,2.2999983367049319e+00,7.0000381777682052e-01
C,3.5300000000000000e+02,4.8711675353510315e-19,4.8711675353510315e-19,-9.8703267781274917e-10,9.8703267781274917e-10,-3.1656642542956526e-01,-9.8703267781274917e-10,1.4677067784426949e+00,7.5948601965139872e-01,2.2999983367049319e+00,7.0000381777682086e-01
C,3.5400000000000000e+02,4.2113690073896086e-19,4.2113690073896086e-19,-9.1775476107613940e-10,9.1775476107613940e-10,-3.1656642540465185e-01,-9.1775476107613940e-10,1.4677067784435824e+00,7.5948601965197893e-01,2.2999983367049319e+00,7.0000381777682108e-01
C,3.5500000000000000e+02,3.6411320273654165e-19,3.6411320273654165e-19,-8.5336182564788032e-10,8.5336182564788032e-10,-3.1656642538142599e-01,-8.5336182564788032e-10,1.4677067784444078e+00,7.5948601965251838e-01,2.2999983367049319e+00,7.0000381777682130e-01
C,3.5600000000000000e+02,3.1478477679745259e-19,3.1478477679745259e-19,-7.9345419123910688e-10,7.9345419123910688e-10,-3.1656642535988766e-01,-7.9345419123910688e-10,1.4677067784451752e+00,7.5948601965301998e-01,2.2999983367049319e+00,7.0000381777682152e-01
C,3.5700000000000000e+02,2.7218166026023270e-19,2.7218166026023270e-19,-7.3780981324489403e-10,7.3780981324489403e-10,-3.1656642533985924e-01,-7.3780981324489403e-10,1.4677067784458886e+00,7.5948601965348639e-01,2.2999983367049319e+00,7.0000381777682175e-01
C,3.5800000000000000e+02,2.3528743740294091e-19,2.3528743740294091e-19,-6.8598460245539172e-10,6.8598460245539172e-10,-3.1656642532125190e-01,-6.8598460245539172e-10,1.4677067784465521e+00,7.5948601965392004e-01,2.2999983367049319e+00,7.0000381777682197e-01
C,3.5900000000000000e+02,2.0342333384575593e-19,2.0342333384575593e-19,-6.3784533210764494e-10,6.3784533210764494e-10,-3.1656642530388801e-01,-6.3784533210764494e-10,1.4677067784471689e+00,7.5948601965432327e-01,2.2999983367049319e+00,7.0000381777682219e-01
C,3.6000000000000000e+02,1.7587261916640177e-19,1.7587261916640177e-19,-5.9308113975475862e-10,5.9308113975475862e-10,-3.1656642528776757e-01,-5.9308113975475862e-10,1.4677067784477424e+00,7.5948601965469820e-01,2.2999983367049319e+00,7.0000381777682241e-01
C,3.6100000000000000e+02,1.5205956985725841e-19,1.5205956985725841e-19,-5.5146998079180776e-10,5.5146998079180776e-10,-3.1656642527280177e-01,-5.5146998079180776e-10,1.4677067784482758e+00,7.5948601965504681e-01,2.2999983367049319e+00,7.0000381777682252e-01
C,3.6200000000000000e+02,1.3145392347859761e-19,1.3145392347859761e-19,-5.1274540169288230e-10,5.1274540169288230e-10,-3.1656642525885736e-01,-5.1274540169288230e-10,1.4677067784487716e+00,7.5948601965537099e-01,2.2999983367049319e+00,7.0000381777682263e-01
C,3.6300000000000000e+02,1.1367798131760861e-19,1.1367798131760861e-19,-4.7681858461601223e-10,4.7681858461601223e-10,-3.1656642524588996e-01,-4.7681858461601223e-10,1.4677067784492328e+00,7.5948601965567242e-01,2.2999983367049319e+00,7.0000381777682275e-01
C,3.6400000000000000e+02,9.8252945233943635e-20,9.8252945233943635e-20,-4.4328984927233250e-10,4.4328984927233250e-10,-3.1656642523381073e-01,-4.4328984927233250e-10,1.4677067784496616e+00,7.5948601965595275e-01,2.2999983367049319e+00,7.0000381777682286e-01
C,3.6500000000000000e+02,8.4974212318920045e-20,8.4974212318920045e-20,-4.1224801350381313e-10,4.1224801350381313e-10,-3.1656642522261969e-01,-4.1224801350381313e-10,1.4677067784500601e+00,7.5948601965621332e-01,2.2999983367049319e+00,7.0000381777682297e-01
C,3.6600000000000000e+02,7.3456914100174743e-20,7.3456914100174743e-20,-3.8329339702158904e-10,3.8329339702158904e-10,-3.1656642521222800e-01,-3.8329339702158904e-10,1.4677067784504310e+00,7.5948601965645568e-01,2.2999983367049319e+00,7.0000381777682308e-01
C,3.6700000000000000e+02,6.3488093632038789e-20,6.3488093632038789e-20,-3.5633718198369024e-10,3.5633718198369024e-10,-3.1656642520250244e-01,-3.5633718198369024e-10,1.4677067784507756e+00,7.5948601965668094e-01,2.2999983367049319e+00,7.0000381777682319e-01
C,3.6800000000000000e+02,5.4906142897316346e-20,5.4906142897316346e-20,-3.3137936839011672e-10,3.3137936839011672e-10,-3.1656642519353184e-01,-3.3137936839011672e-10,1.4677067784510960e+00,7.5948601965689044e-01,2.2999983367049319e+00,7.0000381777682330e-01
C,3.6900000000000000e+02,4.7465606839271762e-20,4.7465606839271762e-20,-3.0810909379397344e-10,3.0810909379397344e-10,-3.1656642518513856e-01,-3.0810909379397344e-10,1.4677067784513940e+00,7.5948601965708518e-01,2.2999983367049319e+00,7.0000381777682341e-01
C,3.7000000000000000e+02,4.1035953629994250e-20,4.1035953629994250e-20,-2.8648194927427539e-10,2.8648194927427539e-10,-3.1656642517741140e-01,-2.8648194927427539e-10,1.4677067784516711e+00,7.5948601965726625e-01,2.2999983367049319e+00,7.0000381777682352e-01
C,3.7100000000000000e+02,3.5486908807443348e-20,3.5486908807443348e-20,-2.6640911698905256e-10,2.6640911698905256e-10,-3.1656642517012834e-01,-2.6640911698905256e-10,1.4677067784519287e+00,7.5948601965743467e-01,2.2999983367049319e+00,7.0000381777682363e-01
C,3.7200000000000000e+02,3.0669855907456074e-20,3.0669855907456074e-20,-2.4766855233337992e-10,2.4766855233337992e-10,-3.1656642516342259e-01,-2.4766855233337992e-10,1.4677067784521682e+00,7.5948601965759133e-01,2.2999983367049319e+00,7.0000381777682374e-01
C,3.7300000000000000e+02,2.6530347750354076e-20,2.6530347750354076e-20,-2.3034907314922748e-10,2.3034907314922748e-10,-3.1656642515711653e-01,-2.3034907314922748e-10,1.4677067784523909e+00,7.5948601965773688e-01,2.2999983367049319e+00,7.0000381777682386e-01
C,3.7400000000000000e+02,2.2927930610191146e-20,2.2927930610191146e-20,-2.1413981698970019e-10,2.1413981698970019e-10,-3.1656642515134337e-01,-2.1413981698970019e-10,1.4677067784525981e+00,7.5948601965787232e-01,2.2999983367049319e+00,7.0000381777682397e-01
C,3.7500000000000000e+02,1.9817456991285354e-20,1.9817456991285354e-20,-1.9908519277578307e-10,1.9908519277578307e-10,-3.1656642514592548e-01,-1.9908519277578307e-10,1.4677067784527906e+00,7.5948601965799822e-01,2.2999983367049319e+00,7.0000381777682408e-01
C,3.7600000000000000e+02,1.7138556354636268e-20,1.7138556354636268e-20,-1.8514079158649110e-10,1.8514079158649110e-10,-3.1656642514090727e-01,-1.8514079158649110e-10,1.4677067784529696e+00,7.5948601965811524e-01,2.2999983367049319e+00,7.0000381777682408e-01
C,3.7700000000000000e+02,1.4821837536792252e-20,1.4821837536792252e-20,-1.7217338665886928e-10,1.7217338665886928e-10,-3.1656642513624433e-01,-1.7217338665886928e-10,1.4677067784531361e+00,7.5948601965822404e-01,2.2999983367049319e+00,7.0000381777682408e-01
C,3.7800000000000000e+02,1.2815070057218625e-20,1.2815070057218625e-20,-1.6009416015094757e-10,1.6009416015094757e-10,-3.1656642513184785e-01,-1.6009416015094757e-10,1.4677067784532909e+00,7.5948601965832530e-01,2.2999983367049319e+00,7.0000381777682408e-01
C,3.7900000000000000e+02,1.1072847082210864e-20,1.1072847082210864e-20,-1.4881429422075598e-10,1.4881429422075598e-10,-3.1656642512785105e-01,-1.4881429422075598e-10,1.4677067784534348e+00,7.5948601965841944e-01,2.2999983367049319e+00,7.0000381777682408e-01
C,3.8000000000000000e+02,9.5742628117044805e-21,9.5742628117044805e-21,-1.3837819778927951e-10,1.3837819778927951e-10,-3.1656642512407629e-01,-1.3837819778927951e-10,1.4677067784535687e+00,7.5948601965850693e-01,2.2999983367049319e+00,7.0000381777682408e-01
C,3.8100000000000000e+02,8.2757514161325133e-21,8.2757514161325133e-21,-1.2865264409356314e-10,1.2865264409356314e-10,-3.1656642512056798e-01,-1.2865264409356314e-10,1.4677067784536930e+00,7.5948601965858831e-01,2.2999983367049319e+00,7.0000381777682408e-01
C,3.8200000000000000e+02,7.1618955951785491e-21,7.1618955951785491e-21,-1.1968204205459188e-10,1.1968204205459188e-10,-3.1656642511732613e-01,-1.1968204205459188e-10,1.4677067784538087e+00,7.5948601965866391e-01,2.2999983367049319e+00,7.0000381777682408e-01
C,3.8300000000000000e+02,6.1925936047256776e-21,6.1925936047256776e-21,-1.1128875598842569e-10,1.1128875598842569e-10,-3.1656642511435074e-01,-1.1128875598842569e-10,1.4677067784539164e+00,7.5948601965873430e-01,2.2999983367049319e+00,7.0000381777682408e-01
C,3.8400000000000000e+02,5.3487145817461579e-21,5.3487145817461579e-21,-1.0342837697407958e-10,1.0342837697407958e-10,-3.1656642511146416e-01,-1.0342837697407958e-10,1.4677067784540165e+00,7.5948601965879969e-01,2.2999983367049319e+00,7.0000381777682408e-01
C,3.8500000000000000e+02,4.6262313913188366e-21,4.6262313913188366e-21,-9.6189722853523563e-11,9.6189722853523563e-11,-3.1656642510888844e-01,-9.6189722853523563e-11,1.4677067784541096e+00,7.5948601965886053e-01,2.2999983367049319e+00,7.0000381777682408e-01
C,3.8600000000000000e+02,3.9957471318106527e-21,3.9957471318106527e-21,-8.9395157942817605e-11,8.9395157942817605e-11,-3.1656642510644595e-01,-8.9395157942817605e-11,1.4677067784541962e+00,7.5948601965891704e-01,2.2999983367049319e+00,7.0000381777682408e-01
C,3.8700000000000000e+02,3.4555894181025378e-21,3.4555894181025378e-21,-8.3133500083931722e-11,8.3133500083931722e-11,-3.1656642510422550e-01,-8.3133500083931722e-11,1.4677067784542766e+00,7.5948601965896956e-01,2.2999983367049319e+00,7.0000381777682408e-01
C,3.8800000000000000e+02,2.9888766268227621e-21,2.9888766268227621e-21,-7.7315931434895901e-11,7.7315931434895901e-11,-3.1656642510209387e-01,-7.7315931434895901e-11,1.4677067784543514e+00,7.5948601965901841e-01,2.2999983367049319e+00,7.0000381777682408e-01
C,3.8900000000000000e+02,2.5846642989875157e-21,2.5846642989875157e-21,-7.1898043074725138e-11,7.1898043074725138e-11,-3.1656642510013988e-01,-7.1898043074725138e-11,1.4677067784544209e+00,7.5948601965906382e-01,2.2999983367049319e+00,7.0000381777682408e-01
C,3.9000000000000000e+02,2.2334870898102778e-21,2.2334870898102778e-21,-6.6835426082434424e-11,6.6835426082434424e-11,-3.1656642509831912e-01,-6.6835426082434424e-11,1.4677067784544855e+00,7.5948601965910612e-01,2.2999983367049319e+00,7.0000381777682408e-01
C,3.9100000000000000e+02,1.9299491906993369e-21,1.9299491906993369e-21,-6.2128080458023760e-11,6.2128080458023760e-11,-3.1656642509663158e-01,-6.2128080458023760e-11,1.4677067784545457e+00,7.5948601965914542e-01,2.2999983367049319e+00,7.0000381777682408e-01
C,3.9200000000000000e+02,1.6716002024678501e-21,1.6716002024678501e-21,-5.7820415122478153e-11,5.7820415122478153e-11,-3.1656642509507726e-01,-5.7820415122478153e-11,1.4677067784546016e+00,7.5948601965918194e-01,2.2999983367049319e+00,7.0000381777682408e-01
C,3.9300000000000000e+02,1.4437140641676042e-21,1.4437140641676042e-21,-5.3734794391857577e-11,5.3734794391857577e-11,-3.1656642509356736e-01,-5.3734794391857577e-11,1.4677067784546536e+00,7.5948601965921592e-01,2.2999983367049319e+00,7.0000381777682408e-01
C,3.9400000000000000e+02,1.2480026039629288e-21,1.2480026039629288e-21,-4.9960036108132044e-11,4.9960036108132044e-11,-3.1656642509227950e-01,-4.9960036108132044e-11,1.4677067784547020e+00,7.5948601965924745e-01,2.2999983367049319e+00,7.0000381777682408e-01
C,3.9500000000000000e+02,1.0788816727209907e-21,1.0788816727209907e-21,-4.6451731350316550e-11,4.6451731350316550e-11,-3.1656642509099164e-01,-4.6451731350316550e-11,1.4677067784547468e+00,7.5948601965927687e-01,2.2999983367049319e+00,7.0000381777682408e-01
C,3.9600000000000000e+02,9.3354686992372911e-22,9.3354686992372911e-22,-4.3209880118411093e-11,4.3209880118411093e-11,-3.1656642508983701e-01,-4.3209880118411093e-11,1.4677067784547886e+00,7.5948601965930418e-01,2.2999983367049319e+00,7.0000381777682408e-01
C,3.9700000000000000e+02,8.0762100362329899e-22,8.0762100362329899e-22,-4.0190073491430667e-11,4.0190073491430667e-11,-3.1656642508868238e-01,-4.0190073491430667e-11,1.4677067784548274e+00,7.5948601965932960e-01,2.2999983367049319e+00,7.0000381777682408e-01
C,3.9800000000000000e+02,6.9743291238202806e-22,6.9743291238202806e-22,-3.7347902548390266e-11,3.7347902548390266e-11,-3.1656642508770538e-01,-3.7347902548390266e-11,1.4677067784548636e+00,7.5948601965935325e-01,2.2999983367049319e+00,7.0000381777682408e-01
C,3.9900000000000000e+02,6.0300922025546753e-22,6.0300922025546753e-22,-3.4727776210274897e-11,3.4727776210274897e-11,-3.1656642508672839e-01,-3.4727776210274897e-11,1.4677067784548972e+00,7.5948601965937523e-01,2.2999983367049319e+00,7.0000381777682408e-01
C,4.0000000000000000e+02,5.2116983171944519e-22,5.2116983171944519e-22,-3.2285285556099552e-11,3.2285285556099552e-11,-3.1656642508588462e-01,-3.2285285556099552e-11,1.4677067784549285e+00,7.5948601965939566e-01,2.2999983367049319e+00,7.0000381777682408e-01
C,4.0100000000000000e+02,4.5194728728630140e-22,4.5194728728630140e-22,-3.0064839506849239e-11,3.0064839506849239e-11,-3.1656642508508526e-01,-3.0064839506849239e-11,1.4677067784549576e+00,7.5948601965941465e-01,2.2999983367049319e+00,7.0000381777682408e-01
C,4.0200000000000000e+02,3.8889264905585440e-22,3.8889264905585440e-22,-2.7888802378583932e-11,2.7888802378583932e-11,-3.1656642508428590e-01,-2.7888802378583932e-11,1.4677067784549847e+00,7.5948601965943230e-01,2.2999983367049319e+00,7.0000381777682408e-01
C,4.0300000000000000e+02,3.3630718111382175e-22,3.3630718111382175e-22,-2.5934809855243657e-11,2.5934809855243657e-11,-3.1656642508357535e-01,-2.5934809855243657e-11,1.4677067784550097e+00,7.5948601965944873e-01,2.2999983367049319e+00,7.0000381777682408e-01
C,4.0400000000000000e+02,2.9181542605935669e-22,2.9181542605935669e-22,-2.4158453015843406e-11,2.4158453015843406e-11,-3.1656642508295363e-01,-2.4158453015843406e-11,1.4677067784550331e+00,7.5948601965946394e-01,2.2999983367049319e+00,7.0000381777682408e-01
C,4.0500000000000000e+02,2.5147406544248567e-22,2.5147406544248567e-22,-2.2426505097428162e-11,2.2426505097428162e-11,-3.1656642508233190e-01,-2.2426505097428162e-11,1.4677067784550548e+00,7.5948601965947815e-01,2.2999983367049319e+00,7.0000381777682408e-01
C,4.0600000000000000e+02,2.1782421745415188e-22,2.1782421745415188e-22,-2.0872192862952943e-11,2.0872192862952943e-11,-3.1656642508179900e-01,-2.0872192862952943e-11,1.4677067784550750e+00,7.5948601965949136e-01,2.2999983367049319e+00,7.0000381777682408e-01
C,4.0700000000000000e+02,1.8830997276143925e-22,1.8830997276143925e-22,-1.9406698470447736e-11,1.9406698470447736e-11,-3.1656642508122168e-01,-1.9406698470447736e-11,1.4677067784550939e+00,7.5948601965950369e-01,2.2999983367049319e+00,7.0000381777682408e-01
C,4.0800000000000000e+02,1.6334252511119423e-22,1.6334252511119423e-22,-1.8074430840897548e-11,1.8074430840897548e-11,-3.1656642508073318e-01,-1.8074430840897548e-11,1.4677067784551114e+00,7.5948601965951512e-01,2.2999983367049319e+00,7.0000381777682408e-01
C,4.0900000000000000e+02,1.4015001449769648e-22,1.4015001449769648e-22,-1.6742163211347361e-11,1.6742163211347361e-11,-3.1656642508028909e-01,-1.6742163211347361e-11,1.4677067784551276e+00,7.5948601965952578e-01,2.2999983367049319e+00,7.0000381777682408e-01
C,4.1000000000000000e+02,1.2148556548016734e-22,1.2148556548016734e-22,-1.5587531265737198e-11,1.5587531265737198e-11,-3.1656642507984500e-01,-1.5587531265737198e-11,1.4677067784551427e+00,7.5948601965953566e-01,2.2999983367049319e+00,7.0000381777682408e-01
C,4.1100000000000000e+02,1.0544013466797196e-22,1.0544013466797196e-22,-1.4521717162097048e-11,1.4521717162097048e-11,-3.1656642507944532e-01,-1.4521717162097048e-11,1.4677067784551567e+00,7.5948601965954488e-01,2.2999983367049319e+00,7.0000381777682408e-01
C,4.1200000000000000e+02,9.1129211771131284e-23,9.1129211771131284e-23,-1.3500311979441904e-11,1.3500311979441904e-11,-3.1656642507909005e-01,-1.3500311979441904e-11,1.4677067784551698e+00,7.5948601965955342e-01,2.2999983367049319e+00,7.0000381777682408e-01
C,4.1300000000000000e+02,7.8416718283494679e-23,7.8416718283494679e-23,-1.2523315717771766e-11,1.2523315717771766e-11,-3.1656642507877919e-01,-1.2523315717771766e-11,1.4677067784551820e+00,7.5948601965956131e-01,2.2999983367049319e+00,7.0000381777682408e-01
C,4.1400000000000000e+02,6.8205899941540207e-23,6.8205899941540207e-23,-1.1679546219056647e-11,1.1679546219056647e-11,-3.1656642507846833e-01,-1.1679546219056647e-11,1.4677067784551934e+00,7.5948601965956863e-01,2.2999983367049319e+00,7.0000381777682408e-01
C,4.1500000000000000e+02,5.8707028566547699e-23,5.8707028566547699e-23,-1.0835776720341528e-11,1.0835776720341528e-11,-3.1656642507815747e-01,-1.0835776720341528e-11,1.4677067784552038e+00,7.5948601965957552e-01,2.2999983367049319e+00,7.0000381777682408e-01
C,4.1600000000000000e+02,5.0811516981416897e-23,5.0811516981416897e-23,-1.0080825063596421e-11,1.0080825063596421e-11,-3.1656642507789101e-01,-1.0080825063596421e-11,1.4677067784552136e+00,7.5948601965958185e-01,2.2999983367049319e+00,7.0000381777682408e-01
C,4.1700000000000000e+02,4.3901095451680833e-23,4.3901095451680833e-23,-9.3702823278363212e-12,9.3702823278363212e-12,-3.1656642507766897e-01,-9.3702823278363212e-12,1.4677067784552227e+00,7.5948601965958773e-01,2.2999983367049319e+00,7.0000381777682408e-01
C,4.1800000000000000e+02,3.7881100668712987e-23,3.7881100668712987e-23,-8.7041485130612273e-12,8.7041485130612273e-12,-3.1656642507740251e-01,-8.7041485130612273e-12,1.4677067784552311e+00,7.5948601965959328e-01,2.2999983367049319e+00,7.0000381777682408e-01
C,4.1900000000000000e+02,3.3022703568683080e-23,3.3022703568683080e-23,-8.1268325402561459e-12,8.1268325402561459e-12,-3.1656642507718047e-01,-8.1268325402561459e-12,1.4677067784552389e+00,7.5948601965959839e-01,2.2999983367049319e+00,7.0000381777682408e-01
C,4.2000000000000000e+02,2.8497600201109051e-23,2.8497600201109051e-23,-7.5495165674510645e-12,7.5495165674510645e-12,-3.1656642507695842e-01,-7.5495165674510645e-12,1.4677067784552462e+00,7.5948601965960316e-01,2.2999983367049319e+00,7.0000381777682408e-01
C,4.2100000000000000e+02,2.4305790565990900e-23,2.4305790565990900e-23,-6.9722005946459831e-12,6.9722005946459831e-12,-3.1656642507678079e-01,-6.9722005946459831e-12,1.4677067784552531e+00,7.5948601965960760e-01,2.2999983367049319e+00,7.0000381777682408e-01
C,4.2200000000000000e+02,2.1019198819613860e-23,2.1019198819613860e-23,-6.4837024638109142e-12,6.4837024638109142e-12,-3.1656642507664756e-01,-6.4837024638109142e-12,1.4677067784552593e+00,7.5948601965961171e-01,2.2999983367049319e+00,7.0000381777682408e-01
C,4.2300000000000000e+02,1.8238464128709793e-23,1.8238464128709793e-23,-6.0396132539608516e-12,6.0396132539608516e-12,-3.1656642507646993e-01,-6.0396132539608516e-12,1.4677067784552651e+00,7.5948601965961549e-01,2.2999983367049319e+00,7.0000381777682408e-01
C,4.2400000000000000e+02,1.5904421925387124e-23,1.5904421925387124e-23,-5.6399329650957952e-12,5.6399329650957952e-12,-3.1656642507624788e-01,-5.6399329650957952e-12,1.4677067784552704e+00,7.5948601965961904e-01,2.2999983367049319e+00,7.0000381777682408e-01
C,4.2500000000000000e+02,1.3730124055371710e-23,1.3730124055371710e-23,-5.2402526762307389e-12,5.2402526762307389e-12,-3.1656642507611465e-01,-5.2402526762307389e-12,1.4677067784552755e+00,7.5948601965962237e-01,2.2999983367049319e+00,7.0000381777682408e-01
C,4.2600000000000000e+02,1.1715570518663552e-23,1.1715570518663552e-23,-4.8405723873656825e-12,4.8405723873656825e-12,-3.1656642507602584e-01,-4.8405723873656825e-12,1.4677067784552802e+00,7.5948601965962548e-01,2.2999983367049319e+00,7.0000381777682408e-01
C,4.2700000000000000e+02,1.0259136072399259e-23,1.0259136072399259e-23,-4.5297099404706387e-12,4.5297099404706387e-12,-3.1656642507589261e-01,-4.5297099404706387e-12,1.4677067784552846e+00,7.5948601965962836e-01,2.2999983367049319e+00,7.0000381777682408e-01
C,4.2800000000000000e+02,8.7129686981660754e-24,8.7129686981660754e-24,-4.1744385725905886e-12,4.1744385725905886e-12,-3.1656642507575938e-01,-4.1744385725905886e-12,1.4677067784552886e+00,7.5948601965963103e-01,2.2999983367049319e+00,7.0000381777682408e-01
C,4.2900000000000000e+02,7.6361735625393943e-24,7.6361735625393943e-24,-3.9079850466805510e-12,3.9079850466805510e-12,-3.1656642507567057e-01,-3.9079850466805510e-12,1.4677067784552924e+00,7.5948601965963347e-01,2.2999983367049319e+00,7.0000381777682408e-01
C,4.3000000000000000e+02,6.6303759083826042e-24,6.6303759083826042e-24,-3.6415315207705135e-12,3.6415315207705135e-12,-3.1656642507558175e-01,-3.6415315207705135e-12,1.4677067784552960e+00,7.5948601965963580e-01,2.2999983367049319e+00,7.0000381777682408e-01
C,4.3100000000000000e+02,5.6955757356957052e-24,5.6955757356957052e-24,-3.3750779948604759e-12,3.3750779948604759e-12,-3.1656642507549293e-01,-3.3750779948604759e-12,1.4677067784552993e+00,7.5948601965963791e-01,2.2999983367049319e+00,7.0000381777682408e-01
C,4.3200000000000000e+02,4.9708097790239006e-24,4.9708097790239006e-24,-3.1530333899354446e-12,3.1530333899354446e-12,-3.1656642507540411e-01,-3.1530333899354446e-12,1.4677067784553024e+00,7.5948601965963991e-01,2.2999983367049319e+00,7.0000381777682408e-01
C,4.3300000000000000e+02,4.2953476289284093e-24,4.2953476289284093e-24,-2.9309887850104133e-12,2.9309887850104133e-12,-3.1656642507531529e-01,-2.9309887850104133e-12,1.4677067784553053e+00,7.5948601965964180e-01,2.2999983367049319e+00,7.0000381777682408e-01
C,4.3400000000000000e+02,3.7904766495869617e-24,3.7904766495869617e-24,-2.7533531010703882e-12,2.7533531010703882e-12,-3.1656642507522648e-01,-2.7533531010703882e-12,1.4677067784553079e+00,7.5948601965964357e-01,2.2999983367049319e+00,7.0000381777682408e-01
C,4.3500000000000000e+02,3.2037613513288342e-24,3.2037613513288342e-24,-2.5313084961453569e-12,2.5313084961453569e-12,-3.1656642507518207e-01,-2.5313084961453569e-12,1.4677067784553104e+00,7.5948601965964524e-01,2.2999983367049319e+00,7.0000381777682408e-01
C,4.3600000000000000e+02,2.7698878534572777e-24,2.7698878534572777e-24,-2.3536728122053319e-12,2.3536728122053319e-12,-3.1656642507509325e-01,-2.3536728122053319e-12,1.4677067784553126e+00,7.5948601965964668e-01,2.2999983367049319e+00,7.0000381777682408e-01
C,4.3700000000000000e+02,2.3675687917945617e-24,2.3675687917945617e-24,-2.1760371282653068e-12,2.1760371282653068e-12,-3.1656642507504884e-01,-2.1760371282653068e-12,1.4677067784553148e+00,7.5948601965964802e-01,2.2999983367049319e+00,7.0000381777682408e-01
C,4.3800000000000000e+02,1.9968041663406861e-24,1.9968041663406861e-24,-1.9984014443252818e-12,1.9984014443252818e-12,-3.1656642507500443e-01,-1.9984014443252818e-12,1.4677067784553168e+00,7.5948601965964935e-01,2.2999983367049319e+00,7.0000381777682408e-01
C,4.3900000000000000e+02,1.9090433906348486e-24,1.9090433906348486e-24,-1.9539925233402755e-12,1.9539925233402755e-12,-3.1656642507496002e-01,-1.9539925233402755e-12,1.4677067784553186e+00,7.5948601965965057e-01,2.2999983367049319e+00,7.0000381777682408e-01
C,4.4000000000000000e+02,1.4998217960514487e-24,1.4998217960514487e-24,-1.7319479184152442e-12,1.7319479184152442e-12,-3.1656642507491561e-01,-1.7319479184152442e-12,1.4677067784553204e+00,7.5948601965965168e-01,2.2999983367049319e+00,7.0000381777682408e-01
C,4.4100000000000000e+02,1.3499382240594565e-24,1.3499382240594565e-24,-1.6431300764452317e-12,1.6431300764452317e-12,-3.1656642507482680e-01,-1.6431300764452317e-12,1.4677067784553219e+00,7.5948601965965268e-01,2.2999983367049319e+00,7.0000381777682408e-01
C,4.4200000000000000e+02,1.1399040080443621e-24,1.1399040080443621e-24,-1.5099033134902129e-12,1.5099033134902129e-12,-3.1656642507482680e-01,-1.5099033134902129e-12,1.4677067784553235e+00,7.5948601965965368e-01,2.2999983367049319e+00,7.0000381777682408e-01
C,4.4300000000000000e+02,1.0097419586828951e-24,1.0097419586828951e-24,-1.4210854715202004e-12,1.4210854715202004e-12,-3.1656642507478239e-01,-1.4210854715202004e-12,1.4677067784553248e+00,7.5948601965965457e-01,2.2999983367049319e+00,7.0000381777682408e-01
C,4.4400000000000000e+02,8.8746851837363828e-25,8.8746851837363828e-25,-1.3322676295501878e-12,1.3322676295501878e-12,-3.1656642507473798e-01,-1.3322676295501878e-12,1.4677067784553262e+00,7.5948601965965545e-01,2.2999983367049319e+00,7.0000381777682408e-01
C,4.4500000000000000e+02,7.7308368711659157e-25,7.7308368711659157e-25,-1.2434497875801753e-12,1.2434497875801753e-12,-3.1656642507473798e-01,-1.2434497875801753e-12,1.4677067784553273e+00,7.5948601965965623e-01,2.2999983367049319e+00,7.0000381777682408e-01
C,4.4600000000000000e+02,6.6658746491175498e-25,6.6658746491175498e-25,-1.1546319456101628e-12,1.1546319456101628e-12,-3.1656642507469357e-01,-1.1546319456101628e-12,1.4677067784553284e+00,7.5948601965965701e-01,2.2999983367049319e+00,7.0000381777682408e-01
C,4.4700000000000000e+02,5.6797985175912850e-25,5.6797985175912850e-25,-1.0658141036401503e-12,1.0658141036401503e-12,-3.1656642507464916e-01,-1.0658141036401503e-12,1.4677067784553295e+00,7.5948601965965767e-01,2.2999983367049319e+00,7.0000381777682408e-01
C,4.4800000000000000e+02,4.7726084765871214e-25,4.7726084765871214e-25,-9.7699626167013776e-13,9.7699626167013776e-13,-3.1656642507460475e-01,-9.7699626167013776e-13,1.4677067784553304e+00,7.5948601965965834e-01,2.2999983367049319e+00,7.0000381777682408e-01
C,4.4900000000000000e+02,4.3485957400308276e-25,4.3485957400308276e-25,-9.3258734068513149e-13,9.3258734068513149e-13,-3.1656642507456034e-01,-9.3258734068513149e-13,1.4677067784553313e+00,7.5948601965965890e-01,2.2999983367049319e+00,7.0000381777682408e-01
C,4.5000000000000000e+02,3.5597348348098158e-25,3.5597348348098158e-25,-8.4376949871511897e-13,8.4376949871511897e-13,-3.1656642507456034e-01,-8.4376949871511897e-13,1.4677067784553322e+00,7.5948601965965945e-01,2.2999983367049319e+00,7.0000381777682408e-01
C,4.5100000000000000e+02,2.8497600201109051e-25,2.8497600201109051e-25,-7.5495165674510645e-13,7.5495165674510645e-13,-3.1656642507451593e-01,-7.5495165674510645e-13,1.4677067784553328e+00,7.5948601965965989e-01,2.2999983367049319e+00,7.0000381777682408e-01
C,4.5200000000000000e+02,2.5243548967072378e-25,2.5243548967072378e-25,-7.1054273576010019e-13,7.1054273576010019e-13,-3.1656642507451593e-01,-7.1054273576010019e-13,1.4677067784553335e+00,7.5948601965966034e-01,2.2999983367049319e+00,7.0000381777682408e-01
C,4.5300000000000000e+02,2.2186712959340957e-25,2.2186712959340957e-25,-6.6613381477509392e-13,6.6613381477509392e-13,-3.1656642507451593e-01,-6.6613381477509392e-13,1.4677067784553341e+00,7.5948601965966078e-01,2.2999983367049319e+00,7.0000381777682408e-01
C,4.5400000000000000e+02,2.2186712959340957e-25,2.2186712959340957e-25,-6.6613381477509392e-13,6.6613381477509392e-13,-3.1656642507447152e-01,-6.6613381477509392e-13,1.4677067784553348e+00,7.5948601965966123e-01,2.2999983367049319e+00,7.0000381777682408e-01
C,4.5500000000000000e+02,1.6664686622793874e-25,1.6664686622793874e-25,-5.7731597280508140e-13,5.7731597280508140e-13,-3.1656642507447152e-01,-5.7731597280508140e-13,1.4677067784553355e+00,7.5948601965966167e-01,2.2999983367049319e+00,7.0000381777682408e-01
C,4.5600000000000000e+02,1.6664686622793874e-25,1.6664686622793874e-25,-5.7731597280508140e-13,5.7731597280508140e-13,-3.1656642507447152e-01,-5.7731597280508140e-13,1.4677067784553359e+00,7.5948601965966200e-01,2.2999983367049319e+00,7.0000381777682408e-01
C,4.5700000000000000e+02,1.4199496293978212e-25,1.4199496293978212e-25,-5.3290705182007514e-13,5.3290705182007514e-13,-3.1656642507447152e-01,-5.3290705182007514e-13,1.4677067784553364e+00,7.5948601965966234e-01,2.2999983367049319e+00,7.0000381777682408e-01
C,4.5800000000000000e+02,1.1931521191467804e-25,1.1931521191467804e-25,-4.8849813083506888e-13,4.8849813083506888e-13,-3.1656642507442712e-01,-4.8849813083506888e-13,1.4677067784553368e+00,7.5948601965966267e-01,2.2999983367049319e+00,7.0000381777682408e-01
C,4.5900000000000000e+02,9.8607613152626476e-26,9.8607613152626476e-26,-4.4408920985006262e-13,4.4408920985006262e-13,-3.1656642507442712e-01,-4.4408920985006262e-13,1.4677067784553373e+00,7.5948601965966300e-01,2.2999983367049319e+00,7.0000381777682408e-01
C,4.6000000000000000e+02,7.9872166653627445e-26,7.9872166653627445e-26,-3.9968028886505635e-13,3.9968028886505635e-13,-3.1656642507442712e-01,-3.9968028886505635e-13,1.4677067784553377e+00,7.5948601965966323e-01,2.2999983367049319e+00,7.0000381777682408e-01
C,4.6100000000000000e+02,6.3108872417680944e-26,6.3108872417680944e-26,-3.5527136788005009e-13,3.5527136788005009e-13,-3.1656642507438271e-01,-3.5527136788005009e-13,1.4677067784553381e+00,7.5948601965966345e-01,2.2999983367049319e+00,7.0000381777682408e-01
C,4.6200000000000000e+02,6.3108872417680944e-26,6.3108872417680944e-26,-3.5527136788005009e-13,3.5527136788005009e-13,-3.1656642507438271e-01,-3.5527136788005009e-13,1.4677067784553384e+00,7.5948601965966367e-01,2.2999983367049319e+00,7.0000381777682408e-01
C,4.6300000000000000e+02,4.8317730444786973e-26,4.8317730444786973e-26,-3.1086244689504383e-13,3.1086244689504383e-13,-3.1656642507433830e-01,-3.1086244689504383e-13,1.4677067784553386e+00,7.5948601965966389e-01,2.2999983367049319e+00,7.0000381777682408e-01
C,4.6400000000000000e+02,3.5498740734945531e-26,3.5498740734945531e-26,-2.6645352591003757e-13,2.6645352591003757e-13,-3.1656642507438271e-01,-2.6645352591003757e-13,1.4677067784553388e+00,7.5948601965966411e-01,2.2999983367049319e+00,7.0000381777682408e-01
C,4.6500000000000000e+02,4.8317730444786973e-26,4.8317730444786973e-26,-3.1086244689504383e-13,3.1086244689504383e-13,-3.1656642507438271e-01,-3.1086244689504383e-13,1.4677067784553390e+00,7.5948601965966422e-01,2.2999983367049319e+00,7.0000381777682408e-01
C,4.6600000000000000e+02,4.8317730444786973e-26,4.8317730444786973e-26,-3.1086244689504383e-13,3.1086244689504383e-13,-3.1656642507433830e-01,-3.1086244689504383e-13,1.4677067784553393e+00,7.5948601965966445e-01,2.2999983367049319e+00,7.0000381777682408e-01
C,4.6700000000000000e+02,3.5498740734945531e-26,3.5498740734945531e-26,-2.6645352591003757e-13,2.6645352591003757e-13,-3.1656642507433830e-01,-2.6645352591003757e-13,1.4677067784553395e+00,7.5948601965966467e-01,2.2999983367049319e+00,7.0000381777682408e-01
C,4.6800000000000000e+02,2.4651903288156619e-26,2.4651903288156619e-26,-2.2204460492503131e-13,2.2204460492503131e-13,-3.1656642507433830e-01,-2.2204460492503131e-13,1.4677067784553397e+00,7.5948601965966478e-01,2.2999983367049319e+00,7.0000381777682408e-01
C,4.6900000000000000e+02,2.4651903288156619e-26,2.4651903288156619e-26,-2.2204460492503131e-13,2.2204460492503131e-13,-3.1656642507433830e-01,-2.2204460492503131e-13,1.4677067784553399e+00,7.5948601965966489e-01,2.2999983367049319e+00,7.0000381777682408e-01
C,4.7000000000000000e+02,2.4651903288156619e-26,2.4651903288156619e-26,-2.2204460492503131e-13,2.2204460492503131e-13,-3.1656642507433830e-01,-2.2204460492503131e-13,1.4677067784553401e+00,7.5948601965966500e-01,2.2999983367049319e+00,7.0000381777682408e-01
C,4.7100000000000000e+02,1.5777218104420236e-26,1.5777218104420236e-26,-1.7763568394002505e-13,1.7763568394002505e-13,-3.1656642507433830e-01,-1.7763568394002505e-13,1.4677067784553404e+00,7.5948601965966511e-01,2.2999983367049319e+00,7.0000381777682408e-01
C,4.7200000000000000e+02,1.5777218104420236e-26,1.5777218104420236e-26,-1.7763568394002505e-13,1.7763568394002505e-13,-3.1656642507429389e-01,-1.7763568394002505e-13,1.4677067784553406e+00,7.5948601965966522e-01,2.2999983367049319e+00,7.0000381777682408e-01
C,4.7300000000000000e+02,8.8746851837363828e-27,8.8746851837363828e-27,-1.3322676295501878e-13,1.3322676295501878e-13,-3.1656642507433830e-01,-1.3322676295501878e-13,1.4677067784553408e+00,7.5948601965966533e-01,2.2999983367049319e+00,7.0000381777682408e-01
C,4.7400000000000000e+02,8.8746851837363828e-27,8.8746851837363828e-27,-1.3322676295501878e-13,1.3322676295501878e-13,-3.1656642507433830e-01,-1.3322676295501878e-13,1.4677067784553410e+00,7.5948601965966545e-01,2.2999983367049319e+00,7.0000381777682408e-01
C,4.7500000000000000e+02,8.8746851837363828e-27,8.8746851837363828e-27,-1.3322676295501878e-13,1.3322676295501878e-13,-3.1656642507429389e-01,-1.3322676295501878e-13,1.4677067784553413e+00,7.5948601965966556e-01,2.2999983367049319e+00,7.0000381777682408e-01
C,4.7600000000000000e+02,3.9443045261050590e-27,3.9443045261050590e-27,-8.8817841970012523e-14,8.8817841970012523e-14,-3.1656642507429389e-01,-8.8817841970012523e-14,1.4677067784553415e+00,7.5948601965966567e-01,2.2999983367049319e+00,7.0000381777682408e-01
C,4.7700000000000000e+02,8.8746851837363828e-27,8.8746851837363828e-27,-1.3322676295501878e-13,1.3322676295501878e-13,-3.1656642507429389e-01,-1.3322676295501878e-13,1.4677067784553415e+00,7.5948601965966567e-01,2.2999983367049319e+00,7.0000381777682408e-01
C,4.7800000000000000e+02,8.8746851837363828e-27,8.8746851837363828e-27,-1.3322676295501878e-13,1.3322676295501878e-13,-3.1656642507429389e-01,-1.3322676295501878e-13,1.4677067784553417e+00,7.5948601965966578e-01,2.2999983367049319e+00,7.0000381777682408e-01
C,4.7900000000000000e+02,3.9443045261050590e-27,3.9443045261050590e-27,-8.8817841970012523e-14,8.8817841970012523e-14,-3.1656642507424948e-01,-8.8817841970012523e-14,1.4677067784553419e+00,7.5948601965966589e-01,2.2999983367049319e+00,7.0000381777682408e-01
C,4.8000000000000000e+02,8.8746851837363828e-27,8.8746851837363828e-27,-1.3322676295501878e-13,1.3322676295501878e-13,-3.1656642507429389e-01,-1.3322676295501878e-13,1.4677067784553419e+00,7.5948601965966589e-01,2.2999983367049319e+00,7.0000381777682408e-01
C,4.8100000000000000e+02,3.9443045261050590e-27,3.9443045261050590e-27,-8.8817841970012523e-14,8.8817841970012523e-14,-3.1656642507429389e-01,-8.8817841970012523e-14,1.4677067784553421e+00,7.5948601965966600e-01,2.2999983367049319e+00,7.0000381777682408e-01
C,4.8200000000000000e+02,3.9443045261050590e-27,3.9443045261050590e-27,-8.8817841970012523e-14,8.8817841970012523e-14,-3.1656642507429389e-01,-8.8817841970012523e-14,1.4677067784553421e+00,7.5948601965966600e-01,2.2999983367049319e+00,7.0000381777682408e-01
C,4.8300000000000000e+02,3.9443045261050590e-27,3.9443045261050590e-27,-8.8817841970012523e-14,8.8817841970012523e-14,-3.1656642507429389e-01,-8.8817841970012523e-14,1.4677067784553421e+00,7.5948601965966600e-01,2.2999983367049319e+00,7.0000381777682408e-01
C,4.8400000000000000e+02,3.9443045261050590e-27,3.9443045261050590e-27,-8.8817841970012523e-14,8.8817841970012523e-14,-3.1656642507429389e-01,-8.8817841970012523e-14,1.4677067784553421e+00,7.5948601965966600e-01,2.2999983367049319e+00,7.0000381777682408e-01
C,4.8500000000000000e+02,3.9443045261050590e-27,3.9443045261050590e-27,-8.8817841970012523e-14,8.8817841970012523e-14,-3.1656642507429389e-01,-8.8817841970012523e-14,1.4677067784553421e+00,7.5948601965966600e-01,2.2999983367049319e+00,7.0000381777682408e-01
C,4.8600000000000000e+02,9.8607613152626476e-28,9.8607613152626476e-28,-4.4408920985006262e-14,4.4408920985006262e-14,-3.1656642507429389e-01,-4.4408920985006262e-14,1.4677067784553421e+00,7.5948601965966600e-01,2.2999983367049319e+00,7.0000381777682408e-01
C,4.8700000000000000e+02,3.9443045261050590e-27,3.9443045261050590e-27,-8.8817841970012523e-14,8.8817841970012523e-14,-3.1656642507424948e-01,-8.8817841970012523e-14,1.4677067784553421e+00,7.5948601965966600e-01,2.2999983367049319e+00,7.0000381777682408e-01
C,4.8800000000000000e+02,9.8607613152626476e-28,9.8607613152626476e-28,-4.4408920985006262e-14,4.4408920985006262e-14,-3.1656642507429389e-01,-4.4408920985006262e-14,1.4677067784553421e+00,7.5948601965966600e-01,2.2999983367049319e+00,7.0000381777682408e-01
C,4.8900000000000000e+02,9.8607613152626476e-28,9.8607613152626476e-28,-4.4408920985006262e-14,4.4408920985006262e-14,-3.1656642507429389e-01,-4.4408920985006262e-14,1.4677067784553421e+00,7.5948601965966600e-01,2.2999983367049319e+00,7.0000381777682408e-01
C,4.9000000000000000e+02,9.8607613152626476e-28,9.8607613152626476e-28,-4.4408920985006262e-14,4.4408920985006262e-14,-3.1656642507424948e-01,-4.4408920985006262e-14,1.4677067784553421e+00,7.5948601965966600e-01,2.2999983367049319e+00,7.0000381777682408e-01
C,4.9100000000000000e+02,9.8607613152626476e-28,9.8607613152626476e-28,-4.4408920985006262e-14,4.4408920985006262e-14,-3.1656642507424948e-01,-4.4408920985006262e-14,1.4677067784553421e+00,7.5948601965966600e-01,2.2999983367049319e+00,7.0000381777682408e-01
C,4.9200000000000000e+02,9.8607613152626476e-28,9.8607613152626476e-28,-4.4408920985006262e-14,4.4408920985006262e-14,-3.1656642507429389e-01,-4.4408920985006262e-14,1.4677067784553421e+00,7.5948601965966600e-01,2.2999983367049319e+00,7.0000381777682408e-01
C,4.9300000000000000e+02,9.8607613152626476e-28,9.8607613152626476e-28,-4.4408920985006262e-14,4.4408920985006262e-14,-3.1656642507424948e-01,-4.4408920985006262e-14,1.4677067784553421e+00,7.5948601965966600e-01,2.2999983367049319e+00,7.0000381777682408e-01
C,4.9400000000000000e+02,9.8607613152626476e-28,9.8607613152626476e-28,-4.4408920985006262e-14,4.4408920985006262e-14,-3.1656642507424948e-01,-4.4408920985006262e-14,1.4677067784553421e+00,7.5948601965966600e-01,2.2999983367049319e+00,7.0000381777682408e-01
C,4.9500000000000000e+02,0.0000000000000000e+00,0.0000000000000000e+00,0.0000000000000000e+00,0.0000000000000000e+00,-3.1656642507429389e-01,0.0000000000000000e+00,1.4677067784553421e+00,7.5948601965966600e-01,2.2999983367049319e+00,7.0000381777682408e-01
C,4.9600000000000000e+02,0.0000000000000000e+00,0.0000000000000000e+00,0.0000000000000000e+00,0.0000000000000000e+00,-3.1656642507429389e-01,0.0000000000000000e+00,1.4677067784553421e+00,7.5948601965966600e-01,2.2999983367049319e+00,7.0000381777682408e-01
C,4.9700000000000000e+02,0.0000000000000000e+00,0.0000000000000000e+00,0.0000000000000000e+00,0.0000000000000000e+00,-3.1656642507429389e-01,0.0000000000000000e+00,1.4677067784553421e+00,7.5948601965966600e-01,2.2999983367049319e+00,7.0000381777682408e-01
C,4.9800000000000000e+02,0.0000000000000000e+00,0.0000000000000000e+00,0.0000000000000000e+00,0.0000000000000000e+00,-3.1656642507429389e-01,0.0000000000000000e+00,1.4677067784553421e+00,7.5948601965966600e-01,2.2999983367049319e+00,7.0000381777682408e-01
C,4.9900000000000000e+02,0.0000000000000000e+00,0.0000000000000000e+00,0.0000000000000000e+00,0.0000000000000000e+00,-3.1656642507429389e-01,0.0000000000000000e+00,1.4677067784553421e+00,7.5948601965966600e-01,2.2999983367049319e+00,7.0000381777682408e-01
C,5.0000000000000000e+02,0.0000000000000000e+00,0.0000000000000000e+00,0.0000000000000000e+00,0.0000000000000000e+00,-3.1656642507429389e-01,0.0000000000000000e+00,1.4677067784553421e+00,7.5948601965966600e-01,2.2999983367049319e+00,7.0000381777682408e-01
C,5.0100000000000000e+02,0.0000000000000000e+00,0.0000000000000000e+00,0.0000000000000000e+00,0.0000000000000000e+00,-3.1656642507429389e-01,0.0000000000000000e+00,1.4677067784553421e+00,7.5948601965966600e-01,2.2999983367049319e+00,7.0000381777682408e-01
C,5.0200000000000000e+02,0.0000000000000000e+00,0.0000000000000000e+00,0.0000000000000000e+00,0.0000000000000000e+00,-3.1656642507429389e-01,0.0000000000000000e+00,1.4677067784553421e+00,7.5948601965966600e-01,2.2999983367049319e+00,7.0000381777682408e-01
C,5.0300000000000000e+02,0.0000000000000000e+00,0.0000000000000000e+00,0.0000000000000000e+00,0.0000000000000000e+00,-3.1656642507429389e-01,0.0000000000000000e+00,1.4677067784553421e+00,7.5948601965966600e-01,2.2999983367049319e+00,7.0000381777682408e-01
C,5.0400000000000000e+02,0.0000000000000000e+00,0.0000000000000000e+00,0.0000000000000000e+00,0.0000000000000000e+00,-3.1656642507429389e-01,0.0000000000000000e+00,1.4677067784553421e+00,7.5948601965966600e-01,2.2999983367049319e+00,7.0000381777682408e-01
C,5.0500000000000000e+02,0.0000000000000000e+00,0.0000000000000000e+00,0.0000000000000000e+00,0.0000000000000000e+00,-3.1656642507429389e-01,0.0000000000000000e+00,1.4677067784553421e+00,7.5948601965966600e-01,2.2999983367049319e+00,7.0000381777682408e-01
C,5.0600000000000000e+02,0.0000000000000000e+00,0.0000000000000000e+00,0.0000000000000000e+00,0.0000000000000000e+00,-3.1656642507429389e-01,0.0000000000000000e+00,1.4677067784553421e+00,7.5948601965966600e-01,2.2999983367049319e+00,7.0000381777682408e-01
C,5.0700000000000000e+02,0.0000000000000000e+00,0.0000000000000000e+00,0.0000000000000000e+00,0.0000000000000000e+00,-3.1656642507429389e-01,0.0000000000000000e+00,1.4677067784553421e+00,7.5948601965966600e-01,2.2999983367049319e+00,7.0000381777682408e-01
C,5.0800000000000000e+02,0.0000000000000000e+00,0.0000000000000000e+00,0.0000000000000000e+00,0.0000000000000000e+00,-3.1656642507429389e-01,0.0000000000000000e+00,1.4677067784553421e+00,7.5948601965966600e-01,2.2999983367049319e+00,7.0000381777682408e-01
C,5.0900000000000000e+02,0.0000000000000000e+00,0.0000000000000000e+00,0.0000000000000000e+00,0.0000000000000000e+00,-3.1656642507429389e-01,0.0000000000000000e+00,1.4677067784553421e+00,7.5948601965966600e-01,2.2999983367049319e+00,7.0000381777682408e-01
C,5.1000000000000000e+02,0.0000000000000000e+00,0.0000000000000000e+00,0.0000000000000000e+00,0.0000000000000000e+00,-3.1656642507429389e-01,0.0000000000000000e+00,1.4677067784553421e+00,7.5948601965966600e-01,2.2999983367049319e+00,7.0000381777682408e-01
C,5.1100000000000000e+02,0.0000000000000000e+00,0.0000000000000000e+00,0.0000000000000000e+00,0.0000000000000000e+00,-3.1656642507429389e-01,0.0000000000000000e+00,1.4677067784553421e+00,7.5948601965966600e-01,2.2999983367049319e+00,7.0000381777682408e-01
C,5.1200000000000000e+02,0.0000000000000000e+00,0.0000000000000000e+00,0.0000000000000000e+00,0.0000000000000000e+00,-3.1656642507429389e-01,0.0000000000000000e+00,1.4677067784553421e+00,7.5948601965966600e-01,2.2999983367049319e+00,7.0000381777682408e-01
C,5.1300000000000000e+02,0.0000000000000000e+00,0.0000000000000000e+00,0.0000000000000000e+00,0.0000000000000000e+00,-3.1656642507429389e-01,0.0000000000000000e+00,1.4677067784553421e+00,7.5948601965966600e-01,2.2999983367049319e+00,7.0000381777682408e-01
C,5.1400000000000000e+02,0.0000000000000000e+00,0.0000000000000000e+00,0.0000000000000000e+00,0.0000000000000000e+00,-3.1656642507429389e-01,0.0000000000000000e+00,1.4677067784553421e+00,7.5948601965966600e-01,2.2999983367049319e+00,7.0000381777682408e-01
C,5.1500000000000000e+02,0.0000000000000000e+00,0.0000000000000000e+00,0.0000000000000000e+00,0.0000000000000000e+00,-3.1656642507429389e-01,0.0000000000000000e+00,1.4677067784553421e+00,7.5948601965966600e-01,2.2999983367049319e+00,7.0000381777682408e-01
C,5.1600000000000000e+02,0.0000000000000000e+00,0.0000000000000000e+00,0.0000000000000000e+00,0.0000000000000000e+00,-3.1656642507429389e-01,0.0000000000000000e+00,1.4677067784553421e+00,7.5948601965966600e-01,2.2999983367049319e+00,7.0000381777682408e-01
C,5.1700000000000000e+02,0.0000000000000000e+00,0.0000000000000000e+00,0.0000000000000000e+00,0.0000000000000000e+00,-3.1656642507429389e-01,0.0000000000000000e+00,1.4677067784553421e+00,7.5948601965966600e-01,2.2999983367049319e+00,7.0000381777682408e-01
C,5.1800000000000000e+02,0.0000000000000000e+00,0.0000000000000000e+00,0.0000000000000000e+00,0.0000000000000000e+00,-3.1656642507429389e-01,0.0000000000000000e+00,1.4677067784553421e+00,7.5948601965966600e-01,2.2999983367049319e+00,7.0000381777682408e-01
C,5.1900000000000000e+02,0.0000000000000000e+00,0.0000000000000000e+00,0.0000000000000000e+00,0.0000000000000000e+00,-3.1656642507429389e-01,0.0000000000000000e+00,1.4677067784553421e+00,7.5948601965966600e-01,2.2999983367049319e+00,7.0000381777682408e-01
C,5.2000000000000000e+02,0.0000000000000000e+00,0.0000000000000000e+00,0.0000000000000000e+00,0.0000000000000000e+00,-3.1656642507429389e-01,0.0000000000000000e+00,1.4677067784553421e+00,7.5948601965966600e-01,2.2999983367049319e+00,7.0000381777682408e-01
C,5.2100000000000000e+02,0.0000000000000000e+00,0.0000000000000000e+00,0.0000000000000000e+00,0.0000000000000000e+00,-3.1656642507429389e-01,0.0000000000000000e+00,1.4677067784553421e+00,7.5948601965966600e-01,2.2999983367049319e+00,7.0000381777682408e-01
C,5.2200000000000000e+02,0.0000000000000000e+00,0.0000000000000000e+00,0.0000000000000000e+00,0.0000000000000000e+00,-3.1656642507429389e-01,0.0000000000000000e+00,1.4677067784553421e+00,7.5948601965966600e-01,2.2999983367049319e+00,7.0000381777682408e-01
C,5.2300000000000000e+02,0.0000000000000000e+00,0.0000000000000000e+00,0.0000000000000000e+00,0.0000000000000000e+00,-3.1656642507429389e-01,0.0000000000000000e+00,1.4677067784553421e+00,7.5948601965966600e-01,2.2999983367049319e+00,7.0000381777682408e-01
C,5.2400000000000000e+02,0.0000000000000000e+00,0.0000000000000000e+00,0.0000000000000000e+00,0.0000000000000000e+00,-3.1656642507429389e-01,0.0000000000000000e+00,1.4677067784553421e+00,7.5948601965966600e-01,2.2999983367049319e+00,7.0000381777682408e-01
C,5.2500000000000000e+02,0.0000000000000000e+00,0.0000000000000000e+00,0.0000000000000000e+00,0.0000000000000000e+00,-3.1656642507429389e-01,0.0000000000000000e+00,1.4677067784553421e+00,7.5948601965966600e-01,2.2999983367049319e+00,7.0000381777682408e-01
C,5.2600000000000000e+02,0.0000000000000000e+00,0.0000000000000000e+00,0.0000000000000000e+00,0.0000000000000000e+00,-3.1656642507429389e-01,0.0000000000000000e+00,1.4677067784553421e+00,7.5948601965966600e-01,2.2999983367049319e+00,7.0000381777682408e-01
C,5.2700000000000000e+02,0.0000000000000000e+00,0.0000000000000000e+00,0.0000000000000000e+00,0.0000000000000000e+00,-3.1656642507429389e-01,0.0000000000000000e+00,1.4677067784553421e+00,7.5948601965966600e-01,2.2999983367049319e+00,7.0000381777682408e-01
C,5.2800000000000000e+02,0.0000000000000000e+00,0.0000000000000000e+00,0.0000000000000000e+00,0.0000000000000000e+00,-3.1656642507429389e-01,0.0000000000000000e+00,1.4677067784553421e+00,7.5948601965966600e-01,2.2999983367049319e+00,7.0000381777682408e-01
C,5.2900000000000000e+02,0.0000000000000000e+00,0.0000000000000000e+00,0.0000000000000000e+00,0.0000000000000000e+00,-3.1656642507429389e-01,0.0000000000000000e+00,1.4677067784553421e+00,7.5948601965966600e-01,2.2999983367049319e+00,7.0000381777682408e-01
C,5.3000000000000000e+02,0.0000000000000000e+00,0.0000000000000000e+00,0.0000000000000000e+00,0.0000000000000000e+00,-3.1656642507429389e-01,0.0000000000000000e+00,1.4677067784553421e+00,7.5948601965966600e-01,2.2999983367049319e+00,7.0000381777682408e-01
C,5.3100000000000000e+02,0.0000000000000000e+00,0.0000000000000000e+00,0.0000000000000000e+00,0.0000000000000000e+00,-3.1656642507429389e-01,0.0000000000000000e+00,1.4677067784553421e+00,7.5948601965966600e-01,2.2999983367049319e+00,7.0000381777682408e-01
C,5.3200000000000000e+02,0.0000000000000000e+00,0.0000000000000000e+00,0.0000000000000000e+00,0.0000000000000000e+00,-3.1656642507429389e-01,0.0000000000000000e+00,1.4677067784553421e+00,7.5948601965966600e-01,2.2999983367049319e+00,7.0000381777682408e-01
C,5.3300000000000000e+02,0.0000000000000000e+00,0.0000000000000000e+00,0.0000000000000000e+00,0.0000000000000000e+00,-3.1656642507429389e-01,0.0000000000000000e+00,1.4677067784553421e+00,7.5948601965966600e-01,2.2999983367049319e+00,7.0000381777682408e-01
C,5.3400000000000000e+02,0.0000000000000000e+00,0.0000000000000000e+00,0.0000000000000000e+00,0.0000000000000000e+00,-3.1656642507429389e-01,0.0000000000000000e+00,1.4677067784553421e+00,7.5948601965966600e-01,2.2999983367049319e+00,7.0000381777682408e-01
C,5.3500000000000000e+02,0.0000000000000000e+00,0.0000000000000000e+00,0.0000000000000000e+00,0.0000000000000000e+00,-3.1656642507429389e-01,0.0000000000000000e+00,1.4677067784553421e+00,7.5948601965966600e-01,2.2999983367049319e+00,7.0000381777682408e-01
C,5.3600000000000000e+02,0.0000000000000000e+00,0.0000000000000000e+00,0.0000000000000000e+00,0.0000000000000000e+00,-3.1656642507429389e-01,0.0000000000000000e+00,1.4677067784553421e+00,7.5948601965966600e-01,2.2999983367049319e+00,7.0000381777682408e-01
C,5.3700000000000000e+02,0.0000000000000000e+00,0.0000000000000000e+00,0.0000000000000000e+00,0.0000000000000000e+00,-3.1656642507429389e-01,0.0000000000000000e+00,1.4677067784553421e+00,7.5948601965966600e-01,2.2999983367049319e+00,7.0000381777682408e-01
C,5.3800000000000000e+02,0.0000000000000000e+00,0.0000000000000000e+00,0.0000000000000000e+00,0.0000000000000000e+00,-3.1656642507429389e-01,0.0000000000000000e+00,1.4677067784553421e+00,7.5948601965966600e-01,2.2999983367049319e+00,7.0000381777682408e-01
C,5.3900000000000000e+02,0.0000000000000000e+00,0.0000000000000000e+00,0.0000000000000000e+00,0.0000000000000000e+00,-3.1656642507429389e-01,0.0000000000000000e+00,1.4677067784553421e+00,7.5948601965966600e-01,2.2999983367049319e+00,7.0000381777682408e-01
C,5.4000000000000000e+02,0.0000000000000000e+00,0.0000000000000000e+00,0.0000000000000000e+00,0.0000000000000000e+00,-3.1656642507429389e-01,0.0000000000000000e+00,1.4677067784553421e+00,7.5948601965966600e-01,2.2999983367049319e+00,7.0000381777682408e-01
C,5.4100000000000000e+02,0.0000000000000000e+00,0.0000000000000000e+00,0.0000000000000000e+00,0.0000000000000000e+00,-3.1656642507429389e-01,0.0000000000000000e+00,1.4677067784553421e+00,7.5948601965966600e-01,2.2999983367049319e+00,7.0000381777682408e-01
C,5.4200000000000000e+02,0.0000000000000000e+00,0.0000000000000000e+00,0.0000000000000000e+00,0.0000000000000000e+00,-3.1656642507429389e-01,0.0000000000000000e+00,1.4677067784553421e+00,7.5948601965966600e-01,2.2999983367049319e+00,7.0000381777682408e-01
C,5.4300000000000000e+02,0.0000000000000000e+00,0.0000000000000000e+00,0.0000000000000000e+00,0.0000000000000000e+00,-3.1656642507429389e-01,0.0000000000000000e+00,1.4677067784553421e+00,7.5948601965966600e-01,2.2999983367049319e+00,7.0000381777682408e-01
C,5.4400000000000000e+02,0.0000000000000000e+00,0.0000000000000000e+00,0.0000000000000000e+00,0.0000000000000000e+00,-3.1656642507429389e-01,0.0000000000000000e+00,1.4677067784553421e+00,7.5948601965966600e-01,2.2999983367049319e+00,7.0000381777682408e-01
C,5.4500000000000000e+02,0.0000000000000000e+00,0.0000000000000000e+00,0.0000000000000000e+00,0.0000000000000000e+00,-3.1656642507429389e-01,0.0000000000000000e+00,1.4677067784553421e+00,7.5948601965966600e-01,2.2999983367049319e+00,7.0000381777682408e-01
C,5.4600000000000000e+02,0.0000000000000000e+00,0.0000000000000000e+00,0.0000000000000000e+00,0.0000000000000000e+00,-3.1656642507429389e-01,0.0000000000000000e+00,1.4677067784553421e+00,7.5948601965966600e-01,2.2999983367049319e+00,7.0000381777682408e-01
C,5.4700000000000000e+02,0.0000000000000000e+00,0.0000000000000000e+00,0.0000000000000000e+00,0.0000000000000000e+00,-3.1656642507429389e-01,0.0000000000000000e+00,1.4677067784553421e+00,7.5948601965966600e-01,2.2999983367049319e+00,7.0000381777682408e-01
C,5.4800000000000000e+02,0.0000000000000000e+00,0.0000000000000000e+00,0.0000000000000000e+00,0.0000000000000000e+00,-3.1656642507429389e-01,0.0000000000000000e+00,1.4677067784553421e+00,7.5948601965966600e-01,2.2999983367049319e+00,7.0000381777682408e-01
C,5.4900000000000000e+02,0.0000000000000000e+00,0.0000000000000000e+00,0.0000000000000000e+00,0.0000000000000000e+00,-3.1656642507429389e-01,0.0000000000000000e+00,1.4677067784553421e+00,7.5948601965966600e-01,2.2999983367049319e+00,7.0000381777682408e-01
C,5.5000000000000000e+02,0.0000000000000000e+00,0.0000000000000000e+00,0.0000000000000000e+00,0.0000000000000000e+00,-3.1656642507429389e-01,0.0000000000000000e+00,1.4677067784553421e+00,7.5948601965966600e-01,2.2999983367049319e+00,7.0000381777682408e-01
C,5.5100000000000000e+02,0.0000000000000000e+00,0.0000000000000000e+00,0.0000000000000000e+00,0.0000000000000000e+00,-3.1656642507429389e-01,0.0000000000000000e+00,1.4677067784553421e+00,7.5948601965966600e-01,2.2999983367049319e+00,7.0000381777682408e-01
C,5.5200000000000000e+02,0.0000000000000000e+00,0.0000000000000000e+00,0.0000000000000000e+00,0.0000000000000000e+00,-3.1656642507429389e-01,0.0000000000000000e+00,1.4677067784553421e+00,7.5948601965966600e-01,2.2999983367049319e+00,7.0000381777682408e-01
C,5.5300000000000000e+02,0.0000000000000000e+00,0.0000000000000000e+00,0.0000000000000000e+00,0.0000000000000000e+00,-3.1656642507429389e-01,0.0000000000000000e+00,1.4677067784553421e+00,7.5948601965966600e-01,2.2999983367049319e+00,7.0000381777682408e-01
C,5.5400000000000000e+02,0.0000000000000000e+00,0.0000000000000000e+00,0.0000000000000000e+00,0.0000000000000000e+00,-3.1656642507429389e-01,0.0000000000000000e+00,1.4677067784553421e+00,7.5948601965966600e-01,2.2999983367049319e+00,7.0000381777682408e-01
C,5.5500000000000000e+02,0.0000000000000000e+00,0.0000000000000000e+00,0.0000000000000000e+00,0.0000000000000000e+00,-3.1656642507429389e-01,0.0000000000000000e+00,1.4677067784553421e+00,7.5948601965966600e-01,2.2999983367049319e+00,7.0000381777682408e-01
C,5.5600000000000000e+02,0.0000000000000000e+00,0.0000000000000000e+00,0.0000000000000000e+00,0.0000000000000000e+00,-3.1656642507429389e-01,0.0000000000000000e+00,1.4677067784553421e+00,7.5948601965966600e-01,2.2999983367049319e+00,7.0000381777682408e-01
C,5.5700000000000000e+02,0.0000000000000000e+00,0.0000000000000000e+00,0.0000000000000000e+00,0.0000000000000000e+00,-3.1656642507429389e-01,0.0000000000000000e+00,1.4677067784553421e+00,7.5948601965966600e-01,2.2999983367049319e+00,7.0000381777682408e-01
C,5.5800000000000000e+02,0.0000000000000000e+00,0.0000000000000000e+00,0.0000000000000000e+00,0.0000000000000000e+00,-3.1656642507429389e-01,0.0000000000000000e+00,1.4677067784553421e+00,7.5948601965966600e-01,2.2999983367049319e+00,7.0000381777682408e-01
C,5.5900000000000000e+02,0.0000000000000000e+00,0.0000000000000000e+00,0.0000000000000000e+00,0.0000000000000000e+00,-3.1656642507429389e-01,0.0000000000000000e+00,1.4677067784553421e+00,7.5948601965966600e-01,2.2999983367049319e+00,7.0000381777682408e-01
C,5.6000000000000000e+02,0.0000000000000000e+00,0.0000000000000000e+00,0.0000000000000000e+00,0.0000000000000000e+00,-3.1656642507429389e-01,0.0000000000000000e+00,1.4677067784553421e+00,7.5948601965966600e-01,2.2999983367049319e+00,7.0000381777682408e-01
C,5.6100000000000000e+02,0.0000000000000000e+00,0.0000000000000000e+00,0.0000000000000000e+00,0.0000000000000000e+00,-3.1656642507429389e-01,0.0000000000000000e+00,1.4677067784553421e+00,7.5948601965966600e-01,2.2999983367049319e+00,7.0000381777682408e-01
C,5.6200000000000000e+02,0.0000000000000000e+00,0.0000000000000000e+00,0.0000000000000000e+00,0.0000000000000000e+00,-3.1656642507429389e-01,0.0000000000000000e+00,1.4677067784553421e+00,7.5948601965966600e-01,2.2999983367049319e+00,7.0000381777682408e-01
C,5.6300000000000000e+02,0.0000000000000000e+00,0.0000000000000000e+00,0.0000000000000000e+00,0.0000000000000000e+00,-3.1656642507429389e-01,0.0000000000000000e+00,1.4677067784553421e+00,7.5948601965966600e-01,2.2999983367049319e+00,7.0000381777682408e-01
C,5.6400000000000000e+02,0.0000000000000000e+00,0.0000000000000000e+00,0.0000000000000000e+00,0.0000000000000000e+00,-3.1656642507429389e-01,0.0000000000000000e+00,1.4677067784553421e+00,7.5948601965966600e-01,2.2999983367049319e+00,7.0000381777682408e-01
C,5.6500000000000000e+02,0.0000000000000000e+00,0.0000000000000000e+00,0.0000000000000000e+00,0.0000000000000000e+00,-3.1656642507429389e-01,0.0000000000000000e+00,1.4677067784553421e+00,7.5948601965966600e-01,2.2999983367049319e+00,7.0000381777682408e-01
C,5.6600000000000000e+02,0.0000000000000000e+00,0.0000000000000000e+00,0.0000000000000000e+00,0.0000000000000000e+00,-3.1656642507429389e-01,0.0000000000000000e+00,1.4677067784553421e+00,7.5948601965966600e-01,2.2999983367049319e+00,7.0000381777682408e-01
C,5.6700000000000000e+02,0.0000000000000000e+00,0.0000000000000000e+00,0.0000000000000000e+00,0.0000000000000000e+00,-3.1656642507429389e-01,0.0000000000000000e+00,1.4677067784553421e+00,7.5948601965966600e-01,2.2999983367049319e+00,7.0000381777682408e-01
C,5.6800000000000000e+02,0.0000000000000000e+00,0.0000000000000000e+00,0.0000000000000000e+00,0.0000000000000000e+00,-3.1656642507429389e-01,0.0000000000000000e+00,1.4677067784553421e+00,7.5948601965966600e-01,2.2999983367049319e+00,7.0000381777682408e-01
C,5.6900000000000000e+02,0.0000000000000000e+00,0.0000000000000000e+00,0.0000000000000000e+00,0.0000000000000000e+00,-3.1656642507429389e-01,0.0000000000000000e+00,1.4677067784553421e+00,7.5948601965966600e-01,2.2999983367049319e+00,7.0000381777682408e-01
C,5.7000000000000000e+02,0.0000000000000000e+00,0.0000000000000000e+00,0.0000000000000000e+00,0.0000000000000000e+00,-3.1656642507429389e-01,0.0000000000000000e+00,1.4677067784553421e+00,7.5948601965966600e-01,2.2999983367049319e+00,7.0000381777682408e-01
C,5.7100000000000000e+02,0.0000000000000000e+00,0.0000000000000000e+00,0.0000000000000000e+00,0.0000000000000000e+00,-3.1656642507429389e-01,0.0000000000000000e+00,1.4677067784553421e+00,7.5948601965966600e-01,2.2999983367049319e+00,7.0000381777682408e-01
C,5.7200000000000000e+02,0.0000000000000000e+00,0.0000000000000000e+00,0.0000000000000000e+00,0.0000000000000000e+00,-3.1656642507429389e-01,0.0000000000000000e+00,1.4677067784553421e+00,7.5948601965966600e-01,2.2999983367049319e+00,7.0000381777682408e-01
C,5.7300000000000000e+02,0.0000000000000000e+00,0.0000000000000000e+00,0.0000000000000000e+00,0.0000000000000000e+00,-3.1656642507429389e-01,0.0000000000000000e+00,1.4677067784553421e+00,7.5948601965966600e-01,2.2999983367049319e+00,7.0000381777682408e-01
C,5.7400000000000000e+02,0.0000000000000000e+00,0.0000000000000000e+00,0.0000000000000000e+00,0.0000000000000000e+00,-3.1656642507429389e-01,0.0000000000000000e+00,1.4677067784553421e+00,7.5948601965966600e-01,2.2999983367049319e+00,7.0000381777682408e-01
C,5.7500000000000000e+02,0.0000000000000000e+00,0.0000000000000000e+00,0.0000000000000000e+00,0.0000000000000000e+00,-3.1656642507429389e-01,0.0000000000000000e+00,1.4677067784553421e+00,7.5948601965966600e-01,2.2999983367049319e+00,7.0000381777682408e-01
C,5.7600000000000000e+02,0.0000000000000000e+00,0.0000000000000000e+00,0.0000000000000000e+00,0.0000000000000000e+00,-3.1656642507429389e-01,0.0000000000000000e+00,1.4677067784553421e+00,7.5948601965966600e-01,2.2999983367049319e+00,7.0000381777682408e-01
C,5.7700000000000000e+02,0.0000000000000000e+00,0.0000000000000000e+00,0.0000000000000000e+00,0.0000000000000000e+00,-3.1656642507429389e-01,0.0000000000000000e+00,1.4677067784553421e+00,7.5948601965966600e-01,2.2999983367049319e+00,7.0000381777682408e-01
C,5.7800000000000000e+02,0.0000000000000000e+00,0.0000000000000000e+00,0.0000000000000000e+00,0.0000000000000000e+00,-3.1656642507429389e-01,0.0000000000000000e+00,1.4677067784553421e+00,7.5948601965966600e-01,2.2999983367049319e+00,7.0000381777682408e-01
C,5.7900000000000000e+02,0.0000000000000000e+00,0.0000000000000000e+00,0.0000000000000000e+00,0.0000000000000000e+00,-3.1656642507429389e-01,0.0000000000000000e+00,1.4677067784553421e+00,7.5948601965966600e-01,2.2999983367049319e+00,7.0000381777682408e-01
C,5.8000000000000000e+02,0.0000000000000000e+00,0.0000000000000000e+00,0.0000000000000000e+00,0.0000000000000000e+00,-3.1656642507429389e-01,0.0000000000000000e+00,1.4677067784553421e+00,7.5948601965966600e-01,2.2999983367049319e+00,7.0000381777682408e-01
C,5.8100000000000000e+02,0.0000000000000000e+00,0.0000000000000000e+00,0.0000000000000000e+00,0.0000000000000000e+00,-3.1656642507429389e-01,0.0000000000000000e+00,1.4677067784553421e+00,7.5948601965966600e-01,2.2999983367049319e+00,7.0000381777682408e-01
C,5.8200000000000000e+02,0.0000000000000000e+00,0.0000000000000000e+00,0.0000000000000000e+00,0.0000000000000000e+00,-3.1656642507429389e-01,0.0000000000000000e+00,1.4677067784553421e+00,7.5948601965966600e-01,2.2999983367049319e+00,7.0000381777682408e-01
C,5.8300000000000000e+02,0.0000000000000000e+00,0.0000000000000000e+00,0.0000000000000000e+00,0.0000000000000000e+00,-3.1656642507429389e-01,0.0000000000000000e+00,1.4677067784553421e+00,7.5948601965966600e-01,2.2999983367049319e+00,7.0000381777682408e-01
C,5.8400000000000000e+02,0.0000000000000000e+00,0.0000000000000000e+00,0.0000000000000000e+00,0.0000000000000000e+00,-3.1656642507429389e-01,0.0000000000000000e+00,1.4677067784553421e+00,7.5948601965966600e-01,2.2999983367049319e+00,7.0000381777682408e-01
C,5.8500000000000000e+02,0.0000000000000000e+00,0.0000000000000000e+00,0.0000000000000000e+00,0.0000000000000000e+00,-3.1656642507429389e-01,0.0000000000000000e+00,1.4677067784553421e+00,7.5948601965966600e-01,2.2999983367049319e+00,7.0000381777682408e-01
C,5.8600000000000000e+02,0.0000000000000000e+00,0.0000000000000000e+00,0.0000000000000000e+00,0.0000000000000000e+00,-3.1656642507429389e-01,0.0000000000000000e+00,1.4677067784553421e+00,7.5948601965966600e-01,2.2999983367049319e+00,7.0000381777682408e-01
C,5.8700000000000000e+02,0.0000000000000000e+00,0.0000000000000000e+00,0.0000000000000000e+00,0.0000000000000000e+00,-3.1656642507429389e-01,0.0000000000000000e+00,1.4677067784553421e+00,7.5948601965966600e-01,2.2999983367049319e+00,7.0000381777682408e-01
C,5.8800000000000000e+02,0.0000000000000000e+00,0.0000000000000000e+00,0.0000000000000000e+00,0.0000000000000000e+00,-3.1656642507429389e-01,0.0000000000000000e+00,1.4677067784553421e+00,7.5948601965966600e-01,2.2999983367049319e+00,7.0000381777682408e-01
C,5.8900000000000000e+02,0.0000000000000000e+00,0.0000000000000000e+00,0.0000000000000000e+00,0.0000000000000000e+00,-3.1656642507429389e-01,0.0000000000000000e+00,1.4677067784553421e+00,7.5948601965966600e-01,2.2999983367049319e+00,7.0000381777682408e-01
C,5.9000000000000000e+02,0.0000000000000000e+00,0.0000000000000000e+00,0.0000000000000000e+00,0.0000000000000000e+00,-3.1656642507429389e-01,0.0000000000000000e+00,1.4677067784553421e+00,7.5948601965966600e-01,2.2999983367049319e+00,7.0000381777682408e-01
C,5.9100000000000000e+02,0.0000000000000000e+00,0.0000000000000000e+00,0.0000000000000000e+00,0.0000000000000000e+00,-3.1656642507429389e-01,0.0000000000000000e+00,1.4677067784553421e+00,7.5948601965966600e-01,2.2999983367049319e+00,7.0000381777682408e-01
C,5.9200000000000000e+02,0.0000000000000000e+00,0.0000000000000000e+00,0.0000000000000000e+00,0.0000000000000000e+00,-3.1656642507429389e-01,0.0000000000000000e+00,1.4677067784553421e+00,7.5948601965966600e-01,2.2999983367049319e+00,7.0000381777682408e-01
C,5.9300000000000000e+02,0.0000000000000000e+00,0.0000000000000000e+00,0.0000000000000000e+00,0.0000000000000000e+00,-3.1656642507429389e-01,0.0000000000000000e+00,1.4677067784553421e+00,7.5948601965966600e-01,2.2999983367049319e+00,7.0000381777682408e-01
C,5.9400000000000000e+02,0.0000000000000000e+00,0.0000000000000000e+00,0.0000000000000000e+00,0.0000000000000000e+00,-3.1656642507429389e-01,0.0000000000000000e+00,1.4677067784553421e+00,7.5948601965966600e-01,2.2999983367049319e+00,7.0000381777682408e-01
C,5.9500000000000000e+02,0.0000000000000000e+00,0.0000000000000000e+00,0.0000000000000000e+00,0.0000000000000000e+00,-3.1656642507429389e-01,0.0000000000000000e+00,1.4677067784553421e+00,7.5948601965966600e-01,2.2999983367049319e+00,7.0000381777682408e-01
C,5.9600000000000000e+02,0.0000000000000000e+00,0.0000000000000000e+00,0.0000000000000000e+00,0.0000000000000000e+00,-3.1656642507429389e-01,0.0000000000000000e+00,1.4677067784553421e+00,7.5948601965966600e-01,2.2999983367049319e+00,7.0000381777682408e-01
C,5.9700000000000000e+02,0.0000000000000000e+00,0.0000000000000000e+00,0.0000000000000000e+00,0.0000000000000000e+00,-3.1656642507429389e-01,0.0000000000000000e+00,1.4677067784553421e+00,7.5948601965966600e-01,2.2999983367049319e+00,7.0000381777682408e-01
C,5.9800000000000000e+02,0.0000000000000000e+00,0.0000000000000000e+00,0.0000000000000000e+00,0.0000000000000000e+00,-3.1656642507429389e-01,0.0000000000000000e+00,1.4677067784553421e+00,7.5948601965966600e-01,2.2999983367049319e+00,7.0000381777682408e-01
C,5.9900000000000000e+02,0.0000000000000000e+00,0.0000000000000000e+00,0.0000000000000000e+00,0.0000000000000000e+00,-3.1656642507429389e-01,0.0000000000000000e+00,1.4677067784553421e+00,7.5948601965966600e-01,2.2999983367049319e+00,7.0000381777682408e-01
C,6.0000000000000000e+02,0.0000000000000000e+00,0.0000000000000000e+00,0.0000000000000000e+00,0.0000000000000000e+00,-3.1656642507429389e-01,0.0000000000000000e+00,1.4677067784553421e+00,7.5948601965966600e-01,2.2999983367049319e+00,7.0000381777682408e-01
C,6.0100000000000000e+02,0.0000000000000000e+00,0.0000000000000000e+00,0.0000000000000000e+00,0.0000000000000000e+00,-3.1656642507429389e-01,0.0000000000000000e+00,1.4677067784553421e+00,7.5948601965966600e-01,2.2999983367049319e+00,7.0000381777682408e-01
C,6.0200000000000000e+02,0.0000000000000000e+00,0.0000000000000000e+00,0.0000000000000000e+00,0.0000000000000000e+00,-3.1656642507429389e-01,0.0000000000000000e+00,1.4677067784553421e+00,7.5948601965966600e-01,2.2999983367049319e+00,7.0000381777682408e-01
C,6.0300000000000000e+02,0.0000000000000000e+00,0.0000000000000000e+00,0.0000000000000000e+00,0.0000000000000000e+00,-3.1656642507429389e-01,0.0000000000000000e+00,1.4677067784553421e+00,7.5948601965966600e-01,2.2999983367049319e+00,7.0000381777682408e-01
C,6.0400000000000000e+02,0.0000000000000000e+00,0.0000000000000000e+00,0.0000000000000000e+00,0.0000000000000000e+00,-3.1656642507429389e-01,0.0000000000000000e+00,1.4677067784553421e+00,7.5948601965966600e-01,2.2999983367049319e+00,7.0000381777682408e-01
C,6.0500000000000000e+02,0.0000000000000000e+00,0.0000000000000000e+00,0.0000000000000000e+00,0.0000000000000000e+00,-3.1656642507429389e-01,0.0000000000000000e+00,1.4677067784553421e+00,7.5948601965966600e-01,2.2999983367049319e+00,7.0000381777682408e-01
C,6.0600000000000000e+02,0.0000000000000000e+00,0.0000000000000000e+00,0.0000000000000000e+00,0.0000000000000000e+00,-3.1656642507429389e-01,0.0000000000000000e+00,1.4677067784553421e+00,7.5948601965966600e-01,2.2999983367049319e+00,7.0000381777682408e-01
C,6.0700000000000000e+02,0.0000000000000000e+00,0.0000000000000000e+00,0.0000000000000000e+00,0.0000000000000000e+00,-3.1656642507429389e-01,0.0000000000000000e+00,1.4677067784553421e+00,7.5948601965966600e-01,2.2999983367049319e+00,7.0000381777682408e-01
C,6.0800000000000000e+02,0.0000000000000000e+00,0.0000000000000000e+00,0.0000000000000000e+00,0.0000000000000000e+00,-3.1656642507429389e-01,0.0000000000000000e+00,1.4677067784553421e+00,7.5948601965966600e-01,2.2999983367049319e+00,7.0000381777682408e-01
C,6.0900000000000000e+02,0.0000000000000000e+00,0.0000000000000000e+00,0.0000000000000000e+00,0.0000000000000000e+00,-3.1656642507429389e-01,0.0000000000000000e+00,1.4677067784553421e+00,7.5948601965966600e-01,2.2999983367049319e+00,7.0000381777682408e-01
C,6.1000000000000000e+02,0.0000000000000000e+00,0.0000000000000000e+00,0.0000000000000000e+00,0.0000000000000000e+00,-3.1656642507429389e-01,0.0000000000000000e+00,1.4677067784553421e+00,7.5948601965966600e-01,2.2999983367049319e+00,7.0000381777682408e-01
C,6.1100000000000000e+02,0.0000000000000000e+00,0.0000000000000000e+00,0.0000000000000000e+00,0.0000000000000000e+00,-3.1656642507429389e-01,0.0000000000000000e+00,1.4677067784553421e+00,7.5948601965966600e-01,2.2999983367049319e+00,7.0000381777682408e-01
C,6.1200000000000000e+02,0.0000000000000000e+00,0.0000000000000000e+00,0.0000000000000000e+00,0.0000000000000000e+00,-3.1656642507429389e-01,0.0000000000000000e+00,1.4677067784553421e+00,7.5948601965966600e-01,2.2999983367049319e+00,7.0000381777682408e-01
C,6.1300000000000000e+02,0.0000000000000000e+00,0.0000000000000000e+00,0.0000000000000000e+00,0.0000000000000000e+00,-3.1656642507429389e-01,0.0000000000000000e+00,1.4677067784553421e+00,7.5948601965966600e-01,2.2999983367049319e+00,7.0000381777682408e-01
C,6.1400000000000000e+02,0.0000000000000000e+00,0.0000000000000000e+00,0.0000000000000000e+00,0.0000000000000000e+00,-3.1656642507429389e-01,0.0000000000000000e+00,1.4677067784553421e+00,7.5948601965966600e-01,2.2999983367049319e+00,7.0000381777682408e-01
C,6.1500000000000000e+02,0.0000000000000000e+00,0.0000000000000000e+00,0.0000000000000000e+00,0.0000000000000000e+00,-3.1656642507429389e-01,0.0000000000000000e+00,1.4677067784553421e+00,7.5948601965966600e-01,2.2999983367049319e+00,7.0000381777682408e-01
C,6.1600000000000000e+02,0.0000000000000000e+00,0.0000000000000000e+00,0.0000000000000000e+00,0.0000000000000000e+00,-3.1656642507429389e-01,0.0000000000000000e+00,1.4677067784553421e+00,7.5948601965966600e-01,2.2999983367049319e+00,7.0000381777682408e-01
C,6.1700000000000000e+02,0.0000000000000000e+00,0.0000000000000000e+00,0.0000000000000000e+00,0.0000000000000000e+00,-3.1656642507429389e-01,0.0000000000000000e+00,1.4677067784553421e+00,7.5948601965966600e-01,2.2999983367049319e+00,7.0000381777682408e-01
C,6.1800000000000000e+02,0.0000000000000000e+00,0.0000000000000000e+00,0.0000000000000000e+00,0.0000000000000000e+00,-3.1656642507429389e-01,0.0000000000000000e+00,1.4677067784553421e+00,7.5948601965966600e-01,2.2999983367049319e+00,7.0000381777682408e-01
C,6.1900000000000000e+02,0.0000000000000000e+00,0.0000000000000000e+00,0.0000000000000000e+00,0.0000000000000000e+00,-3.1656642507429389e-01,0.0000000000000000e+00,1.4677067784553421e+00,7.5948601965966600e-01,2.2999983367049319e+00,7.0000381777682408e-01
C,6.2000000000000000e+02,0.0000000000000000e+00,0.0000000000000000e+00,0.0000000000000000e+00,0.0000000000000000e+00,-3.1656642507429389e-01,0.0000000000000000e+00,1.4677067784553421e+00,7.5948601965966600e-01,2.2999983367049319e+00,7.0000381777682408e-01
C,6.2100000000000000e+02,0.0000000000000000e+00,0.0000000000000000e+00,0.0000000000000000e+00,0.0000000000000000e+00,-3.1656642507429389e-01,0.0000000000000000e+00,1.4677067784553421e+00,7.5948601965966600e-01,2.2999983367049319e+00,7.0000381777682408e-01
C,6.2200000000000000e+02,0.0000000000000000e+00,0.0000000000000000e+00,0.0000000000000000e+00,0.0000000000000000e+00,-3.1656642507429389e-01,0.0000000000000000e+00,1.4677067784553421e+00,7.5948601965966600e-01,2.2999983367049319e+00,7.0000381777682408e-01
C,6.2300000000000000e+02,0.0000000000000000e+00,0.0000000000000000e+00,0.0000000000000000e+00,0.0000000000000000e+00,-3.1656642507429389e-01,0.0000000000000000e+00,1.4677067784553421e+00,7.5948601965966600e-01,2.2999983367049319e+00,7.0000381777682408e-01
C,6.2400000000000000e+02,0.0000000000000000e+00,0.0000000000000000e+00,0.0000000000000000e+00,0.0000000000000000e+00,-3.1656642507429389e-01,0.0000000000000000e+00,1.4677067784553421e+00,7.5948601965966600e-01,2.2999983367049319e+00,7.0000381777682408e-01
C,6.2500000000000000e+02,0.0000000000000000e+00,0.0000000000000000e+00,0.0000000000000000e+00,0.0000000000000000e+00,-3.1656642507429389e-01,0.0000000000000000e+00,1.4677067784553421e+00,7.5948601965966600e-01,2.2999983367049319e+00,7.0000381777682408e-01
C,6.2600000000000000e+02,0.0000000000000000e+00,0.0000000000000000e+00,0.0000000000000000e+00,0.0000000000000000e+00,-3.1656642507429389e-01,0.0000000000000000e+00,1.4677067784553421e+00,7.5948601965966600e-01,2.2999983367049319e+00,7.0000381777682408e-01
C,6.2700000000000000e+02,0.0000000000000000e+00,0.0000000000000000e+00,0.0000000000000000e+00,0.0000000000000000e+00,-3.1656642507429389e-01,0.0000000000000000e+00,1.4677067784553421e+00,7.5948601965966600e-01,2.2999983367049319e+00,7.0000381777682408e-01
C,6.2800000000000000e+02,0.0000000000000000e+00,0.0000000000000000e+00,0.0000000000000000e+00,0.0000000000000000e+00,-3.1656642507429389e-01,0.0000000000000000e+00,1.4677067784553421e+00,7.5948601965966600e-01,2.2999983367049319e+00,7.0000381777682408e-01
C,6.2900000000000000e+02,0.0000000000000000e+00,0.0000000000000000e+00,0.0000000000000000e+00,0.0000000000000000e+00,-3.1656642507429389e-01,0.0000000000000000e+00,1.4677067784553421e+00,7.5948601965966600e-01,2.2999983367049319e+00,7.0000381777682408e-01
C,6.3000000000000000e+02,0.0000000000000000e+00,0.0000000000000000e+00,0.0000000000000000e+00,0.0000000000000000e+00,-3.1656642507429389e-01,0.0000000000000000e+00,1.4677067784553421e+00,7.5948601965966600e-01,2.2999983367049319e+00,7.0000381777682408e-01
C,6.3100000000000000e+02,0.0000000000000000e+00,0.0000000000000000e+00,0.0000000000000000e+00,0.0000000000000000e+00,-3.1656642507429389e-01,0.0000000000000000e+00,1.4677067784553421e+00,7.5948601965966600e-01,2.2999983367049319e+00,7.0000381777682408e-01
C,6.3200000000000000e+02,0.0000000000000000e+00,0.0000000000000000e+00,0.0000000000000000e+00,0.0000000000000000e+00,-3.1656642507429389e-01,0.0000000000000000e+00,1.4677067784553421e+00,7.5948601965966600e-01,2.2999983367049319e+00,7.0000381777682408e-01
C,6.3300000000000000e+02,0.0000000000000000e+00,0.0000000000000000e+00,0.0000000000000000e+00,0.0000000000000000e+00,-3.1656642507429389e-01,0.0000000000000000e+00,1.4677067784553421e+00,7.5948601965966600e-01,2.2999983367049319e+00,7.0000381777682408e-01
C,6.3400000000000000e+02,0.0000000000000000e+00,0.0000000000000000e+00,0.0000000000000000e+00,0.0000000000000000e+00,-3.1656642507429389e-01,0.0000000000000000e+00,1.4677067784553421e+00,7.5948601965966600e-01,2.2999983367049319e+00,7.0000381777682408e-01
C,6.3500000000000000e+02,0.0000000000000000e+00,0.0000000000000000e+00,0.0000000000000000e+00,0.0000000000000000e+00,-3.1656642507429389e-01,0.0000000000000000e+00,1.4677067784553421e+00,7.5948601965966600e-01,2.2999983367049319e+00,7.0000381777682408e-01
C,6.3600000000000000e+02,0.0000000000000000e+00,0.0000000000000000e+00,0.0000000000000000e+00,0.0000000000000000e+00,-3.1656642507429389e-01,0.0000000000000000e+00,1.4677067784553421e+00,7.5948601965966600e-01,2.2999983367049319e+00,7.0000381777682408e-01
C,6.3700000000000000e+02,0.0000000000000000e+00,0.0000000000000000e+00,0.0000000000000000e+00,0.0000000000000000e+00,-3.1656642507429389e-01,0.0000000000000000e+00,1.4677067784553421e+00,7.5948601965966600e-01,2.2999983367049319e+00,7.0000381777682408e-01
C,6.3800000000000000e+02,0.0000000000000000e+00,0.0000000000000000e+00,0.0000000000000000e+00,0.0000000000000000e+00,-3.1656642507429389e-01,0.0000000000000000e+00,1.4677067784553421e+00,7.5948601965966600e-01,2.2999983367049319e+00,7.0000381777682408e-01
C,6.3900000000000000e+02,0.0000000000000000e+00,0.0000000000000000e+00,0.0000000000000000e+00,0.0000000000000000e+00,-3.1656642507429389e-01,0.0000000000000000e+00,1.4677067784553421e+00,7.5948601965966600e-01,2.2999983367049319e+00,7.0000381777682408e-01
C,6.4000000000000000e+02,0.0000000000000000e+00,0.0000000000000000e+00,0.0000000000000000e+00,0.0000000000000000e+00,-3.1656642507429389e-01,0.0000000000000000e+00,1.4677067784553421e+00,7.5948601965966600e-01,2.2999983367049319e+00,7.0000381777682408e-01
C,6.4100000000000000e+02,0.0000000000000000e+00,0.0000000000000000e+00,0.0000000000000000e+00,0.0000000000000000e+00,-3.1656642507429389e-01,0.0000000000000000e+00,1.4677067784553421e+00,7.5948601965966600e-01,2.2999983367049319e+00,7.0000381777682408e-01
C,6.4200000000000000e+02,0.0000000000000000e+00,0.0000000000000000e+00,0.0000000000000000e+00,0.0000000000000000e+00,-3.1656642507429389e-01,0.0000000000000000e+00,1.4677067784553421e+00,7.5948601965966600e-01,2.2999983367049319e+00,7.0000381777682408e-01
C,6.4300000000000000e+02,0.0000000000000000e+00,0.0000000000000000e+00,0.0000000000000000e+00,0.0000000000000000e+00,-3.1656642507429389e-01,0.0000000000000000e+00,1.4677067784553421e+00,7.5948601965966600e-01,2.2999983367049319e+00,7.0000381777682408e-01
C,6.4400000000000000e+02,0.0000000000000000e+00,0.0000000000000000e+00,0.0000000000000000e+00,0.0000000000000000e+00,-3.1656642507429389e-01,0.0000000000000000e+00,1.4677067784553421e+00,7.5948601965966600e-01,2.2999983367049319e+00,7.0000381777682408e-01
C,6.4500000000000000e+02,0.0000000000000000e+00,0.0000000000000000e+00,0.0000000000000000e+00,0.0000000000000000e+00,-3.1656642507429389e-01,0.0000000000000000e+00,1.4677067784553421e+00,7.5948601965966600e-01,2.2999983367049319e+00,7.0000381777682408e-01
C,6.4600000000000000e+02,0.0000000000000000e+00,0.0000000000000000e+00,0.0000000000000000e+00,0.0000000000000000e+00,-3.1656642507429389e-01,0.0000000000000000e+00,1.4677067784553421e+00,7.5948601965966600e-01,2.2999983367049319e+00,7.0000381777682408e-01
C,6.4700000000000000e+02,0.0000000000000000e+00,0.0000000000000000e+00,0.0000000000000000e+00,0.0000000000000000e+00,-3.1656642507429389e-01,0.0000000000000000e+00,1.4677067784553421e+00,7.5948601965966600e-01,2.2999983367049319e+00,7.0000381777682408e-01
C,6.4800000000000000e+02,0.0000000000000000e+00,0.0000000000000000e+00,0.0000000000000000e+00,0.0000000000000000e+00,-3.1656642507429389e-01,0.0000000000000000e+00,1.4677067784553421e+00,7.5948601965966600e-01,2.2999983367049319e+00,7.0000381777682408e-01
C,6.4900000000000000e+02,0.0000000000000000e+00,0.0000000000000000e+00,0.0000000000000000e+00,0.0000000000000000e+00,-3.1656642507429389e-01,0.0000000000000000e+00,1.4677067784553421e+00,7.5948601965966600e-01,2.2999983367049319e+00,7.0000381777682408e-01
C,6.5000000000000000e+02,0.0000000000000000e+00,0.0000000000000000e+00,0.0000000000000000e+00,0.0000000000000000e+00,-3.1656642507429389e-01,0.0000000000000000e+00,1.4677067784553421e+00,7.5948601965966600e-01,2.2999983367049319e+00,7.0000381777682408e-01
C,6.5100000000000000e+02,0.0000000000000000e+00,0.0000000000000000e+00,0.0000000000000000e+00,0.0000000000000000e+00,-3.1656642507429389e-01,0.0000000000000000e+00,1.4677067784553421e+00,7.5948601965966600e-01,2.2999983367049319e+00,7.0000381777682408e-01
C,6.5200000000000000e+02,0.0000000000000000e+00,0.0000000000000000e+00,0.0000000000000000e+00,0.0000000000000000e+00,-3.1656642507429389e-01,0.0000000000000000e+00,1.4677067784553421e+00,7.5948601965966600e-01,2.2999983367049319e+00,7.0000381777682408e-01
C,6.5300000000000000e+02,0.0000000000000000e+00,0.0000000000000000e+00,0.0000000000000000e+00,0.0000000000000000e+00,-3.1656642507429389e-01,0.0000000000000000e+00,1.4677067784553421e+00,7.5948601965966600e-01,2.2999983367049319e+00,7.0000381777682408e-01
C,6.5400000000000000e+02,0.0000000000000000e+00,0.0000000000000000e+00,0.0000000000000000e+00,0.0000000000000000e+00,-3.1656642507429389e-01,0.0000000000000000e+00,1.4677067784553421e+00,7.5948601965966600e-01,2.2999983367049319e+00,7.0000381777682408e-01
C,6.5500000000000000e+02,0.0000000000000000e+00,0.0000000000000000e+00,0.0000000000000000e+00,0.0000000000000000e+00,-3.1656642507429389e-01,0.0000000000000000e+00,1.4677067784553421e+00,7.5948601965966600e-01,2.2999983367049319e+00,7.0000381777682408e-01
C,6.5600000000000000e+02,0.0000000000000000e+00,0.0000000000000000e+00,0.0000000000000000e+00,0.0000000000000000e+00,-3.1656642507429389e-01,0.0000000000000000e+00,1.4677067784553421e+00,7.5948601965966600e-01,2.2999983367049319e+00,7.0000381777682408e-01
C,6.5700000000000000e+02,0.0000000000000000e+00,0.0000000000000000e+00,0.0000000000000000e+00,0.0000000000000000e+00,-3.1656642507429389e-01,0.0000000000000000e+00,1.4677067784553421e+00,7.5948601965966600e-01,2.2999983367049319e+00,7.0000381777682408e-01
C,6.5800000000000000e+02,0.0000000000000000e+00,0.0000000000000000e+00,0.0000000000000000e+00,0.0000000000000000e+00,-3.1656642507429389e-01,0.0000000000000000e+00,1.4677067784553421e+00,7.5948601965966600e-01,2.2999983367049319e+00,7.0000381777682408e-01
C,6.5900000000000000e+02,0.0000000000000000e+00,0.0000000000000000e+00,0.0000000000000000e+00,0.0000000000000000e+00,-3.1656642507429389e-01,0.0000000000000000e+00,1.4677067784553421e+00,7.5948601965966600e-01,2.2999983367049319e+00,7.0000381777682408e-01
C,6.6000000000000000e+02,0.0000000000000000e+00,0.0000000000000000e+00,0.0000000000000000e+00,0.0000000000000000e+00,-3.1656642507429389e-01,0.0000000000000000e+00,1.4677067784553421e+00,7.5948601965966600e-01,2.2999983367049319e+00,7.0000381777682408e-01
C,6.6100000000000000e+02,0.0000000000000000e+00,0.0000000000000000e+00,0.0000000000000000e+00,0.0000000000000000e+00,-3.1656642507429389e-01,0.0000000000000000e+00,1.4677067784553421e+00,7.5948601965966600e-01,2.2999983367049319e+00,7.0000381777682408e-01
C,6.6200000000000000e+02,0.0000000000000000e+00,0.0000000000000000e+00,0.0000000000000000e+00,0.0000000000000000e+00,-3.1656642507429389e-01,0.0000000000000000e+00,1.4677067784553421e+00,7.5948601965966600e-01,2.2999983367049319e+00,7.0000381777682408e-01
C,6.6300000000000000e+02,0.0000000000000000e+00,0.0000000000000000e+00,0.0000000000000000e+00,0.0000000000000000e+00,-3.1656642507429389e-01,0.0000000000000000e+00,1.4677067784553421e+00,7.5948601965966600e-01,2.2999983367049319e+00,7.0000381777682408e-01
C,6.6400000000000000e+02,0.0000000000000000e+00,0.0000000000000000e+00,0.0000000000000000e+00,0.0000000000000000e+00,-3.1656642507429389e-01,0.0000000000000000e+00,1.4677067784553421e+00,7.5948601965966600e-01,2.2999983367049319e+00,7.0000381777682408e-01
C,6.6500000000000000e+02,0.0000000000000000e+00,0.0000000000000000e+00,0.0000000000000000e+00,0.0000000000000000e+00,-3.1656642507429389e-01,0.0000000000000000e+00,1.4677067784553421e+00,7.5948601965966600e-01,2.2999983367049319e+00,7.0000381777682408e-01
C,6.6600000000000000e+02,0.0000000000000000e+00,0.0000000000000000e+00,0.0000000000000000e+00,0.0000000000000000e+00,-3.1656642507429389e-01,0.0000000000000000e+00,1.4677067784553421e+00,7.5948601965966600e-01,2.2999983367049319e+00,7.0000381777682408e-01
C,6.6700000000000000e+02,0.0000000000000000e+00,0.0000000000000000e+00,0.0000000000000000e+00,0.0000000000000000e+00,-3.1656642507429389e-01,0.0000000000000000e+00,1.4677067784553421e+00,7.5948601965966600e-01,2.2999983367049319e+00,7.0000381777682408e-01
C,6.6800000000000000e+02,0.0000000000000000e+00,0.0000000000000000e+00,0.0000000000000000e+00,0.0000000000000000e+00,-3.1656642507429389e-01,0.0000000000000000e+00,1.4677067784553421e+00,7.5948601965966600e-01,2.2999983367049319e+00,7.0000381777682408e-01
C,6.6900000000000000e+02,0.0000000000000000e+00,0.0000000000000000e+00,0.0000000000000000e+00,0.0000000000000000e+00,-3.1656642507429389e-01,0.0000000000000000e+00,1.4677067784553421e+00,7.5948601965966600e-01,2.2999983367049319e+00,7.0000381777682408e-01
C,6.7000000000000000e+02,0.0000000000000000e+00,0.0000000000000000e+00,0.0000000000000000e+00,0.0000000000000000e+00,-3.1656642507429389e-01,0.0000000000000000e+00,1.4677067784553421e+00,7.5948601965966600e-01,2.2999983367049319e+00,7.0000381777682408e-01
C,6.7100000000000000e+02,0.0000000000000000e+00,0.0000000000000000e+00,0.0000000000000000e+00,0.0000000000000000e+00,-3.1656642507429389e-01,0.0000000000000000e+00,1.4677067784553421e+00,7.5948601965966600e-01,2.2999983367049319e+00,7.0000381777682408e-01
C,6.7200000000000000e+02,0.0000000000000000e+00,0.0000000000000000e+00,0.0000000000000000e+00,0.0000000000000000e+00,-3.1656642507429389e-01,0.0000000000000000e+00,1.4677067784553421e+00,7.5948601965966600e-01,2.2999983367049319e+00,7.0000381777682408e-01
C,6.7300000000000000e+02,0.0000000000000000e+00,0.0000000000000000e+00,0.0000000000000000e+00,0.0000000000000000e+00,-3.1656642507429389e-01,0.0000000000000000e+00,1.4677067784553421e+00,7.5948601965966600e-01,2.2999983367049319e+00,7.0000381777682408e-01
C,6.7400000000000000e+02,0.0000000000000000e+00,0.0000000000000000e+00,0.0000000000000000e+00,0.0000000000000000e+00,-3.1656642507429389e-01,0.0000000000000000e+00,1.4677067784553421e+00,7.5948601965966600e-01,2.2999983367049319e+00,7.0000381777682408e-01
C,6.7500000000000000e+02,0.0000000000000000e+00,0.0000000000000000e+00,0.0000000000000000e+00,0.0000000000000000e+00,-3.1656642507429389e-01,0.0000000000000000e+00,1.4677067784553421e+00,7.5948601965966600e-01,2.2999983367049319e+00,7.0000381777682408e-01
C,6.7600000000000000e+02,0.0000000000000000e+00,0.0000000000000000e+00,0.0000000000000000e+00,0.0000000000000000e+00,-3.1656642507429389e-01,0.0000000000000000e+00,1.4677067784553421e+00,7.5948601965966600e-01,2.2999983367049319e+00,7.0000381777682408e-01
C,6.7700000000000000e+02,0.0000000000000000e+00,0.0000000000000000e+00,0.0000000000000000e+00,0.0000000000000000e+00,-3.1656642507429389e-01,0.0000000000000000e+00,1.4677067784553421e+00,7.5948601965966600e-01,2.2999983367049319e+00,7.0000381777682408e-01
C,6.7800000000000000e+02,0.0000000000000000e+00,0.0000000000000000e+00,0.0000000000000000e+00,0.0000000000000000e+00,-3.1656642507429389e-01,0.0000000000000000e+00,1.4677067784553421e+00,7.5948601965966600e-01,2.2999983367049319e+00,7.0000381777682408e-01
C,6.7900000000000000e+02,0.0000000000000000e+00,0.0000000000000000e+00,0.0000000000000000e+00,0.0000000000000000e+00,-3.1656642507429389e-01,0.0000000000000000e+00,1.4677067784553421e+00,7.5948601965966600e-01,2.2999983367049319e+00,7.0000381777682408e-01
C,6.8000000000000000e+02,0.0000000000000000e+00,0.0000000000000000e+00,0.0000000000000000e+00,0.0000000000000000e+00,-3.1656642507429389e-01,0.0000000000000000e+00,1.4677067784553421e+00,7.5948601965966600e-01,2.2999983367049319e+00,7.0000381777682408e-01
C,6.8100000000000000e+02,0.0000000000000000e+00,0.0000000000000000e+00,0.0000000000000000e+00,0.0000000000000000e+00,-3.1656642507429389e-01,0.0000000000000000e+00,1.4677067784553421e+00,7.5948601965966600e-01,2.2999983367049319e+00,7.0000381777682408e-01
C,6.8200000000000000e+02,0.0000000000000000e+00,0.0000000000000000e+00,0.0000000000000000e+00,0.0000000000000000e+00,-3.1656642507429389e-01,0.0000000000000000e+00,1.4677067784553421e+00,7.5948601965966600e-01,2.2999983367049319e+00,7.0000381777682408e-01
C,6.8300000000000000e+02,0.0000000000000000e+00,0.0000000000000000e+00,0.0000000000000000e+00,0.0000000000000000e+00,-3.1656642507429389e-01,0.0000000000000000e+00,1.4677067784553421e+00,7.5948601965966600e-01,2.2999983367049319e+00,7.0000381777682408e-01
C,6.8400000000000000e+02,0.0000000000000000e+00,0.0000000000000000e+00,0.0000000000000000e+00,0.0000000000000000e+00,-3.1656642507429389e-01,0.0000000000000000e+00,1.4677067784553421e+00,7.5948601965966600e-01,2.2999983367049319e+00,7.0000381777682408e-01
C,6.8500000000000000e+02,0.0000000000000000e+00,0.0000000000000000e+00,0.0000000000000000e+00,0.0000000000000000e+00,-3.1656642507429389e-01,0.0000000000000000e+00,1.4677067784553421e+00,7.5948601965966600e-01,2.2999983367049319e+00,7.0000381777682408e-01
C,6.8600000000000000e+02,0.0000000000000000e+00,0.0000000000000000e+00,0.0000000000000000e+00,0.0000000000000000e+00,-3.1656642507429389e-01,0.0000000000000000e+00,1.4677067784553421e+00,7.5948601965966600e-01,2.2999983367049319e+00,7.0000381777682408e-01
C,6.8700000000000000e+02,0.0000000000000000e+00,0.0000000000000000e+00,0.0000000000000000e+00,0.0000000000000000e+00,-3.1656642507429389e-01,0.0000000000000000e+00,1.4677067784553421e+00,7.5948601965966600e-01,2.2999983367049319e+00,7.0000381777682408e-01
C,6.8800000000000000e+02,0.0000000000000000e+00,0.0000000000000000e+00,0.0000000000000000e+00,0.0000000000000000e+00,-3.1656642507429389e-01,0.0000000000000000e+00,1.4677067784553421e+00,7.5948601965966600e-01,2.2999983367049319e+00,7.0000381777682408e-01
C,6.8900000000000000e+02,0.0000000000000000e+00,0.0000000000000000e+00,0.0000000000000000e+00,0.0000000000000000e+00,-3.1656642507429389e-01,0.0000000000000000e+00,1.4677067784553421e+00,7.5948601965966600e-01,2.2999983367049319e+00,7.0000381777682408e-01
C,6.9000000000000000e+02,0.0000000000000000e+00,0.0000000000000000e+00,0.0000000000000000e+00,0.0000000000000000e+00,-3.1656642507429389e-01,0.0000000000000000e+00,1.4677067784553421e+00,7.5948601965966600e-01,2.2999983367049319e+00,7.0000381777682408e-01
C,6.9100000000000000e+02,0.0000000000000000e+00,0.0000000000000000e+00,0.0000000000000000e+00,0.0000000000000000e+00,-3.1656642507429389e-01,0.0000000000000000e+00,1.4677067784553421e+00,7.5948601965966600e-01,2.2999983367049319e+00,7.0000381777682408e-01
C,6.9200000000000000e+02,0.0000000000000000e+00,0.0000000000000000e+00,0.0000000000000000e+00,0.0000000000000000e+00,-3.1656642507429389e-01,0.0000000000000000e+00,1.4677067784553421e+00,7.5948601965966600e-01,2.2999983367049319e+00,7.0000381777682408e-01
C,6.9300000000000000e+02,0.0000000000000000e+00,0.0000000000000000e+00,0.0000000000000000e+00,0.0000000000000000e+00,-3.1656642507429389e-01,0.0000000000000000e+00,1.4677067784553421e+00,7.5948601965966600e-01,2.2999983367049319e+00,7.0000381777682408e-01
C,6.9400000000000000e+02,0.0000000000000000e+00,0.0000000000000000e+00,0.0000000000000000e+00,0.0000000000000000e+00,-3.1656642507429389e-01,0.0000000000000000e+00,1.4677067784553421e+00,7.5948601965966600e-01,2.2999983367049319e+00,7.0000381777682408e-01
C,6.9500000000000000e+02,0.0000000000000000e+00,0.0000000000000000e+00,0.0000000000000000e+00,0.0000000000000000e+00,-3.1656642507429389e-01,0.0000000000000000e+00,1.4677067784553421e+00,7.5948601965966600e-01,2.2999983367049319e+00,7.0000381777682408e-01
C,6.9600000000000000e+02,0.0000000000000000e+00,0.0000000000000000e+00,0.0000000000000000e+00,0.0000000000000000e+00,-3.1656642507429389e-01,0.0000000000000000e+00,1.4677067784553421e+00,7.5948601965966600e-01,2.2999983367049319e+00,7.0000381777682408e-01
C,6.9700000000000000e+02,0.0000000000000000e+00,0.0000000000000000e+00,0.0000000000000000e+00,0.0000000000000000e+00,-3.1656642507429389e-01,0.0000000000000000e+00,1.4677067784553421e+00,7.5948601965966600e-01,2.2999983367049319e+00,7.0000381777682408e-01
C,6.9800000000000000e+02,0.0000000000000000e+00,0.0000000000000000e+00,0.0000000000000000e+00,0.0000000000000000e+00,-3.1656642507429389e-01,0.0000000000000000e+00,1.4677067784553421e+00,7.5948601965966600e-01,2.2999983367049319e+00,7.0000381777682408e-01
C,6.9900000000000000e+02,0.0000000000000000e+00,0.0000000000000000e+00,0.0000000000000000e+00,0.0000000000000000e+00,-3.1656642507429389e-01,0.0000000000000000e+00,1.4677067784553421e+00,7.5948601965966600e-01,2.2999983367049319e+00,7.0000381777682408e-01
C,7.0000000000000000e+02,0.0000000000000000e+00,0.0000000000000000e+00,0.0000000000000000e+00,0.0000000000000000e+00,-3.1656642507429389e-01,0.0000000000000000e+00,1.4677067784553421e+00,7.5948601965966600e-01,2.2999983367049319e+00,7.0000381777682408e-01
C,7.0100000000000000e+02,0.0000000000000000e+00,0.0000000000000000e+00,0.0000000000000000e+00,0.0000000000000000e+00,-3.1656642507429389e-01,0.0000000000000000e+00,1.4677067784553421e+00,7.5948601965966600e-01,2.2999983367049319e+00,7.0000381777682408e-01
C,7.0200000000000000e+02,0.0000000000000000e+00,0.0000000000000000e+00,0.0000000000000000e+00,0.0000000000000000e+00,-3.1656642507429389e-01,0.0000000000000000e+00,1.4677067784553421e+00,7.5948601965966600e-01,2.2999983367049319e+00,7.0000381777682408e-01
C,7.0300000000000000e+02,0.0000000000000000e+00,0.0000000000000000e+00,0.0000000000000000e+00,0.0000000000000000e+00,-3.1656642507429389e-01,0.0000000000000000e+00,1.4677067784553421e+00,7.5948601965966600e-01,2.2999983367049319e+00,7.0000381777682408e-01
C,7.0400000000000000e+02,0.0000000000000000e+00,0.0000000000000000e+00,0.0000000000000000e+00,0.0000000000000000e+00,-3.1656642507429389e-01,0.0000000000000000e+00,1.4677067784553421e+00,7.5948601965966600e-01,2.2999983367049319e+00,7.0000381777682408e-01
C,7.0500000000000000e+02,0.0000000000000000e+00,0.0000000000000000e+00,0.0000000000000000e+00,0.0000000000000000e+00,-3.1656642507429389e-01,0.0000000000000000e+00,1.4677067784553421e+00,7.5948601965966600e-01,2.2999983367049319e+00,7.0000381777682408e-01
C,7.0600000000000000e+02,0.0000000000000000e+00,0.0000000000000000e+00,0.0000000000000000e+00,0.0000000000000000e+00,-3.1656642507429389e-01,0.0000000000000000e+00,1.4677067784553421e+00,7.5948601965966600e-01,2.2999983367049319e+00,7.0000381777682408e-01
C,7.0700000000000000e+02,0.0000000000000000e+00,0.0000000000000000e+00,0.0000000000000000e+00,0.0000000000000000e+00,-3.1656642507429389e-01,0.0000000000000000e+00,1.4677067784553421e+00,7.5948601965966600e-01,2.2999983367049319e+00,7.0000381777682408e-01
C,7.0800000000000000e+02,0.0000000000000000e+00,0.0000000000000000e+00,0.0000000000000000e+00,0.0000000000000000e+00,-3.1656642507429389e-01,0.0000000000000000e+00,1.4677067784553421e+00,7.5948601965966600e-01,2.2999983367049319e+00,7.0000381777682408e-01
C,7.0900000000000000e+02,0.0000000000000000e+00,0.0000000000000000e+00,0.0000000000000000e+00,0.0000000000000000e+00,-3.1656642507429389e-01,0.0000000000000000e+00,1.4677067784553421e+00,7.5948601965966600e-01,2.2999983367049319e+00,7.0000381777682408e-01
C,7.1000000000000000e+02,0.0000000000000000e+00,0.0000000000000000e+00,0.0000000000000000e+00,0.0000000000000000e+00,-3.1656642507429389e-01,0.0000000000000000e+00,1.4677067784553421e+00,7.5948601965966600e-01,2.2999983367049319e+00,7.0000381777682408e-01
C,7.1100000000000000e+02,0.0000000000000000e+00,0.0000000000000000e+00,0.0000000000000000e+00,0.0000000000000000e+00,-3.1656642507429389e-01,0.0000000000000000e+00,1.4677067784553421e+00,7.5948601965966600e-01,2.2999983367049319e+00,7.0000381777682408e-01
C,7.1200000000000000e+02,0.0000000000000000e+00,0.0000000000000000e+00,0.0000000000000000e+00,0.0000000000000000e+00,-3.1656642507429389e-01,0.0000000000000000e+00,1.4677067784553421e+00,7.5948601965966600e-01,2.2999983367049319e+00,7.0000381777682408e-01
C,7.1300000000000000e+02,0.0000000000000000e+00,0.0000000000000000e+00,0.0000000000000000e+00,0.0000000000000000e+00,-3.1656642507429389e-01,0.0000000000000000e+00,1.4677067784553421e+00,7.5948601965966600e-01,2.2999983367049319e+00,7.0000381777682408e-01
C,7.1400000000000000e+02,0.0000000000000000e+00,0.0000000000000000e+00,0.0000000000000000e+00,0.0000000000000000e+00,-3.1656642507429389e-01,0.0000000000000000e+00,1.4677067784553421e+00,7.5948601965966600e-01,2.2999983367049319e+00,7.0000381777682408e-01
C,7.1500000000000000e+02,0.0000000000000000e+00,0.0000000000000000e+00,0.0000000000000000e+00,0.0000000000000000e+00,-3.1656642507429389e-01,0.0000000000000000e+00,1.4677067784553421e+00,7.5948601965966600e-01,2.2999983367049319e+00,7.0000381777682408e-01
C,7.1600000000000000e+02,0.0000000000000000e+00,0.0000000000000000e+00,0.0000000000000000e+00,0.0000000000000000e+00,-3.1656642507429389e-01,0.0000000000000000e+00,1.4677067784553421e+00,7.5948601965966600e-01,2.2999983367049319e+00,7.0000381777682408e-01
C,7.1700000000000000e+02,0.0000000000000000e+00,0.0000000000000000e+00,0.0000000000000000e+00,0.0000000000000000e+00,-3.1656642507429389e-01,0.0000000000000000e+00,1.4677067784553421e+00,7.5948601965966600e-01,2.2999983367049319e+00,7.0000381777682408e-01
C,7.1800000000000000e+02,0.0000000000000000e+00,0.0000000000000000e+00,0.0000000000000000e+00,0.0000000000000000e+00,-3.1656642507429389e-01,0.0000000000000000e+00,1.4677067784553421e+00,7.5948601965966600e-01,2.2999983367049319e+00,7.0000381777682408e-01
C,7.1900000000000000e+02,0.0000000000000000e+00,0.0000000000000000e+00,0.0000000000000000e+00,0.0000000000000000e+00,-3.1656642507429389e-01,0.0000000000000000e+00,1.4677067784553421e+00,7.5948601965966600e-01,2.2999983367049319e+00,7.0000381777682408e-01
C,7.2000000000000000e+02,0.0000000000000000e+00,0.0000000000000000e+00,0.0000000000000000e+00,0.0000000000000000e+00,-3.1656642507429389e-01,0.0000000000000000e+00,1.4677067784553421e+00,7.5948601965966600e-01,2.2999983367049319e+00,7.0000381777682408e-01
C,7.2100000000000000e+02,0.0000000000000000e+00,0.0000000000000000e+00,0.0000000000000000e+00,0.0000000000000000e+00,-3.1656642507429389e-01,0.0000000000000000e+00,1.4677067784553421e+00,7.5948601965966600e-01,2.2999983367049319e+00,7.0000381777682408e-01
C,7.2200000000000000e+02,0.0000000000000000e+00,0.0000000000000000e+00,0.0000000000000000e+00,0.0000000000000000e+00,-3.1656642507429389e-01,0.0000000000000000e+00,1.4677067784553421e+00,7.5948601965966600e-01,2.2999983367049319e+00,7.0000381777682408e-01
C,7.2300000000000000e+02,0.0000000000000000e+00,0.0000000000000000e+00,0.0000000000000000e+00,0.0000000000000000e+00,-3.1656642507429389e-01,0.0000000000000000e+00,1.4677067784553421e+00,7.5948601965966600e-01,2.2999983367049319e+00,7.0000381777682408e-01
C,7.2400000000000000e+02,0.0000000000000000e+00,0.0000000000000000e+00,0.0000000000000000e+00,0.0000000000000000e+00,-3.1656642507429389e-01,0.0000000000000000e+00,1.4677067784553421e+00,7.5948601965966600e-01,2.2999983367049319e+00,7.0000381777682408e-01
C,7.2500000000000000e+02,0.0000000000000000e+00,0.0000000000000000e+00,0.0000000000000000e+00,0.0000000000000000e+00,-3.1656642507429389e-01,0.0000000000000000e+00,1.4677067784553421e+00,7.5948601965966600e-01,2.2999983367049319e+00,7.0000381777682408e-01
C,7.2600000000000000e+02,0.0000000000000000e+00,0.0000000000000000e+00,0.0000000000000000e+00,0.0000000000000000e+00,-3.1656642507429389e-01,0.0000000000000000e+00,1.4677067784553421e+00,7.5948601965966600e-01,2.2999983367049319e+00,7.0000381777682408e-01
C,7.2700000000000000e+02,0.0000000000000000e+00,0.0000000000000000e+00,0.0000000000000000e+00,0.0000000000000000e+00,-3.1656642507429389e-01,0.0000000000000000e+00,1.4677067784553421e+00,7.5948601965966600e-01,2.2999983367049319e+00,7.0000381777682408e-01
C,7.2800000000000000e+02,0.0000000000000000e+00,0.0000000000000000e+00,0.0000000000000000e+00,0.0000000000000000e+00,-3.1656642507429389e-01,0.0000000000000000e+00,1.4677067784553421e+00,7.5948601965966600e-01,2.2999983367049319e+00,7.0000381777682408e-01
C,7.2900000000000000e+02,0.0000000000000000e+00,0.0000000000000000e+00,0.0000000000000000e+00,0.0000000000000000e+00,-3.1656642507429389e-01,0.0000000000000000e+00,1.4677067784553421e+00,7.5948601965966600e-01,2.2999983367049319e+00,7.0000381777682408e-01
C,7.3000000000000000e+02,0.0000000000000000e+00,0.0000000000000000e+00,0.0000000000000000e+00,0.0000000000000000e+00,-3.1656642507429389e-01,0.0000000000000000e+00,1.4677067784553421e+00,7.5948601965966600e-01,2.2999983367049319e+00,7.0000381777682408e-01
C,7.3100000000000000e+02,0.0000000000000000e+00,0.0000000000000000e+00,0.0000000000000000e+00,0.0000000000000000e+00,-3.1656642507429389e-01,0.0000000000000000e+00,1.4677067784553421e+00,7.5948601965966600e-01,2.2999983367049319e+00,7.0000381777682408e-01
C,7.3200000000000000e+02,0.0000000000000000e+00,0.0000000000000000e+00,0.0000000000000000e+00,0.0000000000000000e+00,-3.1656642507429389e-01,0.0000000000000000e+00,1.4677067784553421e+00,7.5948601965966600e-01,2.2999983367049319e+00,7.0000381777682408e-01
C,7.3300000000000000e+02,0.0000000000000000e+00,0.0000000000000000e+00,0.0000000000000000e+00,0.0000000000000000e+00,-3.1656642507429389e-01,0.0000000000000000e+00,1.4677067784553421e+00,7.5948601965966600e-01,2.2999983367049319e+00,7.0000381777682408e-01
C,7.3400000000000000e+02,0.0000000000000000e+00,0.0000000000000000e+00,0.0000000000000000e+00,0.0000000000000000e+00,-3.1656642507429389e-01,0.0000000000000000e+00,1.4677067784553421e+00,7.5948601965966600e-01,2.2999983367049319e+00,7.0000381777682408e-01
C,7.3500000000000000e+02,0.0000000000000000e+00,0.0000000000000000e+00,0.0000000000000000e+00,0.0000000000000000e+00,-3.1656642507429389e-01,0.0000000000000000e+00,1.4677067784553421e+00,7.5948601965966600e-01,2.2999983367049319e+00,7.0000381777682408e-01
C,7.3600000000000000e+02,0.0000000000000000e+00,0.0000000000000000e+00,0.0000000000000000e+00,0.0000000000000000e+00,-3.1656642507429389e-01,0.0000000000000000e+00,1.4677067784553421e+00,7.5948601965966600e-01,2.2999983367049319e+00,7.0000381777682408e-01
C,7.3700000000000000e+02,0.0000000000000000e+00,0.0000000000000000e+00,0.0000000000000000e+00,0.0000000000000000e+00,-3.1656642507429389e-01,0.0000000000000000e+00,1.4677067784553421e+00,7.5948601965966600e-01,2.2999983367049319e+00,7.0000381777682408e-01
C,7.3800000000000000e+02,0.0000000000000000e+00,0.0000000000000000e+00,0.0000000000000000e+00,0.0000000000000000e+00,-3.1656642507429389e-01,0.0000000000000000e+00,1.4677067784553421e+00,7.5948601965966600e-01,2.2999983367049319e+00,7.0000381777682408e-01
C,7.3900000000000000e+02,0.0000000000000000e+00,0.0000000000000000e+00,0.0000000000000000e+00,0.0000000000000000e+00,-3.1656642507429389e-01,0.0000000000000000e+00,1.4677067784553421e+00,7.5948601965966600e-01,2.2999983367049319e+00,7.0000381777682408e-01
C,7.4000000000000000e+02,0.0000000000000000e+00,0.0000000000000000e+00,0.0000000000000000e+00,0.0000000000000000e+00,-3.1656642507429389e-01,0.0000000000000000e+00,1.4677067784553421e+00,7.5948601965966600e-01,2.2999983367049319e+00,7.0000381777682408e-01
C,7.4100000000000000e+02,0.0000000000000000e+00,0.0000000000000000e+00,0.0000000000000000e+00,0.0000000000000000e+00,-3.1656642507429389e-01,0.0000000000000000e+00,1.4677067784553421e+00,7.5948601965966600e-01,2.2999983367049319e+00,7.0000381777682408e-01
C,7.4200000000000000e+02,0.0000000000000000e+00,0.0000000000000000e+00,0.0000000000000000e+00,0.0000000000000000e+00,-3.1656642507429389e-01,0.0000000000000000e+00,1.4677067784553421e+00,7.5948601965966600e-01,2.2999983367049319e+00,7.0000381777682408e-01
C,7.4300000000000000e+02,0.0000000000000000e+00,0.0000000000000000e+00,0.0000000000000000e+00,0.0000000000000000e+00,-3.1656642507429389e-01,0.0000000000000000e+00,1.4677067784553421e+00,7.5948601965966600e-01,2.2999983367049319e+00,7.0000381777682408e-01
C,7.4400000000000000e+02,0.0000000000000000e+00,0.0000000000000000e+00,0.0000000000000000e+00,0.0000000000000000e+00,-3.1656642507429389e-01,0.0000000000000000e+00,1.4677067784553421e+00,7.5948601965966600e-01,2.2999983367049319e+00,7.0000381777682408e-01
C,7.4500000000000000e+02,0.0000000000000000e+00,0.0000000000000000e+00,0.0000000000000000e+00,0.0000000000000000e+00,-3.1656642507429389e-01,0.0000000000000000e+00,1.4677067784553421e+00,7.5948601965966600e-01,2.2999983367049319e+00,7.0000381777682408e-01
C,7.4600000000000000e+02,0.0000000000000000e+00,0.0000000000000000e+00,0.0000000000000000e+00,0.0000000000000000e+00,-3.1656642507429389e-01,0.0000000000000000e+00,1.4677067784553421e+00,7.5948601965966600e-01,2.2999983367049319e+00,7.0000381777682408e-01
C,7.4700000000000000e+02,0.0000000000000000e+00,0.0000000000000000e+00,0.0000000000000000e+00,0.0000000000000000e+00,-3.1656642507429389e-01,0.0000000000000000e+00,1.4677067784553421e+00,7.5948601965966600e-01,2.2999983367049319e+00,7.0000381777682408e-01
C,7.4800000000000000e+02,0.0000000000000000e+00,0.0000000000000000e+00,0.0000000000000000e+00,0.0000000000000000e+00,-3.1656642507429389e-01,0.0000000000000000e+00,1.4677067784553421e+00,7.5948601965966600e-01,2.2999983367049319e+00,7.0000381777682408e-01
C,7.4900000000000000e+02,0.0000000000000000e+00,0.0000000000000000e+00,0.0000000000000000e+00,0.0000000000000000e+00,-3.1656642507429389e-01,0.0000000000000000e+00,1.4677067784553421e+00,7.5948601965966600e-01,2.2999983367049319e+00,7.0000381777682408e-01
C,7.5000000000000000e+02,0.0000000000000000e+00,0.0000000000000000e+00,0.0000000000000000e+00,0.0000000000000000e+00,-3.1656642507429389e-01,0.0000000000000000e+00,1.4677067784553421e+00,7.5948601965966600e-01,2.2999983367049319e+00,7.0000381777682408e-01
C,7.5100000000000000e+02,0.0000000000000000e+00,0.0000000000000000e+00,0.0000000000000000e+00,0.0000000000000000e+00,-3.1656642507429389e-01,0.0000000000000000e+00,1.4677067784553421e+00,7.5948601965966600e-01,2.2999983367049319e+00,7.0000381777682408e-01
C,7.5200000000000000e+02,0.0000000000000000e+00,0.0000000000000000e+00,0.0000000000000000e+00,0.0000000000000000e+00,-3.1656642507429389e-01,0.0000000000000000e+00,1.4677067784553421e+00,7.5948601965966600e-01,2.2999983367049319e+00,7.0000381777682408e-01
C,7.5300000000000000e+02,0.0000000000000000e+00,0.0000000000000000e+00,0.0000000000000000e+00,0.0000000000000000e+00,-3.1656642507429389e-01,0.0000000000000000e+00,1.4677067784553421e+00,7.5948601965966600e-01,2.2999983367049319e+00,7.0000381777682408e-01
C,7.5400000000000000e+02,0.0000000000000000e+00,0.0000000000000000e+00,0.0000000000000000e+00,0.0000000000000000e+00,-3.1656642507429389e-01,0.0000000000000000e+00,1.4677067784553421e+00,7.5948601965966600e-01,2.2999983367049319e+00,7.0000381777682408e-01
C,7.5500000000000000e+02,0.0000000000000000e+00,0.0000000000000000e+00,0.0000000000000000e+00,0.0000000000000000e+00,-3.1656642507429389e-01,0.0000000000000000e+00,1.4677067784553421e+00,7.5948601965966600e-01,2.2999983367049319e+00,7.0000381777682408e-01
C,7.5600000000000000e+02,0.0000000000000000e+00,0.0000000000000000e+00,0.0000000000000000e+00,0.0000000000000000e+00,-3.1656642507429389e-01,0.0000000000000000e+00,1.4677067784553421e+00,7.5948601965966600e-01,2.2999983367049319e+00,7.0000381777682408e-01
C,7.5700000000000000e+02,0.0000000000000000e+00,0.0000000000000000e+00,0.0000000000000000e+00,0.0000000000000000e+00,-3.1656642507429389e-01,0.0000000000000000e+00,1.4677067784553421e+00,7.5948601965966600e-01,2.2999983367049319e+00,7.0000381777682408e-01
C,7.5800000000000000e+02,0.0000000000000000e+00,0.0000000000000000e+00,0.0000000000000000e+00,0.0000000000000000e+00,-3.1656642507429389e-01,0.0000000000000000e+00,1.4677067784553421e+00,7.5948601965966600e-01,2.2999983367049319e+00,7.0000381777682408e-01
C,7.5900000000000000e+02,0.0000000000000000e+00,0.0000000000000000e+00,0.0000000000000000e+00,0.0000000000000000e+00,-3.1656642507429389e-01,0.0000000000000000e+00,1.4677067784553421e+00,7.5948601965966600e-01,2.2999983367049319e+00,7.0000381777682408e-01
C,7.6000000000000000e+02,0.0000000000000000e+00,0.0000000000000000e+00,0.0000000000000000e+00,0.0000000000000000e+00,-3.1656642507429389e-01,0.0000000000000000e+00,1.4677067784553421e+00,7.5948601965966600e-01,2.2999983367049319e+00,7.0000381777682408e-01
C,7.6100000000000000e+02,0.0000000000000000e+00,0.0000000000000000e+00,0.0000000000000000e+00,0.0000000000000000e+00,-3.1656642507429389e-01,0.0000000000000000e+00,1.4677067784553421e+00,7.5948601965966600e-01,2.2999983367049319e+00,7.0000381777682408e-01
C,7.6200000000000000e+02,0.0000000000000000e+00,0.0000000000000000e+00,0.0000000000000000e+00,0.0000000000000000e+00,-3.1656642507429389e-01,0.0000000000000000e+00,1.4677067784553421e+00,7.5948601965966600e-01,2.2999983367049319e+00,7.0000381777682408e-01
C,7.6300000000000000e+02,0.0000000000000000e+00,0.0000000000000000e+00,0.0000000000000000e+00,0.0000000000000000e+00,-3.1656642507429389e-01,0.0000000000000000e+00,1.4677067784553421e+00,7.5948601965966600e-01,2.2999983367049319e+00,7.0000381777682408e-01
C,7.6400000000000000e+02,0.0000000000000000e+00,0.0000000000000000e+00,0.0000000000000000e+00,0.0000000000000000e+00,-3.1656642507429389e-01,0.0000000000000000e+00,1.4677067784553421e+00,7.5948601965966600e-01,2.2999983367049319e+00,7.0000381777682408e-01
C,7.6500000000000000e+02,0.0000000000000000e+00,0.0000000000000000e+00,0.0000000000000000e+00,0.0000000000000000e+00,-3.1656642507429389e-01,0.0000000000000000e+00,1.4677067784553421e+00,7.5948601965966600e-01,2.2999983367049319e+00,7.0000381777682408e-01
C,7.6600000000000000e+02,0.0000000000000000e+00,0.0000000000000000e+00,0.0000000000000000e+00,0.0000000000000000e+00,-3.1656642507429389e-01,0.0000000000000000e+00,1.4677067784553421e+00,7.5948601965966600e-01,2.2999983367049319e+00,7.0000381777682408e-01
C,7.6700000000000000e+02,0.0000000000000000e+00,0.0000000000000000e+00,0.0000000000000000e+00,0.0000000000000000e+00,-3.1656642507429389e-01,0.0000000000000000e+00,1.4677067784553421e+00,7.5948601965966600e-01,2.2999983367049319e+00,7.0000381777682408e-01
C,7.6800000000000000e+02,0.0000000000000000e+00,0.0000000000000000e+00,0.0000000000000000e+00,0.0000000000000000e+00,-3.1656642507429389e-01,0.0000000000000000e+00,1.4677067784553421e+00,7.5948601965966600e-01,2.2999983367049319e+00,7.0000381777682408e-01
C,7.6900000000000000e+02,0.0000000000000000e+00,0.0000000000000000e+00,0.0000000000000000e+00,0.0000000000000000e+00,-3.1656642507429389e-01,0.0000000000000000e+00,1.4677067784553421e+00,7.5948601965966600e-01,2.2999983367049319e+00,7.0000381777682408e-01
C,7.7000000000000000e+02,0.0000000000000000e+00,0.0000000000000000e+00,0.0000000000000000e+00,0.0000000000000000e+00,-3.1656642507429389e-01,0.0000000000000000e+00,1.4677067784553421e+00,7.5948601965966600e-01,2.2999983367049319e+00,7.0000381777682408e-01
C,7.7100000000000000e+02,0.0000000000000000e+00,0.0000000000000000e+00,0.0000000000000000e+00,0.0000000000000000e+00,-3.1656642507429389e-01,0.0000000000000000e+00,1.4677067784553421e+00,7.5948601965966600e-01,2.2999983367049319e+00,7.0000381777682408e-01
C,7.7200000000000000e+02,0.0000000000000000e+00,0.0000000000000000e+00,0.0000000000000000e+00,0.0000000000000000e+00,-3.1656642507429389e-01,0.0000000000000000e+00,1.4677067784553421e+00,7.5948601965966600e-01,2.2999983367049319e+00,7.0000381777682408e-01
C,7.7300000000000000e+02,0.0000000000000000e+00,0.0000000000000000e+00,0.0000000000000000e+00,0.0000000000000000e+00,-3.1656642507429389e-01,0.0000000000000000e+00,1.4677067784553421e+00,7.5948601965966600e-01,2.2999983367049319e+00,7.0000381777682408e-01
C,7.7400000000000000e+02,0.0000000000000000e+00,0.0000000000000000e+00,0.0000000000000000e+00,0.0000000000000000e+00,-3.1656642507429389e-01,0.0000000000000000e+00,1.4677067784553421e+00,7.5948601965966600e-01,2.2999983367049319e+00,7.0000381777682408e-01
C,7.7500000000000000e+02,0.0000000000000000e+00,0.0000000000000000e+00,0.0000000000000000e+00,0.0000000000000000e+00,-3.1656642507429389e-01,0.0000000000000000e+00,1.4677067784553421e+00,7.5948601965966600e-01,2.2999983367049319e+00,7.0000381777682408e-01
C,7.7600000000000000e+02,0.0000000000000000e+00,0.0000000000000000e+00,0.0000000000000000e+00,0.0000000000000000e+00,-3.1656642507429389e-01,0.0000000000000000e+00,1.4677067784553421e+00,7.5948601965966600e-01,2.2999983367049319e+00,7.0000381777682408e-01
C,7.7700000000000000e+02,0.0000000000000000e+00,0.0000000000000000e+00,0.0000000000000000e+00,0.0000000000000000e+00,-3.1656642507429389e-01,0.0000000000000000e+00,1.4677067784553421e+00,7.5948601965966600e-01,2.2999983367049319e+00,7.0000381777682408e-01
C,7.7800000000000000e+02,0.0000000000000000e+00,0.0000000000000000e+00,0.0000000000000000e+00,0.0000000000000000e+00,-3.1656642507429389e-01,0.0000000000000000e+00,1.4677067784553421e+00,7.5948601965966600e-01,2.2999983367049319e+00,7.0000381777682408e-01
C,7.7900000000000000e+02,0.0000000000000000e+00,0.0000000000000000e+00,0.0000000000000000e+00,0.0000000000000000e+00,-3.1656642507429389e-01,0.0000000000000000e+00,1.4677067784553421e+00,7.5948601965966600e-01,2.2999983367049319e+00,7.0000381777682408e-01
C,7.8000000000000000e+02,0.0000000000000000e+00,0.0000000000000000e+00,0.0000000000000000e+00,0.0000000000000000e+00,-3.1656642507429389e-01,0.0000000000000000e+00,1.4677067784553421e+00,7.5948601965966600e-01,2.2999983367049319e+00,7.0000381777682408e-01
C,7.8100000000000000e+02,0.0000000000000000e+00,0.0000000000000000e+00,0.0000000000000000e+00,0.0000000000000000e+00,-3.1656642507429389e-01,0.0000000000000000e+00,1.4677067784553421e+00,7.5948601965966600e-01,2.2999983367049319e+00,7.0000381777682408e-01
C,7.8200000000000000e+02,0.0000000000000000e+00,0.0000000000000000e+00,0.0000000000000000e+00,0.0000000000000000e+00,-3.1656642507429389e-01,0.0000000000000000e+00,1.4677067784553421e+00,7.5948601965966600e-01,2.2999983367049319e+00,7.0000381777682408e-01
C,7.8300000000000000e+02,0.0000000000000000e+00,0.0000000000000000e+00,0.0000000000000000e+00,0.0000000000000000e+00,-3.1656642507429389e-01,0.0000000000000000e+00,1.4677067784553421e+00,7.5948601965966600e-01,2.2999983367049319e+00,7.0000381777682408e-01
C,7.8400000000000000e+02,0.0000000000000000e+00,0.0000000000000000e+00,0.0000000000000000e+00,0.0000000000000000e+00,-3.1656642507429389e-01,0.0000000000000000e+00,1.4677067784553421e+00,7.5948601965966600e-01,2.2999983367049319e+00,7.0000381777682408e-01
C,7.8500000000000000e+02,0.0000000000000000e+00,0.0000000000000000e+00,0.0000000000000000e+00,0.0000000000000000e+00,-3.1656642507429389e-01,0.0000000000000000e+00,1.4677067784553421e+00,7.5948601965966600e-01,2.2999983367049319e+00,7.0000381777682408e-01
C,7.8600000000000000e+02,0.0000000000000000e+00,0.0000000000000000e+00,0.0000000000000000e+00,0.0000000000000000e+00,-3.1656642507429389e-01,0.0000000000000000e+00,1.4677067784553421e+00,7.5948601965966600e-01,2.2999983367049319e+00,7.0000381777682408e-01
C,7.8700000000000000e+02,0.0000000000000000e+00,0.0000000000000000e+00,0.0000000000000000e+00,0.0000000000000000e+00,-3.1656642507429389e-01,0.0000000000000000e+00,1.4677067784553421e+00,7.5948601965966600e-01,2.2999983367049319e+00,7.0000381777682408e-01
C,7.8800000000000000e+02,0.0000000000000000e+00,0.0000000000000000e+00,0.0000000000000000e+00,0.0000000000000000e+00,-3.1656642507429389e-01,0.0000000000000000e+00,1.4677067784553421e+00,7.5948601965966600e-01,2.2999983367049319e+00,7.0000381777682408e-01
C,7.8900000000000000e+02,0.0000000000000000e+00,0.0000000000000000e+00,0.0000000000000000e+00,0.0000000000000000e+00,-3.1656642507429389e-01,0.0000000000000000e+00,1.4677067784553421e+00,7.5948601965966600e-01,2.2999983367049319e+00,7.0000381777682408e-01
C,7.9000000000000000e+02,0.0000000000000000e+00,0.0000000000000000e+00,0.0000000000000000e+00,0.0000000000000000e+00,-3.1656642507429389e-01,0.0000000000000000e+00,1.4677067784553421e+00,7.5948601965966600e-01,2.2999983367049319e+00,7.0000381777682408e-01
C,7.9100000000000000e+02,0.0000000000000000e+00,0.0000000000000000e+00,0.0000000000000000e+00,0.0000000000000000e+00,-3.1656642507429389e-01,0.0000000000000000e+00,1.4677067784553421e+00,7.5948601965966600e-01,2.2999983367049319e+00,7.0000381777682408e-01
C,7.9200000000000000e+02,0.0000000000000000e+00,0.0000000000000000e+00,0.0000000000000000e+00,0.0000000000000000e+00,-3.1656642507429389e-01,0.0000000000000000e+00,1.4677067784553421e+00,7.5948601965966600e-01,2.2999983367049319e+00,7.0000381777682408e-01
C,7.9300000000000000e+02,0.0000000000000000e+00,0.0000000000000000e+00,0.0000000000000000e+00,0.0000000000000000e+00,-3.1656642507429389e-01,0.0000000000000000e+00,1.4677067784553421e+00,7.5948601965966600e-01,2.2999983367049319e+00,7.0000381777682408e-01
C,7.9400000000000000e+02,0.0000000000000000e+00,0.0000000000000000e+00,0.0000000000000000e+00,0.0000000000000000e+00,-3.1656642507429389e-01,0.0000000000000000e+00,1.4677067784553421e+00,7.5948601965966600e-01,2.2999983367049319e+00,7.0000381777682408e-01
C,7.9500000000000000e+02,0.0000000000000000e+00,0.0000000000000000e+00,0.0000000000000000e+00,0.0000000000000000e+00,-3.1656642507429389e-01,0.0000000000000000e+00,1.4677067784553421e+00,7.5948601965966600e-01,2.2999983367049319e+00,7.0000381777682408e-01
C,7.9600000000000000e+02,0.0000000000000000e+00,0.0000000000000000e+00,0.0000000000000000e+00,0.0000000000000000e+00,-3.1656642507429389e-01,0.0000000000000000e+00,1.4677067784553421e+00,7.5948601965966600e-01,2.2999983367049319e+00,7.0000381777682408e-01
C,7.9700000000000000e+02,0.0000000000000000e+00,0.0000000000000000e+00,0.0000000000000000e+00,0.0000000000000000e+00,-3.1656642507429389e-01,0.0000000000000000e+00,1.4677067784553421e+00,7.5948601965966600e-01,2.2999983367049319e+00,7.0000381777682408e-01
C,7.9800000000000000e+02,0.0000000000000000e+00,0.0000000000000000e+00,0.0000000000000000e+00,0.0000000000000000e+00,-3.1656642507429389e-01,0.0000000000000000e+00,1.4677067784553421e+00,7.5948601965966600e-01,2.2999983367049319e+00,7.0000381777682408e-01
C,7.9900000000000000e+02,0.0000000000000000e+00,0.0000000000000000e+00,0.0000000000000000e+00,0.0000000000000000e+00,-3.1656642507429389e-01,0.0000000000000000e+00,1.4677067784553421e+00,7.5948601965966600e-01,2.2999983367049319e+00,7.0000381777682408e-01
C,8.0000000000000000e+02,0.0000000000000000e+00,0.0000000000000000e+00,0.0000000000000000e+00,0.0000000000000000e+00,-3.1656642507429389e-01,0.0000000000000000e+00,1.4677067784553421e+00,7.5948601965966600e-01,2.2999983367049319e+00,7.0000381777682408e-01
C,8.0100000000000000e+02,0.0000000000000000e+00,0.0000000000000000e+00,0.0000000000000000e+00,0.0000000000000000e+00,-3.1656642507429389e-01,0.0000000000000000e+00,1.4677067784553421e+00,7.5948601965966600e-01,2.2999983367049319e+00,7.0000381777682408e-01
C,8.0200000000000000e+02,0.0000000000000000e+00,0.0000000000000000e+00,0.0000000000000000e+00,0.0000000000000000e+00,-3.1656642507429389e-01,0.0000000000000000e+00,1.4677067784553421e+00,7.5948601965966600e-01,2.2999983367049319e+00,7.0000381777682408e-01
C,8.0300000000000000e+02,0.0000000000000000e+00,0.0000000000000000e+00,0.0000000000000000e+00,0.0000000000000000e+00,-3.1656642507429389e-01,0.0000000000000000e+00,1.4677067784553421e+00,7.5948601965966600e-01,2.2999983367049319e+00,7.0000381777682408e-01
C,8.0400000000000000e+02,0.0000000000000000e+00,0.0000000000000000e+00,0.0000000000000000e+00,0.0000000000000000e+00,-3.1656642507429389e-01,0.0000000000000000e+00,1.4677067784553421e+00,7.5948601965966600e-01,2.2999983367049319e+00,7.0000381777682408e-01
C,8.0500000000000000e+02,0.0000000000000000e+00,0.0000000000000000e+00,0.0000000000000000e+00,0.0000000000000000e+00,-3.1656642507429389e-01,0.0000000000000000e+00,1.4677067784553421e+00,7.5948601965966600e-01,2.2999983367049319e+00,7.0000381777682408e-01
C,8.0600000000000000e+02,0.0000000000000000e+00,0.0000000000000000e+00,0.0000000000000000e+00,0.0000000000000000e+00,-3.1656642507429389e-01,0.0000000000000000e+00,1.4677067784553421e+00,7.5948601965966600e-01,2.2999983367049319e+00,7.0000381777682408e-01
C,8.0700000000000000e+02,0.0000000000000000e+00,0.0000000000000000e+00,0.0000000000000000e+00,0.0000000000000000e+00,-3.1656642507429389e-01,0.0000000000000000e+00,1.4677067784553421e+00,7.5948601965966600e-01,2.2999983367049319e+00,7.0000381777682408e-01
C,8.0800000000000000e+02,0.0000000000000000e+00,0.0000000000000000e+00,0.0000000000000000e+00,0.0000000000000000e+00,-3.1656642507429389e-01,0.0000000000000000e+00,1.4677067784553421e+00,7.5948601965966600e-01,2.2999983367049319e+00,7.0000381777682408e-01
C,8.0900000000000000e+02,0.0000000000000000e+00,0.0000000000000000e+00,0.0000000000000000e+00,0.0000000000000000e+00,-3.1656642507429389e-01,0.0000000000000000e+00,1.4677067784553421e+00,7.5948601965966600e-01,2.2999983367049319e+00,7.0000381777682408e-01
C,8.1000000000000000e+02,0.0000000000000000e+00,0.0000000000000000e+00,0.0000000000000000e+00,0.0000000000000000e+00,-3.1656642507429389e-01,0.0000000000000000e+00,1.4677067784553421e+00,7.5948601965966600e-01,2.2999983367049319e+00,7.0000381777682408e-01
C,8.1100000000000000e+02,0.0000000000000000e+00,0.0000000000000000e+00,0.0000000000000000e+00,0.0000000000000000e+00,-3.1656642507429389e-01,0.0000000000000000e+00,1.4677067784553421e+00,7.5948601965966600e-01,2.2999983367049319e+00,7.0000381777682408e-01
C,8.1200000000000000e+02,0.0000000000000000e+00,0.0000000000000000e+00,0.0000000000000000e+00,0.0000000000000000e+00,-3.1656642507429389e-01,0.0000000000000000e+00,1.4677067784553421e+00,7.5948601965966600e-01,2.2999983367049319e+00,7.0000381777682408e-01
C,8.1300000000000000e+02,0.0000000000000000e+00,0.0000000000000000e+00,0.0000000000000000e+00,0.0000000000000000e+00,-3.1656642507429389e-01,0.0000000000000000e+00,1.4677067784553421e+00,7.5948601965966600e-01,2.2999983367049319e+00,7.0000381777682408e-01
C,8.1400000000000000e+02,0.0000000000000000e+00,0.0000000000000000e+00,0.0000000000000000e+00,0.0000000000000000e+00,-3.1656642507429389e-01,0.0000000000000000e+00,1.4677067784553421e+00,7.5948601965966600e-01,2.2999983367049319e+00,7.0000381777682408e-01
C,8.1500000000000000e+02,0.0000000000000000e+00,0.0000000000000000e+00,0.0000000000000000e+00,0.0000000000000000e+00,-3.1656642507429389e-01,0.0000000000000000e+00,1.4677067784553421e+00,7.5948601965966600e-01,2.2999983367049319e+00,7.0000381777682408e-01
C,8.1600000000000000e+02,0.0000000000000000e+00,0.0000000000000000e+00,0.0000000000000000e+00,0.0000000000000000e+00,-3.1656642507429389e-01,0.0000000000000000e+00,1.4677067784553421e+00,7.5948601965966600e-01,2.2999983367049319e+00,7.0000381777682408e-01
C,8.1700000000000000e+02,0.0000000000000000e+00,0.0000000000000000e+00,0.0000000000000000e+00,0.0000000000000000e+00,-3.1656642507429389e-01,0.0000000000000000e+00,1.4677067784553421e+00,7.5948601965966600e-01,2.2999983367049319e+00,7.0000381777682408e-01
C,8.1800000000000000e+02,0.0000000000000000e+00,0.0000000000000000e+00,0.0000000000000000e+00,0.0000000000000000e+00,-3.1656642507429389e-01,0.0000000000000000e+00,1.4677067784553421e+00,7.5948601965966600e-01,2.2999983367049319e+00,7.0000381777682408e-01
C,8.1900000000000000e+02,0.0000000000000000e+00,0.0000000000000000e+00,0.0000000000000000e+00,0.0000000000000000e+00,-3.1656642507429389e-01,0.0000000000000000e+00,1.4677067784553421e+00,7.5948601965966600e-01,2.2999983367049319e+00,7.0000381777682408e-01
C,8.2000000000000000e+02,0.0000000000000000e+00,0.0000000000000000e+00,0.0000000000000000e+00,0.0000000000000000e+00,-3.1656642507429389e-01,0.0000000000000000e+00,1.4677067784553421e+00,7.5948601965966600e-01,2.2999983367049319e+00,7.0000381777682408e-01
C,8.2100000000000000e+02,0.0000000000000000e+00,0.0000000000000000e+00,0.0000000000000000e+00,0.0000000000000000e+00,-3.1656642507429389e-01,0.0000000000000000e+00,1.4677067784553421e+00,7.5948601965966600e-01,2.2999983367049319e+00,7.0000381777682408e-01
C,8.2200000000000000e+02,0.0000000000000000e+00,0.0000000000000000e+00,0.0000000000000000e+00,0.0000000000000000e+00,-3.1656642507429389e-01,0.0000000000000000e+00,1.4677067784553421e+00,7.5948601965966600e-01,2.2999983367049319e+00,7.0000381777682408e-01
C,8.2300000000000000e+02,0.0000000000000000e+00,0.0000000000000000e+00,0.0000000000000000e+00,0.0000000000000000e+00,-3.1656642507429389e-01,0.0000000000000000e+00,1.4677067784553421e+00,7.5948601965966600e-01,2.2999983367049319e+00,7.0000381777682408e-01
C,8.2400000000000000e+02,0.0000000000000000e+00,0.0000000000000000e+00,0.0000000000000000e+00,0.0000000000000000e+00,-3.1656642507429389e-01,0.0000000000000000e+00,1.4677067784553421e+00,7.5948601965966600e-01,2.2999983367049319e+00,7.0000381777682408e-01
C,8.2500000000000000e+02,0.0000000000000000e+00,0.0000000000000000e+00,0.0000000000000000e+00,0.0000000000000000e+00,-3.1656642507429389e-01,0.0000000000000000e+00,1.4677067784553421e+00,7.5948601965966600e-01,2.2999983367049319e+00,7.0000381777682408e-01
C,8.2600000000000000e+02,0.0000000000000000e+00,0.0000000000000000e+00,0.0000000000000000e+00,0.0000000000000000e+00,-3.1656642507429389e-01,0.0000000000000000e+00,1.4677067784553421e+00,7.5948601965966600e-01,2.2999983367049319e+00,7.0000381777682408e-01
C,8.2700000000000000e+02,0.0000000000000000e+00,0.0000000000000000e+00,0.0000000000000000e+00,0.0000000000000000e+00,-3.1656642507429389e-01,0.0000000000000000e+00,1.4677067784553421e+00,7.5948601965966600e-01,2.2999983367049319e+00,7.0000381777682408e-01
C,8.2800000000000000e+02,0.0000000000000000e+00,0.0000000000000000e+00,0.0000000000000000e+00,0.0000000000000000e+00,-3.1656642507429389e-01,0.0000000000000000e+00,1.4677067784553421e+00,7.5948601965966600e-01,2.2999983367049319e+00,7.0000381777682408e-01
C,8.2900000000000000e+02,0.0000000000000000e+00,0.0000000000000000e+00,0.0000000000000000e+00,0.0000000000000000e+00,-3.1656642507429389e-01,0.0000000000000000e+00,1.4677067784553421e+00,7.5948601965966600e-01,2.2999983367049319e+00,7.0000381777682408e-01
C,8.3000000000000000e+02,0.0000000000000000e+00,0.0000000000000000e+00,0.0000000000000000e+00,0.0000000000000000e+00,-3.1656642507429389e-01,0.0000000000000000e+00,1.4677067784553421e+00,7.5948601965966600e-01,2.2999983367049319e+00,7.0000381777682408e-01
C,8.3100000000000000e+02,0.0000000000000000e+00,0.0000000000000000e+00,0.0000000000000000e+00,0.0000000000000000e+00,-3.1656642507429389e-01,0.0000000000000000e+00,1.4677067784553421e+00,7.5948601965966600e-01,2.2999983367049319e+00,7.0000381777682408e-01
C,8.3200000000000000e+02,0.0000000000000000e+00,0.0000000000000000e+00,0.0000000000000000e+00,0.0000000000000000e+00,-3.1656642507429389e-01,0.0000000000000000e+00,1.4677067784553421e+00,7.5948601965966600e-01,2.2999983367049319e+00,7.0000381777682408e-01
C,8.3300000000000000e+02,0.0000000000000000e+00,0.0000000000000000e+00,0.0000000000000000e+00,0.0000000000000000e+00,-3.1656642507429389e-01,0.0000000000000000e+00,1.4677067784553421e+00,7.5948601965966600e-01,2.2999983367049319e+00,7.0000381777682408e-01
C,8.3400000000000000e+02,0.0000000000000000e+00,0.0000000000000000e+00,0.0000000000000000e+00,0.0000000000000000e+00,-3.1656642507429389e-01,0.0000000000000000e+00,1.4677067784553421e+00,7.5948601965966600e-01,2.2999983367049319e+00,7.0000381777682408e-01
C,8.3500000000000000e+02,0.0000000000000000e+00,0.0000000000000000e+00,0.0000000000000000e+00,0.0000000000000000e+00,-3.1656642507429389e-01,0.0000000000000000e+00,1.4677067784553421e+00,7.5948601965966600e-01,2.2999983367049319e+00,7.0000381777682408e-01
C,8.3600000000000000e+02,0.0000000000000000e+00,0.0000000000000000e+00,0.0000000000000000e+00,0.0000000000000000e+00,-3.1656642507429389e-01,0.0000000000000000e+00,1.4677067784553421e+00,7.5948601965966600e-01,2.2999983367049319e+00,7.0000381777682408e-01
C,8.3700000000000000e+02,0.0000000000000000e+00,0.0000000000000000e+00,0.0000000000000000e+00,0.0000000000000000e+00,-3.1656642507429389e-01,0.0000000000000000e+00,1.4677067784553421e+00,7.5948601965966600e-01,2.2999983367049319e+00,7.0000381777682408e-01
C,8.3800000000000000e+02,0.0000000000000000e+00,0.0000000000000000e+00,0.0000000000000000e+00,0.0000000000000000e+00,-3.1656642507429389e-01,0.0000000000000000e+00,1.4677067784553421e+00,7.5948601965966600e-01,2.2999983367049319e+00,7.0000381777682408e-01
C,8.3900000000000000e+02,0.0000000000000000e+00,0.0000000000000000e+00,0.0000000000000000e+00,0.0000000000000000e+00,-3.1656642507429389e-01,0.0000000000000000e+00,1.4677067784553421e+00,7.5948601965966600e-01,2.2999983367049319e+00,7.0000381777682408e-01
C,8.4000000000000000e+02,0.0000000000000000e+00,0.0000000000000000e+00,0.0000000000000000e+00,0.0000000000000000e+00,-3.1656642507429389e-01,0.0000000000000000e+00,1.4677067784553421e+00,7.5948601965966600e-01,2.2999983367049319e+00,7.0000381777682408e-01
C,8.4100000000000000e+02,0.0000000000000000e+00,0.0000000000000000e+00,0.0000000000000000e+00,0.0000000000000000e+00,-3.1656642507429389e-01,0.0000000000000000e+00,1.4677067784553421e+00,7.5948601965966600e-01,2.2999983367049319e+00,7.0000381777682408e-01
C,8.4200000000000000e+02,0.0000000000000000e+00,0.0000000000000000e+00,0.0000000000000000e+00,0.0000000000000000e+00,-3.1656642507429389e-01,0.0000000000000000e+00,1.4677067784553421e+00,7.5948601965966600e-01,2.2999983367049319e+00,7.0000381777682408e-01
C,8.4300000000000000e+02,0.0000000000000000e+00,0.0000000000000000e+00,0.0000000000000000e+00,0.0000000000000000e+00,-3.1656642507429389e-01,0.0000000000000000e+00,1.4677067784553421e+00,7.5948601965966600e-01,2.2999983367049319e+00,7.0000381777682408e-01
C,8.4400000000000000e+02,0.0000000000000000e+00,0.0000000000000000e+00,0.0000000000000000e+00,0.0000000000000000e+00,-3.1656642507429389e-01,0.0000000000000000e+00,1.4677067784553421e+00,7.5948601965966600e-01,2.2999983367049319e+00,7.0000381777682408e-01
C,8.4500000000000000e+02,0.0000000000000000e+00,0.0000000000000000e+00,0.0000000000000000e+00,0.0000000000000000e+00,-3.1656642507429389e-01,0.0000000000000000e+00,1.4677067784553421e+00,7.5948601965966600e-01,2.2999983367049319e+00,7.0000381777682408e-01
C,8.4600000000000000e+02,0.0000000000000000e+00,0.0000000000000000e+00,0.0000000000000000e+00,0.0000000000000000e+00,-3.1656642507429389e-01,0.0000000000000000e+00,1.4677067784553421e+00,7.5948601965966600e-01,2.2999983367049319e+00,7.0000381777682408e-01
C,8.4700000000000000e+02,0.0000000000000000e+00,0.0000000000000000e+00,0.0000000000000000e+00,0.0000000000000000e+00,-3.1656642507429389e-01,0.0000000000000000e+00,1.4677067784553421e+00,7.5948601965966600e-01,2.2999983367049319e+00,7.0000381777682408e-01
C,8.4800000000000000e+02,0.0000000000000000e+00,0.0000000000000000e+00,0.0000000000000000e+00,0.0000000000000000e+00,-3.1656642507429389e-01,0.0000000000000000e+00,1.4677067784553421e+00,7.5948601965966600e-01,2.2999983367049319e+00,7.0000381777682408e-01
C,8.4900000000000000e+02,0.0000000000000000e+00,0.0000000000000000e+00,0.0000000000000000e+00,0.0000000000000000e+00,-3.1656642507429389e-01,0.0000000000000000e+00,1.4677067784553421e+00,7.5948601965966600e-01,2.2999983367049319e+00,7.0000381777682408e-01
C,8.5000000000000000e+02,0.0000000000000000e+00,0.0000000000000000e+00,0.0000000000000000e+00,0.0000000000000000e+00,-3.1656642507429389e-01,0.0000000000000000e+00,1.4677067784553421e+00,7.5948601965966600e-01,2.2999983367049319e+00,7.0000381777682408e-01
C,8.5100000000000000e+02,0.0000000000000000e+00,0.0000000000000000e+00,0.0000000000000000e+00,0.0000000000000000e+00,-3.1656642507429389e-01,0.0000000000000000e+00,1.4677067784553421e+00,7.5948601965966600e-01,2.2999983367049319e+00,7.0000381777682408e-01
C,8.5200000000000000e+02,0.0000000000000000e+00,0.0000000000000000e+00,0.0000000000000000e+00,0.0000000000000000e+00,-3.1656642507429389e-01,0.0000000000000000e+00,1.4677067784553421e+00,7.5948601965966600e-01,2.2999983367049319e+00,7.0000381777682408e-01
C,8.5300000000000000e+02,0.0000000000000000e+00,0.0000000000000000e+00,0.0000000000000000e+00,0.0000000000000000e+00,-3.1656642507429389e-01,0.0000000000000000e+00,1.4677067784553421e+00,7.5948601965966600e-01,2.2999983367049319e+00,7.0000381777682408e-01
C,8.5400000000000000e+02,0.0000000000000000e+00,0.0000000000000000e+00,0.0000000000000000e+00,0.0000000000000000e+00,-3.1656642507429389e-01,0.0000000000000000e+00,1.4677067784553421e+00,7.5948601965966600e-01,2.2999983367049319e+00,7.0000381777682408e-01
C,8.5500000000000000e+02,0.0000000000000000e+00,0.0000000000000000e+00,0.0000000000000000e+00,0.0000000000000000e+00,-3.1656642507429389e-01,0.0000000000000000e+00,1.4677067784553421e+00,7.5948601965966600e-01,2.2999983367049319e+00,7.0000381777682408e-01
C,8.5600000000000000e+02,0.0000000000000000e+00,0.0000000000000000e+00,0.0000000000000000e+00,0.0000000000000000e+00,-3.1656642507429389e-01,0.0000000000000000e+00,1.4677067784553421e+00,7.5948601965966600e-01,2.2999983367049319e+00,7.0000381777682408e-01
C,8.5700000000000000e+02,0.0000000000000000e+00,0.0000000000000000e+00,0.0000000000000000e+00,0.0000000000000000e+00,-3.1656642507429389e-01,0.0000000000000000e+00,1.4677067784553421e+00,7.5948601965966600e-01,2.2999983367049319e+00,7.0000381777682408e-01
C,8.5800000000000000e+02,0.0000000000000000e+00,0.0000000000000000e+00,0.0000000000000000e+00,0.0000000000000000e+00,-3.1656642507429389e-01,0.0000000000000000e+00,1.4677067784553421e+00,7.5948601965966600e-01,2.2999983367049319e+00,7.0000381777682408e-01
C,8.5900000000000000e+02,0.0000000000000000e+00,0.0000000000000000e+00,0.0000000000000000e+00,0.0000000000000000e+00,-3.1656642507429389e-01,0.0000000000000000e+00,1.4677067784553421e+00,7.5948601965966600e-01,2.2999983367049319e+00,7.0000381777682408e-01
C,8.6000000000000000e+02,0.0000000000000000e+00,0.0000000000000000e+00,0.0000000000000000e+00,0.0000000000000000e+00,-3.1656642507429389e-01,0.0000000000000000e+00,1.4677067784553421e+00,7.5948601965966600e-01,2.2999983367049319e+00,7.0000381777682408e-01
C,8.6100000000000000e+02,0.0000000000000000e+00,0.0000000000000000e+00,0.0000000000000000e+00,0.0000000000000000e+00,-3.1656642507429389e-01,0.0000000000000000e+00,1.4677067784553421e+00,7.5948601965966600e-01,2.2999983367049319e+00,7.0000381777682408e-01
C,8.6200000000000000e+02,0.0000000000000000e+00,0.0000000000000000e+00,0.0000000000000000e+00,0.0000000000000000e+00,-3.1656642507429389e-01,0.0000000000000000e+00,1.4677067784553421e+00,7.5948601965966600e-01,2.2999983367049319e+00,7.0000381777682408e-01
C,8.6300000000000000e+02,0.0000000000000000e+00,0.0000000000000000e+00,0.0000000000000000e+00,0.0000000000000000e+00,-3.1656642507429389e-01,0.0000000000000000e+00,1.4677067784553421e+00,7.5948601965966600e-01,2.2999983367049319e+00,7.0000381777682408e-01
C,8.6400000000000000e+02,0.0000000000000000e+00,0.0000000000000000e+00,0.0000000000000000e+00,0.0000000000000000e+00,-3.1656642507429389e-01,0.0000000000000000e+00,1.4677067784553421e+00,7.5948601965966600e-01,2.2999983367049319e+00,7.0000381777682408e-01
C,8.6500000000000000e+02,0.0000000000000000e+00,0.0000000000000000e+00,0.0000000000000000e+00,0.0000000000000000e+00,-3.1656642507429389e-01,0.0000000000000000e+00,1.4677067784553421e+00,7.5948601965966600e-01,2.2999983367049319e+00,7.0000381777682408e-01
C,8.6600000000000000e+02,0.0000000000000000e+00,0.0000000000000000e+00,0.0000000000000000e+00,0.0000000000000000e+00,-3.1656642507429389e-01,0.0000000000000000e+00,1.4677067784553421e+00,7.5948601965966600e-01,2.2999983367049319e+00,7.0000381777682408e-01
C,8.6700000000000000e+02,0.0000000000000000e+00,0.0000000000000000e+00,0.0000000000000000e+00,0.0000000000000000e+00,-3.1656642507429389e-01,0.0000000000000000e+00,1.4677067784553421e+00,7.5948601965966600e-01,2.2999983367049319e+00,7.0000381777682408e-01
C,8.6800000000000000e+02,0.0000000000000000e+00,0.0000000000000000e+00,0.0000000000000000e+00,0.0000000000000000e+00,-3.1656642507429389e-01,0.0000000000000000e+00,1.4677067784553421e+00,7.5948601965966600e-01,2.2999983367049319e+00,7.0000381777682408e-01
C,8.6900000000000000e+02,0.0000000000000000e+00,0.0000000000000000e+00,0.0000000000000000e+00,0.0000000000000000e+00,-3.1656642507429389e-01,0.0000000000000000e+00,1.4677067784553421e+00,7.5948601965966600e-01,2.2999983367049319e+00,7.0000381777682408e-01
C,8.7000000000000000e+02,0.0000000000000000e+00,0.0000000000000000e+00,0.0000000000000000e+00,0.0000000000000000e+00,-3.1656642507429389e-01,0.0000000000000000e+00,1.4677067784553421e+00,7.5948601965966600e-01,2.2999983367049319e+00,7.0000381777682408e-01
C,8.7100000000000000e+02,0.0000000000000000e+00,0.0000000000000000e+00,0.0000000000000000e+00,0.0000000000000000e+00,-3.1656642507429389e-01,0.0000000000000000e+00,1.4677067784553421e+00,7.5948601965966600e-01,2.2999983367049319e+00,7.0000381777682408e-01
C,8.7200000000000000e+02,0.0000000000000000e+00,0.0000000000000000e+00,0.0000000000000000e+00,0.0000000000000000e+00,-3.1656642507429389e-01,0.0000000000000000e+00,1.4677067784553421e+00,7.5948601965966600e-01,2.2999983367049319e+00,7.0000381777682408e-01
C,8.7300000000000000e+02,0.0000000000000000e+00,0.0000000000000000e+00,0.0000000000000000e+00,0.0000000000000000e+00,-3.1656642507429389e-01,0.0000000000000000e+00,1.4677067784553421e+00,7.5948601965966600e-01,2.2999983367049319e+00,7.0000381777682408e-01
C,8.7400000000000000e+02,0.0000000000000000e+00,0.0000000000000000e+00,0.0000000000000000e+00,0.0000000000000000e+00,-3.1656642507429389e-01,0.0000000000000000e+00,1.4677067784553421e+00,7.5948601965966600e-01,2.2999983367049319e+00,7.0000381777682408e-01
C,8.7500000000000000e+02,0.0000000000000000e+00,0.0000000000000000e+00,0.0000000000000000e+00,0.0000000000000000e+00,-3.1656642507429389e-01,0.0000000000000000e+00,1.4677067784553421e+00,7.5948601965966600e-01,2.2999983367049319e+00,7.0000381777682408e-01
C,8.7600000000000000e+02,0.0000000000000000e+00,0.0000000000000000e+00,0.0000000000000000e+00,0.0000000000000000e+00,-3.1656642507429389e-01,0.0000000000000000e+00,1.4677067784553421e+00,7.5948601965966600e-01,2.2999983367049319e+00,7.0000381777682408e-01
C,8.7700000000000000e+02,0.0000000000000000e+00,0.0000000000000000e+00,0.0000000000000000e+00,0.0000000000000000e+00,-3.1656642507429389e-01,0.0000000000000000e+00,1.4677067784553421e+00,7.5948601965966600e-01,2.2999983367049319e+00,7.0000381777682408e-01
C,8.7800000000000000e+02,0.0000000000000000e+00,0.0000000000000000e+00,0.0000000000000000e+00,0.0000000000000000e+00,-3.1656642507429389e-01,0.0000000000000000e+00,1.4677067784553421e+00,7.5948601965966600e-01,2.2999983367049319e+00,7.0000381777682408e-01
C,8.7900000000000000e+02,0.0000000000000000e+00,0.0000000000000000e+00,0.0000000000000000e+00,0.0000000000000000e+00,-3.1656642507429389e-01,0.0000000000000000e+00,1.4677067784553421e+00,7.5948601965966600e-01,2.2999983367049319e+00,7.0000381777682408e-01
C,8.8000000000000000e+02,0.0000000000000000e+00,0.0000000000000000e+00,0.0000000000000000e+00,0.0000000000000000e+00,-3.1656642507429389e-01,0.0000000000000000e+00,1.4677067784553421e+00,7.5948601965966600e-01,2.2999983367049319e+00,7.0000381777682408e-01
C,8.8100000000000000e+02,0.0000000000000000e+00,0.0000000000000000e+00,0.0000000000000000e+00,0.0000000000000000e+00,-3.1656642507429389e-01,0.0000000000000000e+00,1.4677067784553421e+00,7.5948601965966600e-01,2.2999983367049319e+00,7.0000381777682408e-01
C,8.8200000000000000e+02,0.0000000000000000e+00,0.0000000000000000e+00,0.0000000000000000e+00,0.0000000000000000e+00,-3.1656642507429389e-01,0.0000000000000000e+00,1.4677067784553421e+00,7.5948601965966600e-01,2.2999983367049319e+00,7.0000381777682408e-01
C,8.8300000000000000e+02,0.0000000000000000e+00,0.0000000000000000e+00,0.0000000000000000e+00,0.0000000000000000e+00,-3.1656642507429389e-01,0.0000000000000000e+00,1.4677067784553421e+00,7.5948601965966600e-01,2.2999983367049319e+00,7.0000381777682408e-01
C,8.8400000000000000e+02,0.0000000000000000e+00,0.0000000000000000e+00,0.0000000000000000e+00,0.0000000000000000e+00,-3.1656642507429389e-01,0.0000000000000000e+00,1.4677067784553421e+00,7.5948601965966600e-01,2.2999983367049319e+00,7.0000381777682408e-01
C,8.8500000000000000e+02,0.0000000000000000e+00,0.0000000000000000e+00,0.0000000000000000e+00,0.0000000000000000e+00,-3.1656642507429389e-01,0.0000000000000000e+00,1.4677067784553421e+00,7.5948601965966600e-01,2.2999983367049319e+00,7.0000381777682408e-01
C,8.8600000000000000e+02,0.0000000000000000e+00,0.0000000000000000e+00,0.0000000000000000e+00,0.0000000000000000e+00,-3.1656642507429389e-01,0.0000000000000000e+00,1.4677067784553421e+00,7.5948601965966600e-01,2.2999983367049319e+00,7.0000381777682408e-01
C,8.8700000000000000e+02,0.0000000000000000e+00,0.0000000000000000e+00,0.0000000000000000e+00,0.0000000000000000e+00,-3.1656642507429389e-01,0.0000000000000000e+00,1.4677067784553421e+00,7.5948601965966600e-01,2.2999983367049319e+00,7.0000381777682408e-01
C,8.8800000000000000e+02,0.0000000000000000e+00,0.0000000000000000e+00,0.0000000000000000e+00,0.0000000000000000e+00,-3.1656642507429389e-01,0.0000000000000000e+00,1.4677067784553421e+00,7.5948601965966600e-01,2.2999983367049319e+00,7.0000381777682408e-01
C,8.8900000000000000e+02,0.0000000000000000e+00,0.0000000000000000e+00,0.0000000000000000e+00,0.0000000000000000e+00,-3.1656642507429389e-01,0.0000000000000000e+00,1.4677067784553421e+00,7.5948601965966600e-01,2.2999983367049319e+00,7.0000381777682408e-01
C,8.9000000000000000e+02,0.0000000000000000e+00,0.0000000000000000e+00,0.0000000000000000e+00,0.0000000000000000e+00,-3.1656642507429389e-01,0.0000000000000000e+00,1.4677067784553421e+00,7.5948601965966600e-01,2.2999983367049319e+00,7.0000381777682408e-01
C,8.9100000000000000e+02,0.0000000000000000e+00,0.0000000000000000e+00,0.0000000000000000e+00,0.0000000000000000e+00,-3.1656642507429389e-01,0.0000000000000000e+00,1.4677067784553421e+00,7.5948601965966600e-01,2.2999983367049319e+00,7.0000381777682408e-01
C,8.9200000000000000e+02,0.0000000000000000e+00,0.0000000000000000e+00,0.0000000000000000e+00,0.0000000000000000e+00,-3.1656642507429389e-01,0.0000000000000000e+00,1.4677067784553421e+00,7.5948601965966600e-01,2.2999983367049319e+00,7.0000381777682408e-01
C,8.9300000000000000e+02,0.0000000000000000e+00,0.0000000000000000e+00,0.0000000000000000e+00,0.0000000000000000e+00,-3.1656642507429389e-01,0.0000000000000000e+00,1.4677067784553421e+00,7.5948601965966600e-01,2.2999983367049319e+00,7.0000381777682408e-01
C,8.9400000000000000e+02,0.0000000000000000e+00,0.0000000000000000e+00,0.0000000000000000e+00,0.0000000000000000e+00,-3.1656642507429389e-01,0.0000000000000000e+00,1.4677067784553421e+00,7.5948601965966600e-01,2.2999983367049319e+00,7.0000381777682408e-01
C,8.9500000000000000e+02,0.0000000000000000e+00,0.0000000000000000e+00,0.0000000000000000e+00,0.0000000000000000e+00,-3.1656642507429389e-01,0.0000000000000000e+00,1.4677067784553421e+00,7.5948601965966600e-01,2.2999983367049319e+00,7.0000381777682408e-01
C,8.9600000000000000e+02,0.0000000000000000e+00,0.0000000000000000e+00,0.0000000000000000e+00,0.0000000000000000e+00,-3.1656642507429389e-01,0.0000000000000000e+00,1.4677067784553421e+00,7.5948601965966600e-01,2.2999983367049319e+00,7.0000381777682408e-01
C,8.9700000000000000e+02,0.0000000000000000e+00,0.0000000000000000e+00,0.0000000000000000e+00,0.0000000000000000e+00,-3.1656642507429389e-01,0.0000000000000000e+00,1.4677067784553421e+00,7.5948601965966600e-01,2.2999983367049319e+00,7.0000381777682408e-01
C,8.9800000000000000e+02,0.0000000000000000e+00,0.0000000000000000e+00,0.0000000000000000e+00,0.0000000000000000e+00,-3.1656642507429389e-01,0.0000000000000000e+00,1.4677067784553421e+00,7.5948601965966600e-01,2.2999983367049319e+00,7.0000381777682408e-01
C,8.9900000000000000e+02,0.0000000000000000e+00,0.0000000000000000e+00,0.0000000000000000e+00,0.0000000000000000e+00,-3.1656642507429389e-01,0.0000000000000000e+00,1.4677067784553421e+00,7.5948601965966600e-01,2.2999983367049319e+00,7.0000381777682408e-01
C,9.0000000000000000e+02,0.0000000000000000e+00,0.0000000000000000e+00,0.0000000000000000e+00,0.0000000000000000e+00,-3.1656642507429389e-01,0.0000000000000000e+00,1.4677067784553421e+00,7.5948601965966600e-01,2.2999983367049319e+00,7.0000381777682408e-01
C,9.0100000000000000e+02,0.0000000000000000e+00,0.0000000000000000e+00,0.0000000000000000e+00,0.0000000000000000e+00,-3.1656642507429389e-01,0.0000000000000000e+00,1.4677067784553421e+00,7.5948601965966600e-01,2.2999983367049319e+00,7.0000381777682408e-01
C,9.0200000000000000e+02,0.0000000000000000e+00,0.0000000000000000e+00,0.0000000000000000e+00,0.0000000000000000e+00,-3.1656642507429389e-01,0.0000000000000000e+00,1.4677067784553421e+00,7.5948601965966600e-01,2.2999983367049319e+00,7.0000381777682408e-01
C,9.0300000000000000e+02,0.0000000000000000e+00,0.0000000000000000e+00,0.0000000000000000e+00,0.0000000000000000e+00,-3.1656642507429389e-01,0.0000000000000000e+00,1.4677067784553421e+00,7.5948601965966600e-01,2.2999983367049319e+00,7.0000381777682408e-01
C,9.0400000000000000e+02,0.0000000000000000e+00,0.0000000000000000e+00,0.0000000000000000e+00,0.0000000000000000e+00,-3.1656642507429389e-01,0.0000000000000000e+00,1.4677067784553421e+00,7.5948601965966600e-01,2.2999983367049319e+00,7.0000381777682408e-01
C,9.0500000000000000e+02,0.0000000000000000e+00,0.0000000000000000e+00,0.0000000000000000e+00,0.0000000000000000e+00,-3.1656642507429389e-01,0.0000000000000000e+00,1.4677067784553421e+00,7.5948601965966600e-01,2.2999983367049319e+00,7.0000381777682408e-01
C,9.0600000000000000e+02,0.0000000000000000e+00,0.0000000000000000e+00,0.0000000000000000e+00,0.0000000000000000e+00,-3.1656642507429389e-01,0.0000000000000000e+00,1.4677067784553421e+00,7.5948601965966600e-01,2.2999983367049319e+00,7.0000381777682408e-01
C,9.0700000000000000e+02,0.0000000000000000e+00,0.0000000000000000e+00,0.0000000000000000e+00,0.0000000000000000e+00,-3.1656642507429389e-01,0.0000000000000000e+00,1.4677067784553421e+00,7.5948601965966600e-01,2.2999983367049319e+00,7.0000381777682408e-01
C,9.0800000000000000e+02,0.0000000000000000e+00,0.0000000000000000e+00,0.0000000000000000e+00,0.0000000000000000e+00,-3.1656642507429389e-01,0.0000000000000000e+00,1.4677067784553421e+00,7.5948601965966600e-01,2.2999983367049319e+00,7.0000381777682408e-01
C,9.0900000000000000e+02,0.0000000000000000e+00,0.0000000000000000e+00,0.0000000000000000e+00,0.0000000000000000e+00,-3.1656642507429389e-01,0.0000000000000000e+00,1.4677067784553421e+00,7.5948601965966600e-01,2.2999983367049319e+00,7.0000381777682408e-01
C,9.1000000000000000e+02,0.0000000000000000e+00,0.0000000000000000e+00,0.0000000000000000e+00,0.0000000000000000e+00,-3.1656642507429389e-01,0.0000000000000000e+00,1.4677067784553421e+00,7.5948601965966600e-01,2.2999983367049319e+00,7.0000381777682408e-01
C,9.1100000000000000e+02,0.0000000000000000e+00,0.0000000000000000e+00,0.0000000000000000e+00,0.0000000000000000e+00,-3.1656642507429389e-01,0.0000000000000000e+00,1.4677067784553421e+00,7.5948601965966600e-01,2.2999983367049319e+00,7.0000381777682408e-01
C,9.1200000000000000e+02,0.0000000000000000e+00,0.0000000000000000e+00,0.0000000000000000e+00,0.0000000000000000e+00,-3.1656642507429389e-01,0.0000000000000000e+00,1.4677067784553421e+00,7.5948601965966600e-01,2.2999983367049319e+00,7.0000381777682408e-01
C,9.1300000000000000e+02,0.0000000000000000e+00,0.0000000000000000e+00,0.0000000000000000e+00,0.0000000000000000e+00,-3.1656642507429389e-01,0.0000000000000000e+00,1.4677067784553421e+00,7.5948601965966600e-01,2.2999983367049319e+00,7.0000381777682408e-01
C,9.1400000000000000e+02,0.0000000000000000e+00,0.0000000000000000e+00,0.0000000000000000e+00,0.0000000000000000e+00,-3.1656642507429389e-01,0.0000000000000000e+00,1.4677067784553421e+00,7.5948601965966600e-01,2.2999983367049319e+00,7.0000381777682408e-01
C,9.1500000000000000e+02,0.0000000000000000e+00,0.0000000000000000e+00,0.0000000000000000e+00,0.0000000000000000e+00,-3.1656642507429389e-01,0.0000000000000000e+00,1.4677067784553421e+00,7.5948601965966600e-01,2.2999983367049319e+00,7.0000381777682408e-01
C,9.1600000000000000e+02,0.0000000000000000e+00,0.0000000000000000e+00,0.0000000000000000e+00,0.0000000000000000e+00,-3.1656642507429389e-01,0.0000000000000000e+00,1.4677067784553421e+00,7.5948601965966600e-01,2.2999983367049319e+00,7.0000381777682408e-01
C,9.1700000000000000e+02,0.0000000000000000e+00,0.0000000000000000e+00,0.0000000000000000e+00,0.0000000000000000e+00,-3.1656642507429389e-01,0.0000000000000000e+00,1.4677067784553421e+00,7.5948601965966600e-01,2.2999983367049319e+00,7.0000381777682408e-01
C,9.1800000000000000e+02,0.0000000000000000e+00,0.0000000000000000e+00,0.0000000000000000e+00,0.0000000000000000e+00,-3.1656642507429389e-01,0.0000000000000000e+00,1.4677067784553421e+00,7.5948601965966600e-01,2.2999983367049319e+00,7.0000381777682408e-01
C,9.1900000000000000e+02,0.0000000000000000e+00,0.0000000000000000e+00,0.0000000000000000e+00,0.0000000000000000e+00,-3.1656642507429389e-01,0.0000000000000000e+00,1.4677067784553421e+00,7.5948601965966600e-01,2.2999983367049319e+00,7.0000381777682408e-01
C,9.2000000000000000e+02,0.0000000000000000e+00,0.0000000000000000e+00,0.0000000000000000e+00,0.0000000000000000e+00,-3.1656642507429389e-01,0.0000000000000000e+00,1.4677067784553421e+00,7.5948601965966600e-01,2.2999983367049319e+00,7.0000381777682408e-01
C,9.2100000000000000e+02,0.0000000000000000e+00,0.0000000000000000e+00,0.0000000000000000e+00,0.0000000000000000e+00,-3.1656642507429389e-01,0.0000000000000000e+00,1.4677067784553421e+00,7.5948601965966600e-01,2.2999983367049319e+00,7.0000381777682408e-01
C,9.2200000000000000e+02,0.0000000000000000e+00,0.0000000000000000e+00,0.0000000000000000e+00,0.0000000000000000e+00,-3.1656642507429389e-01,0.0000000000000000e+00,1.4677067784553421e+00,7.5948601965966600e-01,2.2999983367049319e+00,7.0000381777682408e-01
C,9.2300000000000000e+02,0.0000000000000000e+00,0.0000000000000000e+00,0.0000000000000000e+00,0.0000000000000000e+00,-3.1656642507429389e-01,0.0000000000000000e+00,1.4677067784553421e+00,7.5948601965966600e-01,2.2999983367049319e+00,7.0000381777682408e-01
C,9.2400000000000000e+02,0.0000000000000000e+00,0.0000000000000000e+00,0.0000000000000000e+00,0.0000000000000000e+00,-3.1656642507429389e-01,0.0000000000000000e+00,1.4677067784553421e+00,7.5948601965966600e-01,2.2999983367049319e+00,7.0000381777682408e-01
C,9.2500000000000000e+02,0.0000000000000000e+00,0.0000000000000000e+00,0.0000000000000000e+00,0.0000000000000000e+00,-3.1656642507429389e-01,0.0000000000000000e+00,1.4677067784553421e+00,7.5948601965966600e-01,2.2999983367049319e+00,7.0000381777682408e-01
C,9.2600000000000000e+02,0.0000000000000000e+00,0.0000000000000000e+00,0.0000000000000000e+00,0.0000000000000000e+00,-3.1656642507429389e-01,0.0000000000000000e+00,1.4677067784553421e+00,7.5948601965966600e-01,2.2999983367049319e+00,7.0000381777682408e-01
C,9.2700000000000000e+02,0.0000000000000000e+00,0.0000000000000000e+00,0.0000000000000000e+00,0.0000000000000000e+00,-3.1656642507429389e-01,0.0000000000000000e+00,1.4677067784553421e+00,7.5948601965966600e-01,2.2999983367049319e+00,7.0000381777682408e-01
C,9.2800000000000000e+02,0.0000000000000000e+00,0.0000000000000000e+00,0.0000000000000000e+00,0.0000000000000000e+00,-3.1656642507429389e-01,0.0000000000000000e+00,1.4677067784553421e+00,7.5948601965966600e-01,2.2999983367049319e+00,7.0000381777682408e-01
C,9.2900000000000000e+02,0.0000000000000000e+00,0.0000000000000000e+00,0.0000000000000000e+00,0.0000000000000000e+00,-3.1656642507429389e-01,0.0000000000000000e+00,1.4677067784553421e+00,7.5948601965966600e-01,2.2999983367049319e+00,7.0000381777682408e-01
C,9.3000000000000000e+02,0.0000000000000000e+00,0.0000000000000000e+00,0.0000000000000000e+00,0.0000000000000000e+00,-3.1656642507429389e-01,0.0000000000000000e+00,1.4677067784553421e+00,7.5948601965966600e-01,2.2999983367049319e+00,7.0000381777682408e-01
C,9.3100000000000000e+02,0.0000000000000000e+00,0.0000000000000000e+00,0.0000000000000000e+00,0.0000000000000000e+00,-3.1656642507429389e-01,0.0000000000000000e+00,1.4677067784553421e+00,7.5948601965966600e-01,2.2999983367049319e+00,7.0000381777682408e-01
C,9.3200000000000000e+02,0.0000000000000000e+00,0.0000000000000000e+00,0.0000000000000000e+00,0.0000000000000000e+00,-3.1656642507429389e-01,0.0000000000000000e+00,1.4677067784553421e+00,7.5948601965966600e-01,2.2999983367049319e+00,7.0000381777682408e-01
C,9.3300000000000000e+02,0.0000000000000000e+00,0.0000000000000000e+00,0.0000000000000000e+00,0.0000000000000000e+00,-3.1656642507429389e-01,0.0000000000000000e+00,1.4677067784553421e+00,7.5948601965966600e-01,2.2999983367049319e+00,7.0000381777682408e-01
C,9.3400000000000000e+02,0.0000000000000000e+00,0.0000000000000000e+00,0.0000000000000000e+00,0.0000000000000000e+00,-3.1656642507429389e-01,0.0000000000000000e+00,1.4677067784553421e+00,7.5948601965966600e-01,2.2999983367049319e+00,7.0000381777682408e-01
C,9.3500000000000000e+02,0.0000000000000000e+00,0.0000000000000000e+00,0.0000000000000000e+00,0.0000000000000000e+00,-3.1656642507429389e-01,0.0000000000000000e+00,1.4677067784553421e+00,7.5948601965966600e-01,2.2999983367049319e+00,7.0000381777682408e-01
C,9.3600000000000000e+02,0.0000000000000000e+00,0.0000000000000000e+00,0.0000000000000000e+00,0.0000000000000000e+00,-3.1656642507429389e-01,0.0000000000000000e+00,1.4677067784553421e+00,7.5948601965966600e-01,2.2999983367049319e+00,7.0000381777682408e-01
C,9.3700000000000000e+02,0.0000000000000000e+00,0.0000000000000000e+00,0.0000000000000000e+00,0.0000000000000000e+00,-3.1656642507429389e-01,0.0000000000000000e+00,1.4677067784553421e+00,7.5948601965966600e-01,2.2999983367049319e+00,7.0000381777682408e-01
C,9.3800000000000000e+02,0.0000000000000000e+00,0.0000000000000000e+00,0.0000000000000000e+00,0.0000000000000000e+00,-3.1656642507429389e-01,0.0000000000000000e+00,1.4677067784553421e+00,7.5948601965966600e-01,2.2999983367049319e+00,7.0000381777682408e-01
C,9.3900000000000000e+02,0.0000000000000000e+00,0.0000000000000000e+00,0.0000000000000000e+00,0.0000000000000000e+00,-3.1656642507429389e-01,0.0000000000000000e+00,1.4677067784553421e+00,7.5948601965966600e-01,2.2999983367049319e+00,7.0000381777682408e-01
C,9.4000000000000000e+02,0.0000000000000000e+00,0.0000000000000000e+00,0.0000000000000000e+00,0.0000000000000000e+00,-3.1656642507429389e-01,0.0000000000000000e+00,1.4677067784553421e+00,7.5948601965966600e-01,2.2999983367049319e+00,7.0000381777682408e-01
C,9.4100000000000000e+02,0.0000000000000000e+00,0.0000000000000000e+00,0.0000000000000000e+00,0.0000000000000000e+00,-3.1656642507429389e-01,0.0000000000000000e+00,1.4677067784553421e+00,7.5948601965966600e-01,2.2999983367049319e+00,7.0000381777682408e-01
C,9.4200000000000000e+02,0.0000000000000000e+00,0.0000000000000000e+00,0.0000000000000000e+00,0.0000000000000000e+00,-3.1656642507429389e-01,0.0000000000000000e+00,1.4677067784553421e+00,7.5948601965966600e-01,2.2999983367049319e+00,7.0000381777682408e-01
C,9.4300000000000000e+02,0.0000000000000000e+00,0.0000000000000000e+00,0.0000000000000000e+00,0.0000000000000000e+00,-3.1656642507429389e-01,0.0000000000000000e+00,1.4677067784553421e+00,7.5948601965966600e-01,2.2999983367049319e+00,7.0000381777682408e-01
C,9.4400000000000000e+02,0.0000000000000000e+00,0.0000000000000000e+00,0.0000000000000000e+00,0.0000000000000000e+00,-3.1656642507429389e-01,0.0000000000000000e+00,1.4677067784553421e+00,7.5948601965966600e-01,2.2999983367049319e+00,7.0000381777682408e-01
C,9.4500000000000000e+02,0.0000000000000000e+00,0.0000000000000000e+00,0.0000000000000000e+00,0.0000000000000000e+00,-3.1656642507429389e-01,0.0000000000000000e+00,1.4677067784553421e+00,7.5948601965966600e-01,2.2999983367049319e+00,7.0000381777682408e-01
C,9.4600000000000000e+02,0.0000000000000000e+00,0.0000000000000000e+00,0.0000000000000000e+00,0.0000000000000000e+00,-3.1656642507429389e-01,0.0000000000000000e+00,1.4677067784553421e+00,7.5948601965966600e-01,2.2999983367049319e+00,7.0000381777682408e-01
C,9.4700000000000000e+02,0.0000000000000000e+00,0.0000000000000000e+00,0.0000000000000000e+00,0.0000000000000000e+00,-3.1656642507429389e-01,0.0000000000000000e+00,1.4677067784553421e+00,7.5948601965966600e-01,2.2999983367049319e+00,7.0000381777682408e-01
C,9.4800000000000000e+02,0.0000000000000000e+00,0.0000000000000000e+00,0.0000000000000000e+00,0.0000000000000000e+00,-3.1656642507429389e-01,0.0000000000000000e+00,1.4677067784553421e+00,7.5948601965966600e-01,2.2999983367049319e+00,7.0000381777682408e-01
C,9.4900000000000000e+02,0.0000000000000000e+00,0.0000000000000000e+00,0.0000000000000000e+00,0.0000000000000000e+00,-3.1656642507429389e-01,0.0000000000000000e+00,1.4677067784553421e+00,7.5948601965966600e-01,2.2999983367049319e+00,7.0000381777682408e-01
C,9.5000000000000000e+02,0.0000000000000000e+00,0.0000000000000000e+00,0.0000000000000000e+00,0.0000000000000000e+00,-3.1656642507429389e-01,0.0000000000000000e+00,1.4677067784553421e+00,7.5948601965966600e-01,2.2999983367049319e+00,7.0000381777682408e-01
C,9.5100000000000000e+02,0.0000000000000000e+00,0.0000000000000000e+00,0.0000000000000000e+00,0.0000000000000000e+00,-3.1656642507429389e-01,0.0000000000000000e+00,1.4677067784553421e+00,7.5948601965966600e-01,2.2999983367049319e+00,7.0000381777682408e-01
C,9.5200000000000000e+02,0.0000000000000000e+00,0.0000000000000000e+00,0.0000000000000000e+00,0.0000000000000000e+00,-3.1656642507429389e-01,0.0000000000000000e+00,1.4677067784553421e+00,7.5948601965966600e-01,2.2999983367049319e+00,7.0000381777682408e-01
C,9.5300000000000000e+02,0.0000000000000000e+00,0.0000000000000000e+00,0.0000000000000000e+00,0.0000000000000000e+00,-3.1656642507429389e-01,0.0000000000000000e+00,1.4677067784553421e+00,7.5948601965966600e-01,2.2999983367049319e+00,7.0000381777682408e-01
C,9.5400000000000000e+02,0.0000000000000000e+00,0.0000000000000000e+00,0.0000000000000000e+00,0.0000000000000000e+00,-3.1656642507429389e-01,0.0000000000000000e+00,1.4677067784553421e+00,7.5948601965966600e-01,2.2999983367049319e+00,7.0000381777682408e-01
C,9.5500000000000000e+02,0.0000000000000000e+00,0.0000000000000000e+00,0.0000000000000000e+00,0.0000000000000000e+00,-3.1656642507429389e-01,0.0000000000000000e+00,1.4677067784553421e+00,7.5948601965966600e-01,2.2999983367049319e+00,7.0000381777682408e-01
C,9.5600000000000000e+02,0.0000000000000000e+00,0.0000000000000000e+00,0.0000000000000000e+00,0.0000000000000000e+00,-3.1656642507429389e-01,0.0000000000000000e+00,1.4677067784553421e+00,7.5948601965966600e-01,2.2999983367049319e+00,7.0000381777682408e-01
C,9.5700000000000000e+02,0.0000000000000000e+00,0.0000000000000000e+00,0.0000000000000000e+00,0.0000000000000000e+00,-3.1656642507429389e-01,0.0000000000000000e+00,1.4677067784553421e+00,7.5948601965966600e-01,2.2999983367049319e+00,7.0000381777682408e-01
C,9.5800000000000000e+02,0.0000000000000000e+00,0.0000000000000000e+00,0.0000000000000000e+00,0.0000000000000000e+00,-3.1656642507429389e-01,0.0000000000000000e+00,1.4677067784553421e+00,7.5948601965966600e-01,2.2999983367049319e+00,7.0000381777682408e-01
C,9.5900000000000000e+02,0.0000000000000000e+00,0.0000000000000000e+00,0.0000000000000000e+00,0.0000000000000000e+00,-3.1656642507429389e-01,0.0000000000000000e+00,1.4677067784553421e+00,7.5948601965966600e-01,2.2999983367049319e+00,7.0000381777682408e-01
C,9.6000000000000000e+02,0.0000000000000000e+00,0.0000000000000000e+00,0.0000000000000000e+00,0.0000000000000000e+00,-3.1656642507429389e-01,0.0000000000000000e+00,1.4677067784553421e+00,7.5948601965966600e-01,2.2999983367049319e+00,7.0000381777682408e-01
C,9.6100000000000000e+02,0.0000000000000000e+00,0.0000000000000000e+00,0.0000000000000000e+00,0.0000000000000000e+00,-3.1656642507429389e-01,0.0000000000000000e+00,1.4677067784553421e+00,7.5948601965966600e-01,2.2999983367049319e+00,7.0000381777682408e-01
C,9.6200000000000000e+02,0.0000000000000000e+00,0.0000000000000000e+00,0.0000000000000000e+00,0.0000000000000000e+00,-3.1656642507429389e-01,0.0000000000000000e+00,1.4677067784553421e+00,7.5948601965966600e-01,2.2999983367049319e+00,7.0000381777682408e-01
C,9.6300000000000000e+02,0.0000000000000000e+00,0.0000000000000000e+00,0.0000000000000000e+00,0.0000000000000000e+00,-3.1656642507429389e-01,0.0000000000000000e+00,1.4677067784553421e+00,7.5948601965966600e-01,2.2999983367049319e+00,7.0000381777682408e-01
C,9.6400000000000000e+02,0.0000000000000000e+00,0.0000000000000000e+00,0.0000000000000000e+00,0.0000000000000000e+00,-3.1656642507429389e-01,0.0000000000000000e+00,1.4677067784553421e+00,7.5948601965966600e-01,2.2999983367049319e+00,7.0000381777682408e-01
C,9.6500000000000000e+02,0.0000000000000000e+00,0.0000000000000000e+00,0.0000000000000000e+00,0.0000000000000000e+00,-3.1656642507429389e-01,0.0000000000000000e+00,1.4677067784553421e+00,7.5948601965966600e-01,2.2999983367049319e+00,7.0000381777682408e-01
C,9.6600000000000000e+02,0.0000000000000000e+00,0.0000000000000000e+00,0.0000000000000000e+00,0.0000000000000000e+00,-3.1656642507429389e-01,0.0000000000000000e+00,1.4677067784553421e+00,7.5948601965966600e-01,2.2999983367049319e+00,7.0000381777682408e-01
C,9.6700000000000000e+02,0.0000000000000000e+00,0.0000000000000000e+00,0.0000000000000000e+00,0.0000000000000000e+00,-3.1656642507429389e-01,0.0000000000000000e+00,1.4677067784553421e+00,7.5948601965966600e-01,2.2999983367049319e+00,7.0000381777682408e-01
C,9.6800000000000000e+02,0.0000000000000000e+00,0.0000000000000000e+00,0.0000000000000000e+00,0.0000000000000000e+00,-3.1656642507429389e-01,0.0000000000000000e+00,1.4677067784553421e+00,7.5948601965966600e-01,2.2999983367049319e+00,7.0000381777682408e-01
C,9.6900000000000000e+02,0.0000000000000000e+00,0.0000000000000000e+00,0.0000000000000000e+00,0.0000000000000000e+00,-3.1656642507429389e-01,0.0000000000000000e+00,1.4677067784553421e+00,7.5948601965966600e-01,2.2999983367049319e+00,7.0000381777682408e-01
C,9.7000000000000000e+02,0.0000000000000000e+00,0.0000000000000000e+00,0.0000000000000000e+00,0.0000000000000000e+00,-3.1656642507429389e-01,0.0000000000000000e+00,1.4677067784553421e+00,7.5948601965966600e-01,2.2999983367049319e+00,7.0000381777682408e-01
C,9.7100000000000000e+02,0.0000000000000000e+00,0.0000000000000000e+00,0.0000000000000000e+00,0.0000000000000000e+00,-3.1656642507429389e-01,0.0000000000000000e+00,1.4677067784553421e+00,7.5948601965966600e-01,2.2999983367049319e+00,7.0000381777682408e-01
C,9.7200000000000000e+02,0.0000000000000000e+00,0.0000000000000000e+00,0.0000000000000000e+00,0.0000000000000000e+00,-3.1656642507429389e-01,0.0000000000000000e+00,1.4677067784553421e+00,7.5948601965966600e-01,2.2999983367049319e+00,7.0000381777682408e-01
C,9.7300000000000000e+02,0.0000000000000000e+00,0.0000000000000000e+00,0.0000000000000000e+00,0.0000000000000000e+00,-3.1656642507429389e-01,0.0000000000000000e+00,1.4677067784553421e+00,7.5948601965966600e-01,2.2999983367049319e+00,7.0000381777682408e-01
C,9.7400000000000000e+02,0.0000000000000000e+00,0.0000000000000000e+00,0.0000000000000000e+00,0.0000000000000000e+00,-3.1656642507429389e-01,0.0000000000000000e+00,1.4677067784553421e+00,7.5948601965966600e-01,2.2999983367049319e+00,7.0000381777682408e-01
C,9.7500000000000000e+02,0.0000000000000000e+00,0.0000000000000000e+00,0.0000000000000000e+00,0.0000000000000000e+00,-3.1656642507429389e-01,0.0000000000000000e+00,1.4677067784553421e+00,7.5948601965966600e-01,2.2999983367049319e+00,7.0000381777682408e-01
C,9.7600000000000000e+02,0.0000000000000000e+00,0.0000000000000000e+00,0.0000000000000000e+00,0.0000000000000000e+00,-3.1656642507429389e-01,0.0000000000000000e+00,1.4677067784553421e+00,7.5948601965966600e-01,2.2999983367049319e+00,7.0000381777682408e-01
C,9.7700000000000000e+02,0.0000000000000000e+00,0.0000000000000000e+00,0.0000000000000000e+00,0.0000000000000000e+00,-3.1656642507429389e-01,0.0000000000000000e+00,1.4677067784553421e+00,7.5948601965966600e-01,2.2999983367049319e+00,7.0000381777682408e-01
C,9.7800000000000000e+02,0.0000000000000000e+00,0.0000000000000000e+00,0.0000000000000000e+00,0.0000000000000000e+00,-3.1656642507429389e-01,0.0000000000000000e+00,1.4677067784553421e+00,7.5948601965966600e-01,2.2999983367049319e+00,7.0000381777682408e-01
C,9.7900000000000000e+02,0.0000000000000000e+00,0.0000000000000000e+00,0.0000000000000000e+00,0.0000000000000000e+00,-3.1656642507429389e-01,0.0000000000000000e+00,1.4677067784553421e+00,7.5948601965966600e-01,2.2999983367049319e+00,7.0000381777682408e-01
C,9.8000000000000000e+02,0.0000000000000000e+00,0.0000000000000000e+00,0.0000000000000000e+00,0.0000000000000000e+00,-3.1656642507429389e-01,0.0000000000000000e+00,1.4677067784553421e+00,7.5948601965966600e-01,2.2999983367049319e+00,7.0000381777682408e-01
C,9.8100000000000000e+02,0.0000000000000000e+00,0.0000000000000000e+00,0.0000000000000000e+00,0.0000000000000000e+00,-3.1656642507429389e-01,0.0000000000000000e+00,1.4677067784553421e+00,7.5948601965966600e-01,2.2999983367049319e+00,7.0000381777682408e-01
C,9.8200000000000000e+02,0.0000000000000000e+00,0.0000000000000000e+00,0.0000000000000000e+00,0.0000000000000000e+00,-3.1656642507429389e-01,0.0000000000000000e+00,1.4677067784553421e+00,7.5948601965966600e-01,2.2999983367049319e+00,7.0000381777682408e-01
C,9.8300000000000000e+02,0.0000000000000000e+00,0.0000000000000000e+00,0.0000000000000000e+00,0.0000000000000000e+00,-3.1656642507429389e-01,0.0000000000000000e+00,1.4677067784553421e+00,7.5948601965966600e-01,2.2999983367049319e+00,7.0000381777682408e-01
C,9.8400000000000000e+02,0.0000000000000000e+00,0.0000000000000000e+00,0.0000000000000000e+00,0.0000000000000000e+00,-3.1656642507429389e-01,0.0000000000000000e+00,1.4677067784553421e+00,7.5948601965966600e-01,2.2999983367049319e+00,7.0000381777682408e-01
C,9.8500000000000000e+02,0.0000000000000000e+00,0.0000000000000000e+00,0.0000000000000000e+00,0.0000000000000000e+00,-3.1656642507429389e-01,0.0000000000000000e+00,1.4677067784553421e+00,7.5948601965966600e-01,2.2999983367049319e+00,7.0000381777682408e-01
C,9.8600000000000000e+02,0.0000000000000000e+00,0.0000000000000000e+00,0.0000000000000000e+00,0.0000000000000000e+00,-3.1656642507429389e-01,0.0000000000000000e+00,1.4677067784553421e+00,7.5948601965966600e-01,2.2999983367049319e+00,7.0000381777682408e-01
C,9.8700000000000000e+02,0.0000000000000000e+00,0.0000000000000000e+00,0.0000000000000000e+00,0.0000000000000000e+00,-3.1656642507429389e-01,0.0000000000000000e+00,1.4677067784553421e+00,7.5948601965966600e-01,2.2999983367049319e+00,7.0000381777682408e-01
C,9.8800000000000000e+02,0.0000000000000000e+00,0.0000000000000000e+00,0.0000000000000000e+00,0.0000000000000000e+00,-3.1656642507429389e-01,0.0000000000000000e+00,1.4677067784553421e+00,7.5948601965966600e-01,2.2999983367049319e+00,7.0000381777682408e-01
C,9.8900000000000000e+02,0.0000000000000000e+00,0.0000000000000000e+00,0.0000000000000000e+00,0.0000000000000000e+00,-3.1656642507429389e-01,0.0000000000000000e+00,1.4677067784553421e+00,7.5948601965966600e-01,2.2999983367049319e+00,7.0000381777682408e-01
C,9.9000000000000000e+02,0.0000000000000000e+00,0.0000000000000000e+00,0.0000000000000000e+00,0.0000000000000000e+00,-3.1656642507429389e-01,0.0000000000000000e+00,1.4677067784553421e+00,7.5948601965966600e-01,2.2999983367049319e+00,7.0000381777682408e-01
C,9.9100000000000000e+02,0.0000000000000000e+00,0.0000000000000000e+00,0.0000000000000000e+00,0.0000000000000000e+00,-3.1656642507429389e-01,0.0000000000000000e+00,1.4677067784553421e+00,7.5948601965966600e-01,2.2999983367049319e+00,7.0000381777682408e-01
C,9.9200000000000000e+02,0.0000000000000000e+00,0.0000000000000000e+00,0.0000000000000000e+00,0.0000000000000000e+00,-3.1656642507429389e-01,0.0000000000000000e+00,1.4677067784553421e+00,7.5948601965966600e-01,2.2999983367049319e+00,7.0000381777682408e-01
C,9.9300000000000000e+02,0.0000000000000000e+00,0.0000000000000000e+00,0.0000000000000000e+00,0.0000000000000000e+00,-3.1656642507429389e-01,0.0000000000000000e+00,1.4677067784553421e+00,7.5948601965966600e-01,2.2999983367049319e+00,7.0000381777682408e-01
C,9.9400000000000000e+02,0.0000000000000000e+00,0.0000000000000000e+00,0.0000000000000000e+00,0.0000000000000000e+00,-3.1656642507429389e-01,0.0000000000000000e+00,1.4677067784553421e+00,7.5948601965966600e-01,2.2999983367049319e+00,7.0000381777682408e-01
C,9.9500000000000000e+02,0.0000000000000000e+00,0.0000000000000000e+00,0.0000000000000000e+00,0.0000000000000000e+00,-3.1656642507429389e-01,0.0000000000000000e+00,1.4677067784553421e+00,7.5948601965966600e-01,2.2999983367049319e+00,7.0000381777682408e-01
C,9.9600000000000000e+02,0.0000000000000000e+00,0.0000000000000000e+00,0.0000000000000000e+00,0.0000000000000000e+00,-3.1656642507429389e-01,0.0000000000000000e+00,1.4677067784553421e+00,7.5948601965966600e-01,2.2999983367049319e+00,7.0000381777682408e-01
C,9.9700000000000000e+02,0.0000000000000000e+00,0.0000000000000000e+00,0.0000000000000000e+00,0.0000000000000000e+00,-3.1656642507429389e-01,0.0000000000000000e+00,1.4677067784553421e+00,7.5948601965966600e-01,2.2999983367049319e+00,7.0000381777682408e-01
C,9.9800000000000000e+02,0.0000000000000000e+00,0.0000000000000000e+00,0.0000000000000000e+00,0.0000000000000000e+00,-3.1656642507429389e-01,0.0000000000000000e+00,1.4677067784553421e+00,7.5948601965966600e-01,2.2999983367049319e+00,7.0000381777682408e-01
C,9.9900000000000000e+02,0.0000000000000000e+00,0.0000000000000000e+00,0.0000000000000000e+00,0.0000000000000000e+00,-3.1656642507429389e-01,0.0000000000000000e+00,1.4677067784553421e+00,7.5948601965966600e-01,2.2999983367049319e+00,7.0000381777682408e-01
