ky,z_index,z,phi_real,phi_imag,growth_rate,frequency,normalization,source
0.1,0,-0.5,-0.24663171786302085,-0.14296715367378562,0.5166360885094138,-0.010176340929250067,unit_mode_chain_amplitude,stellarator-linear-scan:stella-geometry
0.1,1,-0.49609375,-0.17485168838567217,-0.7459322228529153,0.5166360885094138,-0.010176340929250067,unit_mode_chain_amplitude,stellarator-linear-scan:stella-geometry
0.1,2,-0.4921875,-0.22450909540131292,-0.23340969550502794,0.5166360885094138,-0.010176340929250067,unit_mode_chain_amplitude,stellarator-linear-scan:stella-geometry
0.1,3,-0.48828125,-0.15723673766164306,-0.24676125815652253,0.5166360885094138,-0.010176340929250067,unit_mode_chain_amplitude,stellarator-linear-scan:stella-geometry
0.1,4,-0.484375,-0.1393768676977584,0.1588301357318561,0.5166360885094138,-0.010176340929250067,unit_mode_chain_amplitude,stellarator-linear-scan:stella-geometry
0.1,5,-0.48046875,-0.021058592106259544,0.2266319871133509,0.5166360885094138,-0.010176340929250067,unit_mode_chain_amplitude,stellarator-linear-scan:stella-geometry
0.1,6,-0.4765625,0.14317858416841264,0.5385277114814868,0.5166360885094138,-0.010176340929250067,unit_mode_chain_amplitude,stellarator-linear-scan:stella-geometry
0.1,7,-0.47265625,0.21153055425036027,0.6685243865685869,0.5166360885094138,-0.010176340929250067,unit_mode_chain_amplitude,stellarator-linear-scan:stella-geometry
0.1,8,-0.46875,0.23654578688049982,0.919711130779533,0.5166360885094138,-0.010176340929250067,unit_mode_chain_amplitude,stellarator-linear-scan:stella-geometry
0.1,9,-0.46484375,0.2546409101047395,1.0007151417743232,0.5166360885094138,-0.010176340929250067,unit_mode_chain_amplitude,stellarator-linear-scan:stella-geometry
0.1,10,-0.4609375,0.22183247962728403,1.1069658960901507,0.5166360885094138,-0.010176340929250067,unit_mode_chain_amplitude,stellarator-linear-scan:stella-geometry
0.1,11,-0.45703125,0.10392626297578667,0.9349523254822881,0.5166360885094138,-0.010176340929250067,unit_mode_chain_amplitude,stellarator-linear-scan:stella-geometry
0.1,12,-0.453125,-0.01910034730877203,0.7910304386833467,0.5166360885094138,-0.010176340929250067,unit_mode_chain_amplitude,stellarator-linear-scan:stella-geometry
0.1,13,-0.44921875,-0.1325788338018749,0.4806380215435772,0.5166360885094138,-0.010176340929250067,unit_mode_chain_amplitude,stellarator-linear-scan:stella-geometry
0.1,14,-0.4453125,-0.17784312812335168,0.2726408387370099,0.5166360885094138,-0.010176340929250067,unit_mode_chain_amplitude,stellarator-linear-scan:stella-geometry
0.1,15,-0.44140625,-0.1670748575313929,-0.013527145825632855,0.5166360885094138,-0.010176340929250067,unit_mode_chain_amplitude,stellarator-linear-scan:stella-geometry
0.1,16,-0.4375,-0.2566135474520354,-0.2393874223560906,0.5166360885094138,-0.010176340929250067,unit_mode_chain_amplitude,stellarator-linear-scan:stella-geometry
0.1,17,-0.43359375,-0.21657436322184476,-0.591542113737302,0.5166360885094138,-0.010176340929250067,unit_mode_chain_amplitude,stellarator-linear-scan:stella-geometry
0.1,18,-0.4296875,-0.1441609025829499,-0.7789552859293151,0.5166360885094138,-0.010176340929250067,unit_mode_chain_amplitude,stellarator-linear-scan:stella-geometry
0.1,19,-0.42578125,-0.02027270518912832,-0.9185544696808412,0.5166360885094138,-0.010176340929250067,unit_mode_chain_amplitude,stellarator-linear-scan:stella-geometry
0.1,20,-0.421875,0.0965900965154168,-0.9188752407776652,0.5166360885094138,-0.010176340929250067,unit_mode_chain_amplitude,stellarator-linear-scan:stella-geometry
0.1,21,-0.41796875,0.16437319535561612,-0.8818250061905082,0.5166360885094138,-0.010176340929250067,unit_mode_chain_amplitude,stellarator-linear-scan:stella-geometry
0.1,22,-0.4140625,0.21462737915235952,-0.8317236764220799,0.5166360885094138,-0.010176340929250067,unit_mode_chain_amplitude,stellarator-linear-scan:stella-geometry
0.1,23,-0.41015625,0.26596273326315373,-0.8460310008738905,0.5166360885094138,-0.010176340929250067,unit_mode_chain_amplitude,stellarator-linear-scan:stella-geometry
0.1,24,-0.40625,0.22069876314511372,-0.7547120722334917,0.5166360885094138,-0.010176340929250067,unit_mode_chain_amplitude,stellarator-linear-scan:stella-geometry
0.1,25,-0.40234375,0.17604096264107785,-0.6048020825820838,0.5166360885094138,-0.010176340929250067,unit_mode_chain_amplitude,stellarator-linear-scan:stella-geometry
0.1,26,-0.3984375,0.07077440582459606,-0.3106677653745843,0.5166360885094138,-0.010176340929250067,unit_mode_chain_amplitude,stellarator-linear-scan:stella-geometry
0.1,27,-0.39453125,-0.06456364966026903,-0.028510807571773638,0.5166360885094138,-0.010176340929250067,unit_mode_chain_amplitude,stellarator-linear-scan:stella-geometry
0.1,28,-0.390625,-0.15346728144387103,0.2625777055174413,0.5166360885094138,-0.010176340929250067,unit_mode_chain_amplitude,stellarator-linear-scan:stella-geometry
0.1,29,-0.38671875,-0.19880342006638405,0.4923899741002083,0.5166360885094138,-0.010176340929250067,unit_mode_chain_amplitude,stellarator-linear-scan:stella-geometry
0.1,30,-0.3828125,-0.23370710788317867,0.7962741124011332,0.5166360885094138,-0.010176340929250067,unit_mode_chain_amplitude,stellarator-linear-scan:stella-geometry
0.1,31,-0.37890625,-0.2529957843904436,1.06779047925256,0.5166360885094138,-0.010176340929250067,unit_mode_chain_amplitude,stellarator-linear-scan:stella-geometry
0.1,32,-0.375,-0.2290946951650568,1.350452270236721,0.5166360885094138,-0.010176340929250067,unit_mode_chain_amplitude,stellarator-linear-scan:stella-geometry
0.1,33,-0.37109375,-0.11781300352449382,1.4411642876458037,0.5166360885094138,-0.010176340929250067,unit_mode_chain_amplitude,stellarator-linear-scan:stella-geometry
0.1,34,-0.3671875,0.01784479508556808,1.2507633809629473,0.5166360885094138,-0.010176340929250067,unit_mode_chain_amplitude,stellarator-linear-scan:stella-geometry
0.1,35,-0.36328125,0.20144672172755843,0.89384031072118,0.5166360885094138,-0.010176340929250067,unit_mode_chain_amplitude,stellarator-linear-scan:stella-geometry
0.1,36,-0.359375,0.21327896799950632,0.569866128402156,0.5166360885094138,-0.010176340929250067,unit_mode_chain_amplitude,stellarator-linear-scan:stella-geometry
0.1,37,-0.35546875,0.2063041466116685,0.29816999674103617,0.5166360885094138,-0.010176340929250067,unit_mode_chain_amplitude,stellarator-linear-scan:stella-geometry
0.1,38,-0.3515625,0.2450244054160921,0.03185332815334096,0.5166360885094138,-0.010176340929250067,unit_mode_chain_amplitude,stellarator-linear-scan:stella-geometry
0.1,39,-0.34765625,0.2156844744872456,-0.29392537269466856,0.5166360885094138,-0.010176340929250067,unit_mode_chain_amplitude,stellarator-linear-scan:stella-geometry
0.1,40,-0.34375,0.18097780913650416,-0.6251350242065625,0.5166360885094138,-0.010176340929250067,unit_mode_chain_amplitude,stellarator-linear-scan:stella-geometry
0.1,41,-0.33984375,0.05895624634490361,-0.8696440468267452,0.5166360885094138,-0.010176340929250067,unit_mode_chain_amplitude,stellarator-linear-scan:stella-geometry
0.1,42,-0.3359375,-0.10730799566071303,-0.9418194158271974,0.5166360885094138,-0.010176340929250067,unit_mode_chain_amplitude,stellarator-linear-scan:stella-geometry
0.1,43,-0.33203125,-0.2100689222595602,-1.0737999874754667,0.5166360885094138,-0.010176340929250067,unit_mode_chain_amplitude,stellarator-linear-scan:stella-geometry
0.1,44,-0.328125,-0.27396338986716834,-1.0733754207869137,0.5166360885094138,-0.010176340929250067,unit_mode_chain_amplitude,stellarator-linear-scan:stella-geometry
0.1,45,-0.32421875,-0.30277995101001537,-1.0370846385204269,0.5166360885094138,-0.010176340929250067,unit_mode_chain_amplitude,stellarator-linear-scan:stella-geometry
0.1,46,-0.3203125,-0.2524662981411793,-0.9594235169380212,0.5166360885094138,-0.010176340929250067,unit_mode_chain_amplitude,stellarator-linear-scan:stella-geometry
0.1,47,-0.31640625,-0.17549303099393704,-0.8290798454254036,0.5166360885094138,-0.010176340929250067,unit_mode_chain_amplitude,stellarator-linear-scan:stella-geometry
0.1,48,-0.3125,-0.05883784594967457,-0.564132976444885,0.5166360885094138,-0.010176340929250067,unit_mode_chain_amplitude,stellarator-linear-scan:stella-geometry
0.1,49,-0.30859375,0.05930250647406334,-0.2616505546179957,0.5166360885094138,-0.010176340929250067,unit_mode_chain_amplitude,stellarator-linear-scan:stella-geometry
0.1,50,-0.3046875,0.1494379480807546,0.049941020691202945,0.5166360885094138,-0.010176340929250067,unit_mode_chain_amplitude,stellarator-linear-scan:stella-geometry
0.1,51,-0.30078125,0.22751658477192108,0.3546648904252,0.5166360885094138,-0.010176340929250067,unit_mode_chain_amplitude,stellarator-linear-scan:stella-geometry
0.1,52,-0.296875,0.2989518879975344,0.6530641851636183,0.5166360885094138,-0.010176340929250067,unit_mode_chain_amplitude,stellarator-linear-scan:stella-geometry
0.1,53,-0.29296875,0.2870120255801539,1.0328581132751018,0.5166360885094138,-0.010176340929250067,unit_mode_chain_amplitude,stellarator-linear-scan:stella-geometry
0.1,54,-0.2890625,0.21704339311340687,1.355293828479273,0.5166360885094138,-0.010176340929250067,unit_mode_chain_amplitude,stellarator-linear-scan:stella-geometry
0.1,55,-0.28515625,0.11796758987848632,1.3823147435068088,0.5166360885094138,-0.010176340929250067,unit_mode_chain_amplitude,stellarator-linear-scan:stella-geometry
0.1,56,-0.28125,-0.05074771149541022,1.3080462562105402,0.5166360885094138,-0.010176340929250067,unit_mode_chain_amplitude,stellarator-linear-scan:stella-geometry
0.1,57,-0.27734375,-0.1586006763092059,1.0936568019496546,0.5166360885094138,-0.010176340929250067,unit_mode_chain_amplitude,stellarator-linear-scan:stella-geometry
0.1,58,-0.2734375,-0.26742648399239954,0.8559061793919454,0.5166360885094138,-0.010176340929250067,unit_mode_chain_amplitude,stellarator-linear-scan:stella-geometry
0.1,59,-0.26953125,-0.2769901747979552,0.6163942831917788,0.5166360885094138,-0.010176340929250067,unit_mode_chain_amplitude,stellarator-linear-scan:stella-geometry
0.1,60,-0.265625,-0.28958161893248996,0.40431354999123986,0.5166360885094138,-0.010176340929250067,unit_mode_chain_amplitude,stellarator-linear-scan:stella-geometry
0.1,61,-0.26171875,-0.22910290236561362,0.09980295670611143,0.5166360885094138,-0.010176340929250067,unit_mode_chain_amplitude,stellarator-linear-scan:stella-geometry
0.1,62,-0.2578125,-0.15930444463941087,-0.23076134994036068,0.5166360885094138,-0.010176340929250067,unit_mode_chain_amplitude,stellarator-linear-scan:stella-geometry
0.1,63,-0.25390625,-0.022644943852507163,-0.5275692828779139,0.5166360885094138,-0.010176340929250067,unit_mode_chain_amplitude,stellarator-linear-scan:stella-geometry
0.1,64,-0.25,0.15448869734475806,-0.7740545753861477,0.5166360885094138,-0.010176340929250067,unit_mode_chain_amplitude,stellarator-linear-scan:stella-geometry
0.1,65,-0.24609375,0.21413673829346838,-0.9386088332386641,0.5166360885094138,-0.010176340929250067,unit_mode_chain_amplitude,stellarator-linear-scan:stella-geometry
0.1,66,-0.2421875,0.2820662353029527,-1.0961319017653168,0.5166360885094138,-0.010176340929250067,unit_mode_chain_amplitude,stellarator-linear-scan:stella-geometry
0.1,67,-0.23828125,0.2970637343896046,-1.2805796847644635,0.5166360885094138,-0.010176340929250067,unit_mode_chain_amplitude,stellarator-linear-scan:stella-geometry
0.1,68,-0.234375,0.31342730326021884,-1.4674867004302687,0.5166360885094138,-0.010176340929250067,unit_mode_chain_amplitude,stellarator-linear-scan:stella-geometry
0.1,69,-0.23046875,0.20303972264409403,-1.5404458355902126,0.5166360885094138,-0.010176340929250067,unit_mode_chain_amplitude,stellarator-linear-scan:stella-geometry
0.1,70,-0.2265625,0.05314603810599425,-1.2754445999863309,0.5166360885094138,-0.010176340929250067,unit_mode_chain_amplitude,stellarator-linear-scan:stella-geometry
0.1,71,-0.22265625,-0.13232713623783277,-0.8475250067737138,0.5166360885094138,-0.010176340929250067,unit_mode_chain_amplitude,stellarator-linear-scan:stella-geometry
0.1,72,-0.21875,-0.2690203470018676,-0.39923184337637646,0.5166360885094138,-0.010176340929250067,unit_mode_chain_amplitude,stellarator-linear-scan:stella-geometry
0.1,73,-0.21484375,-0.24469356305139553,0.039248583905089486,0.5166360885094138,-0.010176340929250067,unit_mode_chain_amplitude,stellarator-linear-scan:stella-geometry
0.1,74,-0.2109375,-0.30038846105753547,0.43971920590871494,0.5166360885094138,-0.010176340929250067,unit_mode_chain_amplitude,stellarator-linear-scan:stella-geometry
0.1,75,-0.20703125,-0.3048332217135751,0.8577815015937944,0.5166360885094138,-0.010176340929250067,unit_mode_chain_amplitude,stellarator-linear-scan:stella-geometry
0.1,76,-0.203125,-0.2656296059280231,1.2767425325009707,0.5166360885094138,-0.010176340929250067,unit_mode_chain_amplitude,stellarator-linear-scan:stella-geometry
0.1,77,-0.19921875,-0.14683512528721956,1.6537530105569955,0.5166360885094138,-0.010176340929250067,unit_mode_chain_amplitude,stellarator-linear-scan:stella-geometry
0.1,78,-0.1953125,0.024205920279778848,1.678191255868299,0.5166360885094138,-0.010176340929250067,unit_mode_chain_amplitude,stellarator-linear-scan:stella-geometry
0.1,79,-0.19140625,0.20303916965228144,1.5090392947792999,0.5166360885094138,-0.010176340929250067,unit_mode_chain_amplitude,stellarator-linear-scan:stella-geometry
0.1,80,-0.1875,0.34647734784274503,1.3001541046798664,0.5166360885094138,-0.010176340929250067,unit_mode_chain_amplitude,stellarator-linear-scan:stella-geometry
0.1,81,-0.18359375,0.35096035576126494,0.9942229260088995,0.5166360885094138,-0.010176340929250067,unit_mode_chain_amplitude,stellarator-linear-scan:stella-geometry
0.1,82,-0.1796875,0.3006936653882188,0.7671171382432629,0.5166360885094138,-0.010176340929250067,unit_mode_chain_amplitude,stellarator-linear-scan:stella-geometry
0.1,83,-0.17578125,0.26361199945659386,0.4718345072087636,0.5166360885094138,-0.010176340929250067,unit_mode_chain_amplitude,stellarator-linear-scan:stella-geometry
0.1,84,-0.171875,0.13867125197102456,0.11659153919061568,0.5166360885094138,-0.010176340929250067,unit_mode_chain_amplitude,stellarator-linear-scan:stella-geometry
0.1,85,-0.16796875,0.026032806942920556,-0.26725667216245486,0.5166360885094138,-0.010176340929250067,unit_mode_chain_amplitude,stellarator-linear-scan:stella-geometry
0.1,86,-0.1640625,-0.12138464649414163,-0.5662948036211101,0.5166360885094138,-0.010176340929250067,unit_mode_chain_amplitude,stellarator-linear-scan:stella-geometry
0.1,87,-0.16015625,-0.28631430517029927,-0.8724784358011538,0.5166360885094138,-0.010176340929250067,unit_mode_chain_amplitude,stellarator-linear-scan:stella-geometry
0.1,88,-0.15625,-0.3441999727063971,-1.1589918232242724,0.5166360885094138,-0.010176340929250067,unit_mode_chain_amplitude,stellarator-linear-scan:stella-geometry
0.1,89,-0.15234375,-0.36378542408767445,-1.3984818105133618,0.5166360885094138,-0.010176340929250067,unit_mode_chain_amplitude,stellarator-linear-scan:stella-geometry
0.1,90,-0.1484375,-0.31553589883837857,-1.6232386594924053,0.5166360885094138,-0.010176340929250067,unit_mode_chain_amplitude,stellarator-linear-scan:stella-geometry
0.1,91,-0.14453125,-0.2256032755225223,-1.6645844975145703,0.5166360885094138,-0.010176340929250067,unit_mode_chain_amplitude,stellarator-linear-scan:stella-geometry
0.1,92,-0.140625,-0.04485267072932644,-1.4625723356918234,0.5166360885094138,-0.010176340929250067,unit_mode_chain_amplitude,stellarator-linear-scan:stella-geometry
0.1,93,-0.13671875,0.12519493442056498,-1.1242811061663724,0.5166360885094138,-0.010176340929250067,unit_mode_chain_amplitude,stellarator-linear-scan:stella-geometry
0.1,94,-0.1328125,0.2691890724664692,-0.7056920147566046,0.5166360885094138,-0.010176340929250067,unit_mode_chain_amplitude,stellarator-linear-scan:stella-geometry
0.1,95,-0.12890625,0.3465828928145746,-0.28284366786524023,0.5166360885094138,-0.010176340929250067,unit_mode_chain_amplitude,stellarator-linear-scan:stella-geometry
0.1,96,-0.125,0.3372332988352676,0.13590191318728792,0.5166360885094138,-0.010176340929250067,unit_mode_chain_amplitude,stellarator-linear-scan:stella-geometry
0.1,97,-0.12109375,0.3393190238491226,0.5860149815253913,0.5166360885094138,-0.010176340929250067,unit_mode_chain_amplitude,stellarator-linear-scan:stella-geometry
0.1,98,-0.1171875,0.25437519600219655,1.032402764306109,0.5166360885094138,-0.010176340929250067,unit_mode_chain_amplitude,stellarator-linear-scan:stella-geometry
0.1,99,-0.11328125,0.11963693061863466,1.3154976501322,0.5166360885094138,-0.010176340929250067,unit_mode_chain_amplitude,stellarator-linear-scan:stella-geometry
0.1,100,-0.109375,-0.06448538762968468,1.4275522373076468,0.5166360885094138,-0.010176340929250067,unit_mode_chain_amplitude,stellarator-linear-scan:stella-geometry
0.1,101,-0.10546875,-0.22672148173070883,1.4505257082696639,0.5166360885094138,-0.010176340929250067,unit_mode_chain_amplitude,stellarator-linear-scan:stella-geometry
0.1,102,-0.1015625,-0.29161509471478736,1.3309954935868005,0.5166360885094138,-0.010176340929250067,unit_mode_chain_amplitude,stellarator-linear-scan:stella-geometry
0.1,103,-0.09765625,-0.33940092335127925,1.2700895829652412,0.5166360885094138,-0.010176340929250067,unit_mode_chain_amplitude,stellarator-linear-scan:stella-geometry
0.1,104,-0.09375,-0.3872738723695584,1.2453083499521795,0.5166360885094138,-0.010176340929250067,unit_mode_chain_amplitude,stellarator-linear-scan:stella-geometry
0.1,105,-0.08984375,-0.28713292159219556,1.1076499398791324,0.5166360885094138,-0.010176340929250067,unit_mode_chain_amplitude,stellarator-linear-scan:stella-geometry
0.1,106,-0.0859375,-0.15681458784729002,0.8256869799039701,0.5166360885094138,-0.010176340929250067,unit_mode_chain_amplitude,stellarator-linear-scan:stella-geometry
0.1,107,-0.08203125,0.028234525678227526,0.3543413682825851,0.5166360885094138,-0.010176340929250067,unit_mode_chain_amplitude,stellarator-linear-scan:stella-geometry
0.1,108,-0.078125,0.2074103351123113,-0.10419806928332812,0.5166360885094138,-0.010176340929250067,unit_mode_chain_amplitude,stellarator-linear-scan:stella-geometry
0.1,109,-0.07421875,0.3075085315585708,-0.5342378454244311,0.5166360885094138,-0.010176340929250067,unit_mode_chain_amplitude,stellarator-linear-scan:stella-geometry
0.1,110,-0.0703125,0.3354689414258072,-0.897404065006253,0.5166360885094138,-0.010176340929250067,unit_mode_chain_amplitude,stellarator-linear-scan:stella-geometry
0.1,111,-0.06640625,0.34578509080061726,-1.307742456038766,0.5166360885094138,-0.010176340929250067,unit_mode_chain_amplitude,stellarator-linear-scan:stella-geometry
0.1,112,-0.0625,0.3362023201588195,-1.6863558722797176,0.5166360885094138,-0.010176340929250067,unit_mode_chain_amplitude,stellarator-linear-scan:stella-geometry
0.1,113,-0.05859375,0.255726476791917,-2.0125047634491247,0.5166360885094138,-0.010176340929250067,unit_mode_chain_amplitude,stellarator-linear-scan:stella-geometry
0.1,114,-0.0546875,0.09690373159970757,-2.103226328172342,0.5166360885094138,-0.010176340929250067,unit_mode_chain_amplitude,stellarator-linear-scan:stella-geometry
0.1,115,-0.05078125,-0.12710916845982384,-1.7813547762723325,0.5166360885094138,-0.010176340929250067,unit_mode_chain_amplitude,stellarator-linear-scan:stella-geometry
0.1,116,-0.046875,-0.3482133054077892,-1.283406620800591,0.5166360885094138,-0.010176340929250067,unit_mode_chain_amplitude,stellarator-linear-scan:stella-geometry
0.1,117,-0.04296875,-0.3727242647449176,-0.7389852291105637,0.5166360885094138,-0.010176340929250067,unit_mode_chain_amplitude,stellarator-linear-scan:stella-geometry
0.1,118,-0.0390625,-0.3469876307550104,-0.3103015902458929,0.5166360885094138,-0.010176340929250067,unit_mode_chain_amplitude,stellarator-linear-scan:stella-geometry
0.1,119,-0.03515625,-0.3366200838712324,0.14121392921339773,0.5166360885094138,-0.010176340929250067,unit_mode_chain_amplitude,stellarator-linear-scan:stella-geometry
0.1,120,-0.03125,-0.2455575219398638,0.6029017632632018,0.5166360885094138,-0.010176340929250067,unit_mode_chain_amplitude,stellarator-linear-scan:stella-geometry
0.1,121,-0.02734375,-0.12297719610849824,1.0986735758819346,0.5166360885094138,-0.010176340929250067,unit_mode_chain_amplitude,stellarator-linear-scan:stella-geometry
0.1,122,-0.0234375,0.046323698041535015,1.3354250428861558,0.5166360885094138,-0.010176340929250067,unit_mode_chain_amplitude,stellarator-linear-scan:stella-geometry
0.1,123,-0.01953125,0.23752914481370116,1.392890638240054,0.5166360885094138,-0.010176340929250067,unit_mode_chain_amplitude,stellarator-linear-scan:stella-geometry
0.1,124,-0.015625,0.3533095036544637,1.5454990957455366,0.5166360885094138,-0.010176340929250067,unit_mode_chain_amplitude,stellarator-linear-scan:stella-geometry
0.1,125,-0.01171875,0.3985827018832578,1.5532630950606892,0.5166360885094138,-0.010176340929250067,unit_mode_chain_amplitude,stellarator-linear-scan:stella-geometry
0.1,126,-0.0078125,0.39699590720624167,1.4782036487807475,0.5166360885094138,-0.010176340929250067,unit_mode_chain_amplitude,stellarator-linear-scan:stella-geometry
0.1,127,-0.00390625,0.3028021011289713,1.3377976650969212,0.5166360885094138,-0.010176340929250067,unit_mode_chain_amplitude,stellarator-linear-scan:stella-geometry
0.1,128,0.0,0.1556262527905922,1.0914322219826413,0.5166360885094138,-0.010176340929250067,unit_mode_chain_amplitude,stellarator-linear-scan:stella-geometry
0.1,129,0.00390625,-0.034325032955782035,0.6924998077444915,0.5166360885094138,-0.010176340929250067,unit_mode_chain_amplitude,stellarator-linear-scan:stella-geometry
0.1,130,0.0078125,-0.212546113952013,0.2246137783509291,0.5166360885094138,-0.010176340929250067,unit_mode_chain_amplitude,stellarator-linear-scan:stella-geometry
0.1,131,0.01171875,-0.3370932734860759,-0.2377900738999813,0.5166360885094138,-0.010176340929250067,unit_mode_chain_amplitude,stellarator-linear-scan:stella-geometry
0.1,132,0.015625,-0.3728945213347238,-0.6834901705439379,0.5166360885094138,-0.010176340929250067,unit_mode_chain_amplitude,stellarator-linear-scan:stella-geometry
0.1,133,0.01953125,-0.39037004837589273,-1.044160989206151,0.5166360885094138,-0.010176340929250067,unit_mode_chain_amplitude,stellarator-linear-scan:stella-geometry
0.1,134,0.0234375,-0.3290354170998301,-1.4979388764005743,0.5166360885094138,-0.010176340929250067,unit_mode_chain_amplitude,stellarator-linear-scan:stella-geometry
0.1,135,0.02734375,-0.19526222521313566,-1.7949597388247645,0.5166360885094138,-0.010176340929250067,unit_mode_chain_amplitude,stellarator-linear-scan:stella-geometry
0.1,136,0.03125,-0.07582789579903704,-1.765749058217636,0.5166360885094138,-0.010176340929250067,unit_mode_chain_amplitude,stellarator-linear-scan:stella-geometry
0.1,137,0.03515625,0.13865426237359096,-1.6149364516875158,0.5166360885094138,-0.010176340929250067,unit_mode_chain_amplitude,stellarator-linear-scan:stella-geometry
0.1,138,0.0390625,0.24574289825398205,-1.3209282842271115,0.5166360885094138,-0.010176340929250067,unit_mode_chain_amplitude,stellarator-linear-scan:stella-geometry
0.1,139,0.04296875,0.3363729174504585,-0.9961456109960275,0.5166360885094138,-0.010176340929250067,unit_mode_chain_amplitude,stellarator-linear-scan:stella-geometry
0.1,140,0.046875,0.39443339183043213,-0.6734002375313469,0.5166360885094138,-0.010176340929250067,unit_mode_chain_amplitude,stellarator-linear-scan:stella-geometry
0.1,141,0.05078125,0.356056908633076,-0.34587467846791436,0.5166360885094138,-0.010176340929250067,unit_mode_chain_amplitude,stellarator-linear-scan:stella-geometry
0.1,142,0.0546875,0.21824161787118407,0.06439226022290676,0.5166360885094138,-0.010176340929250067,unit_mode_chain_amplitude,stellarator-linear-scan:stella-geometry
0.1,143,0.05859375,0.09139388577388437,0.4867537796366979,0.5166360885094138,-0.010176340929250067,unit_mode_chain_amplitude,stellarator-linear-scan:stella-geometry
0.1,144,0.0625,-0.0936584209386553,0.8016696781278977,0.5166360885094138,-0.010176340929250067,unit_mode_chain_amplitude,stellarator-linear-scan:stella-geometry
0.1,145,0.06640625,-0.2590198199168968,1.067043602754795,0.5166360885094138,-0.010176340929250067,unit_mode_chain_amplitude,stellarator-linear-scan:stella-geometry
0.1,146,0.0703125,-0.3139210811351929,1.2129340788452168,0.5166360885094138,-0.010176340929250067,unit_mode_chain_amplitude,stellarator-linear-scan:stella-geometry
0.1,147,0.07421875,-0.34503514774121363,1.3808172627282997,0.5166360885094138,-0.010176340929250067,unit_mode_chain_amplitude,stellarator-linear-scan:stella-geometry
0.1,148,0.078125,-0.34245856900180904,1.53599836676652,0.5166360885094138,-0.010176340929250067,unit_mode_chain_amplitude,stellarator-linear-scan:stella-geometry
0.1,149,0.08203125,-0.31394208016184505,1.6712715084914813,0.5166360885094138,-0.010176340929250067,unit_mode_chain_amplitude,stellarator-linear-scan:stella-geometry
0.1,150,0.0859375,-0.19802935197498492,1.6956388620593288,0.5166360885094138,-0.010176340929250067,unit_mode_chain_amplitude,stellarator-linear-scan:stella-geometry
0.1,151,0.08984375,-0.015515923909522417,1.3811055491080335,0.5166360885094138,-0.010176340929250067,unit_mode_chain_amplitude,stellarator-linear-scan:stella-geometry
0.1,152,0.09375,0.22880464160911643,0.8488697841615158,0.5166360885094138,-0.010176340929250067,unit_mode_chain_amplitude,stellarator-linear-scan:stella-geometry
0.1,153,0.09765625,0.36249318150508714,0.3121581338142412,0.5166360885094138,-0.010176340929250067,unit_mode_chain_amplitude,stellarator-linear-scan:stella-geometry
0.1,154,0.1015625,0.32510076946838584,-0.2047604090340325,0.5166360885094138,-0.010176340929250067,unit_mode_chain_amplitude,stellarator-linear-scan:stella-geometry
0.1,155,0.10546875,0.33107304112627567,-0.6672258782643841,0.5166360885094138,-0.010176340929250067,unit_mode_chain_amplitude,stellarator-linear-scan:stella-geometry
0.1,156,0.109375,0.30693858007063385,-1.1124362746070915,0.5166360885094138,-0.010176340929250067,unit_mode_chain_amplitude,stellarator-linear-scan:stella-geometry
0.1,157,0.11328125,0.20750888084180794,-1.5238416812241984,0.5166360885094138,-0.010176340929250067,unit_mode_chain_amplitude,stellarator-linear-scan:stella-geometry
0.1,158,0.1171875,0.07806452667565668,-1.8313327643290125,0.5166360885094138,-0.010176340929250067,unit_mode_chain_amplitude,stellarator-linear-scan:stella-geometry
0.1,159,0.12109375,-0.12243173904180714,-1.7377140360696044,0.5166360885094138,-0.010176340929250067,unit_mode_chain_amplitude,stellarator-linear-scan:stella-geometry
0.1,160,0.125,-0.2564697880028331,-1.5563049752902378,0.5166360885094138,-0.010176340929250067,unit_mode_chain_amplitude,stellarator-linear-scan:stella-geometry
0.1,161,0.12890625,-0.3714566132247133,-1.3329258568028017,0.5166360885094138,-0.010176340929250067,unit_mode_chain_amplitude,stellarator-linear-scan:stella-geometry
0.1,162,0.1328125,-0.3849284757521282,-0.98838294628941,0.5166360885094138,-0.010176340929250067,unit_mode_chain_amplitude,stellarator-linear-scan:stella-geometry
0.1,163,0.13671875,-0.3211653120955765,-0.6935538678170147,0.5166360885094138,-0.010176340929250067,unit_mode_chain_amplitude,stellarator-linear-scan:stella-geometry
0.1,164,0.140625,-0.22862638254471407,-0.36196283540886176,0.5166360885094138,-0.010176340929250067,unit_mode_chain_amplitude,stellarator-linear-scan:stella-geometry
0.1,165,0.14453125,-0.06056142875284028,0.03237466699876486,0.5166360885094138,-0.010176340929250067,unit_mode_chain_amplitude,stellarator-linear-scan:stella-geometry
0.1,166,0.1484375,0.10723137421174064,0.410219572183587,0.5166360885094138,-0.010176340929250067,unit_mode_chain_amplitude,stellarator-linear-scan:stella-geometry
0.1,167,0.15234375,0.23886843512721243,0.7320724890033847,0.5166360885094138,-0.010176340929250067,unit_mode_chain_amplitude,stellarator-linear-scan:stella-geometry
0.1,168,0.15625,0.32072748185362393,1.0048851701999657,0.5166360885094138,-0.010176340929250067,unit_mode_chain_amplitude,stellarator-linear-scan:stella-geometry
0.1,169,0.16015625,0.3569070395004474,1.2220755001185575,0.5166360885094138,-0.010176340929250067,unit_mode_chain_amplitude,stellarator-linear-scan:stella-geometry
0.1,170,0.1640625,0.338641319541392,1.3749953386749805,0.5166360885094138,-0.010176340929250067,unit_mode_chain_amplitude,stellarator-linear-scan:stella-geometry
0.1,171,0.16796875,0.25263047281219714,1.5087275042304746,0.5166360885094138,-0.010176340929250067,unit_mode_chain_amplitude,stellarator-linear-scan:stella-geometry
0.1,172,0.171875,0.17443099691743283,1.4664458224433665,0.5166360885094138,-0.010176340929250067,unit_mode_chain_amplitude,stellarator-linear-scan:stella-geometry
0.1,173,0.17578125,0.016740614285515446,1.2430142368213777,0.5166360885094138,-0.010176340929250067,unit_mode_chain_amplitude,stellarator-linear-scan:stella-geometry
0.1,174,0.1796875,-0.12796055946110008,0.9133755244444043,0.5166360885094138,-0.010176340929250067,unit_mode_chain_amplitude,stellarator-linear-scan:stella-geometry
0.1,175,0.18359375,-0.25420748118274167,0.5371416147746451,0.5166360885094138,-0.010176340929250067,unit_mode_chain_amplitude,stellarator-linear-scan:stella-geometry
0.1,176,0.1875,-0.36312193779971474,0.12251955021252978,0.5166360885094138,-0.010176340929250067,unit_mode_chain_amplitude,stellarator-linear-scan:stella-geometry
0.1,177,0.19140625,-0.3451984623132048,-0.2762212569846323,0.5166360885094138,-0.010176340929250067,unit_mode_chain_amplitude,stellarator-linear-scan:stella-geometry
0.1,178,0.1953125,-0.24369183216425713,-0.7161556609108765,0.5166360885094138,-0.010176340929250067,unit_mode_chain_amplitude,stellarator-linear-scan:stella-geometry
0.1,179,0.19921875,-0.15333866527551032,-1.074309238439718,0.5166360885094138,-0.010176340929250067,unit_mode_chain_amplitude,stellarator-linear-scan:stella-geometry
0.1,180,0.203125,-0.023591504199221545,-1.2557231386491228,0.5166360885094138,-0.010176340929250067,unit_mode_chain_amplitude,stellarator-linear-scan:stella-geometry
0.1,181,0.20703125,0.12800543750054766,-1.2912317730634304,0.5166360885094138,-0.010176340929250067,unit_mode_chain_amplitude,stellarator-linear-scan:stella-geometry
0.1,182,0.2109375,0.24272827574072758,-1.2698093272895359,0.5166360885094138,-0.010176340929250067,unit_mode_chain_amplitude,stellarator-linear-scan:stella-geometry
0.1,183,0.21484375,0.266470273295234,-1.1282532462491337,0.5166360885094138,-0.010176340929250067,unit_mode_chain_amplitude,stellarator-linear-scan:stella-geometry
0.1,184,0.21875,0.2906821741456196,-1.0368930475486875,0.5166360885094138,-0.010176340929250067,unit_mode_chain_amplitude,stellarator-linear-scan:stella-geometry
0.1,185,0.22265625,0.31253049878393785,-0.9638784743187508,0.5166360885094138,-0.010176340929250067,unit_mode_chain_amplitude,stellarator-linear-scan:stella-geometry
0.1,186,0.2265625,0.23875906464931876,-0.7981964260188821,0.5166360885094138,-0.010176340929250067,unit_mode_chain_amplitude,stellarator-linear-scan:stella-geometry
0.1,187,0.23046875,0.10792138730715439,-0.5489594153758242,0.5166360885094138,-0.010176340929250067,unit_mode_chain_amplitude,stellarator-linear-scan:stella-geometry
0.1,188,0.234375,-0.09887942380087028,-0.15930936177049784,0.5166360885094138,-0.010176340929250067,unit_mode_chain_amplitude,stellarator-linear-scan:stella-geometry
0.1,189,0.23828125,-0.22612618439813814,0.21135417992842837,0.5166360885094138,-0.010176340929250067,unit_mode_chain_amplitude,stellarator-linear-scan:stella-geometry
0.1,190,0.2421875,-0.29303450371912576,0.5524928725212915,0.5166360885094138,-0.010176340929250067,unit_mode_chain_amplitude,stellarator-linear-scan:stella-geometry
0.1,191,0.24609375,-0.2793366979835219,0.8373379981774918,0.5166360885094138,-0.010176340929250067,unit_mode_chain_amplitude,stellarator-linear-scan:stella-geometry
0.1,192,0.25,-0.26947734654779476,1.1267726362073975,0.5166360885094138,-0.010176340929250067,unit_mode_chain_amplitude,stellarator-linear-scan:stella-geometry
0.1,193,0.25390625,-0.23143494968708514,1.3750063978244829,0.5166360885094138,-0.010176340929250067,unit_mode_chain_amplitude,stellarator-linear-scan:stella-geometry
0.1,194,0.2578125,-0.17397841980322098,1.5298771010540744,0.5166360885094138,-0.010176340929250067,unit_mode_chain_amplitude,stellarator-linear-scan:stella-geometry
0.1,195,0.26171875,-0.059082947408165234,1.5349918345669515,0.5166360885094138,-0.010176340929250067,unit_mode_chain_amplitude,stellarator-linear-scan:stella-geometry
0.1,196,0.265625,0.11773646495967996,1.255562486825732,0.5166360885094138,-0.010176340929250067,unit_mode_chain_amplitude,stellarator-linear-scan:stella-geometry
0.1,197,0.26953125,0.2694025329194757,0.9063725131207354,0.5166360885094138,-0.010176340929250067,unit_mode_chain_amplitude,stellarator-linear-scan:stella-geometry
0.1,198,0.2734375,0.31712586306894663,0.46488611900693344,0.5166360885094138,-0.010176340929250067,unit_mode_chain_amplitude,stellarator-linear-scan:stella-geometry
0.1,199,0.27734375,0.28474846063208986,0.1215915003840686,0.5166360885094138,-0.010176340929250067,unit_mode_chain_amplitude,stellarator-linear-scan:stella-geometry
0.1,200,0.28125,0.22203079501589487,-0.24927237984759962,0.5166360885094138,-0.010176340929250067,unit_mode_chain_amplitude,stellarator-linear-scan:stella-geometry
0.1,201,0.28515625,0.1342962228765588,-0.5775362002584291,0.5166360885094138,-0.010176340929250067,unit_mode_chain_amplitude,stellarator-linear-scan:stella-geometry
0.1,202,0.2890625,-0.010183803123601511,-0.9368302216316088,0.5166360885094138,-0.010176340929250067,unit_mode_chain_amplitude,stellarator-linear-scan:stella-geometry
0.1,203,0.29296875,-0.11591495170521884,-1.036116755746347,0.5166360885094138,-0.010176340929250067,unit_mode_chain_amplitude,stellarator-linear-scan:stella-geometry
0.1,204,0.296875,-0.21708882460004053,-1.0453746183051638,0.5166360885094138,-0.010176340929250067,unit_mode_chain_amplitude,stellarator-linear-scan:stella-geometry
0.1,205,0.30078125,-0.26467255786666,-1.0916767732033843,0.5166360885094138,-0.010176340929250067,unit_mode_chain_amplitude,stellarator-linear-scan:stella-geometry
0.1,206,0.3046875,-0.2627075117071589,-1.0525598886331506,0.5166360885094138,-0.010176340929250067,unit_mode_chain_amplitude,stellarator-linear-scan:stella-geometry
0.1,207,0.30859375,-0.26424775696093444,-0.9549257607300939,0.5166360885094138,-0.010176340929250067,unit_mode_chain_amplitude,stellarator-linear-scan:stella-geometry
0.1,208,0.3125,-0.2240028254166748,-0.8296207458300111,0.5166360885094138,-0.010176340929250067,unit_mode_chain_amplitude,stellarator-linear-scan:stella-geometry
0.1,209,0.31640625,-0.12854642576607905,-0.6345664388814082,0.5166360885094138,-0.010176340929250067,unit_mode_chain_amplitude,stellarator-linear-scan:stella-geometry
0.1,210,0.3203125,0.005550855985318573,-0.3805849355088949,0.5166360885094138,-0.010176340929250067,unit_mode_chain_amplitude,stellarator-linear-scan:stella-geometry
0.1,211,0.32421875,0.16597649063156533,-0.05745087444748095,0.5166360885094138,-0.010176340929250067,unit_mode_chain_amplitude,stellarator-linear-scan:stella-geometry
0.1,212,0.328125,0.2709472201789149,0.26360991829352687,0.5166360885094138,-0.010176340929250067,unit_mode_chain_amplitude,stellarator-linear-scan:stella-geometry
0.1,213,0.33203125,0.27536770743724015,0.5913996819777141,0.5166360885094138,-0.010176340929250067,unit_mode_chain_amplitude,stellarator-linear-scan:stella-geometry
0.1,214,0.3359375,0.2497096954845105,0.8143650300558315,0.5166360885094138,-0.010176340929250067,unit_mode_chain_amplitude,stellarator-linear-scan:stella-geometry
0.1,215,0.33984375,0.18894571867773857,1.0865740706683866,0.5166360885094138,-0.010176340929250067,unit_mode_chain_amplitude,stellarator-linear-scan:stella-geometry
0.1,216,0.34375,0.08824200885148226,1.1893893399612827,0.5166360885094138,-0.010176340929250067,unit_mode_chain_amplitude,stellarator-linear-scan:stella-geometry
0.1,217,0.34765625,0.023813884292219135,1.1396597241170412,0.5166360885094138,-0.010176340929250067,unit_mode_chain_amplitude,stellarator-linear-scan:stella-geometry
0.1,218,0.3515625,-0.11909773487246286,1.0045399247040918,0.5166360885094138,-0.010176340929250067,unit_mode_chain_amplitude,stellarator-linear-scan:stella-geometry
0.1,219,0.35546875,-0.16646163893665641,0.8104075536502346,0.5166360885094138,-0.010176340929250067,unit_mode_chain_amplitude,stellarator-linear-scan:stella-geometry
0.1,220,0.359375,-0.21349552573138236,0.576248916910021,0.5166360885094138,-0.010176340929250067,unit_mode_chain_amplitude,stellarator-linear-scan:stella-geometry
0.1,221,0.36328125,-0.285828412011097,0.36610189755997175,0.5166360885094138,-0.010176340929250067,unit_mode_chain_amplitude,stellarator-linear-scan:stella-geometry
0.1,222,0.3671875,-0.23141835947583092,0.10639943216632747,0.5166360885094138,-0.010176340929250067,unit_mode_chain_amplitude,stellarator-linear-scan:stella-geometry
0.1,223,0.37109375,-0.11209534009981112,-0.14472365308313592,0.5166360885094138,-0.010176340929250067,unit_mode_chain_amplitude,stellarator-linear-scan:stella-geometry
0.1,224,0.375,-0.0038310540182629185,-0.4351298505957855,0.5166360885094138,-0.010176340929250067,unit_mode_chain_amplitude,stellarator-linear-scan:stella-geometry
0.1,225,0.37890625,0.12689623824507706,-0.5926872882343088,0.5166360885094138,-0.010176340929250067,unit_mode_chain_amplitude,stellarator-linear-scan:stella-geometry
0.1,226,0.3828125,0.199962733801283,-0.7654304708334843,0.5166360885094138,-0.010176340929250067,unit_mode_chain_amplitude,stellarator-linear-scan:stella-geometry
0.1,227,0.38671875,0.22536396040115655,-0.8077611671848167,0.5166360885094138,-0.010176340929250067,unit_mode_chain_amplitude,stellarator-linear-scan:stella-geometry
0.1,228,0.390625,0.2164657206172095,-0.9165535298094195,0.5166360885094138,-0.010176340929250067,unit_mode_chain_amplitude,stellarator-linear-scan:stella-geometry
0.1,229,0.39453125,0.21581690201520978,-0.9554092829198997,0.5166360885094138,-0.010176340929250067,unit_mode_chain_amplitude,stellarator-linear-scan:stella-geometry
0.1,230,0.3984375,0.19723680694675805,-0.9957687826995578,0.5166360885094138,-0.010176340929250067,unit_mode_chain_amplitude,stellarator-linear-scan:stella-geometry
0.1,231,0.40234375,0.17203036486847278,-0.9376925209423369,0.5166360885094138,-0.010176340929250067,unit_mode_chain_amplitude,stellarator-linear-scan:stella-geometry
0.1,232,0.40625,0.03602122049656765,-0.788519255047653,0.5166360885094138,-0.010176340929250067,unit_mode_chain_amplitude,stellarator-linear-scan:stella-geometry
0.1,233,0.41015625,-0.16510138739734798,-0.445116328066004,0.5166360885094138,-0.010176340929250067,unit_mode_chain_amplitude,stellarator-linear-scan:stella-geometry
0.1,234,0.4140625,-0.2529040134585658,-0.12255785267372461,0.5166360885094138,-0.010176340929250067,unit_mode_chain_amplitude,stellarator-linear-scan:stella-geometry
0.1,235,0.41796875,-0.23095904396913255,0.2295598216947169,0.5166360885094138,-0.010176340929250067,unit_mode_chain_amplitude,stellarator-linear-scan:stella-geometry
0.1,236,0.421875,-0.1979069837163503,0.5030724414957888,0.5166360885094138,-0.010176340929250067,unit_mode_chain_amplitude,stellarator-linear-scan:stella-geometry
0.1,237,0.42578125,-0.1727785978131292,0.8040247651004315,0.5166360885094138,-0.010176340929250067,unit_mode_chain_amplitude,stellarator-linear-scan:stella-geometry
0.1,238,0.4296875,-0.07700183056286576,1.010273564174935,0.5166360885094138,-0.010176340929250067,unit_mode_chain_amplitude,stellarator-linear-scan:stella-geometry
0.1,239,0.43359375,-0.004157205952902553,1.1836777874111397,0.5166360885094138,-0.010176340929250067,unit_mode_chain_amplitude,stellarator-linear-scan:stella-geometry
0.1,240,0.4375,0.11929958726025233,1.017249524583596,0.5166360885094138,-0.010176340929250067,unit_mode_chain_amplitude,stellarator-linear-scan:stella-geometry
0.1,241,0.44140625,0.1542625049084114,0.9461273898719494,0.5166360885094138,-0.010176340929250067,unit_mode_chain_amplitude,stellarator-linear-scan:stella-geometry
0.1,242,0.4453125,0.21377408001190157,0.7569217214620224,0.5166360885094138,-0.010176340929250067,unit_mode_chain_amplitude,stellarator-linear-scan:stella-geometry
0.1,243,0.44921875,0.2517810650291689,0.5902911046731673,0.5166360885094138,-0.010176340929250067,unit_mode_chain_amplitude,stellarator-linear-scan:stella-geometry
0.1,244,0.453125,0.21117935465464616,0.3360076363541264,0.5166360885094138,-0.010176340929250067,unit_mode_chain_amplitude,stellarator-linear-scan:stella-geometry
0.1,245,0.45703125,0.1513430063665669,0.19493595302228567,0.5166360885094138,-0.010176340929250067,unit_mode_chain_amplitude,stellarator-linear-scan:stella-geometry
0.1,246,0.4609375,0.027765983364463155,-0.11565426063322196,0.5166360885094138,-0.010176340929250067,unit_mode_chain_amplitude,stellarator-linear-scan:stella-geometry
0.1,247,0.46484375,-0.11754722587635198,-0.2739087904101383,0.5166360885094138,-0.010176340929250067,unit_mode_chain_amplitude,stellarator-linear-scan:stella-geometry
0.1,248,0.46875,-0.19818892107172117,-0.5898004409650419,0.5166360885094138,-0.010176340929250067,unit_mode_chain_amplitude,stellarator-linear-scan:stella-geometry
0.1,249,0.47265625,-0.22159227871582526,-0.6689260124981317,0.5166360885094138,-0.010176340929250067,unit_mode_chain_amplitude,stellarator-linear-scan:stella-geometry
0.1,250,0.4765625,-0.23650090600206236,-0.8727674131268218,0.5166360885094138,-0.010176340929250067,unit_mode_chain_amplitude,stellarator-linear-scan:stella-geometry
0.1,251,0.48046875,-0.21622839824784065,-0.7974432694926803,0.5166360885094138,-0.010176340929250067,unit_mode_chain_amplitude,stellarator-linear-scan:stella-geometry
0.1,252,0.484375,-0.14928479256047308,-0.9798079891456357,0.5166360885094138,-0.010176340929250067,unit_mode_chain_amplitude,stellarator-linear-scan:stella-geometry
0.1,253,0.48828125,-0.15781953659691544,-0.7154852482359711,0.5166360885094138,-0.010176340929250067,unit_mode_chain_amplitude,stellarator-linear-scan:stella-geometry
0.1,254,0.4921875,-0.0070461128429663514,-0.8790941694688357,0.5166360885094138,-0.010176340929250067,unit_mode_chain_amplitude,stellarator-linear-scan:stella-geometry
0.1,255,0.49609375,-0.10879532665925289,-0.03175451910229845,0.5166360885094138,-0.010176340929250067,unit_mode_chain_amplitude,stellarator-linear-scan:stella-geometry
0.2,0,-0.5,-0.2821988739296117,-0.1051862893144294,0.5183210133929236,-0.016646540079726612,unit_mode_chain_amplitude,stellarator-linear-scan:stella-geometry
0.2,1,-0.49609375,-0.15040546202670987,-0.5505602594882621,0.5183210133929236,-0.016646540079726612,unit_mode_chain_amplitude,stellarator-linear-scan:stella-geometry
0.2,2,-0.4921875,-0.31238608515100985,-0.1661424380142753,0.5183210133929236,-0.016646540079726612,unit_mode_chain_amplitude,stellarator-linear-scan:stella-geometry
0.2,3,-0.48828125,-0.296482317108319,-0.1818790752968526,0.5183210133929236,-0.016646540079726612,unit_mode_chain_amplitude,stellarator-linear-scan:stella-geometry
0.2,4,-0.484375,-0.32873901885328516,0.12024724351580152,0.5183210133929236,-0.016646540079726612,unit_mode_chain_amplitude,stellarator-linear-scan:stella-geometry
0.2,5,-0.48046875,-0.1630927474337967,0.21431354360324265,0.5183210133929236,-0.016646540079726612,unit_mode_chain_amplitude,stellarator-linear-scan:stella-geometry
0.2,6,-0.4765625,0.10451392492171768,0.5256748713071678,0.5183210133929236,-0.016646540079726612,unit_mode_chain_amplitude,stellarator-linear-scan:stella-geometry
0.2,7,-0.47265625,0.20512704119086217,0.7042694282903194,0.5183210133929236,-0.016646540079726612,unit_mode_chain_amplitude,stellarator-linear-scan:stella-geometry
0.2,8,-0.46875,0.24773040902461876,0.9582045015962344,0.5183210133929236,-0.016646540079726612,unit_mode_chain_amplitude,stellarator-linear-scan:stella-geometry
0.2,9,-0.46484375,0.2963399662475461,1.0017853811608055,0.5183210133929236,-0.016646540079726612,unit_mode_chain_amplitude,stellarator-linear-scan:stella-geometry
0.2,10,-0.4609375,0.2858992216406133,1.0360344565316775,0.5183210133929236,-0.016646540079726612,unit_mode_chain_amplitude,stellarator-linear-scan:stella-geometry
0.2,11,-0.45703125,0.16170030984903638,0.8355881126486866,0.5183210133929236,-0.016646540079726612,unit_mode_chain_amplitude,stellarator-linear-scan:stella-geometry
0.2,12,-0.453125,0.030193989641130452,0.678334318247535,0.5183210133929236,-0.016646540079726612,unit_mode_chain_amplitude,stellarator-linear-scan:stella-geometry
0.2,13,-0.44921875,-0.1169772992933823,0.3852780076186829,0.5183210133929236,-0.016646540079726612,unit_mode_chain_amplitude,stellarator-linear-scan:stella-geometry
0.2,14,-0.4453125,-0.13658368916882008,0.1813568128798035,0.5183210133929236,-0.016646540079726612,unit_mode_chain_amplitude,stellarator-linear-scan:stella-geometry
0.2,15,-0.44140625,-0.11208718610124808,-0.06223164494161254,0.5183210133929236,-0.016646540079726612,unit_mode_chain_amplitude,stellarator-linear-scan:stella-geometry
0.2,16,-0.4375,-0.2934488421483108,-0.2555992508516442,0.5183210133929236,-0.016646540079726612,unit_mode_chain_amplitude,stellarator-linear-scan:stella-geometry
0.2,17,-0.43359375,-0.26153000999675313,-0.5879145658497108,0.5183210133929236,-0.016646540079726612,unit_mode_chain_amplitude,stellarator-linear-scan:stella-geometry
0.2,18,-0.4296875,-0.1842900645174686,-0.8106953853917028,0.5183210133929236,-0.016646540079726612,unit_mode_chain_amplitude,stellarator-linear-scan:stella-geometry
0.2,19,-0.42578125,-0.03840380870612472,-0.9665318700608202,0.5183210133929236,-0.016646540079726612,unit_mode_chain_amplitude,stellarator-linear-scan:stella-geometry
0.2,20,-0.421875,0.08660436112532538,-0.9466048103506843,0.5183210133929236,-0.016646540079726612,unit_mode_chain_amplitude,stellarator-linear-scan:stella-geometry
0.2,21,-0.41796875,0.15860886307822963,-0.8733914139934966,0.5183210133929236,-0.016646540079726612,unit_mode_chain_amplitude,stellarator-linear-scan:stella-geometry
0.2,22,-0.4140625,0.23380988553027054,-0.8081129700158186,0.5183210133929236,-0.016646540079726612,unit_mode_chain_amplitude,stellarator-linear-scan:stella-geometry
0.2,23,-0.41015625,0.3083923842812196,-0.79218549817626,0.5183210133929236,-0.016646540079726612,unit_mode_chain_amplitude,stellarator-linear-scan:stella-geometry
0.2,24,-0.40625,0.2720752888010806,-0.6354532741466284,0.5183210133929236,-0.016646540079726612,unit_mode_chain_amplitude,stellarator-linear-scan:stella-geometry
0.2,25,-0.40234375,0.302299086821908,-0.4438822379123553,0.5183210133929236,-0.016646540079726612,unit_mode_chain_amplitude,stellarator-linear-scan:stella-geometry
0.2,26,-0.3984375,0.17372492994671399,-0.20343578318204625,0.5183210133929236,-0.016646540079726612,unit_mode_chain_amplitude,stellarator-linear-scan:stella-geometry
0.2,27,-0.39453125,-0.0134938755402088,0.05571410380619325,0.5183210133929236,-0.016646540079726612,unit_mode_chain_amplitude,stellarator-linear-scan:stella-geometry
0.2,28,-0.390625,-0.1303823676971534,0.32875129166976436,0.5183210133929236,-0.016646540079726612,unit_mode_chain_amplitude,stellarator-linear-scan:stella-geometry
0.2,29,-0.38671875,-0.1934739058864758,0.5365305120172689,0.5183210133929236,-0.016646540079726612,unit_mode_chain_amplitude,stellarator-linear-scan:stella-geometry
0.2,30,-0.3828125,-0.23859037515544015,0.8359729464845219,0.5183210133929236,-0.016646540079726612,unit_mode_chain_amplitude,stellarator-linear-scan:stella-geometry
0.2,31,-0.37890625,-0.2889489088672419,1.1467365665446119,0.5183210133929236,-0.016646540079726612,unit_mode_chain_amplitude,stellarator-linear-scan:stella-geometry
0.2,32,-0.375,-0.27263741461277474,1.463731327152102,0.5183210133929236,-0.016646540079726612,unit_mode_chain_amplitude,stellarator-linear-scan:stella-geometry
0.2,33,-0.37109375,-0.1601648648541337,1.5434419156598167,0.5183210133929236,-0.016646540079726612,unit_mode_chain_amplitude,stellarator-linear-scan:stella-geometry
0.2,34,-0.3671875,-0.016216072470635362,1.2406805876316944,0.5183210133929236,-0.016646540079726612,unit_mode_chain_amplitude,stellarator-linear-scan:stella-geometry
0.2,35,-0.36328125,0.21693238950011506,0.7994583417827902,0.5183210133929236,-0.016646540079726612,unit_mode_chain_amplitude,stellarator-linear-scan:stella-geometry
0.2,36,-0.359375,0.19078966456079577,0.4589024272472345,0.5183210133929236,-0.016646540079726612,unit_mode_chain_amplitude,stellarator-linear-scan:stella-geometry
0.2,37,-0.35546875,0.17041593935271138,0.21226250136657965,0.5183210133929236,-0.016646540079726612,unit_mode_chain_amplitude,stellarator-linear-scan:stella-geometry
0.2,38,-0.3515625,0.26557338587624385,-0.03448848104751172,0.5183210133929236,-0.016646540079726612,unit_mode_chain_amplitude,stellarator-linear-scan:stella-geometry
0.2,39,-0.34765625,0.27400785372009007,-0.3252892679122138,0.5183210133929236,-0.016646540079726612,unit_mode_chain_amplitude,stellarator-linear-scan:stella-geometry
0.2,40,-0.34375,0.3201227054361209,-0.6266168164025172,0.5183210133929236,-0.016646540079726612,unit_mode_chain_amplitude,stellarator-linear-scan:stella-geometry
0.2,41,-0.33984375,0.16333177644030972,-0.9140863603397934,0.5183210133929236,-0.016646540079726612,unit_mode_chain_amplitude,stellarator-linear-scan:stella-geometry
0.2,42,-0.3359375,-0.0940558272052876,-1.0291770740922541,0.5183210133929236,-0.016646540079726612,unit_mode_chain_amplitude,stellarator-linear-scan:stella-geometry
0.2,43,-0.33203125,-0.21211152333806046,-1.1410367502532541,0.5183210133929236,-0.016646540079726612,unit_mode_chain_amplitude,stellarator-linear-scan:stella-geometry
0.2,44,-0.328125,-0.2778580741179134,-1.0490780887166602,0.5183210133929236,-0.016646540079726612,unit_mode_chain_amplitude,stellarator-linear-scan:stella-geometry
0.2,45,-0.32421875,-0.32986916264018473,-0.9379775751234734,0.5183210133929236,-0.016646540079726612,unit_mode_chain_amplitude,stellarator-linear-scan:stella-geometry
0.2,46,-0.3203125,-0.28780226147205173,-0.8216741891258236,0.5183210133929236,-0.016646540079726612,unit_mode_chain_amplitude,stellarator-linear-scan:stella-geometry
0.2,47,-0.31640625,-0.24983944484131906,-0.6677030748341726,0.5183210133929236,-0.016646540079726612,unit_mode_chain_amplitude,stellarator-linear-scan:stella-geometry
0.2,48,-0.3125,-0.1472117522557003,-0.4229191081342496,0.5183210133929236,-0.016646540079726612,unit_mode_chain_amplitude,stellarator-linear-scan:stella-geometry
0.2,49,-0.30859375,-0.031422939240305515,-0.15584202037465036,0.5183210133929236,-0.016646540079726612,unit_mode_chain_amplitude,stellarator-linear-scan:stella-geometry
0.2,50,-0.3046875,0.06791200451769532,0.11465735716093751,0.5183210133929236,-0.016646540079726612,unit_mode_chain_amplitude,stellarator-linear-scan:stella-geometry
0.2,51,-0.30078125,0.18056393101251528,0.3933801430817789,0.5183210133929236,-0.016646540079726612,unit_mode_chain_amplitude,stellarator-linear-scan:stella-geometry
0.2,52,-0.296875,0.3121913973176195,0.685806141088069,0.5183210133929236,-0.016646540079726612,unit_mode_chain_amplitude,stellarator-linear-scan:stella-geometry
0.2,53,-0.29296875,0.30845418213511494,1.086889036648333,0.5183210133929236,-0.016646540079726612,unit_mode_chain_amplitude,stellarator-linear-scan:stella-geometry
0.2,54,-0.2890625,0.20676287129074544,1.443280115212725,0.5183210133929236,-0.016646540079726612,unit_mode_chain_amplitude,stellarator-linear-scan:stella-geometry
0.2,55,-0.28515625,0.11312520925827205,1.4675214953611326,0.5183210133929236,-0.016646540079726612,unit_mode_chain_amplitude,stellarator-linear-scan:stella-geometry
0.2,56,-0.28125,-0.0768888576426208,1.3634889830672836,0.5183210133929236,-0.016646540079726612,unit_mode_chain_amplitude,stellarator-linear-scan:stella-geometry
0.2,57,-0.27734375,-0.17350136322105258,1.0943077834211887,0.5183210133929236,-0.016646540079726612,unit_mode_chain_amplitude,stellarator-linear-scan:stella-geometry
0.2,58,-0.2734375,-0.317835342727086,0.8196585264917812,0.5183210133929236,-0.016646540079726612,unit_mode_chain_amplitude,stellarator-linear-scan:stella-geometry
0.2,59,-0.26953125,-0.2928208147195812,0.5456215069077003,0.5183210133929236,-0.016646540079726612,unit_mode_chain_amplitude,stellarator-linear-scan:stella-geometry
0.2,60,-0.265625,-0.2932097199983948,0.312746706335208,0.5183210133929236,-0.016646540079726612,unit_mode_chain_amplitude,stellarator-linear-scan:stella-geometry
0.2,61,-0.26171875,-0.2672436712023007,0.0213780694412781,0.5183210133929236,-0.016646540079726612,unit_mode_chain_amplitude,stellarator-linear-scan:stella-geometry
0.2,62,-0.2578125,-0.22690378688682708,-0.2920072609098274,0.5183210133929236,-0.016646540079726612,unit_mode_chain_amplitude,stellarator-linear-scan:stella-geometry
0.2,63,-0.25390625,-0.07201645583884478,-0.588251246833884,0.5183210133929236,-0.016646540079726612,unit_mode_chain_amplitude,stellarator-linear-scan:stella-geometry
0.2,64,-0.25,0.16311306985254134,-0.8536108440445059,0.5183210133929236,-0.016646540079726612,unit_mode_chain_amplitude,stellarator-linear-scan:stella-geometry
0.2,65,-0.24609375,0.20375846860051042,-0.9925607373177386,0.5183210133929236,-0.016646540079726612,unit_mode_chain_amplitude,stellarator-linear-scan:stella-geometry
0.2,66,-0.2421875,0.2973118183446859,-1.128401344605513,0.5183210133929236,-0.016646540079726612,unit_mode_chain_amplitude,stellarator-linear-scan:stella-geometry
0.2,67,-0.23828125,0.3124749928496675,-1.3224299278663134,0.5183210133929236,-0.016646540079726612,unit_mode_chain_amplitude,stellarator-linear-scan:stella-geometry
0.2,68,-0.234375,0.3541066339555852,-1.5283336566911019,0.5183210133929236,-0.016646540079726612,unit_mode_chain_amplitude,stellarator-linear-scan:stella-geometry
0.2,69,-0.23046875,0.21038011375762164,-1.561320492354022,0.5183210133929236,-0.016646540079726612,unit_mode_chain_amplitude,stellarator-linear-scan:stella-geometry
0.2,70,-0.2265625,0.050755066969456045,-1.212304769431096,0.5183210133929236,-0.016646540079726612,unit_mode_chain_amplitude,stellarator-linear-scan:stella-geometry
0.2,71,-0.22265625,-0.14512443043690626,-0.7436314543848692,0.5183210133929236,-0.016646540079726612,unit_mode_chain_amplitude,stellarator-linear-scan:stella-geometry
0.2,72,-0.21875,-0.29970726308953677,-0.28420598068252106,0.5183210133929236,-0.016646540079726612,unit_mode_chain_amplitude,stellarator-linear-scan:stella-geometry
0.2,73,-0.21484375,-0.224894888882877,0.14472661417144514,0.5183210133929236,-0.016646540079726612,unit_mode_chain_amplitude,stellarator-linear-scan:stella-geometry
0.2,74,-0.2109375,-0.29442611986999223,0.5348770994695236,0.5183210133929236,-0.016646540079726612,unit_mode_chain_amplitude,stellarator-linear-scan:stella-geometry
0.2,75,-0.20703125,-0.3361265052325562,0.9378209967716058,0.5183210133929236,-0.016646540079726612,unit_mode_chain_amplitude,stellarator-linear-scan:stella-geometry
0.2,76,-0.203125,-0.3225672722765307,1.3489358877922917,0.5183210133929236,-0.016646540079726612,unit_mode_chain_amplitude,stellarator-linear-scan:stella-geometry
0.2,77,-0.19921875,-0.2394743189438362,1.7443764823987147,0.5183210133929236,-0.016646540079726612,unit_mode_chain_amplitude,stellarator-linear-scan:stella-geometry
0.2,78,-0.1953125,-0.007315146725071001,1.8242161856292254,0.5183210133929236,-0.016646540079726612,unit_mode_chain_amplitude,stellarator-linear-scan:stella-geometry
0.2,79,-0.19140625,0.2166482811585494,1.606998508144007,0.5183210133929236,-0.016646540079726612,unit_mode_chain_amplitude,stellarator-linear-scan:stella-geometry
0.2,80,-0.1875,0.3905864082794238,1.2783175465795469,0.5183210133929236,-0.016646540079726612,unit_mode_chain_amplitude,stellarator-linear-scan:stella-geometry
0.2,81,-0.18359375,0.36905113011215396,0.908848498830501,0.5183210133929236,-0.016646540079726612,unit_mode_chain_amplitude,stellarator-linear-scan:stella-geometry
0.2,82,-0.1796875,0.2872876725255848,0.6524949150953997,0.5183210133929236,-0.016646540079726612,unit_mode_chain_amplitude,stellarator-linear-scan:stella-geometry
0.2,83,-0.17578125,0.29149157945542453,0.3427700240815343,0.5183210133929236,-0.016646540079726612,unit_mode_chain_amplitude,stellarator-linear-scan:stella-geometry
0.2,84,-0.171875,0.1855491211172804,-0.014329129112025548,0.5183210133929236,-0.016646540079726612,unit_mode_chain_amplitude,stellarator-linear-scan:stella-geometry
0.2,85,-0.16796875,0.1118340360783187,-0.3826965772968563,0.5183210133929236,-0.016646540079726612,unit_mode_chain_amplitude,stellarator-linear-scan:stella-geometry
0.2,86,-0.1640625,-0.05839298052343036,-0.6372882404106341,0.5183210133929236,-0.016646540079726612,unit_mode_chain_amplitude,stellarator-linear-scan:stella-geometry
0.2,87,-0.16015625,-0.2878204746183322,-0.9295474332849701,0.5183210133929236,-0.016646540079726612,unit_mode_chain_amplitude,stellarator-linear-scan:stella-geometry
0.2,88,-0.15625,-0.3508891766084103,-1.2252204935583824,0.5183210133929236,-0.016646540079726612,unit_mode_chain_amplitude,stellarator-linear-scan:stella-geometry
0.2,89,-0.15234375,-0.37568258281196887,-1.4736837977387958,0.5183210133929236,-0.016646540079726612,unit_mode_chain_amplitude,stellarator-linear-scan:stella-geometry
0.2,90,-0.1484375,-0.3053573419216868,-1.6985021463081205,0.5183210133929236,-0.016646540079726612,unit_mode_chain_amplitude,stellarator-linear-scan:stella-geometry
0.2,91,-0.14453125,-0.20716323049952676,-1.7217752226859655,0.5183210133929236,-0.016646540079726612,unit_mode_chain_amplitude,stellarator-linear-scan:stella-geometry
0.2,92,-0.140625,0.005707939583216498,-1.480300203340593,0.5183210133929236,-0.016646540079726612,unit_mode_chain_amplitude,stellarator-linear-scan:stella-geometry
0.2,93,-0.13671875,0.17412993479784722,-1.0886332974362853,0.5183210133929236,-0.016646540079726612,unit_mode_chain_amplitude,stellarator-linear-scan:stella-geometry
0.2,94,-0.1328125,0.3367889085371081,-0.6274234014412938,0.5183210133929236,-0.016646540079726612,unit_mode_chain_amplitude,stellarator-linear-scan:stella-geometry
0.2,95,-0.12890625,0.38443660585765194,-0.1589110539545709,0.5183210133929236,-0.016646540079726612,unit_mode_chain_amplitude,stellarator-linear-scan:stella-geometry
0.2,96,-0.125,0.3085072761516624,0.2635639888188219,0.5183210133929236,-0.016646540079726612,unit_mode_chain_amplitude,stellarator-linear-scan:stella-geometry
0.2,97,-0.12109375,0.3558916917891835,0.6680065288642646,0.5183210133929236,-0.016646540079726612,unit_mode_chain_amplitude,stellarator-linear-scan:stella-geometry
0.2,98,-0.1171875,0.267776074413202,1.066936542065316,0.5183210133929236,-0.016646540079726612,unit_mode_chain_amplitude,stellarator-linear-scan:stella-geometry
0.2,99,-0.11328125,0.1380671437992624,1.3518270280737241,0.5183210133929236,-0.016646540079726612,unit_mode_chain_amplitude,stellarator-linear-scan:stella-geometry
0.2,100,-0.109375,-0.07417892961882518,1.4820378312446911,0.5183210133929236,-0.016646540079726612,unit_mode_chain_amplitude,stellarator-linear-scan:stella-geometry
0.2,101,-0.10546875,-0.2474487446299074,1.4943231086399864,0.5183210133929236,-0.016646540079726612,unit_mode_chain_amplitude,stellarator-linear-scan:stella-geometry
0.2,102,-0.1015625,-0.2975494202702647,1.3491398319652992,0.5183210133929236,-0.016646540079726612,unit_mode_chain_amplitude,stellarator-linear-scan:stella-geometry
0.2,103,-0.09765625,-0.37363154700137613,1.2617768866069592,0.5183210133929236,-0.016646540079726612,unit_mode_chain_amplitude,stellarator-linear-scan:stella-geometry
0.2,104,-0.09375,-0.423949474364912,1.232955511247271,0.5183210133929236,-0.016646540079726612,unit_mode_chain_amplitude,stellarator-linear-scan:stella-geometry
0.2,105,-0.08984375,-0.26594236651380926,1.0708254167620577,0.5183210133929236,-0.016646540079726612,unit_mode_chain_amplitude,stellarator-linear-scan:stella-geometry
0.2,106,-0.0859375,-0.12389063918567765,0.7260999253390421,0.5183210133929236,-0.016646540079726612,unit_mode_chain_amplitude,stellarator-linear-scan:stella-geometry
0.2,107,-0.08203125,0.06605939555680801,0.23031480671505952,0.5183210133929236,-0.016646540079726612,unit_mode_chain_amplitude,stellarator-linear-scan:stella-geometry
0.2,108,-0.078125,0.2442294931795931,-0.23753264692199177,0.5183210133929236,-0.016646540079726612,unit_mode_chain_amplitude,stellarator-linear-scan:stella-geometry
0.2,109,-0.07421875,0.33410334285930926,-0.6605904699408317,0.5183210133929236,-0.016646540079726612,unit_mode_chain_amplitude,stellarator-linear-scan:stella-geometry
0.2,110,-0.0703125,0.3441139024543867,-1.0039797387452174,0.5183210133929236,-0.016646540079726612,unit_mode_chain_amplitude,stellarator-linear-scan:stella-geometry
0.2,111,-0.06640625,0.3516553406707963,-1.393156702216976,0.5183210133929236,-0.016646540079726612,unit_mode_chain_amplitude,stellarator-linear-scan:stella-geometry
0.2,112,-0.0625,0.3589584322384282,-1.7578153629287885,0.5183210133929236,-0.016646540079726612,unit_mode_chain_amplitude,stellarator-linear-scan:stella-geometry
0.2,113,-0.05859375,0.30309042731781266,-2.0696143785355714,0.5183210133929236,-0.016646540079726612,unit_mode_chain_amplitude,stellarator-linear-scan:stella-geometry
0.2,114,-0.0546875,0.14953903778242425,-2.202426790361095,0.5183210133929236,-0.016646540079726612,unit_mode_chain_amplitude,stellarator-linear-scan:stella-geometry
0.2,115,-0.05078125,-0.1403431325147962,-1.8616375041424247,0.5183210133929236,-0.016646540079726612,unit_mode_chain_amplitude,stellarator-linear-scan:stella-geometry
0.2,116,-0.046875,-0.4329273112334014,-1.264451936183292,0.5183210133929236,-0.016646540079726612,unit_mode_chain_amplitude,stellarator-linear-scan:stella-geometry
0.2,117,-0.04296875,-0.4114819581792908,-0.6376614160119377,0.5183210133929236,-0.016646540079726612,unit_mode_chain_amplitude,stellarator-linear-scan:stella-geometry
0.2,118,-0.0390625,-0.33121850304910383,-0.18698922743630336,0.5183210133929236,-0.016646540079726612,unit_mode_chain_amplitude,stellarator-linear-scan:stella-geometry
0.2,119,-0.03515625,-0.3458299233008465,0.2711390178208064,0.5183210133929236,-0.016646540079726612,unit_mode_chain_amplitude,stellarator-linear-scan:stella-geometry
0.2,120,-0.03125,-0.24893541504126734,0.7324379410575671,0.5183210133929236,-0.016646540079726612,unit_mode_chain_amplitude,stellarator-linear-scan:stella-geometry
0.2,121,-0.02734375,-0.19224350924609315,1.2121979425294067,0.5183210133929236,-0.016646540079726612,unit_mode_chain_amplitude,stellarator-linear-scan:stella-geometry
0.2,122,-0.0234375,-0.0005554204626583158,1.4284326853786222,0.5183210133929236,-0.016646540079726612,unit_mode_chain_amplitude,stellarator-linear-scan:stella-geometry
0.2,123,-0.01953125,0.2533973336872622,1.459205819294412,0.5183210133929236,-0.016646540079726612,unit_mode_chain_amplitude,stellarator-linear-scan:stella-geometry
0.2,124,-0.015625,0.3700270852262944,1.6143921111952366,0.5183210133929236,-0.016646540079726612,unit_mode_chain_amplitude,stellarator-linear-scan:stella-geometry
0.2,125,-0.01171875,0.4131021019436072,1.6026552091909219,0.5183210133929236,-0.016646540079726612,unit_mode_chain_amplitude,stellarator-linear-scan:stella-geometry
0.2,126,-0.0078125,0.41038127465267504,1.4915769058731443,0.5183210133929236,-0.016646540079726612,unit_mode_chain_amplitude,stellarator-linear-scan:stella-geometry
0.2,127,-0.00390625,0.2832018477925592,1.313412655570507,0.5183210133929236,-0.016646540079726612,unit_mode_chain_amplitude,stellarator-linear-scan:stella-geometry
0.2,128,0.0,0.10655880713117595,1.0283980678928963,0.5183210133929236,-0.016646540079726612,unit_mode_chain_amplitude,stellarator-linear-scan:stella-geometry
0.2,129,0.00390625,-0.10547600242164243,0.5919197782823162,0.5183210133929236,-0.016646540079726612,unit_mode_chain_amplitude,stellarator-linear-scan:stella-geometry
0.2,130,0.0078125,-0.2877364579431134,0.08835912027090916,0.5183210133929236,-0.016646540079726612,unit_mode_chain_amplitude,stellarator-linear-scan:stella-geometry
0.2,131,0.01171875,-0.3874398206822997,-0.39566663907354543,0.5183210133929236,-0.016646540079726612,unit_mode_chain_amplitude,stellarator-linear-scan:stella-geometry
0.2,132,0.015625,-0.3730977662161538,-0.8297484413481387,0.5183210133929236,-0.016646540079726612,unit_mode_chain_amplitude,stellarator-linear-scan:stella-geometry
0.2,133,0.01953125,-0.40214980928878263,-1.1314194539791267,0.5183210133929236,-0.016646540079726612,unit_mode_chain_amplitude,stellarator-linear-scan:stella-geometry
0.2,134,0.0234375,-0.3433841794542184,-1.4998636040373423,0.5183210133929236,-0.016646540079726612,unit_mode_chain_amplitude,stellarator-linear-scan:stella-geometry
0.2,135,0.02734375,-0.18786910695264442,-1.74665302075737,0.5183210133929236,-0.016646540079726612,unit_mode_chain_amplitude,stellarator-linear-scan:stella-geometry
0.2,136,0.03125,-0.10036167132404218,-1.7228748425136198,0.5183210133929236,-0.016646540079726612,unit_mode_chain_amplitude,stellarator-linear-scan:stella-geometry
0.2,137,0.03515625,0.15610292136488635,-1.585975597752221,0.5183210133929236,-0.016646540079726612,unit_mode_chain_amplitude,stellarator-linear-scan:stella-geometry
0.2,138,0.0390625,0.2466332207134317,-1.2775021079880693,0.5183210133929236,-0.016646540079726612,unit_mode_chain_amplitude,stellarator-linear-scan:stella-geometry
0.2,139,0.04296875,0.36190274816552803,-0.9370307834287639,0.5183210133929236,-0.016646540079726612,unit_mode_chain_amplitude,stellarator-linear-scan:stella-geometry
0.2,140,0.046875,0.45160711739876597,-0.5923351274905232,0.5183210133929236,-0.016646540079726612,unit_mode_chain_amplitude,stellarator-linear-scan:stella-geometry
0.2,141,0.05078125,0.34617089597726175,-0.2485924559694172,0.5183210133929236,-0.016646540079726612,unit_mode_chain_amplitude,stellarator-linear-scan:stella-geometry
0.2,142,0.0546875,0.14405608233952183,0.1753012390637482,0.5183210133929236,-0.016646540079726612,unit_mode_chain_amplitude,stellarator-linear-scan:stella-geometry
0.2,143,0.05859375,0.04404577159943916,0.6078675893963675,0.5183210133929236,-0.016646540079726612,unit_mode_chain_amplitude,stellarator-linear-scan:stella-geometry
0.2,144,0.0625,-0.13066625837465984,0.9055988084732953,0.5183210133929236,-0.016646540079726612,unit_mode_chain_amplitude,stellarator-linear-scan:stella-geometry
0.2,145,0.06640625,-0.2988675410963408,1.1678438236005402,0.5183210133929236,-0.016646540079726612,unit_mode_chain_amplitude,stellarator-linear-scan:stella-geometry
0.2,146,0.0703125,-0.3299982350014997,1.2900154887941195,0.5183210133929236,-0.016646540079726612,unit_mode_chain_amplitude,stellarator-linear-scan:stella-geometry
0.2,147,0.07421875,-0.3555341215856151,1.418994574496577,0.5183210133929236,-0.016646540079726612,unit_mode_chain_amplitude,stellarator-linear-scan:stella-geometry
0.2,148,0.078125,-0.3510336391536771,1.529603629228175,0.5183210133929236,-0.016646540079726612,unit_mode_chain_amplitude,stellarator-linear-scan:stella-geometry
0.2,149,0.08203125,-0.34774174537689684,1.6454264982128388,0.5183210133929236,-0.016646540079726612,unit_mode_chain_amplitude,stellarator-linear-scan:stella-geometry
0.2,150,0.0859375,-0.24415646930338922,1.6671136464708978,0.5183210133929236,-0.016646540079726612,unit_mode_chain_amplitude,stellarator-linear-scan:stella-geometry
0.2,151,0.08984375,-0.019173889281715317,1.3794454847781565,0.5183210133929236,-0.016646540079726612,unit_mode_chain_amplitude,stellarator-linear-scan:stella-geometry
0.2,152,0.09375,0.2994270335682521,0.7948061926795214,0.5183210133929236,-0.016646540079726612,unit_mode_chain_amplitude,stellarator-linear-scan:stella-geometry
0.2,153,0.09765625,0.4327791557932267,0.20394252057407214,0.5183210133929236,-0.016646540079726612,unit_mode_chain_amplitude,stellarator-linear-scan:stella-geometry
0.2,154,0.1015625,0.3324675606090572,-0.3254371890329738,0.5183210133929236,-0.016646540079726612,unit_mode_chain_amplitude,stellarator-linear-scan:stella-geometry
0.2,155,0.10546875,0.31857336686786936,-0.788398934983319,0.5183210133929236,-0.016646540079726612,unit_mode_chain_amplitude,stellarator-linear-scan:stella-geometry
0.2,156,0.109375,0.323731529893186,-1.19500082457951,0.5183210133929236,-0.016646540079726612,unit_mode_chain_amplitude,stellarator-linear-scan:stella-geometry
0.2,157,0.11328125,0.23970910553082733,-1.5526781628379454,0.5183210133929236,-0.016646540079726612,unit_mode_chain_amplitude,stellarator-linear-scan:stella-geometry
0.2,158,0.1171875,0.1766959309120135,-1.8060199832945774,0.5183210133929236,-0.016646540079726612,unit_mode_chain_amplitude,stellarator-linear-scan:stella-geometry
0.2,159,0.12109375,-0.09081350311356332,-1.7235669767915245,0.5183210133929236,-0.016646540079726612,unit_mode_chain_amplitude,stellarator-linear-scan:stella-geometry
0.2,160,0.125,-0.2397512815953545,-1.563944007969849,0.5183210133929236,-0.016646540079726612,unit_mode_chain_amplitude,stellarator-linear-scan:stella-geometry
0.2,161,0.12890625,-0.3977002455905135,-1.3353507530110205,0.5183210133929236,-0.016646540079726612,unit_mode_chain_amplitude,stellarator-linear-scan:stella-geometry
0.2,162,0.1328125,-0.4233708170840644,-0.9444124578804917,0.5183210133929236,-0.016646540079726612,unit_mode_chain_amplitude,stellarator-linear-scan:stella-geometry
0.2,163,0.13671875,-0.3151096162553707,-0.6088069456805346,0.5183210133929236,-0.016646540079726612,unit_mode_chain_amplitude,stellarator-linear-scan:stella-geometry
0.2,164,0.140625,-0.19761565343113732,-0.25307691445723757,0.5183210133929236,-0.016646540079726612,unit_mode_chain_amplitude,stellarator-linear-scan:stella-geometry
0.2,165,0.14453125,0.008991022568660046,0.17000871984090277,0.5183210133929236,-0.016646540079726612,unit_mode_chain_amplitude,stellarator-linear-scan:stella-geometry
0.2,166,0.1484375,0.17482402665854538,0.5578868318081516,0.5183210133929236,-0.016646540079726612,unit_mode_chain_amplitude,stellarator-linear-scan:stella-geometry
0.2,167,0.15234375,0.28515685413508957,0.86238679681406,0.5183210133929236,-0.016646540079726612,unit_mode_chain_amplitude,stellarator-linear-scan:stella-geometry
0.2,168,0.15625,0.33401405631132114,1.0874814800577501,0.5183210133929236,-0.016646540079726612,unit_mode_chain_amplitude,stellarator-linear-scan:stella-geometry
0.2,169,0.16015625,0.3643574310657235,1.231685052214067,0.5183210133929236,-0.016646540079726612,unit_mode_chain_amplitude,stellarator-linear-scan:stella-geometry
0.2,170,0.1640625,0.34799057751894785,1.3006805545783096,0.5183210133929236,-0.016646540079726612,unit_mode_chain_amplitude,stellarator-linear-scan:stella-geometry
0.2,171,0.16796875,0.27402187497211794,1.3695891607662511,0.5183210133929236,-0.016646540079726612,unit_mode_chain_amplitude,stellarator-linear-scan:stella-geometry
0.2,172,0.171875,0.2438322605062142,1.3078380576199702,0.5183210133929236,-0.016646540079726612,unit_mode_chain_amplitude,stellarator-linear-scan:stella-geometry
0.2,173,0.17578125,0.07233612897593003,1.1046098860932103,0.5183210133929236,-0.016646540079726612,unit_mode_chain_amplitude,stellarator-linear-scan:stella-geometry
0.2,174,0.1796875,-0.08649091003353386,0.8105859079399186,0.5183210133929236,-0.016646540079726612,unit_mode_chain_amplitude,stellarator-linear-scan:stella-geometry
0.2,175,0.18359375,-0.25510855393777204,0.44824459453919885,0.5183210133929236,-0.016646540079726612,unit_mode_chain_amplitude,stellarator-linear-scan:stella-geometry
0.2,176,0.1875,-0.4164795496802482,0.022885663195469343,0.5183210133929236,-0.016646540079726612,unit_mode_chain_amplitude,stellarator-linear-scan:stella-geometry
0.2,177,0.19140625,-0.35246640546104063,-0.39177998456888424,0.5183210133929236,-0.016646540079726612,unit_mode_chain_amplitude,stellarator-linear-scan:stella-geometry
0.2,178,0.1953125,-0.2010400120995952,-0.8067744096606353,0.5183210133929236,-0.016646540079726612,unit_mode_chain_amplitude,stellarator-linear-scan:stella-geometry
0.2,179,0.19921875,-0.12368086316916502,-1.105495539713377,0.5183210133929236,-0.016646540079726612,unit_mode_chain_amplitude,stellarator-linear-scan:stella-geometry
0.2,180,0.203125,-0.018845729504134327,-1.2537956982768526,0.5183210133929236,-0.016646540079726612,unit_mode_chain_amplitude,stellarator-linear-scan:stella-geometry
0.2,181,0.20703125,0.13346472862980133,-1.2836998146488874,0.5183210133929236,-0.016646540079726612,unit_mode_chain_amplitude,stellarator-linear-scan:stella-geometry
0.2,182,0.2109375,0.24984060494102678,-1.2523230137081212,0.5183210133929236,-0.016646540079726612,unit_mode_chain_amplitude,stellarator-linear-scan:stella-geometry
0.2,183,0.21484375,0.249107308263695,-1.1019333335633006,0.5183210133929236,-0.016646540079726612,unit_mode_chain_amplitude,stellarator-linear-scan:stella-geometry
0.2,184,0.21875,0.31096024115731874,-0.9731643679775586,0.5183210133929236,-0.016646540079726612,unit_mode_chain_amplitude,stellarator-linear-scan:stella-geometry
0.2,185,0.22265625,0.3435602500846042,-0.8786208090601588,0.5183210133929236,-0.016646540079726612,unit_mode_chain_amplitude,stellarator-linear-scan:stella-geometry
0.2,186,0.2265625,0.2742593733228299,-0.715265135094451,0.5183210133929236,-0.016646540079726612,unit_mode_chain_amplitude,stellarator-linear-scan:stella-geometry
0.2,187,0.23046875,0.10961942299804348,-0.4906605320496261,0.5183210133929236,-0.016646540079726612,unit_mode_chain_amplitude,stellarator-linear-scan:stella-geometry
0.2,188,0.234375,-0.16388823204858546,-0.08250317763478637,0.5183210133929236,-0.016646540079726612,unit_mode_chain_amplitude,stellarator-linear-scan:stella-geometry
0.2,189,0.23828125,-0.2692976581860467,0.3043292656590385,0.5183210133929236,-0.016646540079726612,unit_mode_chain_amplitude,stellarator-linear-scan:stella-geometry
0.2,190,0.2421875,-0.32165725339619866,0.6344445236043487,0.5183210133929236,-0.016646540079726612,unit_mode_chain_amplitude,stellarator-linear-scan:stella-geometry
0.2,191,0.24609375,-0.27286881180982925,0.8911128256302678,0.5183210133929236,-0.016646540079726612,unit_mode_chain_amplitude,stellarator-linear-scan:stella-geometry
0.2,192,0.25,-0.2764450576130444,1.1426625485881645,0.5183210133929236,-0.016646540079726612,unit_mode_chain_amplitude,stellarator-linear-scan:stella-geometry
0.2,193,0.25390625,-0.26224248104743436,1.3077209899508562,0.5183210133929236,-0.016646540079726612,unit_mode_chain_amplitude,stellarator-linear-scan:stella-geometry
0.2,194,0.2578125,-0.29703501991553805,1.3592489188205223,0.5183210133929236,-0.016646540079726612,unit_mode_chain_amplitude,stellarator-linear-scan:stella-geometry
0.2,195,0.26171875,-0.2154297353190908,1.370705951989497,0.5183210133929236,-0.016646540079726612,unit_mode_chain_amplitude,stellarator-linear-scan:stella-geometry
0.2,196,0.265625,0.04327896429253873,1.1832858445029613,0.5183210133929236,-0.016646540079726612,unit_mode_chain_amplitude,stellarator-linear-scan:stella-geometry
0.2,197,0.26953125,0.2770560748504875,0.869689873497039,0.5183210133929236,-0.016646540079726612,unit_mode_chain_amplitude,stellarator-linear-scan:stella-geometry
0.2,198,0.2734375,0.3650528177657429,0.3961731761703224,0.5183210133929236,-0.016646540079726612,unit_mode_chain_amplitude,stellarator-linear-scan:stella-geometry
0.2,199,0.27734375,0.28963756770989224,0.029705653679036128,0.5183210133929236,-0.016646540079726612,unit_mode_chain_amplitude,stellarator-linear-scan:stella-geometry
0.2,200,0.28125,0.2045768770450313,-0.3503558504301768,0.5183210133929236,-0.016646540079726612,unit_mode_chain_amplitude,stellarator-linear-scan:stella-geometry
0.2,201,0.28515625,0.09205673345841099,-0.686007555605166,0.5183210133929236,-0.016646540079726612,unit_mode_chain_amplitude,stellarator-linear-scan:stella-geometry
0.2,202,0.2890625,-0.04525427136790357,-1.0355030327381503,0.5183210133929236,-0.016646540079726612,unit_mode_chain_amplitude,stellarator-linear-scan:stella-geometry
0.2,203,0.29296875,-0.12205767804628748,-1.081084140443157,0.5183210133929236,-0.016646540079726612,unit_mode_chain_amplitude,stellarator-linear-scan:stella-geometry
0.2,204,0.296875,-0.2108926481186079,-1.0123230911354069,0.5183210133929236,-0.016646540079726612,unit_mode_chain_amplitude,stellarator-linear-scan:stella-geometry
0.2,205,0.30078125,-0.23095490370703767,-0.998806823264685,0.5183210133929236,-0.016646540079726612,unit_mode_chain_amplitude,stellarator-linear-scan:stella-geometry
0.2,206,0.3046875,-0.24207854351625685,-0.9090310927093689,0.5183210133929236,-0.016646540079726612,unit_mode_chain_amplitude,stellarator-linear-scan:stella-geometry
0.2,207,0.30859375,-0.29740760647142717,-0.7932285705568562,0.5183210133929236,-0.016646540079726612,unit_mode_chain_amplitude,stellarator-linear-scan:stella-geometry
0.2,208,0.3125,-0.3136852419291941,-0.6657642260343116,0.5183210133929236,-0.016646540079726612,unit_mode_chain_amplitude,stellarator-linear-scan:stella-geometry
0.2,209,0.31640625,-0.2415751351226516,-0.5009098241530348,0.5183210133929236,-0.016646540079726612,unit_mode_chain_amplitude,stellarator-linear-scan:stella-geometry
0.2,210,0.3203125,-0.08588547267099025,-0.29152926882611313,0.5183210133929236,-0.016646540079726612,unit_mode_chain_amplitude,stellarator-linear-scan:stella-geometry
0.2,211,0.32421875,0.13830885666844192,0.0014086149448834463,0.5183210133929236,-0.016646540079726612,unit_mode_chain_amplitude,stellarator-linear-scan:stella-geometry
0.2,212,0.328125,0.28837623501440435,0.33158782383237717,0.5183210133929236,-0.016646540079726612,unit_mode_chain_amplitude,stellarator-linear-scan:stella-geometry
0.2,213,0.33203125,0.27669431003760414,0.680263904431302,0.5183210133929236,-0.016646540079726612,unit_mode_chain_amplitude,stellarator-linear-scan:stella-geometry
0.2,214,0.3359375,0.2461034809702135,0.8610792331637208,0.5183210133929236,-0.016646540079726612,unit_mode_chain_amplitude,stellarator-linear-scan:stella-geometry
0.2,215,0.33984375,0.21585027080817298,1.008732593812431,0.5183210133929236,-0.016646540079726612,unit_mode_chain_amplitude,stellarator-linear-scan:stella-geometry
0.2,216,0.34375,0.15164835473046528,1.0237962599217654,0.5183210133929236,-0.016646540079726612,unit_mode_chain_amplitude,stellarator-linear-scan:stella-geometry
0.2,217,0.34765625,0.11715117495343773,0.9788002352669918,0.5183210133929236,-0.016646540079726612,unit_mode_chain_amplitude,stellarator-linear-scan:stella-geometry
0.2,218,0.3515625,-0.06656943703021706,0.8767627148833507,0.5183210133929236,-0.016646540079726612,unit_mode_chain_amplitude,stellarator-linear-scan:stella-geometry
0.2,219,0.35546875,-0.11627872430011141,0.710046481782122,0.5183210133929236,-0.016646540079726612,unit_mode_chain_amplitude,stellarator-linear-scan:stella-geometry
0.2,220,0.359375,-0.19447514126965515,0.494303173721761,0.5183210133929236,-0.016646540079726612,unit_mode_chain_amplitude,stellarator-linear-scan:stella-geometry
0.2,221,0.36328125,-0.33959876975739034,0.2897808403129714,0.5183210133929236,-0.016646540079726612,unit_mode_chain_amplitude,stellarator-linear-scan:stella-geometry
0.2,222,0.3671875,-0.257221109634413,0.04776733244220482,0.5183210133929236,-0.016646540079726612,unit_mode_chain_amplitude,stellarator-linear-scan:stella-geometry
0.2,223,0.37109375,-0.06374378845516206,-0.20336515731039873,0.5183210133929236,-0.016646540079726612,unit_mode_chain_amplitude,stellarator-linear-scan:stella-geometry
0.2,224,0.375,0.04981591888633114,-0.502159178143102,0.5183210133929236,-0.016646540079726612,unit_mode_chain_amplitude,stellarator-linear-scan:stella-geometry
0.2,225,0.37890625,0.1690798861350384,-0.6440878667021445,0.5183210133929236,-0.016646540079726612,unit_mode_chain_amplitude,stellarator-linear-scan:stella-geometry
0.2,226,0.3828125,0.20853077768477998,-0.7932462814910399,0.5183210133929236,-0.016646540079726612,unit_mode_chain_amplitude,stellarator-linear-scan:stella-geometry
0.2,227,0.38671875,0.22495858772343558,-0.8080807755282021,0.5183210133929236,-0.016646540079726612,unit_mode_chain_amplitude,stellarator-linear-scan:stella-geometry
0.2,228,0.390625,0.21153985784858823,-0.8771809209333262,0.5183210133929236,-0.016646540079726612,unit_mode_chain_amplitude,stellarator-linear-scan:stella-geometry
0.2,229,0.39453125,0.24224483614255732,-0.847169782992197,0.5183210133929236,-0.016646540079726612,unit_mode_chain_amplitude,stellarator-linear-scan:stella-geometry
0.2,230,0.3984375,0.30505205649071687,-0.8104528539558613,0.5183210133929236,-0.016646540079726612,unit_mode_chain_amplitude,stellarator-linear-scan:stella-geometry
0.2,231,0.40234375,0.37555464337965666,-0.7199414215234078,0.5183210133929236,-0.016646540079726612,unit_mode_chain_amplitude,stellarator-linear-scan:stella-geometry
0.2,232,0.40625,0.18950217020634297,-0.667808351944326,0.5183210133929236,-0.016646540079726612,unit_mode_chain_amplitude,stellarator-linear-scan:stella-geometry
0.2,233,0.41015625,-0.1483835824277088,-0.3904010179432128,0.5183210133929236,-0.016646540079726612,unit_mode_chain_amplitude,stellarator-linear-scan:stella-geometry
0.2,234,0.4140625,-0.2802391016364309,-0.058449257089202455,0.5183210133929236,-0.016646540079726612,unit_mode_chain_amplitude,stellarator-linear-scan:stella-geometry
0.2,235,0.41796875,-0.23894269212082064,0.28673418611832463,0.5183210133929236,-0.016646540079726612,unit_mode_chain_amplitude,stellarator-linear-scan:stella-geometry
0.2,236,0.421875,-0.18682387458013763,0.5570060796657201,0.5183210133929236,-0.016646540079726612,unit_mode_chain_amplitude,stellarator-linear-scan:stella-geometry
0.2,237,0.42578125,-0.18069408109460272,0.8218562239137963,0.5183210133929236,-0.016646540079726612,unit_mode_chain_amplitude,stellarator-linear-scan:stella-geometry
0.2,238,0.4296875,-0.09830381745195357,0.9789860699689775,0.5183210133929236,-0.016646540079726612,unit_mode_chain_amplitude,stellarator-linear-scan:stella-geometry
0.2,239,0.43359375,-0.09412968794606812,1.0683585560539752,0.5183210133929236,-0.016646540079726612,unit_mode_chain_amplitude,stellarator-linear-scan:stella-geometry
0.2,240,0.4375,0.049251081457705216,0.875954146548476,0.5183210133929236,-0.016646540079726612,unit_mode_chain_amplitude,stellarator-linear-scan:stella-geometry
0.2,241,0.44140625,0.07061042664050668,0.811348161972305,0.5183210133929236,-0.016646540079726612,unit_mode_chain_amplitude,stellarator-linear-scan:stella-geometry
0.2,242,0.4453125,0.1761139819856,0.6569762900981414,0.5183210133929236,-0.016646540079726612,unit_mode_chain_amplitude,stellarator-linear-scan:stella-geometry
0.2,243,0.44921875,0.27589065942883106,0.49818695659276446,0.5183210133929236,-0.016646540079726612,unit_mode_chain_amplitude,stellarator-linear-scan:stella-geometry
0.2,244,0.453125,0.25346602668663737,0.25949217520963486,0.5183210133929236,-0.016646540079726612,unit_mode_chain_amplitude,stellarator-linear-scan:stella-geometry
0.2,245,0.45703125,0.2139941788459486,0.13479845024145978,0.5183210133929236,-0.016646540079726612,unit_mode_chain_amplitude,stellarator-linear-scan:stella-geometry
0.2,246,0.4609375,0.07200366187336069,-0.1405725221990335,0.5183210133929236,-0.016646540079726612,unit_mode_chain_amplitude,stellarator-linear-scan:stella-geometry
0.2,247,0.46484375,-0.12627834924178427,-0.3108673927016943,0.5183210133929236,-0.016646540079726612,unit_mode_chain_amplitude,stellarator-linear-scan:stella-geometry
0.2,248,0.46875,-0.22786185839349413,-0.6482522982055337,0.5183210133929236,-0.016646540079726612,unit_mode_chain_amplitude,stellarator-linear-scan:stella-geometry
0.2,249,0.47265625,-0.2132487668183189,-0.7050903232840635,0.5183210133929236,-0.016646540079726612,unit_mode_chain_amplitude,stellarator-linear-scan:stella-geometry
0.2,250,0.4765625,-0.2437520172497873,-0.7950406361854157,0.5183210133929236,-0.016646540079726612,unit_mode_chain_amplitude,stellarator-linear-scan:stella-geometry
0.2,251,0.48046875,-0.2567835574185755,-0.6348223342476941,0.5183210133929236,-0.016646540079726612,unit_mode_chain_amplitude,stellarator-linear-scan:stella-geometry
0.2,252,0.484375,-0.2605809902477294,-0.7234002838856891,0.5183210133929236,-0.016646540079726612,unit_mode_chain_amplitude,stellarator-linear-scan:stella-geometry
0.2,253,0.48828125,-0.3534192637156526,-0.5023788852968932,0.5183210133929236,-0.016646540079726612,unit_mode_chain_amplitude,stellarator-linear-scan:stella-geometry
0.2,254,0.4921875,-0.1688611063856454,-0.6213339549910025,0.5183210133929236,-0.016646540079726612,unit_mode_chain_amplitude,stellarator-linear-scan:stella-geometry
0.2,255,0.49609375,-0.2500436804497921,-0.0158645387044712,0.5183210133929236,-0.016646540079726612,unit_mode_chain_amplitude,stellarator-linear-scan:stella-geometry
0.3,0,-0.5,-0.3624177416211634,-0.047280174294983685,0.5024913011741452,-0.02278369432844971,unit_mode_chain_amplitude,stellarator-linear-scan:stella-geometry
0.3,1,-0.49609375,-0.1835760915227976,-0.40162491769930203,0.5024913011741452,-0.02278369432844971,unit_mode_chain_amplitude,stellarator-linear-scan:stella-geometry
0.3,2,-0.4921875,-0.4576333457525651,-0.1619886128275141,0.5024913011741452,-0.02278369432844971,unit_mode_chain_amplitude,stellarator-linear-scan:stella-geometry
0.3,3,-0.48828125,-0.4735224352106663,-0.2297446019777689,0.5024913011741452,-0.02278369432844971,unit_mode_chain_amplitude,stellarator-linear-scan:stella-geometry
0.3,4,-0.484375,-0.5097291027533566,-0.047275505203042675,0.5024913011741452,-0.02278369432844971,unit_mode_chain_amplitude,stellarator-linear-scan:stella-geometry
0.3,5,-0.48046875,-0.29836267251318715,0.12253676152154458,0.5024913011741452,-0.02278369432844971,unit_mode_chain_amplitude,stellarator-linear-scan:stella-geometry
0.3,6,-0.4765625,0.04841368266499174,0.46968014914608824,0.5024913011741452,-0.02278369432844971,unit_mode_chain_amplitude,stellarator-linear-scan:stella-geometry
0.3,7,-0.47265625,0.19752118887966016,0.7182788934132717,0.5024913011741452,-0.02278369432844971,unit_mode_chain_amplitude,stellarator-linear-scan:stella-geometry
0.3,8,-0.46875,0.2714103742947176,0.983399319750754,0.5024913011741452,-0.02278369432844971,unit_mode_chain_amplitude,stellarator-linear-scan:stella-geometry
0.3,9,-0.46484375,0.36774328314625065,0.9677435614744088,0.5024913011741452,-0.02278369432844971,unit_mode_chain_amplitude,stellarator-linear-scan:stella-geometry
0.3,10,-0.4609375,0.3863565040179897,0.9127776232487427,0.5024913011741452,-0.02278369432844971,unit_mode_chain_amplitude,stellarator-linear-scan:stella-geometry
0.3,11,-0.45703125,0.2679556954486221,0.6914035725288817,0.5024913011741452,-0.02278369432844971,unit_mode_chain_amplitude,stellarator-linear-scan:stella-geometry
0.3,12,-0.453125,0.1164855777756578,0.5487239498959958,0.5024913011741452,-0.02278369432844971,unit_mode_chain_amplitude,stellarator-linear-scan:stella-geometry
0.3,13,-0.44921875,-0.07111450151283737,0.2966932959393259,0.5024913011741452,-0.02278369432844971,unit_mode_chain_amplitude,stellarator-linear-scan:stella-geometry
0.3,14,-0.4453125,-0.0987653550050573,0.12438211607403536,0.5024913011741452,-0.02278369432844971,unit_mode_chain_amplitude,stellarator-linear-scan:stella-geometry
0.3,15,-0.44140625,-0.10637380861646087,-0.06243844957257582,0.5024913011741452,-0.02278369432844971,unit_mode_chain_amplitude,stellarator-linear-scan:stella-geometry
0.3,16,-0.4375,-0.37153188537844123,-0.21885783259696984,0.5024913011741452,-0.02278369432844971,unit_mode_chain_amplitude,stellarator-linear-scan:stella-geometry
0.3,17,-0.43359375,-0.36837071761781903,-0.5215692095111756,0.5024913011741452,-0.02278369432844971,unit_mode_chain_amplitude,stellarator-linear-scan:stella-geometry
0.3,18,-0.4296875,-0.277450302046165,-0.7830606540727543,0.5024913011741452,-0.02278369432844971,unit_mode_chain_amplitude,stellarator-linear-scan:stella-geometry
0.3,19,-0.42578125,-0.0854589386305793,-0.9765405031688061,0.5024913011741452,-0.02278369432844971,unit_mode_chain_amplitude,stellarator-linear-scan:stella-geometry
0.3,20,-0.421875,0.056877745517508294,-0.9466303687384884,0.5024913011741452,-0.02278369432844971,unit_mode_chain_amplitude,stellarator-linear-scan:stella-geometry
0.3,21,-0.41796875,0.14749861998141248,-0.837905640172413,0.5024913011741452,-0.02278369432844971,unit_mode_chain_amplitude,stellarator-linear-scan:stella-geometry
0.3,22,-0.4140625,0.2620357820941035,-0.7730734998614162,0.5024913011741452,-0.02278369432844971,unit_mode_chain_amplitude,stellarator-linear-scan:stella-geometry
0.3,23,-0.41015625,0.37827716321274063,-0.7223825337986637,0.5024913011741452,-0.02278369432844971,unit_mode_chain_amplitude,stellarator-linear-scan:stella-geometry
0.3,24,-0.40625,0.3946144032310479,-0.4824087258382219,0.5024913011741452,-0.02278369432844971,unit_mode_chain_amplitude,stellarator-linear-scan:stella-geometry
0.3,25,-0.40234375,0.5250668371708228,-0.2959496540704968,0.5024913011741452,-0.02278369432844971,unit_mode_chain_amplitude,stellarator-linear-scan:stella-geometry
0.3,26,-0.3984375,0.3475145526629919,-0.13219951419524123,0.5024913011741452,-0.02278369432844971,unit_mode_chain_amplitude,stellarator-linear-scan:stella-geometry
0.3,27,-0.39453125,0.07926538696637676,0.09554368730227172,0.5024913011741452,-0.02278369432844971,unit_mode_chain_amplitude,stellarator-linear-scan:stella-geometry
0.3,28,-0.390625,-0.09512452868160541,0.3669591897711513,0.5024913011741452,-0.02278369432844971,unit_mode_chain_amplitude,stellarator-linear-scan:stella-geometry
0.3,29,-0.38671875,-0.18859476922229584,0.5557350240734075,0.5024913011741452,-0.02278369432844971,unit_mode_chain_amplitude,stellarator-linear-scan:stella-geometry
0.3,30,-0.3828125,-0.25967469387924863,0.8519897610759211,0.5024913011741452,-0.02278369432844971,unit_mode_chain_amplitude,stellarator-linear-scan:stella-geometry
0.3,31,-0.37890625,-0.34999487460305595,1.2216360559200845,0.5024913011741452,-0.02278369432844971,unit_mode_chain_amplitude,stellarator-linear-scan:stella-geometry
0.3,32,-0.375,-0.3432130160041732,1.5952314814975532,0.5024913011741452,-0.02278369432844971,unit_mode_chain_amplitude,stellarator-linear-scan:stella-geometry
0.3,33,-0.37109375,-0.23473410509973613,1.6455884975279944,0.5024913011741452,-0.02278369432844971,unit_mode_chain_amplitude,stellarator-linear-scan:stella-geometry
0.3,34,-0.3671875,-0.08041380513255249,1.1922919673476962,0.5024913011741452,-0.02278369432844971,unit_mode_chain_amplitude,stellarator-linear-scan:stella-geometry
0.3,35,-0.36328125,0.19487072985992143,0.6808001851666655,0.5024913011741452,-0.02278369432844971,unit_mode_chain_amplitude,stellarator-linear-scan:stella-geometry
0.3,36,-0.359375,0.16050339801577643,0.36061105910369956,0.5024913011741452,-0.02278369432844971,unit_mode_chain_amplitude,stellarator-linear-scan:stella-geometry
0.3,37,-0.35546875,0.15905597209056407,0.147192695121066,0.5024913011741452,-0.02278369432844971,unit_mode_chain_amplitude,stellarator-linear-scan:stella-geometry
0.3,38,-0.3515625,0.3247952372012106,-0.059307662203851426,0.5024913011741452,-0.02278369432844971,unit_mode_chain_amplitude,stellarator-linear-scan:stella-geometry
0.3,39,-0.34765625,0.3963430865356304,-0.269351847399865,0.5024913011741452,-0.02278369432844971,unit_mode_chain_amplitude,stellarator-linear-scan:stella-geometry
0.3,40,-0.34375,0.506858849047665,-0.5008190562031329,0.5024913011741452,-0.02278369432844971,unit_mode_chain_amplitude,stellarator-linear-scan:stella-geometry
0.3,41,-0.33984375,0.3114793608674219,-0.8601363924325303,0.5024913011741452,-0.02278369432844971,unit_mode_chain_amplitude,stellarator-linear-scan:stella-geometry
0.3,42,-0.3359375,-0.058523767119963356,-1.0900307378332983,0.5024913011741452,-0.02278369432844971,unit_mode_chain_amplitude,stellarator-linear-scan:stella-geometry
0.3,43,-0.33203125,-0.20838455284386267,-1.1937714646772648,0.5024913011741452,-0.02278369432844971,unit_mode_chain_amplitude,stellarator-linear-scan:stella-geometry
0.3,44,-0.328125,-0.289483029189318,-0.9918712574013295,0.5024913011741452,-0.02278369432844971,unit_mode_chain_amplitude,stellarator-linear-scan:stella-geometry
0.3,45,-0.32421875,-0.3789638255590601,-0.8059937297868839,0.5024913011741452,-0.02278369432844971,unit_mode_chain_amplitude,stellarator-linear-scan:stella-geometry
0.3,46,-0.3203125,-0.3773335552258239,-0.6605450385852734,0.5024913011741452,-0.02278369432844971,unit_mode_chain_amplitude,stellarator-linear-scan:stella-geometry
0.3,47,-0.31640625,-0.39529254635956346,-0.5068184811739411,0.5024913011741452,-0.02278369432844971,unit_mode_chain_amplitude,stellarator-linear-scan:stella-geometry
0.3,48,-0.3125,-0.3033724757447782,-0.31336590030237144,0.5024913011741452,-0.02278369432844971,unit_mode_chain_amplitude,stellarator-linear-scan:stella-geometry
0.3,49,-0.30859375,-0.16210962740400223,-0.10431050649629424,0.5024913011741452,-0.02278369432844971,unit_mode_chain_amplitude,stellarator-linear-scan:stella-geometry
0.3,50,-0.3046875,-0.020194229823856654,0.12215108790348655,0.5024913011741452,-0.02278369432844971,unit_mode_chain_amplitude,stellarator-linear-scan:stella-geometry
0.3,51,-0.30078125,0.14873997938039749,0.38088321200763525,0.5024913011741452,-0.02278369432844971,unit_mode_chain_amplitude,stellarator-linear-scan:stella-geometry
0.3,52,-0.296875,0.3434092176613883,0.6793115652762022,0.5024913011741452,-0.02278369432844971,unit_mode_chain_amplitude,stellarator-linear-scan:stella-geometry
0.3,53,-0.29296875,0.3533465396796278,1.112383661211334,0.5024913011741452,-0.02278369432844971,unit_mode_chain_amplitude,stellarator-linear-scan:stella-geometry
0.3,54,-0.2890625,0.22035835072900115,1.5195475796301443,0.5024913011741452,-0.02278369432844971,unit_mode_chain_amplitude,stellarator-linear-scan:stella-geometry
0.3,55,-0.28515625,0.12402390250007135,1.5537473957003032,0.5024913011741452,-0.02278369432844971,unit_mode_chain_amplitude,stellarator-linear-scan:stella-geometry
0.3,56,-0.28125,-0.09203589001449948,1.4171123064470958,0.5024913011741452,-0.02278369432844971,unit_mode_chain_amplitude,stellarator-linear-scan:stella-geometry
0.3,57,-0.27734375,-0.18156354511408107,1.0864093767132181,0.5024913011741452,-0.02278369432844971,unit_mode_chain_amplitude,stellarator-linear-scan:stella-geometry
0.3,58,-0.2734375,-0.3704610070423523,0.7797781603294828,0.5024913011741452,-0.02278369432844971,unit_mode_chain_amplitude,stellarator-linear-scan:stella-geometry
0.3,59,-0.26953125,-0.32122616368397217,0.48203271403977727,0.5024913011741452,-0.02278369432844971,unit_mode_chain_amplitude,stellarator-linear-scan:stella-geometry
0.3,60,-0.265625,-0.34126280195681685,0.23274595553244845,0.5024913011741452,-0.02278369432844971,unit_mode_chain_amplitude,stellarator-linear-scan:stella-geometry
0.3,61,-0.26171875,-0.4074899592686878,-0.03228134999810789,0.5024913011741452,-0.02278369432844971,unit_mode_chain_amplitude,stellarator-linear-scan:stella-geometry
0.3,62,-0.2578125,-0.39312920683165087,-0.2910503292191555,0.5024913011741452,-0.02278369432844971,unit_mode_chain_amplitude,stellarator-linear-scan:stella-geometry
0.3,63,-0.25390625,-0.17563108292812216,-0.60147838095445,0.5024913011741452,-0.02278369432844971,unit_mode_chain_amplitude,stellarator-linear-scan:stella-geometry
0.3,64,-0.25,0.14231546948198917,-0.8976378244867003,0.5024913011741452,-0.02278369432844971,unit_mode_chain_amplitude,stellarator-linear-scan:stella-geometry
0.3,65,-0.24609375,0.18583257234438663,-1.020862449702776,0.5024913011741452,-0.02278369432844971,unit_mode_chain_amplitude,stellarator-linear-scan:stella-geometry
0.3,66,-0.2421875,0.3185893581178937,-1.1407274567791594,0.5024913011741452,-0.02278369432844971,unit_mode_chain_amplitude,stellarator-linear-scan:stella-geometry
0.3,67,-0.23828125,0.3443908829700367,-1.3690333889036481,0.5024913011741452,-0.02278369432844971,unit_mode_chain_amplitude,stellarator-linear-scan:stella-geometry
0.3,68,-0.234375,0.41813076528914017,-1.6082773217162616,0.5024913011741452,-0.02278369432844971,unit_mode_chain_amplitude,stellarator-linear-scan:stella-geometry
0.3,69,-0.23046875,0.2466444171767673,-1.5819033072166655,0.5024913011741452,-0.02278369432844971,unit_mode_chain_amplitude,stellarator-linear-scan:stella-geometry
0.3,70,-0.2265625,0.0896785582332334,-1.1265944522419882,0.5024913011741452,-0.02278369432844971,unit_mode_chain_amplitude,stellarator-linear-scan:stella-geometry
0.3,71,-0.22265625,-0.12007354715034109,-0.6280311933861297,0.5024913011741452,-0.02278369432844971,unit_mode_chain_amplitude,stellarator-linear-scan:stella-geometry
0.3,72,-0.21875,-0.3065540198906042,-0.17688627074889357,0.5024913011741452,-0.02278369432844971,unit_mode_chain_amplitude,stellarator-linear-scan:stella-geometry
0.3,73,-0.21484375,-0.20524193152699813,0.23463848394364192,0.5024913011741452,-0.02278369432844971,unit_mode_chain_amplitude,stellarator-linear-scan:stella-geometry
0.3,74,-0.2109375,-0.3065541911044159,0.6070014009011854,0.5024913011741452,-0.02278369432844971,unit_mode_chain_amplitude,stellarator-linear-scan:stella-geometry
0.3,75,-0.20703125,-0.4013975781411343,0.9781945920860662,0.5024913011741452,-0.02278369432844971,unit_mode_chain_amplitude,stellarator-linear-scan:stella-geometry
0.3,76,-0.203125,-0.43609223996729163,1.3528926808472233,0.5024913011741452,-0.02278369432844971,unit_mode_chain_amplitude,stellarator-linear-scan:stella-geometry
0.3,77,-0.19921875,-0.38901327535533053,1.7612261161453566,0.5024913011741452,-0.02278369432844971,unit_mode_chain_amplitude,stellarator-linear-scan:stella-geometry
0.3,78,-0.1953125,-0.07357187498718147,1.9572810491825836,0.5024913011741452,-0.02278369432844971,unit_mode_chain_amplitude,stellarator-linear-scan:stella-geometry
0.3,79,-0.19140625,0.22010570098757035,1.7064863626330529,0.5024913011741452,-0.02278369432844971,unit_mode_chain_amplitude,stellarator-linear-scan:stella-geometry
0.3,80,-0.1875,0.4320685838269573,1.2370893722704777,0.5024913011741452,-0.02278369432844971,unit_mode_chain_amplitude,stellarator-linear-scan:stella-geometry
0.3,81,-0.18359375,0.39259288264560976,0.8129898853783696,0.5024913011741452,-0.02278369432844971,unit_mode_chain_amplitude,stellarator-linear-scan:stella-geometry
0.3,82,-0.1796875,0.30803852635629797,0.5390029079645419,0.5024913011741452,-0.02278369432844971,unit_mode_chain_amplitude,stellarator-linear-scan:stella-geometry
0.3,83,-0.17578125,0.3799388362703777,0.23631942823108654,0.5024913011741452,-0.02278369432844971,unit_mode_chain_amplitude,stellarator-linear-scan:stella-geometry
0.3,84,-0.171875,0.31420344611750717,-0.08755360397079592,0.5024913011741452,-0.02278369432844971,unit_mode_chain_amplitude,stellarator-linear-scan:stella-geometry
0.3,85,-0.16796875,0.257000258198019,-0.42112561427915857,0.5024913011741452,-0.02278369432844971,unit_mode_chain_amplitude,stellarator-linear-scan:stella-geometry
0.3,86,-0.1640625,0.0342323389990515,-0.6512648845708839,0.5024913011741452,-0.02278369432844971,unit_mode_chain_amplitude,stellarator-linear-scan:stella-geometry
0.3,87,-0.16015625,-0.27462819760481094,-0.947704624941873,0.5024913011741452,-0.02278369432844971,unit_mode_chain_amplitude,stellarator-linear-scan:stella-geometry
0.3,88,-0.15625,-0.3603809467298038,-1.271537725548814,0.5024913011741452,-0.02278369432844971,unit_mode_chain_amplitude,stellarator-linear-scan:stella-geometry
0.3,89,-0.15234375,-0.39584489255741234,-1.5485785172082858,0.5024913011741452,-0.02278369432844971,unit_mode_chain_amplitude,stellarator-linear-scan:stella-geometry
0.3,90,-0.1484375,-0.30172006105019294,-1.78864317598901,0.5024913011741452,-0.02278369432844971,unit_mode_chain_amplitude,stellarator-linear-scan:stella-geometry
0.3,91,-0.14453125,-0.19243290968947852,-1.7969267821163935,0.5024913011741452,-0.02278369432844971,unit_mode_chain_amplitude,stellarator-linear-scan:stella-geometry
0.3,92,-0.140625,0.057156954917599784,-1.5089584554706241,0.5024913011741452,-0.02278369432844971,unit_mode_chain_amplitude,stellarator-linear-scan:stella-geometry
0.3,93,-0.13671875,0.2224737763195142,-1.0522530916965347,0.5024913011741452,-0.02278369432844971,unit_mode_chain_amplitude,stellarator-linear-scan:stella-geometry
0.3,94,-0.1328125,0.40719881522465157,-0.5457921157686196,0.5024913011741452,-0.02278369432844971,unit_mode_chain_amplitude,stellarator-linear-scan:stella-geometry
0.3,95,-0.12890625,0.422101922208609,-0.03776868781465486,0.5024913011741452,-0.02278369432844971,unit_mode_chain_amplitude,stellarator-linear-scan:stella-geometry
0.3,96,-0.125,0.2942520084789048,0.373413621349668,0.5024913011741452,-0.02278369432844971,unit_mode_chain_amplitude,stellarator-linear-scan:stella-geometry
0.3,97,-0.12109375,0.42251430441123783,0.7097876823903558,0.5024913011741452,-0.02278369432844971,unit_mode_chain_amplitude,stellarator-linear-scan:stella-geometry
0.3,98,-0.1171875,0.36747084420553594,1.040546784883085,0.5024913011741452,-0.02278369432844971,unit_mode_chain_amplitude,stellarator-linear-scan:stella-geometry
0.3,99,-0.11328125,0.22862355859708292,1.3286137335545936,0.5024913011741452,-0.02278369432844971,unit_mode_chain_amplitude,stellarator-linear-scan:stella-geometry
0.3,100,-0.109375,-0.04868505355254103,1.4997086957842345,0.5024913011741452,-0.02278369432844971,unit_mode_chain_amplitude,stellarator-linear-scan:stella-geometry
0.3,101,-0.10546875,-0.2500512669089126,1.5189132817738638,0.5024913011741452,-0.02278369432844971,unit_mode_chain_amplitude,stellarator-linear-scan:stella-geometry
0.3,102,-0.1015625,-0.30015630693347534,1.3500655740186172,0.5024913011741452,-0.02278369432844971,unit_mode_chain_amplitude,stellarator-linear-scan:stella-geometry
0.3,103,-0.09765625,-0.4211426661677275,1.2513088157539922,0.5024913011741452,-0.02278369432844971,unit_mode_chain_amplitude,stellarator-linear-scan:stella-geometry
0.3,104,-0.09375,-0.47985467776998697,1.2388862710550936,0.5024913011741452,-0.02278369432844971,unit_mode_chain_amplitude,stellarator-linear-scan:stella-geometry
0.3,105,-0.08984375,-0.26294116279418855,1.04945002511,0.5024913011741452,-0.02278369432844971,unit_mode_chain_amplitude,stellarator-linear-scan:stella-geometry
0.3,106,-0.0859375,-0.13457234956817932,0.6231968848207761,0.5024913011741452,-0.02278369432844971,unit_mode_chain_amplitude,stellarator-linear-scan:stella-geometry
0.3,107,-0.08203125,0.06504782043928514,0.10575230553135442,0.5024913011741452,-0.02278369432844971,unit_mode_chain_amplitude,stellarator-linear-scan:stella-geometry
0.3,108,-0.078125,0.2551000293766577,-0.36354478832980375,0.5024913011741452,-0.02278369432844971,unit_mode_chain_amplitude,stellarator-linear-scan:stella-geometry
0.3,109,-0.07421875,0.35281138497175646,-0.779016723597016,0.5024913011741452,-0.02278369432844971,unit_mode_chain_amplitude,stellarator-linear-scan:stella-geometry
0.3,110,-0.0703125,0.35391082210381125,-1.1022626498059596,0.5024913011741452,-0.02278369432844971,unit_mode_chain_amplitude,stellarator-linear-scan:stella-geometry
0.3,111,-0.06640625,0.37676533366422904,-1.4615499430536014,0.5024913011741452,-0.02278369432844971,unit_mode_chain_amplitude,stellarator-linear-scan:stella-geometry
0.3,112,-0.0625,0.41498271920968344,-1.805876980972415,0.5024913011741452,-0.02278369432844971,unit_mode_chain_amplitude,stellarator-linear-scan:stella-geometry
0.3,113,-0.05859375,0.39769037660614004,-2.093362581733022,0.5024913011741452,-0.02278369432844971,unit_mode_chain_amplitude,stellarator-linear-scan:stella-geometry
0.3,114,-0.0546875,0.24498694766437865,-2.2849431692017603,0.5024913011741452,-0.02278369432844971,unit_mode_chain_amplitude,stellarator-linear-scan:stella-geometry
0.3,115,-0.05078125,-0.14311176393999006,-1.951144590577558,0.5024913011741452,-0.02278369432844971,unit_mode_chain_amplitude,stellarator-linear-scan:stella-geometry
0.3,116,-0.046875,-0.5168863025313247,-1.2396909310062005,0.5024913011741452,-0.02278369432844971,unit_mode_chain_amplitude,stellarator-linear-scan:stella-geometry
0.3,117,-0.04296875,-0.4469231249999853,-0.534322220439042,0.5024913011741452,-0.02278369432844971,unit_mode_chain_amplitude,stellarator-linear-scan:stella-geometry
0.3,118,-0.0390625,-0.3240080601471925,-0.06629603614242635,0.5024913011741452,-0.02278369432844971,unit_mode_chain_amplitude,stellarator-linear-scan:stella-geometry
0.3,119,-0.03515625,-0.3847139311758796,0.3839383630508169,0.5024913011741452,-0.02278369432844971,unit_mode_chain_amplitude,stellarator-linear-scan:stella-geometry
0.3,120,-0.03125,-0.3113499258708709,0.8150656537647889,0.5024913011741452,-0.02278369432844971,unit_mode_chain_amplitude,stellarator-linear-scan:stella-geometry
0.3,121,-0.02734375,-0.3313559466182977,1.2441203135834542,0.5024913011741452,-0.02278369432844971,unit_mode_chain_amplitude,stellarator-linear-scan:stella-geometry
0.3,122,-0.0234375,-0.09422411392258727,1.452978063320636,0.5024913011741452,-0.02278369432844971,unit_mode_chain_amplitude,stellarator-linear-scan:stella-geometry
0.3,123,-0.01953125,0.24738476881960772,1.493370379370562,0.5024913011741452,-0.02278369432844971,unit_mode_chain_amplitude,stellarator-linear-scan:stella-geometry
0.3,124,-0.015625,0.3810611204097233,1.6713022955889778,0.5024913011741452,-0.02278369432844971,unit_mode_chain_amplitude,stellarator-linear-scan:stella-geometry
0.3,125,-0.01171875,0.4333387755632976,1.6553772844721522,0.5024913011741452,-0.02278369432844971,unit_mode_chain_amplitude,stellarator-linear-scan:stella-geometry
0.3,126,-0.0078125,0.42921272923955633,1.5133475835629664,0.5024913011741452,-0.02278369432844971,unit_mode_chain_amplitude,stellarator-linear-scan:stella-geometry
0.3,127,-0.00390625,0.26386274639276924,1.297142420645462,0.5024913011741452,-0.02278369432844971,unit_mode_chain_amplitude,stellarator-linear-scan:stella-geometry
0.3,128,0.0,0.052436779410201875,0.967251696073789,0.5024913011741452,-0.02278369432844971,unit_mode_chain_amplitude,stellarator-linear-scan:stella-geometry
0.3,129,0.00390625,-0.18204989387538945,0.4842334023779346,0.5024913011741452,-0.02278369432844971,unit_mode_chain_amplitude,stellarator-linear-scan:stella-geometry
0.3,130,0.0078125,-0.3667216787298113,-0.06026488379511188,0.5024913011741452,-0.02278369432844971,unit_mode_chain_amplitude,stellarator-linear-scan:stella-geometry
0.3,131,0.01171875,-0.4349824643127824,-0.5632710711742861,0.5024913011741452,-0.02278369432844971,unit_mode_chain_amplitude,stellarator-linear-scan:stella-geometry
0.3,132,0.015625,-0.3758812134825564,-0.9700082060376672,0.5024913011741452,-0.02278369432844971,unit_mode_chain_amplitude,stellarator-linear-scan:stella-geometry
0.3,133,0.01953125,-0.4340718798865209,-1.191102781130313,0.5024913011741452,-0.02278369432844971,unit_mode_chain_amplitude,stellarator-linear-scan:stella-geometry
0.3,134,0.0234375,-0.40978828126922584,-1.454794377223467,0.5024913011741452,-0.02278369432844971,unit_mode_chain_amplitude,stellarator-linear-scan:stella-geometry
0.3,135,0.02734375,-0.2633004486638657,-1.6430131750942725,0.5024913011741452,-0.02278369432844971,unit_mode_chain_amplitude,stellarator-linear-scan:stella-geometry
0.3,136,0.03125,-0.18177572450031776,-1.6353712098429354,0.5024913011741452,-0.02278369432844971,unit_mode_chain_amplitude,stellarator-linear-scan:stella-geometry
0.3,137,0.03515625,0.14282924882921894,-1.5276224918509813,0.5024913011741452,-0.02278369432844971,unit_mode_chain_amplitude,stellarator-linear-scan:stella-geometry
0.3,138,0.0390625,0.23493910960162617,-1.21835846975825,0.5024913011741452,-0.02278369432844971,unit_mode_chain_amplitude,stellarator-linear-scan:stella-geometry
0.3,139,0.04296875,0.3903015798891493,-0.8665701965024961,0.5024913011741452,-0.02278369432844971,unit_mode_chain_amplitude,stellarator-linear-scan:stella-geometry
0.3,140,0.046875,0.5252587361869405,-0.5148515438059158,0.5024913011741452,-0.02278369432844971,unit_mode_chain_amplitude,stellarator-linear-scan:stella-geometry
0.3,141,0.05078125,0.34609304127126217,-0.1609584369699439,0.5024913011741452,-0.02278369432844971,unit_mode_chain_amplitude,stellarator-linear-scan:stella-geometry
0.3,142,0.0546875,0.09984022089815463,0.27524326791153286,0.5024913011741452,-0.02278369432844971,unit_mode_chain_amplitude,stellarator-linear-scan:stella-geometry
0.3,143,0.05859375,0.041334997021155485,0.7161269134174998,0.5024913011741452,-0.02278369432844971,unit_mode_chain_amplitude,stellarator-linear-scan:stella-geometry
0.3,144,0.0625,-0.1356025733145324,0.9978310543061756,0.5024913011741452,-0.02278369432844971,unit_mode_chain_amplitude,stellarator-linear-scan:stella-geometry
0.3,145,0.06640625,-0.3189392773734163,1.254656339524257,0.5024913011741452,-0.02278369432844971,unit_mode_chain_amplitude,stellarator-linear-scan:stella-geometry
0.3,146,0.0703125,-0.34203465003643674,1.3561132248198373,0.5024913011741452,-0.02278369432844971,unit_mode_chain_amplitude,stellarator-linear-scan:stella-geometry
0.3,147,0.07421875,-0.372329011937018,1.4426059060420213,0.5024913011741452,-0.02278369432844971,unit_mode_chain_amplitude,stellarator-linear-scan:stella-geometry
0.3,148,0.078125,-0.38498116934582266,1.502772599010138,0.5024913011741452,-0.02278369432844971,unit_mode_chain_amplitude,stellarator-linear-scan:stella-geometry
0.3,149,0.08203125,-0.42230525320045587,1.596817609958812,0.5024913011741452,-0.02278369432844971,unit_mode_chain_amplitude,stellarator-linear-scan:stella-geometry
0.3,150,0.0859375,-0.3369236823203039,1.6150623984208812,0.5024913011741452,-0.02278369432844971,unit_mode_chain_amplitude,stellarator-linear-scan:stella-geometry
0.3,151,0.08984375,-0.04293337787357914,1.371576206252547,0.5024913011741452,-0.02278369432844971,unit_mode_chain_amplitude,stellarator-linear-scan:stella-geometry
0.3,152,0.09375,0.37006986969769956,0.7306151953215222,0.5024913011741452,-0.02278369432844971,unit_mode_chain_amplitude,stellarator-linear-scan:stella-geometry
0.3,153,0.09765625,0.4968316986278341,0.08944489520772694,0.5024913011741452,-0.02278369432844971,unit_mode_chain_amplitude,stellarator-linear-scan:stella-geometry
0.3,154,0.1015625,0.3399899923411971,-0.4377539645783891,0.5024913011741452,-0.02278369432844971,unit_mode_chain_amplitude,stellarator-linear-scan:stella-geometry
0.3,155,0.10546875,0.32204516224699964,-0.8964720972017917,0.5024913011741452,-0.02278369432844971,unit_mode_chain_amplitude,stellarator-linear-scan:stella-geometry
0.3,156,0.109375,0.37497309105815324,-1.2435739574071503,0.5024913011741452,-0.02278369432844971,unit_mode_chain_amplitude,stellarator-linear-scan:stella-geometry
0.3,157,0.11328125,0.3417552819771969,-1.5094408980221443,0.5024913011741452,-0.02278369432844971,unit_mode_chain_amplitude,stellarator-linear-scan:stella-geometry
0.3,158,0.1171875,0.3418415407655131,-1.683181688694963,0.5024913011741452,-0.02278369432844971,unit_mode_chain_amplitude,stellarator-linear-scan:stella-geometry
0.3,159,0.12109375,-0.013756740149600627,-1.6435401514127421,0.5024913011741452,-0.02278369432844971,unit_mode_chain_amplitude,stellarator-linear-scan:stella-geometry
0.3,160,0.125,-0.2067155661740497,-1.541510256796363,0.5024913011741452,-0.02278369432844971,unit_mode_chain_amplitude,stellarator-linear-scan:stella-geometry
0.3,161,0.12890625,-0.42748101271722966,-1.3278087357244794,0.5024913011741452,-0.02278369432844971,unit_mode_chain_amplitude,stellarator-linear-scan:stella-geometry
0.3,162,0.1328125,-0.4689548821560742,-0.8984429869063173,0.5024913011741452,-0.02278369432844971,unit_mode_chain_amplitude,stellarator-linear-scan:stella-geometry
0.3,163,0.13671875,-0.31173322048132046,-0.5217590616379962,0.5024913011741452,-0.02278369432844971,unit_mode_chain_amplitude,stellarator-linear-scan:stella-geometry
0.3,164,0.140625,-0.16717851909795642,-0.13841521373049653,0.5024913011741452,-0.02278369432844971,unit_mode_chain_amplitude,stellarator-linear-scan:stella-geometry
0.3,165,0.14453125,0.08294375040484923,0.3204501672910674,0.5024913011741452,-0.02278369432844971,unit_mode_chain_amplitude,stellarator-linear-scan:stella-geometry
0.3,166,0.1484375,0.24054444146412565,0.7200943845031174,0.5024913011741452,-0.02278369432844971,unit_mode_chain_amplitude,stellarator-linear-scan:stella-geometry
0.3,167,0.15234375,0.3249053759635379,0.9959538069733493,0.5024913011741452,-0.02278369432844971,unit_mode_chain_amplitude,stellarator-linear-scan:stella-geometry
0.3,168,0.15625,0.34145990502061424,1.1514974092274837,0.5024913011741452,-0.02278369432844971,unit_mode_chain_amplitude,stellarator-linear-scan:stella-geometry
0.3,169,0.16015625,0.38352880380624116,1.2005066516665093,0.5024913011741452,-0.02278369432844971,unit_mode_chain_amplitude,stellarator-linear-scan:stella-geometry
0.3,170,0.1640625,0.3972336073005723,1.1831156011943322,0.5024913011741452,-0.02278369432844971,unit_mode_chain_amplitude,stellarator-linear-scan:stella-geometry
0.3,171,0.16796875,0.3722745511380884,1.20015361218554,0.5024913011741452,-0.02278369432844971,unit_mode_chain_amplitude,stellarator-linear-scan:stella-geometry
0.3,172,0.171875,0.38799674213574414,1.1215354167749274,0.5024913011741452,-0.02278369432844971,unit_mode_chain_amplitude,stellarator-linear-scan:stella-geometry
0.3,173,0.17578125,0.18158596654318473,0.9455983871377164,0.5024913011741452,-0.02278369432844971,unit_mode_chain_amplitude,stellarator-linear-scan:stella-geometry
0.3,174,0.1796875,-0.017865049275677163,0.6950210557766384,0.5024913011741452,-0.02278369432844971,unit_mode_chain_amplitude,stellarator-linear-scan:stella-geometry
0.3,175,0.18359375,-0.24745798673466704,0.3542667366136526,0.5024913011741452,-0.02278369432844971,unit_mode_chain_amplitude,stellarator-linear-scan:stella-geometry
0.3,176,0.1875,-0.47162189211177,-0.0716688716359217,0.5024913011741452,-0.02278369432844971,unit_mode_chain_amplitude,stellarator-linear-scan:stella-geometry
0.3,177,0.19140625,-0.36833100864361623,-0.5041140397811185,0.5024913011741452,-0.02278369432844971,unit_mode_chain_amplitude,stellarator-linear-scan:stella-geometry
0.3,178,0.1953125,-0.18311561534407153,-0.8870665243296165,0.5024913011741452,-0.02278369432844971,unit_mode_chain_amplitude,stellarator-linear-scan:stella-geometry
0.3,179,0.19921875,-0.1603499136720371,-1.1081987260392607,0.5024913011741452,-0.02278369432844971,unit_mode_chain_amplitude,stellarator-linear-scan:stella-geometry
0.3,180,0.203125,-0.07768879106502039,-1.2190725743471469,0.5024913011741452,-0.02278369432844971,unit_mode_chain_amplitude,stellarator-linear-scan:stella-geometry
0.3,181,0.20703125,0.10131234703145002,-1.2465536576238616,0.5024913011741452,-0.02278369432844971,unit_mode_chain_amplitude,stellarator-linear-scan:stella-geometry
0.3,182,0.2109375,0.23739026206404126,-1.2107915922345487,0.5024913011741452,-0.02278369432844971,unit_mode_chain_amplitude,stellarator-linear-scan:stella-geometry
0.3,183,0.21484375,0.2308184349994599,-1.053320994011441,0.5024913011741452,-0.02278369432844971,unit_mode_chain_amplitude,stellarator-linear-scan:stella-geometry
0.3,184,0.21875,0.35073861680969254,-0.8902787880220968,0.5024913011741452,-0.02278369432844971,unit_mode_chain_amplitude,stellarator-linear-scan:stella-geometry
0.3,185,0.22265625,0.40968112380023325,-0.7813548883737649,0.5024913011741452,-0.02278369432844971,unit_mode_chain_amplitude,stellarator-linear-scan:stella-geometry
0.3,186,0.2265625,0.35249027361867113,-0.6248824610050578,0.5024913011741452,-0.02278369432844971,unit_mode_chain_amplitude,stellarator-linear-scan:stella-geometry
0.3,187,0.23046875,0.13866473655191824,-0.426281553198351,0.5024913011741452,-0.02278369432844971,unit_mode_chain_amplitude,stellarator-linear-scan:stella-geometry
0.3,188,0.234375,-0.22524616284901505,0.004686599037878295,0.5024913011741452,-0.02278369432844971,unit_mode_chain_amplitude,stellarator-linear-scan:stella-geometry
0.3,189,0.23828125,-0.302634112448312,0.4068265305715784,0.5024913011741452,-0.02278369432844971,unit_mode_chain_amplitude,stellarator-linear-scan:stella-geometry
0.3,190,0.2421875,-0.3424455910584598,0.7028917669354511,0.5024913011741452,-0.02278369432844971,unit_mode_chain_amplitude,stellarator-linear-scan:stella-geometry
0.3,191,0.24609375,-0.2727467014449186,0.9216125870249892,0.5024913011741452,-0.02278369432844971,unit_mode_chain_amplitude,stellarator-linear-scan:stella-geometry
0.3,192,0.25,-0.31200328937633803,1.1237396717636523,0.5024913011741452,-0.02278369432844971,unit_mode_chain_amplitude,stellarator-linear-scan:stella-geometry
0.3,193,0.25390625,-0.352571081817032,1.1858735894177244,0.5024913011741452,-0.02278369432844971,unit_mode_chain_amplitude,stellarator-linear-scan:stella-geometry
0.3,194,0.2578125,-0.492822665415839,1.1238895274985892,0.5024913011741452,-0.02278369432844971,unit_mode_chain_amplitude,stellarator-linear-scan:stella-geometry
0.3,195,0.26171875,-0.4207328373779661,1.1191602588584482,0.5024913011741452,-0.02278369432844971,unit_mode_chain_amplitude,stellarator-linear-scan:stella-geometry
0.3,196,0.265625,-0.05785673833395622,1.0598350317936382,0.5024913011741452,-0.02278369432844971,unit_mode_chain_amplitude,stellarator-linear-scan:stella-geometry
0.3,197,0.26953125,0.2765580154056404,0.8107129270449153,0.5024913011741452,-0.02278369432844971,unit_mode_chain_amplitude,stellarator-linear-scan:stella-geometry
0.3,198,0.2734375,0.4162281045414497,0.32175084930284376,0.5024913011741452,-0.02278369432844971,unit_mode_chain_amplitude,stellarator-linear-scan:stella-geometry
0.3,199,0.27734375,0.29983103320080895,-0.060657475528337224,0.5024913011741452,-0.02278369432844971,unit_mode_chain_amplitude,stellarator-linear-scan:stella-geometry
0.3,200,0.28125,0.19764441783604414,-0.45077452597459394,0.5024913011741452,-0.02278369432844971,unit_mode_chain_amplitude,stellarator-linear-scan:stella-geometry
0.3,201,0.28515625,0.06085888894311159,-0.7950569340175082,0.5024913011741452,-0.02278369432844971,unit_mode_chain_amplitude,stellarator-linear-scan:stella-geometry
0.3,202,0.2890625,-0.056047486673788616,-1.1249473605640592,0.5024913011741452,-0.02278369432844971,unit_mode_chain_amplitude,stellarator-linear-scan:stella-geometry
0.3,203,0.29296875,-0.10239289172561238,-1.0986478797312178,0.5024913011741452,-0.02278369432844971,unit_mode_chain_amplitude,stellarator-linear-scan:stella-geometry
0.3,204,0.296875,-0.1827308630549003,-0.9460332205682387,0.5024913011741452,-0.02278369432844971,unit_mode_chain_amplitude,stellarator-linear-scan:stella-geometry
0.3,205,0.30078125,-0.20242295372537275,-0.8714044246659687,0.5024913011741452,-0.02278369432844971,unit_mode_chain_amplitude,stellarator-linear-scan:stella-geometry
0.3,206,0.3046875,-0.26292075057132247,-0.7467057697911031,0.5024913011741452,-0.02278369432844971,unit_mode_chain_amplitude,stellarator-linear-scan:stella-geometry
0.3,207,0.30859375,-0.38752037256049815,-0.6321936635796374,0.5024913011741452,-0.02278369432844971,unit_mode_chain_amplitude,stellarator-linear-scan:stella-geometry
0.3,208,0.3125,-0.4597604205235977,-0.5129137387894582,0.5024913011741452,-0.02278369432844971,unit_mode_chain_amplitude,stellarator-linear-scan:stella-geometry
0.3,209,0.31640625,-0.40620708686234464,-0.3755615041250497,0.5024913011741452,-0.02278369432844971,unit_mode_chain_amplitude,stellarator-linear-scan:stella-geometry
0.3,210,0.3203125,-0.2136173292652259,-0.2072182141243211,0.5024913011741452,-0.02278369432844971,unit_mode_chain_amplitude,stellarator-linear-scan:stella-geometry
0.3,211,0.32421875,0.08329602027227447,0.04891070141047618,0.5024913011741452,-0.02278369432844971,unit_mode_chain_amplitude,stellarator-linear-scan:stella-geometry
0.3,212,0.328125,0.2936637408040065,0.37998998868470985,0.5024913011741452,-0.02278369432844971,unit_mode_chain_amplitude,stellarator-linear-scan:stella-geometry
0.3,213,0.33203125,0.2817990932026955,0.7571639737910661,0.5024913011741452,-0.02278369432844971,unit_mode_chain_amplitude,stellarator-linear-scan:stella-geometry
0.3,214,0.3359375,0.26203188486111845,0.8901189799349386,0.5024913011741452,-0.02278369432844971,unit_mode_chain_amplitude,stellarator-linear-scan:stella-geometry
0.3,215,0.33984375,0.3067512231102928,0.912497251296902,0.5024913011741452,-0.02278369432844971,unit_mode_chain_amplitude,stellarator-linear-scan:stella-geometry
0.3,216,0.34375,0.31020348265877395,0.8583734015028833,0.5024913011741452,-0.02278369432844971,unit_mode_chain_amplitude,stellarator-linear-scan:stella-geometry
0.3,217,0.34765625,0.26322257272145816,0.8147050583022063,0.5024913011741452,-0.02278369432844971,unit_mode_chain_amplitude,stellarator-linear-scan:stella-geometry
0.3,218,0.3515625,0.020290352480528864,0.7317327003861563,0.5024913011741452,-0.02278369432844971,unit_mode_chain_amplitude,stellarator-linear-scan:stella-geometry
0.3,219,0.35546875,-0.0637913340253416,0.6028128567889217,0.5024913011741452,-0.02278369432844971,unit_mode_chain_amplitude,stellarator-linear-scan:stella-geometry
0.3,220,0.359375,-0.1897329692386195,0.4098555495786995,0.5024913011741452,-0.02278369432844971,unit_mode_chain_amplitude,stellarator-linear-scan:stella-geometry
0.3,221,0.36328125,-0.41201756418980845,0.21489560438715433,0.5024913011741452,-0.02278369432844971,unit_mode_chain_amplitude,stellarator-linear-scan:stella-geometry
0.3,222,0.3671875,-0.3167936551829955,-0.004693883573696883,0.5024913011741452,-0.02278369432844971,unit_mode_chain_amplitude,stellarator-linear-scan:stella-geometry
0.3,223,0.37109375,-0.03463305862326098,-0.25825035384694944,0.5024913011741452,-0.02278369432844971,unit_mode_chain_amplitude,stellarator-linear-scan:stella-geometry
0.3,224,0.375,0.09655204587796161,-0.5774243849388061,0.5024913011741452,-0.02278369432844971,unit_mode_chain_amplitude,stellarator-linear-scan:stella-geometry
0.3,225,0.37890625,0.1954497308856007,-0.698486929831598,0.5024913011741452,-0.02278369432844971,unit_mode_chain_amplitude,stellarator-linear-scan:stella-geometry
0.3,226,0.3828125,0.20138679242016355,-0.8048118010953784,0.5024913011741452,-0.02278369432844971,unit_mode_chain_amplitude,stellarator-linear-scan:stella-geometry
0.3,227,0.38671875,0.22252768728344494,-0.783803356970331,0.5024913011741452,-0.02278369432844971,unit_mode_chain_amplitude,stellarator-linear-scan:stella-geometry
0.3,228,0.390625,0.22343517718566305,-0.8129419422413655,0.5024913011741452,-0.02278369432844971,unit_mode_chain_amplitude,stellarator-linear-scan:stella-geometry
0.3,229,0.39453125,0.3147862441659814,-0.7184962742146969,0.5024913011741452,-0.02278369432844971,unit_mode_chain_amplitude,stellarator-linear-scan:stella-geometry
0.3,230,0.3984375,0.4744861177749495,-0.6118619253211276,0.5024913011741452,-0.02278369432844971,unit_mode_chain_amplitude,stellarator-linear-scan:stella-geometry
0.3,231,0.40234375,0.6024155984880671,-0.48554986418715934,0.5024913011741452,-0.02278369432844971,unit_mode_chain_amplitude,stellarator-linear-scan:stella-geometry
0.3,232,0.40625,0.36291347564080667,-0.49519278390590193,0.5024913011741452,-0.02278369432844971,unit_mode_chain_amplitude,stellarator-linear-scan:stella-geometry
0.3,233,0.41015625,-0.11501269339176556,-0.31286814131289375,0.5024913011741452,-0.02278369432844971,unit_mode_chain_amplitude,stellarator-linear-scan:stella-geometry
0.3,234,0.4140625,-0.2991610521085845,0.009784434626097283,0.5024913011741452,-0.02278369432844971,unit_mode_chain_amplitude,stellarator-linear-scan:stella-geometry
0.3,235,0.41796875,-0.25193210249407416,0.3266795305363795,0.5024913011741452,-0.02278369432844971,unit_mode_chain_amplitude,stellarator-linear-scan:stella-geometry
0.3,236,0.421875,-0.19592436179307285,0.5902414392512221,0.5024913011741452,-0.02278369432844971,unit_mode_chain_amplitude,stellarator-linear-scan:stella-geometry
0.3,237,0.42578125,-0.22146003408580486,0.8144033813686596,0.5024913011741452,-0.02278369432844971,unit_mode_chain_amplitude,stellarator-linear-scan:stella-geometry
0.3,238,0.4296875,-0.1779434205154235,0.9055199276391375,0.5024913011741452,-0.02278369432844971,unit_mode_chain_amplitude,stellarator-linear-scan:stella-geometry
0.3,239,0.43359375,-0.23631709234065196,0.8990450406230767,0.5024913011741452,-0.02278369432844971,unit_mode_chain_amplitude,stellarator-linear-scan:stella-geometry
0.3,240,0.4375,-0.0576666929998537,0.7026840700699661,0.5024913011741452,-0.02278369432844971,unit_mode_chain_amplitude,stellarator-linear-scan:stella-geometry
0.3,241,0.44140625,-0.004965563790425065,0.6603986380110825,0.5024913011741452,-0.02278369432844971,unit_mode_chain_amplitude,stellarator-linear-scan:stella-geometry
0.3,242,0.4453125,0.16156250228083718,0.5417233911858013,0.5024913011741452,-0.02278369432844971,unit_mode_chain_amplitude,stellarator-linear-scan:stella-geometry
0.3,243,0.44921875,0.31942914205192885,0.4009723117006868,0.5024913011741452,-0.02278369432844971,unit_mode_chain_amplitude,stellarator-linear-scan:stella-geometry
0.3,244,0.453125,0.33376209401131773,0.19049586719996706,0.5024913011741452,-0.02278369432844971,unit_mode_chain_amplitude,stellarator-linear-scan:stella-geometry
0.3,245,0.45703125,0.3218859819640053,0.0789892442526815,0.5024913011741452,-0.02278369432844971,unit_mode_chain_amplitude,stellarator-linear-scan:stella-geometry
0.3,246,0.4609375,0.16458533885730803,-0.1621043219756343,0.5024913011741452,-0.02278369432844971,unit_mode_chain_amplitude,stellarator-linear-scan:stella-geometry
0.3,247,0.46484375,-0.10595820985395629,-0.34394669859769206,0.5024913011741452,-0.02278369432844971,unit_mode_chain_amplitude,stellarator-linear-scan:stella-geometry
0.3,248,0.46875,-0.24408792248218666,-0.6988046584700524,0.5024913011741452,-0.02278369432844971,unit_mode_chain_amplitude,stellarator-linear-scan:stella-geometry
0.3,249,0.47265625,-0.20650930938536968,-0.7196075845825436,0.5024913011741452,-0.02278369432844971,unit_mode_chain_amplitude,stellarator-linear-scan:stella-geometry
0.3,250,0.4765625,-0.269031880823743,-0.6822150832652674,0.5024913011741452,-0.02278369432844971,unit_mode_chain_amplitude,stellarator-linear-scan:stella-geometry
0.3,251,0.48046875,-0.3601065858251504,-0.48369631423342946,0.5024913011741452,-0.02278369432844971,unit_mode_chain_amplitude,stellarator-linear-scan:stella-geometry
0.3,252,0.484375,-0.4226886000353733,-0.560543992044682,0.5024913011741452,-0.02278369432844971,unit_mode_chain_amplitude,stellarator-linear-scan:stella-geometry
0.3,253,0.48828125,-0.5613627056723346,-0.3693418637994053,0.5024913011741452,-0.02278369432844971,unit_mode_chain_amplitude,stellarator-linear-scan:stella-geometry
0.3,254,0.4921875,-0.31885722932144894,-0.4435697420889384,0.5024913011741452,-0.02278369432844971,unit_mode_chain_amplitude,stellarator-linear-scan:stella-geometry
0.3,255,0.49609375,-0.41475805200283494,0.0104499385963573,0.5024913011741452,-0.02278369432844971,unit_mode_chain_amplitude,stellarator-linear-scan:stella-geometry
