ky,z_index,z,phi_real,phi_imag,growth_rate,frequency,normalization,source
0.1,0,-0.5,-0.18230479584357026,-0.014854063453318127,0.1296489000018489,-2.955243245373457,unit_mode_chain_amplitude,stellarator-linear-scan:stella-geometry
0.1,1,-0.49609375,-0.1002234375634303,0.08304694485855185,0.1296489000018489,-2.955243245373457,unit_mode_chain_amplitude,stellarator-linear-scan:stella-geometry
0.1,2,-0.4921875,0.03244476508585763,-0.09002486792712593,0.1296489000018489,-2.955243245373457,unit_mode_chain_amplitude,stellarator-linear-scan:stella-geometry
0.1,3,-0.48828125,0.24973823868754574,0.05455875950762208,0.1296489000018489,-2.955243245373457,unit_mode_chain_amplitude,stellarator-linear-scan:stella-geometry
0.1,4,-0.484375,-0.6291008741890448,0.04513036284205204,0.1296489000018489,-2.955243245373457,unit_mode_chain_amplitude,stellarator-linear-scan:stella-geometry
0.1,5,-0.48046875,0.637998968756252,-0.06412199690064532,0.1296489000018489,-2.955243245373457,unit_mode_chain_amplitude,stellarator-linear-scan:stella-geometry
0.1,6,-0.4765625,-0.33906040105900553,-0.03454982525076093,0.1296489000018489,-2.955243245373457,unit_mode_chain_amplitude,stellarator-linear-scan:stella-geometry
0.1,7,-0.47265625,0.07334025832267926,0.2333849907782057,0.1296489000018489,-2.955243245373457,unit_mode_chain_amplitude,stellarator-linear-scan:stella-geometry
0.1,8,-0.46875,-0.09348788031496318,-0.35673565452811445,0.1296489000018489,-2.955243245373457,unit_mode_chain_amplitude,stellarator-linear-scan:stella-geometry
0.1,9,-0.46484375,0.2412911217225021,0.3317145872725582,0.1296489000018489,-2.955243245373457,unit_mode_chain_amplitude,stellarator-linear-scan:stella-geometry
0.1,10,-0.4609375,-0.28003829498452654,-0.15291392088204772,0.1296489000018489,-2.955243245373457,unit_mode_chain_amplitude,stellarator-linear-scan:stella-geometry
0.1,11,-0.45703125,0.22722805914448513,0.04189267107907246,0.1296489000018489,-2.955243245373457,unit_mode_chain_amplitude,stellarator-linear-scan:stella-geometry
0.1,12,-0.453125,-0.09380246667602239,0.009655278544959154,0.1296489000018489,-2.955243245373457,unit_mode_chain_amplitude,stellarator-linear-scan:stella-geometry
0.1,13,-0.44921875,-0.10427372781274316,0.3294935641748079,0.1296489000018489,-2.955243245373457,unit_mode_chain_amplitude,stellarator-linear-scan:stella-geometry
0.1,14,-0.4453125,-0.1378174436015636,-0.7876526536731674,0.1296489000018489,-2.955243245373457,unit_mode_chain_amplitude,stellarator-linear-scan:stella-geometry
0.1,15,-0.44140625,0.6193041445607498,0.7142545855220466,0.1296489000018489,-2.955243245373457,unit_mode_chain_amplitude,stellarator-linear-scan:stella-geometry
0.1,16,-0.4375,-1.006544834622428,-0.40749902737300364,0.1296489000018489,-2.955243245373457,unit_mode_chain_amplitude,stellarator-linear-scan:stella-geometry
0.1,17,-0.43359375,0.9707859130522247,0.08700025368791584,0.1296489000018489,-2.955243245373457,unit_mode_chain_amplitude,stellarator-linear-scan:stella-geometry
0.1,18,-0.4296875,-0.6967988597384629,0.17356338913478567,0.1296489000018489,-2.955243245373457,unit_mode_chain_amplitude,stellarator-linear-scan:stella-geometry
0.1,19,-0.42578125,0.49219465229305676,-0.23711753003658945,0.1296489000018489,-2.955243245373457,unit_mode_chain_amplitude,stellarator-linear-scan:stella-geometry
0.1,20,-0.421875,-0.34536148469804345,0.07141740856540113,0.1296489000018489,-2.955243245373457,unit_mode_chain_amplitude,stellarator-linear-scan:stella-geometry
0.1,21,-0.41796875,0.45818065336540303,0.3981097283213384,0.1296489000018489,-2.955243245373457,unit_mode_chain_amplitude,stellarator-linear-scan:stella-geometry
0.1,22,-0.4140625,-1.1634732555134948,-0.5348794562839819,0.1296489000018489,-2.955243245373457,unit_mode_chain_amplitude,stellarator-linear-scan:stella-geometry
0.1,23,-0.41015625,1.7325542835826848,-0.25063485834585564,0.1296489000018489,-2.955243245373457,unit_mode_chain_amplitude,stellarator-linear-scan:stella-geometry
0.1,24,-0.40625,-1.5778882882174676,0.9762792827461568,0.1296489000018489,-2.955243245373457,unit_mode_chain_amplitude,stellarator-linear-scan:stella-geometry
0.1,25,-0.40234375,1.0103695058580893,-0.9910529300883035,0.1296489000018489,-2.955243245373457,unit_mode_chain_amplitude,stellarator-linear-scan:stella-geometry
0.1,26,-0.3984375,-0.7316491403265809,1.0128455799693283,0.1296489000018489,-2.955243245373457,unit_mode_chain_amplitude,stellarator-linear-scan:stella-geometry
0.1,27,-0.39453125,0.7047186712795593,-0.8736448152707396,0.1296489000018489,-2.955243245373457,unit_mode_chain_amplitude,stellarator-linear-scan:stella-geometry
0.1,28,-0.390625,-0.7717686591620759,0.5281474827765821,0.1296489000018489,-2.955243245373457,unit_mode_chain_amplitude,stellarator-linear-scan:stella-geometry
0.1,29,-0.38671875,0.9491737343183863,-0.09186924613738591,0.1296489000018489,-2.955243245373457,unit_mode_chain_amplitude,stellarator-linear-scan:stella-geometry
0.1,30,-0.3828125,-1.1492732138215167,0.2875919530705907,0.1296489000018489,-2.955243245373457,unit_mode_chain_amplitude,stellarator-linear-scan:stella-geometry
0.1,31,-0.37890625,1.3273361608395557,-0.9043188347257344,0.1296489000018489,-2.955243245373457,unit_mode_chain_amplitude,stellarator-linear-scan:stella-geometry
0.1,32,-0.375,-1.3468057104981326,1.3306014590198345,0.1296489000018489,-2.955243245373457,unit_mode_chain_amplitude,stellarator-linear-scan:stella-geometry
0.1,33,-0.37109375,1.3575878870727383,-1.5233898297765152,0.1296489000018489,-2.955243245373457,unit_mode_chain_amplitude,stellarator-linear-scan:stella-geometry
0.1,34,-0.3671875,-1.4437040451326266,1.5180701803727557,0.1296489000018489,-2.955243245373457,unit_mode_chain_amplitude,stellarator-linear-scan:stella-geometry
0.1,35,-0.36328125,1.456883728559146,-0.9273813270458688,0.1296489000018489,-2.955243245373457,unit_mode_chain_amplitude,stellarator-linear-scan:stella-geometry
0.1,36,-0.359375,-1.2073977968613014,0.2367719608192504,0.1296489000018489,-2.955243245373457,unit_mode_chain_amplitude,stellarator-linear-scan:stella-geometry
0.1,37,-0.35546875,1.0321289948890693,0.006808115989692818,0.1296489000018489,-2.955243245373457,unit_mode_chain_amplitude,stellarator-linear-scan:stella-geometry
0.1,38,-0.3515625,-1.0577227816691468,0.22832802621381143,0.1296489000018489,-2.955243245373457,unit_mode_chain_amplitude,stellarator-linear-scan:stella-geometry
0.1,39,-0.34765625,1.2755251696755998,-0.5454952217416675,0.1296489000018489,-2.955243245373457,unit_mode_chain_amplitude,stellarator-linear-scan:stella-geometry
0.1,40,-0.34375,-1.556589174164319,0.698157093689158,0.1296489000018489,-2.955243245373457,unit_mode_chain_amplitude,stellarator-linear-scan:stella-geometry
0.1,41,-0.33984375,1.8298717703160696,-0.617179211260879,0.1296489000018489,-2.955243245373457,unit_mode_chain_amplitude,stellarator-linear-scan:stella-geometry
0.1,42,-0.3359375,-1.5259826986299942,0.09774199769425733,0.1296489000018489,-2.955243245373457,unit_mode_chain_amplitude,stellarator-linear-scan:stella-geometry
0.1,43,-0.33203125,1.018804944566058,0.23121809719658015,0.1296489000018489,-2.955243245373457,unit_mode_chain_amplitude,stellarator-linear-scan:stella-geometry
0.1,44,-0.328125,-0.6890065414835198,-0.21593148533086962,0.1296489000018489,-2.955243245373457,unit_mode_chain_amplitude,stellarator-linear-scan:stella-geometry
0.1,45,-0.32421875,0.5929536406500536,0.08407525910435695,0.1296489000018489,-2.955243245373457,unit_mode_chain_amplitude,stellarator-linear-scan:stella-geometry
0.1,46,-0.3203125,-0.6490416677724244,0.032281422727623396,0.1296489000018489,-2.955243245373457,unit_mode_chain_amplitude,stellarator-linear-scan:stella-geometry
0.1,47,-0.31640625,0.7053218625746899,-0.05556566565437192,0.1296489000018489,-2.955243245373457,unit_mode_chain_amplitude,stellarator-linear-scan:stella-geometry
0.1,48,-0.3125,-0.6636309979061079,-0.00402853984691417,0.1296489000018489,-2.955243245373457,unit_mode_chain_amplitude,stellarator-linear-scan:stella-geometry
0.1,49,-0.30859375,0.5749627467848644,0.10023494638777647,0.1296489000018489,-2.955243245373457,unit_mode_chain_amplitude,stellarator-linear-scan:stella-geometry
0.1,50,-0.3046875,-0.568258178264436,-0.12371997215868136,0.1296489000018489,-2.955243245373457,unit_mode_chain_amplitude,stellarator-linear-scan:stella-geometry
0.1,51,-0.30078125,0.711450135617928,0.016156534315798894,0.1296489000018489,-2.955243245373457,unit_mode_chain_amplitude,stellarator-linear-scan:stella-geometry
0.1,52,-0.296875,-0.9056473811431066,0.19927443369369105,0.1296489000018489,-2.955243245373457,unit_mode_chain_amplitude,stellarator-linear-scan:stella-geometry
0.1,53,-0.29296875,1.07157766241969,-0.4941273002631174,0.1296489000018489,-2.955243245373457,unit_mode_chain_amplitude,stellarator-linear-scan:stella-geometry
0.1,54,-0.2890625,-0.9017739806321755,0.434362450272406,0.1296489000018489,-2.955243245373457,unit_mode_chain_amplitude,stellarator-linear-scan:stella-geometry
0.1,55,-0.28515625,0.7501732187383071,-0.31982627936995534,0.1296489000018489,-2.955243245373457,unit_mode_chain_amplitude,stellarator-linear-scan:stella-geometry
0.1,56,-0.28125,-0.6611937519843109,0.15306275631690838,0.1296489000018489,-2.955243245373457,unit_mode_chain_amplitude,stellarator-linear-scan:stella-geometry
0.1,57,-0.27734375,0.7544268396779548,-0.02183643072356955,0.1296489000018489,-2.955243245373457,unit_mode_chain_amplitude,stellarator-linear-scan:stella-geometry
0.1,58,-0.2734375,-1.0831829720626514,0.2523012886775301,0.1296489000018489,-2.955243245373457,unit_mode_chain_amplitude,stellarator-linear-scan:stella-geometry
0.1,59,-0.26953125,1.2140233931995819,-0.9885055418071997,0.1296489000018489,-2.955243245373457,unit_mode_chain_amplitude,stellarator-linear-scan:stella-geometry
0.1,60,-0.265625,-0.8076629590739687,1.25849716652891,0.1296489000018489,-2.955243245373457,unit_mode_chain_amplitude,stellarator-linear-scan:stella-geometry
0.1,61,-0.26171875,0.5158052613160905,-1.0730010595692054,0.1296489000018489,-2.955243245373457,unit_mode_chain_amplitude,stellarator-linear-scan:stella-geometry
0.1,62,-0.2578125,-0.4633664463212289,0.7878793964128409,0.1296489000018489,-2.955243245373457,unit_mode_chain_amplitude,stellarator-linear-scan:stella-geometry
0.1,63,-0.25390625,0.5035116245610366,-0.5995820541673034,0.1296489000018489,-2.955243245373457,unit_mode_chain_amplitude,stellarator-linear-scan:stella-geometry
0.1,64,-0.25,-0.5588516750328278,0.35060550857832173,0.1296489000018489,-2.955243245373457,unit_mode_chain_amplitude,stellarator-linear-scan:stella-geometry
0.1,65,-0.24609375,0.6321469650272925,-0.266062060389784,0.1296489000018489,-2.955243245373457,unit_mode_chain_amplitude,stellarator-linear-scan:stella-geometry
0.1,66,-0.2421875,-0.6103303963459831,0.5527866615161462,0.1296489000018489,-2.955243245373457,unit_mode_chain_amplitude,stellarator-linear-scan:stella-geometry
0.1,67,-0.23828125,0.4246563180481239,-0.9604829786900781,0.1296489000018489,-2.955243245373457,unit_mode_chain_amplitude,stellarator-linear-scan:stella-geometry
0.1,68,-0.234375,-0.2550808351967492,1.0343836940808226,0.1296489000018489,-2.955243245373457,unit_mode_chain_amplitude,stellarator-linear-scan:stella-geometry
0.1,69,-0.23046875,0.32399939256605664,-0.8886740121084927,0.1296489000018489,-2.955243245373457,unit_mode_chain_amplitude,stellarator-linear-scan:stella-geometry
0.1,70,-0.2265625,-0.5144305009135107,0.7365345924788551,0.1296489000018489,-2.955243245373457,unit_mode_chain_amplitude,stellarator-linear-scan:stella-geometry
0.1,71,-0.22265625,0.6366322837814944,-0.5020098898701423,0.1296489000018489,-2.955243245373457,unit_mode_chain_amplitude,stellarator-linear-scan:stella-geometry
0.1,72,-0.21875,-0.6563268861762755,0.2002968183699045,0.1296489000018489,-2.955243245373457,unit_mode_chain_amplitude,stellarator-linear-scan:stella-geometry
0.1,73,-0.21484375,0.49484151896720585,-0.10953961149739944,0.1296489000018489,-2.955243245373457,unit_mode_chain_amplitude,stellarator-linear-scan:stella-geometry
0.1,74,-0.2109375,-0.3970869916600256,0.3255651374957504,0.1296489000018489,-2.955243245373457,unit_mode_chain_amplitude,stellarator-linear-scan:stella-geometry
0.1,75,-0.20703125,0.37529717387172845,-0.5230992509698288,0.1296489000018489,-2.955243245373457,unit_mode_chain_amplitude,stellarator-linear-scan:stella-geometry
0.1,76,-0.203125,-0.4808789704140313,0.5551063856917516,0.1296489000018489,-2.955243245373457,unit_mode_chain_amplitude,stellarator-linear-scan:stella-geometry
0.1,77,-0.19921875,0.6896931918896847,-0.4989034342986107,0.1296489000018489,-2.955243245373457,unit_mode_chain_amplitude,stellarator-linear-scan:stella-geometry
0.1,78,-0.1953125,-0.9368305523834027,0.32924656370108,0.1296489000018489,-2.955243245373457,unit_mode_chain_amplitude,stellarator-linear-scan:stella-geometry
0.1,79,-0.19140625,0.7500785017945472,0.07487245921538872,0.1296489000018489,-2.955243245373457,unit_mode_chain_amplitude,stellarator-linear-scan:stella-geometry
0.1,80,-0.1875,-0.4661263906220212,-0.2633338340061617,0.1296489000018489,-2.955243245373457,unit_mode_chain_amplitude,stellarator-linear-scan:stella-geometry
0.1,81,-0.18359375,0.23171585181514778,0.17210140984237587,0.1296489000018489,-2.955243245373457,unit_mode_chain_amplitude,stellarator-linear-scan:stella-geometry
0.1,82,-0.1796875,-0.2217426353443635,0.03856591320789054,0.1296489000018489,-2.955243245373457,unit_mode_chain_amplitude,stellarator-linear-scan:stella-geometry
0.1,83,-0.17578125,0.30653703365782503,-0.144158735028829,0.1296489000018489,-2.955243245373457,unit_mode_chain_amplitude,stellarator-linear-scan:stella-geometry
0.1,84,-0.171875,-0.37635774674616657,0.11515000398446462,0.1296489000018489,-2.955243245373457,unit_mode_chain_amplitude,stellarator-linear-scan:stella-geometry
0.1,85,-0.16796875,0.37051563781869207,0.022147589533200993,0.1296489000018489,-2.955243245373457,unit_mode_chain_amplitude,stellarator-linear-scan:stella-geometry
0.1,86,-0.1640625,-0.2527879165353964,-0.1324458153064344,0.1296489000018489,-2.955243245373457,unit_mode_chain_amplitude,stellarator-linear-scan:stella-geometry
0.1,87,-0.16015625,0.1970553107367027,0.09647064356364127,0.1296489000018489,-2.955243245373457,unit_mode_chain_amplitude,stellarator-linear-scan:stella-geometry
0.1,88,-0.15625,-0.2580430376618346,0.0666662647746337,0.1296489000018489,-2.955243245373457,unit_mode_chain_amplitude,stellarator-linear-scan:stella-geometry
0.1,89,-0.15234375,0.3430150997568508,-0.24745716050093342,0.1296489000018489,-2.955243245373457,unit_mode_chain_amplitude,stellarator-linear-scan:stella-geometry
0.1,90,-0.1484375,-0.3650844832384392,0.3050442269685338,0.1296489000018489,-2.955243245373457,unit_mode_chain_amplitude,stellarator-linear-scan:stella-geometry
0.1,91,-0.14453125,0.3443849072222288,-0.20842396707864355,0.1296489000018489,-2.955243245373457,unit_mode_chain_amplitude,stellarator-linear-scan:stella-geometry
0.1,92,-0.140625,-0.33480273380884595,0.11151229780604872,0.1296489000018489,-2.955243245373457,unit_mode_chain_amplitude,stellarator-linear-scan:stella-geometry
0.1,93,-0.13671875,0.3635604316730242,-0.0494214999447261,0.1296489000018489,-2.955243245373457,unit_mode_chain_amplitude,stellarator-linear-scan:stella-geometry
0.1,94,-0.1328125,-0.4637322360422,0.1930442496135845,0.1296489000018489,-2.955243245373457,unit_mode_chain_amplitude,stellarator-linear-scan:stella-geometry
0.1,95,-0.12890625,0.5081268096143287,-0.550384455746616,0.1296489000018489,-2.955243245373457,unit_mode_chain_amplitude,stellarator-linear-scan:stella-geometry
0.1,96,-0.125,-0.3499119642762831,0.6964355358700726,0.1296489000018489,-2.955243245373457,unit_mode_chain_amplitude,stellarator-linear-scan:stella-geometry
0.1,97,-0.12109375,0.09433265714786866,-0.670293691875513,0.1296489000018489,-2.955243245373457,unit_mode_chain_amplitude,stellarator-linear-scan:stella-geometry
0.1,98,-0.1171875,-0.10880205794770006,0.45903209910466425,0.1296489000018489,-2.955243245373457,unit_mode_chain_amplitude,stellarator-linear-scan:stella-geometry
0.1,99,-0.11328125,0.213305234061617,-0.28451831163176794,0.1296489000018489,-2.955243245373457,unit_mode_chain_amplitude,stellarator-linear-scan:stella-geometry
0.1,100,-0.109375,-0.3078531556424835,0.13244571192493232,0.1296489000018489,-2.955243245373457,unit_mode_chain_amplitude,stellarator-linear-scan:stella-geometry
0.1,101,-0.10546875,0.34818328723704745,-0.07416234950792791,0.1296489000018489,-2.955243245373457,unit_mode_chain_amplitude,stellarator-linear-scan:stella-geometry
0.1,102,-0.1015625,-0.2607952804650197,0.24357653355734493,0.1296489000018489,-2.955243245373457,unit_mode_chain_amplitude,stellarator-linear-scan:stella-geometry
0.1,103,-0.09765625,-0.04088848963875403,-0.5332246186801218,0.1296489000018489,-2.955243245373457,unit_mode_chain_amplitude,stellarator-linear-scan:stella-geometry
0.1,104,-0.09375,0.2018678216700386,0.44646889522551525,0.1296489000018489,-2.955243245373457,unit_mode_chain_amplitude,stellarator-linear-scan:stella-geometry
0.1,105,-0.08984375,-0.1617207607988618,-0.19836552281380726,0.1296489000018489,-2.955243245373457,unit_mode_chain_amplitude,stellarator-linear-scan:stella-geometry
0.1,106,-0.0859375,-0.15825259259058108,0.0750673180455918,0.1296489000018489,-2.955243245373457,unit_mode_chain_amplitude,stellarator-linear-scan:stella-geometry
0.1,107,-0.08203125,0.398263859129212,0.04120462775323811,0.1296489000018489,-2.955243245373457,unit_mode_chain_amplitude,stellarator-linear-scan:stella-geometry
0.1,108,-0.078125,-0.43221630688374035,-0.23108326474986066,0.1296489000018489,-2.955243245373457,unit_mode_chain_amplitude,stellarator-linear-scan:stella-geometry
0.1,109,-0.07421875,0.2729249714066531,0.2691872339095648,0.1296489000018489,-2.955243245373457,unit_mode_chain_amplitude,stellarator-linear-scan:stella-geometry
0.1,110,-0.0703125,-0.026964195335174964,-0.0640623824738158,0.1296489000018489,-2.955243245373457,unit_mode_chain_amplitude,stellarator-linear-scan:stella-geometry
0.1,111,-0.06640625,-0.06962415308469372,-0.07902097705460387,0.1296489000018489,-2.955243245373457,unit_mode_chain_amplitude,stellarator-linear-scan:stella-geometry
0.1,112,-0.0625,-0.013527018471397003,0.005981796816149231,0.1296489000018489,-2.955243245373457,unit_mode_chain_amplitude,stellarator-linear-scan:stella-geometry
0.1,113,-0.05859375,0.18962872787115215,0.11691030540335624,0.1296489000018489,-2.955243245373457,unit_mode_chain_amplitude,stellarator-linear-scan:stella-geometry
0.1,114,-0.0546875,-0.45797224015833954,-0.24499760398174245,0.1296489000018489,-2.955243245373457,unit_mode_chain_amplitude,stellarator-linear-scan:stella-geometry
0.1,115,-0.05078125,0.5725017236761175,0.4626998298543575,0.1296489000018489,-2.955243245373457,unit_mode_chain_amplitude,stellarator-linear-scan:stella-geometry
0.1,116,-0.046875,-0.33382393340049704,-0.6520798094256564,0.1296489000018489,-2.955243245373457,unit_mode_chain_amplitude,stellarator-linear-scan:stella-geometry
0.1,117,-0.04296875,-0.02855296255961797,0.4836950000574396,0.1296489000018489,-2.955243245373457,unit_mode_chain_amplitude,stellarator-linear-scan:stella-geometry
0.1,118,-0.0390625,0.12716637638917788,-0.19859729776102436,0.1296489000018489,-2.955243245373457,unit_mode_chain_amplitude,stellarator-linear-scan:stella-geometry
0.1,119,-0.03515625,-0.05138087573661763,0.08002213083394086,0.1296489000018489,-2.955243245373457,unit_mode_chain_amplitude,stellarator-linear-scan:stella-geometry
0.1,120,-0.03125,-0.040725563990126404,-0.12428401895283817,0.1296489000018489,-2.955243245373457,unit_mode_chain_amplitude,stellarator-linear-scan:stella-geometry
0.1,121,-0.02734375,0.10398008628321119,0.2413112872466854,0.1296489000018489,-2.955243245373457,unit_mode_chain_amplitude,stellarator-linear-scan:stella-geometry
0.1,122,-0.0234375,-0.11184590033499314,-0.4230999162954038,0.1296489000018489,-2.955243245373457,unit_mode_chain_amplitude,stellarator-linear-scan:stella-geometry
0.1,123,-0.01953125,-0.06943397289932186,0.4269036438001611,0.1296489000018489,-2.955243245373457,unit_mode_chain_amplitude,stellarator-linear-scan:stella-geometry
0.1,124,-0.015625,0.15101277920472947,-0.3052453265891123,0.1296489000018489,-2.955243245373457,unit_mode_chain_amplitude,stellarator-linear-scan:stella-geometry
0.1,125,-0.01171875,-0.11762922471467319,0.15599609941665565,0.1296489000018489,-2.955243245373457,unit_mode_chain_amplitude,stellarator-linear-scan:stella-geometry
0.1,126,-0.0078125,0.044347309463713576,-0.034059075339460204,0.1296489000018489,-2.955243245373457,unit_mode_chain_amplitude,stellarator-linear-scan:stella-geometry
0.1,127,-0.00390625,0.005729849915193622,-0.004158317428702757,0.1296489000018489,-2.955243245373457,unit_mode_chain_amplitude,stellarator-linear-scan:stella-geometry
0.1,128,0.0,-0.01954152848281261,-0.04966551484151292,0.1296489000018489,-2.955243245373457,unit_mode_chain_amplitude,stellarator-linear-scan:stella-geometry
0.1,129,0.00390625,0.02903319224914583,0.10591315432806285,0.1296489000018489,-2.955243245373457,unit_mode_chain_amplitude,stellarator-linear-scan:stella-geometry
0.1,130,0.0078125,-0.06296832170509913,-0.0684004132030434,0.1296489000018489,-2.955243245373457,unit_mode_chain_amplitude,stellarator-linear-scan:stella-geometry
0.1,131,0.01171875,0.11304662955328164,-0.06489570837244477,0.1296489000018489,-2.955243245373457,unit_mode_chain_amplitude,stellarator-linear-scan:stella-geometry
0.1,132,0.015625,-0.12315126224645517,0.22330577257214737,0.1296489000018489,-2.955243245373457,unit_mode_chain_amplitude,stellarator-linear-scan:stella-geometry
0.1,133,0.01953125,0.028360359506296905,-0.32331554928891865,0.1296489000018489,-2.955243245373457,unit_mode_chain_amplitude,stellarator-linear-scan:stella-geometry
0.1,134,0.0234375,0.13387793080087804,0.23460498697152316,0.1296489000018489,-2.955243245373457,unit_mode_chain_amplitude,stellarator-linear-scan:stella-geometry
0.1,135,0.02734375,-0.07511943133924391,-0.000551782382369041,0.1296489000018489,-2.955243245373457,unit_mode_chain_amplitude,stellarator-linear-scan:stella-geometry
0.1,136,0.03125,-0.01202718936106065,-0.1369355463942323,0.1296489000018489,-2.955243245373457,unit_mode_chain_amplitude,stellarator-linear-scan:stella-geometry
0.1,137,0.03515625,0.07532913476146241,0.17222184248887895,0.1296489000018489,-2.955243245373457,unit_mode_chain_amplitude,stellarator-linear-scan:stella-geometry
0.1,138,0.0390625,-0.039345042935483854,-0.022055471434262994,0.1296489000018489,-2.955243245373457,unit_mode_chain_amplitude,stellarator-linear-scan:stella-geometry
0.1,139,0.04296875,-0.174392464935913,-0.2096405504942561,0.1296489000018489,-2.955243245373457,unit_mode_chain_amplitude,stellarator-linear-scan:stella-geometry
0.1,140,0.046875,0.46648535407143304,0.10750942116391095,0.1296489000018489,-2.955243245373457,unit_mode_chain_amplitude,stellarator-linear-scan:stella-geometry
0.1,141,0.05078125,-0.477367655003774,0.3071757042555591,0.1296489000018489,-2.955243245373457,unit_mode_chain_amplitude,stellarator-linear-scan:stella-geometry
0.1,142,0.0546875,0.22268688185356017,-0.5400429690781203,0.1296489000018489,-2.955243245373457,unit_mode_chain_amplitude,stellarator-linear-scan:stella-geometry
0.1,143,0.05859375,0.10210154387764679,0.614697299810244,0.1296489000018489,-2.955243245373457,unit_mode_chain_amplitude,stellarator-linear-scan:stella-geometry
0.1,144,0.0625,-0.2353708511659508,-0.7315169016032651,0.1296489000018489,-2.955243245373457,unit_mode_chain_amplitude,stellarator-linear-scan:stella-geometry
0.1,145,0.06640625,0.12372286168372149,0.7367790564338845,0.1296489000018489,-2.955243245373457,unit_mode_chain_amplitude,stellarator-linear-scan:stella-geometry
0.1,146,0.0703125,0.17648189771848138,-0.5146426611145402,0.1296489000018489,-2.955243245373457,unit_mode_chain_amplitude,stellarator-linear-scan:stella-geometry
0.1,147,0.07421875,-0.34076828214528276,0.3425248509190716,0.1296489000018489,-2.955243245373457,unit_mode_chain_amplitude,stellarator-linear-scan:stella-geometry
0.1,148,0.078125,0.2289312166334069,-0.4906651430399719,0.1296489000018489,-2.955243245373457,unit_mode_chain_amplitude,stellarator-linear-scan:stella-geometry
0.1,149,0.08203125,-0.002694985159064914,0.7533791533751949,0.1296489000018489,-2.955243245373457,unit_mode_chain_amplitude,stellarator-linear-scan:stella-geometry
0.1,150,0.0859375,-0.2526263223900178,-0.9579105187681173,0.1296489000018489,-2.955243245373457,unit_mode_chain_amplitude,stellarator-linear-scan:stella-geometry
0.1,151,0.08984375,0.5157005737103562,1.2443254796488052,0.1296489000018489,-2.955243245373457,unit_mode_chain_amplitude,stellarator-linear-scan:stella-geometry
0.1,152,0.09375,-0.24847870724652016,-1.4585990557820363,0.1296489000018489,-2.955243245373457,unit_mode_chain_amplitude,stellarator-linear-scan:stella-geometry
0.1,153,0.09765625,-0.2434377290917643,1.2528427081345197,0.1296489000018489,-2.955243245373457,unit_mode_chain_amplitude,stellarator-linear-scan:stella-geometry
0.1,154,0.1015625,0.5328324320049466,-0.6329968036654999,0.1296489000018489,-2.955243245373457,unit_mode_chain_amplitude,stellarator-linear-scan:stella-geometry
0.1,155,0.10546875,-0.3934205418791817,0.4488363420906781,0.1296489000018489,-2.955243245373457,unit_mode_chain_amplitude,stellarator-linear-scan:stella-geometry
0.1,156,0.109375,0.22012774800920656,-0.5707065965364643,0.1296489000018489,-2.955243245373457,unit_mode_chain_amplitude,stellarator-linear-scan:stella-geometry
0.1,157,0.11328125,-0.15460116316075925,0.7826622763494333,0.1296489000018489,-2.955243245373457,unit_mode_chain_amplitude,stellarator-linear-scan:stella-geometry
0.1,158,0.1171875,0.17635401757827093,-1.0276627203865751,0.1296489000018489,-2.955243245373457,unit_mode_chain_amplitude,stellarator-linear-scan:stella-geometry
0.1,159,0.12109375,-0.33754708880714224,1.233170816793454,0.1296489000018489,-2.955243245373457,unit_mode_chain_amplitude,stellarator-linear-scan:stella-geometry
0.1,160,0.125,0.7213030363727978,-0.9869057087113897,0.1296489000018489,-2.955243245373457,unit_mode_chain_amplitude,stellarator-linear-scan:stella-geometry
0.1,161,0.12890625,-0.8709439312921728,0.6196353431652025,0.1296489000018489,-2.955243245373457,unit_mode_chain_amplitude,stellarator-linear-scan:stella-geometry
0.1,162,0.1328125,0.6290315006992813,-0.2000498899635529,0.1296489000018489,-2.955243245373457,unit_mode_chain_amplitude,stellarator-linear-scan:stella-geometry
0.1,163,0.13671875,-0.3800698290339774,0.14251040094535106,0.1296489000018489,-2.955243245373457,unit_mode_chain_amplitude,stellarator-linear-scan:stella-geometry
0.1,164,0.140625,0.33863249032727016,-0.24961405135367604,0.1296489000018489,-2.955243245373457,unit_mode_chain_amplitude,stellarator-linear-scan:stella-geometry
0.1,165,0.14453125,-0.39138651417113574,0.34832009671777897,0.1296489000018489,-2.955243245373457,unit_mode_chain_amplitude,stellarator-linear-scan:stella-geometry
0.1,166,0.1484375,0.48134429588762795,-0.4153798486265455,0.1296489000018489,-2.955243245373457,unit_mode_chain_amplitude,stellarator-linear-scan:stella-geometry
0.1,167,0.15234375,-0.47788862590834685,0.3223989525230545,0.1296489000018489,-2.955243245373457,unit_mode_chain_amplitude,stellarator-linear-scan:stella-geometry
0.1,168,0.15625,0.3492719349041571,-0.15602864661907442,0.1296489000018489,-2.955243245373457,unit_mode_chain_amplitude,stellarator-linear-scan:stella-geometry
0.1,169,0.16015625,-0.2129585998929266,0.048288584919626655,0.1296489000018489,-2.955243245373457,unit_mode_chain_amplitude,stellarator-linear-scan:stella-geometry
0.1,170,0.1640625,0.20945514223622871,-0.056796051478859265,0.1296489000018489,-2.955243245373457,unit_mode_chain_amplitude,stellarator-linear-scan:stella-geometry
0.1,171,0.16796875,-0.33449931803146465,0.16901683831523523,0.1296489000018489,-2.955243245373457,unit_mode_chain_amplitude,stellarator-linear-scan:stella-geometry
0.1,172,0.171875,0.40216784399786326,-0.2870800186382632,0.1296489000018489,-2.955243245373457,unit_mode_chain_amplitude,stellarator-linear-scan:stella-geometry
0.1,173,0.17578125,-0.37947530509004873,0.3103215770810025,0.1296489000018489,-2.955243245373457,unit_mode_chain_amplitude,stellarator-linear-scan:stella-geometry
0.1,174,0.1796875,0.31297888973230675,-0.20567367070463113,0.1296489000018489,-2.955243245373457,unit_mode_chain_amplitude,stellarator-linear-scan:stella-geometry
0.1,175,0.18359375,-0.2913646913970832,0.00758796110447727,0.1296489000018489,-2.955243245373457,unit_mode_chain_amplitude,stellarator-linear-scan:stella-geometry
0.1,176,0.1875,0.4774254573388722,0.02579899471365473,0.1296489000018489,-2.955243245373457,unit_mode_chain_amplitude,stellarator-linear-scan:stella-geometry
0.1,177,0.19140625,-0.7515475513049467,0.24363041603471217,0.1296489000018489,-2.955243245373457,unit_mode_chain_amplitude,stellarator-linear-scan:stella-geometry
0.1,178,0.1953125,0.9386511307391896,-0.7152845439830285,0.1296489000018489,-2.955243245373457,unit_mode_chain_amplitude,stellarator-linear-scan:stella-geometry
0.1,179,0.19921875,-0.7491926796661127,0.946235342899548,0.1296489000018489,-2.955243245373457,unit_mode_chain_amplitude,stellarator-linear-scan:stella-geometry
0.1,180,0.203125,0.6024465920860842,-1.0454120518252703,0.1296489000018489,-2.955243245373457,unit_mode_chain_amplitude,stellarator-linear-scan:stella-geometry
0.1,181,0.20703125,-0.5967450121618547,0.9913058138975062,0.1296489000018489,-2.955243245373457,unit_mode_chain_amplitude,stellarator-linear-scan:stella-geometry
0.1,182,0.2109375,0.6975857624204518,-0.6862757582983202,0.1296489000018489,-2.955243245373457,unit_mode_chain_amplitude,stellarator-linear-scan:stella-geometry
0.1,183,0.21484375,-0.7400847867792034,0.39930544290647113,0.1296489000018489,-2.955243245373457,unit_mode_chain_amplitude,stellarator-linear-scan:stella-geometry
0.1,184,0.21875,0.707303984433468,-0.5759372284474734,0.1296489000018489,-2.955243245373457,unit_mode_chain_amplitude,stellarator-linear-scan:stella-geometry
0.1,185,0.22265625,-0.6192301059774605,1.0223969546545104,0.1296489000018489,-2.955243245373457,unit_mode_chain_amplitude,stellarator-linear-scan:stella-geometry
0.1,186,0.2265625,0.5164956572275323,-1.3688730688257105,0.1296489000018489,-2.955243245373457,unit_mode_chain_amplitude,stellarator-linear-scan:stella-geometry
0.1,187,0.23046875,-0.4751104408369265,1.7237956735782067,0.1296489000018489,-2.955243245373457,unit_mode_chain_amplitude,stellarator-linear-scan:stella-geometry
0.1,188,0.234375,0.6462498476310516,-1.94192849992117,0.1296489000018489,-2.955243245373457,unit_mode_chain_amplitude,stellarator-linear-scan:stella-geometry
0.1,189,0.23828125,-1.0975770286636695,1.5822838441181588,0.1296489000018489,-2.955243245373457,unit_mode_chain_amplitude,stellarator-linear-scan:stella-geometry
0.1,190,0.2421875,1.2361260830440617,-0.7629157565945522,0.1296489000018489,-2.955243245373457,unit_mode_chain_amplitude,stellarator-linear-scan:stella-geometry
0.1,191,0.24609375,-0.9442819379288838,0.3791339870936734,0.1296489000018489,-2.955243245373457,unit_mode_chain_amplitude,stellarator-linear-scan:stella-geometry
0.1,192,0.25,0.6528264808538481,-0.594519390609537,0.1296489000018489,-2.955243245373457,unit_mode_chain_amplitude,stellarator-linear-scan:stella-geometry
0.1,193,0.25390625,-0.6529659929612791,0.9562901418014125,0.1296489000018489,-2.955243245373457,unit_mode_chain_amplitude,stellarator-linear-scan:stella-geometry
0.1,194,0.2578125,0.7864962689207673,-1.2204017839975012,0.1296489000018489,-2.955243245373457,unit_mode_chain_amplitude,stellarator-linear-scan:stella-geometry
0.1,195,0.26171875,-1.1721882293389465,1.6349509925509986,0.1296489000018489,-2.955243245373457,unit_mode_chain_amplitude,stellarator-linear-scan:stella-geometry
0.1,196,0.265625,1.7907872497960915,-1.640303838555709,0.1296489000018489,-2.955243245373457,unit_mode_chain_amplitude,stellarator-linear-scan:stella-geometry
0.1,197,0.26953125,-2.237042824375481,0.7728575256216246,0.1296489000018489,-2.955243245373457,unit_mode_chain_amplitude,stellarator-linear-scan:stella-geometry
0.1,198,0.2734375,1.5359838543947035,0.28528832820450645,0.1296489000018489,-2.955243245373457,unit_mode_chain_amplitude,stellarator-linear-scan:stella-geometry
0.1,199,0.27734375,-0.8346767157701943,-0.29261049970221037,0.1296489000018489,-2.955243245373457,unit_mode_chain_amplitude,stellarator-linear-scan:stella-geometry
0.1,200,0.28125,0.7124881693588663,-0.02637048485823193,0.1296489000018489,-2.955243245373457,unit_mode_chain_amplitude,stellarator-linear-scan:stella-geometry
0.1,201,0.28515625,-0.9135595887649102,0.2067568903208291,0.1296489000018489,-2.955243245373457,unit_mode_chain_amplitude,stellarator-linear-scan:stella-geometry
0.1,202,0.2890625,1.2023676177704132,-0.24343972597194158,0.1296489000018489,-2.955243245373457,unit_mode_chain_amplitude,stellarator-linear-scan:stella-geometry
0.1,203,0.29296875,-1.4987943108215553,0.13376876738874163,0.1296489000018489,-2.955243245373457,unit_mode_chain_amplitude,stellarator-linear-scan:stella-geometry
0.1,204,0.296875,1.166434372115856,0.23851062921769473,0.1296489000018489,-2.955243245373457,unit_mode_chain_amplitude,stellarator-linear-scan:stella-geometry
0.1,205,0.30078125,-0.838885049345316,-0.3738315811098671,0.1296489000018489,-2.955243245373457,unit_mode_chain_amplitude,stellarator-linear-scan:stella-geometry
0.1,206,0.3046875,0.6081647864959586,0.3163359712374302,0.1296489000018489,-2.955243245373457,unit_mode_chain_amplitude,stellarator-linear-scan:stella-geometry
0.1,207,0.30859375,-0.5818643628976409,-0.16636119661578141,0.1296489000018489,-2.955243245373457,unit_mode_chain_amplitude,stellarator-linear-scan:stella-geometry
0.1,208,0.3125,0.6819021303421491,0.05540014893025235,0.1296489000018489,-2.955243245373457,unit_mode_chain_amplitude,stellarator-linear-scan:stella-geometry
0.1,209,0.31640625,-0.7745345316830733,-0.06113528888989574,0.1296489000018489,-2.955243245373457,unit_mode_chain_amplitude,stellarator-linear-scan:stella-geometry
0.1,210,0.3203125,0.758647014370145,0.10074337204154434,0.1296489000018489,-2.955243245373457,unit_mode_chain_amplitude,stellarator-linear-scan:stella-geometry
0.1,211,0.32421875,-0.702749743689149,-0.14742342203214856,0.1296489000018489,-2.955243245373457,unit_mode_chain_amplitude,stellarator-linear-scan:stella-geometry
0.1,212,0.328125,0.7634148487157417,0.1611023311464189,0.1296489000018489,-2.955243245373457,unit_mode_chain_amplitude,stellarator-linear-scan:stella-geometry
0.1,213,0.33203125,-1.021164310709065,-0.0857487056031649,0.1296489000018489,-2.955243245373457,unit_mode_chain_amplitude,stellarator-linear-scan:stella-geometry
0.1,214,0.3359375,1.4232094672485762,-0.19670846968510836,0.1296489000018489,-2.955243245373457,unit_mode_chain_amplitude,stellarator-linear-scan:stella-geometry
0.1,215,0.33984375,-1.7534866745834565,0.4844154414138868,0.1296489000018489,-2.955243245373457,unit_mode_chain_amplitude,stellarator-linear-scan:stella-geometry
0.1,216,0.34375,1.6969116917453757,-0.42076460234820445,0.1296489000018489,-2.955243245373457,unit_mode_chain_amplitude,stellarator-linear-scan:stella-geometry
0.1,217,0.34765625,-1.5336552010540663,0.21397348095073526,0.1296489000018489,-2.955243245373457,unit_mode_chain_amplitude,stellarator-linear-scan:stella-geometry
0.1,218,0.3515625,1.2993351908350343,0.08543429259090593,0.1296489000018489,-2.955243245373457,unit_mode_chain_amplitude,stellarator-linear-scan:stella-geometry
0.1,219,0.35546875,-1.1227065872711848,-0.21607152939920338,0.1296489000018489,-2.955243245373457,unit_mode_chain_amplitude,stellarator-linear-scan:stella-geometry
0.1,220,0.359375,1.1018036514173009,-0.14332000661030833,0.1296489000018489,-2.955243245373457,unit_mode_chain_amplitude,stellarator-linear-scan:stella-geometry
0.1,221,0.36328125,-1.324349874872055,0.7669427353138156,0.1296489000018489,-2.955243245373457,unit_mode_chain_amplitude,stellarator-linear-scan:stella-geometry
0.1,222,0.3671875,1.4934856330179045,-1.1594202196933672,0.1296489000018489,-2.955243245373457,unit_mode_chain_amplitude,stellarator-linear-scan:stella-geometry
0.1,223,0.37109375,-1.71917801720394,1.0814680158694612,0.1296489000018489,-2.955243245373457,unit_mode_chain_amplitude,stellarator-linear-scan:stella-geometry
0.1,224,0.375,2.020560232129117,-0.8345261498784097,0.1296489000018489,-2.955243245373457,unit_mode_chain_amplitude,stellarator-linear-scan:stella-geometry
0.1,225,0.37890625,-2.1046293118629467,0.2040638014271855,0.1296489000018489,-2.955243245373457,unit_mode_chain_amplitude,stellarator-linear-scan:stella-geometry
0.1,226,0.3828125,1.6306048672415476,0.5266296684142413,0.1296489000018489,-2.955243245373457,unit_mode_chain_amplitude,stellarator-linear-scan:stella-geometry
0.1,227,0.38671875,-0.9751015699845103,-0.5513403477640995,0.1296489000018489,-2.955243245373457,unit_mode_chain_amplitude,stellarator-linear-scan:stella-geometry
0.1,228,0.390625,0.6003607403637736,-0.11674031529641717,0.1296489000018489,-2.955243245373457,unit_mode_chain_amplitude,stellarator-linear-scan:stella-geometry
0.1,229,0.39453125,-0.7071454136584777,0.43092510646768795,0.1296489000018489,-2.955243245373457,unit_mode_chain_amplitude,stellarator-linear-scan:stella-geometry
0.1,230,0.3984375,0.9823281682199739,-0.43120601232187133,0.1296489000018489,-2.955243245373457,unit_mode_chain_amplitude,stellarator-linear-scan:stella-geometry
0.1,231,0.40234375,-1.5837441684776388,0.2291553643715578,0.1296489000018489,-2.955243245373457,unit_mode_chain_amplitude,stellarator-linear-scan:stella-geometry
0.1,232,0.40625,2.579339502063722,0.28752630544631314,0.1296489000018489,-2.955243245373457,unit_mode_chain_amplitude,stellarator-linear-scan:stella-geometry
0.1,233,0.41015625,-2.345214318678077,-1.618002279081935,0.1296489000018489,-2.955243245373457,unit_mode_chain_amplitude,stellarator-linear-scan:stella-geometry
0.1,234,0.4140625,0.8592709475270991,2.1816677147894343,0.1296489000018489,-2.955243245373457,unit_mode_chain_amplitude,stellarator-linear-scan:stella-geometry
0.1,235,0.41796875,0.2705460818065419,-1.174448739233049,0.1296489000018489,-2.955243245373457,unit_mode_chain_amplitude,stellarator-linear-scan:stella-geometry
0.1,236,0.421875,-0.20293980532852443,0.43557962089031266,0.1296489000018489,-2.955243245373457,unit_mode_chain_amplitude,stellarator-linear-scan:stella-geometry
0.1,237,0.42578125,-0.1406512877492351,-0.4230232112314708,0.1296489000018489,-2.955243245373457,unit_mode_chain_amplitude,stellarator-linear-scan:stella-geometry
0.1,238,0.4296875,0.4212968999842134,0.7141879788650856,0.1296489000018489,-2.955243245373457,unit_mode_chain_amplitude,stellarator-linear-scan:stella-geometry
0.1,239,0.43359375,-0.6577101334064008,-1.260847050524829,0.1296489000018489,-2.955243245373457,unit_mode_chain_amplitude,stellarator-linear-scan:stella-geometry
0.1,240,0.4375,0.5176712525516888,1.6824301225124003,0.1296489000018489,-2.955243245373457,unit_mode_chain_amplitude,stellarator-linear-scan:stella-geometry
0.1,241,0.44140625,0.23910073193393164,-1.7160690986822507,0.1296489000018489,-2.955243245373457,unit_mode_chain_amplitude,stellarator-linear-scan:stella-geometry
0.1,242,0.4453125,-0.9227244186854531,1.3385400658754603,0.1296489000018489,-2.955243245373457,unit_mode_chain_amplitude,stellarator-linear-scan:stella-geometry
0.1,243,0.44921875,0.8689122249176624,-0.41866047424754793,0.1296489000018489,-2.955243245373457,unit_mode_chain_amplitude,stellarator-linear-scan:stella-geometry
0.1,244,0.453125,-0.3874325578785578,0.11280631352617077,0.1296489000018489,-2.955243245373457,unit_mode_chain_amplitude,stellarator-linear-scan:stella-geometry
0.1,245,0.45703125,0.24001800455421246,-0.3034405745821918,0.1296489000018489,-2.955243245373457,unit_mode_chain_amplitude,stellarator-linear-scan:stella-geometry
0.1,246,0.4609375,-0.23132830749513528,0.4860514376363081,0.1296489000018489,-2.955243245373457,unit_mode_chain_amplitude,stellarator-linear-scan:stella-geometry
0.1,247,0.46484375,0.3710474533957389,-0.6987040979223542,0.1296489000018489,-2.955243245373457,unit_mode_chain_amplitude,stellarator-linear-scan:stella-geometry
0.1,248,0.46875,-0.543557112856563,0.5786369832679664,0.1296489000018489,-2.955243245373457,unit_mode_chain_amplitude,stellarator-linear-scan:stella-geometry
0.1,249,0.47265625,0.46694351524948985,-0.28379312637807624,0.1296489000018489,-2.955243245373457,unit_mode_chain_amplitude,stellarator-linear-scan:stella-geometry
0.1,250,0.4765625,-0.07654332828225786,0.052259841662754804,0.1296489000018489,-2.955243245373457,unit_mode_chain_amplitude,stellarator-linear-scan:stella-geometry
0.1,251,0.48046875,-0.17838140137925929,-0.07589198437642332,0.1296489000018489,-2.955243245373457,unit_mode_chain_amplitude,stellarator-linear-scan:stella-geometry
0.1,252,0.484375,0.015935196440445047,0.21945390876218135,0.1296489000018489,-2.955243245373457,unit_mode_chain_amplitude,stellarator-linear-scan:stella-geometry
0.1,253,0.48828125,0.39114810205421596,-0.30378622336836997,0.1296489000018489,-2.955243245373457,unit_mode_chain_amplitude,stellarator-linear-scan:stella-geometry
0.1,254,0.4921875,-0.6053358870046566,0.24652942995171795,0.1296489000018489,-2.955243245373457,unit_mode_chain_amplitude,stellarator-linear-scan:stella-geometry
0.1,255,0.49609375,0.5481218891429852,-0.11762538375453663,0.1296489000018489,-2.955243245373457,unit_mode_chain_amplitude,stellarator-linear-scan:stella-geometry
0.2,0,-0.5,0.3298309363677685,0.17598069841584124,0.20746728615465676,-3.1045616489648546,unit_mode_chain_amplitude,stellarator-linear-scan:stella-geometry
0.2,1,-0.49609375,-0.358053137299781,-0.1461207022356127,0.20746728615465676,-3.1045616489648546,unit_mode_chain_amplitude,stellarator-linear-scan:stella-geometry
0.2,2,-0.4921875,0.43783217814489384,0.07608009162819176,0.20746728615465676,-3.1045616489648546,unit_mode_chain_amplitude,stellarator-linear-scan:stella-geometry
0.2,3,-0.48828125,-0.5187824052277573,-0.022272889238859565,0.20746728615465676,-3.1045616489648546,unit_mode_chain_amplitude,stellarator-linear-scan:stella-geometry
0.2,4,-0.484375,0.6139440568405343,0.04439995657373458,0.20746728615465676,-3.1045616489648546,unit_mode_chain_amplitude,stellarator-linear-scan:stella-geometry
0.2,5,-0.48046875,-0.4659825700613164,-0.17251673352230365,0.20746728615465676,-3.1045616489648546,unit_mode_chain_amplitude,stellarator-linear-scan:stella-geometry
0.2,6,-0.4765625,0.45405249429397565,0.3098205608696809,0.20746728615465676,-3.1045616489648546,unit_mode_chain_amplitude,stellarator-linear-scan:stella-geometry
0.2,7,-0.47265625,-0.6866666842361303,-0.3023150234070774,0.20746728615465676,-3.1045616489648546,unit_mode_chain_amplitude,stellarator-linear-scan:stella-geometry
0.2,8,-0.46875,0.8533658441824196,0.0924668289908787,0.20746728615465676,-3.1045616489648546,unit_mode_chain_amplitude,stellarator-linear-scan:stella-geometry
0.2,9,-0.46484375,-0.7753468802460854,0.06824812208353932,0.20746728615465676,-3.1045616489648546,unit_mode_chain_amplitude,stellarator-linear-scan:stella-geometry
0.2,10,-0.4609375,0.6145219008342503,-0.029155583239621825,0.20746728615465676,-3.1045616489648546,unit_mode_chain_amplitude,stellarator-linear-scan:stella-geometry
0.2,11,-0.45703125,-0.5446430707429031,-0.04383412190142283,0.20746728615465676,-3.1045616489648546,unit_mode_chain_amplitude,stellarator-linear-scan:stella-geometry
0.2,12,-0.453125,0.5391009687531939,0.21232328537048129,0.20746728615465676,-3.1045616489648546,unit_mode_chain_amplitude,stellarator-linear-scan:stella-geometry
0.2,13,-0.44921875,-0.8652496472222835,-0.4509127725867306,0.20746728615465676,-3.1045616489648546,unit_mode_chain_amplitude,stellarator-linear-scan:stella-geometry
0.2,14,-0.4453125,1.4730945913303028,0.1172122891159107,0.20746728615465676,-3.1045616489648546,unit_mode_chain_amplitude,stellarator-linear-scan:stella-geometry
0.2,15,-0.44140625,-1.3718684264895487,0.47803505298522825,0.20746728615465676,-3.1045616489648546,unit_mode_chain_amplitude,stellarator-linear-scan:stella-geometry
0.2,16,-0.4375,1.1311282192070633,-0.8711735382017415,0.20746728615465676,-3.1045616489648546,unit_mode_chain_amplitude,stellarator-linear-scan:stella-geometry
0.2,17,-0.43359375,-1.0400148597090924,0.8959128659175749,0.20746728615465676,-3.1045616489648546,unit_mode_chain_amplitude,stellarator-linear-scan:stella-geometry
0.2,18,-0.4296875,0.9400489465258917,-0.6477573712158509,0.20746728615465676,-3.1045616489648546,unit_mode_chain_amplitude,stellarator-linear-scan:stella-geometry
0.2,19,-0.42578125,-1.0137267855964167,0.3799382197850512,0.20746728615465676,-3.1045616489648546,unit_mode_chain_amplitude,stellarator-linear-scan:stella-geometry
0.2,20,-0.421875,1.279419900565962,-0.11384585385470193,0.20746728615465676,-3.1045616489648546,unit_mode_chain_amplitude,stellarator-linear-scan:stella-geometry
0.2,21,-0.41796875,-1.8086348345771615,0.3704701139233028,0.20746728615465676,-3.1045616489648546,unit_mode_chain_amplitude,stellarator-linear-scan:stella-geometry
0.2,22,-0.4140625,2.250201196826844,-2.204174996162753,0.20746728615465676,-3.1045616489648546,unit_mode_chain_amplitude,stellarator-linear-scan:stella-geometry
0.2,23,-0.41015625,-0.8998812847409635,3.835566365428575,0.20746728615465676,-3.1045616489648546,unit_mode_chain_amplitude,stellarator-linear-scan:stella-geometry
0.2,24,-0.40625,-0.5880073458906145,-2.6936661762109404,0.20746728615465676,-3.1045616489648546,unit_mode_chain_amplitude,stellarator-linear-scan:stella-geometry
0.2,25,-0.40234375,0.2899661998286443,1.106323312617121,0.20746728615465676,-3.1045616489648546,unit_mode_chain_amplitude,stellarator-linear-scan:stella-geometry
0.2,26,-0.3984375,0.02767481952631357,-0.747108024741803,0.20746728615465676,-3.1045616489648546,unit_mode_chain_amplitude,stellarator-linear-scan:stella-geometry
0.2,27,-0.39453125,-0.3201541690772307,0.566554655939775,0.20746728615465676,-3.1045616489648546,unit_mode_chain_amplitude,stellarator-linear-scan:stella-geometry
0.2,28,-0.390625,0.6231337825361329,-0.5435317707570259,0.20746728615465676,-3.1045616489648546,unit_mode_chain_amplitude,stellarator-linear-scan:stella-geometry
0.2,29,-0.38671875,-0.5365655727718546,1.073103595024032,0.20746728615465676,-3.1045616489648546,unit_mode_chain_amplitude,stellarator-linear-scan:stella-geometry
0.2,30,-0.3828125,-0.0689169806077149,-1.815849707925041,0.20746728615465676,-3.1045616489648546,unit_mode_chain_amplitude,stellarator-linear-scan:stella-geometry
0.2,31,-0.37890625,0.874783984917877,2.084121844939886,0.20746728615465676,-3.1045616489648546,unit_mode_chain_amplitude,stellarator-linear-scan:stella-geometry
0.2,32,-0.375,-1.0204800495489537,-1.517996803550667,0.20746728615465676,-3.1045616489648546,unit_mode_chain_amplitude,stellarator-linear-scan:stella-geometry
0.2,33,-0.37109375,0.4319425579094897,0.891261275200993,0.20746728615465676,-3.1045616489648546,unit_mode_chain_amplitude,stellarator-linear-scan:stella-geometry
0.2,34,-0.3671875,0.14631080284335193,-0.24266880191466794,0.20746728615465676,-3.1045616489648546,unit_mode_chain_amplitude,stellarator-linear-scan:stella-geometry
0.2,35,-0.36328125,-0.22517828454858294,-0.12617327550087193,0.20746728615465676,-3.1045616489648546,unit_mode_chain_amplitude,stellarator-linear-scan:stella-geometry
0.2,36,-0.359375,0.09141111958819326,0.024970018916646703,0.20746728615465676,-3.1045616489648546,unit_mode_chain_amplitude,stellarator-linear-scan:stella-geometry
0.2,37,-0.35546875,0.1395491496082363,0.30386564922626275,0.20746728615465676,-3.1045616489648546,unit_mode_chain_amplitude,stellarator-linear-scan:stella-geometry
0.2,38,-0.3515625,-0.3330058107109075,-0.48471047486646646,0.20746728615465676,-3.1045616489648546,unit_mode_chain_amplitude,stellarator-linear-scan:stella-geometry
0.2,39,-0.34765625,0.41757661451039585,0.40833776880410644,0.20746728615465676,-3.1045616489648546,unit_mode_chain_amplitude,stellarator-linear-scan:stella-geometry
0.2,40,-0.34375,-0.36759175342325245,-0.12333400801859018,0.20746728615465676,-3.1045616489648546,unit_mode_chain_amplitude,stellarator-linear-scan:stella-geometry
0.2,41,-0.33984375,0.18535286004406987,-0.3337205695436179,0.20746728615465676,-3.1045616489648546,unit_mode_chain_amplitude,stellarator-linear-scan:stella-geometry
0.2,42,-0.3359375,-0.28634777303083125,0.4988818060596347,0.20746728615465676,-3.1045616489648546,unit_mode_chain_amplitude,stellarator-linear-scan:stella-geometry
0.2,43,-0.33203125,0.4450062398192734,-0.2621952796758113,0.20746728615465676,-3.1045616489648546,unit_mode_chain_amplitude,stellarator-linear-scan:stella-geometry
0.2,44,-0.328125,-0.3905180099284392,0.04347085299226904,0.20746728615465676,-3.1045616489648546,unit_mode_chain_amplitude,stellarator-linear-scan:stella-geometry
0.2,45,-0.32421875,0.30100969414796463,0.05439018092035713,0.20746728615465676,-3.1045616489648546,unit_mode_chain_amplitude,stellarator-linear-scan:stella-geometry
0.2,46,-0.3203125,-0.23785309010083938,-0.08006155525602236,0.20746728615465676,-3.1045616489648546,unit_mode_chain_amplitude,stellarator-linear-scan:stella-geometry
0.2,47,-0.31640625,0.1690045989514657,0.061446634912860634,0.20746728615465676,-3.1045616489648546,unit_mode_chain_amplitude,stellarator-linear-scan:stella-geometry
0.2,48,-0.3125,-0.1026141007560103,-0.029550959362390085,0.20746728615465676,-3.1045616489648546,unit_mode_chain_amplitude,stellarator-linear-scan:stella-geometry
0.2,49,-0.30859375,0.08033675066370854,0.07132598775911449,0.20746728615465676,-3.1045616489648546,unit_mode_chain_amplitude,stellarator-linear-scan:stella-geometry
0.2,50,-0.3046875,-0.10721419755219727,-0.1843177510617488,0.20746728615465676,-3.1045616489648546,unit_mode_chain_amplitude,stellarator-linear-scan:stella-geometry
0.2,51,-0.30078125,0.18706949518548394,0.3010242932404005,0.20746728615465676,-3.1045616489648546,unit_mode_chain_amplitude,stellarator-linear-scan:stella-geometry
0.2,52,-0.296875,-0.295634877988609,-0.3609404737211578,0.20746728615465676,-3.1045616489648546,unit_mode_chain_amplitude,stellarator-linear-scan:stella-geometry
0.2,53,-0.29296875,0.4639485879436149,0.3489704852838521,0.20746728615465676,-3.1045616489648546,unit_mode_chain_amplitude,stellarator-linear-scan:stella-geometry
0.2,54,-0.2890625,-0.3048639068884036,-0.24999574336003302,0.20746728615465676,-3.1045616489648546,unit_mode_chain_amplitude,stellarator-linear-scan:stella-geometry
0.2,55,-0.28515625,0.12647879948854232,0.21176137780393978,0.20746728615465676,-3.1045616489648546,unit_mode_chain_amplitude,stellarator-linear-scan:stella-geometry
0.2,56,-0.28125,0.02102165530245279,-0.2541658081906141,0.20746728615465676,-3.1045616489648546,unit_mode_chain_amplitude,stellarator-linear-scan:stella-geometry
0.2,57,-0.27734375,-0.03630135362654854,0.4684358546074322,0.20746728615465676,-3.1045616489648546,unit_mode_chain_amplitude,stellarator-linear-scan:stella-geometry
0.2,58,-0.2734375,-0.3416923796953713,-0.8482576872730214,0.20746728615465676,-3.1045616489648546,unit_mode_chain_amplitude,stellarator-linear-scan:stella-geometry
0.2,59,-0.26953125,1.2223864624661718,0.7573065136217358,0.20746728615465676,-3.1045616489648546,unit_mode_chain_amplitude,stellarator-linear-scan:stella-geometry
0.2,60,-0.265625,-1.2639422767814907,-0.0161012017544459,0.20746728615465676,-3.1045616489648546,unit_mode_chain_amplitude,stellarator-linear-scan:stella-geometry
0.2,61,-0.26171875,0.7850484767358586,-0.28159541305710845,0.20746728615465676,-3.1045616489648546,unit_mode_chain_amplitude,stellarator-linear-scan:stella-geometry
0.2,62,-0.2578125,-0.3510130555913665,0.21046051253340606,0.20746728615465676,-3.1045616489648546,unit_mode_chain_amplitude,stellarator-linear-scan:stella-geometry
0.2,63,-0.25390625,0.15941835895037598,-0.15028354917452055,0.20746728615465676,-3.1045616489648546,unit_mode_chain_amplitude,stellarator-linear-scan:stella-geometry
0.2,64,-0.25,-0.0690995134861134,0.04072322943644319,0.20746728615465676,-3.1045616489648546,unit_mode_chain_amplitude,stellarator-linear-scan:stella-geometry
0.2,65,-0.24609375,0.2758168253548519,0.13393596694841234,0.20746728615465676,-3.1045616489648546,unit_mode_chain_amplitude,stellarator-linear-scan:stella-geometry
0.2,66,-0.2421875,-0.7373931332777923,-0.1609321327517075,0.20746728615465676,-3.1045616489648546,unit_mode_chain_amplitude,stellarator-linear-scan:stella-geometry
0.2,67,-0.23828125,1.1415072633956551,-0.2556574886006741,0.20746728615465676,-3.1045616489648546,unit_mode_chain_amplitude,stellarator-linear-scan:stella-geometry
0.2,68,-0.234375,-0.9453821020026367,0.8194835708463081,0.20746728615465676,-3.1045616489648546,unit_mode_chain_amplitude,stellarator-linear-scan:stella-geometry
0.2,69,-0.23046875,0.45443126699531505,-0.8783448533392363,0.20746728615465676,-3.1045616489648546,unit_mode_chain_amplitude,stellarator-linear-scan:stella-geometry
0.2,70,-0.2265625,-0.032477342276981076,0.6082928353219779,0.20746728615465676,-3.1045616489648546,unit_mode_chain_amplitude,stellarator-linear-scan:stella-geometry
0.2,71,-0.22265625,-0.07888868776429053,-0.4868854020339101,0.20746728615465676,-3.1045616489648546,unit_mode_chain_amplitude,stellarator-linear-scan:stella-geometry
0.2,72,-0.21875,0.029825029951056986,0.3481559785650196,0.20746728615465676,-3.1045616489648546,unit_mode_chain_amplitude,stellarator-linear-scan:stella-geometry
0.2,73,-0.21484375,0.28362409082785517,-0.2578595331251875,0.20746728615465676,-3.1045616489648546,unit_mode_chain_amplitude,stellarator-linear-scan:stella-geometry
0.2,74,-0.2109375,-0.4836888912005168,0.3210639945305494,0.20746728615465676,-3.1045616489648546,unit_mode_chain_amplitude,stellarator-linear-scan:stella-geometry
0.2,75,-0.20703125,0.44625400298359935,-0.509815847028206,0.20746728615465676,-3.1045616489648546,unit_mode_chain_amplitude,stellarator-linear-scan:stella-geometry
0.2,76,-0.203125,-0.24989569734725317,0.6606858684405992,0.20746728615465676,-3.1045616489648546,unit_mode_chain_amplitude,stellarator-linear-scan:stella-geometry
0.2,77,-0.19921875,0.04076018751901124,-0.7636446607961266,0.20746728615465676,-3.1045616489648546,unit_mode_chain_amplitude,stellarator-linear-scan:stella-geometry
0.2,78,-0.1953125,0.15965703447365007,0.8789457022888272,0.20746728615465676,-3.1045616489648546,unit_mode_chain_amplitude,stellarator-linear-scan:stella-geometry
0.2,79,-0.19140625,0.039524413454855044,-0.8160288914933509,0.20746728615465676,-3.1045616489648546,unit_mode_chain_amplitude,stellarator-linear-scan:stella-geometry
0.2,80,-0.1875,-0.17761528086602676,0.5333119468118007,0.20746728615465676,-3.1045616489648546,unit_mode_chain_amplitude,stellarator-linear-scan:stella-geometry
0.2,81,-0.18359375,0.25079649379692626,-0.31938460706221217,0.20746728615465676,-3.1045616489648546,unit_mode_chain_amplitude,stellarator-linear-scan:stella-geometry
0.2,82,-0.1796875,-0.25731555734856953,0.27677929876574076,0.20746728615465676,-3.1045616489648546,unit_mode_chain_amplitude,stellarator-linear-scan:stella-geometry
0.2,83,-0.17578125,0.20682046297623885,-0.2970768728659629,0.20746728615465676,-3.1045616489648546,unit_mode_chain_amplitude,stellarator-linear-scan:stella-geometry
0.2,84,-0.171875,-0.15131564201295514,0.32939056321027427,0.20746728615465676,-3.1045616489648546,unit_mode_chain_amplitude,stellarator-linear-scan:stella-geometry
0.2,85,-0.16796875,0.10987700355108598,-0.3502031132005263,0.20746728615465676,-3.1045616489648546,unit_mode_chain_amplitude,stellarator-linear-scan:stella-geometry
0.2,86,-0.1640625,-0.12266485927283802,0.27751681082543495,0.20746728615465676,-3.1045616489648546,unit_mode_chain_amplitude,stellarator-linear-scan:stella-geometry
0.2,87,-0.16015625,0.18042649182839843,-0.19871955466184021,0.20746728615465676,-3.1045616489648546,unit_mode_chain_amplitude,stellarator-linear-scan:stella-geometry
0.2,88,-0.15625,-0.23370634297447826,0.17020559740367996,0.20746728615465676,-3.1045616489648546,unit_mode_chain_amplitude,stellarator-linear-scan:stella-geometry
0.2,89,-0.15234375,0.24553108691374498,-0.20159690271063158,0.20746728615465676,-3.1045616489648546,unit_mode_chain_amplitude,stellarator-linear-scan:stella-geometry
0.2,90,-0.1484375,-0.20580942245596806,0.24419494923766327,0.20746728615465676,-3.1045616489648546,unit_mode_chain_amplitude,stellarator-linear-scan:stella-geometry
0.2,91,-0.14453125,0.1339226142418182,-0.23364442918059228,0.20746728615465676,-3.1045616489648546,unit_mode_chain_amplitude,stellarator-linear-scan:stella-geometry
0.2,92,-0.140625,-0.09238284628754616,0.19341543808231007,0.20746728615465676,-3.1045616489648546,unit_mode_chain_amplitude,stellarator-linear-scan:stella-geometry
0.2,93,-0.13671875,0.10589888714046855,-0.12953195474471782,0.20746728615465676,-3.1045616489648546,unit_mode_chain_amplitude,stellarator-linear-scan:stella-geometry
0.2,94,-0.1328125,-0.2399539315611081,0.05780555135056432,0.20746728615465676,-3.1045616489648546,unit_mode_chain_amplitude,stellarator-linear-scan:stella-geometry
0.2,95,-0.12890625,0.43181024356122083,-0.12542583555031742,0.20746728615465676,-3.1045616489648546,unit_mode_chain_amplitude,stellarator-linear-scan:stella-geometry
0.2,96,-0.125,-0.4161554371777768,0.2969650635051115,0.20746728615465676,-3.1045616489648546,unit_mode_chain_amplitude,stellarator-linear-scan:stella-geometry
0.2,97,-0.12109375,0.2769057501877655,-0.4702707033578564,0.20746728615465676,-3.1045616489648546,unit_mode_chain_amplitude,stellarator-linear-scan:stella-geometry
0.2,98,-0.1171875,-0.12079786240866935,0.4427911941385961,0.20746728615465676,-3.1045616489648546,unit_mode_chain_amplitude,stellarator-linear-scan:stella-geometry
0.2,99,-0.11328125,0.01634930040032992,-0.37474101696048584,0.20746728615465676,-3.1045616489648546,unit_mode_chain_amplitude,stellarator-linear-scan:stella-geometry
0.2,100,-0.109375,-0.0006783311854054639,0.32064644033329026,0.20746728615465676,-3.1045616489648546,unit_mode_chain_amplitude,stellarator-linear-scan:stella-geometry
0.2,101,-0.10546875,0.11136588091341944,-0.25571890196557595,0.20746728615465676,-3.1045616489648546,unit_mode_chain_amplitude,stellarator-linear-scan:stella-geometry
0.2,102,-0.1015625,-0.30109443622304166,0.2275428208619794,0.20746728615465676,-3.1045616489648546,unit_mode_chain_amplitude,stellarator-linear-scan:stella-geometry
0.2,103,-0.09765625,0.4356555516451096,-0.47025396222940313,0.20746728615465676,-3.1045616489648546,unit_mode_chain_amplitude,stellarator-linear-scan:stella-geometry
0.2,104,-0.09375,-0.2435682449126642,0.8268008360833624,0.20746728615465676,-3.1045616489648546,unit_mode_chain_amplitude,stellarator-linear-scan:stella-geometry
0.2,105,-0.08984375,-0.0969239831165621,-0.9590915289518667,0.20746728615465676,-3.1045616489648546,unit_mode_chain_amplitude,stellarator-linear-scan:stella-geometry
0.2,106,-0.0859375,0.24072737369336306,0.757555950359636,0.20746728615465676,-3.1045616489648546,unit_mode_chain_amplitude,stellarator-linear-scan:stella-geometry
0.2,107,-0.08203125,-0.27421052661255024,-0.6363708479030079,0.20746728615465676,-3.1045616489648546,unit_mode_chain_amplitude,stellarator-linear-scan:stella-geometry
0.2,108,-0.078125,0.14238028631889152,0.5588565266720067,0.20746728615465676,-3.1045616489648546,unit_mode_chain_amplitude,stellarator-linear-scan:stella-geometry
0.2,109,-0.07421875,0.07358899419628573,-0.47660856405606794,0.20746728615465676,-3.1045616489648546,unit_mode_chain_amplitude,stellarator-linear-scan:stella-geometry
0.2,110,-0.0703125,-0.22259297368699385,0.4553706154136378,0.20746728615465676,-3.1045616489648546,unit_mode_chain_amplitude,stellarator-linear-scan:stella-geometry
0.2,111,-0.06640625,0.1410812474022717,-0.5428118845729254,0.20746728615465676,-3.1045616489648546,unit_mode_chain_amplitude,stellarator-linear-scan:stella-geometry
0.2,112,-0.0625,0.05428157870451733,0.6730563766064892,0.20746728615465676,-3.1045616489648546,unit_mode_chain_amplitude,stellarator-linear-scan:stella-geometry
0.2,113,-0.05859375,-0.20857276599093655,-0.7344126884925313,0.20746728615465676,-3.1045616489648546,unit_mode_chain_amplitude,stellarator-linear-scan:stella-geometry
0.2,114,-0.0546875,0.31402203281556124,0.8582593471040302,0.20746728615465676,-3.1045616489648546,unit_mode_chain_amplitude,stellarator-linear-scan:stella-geometry
0.2,115,-0.05078125,-0.2664759357510539,-0.9499571103635762,0.20746728615465676,-3.1045616489648546,unit_mode_chain_amplitude,stellarator-linear-scan:stella-geometry
0.2,116,-0.046875,-0.031834836513109546,0.7700841161825827,0.20746728615465676,-3.1045616489648546,unit_mode_chain_amplitude,stellarator-linear-scan:stella-geometry
0.2,117,-0.04296875,0.23665891352171894,-0.4591099255606267,0.20746728615465676,-3.1045616489648546,unit_mode_chain_amplitude,stellarator-linear-scan:stella-geometry
0.2,118,-0.0390625,-0.23067843903148505,0.35908321894883055,0.20746728615465676,-3.1045616489648546,unit_mode_chain_amplitude,stellarator-linear-scan:stella-geometry
0.2,119,-0.03515625,0.12442732016541354,-0.3755390324150572,0.20746728615465676,-3.1045616489648546,unit_mode_chain_amplitude,stellarator-linear-scan:stella-geometry
0.2,120,-0.03125,-0.04407732695372926,0.42990407823897214,0.20746728615465676,-3.1045616489648546,unit_mode_chain_amplitude,stellarator-linear-scan:stella-geometry
0.2,121,-0.02734375,0.015794099169392357,-0.4872369304429153,0.20746728615465676,-3.1045616489648546,unit_mode_chain_amplitude,stellarator-linear-scan:stella-geometry
0.2,122,-0.0234375,-0.03680042767440599,0.5189434407843302,0.20746728615465676,-3.1045616489648546,unit_mode_chain_amplitude,stellarator-linear-scan:stella-geometry
0.2,123,-0.01953125,0.14658689551471543,-0.40989569546553145,0.20746728615465676,-3.1045616489648546,unit_mode_chain_amplitude,stellarator-linear-scan:stella-geometry
0.2,124,-0.015625,-0.21418741356215407,0.33025095194426507,0.20746728615465676,-3.1045616489648546,unit_mode_chain_amplitude,stellarator-linear-scan:stella-geometry
0.2,125,-0.01171875,0.205582555358549,-0.2823731242791576,0.20746728615465676,-3.1045616489648546,unit_mode_chain_amplitude,stellarator-linear-scan:stella-geometry
0.2,126,-0.0078125,-0.15703525619466835,0.27546258677623914,0.20746728615465676,-3.1045616489648546,unit_mode_chain_amplitude,stellarator-linear-scan:stella-geometry
0.2,127,-0.00390625,0.1093168272463887,-0.29437474543001313,0.20746728615465676,-3.1045616489648546,unit_mode_chain_amplitude,stellarator-linear-scan:stella-geometry
0.2,128,0.0,-0.09031192895467835,0.31286818892647017,0.20746728615465676,-3.1045616489648546,unit_mode_chain_amplitude,stellarator-linear-scan:stella-geometry
0.2,129,0.00390625,0.09464932784616667,-0.3064555440291441,0.20746728615465676,-3.1045616489648546,unit_mode_chain_amplitude,stellarator-linear-scan:stella-geometry
0.2,130,0.0078125,-0.13536396599619538,0.2833987453152804,0.20746728615465676,-3.1045616489648546,unit_mode_chain_amplitude,stellarator-linear-scan:stella-geometry
0.2,131,0.01171875,0.18268183184740236,-0.2684676069221601,0.20746728615465676,-3.1045616489648546,unit_mode_chain_amplitude,stellarator-linear-scan:stella-geometry
0.2,132,0.015625,-0.19638290969166422,0.2869751642312746,0.20746728615465676,-3.1045616489648546,unit_mode_chain_amplitude,stellarator-linear-scan:stella-geometry
0.2,133,0.01953125,0.14486623775942886,-0.3430486125925331,0.20746728615465676,-3.1045616489648546,unit_mode_chain_amplitude,stellarator-linear-scan:stella-geometry
0.2,134,0.0234375,-0.052742027277028626,0.4545842741462856,0.20746728615465676,-3.1045616489648546,unit_mode_chain_amplitude,stellarator-linear-scan:stella-geometry
0.2,135,0.02734375,0.007097699753316707,-0.4679900430757279,0.20746728615465676,-3.1045616489648546,unit_mode_chain_amplitude,stellarator-linear-scan:stella-geometry
0.2,136,0.03125,-0.016590047618110296,0.4383862044061799,0.20746728615465676,-3.1045616489648546,unit_mode_chain_amplitude,stellarator-linear-scan:stella-geometry
0.2,137,0.03515625,0.08598446210988675,-0.3927996295992219,0.20746728615465676,-3.1045616489648546,unit_mode_chain_amplitude,stellarator-linear-scan:stella-geometry
0.2,138,0.0390625,-0.1969297963698615,0.3504829686637082,0.20746728615465676,-3.1045616489648546,unit_mode_chain_amplitude,stellarator-linear-scan:stella-geometry
0.2,139,0.04296875,0.2339213514420321,-0.3901967712585991,0.20746728615465676,-3.1045616489648546,unit_mode_chain_amplitude,stellarator-linear-scan:stella-geometry
0.2,140,0.046875,-0.09170571010387046,0.6557217903742001,0.20746728615465676,-3.1045616489648546,unit_mode_chain_amplitude,stellarator-linear-scan:stella-geometry
0.2,141,0.05078125,-0.1710637681060212,-0.8870707077260471,0.20746728615465676,-3.1045616489648546,unit_mode_chain_amplitude,stellarator-linear-scan:stella-geometry
0.2,142,0.0546875,0.26175053483712785,0.8717293952797586,0.20746728615465676,-3.1045616489648546,unit_mode_chain_amplitude,stellarator-linear-scan:stella-geometry
0.2,143,0.05859375,-0.2288436313314454,-0.7918002124583894,0.20746728615465676,-3.1045616489648546,unit_mode_chain_amplitude,stellarator-linear-scan:stella-geometry
0.2,144,0.0625,0.1029606658128677,0.7655496343080957,0.20746728615465676,-3.1045616489648546,unit_mode_chain_amplitude,stellarator-linear-scan:stella-geometry
0.2,145,0.06640625,0.1090697080899387,-0.6388335996391578,0.20746728615465676,-3.1045616489648546,unit_mode_chain_amplitude,stellarator-linear-scan:stella-geometry
0.2,146,0.0703125,-0.23968048127939945,0.503801931390122,0.20746728615465676,-3.1045616489648546,unit_mode_chain_amplitude,stellarator-linear-scan:stella-geometry
0.2,147,0.07421875,0.13613856793386686,-0.47220590988477923,0.20746728615465676,-3.1045616489648546,unit_mode_chain_amplitude,stellarator-linear-scan:stella-geometry
0.2,148,0.078125,0.06945231226227068,0.5582478746158921,0.20746728615465676,-3.1045616489648546,unit_mode_chain_amplitude,stellarator-linear-scan:stella-geometry
0.2,149,0.08203125,-0.22402822318975638,-0.6806792885452704,0.20746728615465676,-3.1045616489648546,unit_mode_chain_amplitude,stellarator-linear-scan:stella-geometry
0.2,150,0.0859375,0.25378258904691425,0.8556487164545793,0.20746728615465676,-3.1045616489648546,unit_mode_chain_amplitude,stellarator-linear-scan:stella-geometry
0.2,151,0.08984375,-0.19286606065097472,-1.1424256413046323,0.20746728615465676,-3.1045616489648546,unit_mode_chain_amplitude,stellarator-linear-scan:stella-geometry
0.2,152,0.09375,-0.19067818921276758,1.0744143938994104,0.20746728615465676,-3.1045616489648546,unit_mode_chain_amplitude,stellarator-linear-scan:stella-geometry
0.2,153,0.09765625,0.46558328727198023,-0.6715614220310993,0.20746728615465676,-3.1045616489648546,unit_mode_chain_amplitude,stellarator-linear-scan:stella-geometry
0.2,154,0.1015625,-0.3933323262252942,0.3109890884463368,0.20746728615465676,-3.1045616489648546,unit_mode_chain_amplitude,stellarator-linear-scan:stella-geometry
0.2,155,0.10546875,0.20495982942177282,-0.2969556941940018,0.20746728615465676,-3.1045616489648546,unit_mode_chain_amplitude,stellarator-linear-scan:stella-geometry
0.2,156,0.109375,-0.07198139509976799,0.37291490939832894,0.20746728615465676,-3.1045616489648546,unit_mode_chain_amplitude,stellarator-linear-scan:stella-geometry
0.2,157,0.11328125,0.06078995516933388,-0.46020036187238833,0.20746728615465676,-3.1045616489648546,unit_mode_chain_amplitude,stellarator-linear-scan:stella-geometry
0.2,158,0.1171875,-0.14082086483262274,0.574846353161187,0.20746728615465676,-3.1045616489648546,unit_mode_chain_amplitude,stellarator-linear-scan:stella-geometry
0.2,159,0.12109375,0.29113878529852666,-0.6570685525739172,0.20746728615465676,-3.1045616489648546,unit_mode_chain_amplitude,stellarator-linear-scan:stella-geometry
0.2,160,0.125,-0.4943507548507302,0.47894235371274874,0.20746728615465676,-3.1045616489648546,unit_mode_chain_amplitude,stellarator-linear-scan:stella-geometry
0.2,161,0.12890625,0.5525638347857844,-0.26060376824773235,0.20746728615465676,-3.1045616489648546,unit_mode_chain_amplitude,stellarator-linear-scan:stella-geometry
0.2,162,0.1328125,-0.3518936664340014,0.10523329843496959,0.20746728615465676,-3.1045616489648546,unit_mode_chain_amplitude,stellarator-linear-scan:stella-geometry
0.2,163,0.13671875,0.19134282079606107,-0.1534614004673458,0.20746728615465676,-3.1045616489648546,unit_mode_chain_amplitude,stellarator-linear-scan:stella-geometry
0.2,164,0.140625,-0.1585599444013214,0.23424497677101883,0.20746728615465676,-3.1045616489648546,unit_mode_chain_amplitude,stellarator-linear-scan:stella-geometry
0.2,165,0.14453125,0.18693564244360578,-0.2982897706614692,0.20746728615465676,-3.1045616489648546,unit_mode_chain_amplitude,stellarator-linear-scan:stella-geometry
0.2,166,0.1484375,-0.24973495299853188,0.33452826264955965,0.20746728615465676,-3.1045616489648546,unit_mode_chain_amplitude,stellarator-linear-scan:stella-geometry
0.2,167,0.15234375,0.292275820176997,-0.284444159791758,0.20746728615465676,-3.1045616489648546,unit_mode_chain_amplitude,stellarator-linear-scan:stella-geometry
0.2,168,0.15625,-0.28048656361361135,0.21909411223414182,0.20746728615465676,-3.1045616489648546,unit_mode_chain_amplitude,stellarator-linear-scan:stella-geometry
0.2,169,0.16015625,0.21868142792806486,-0.2149551771624634,0.20746728615465676,-3.1045616489648546,unit_mode_chain_amplitude,stellarator-linear-scan:stella-geometry
0.2,170,0.1640625,-0.15515879573471164,0.28237189762669723,0.20746728615465676,-3.1045616489648546,unit_mode_chain_amplitude,stellarator-linear-scan:stella-geometry
0.2,171,0.16796875,0.1448813455408752,-0.3754272788522173,0.20746728615465676,-3.1045616489648546,unit_mode_chain_amplitude,stellarator-linear-scan:stella-geometry
0.2,172,0.171875,-0.18163437208094646,0.38736337660148895,0.20746728615465676,-3.1045616489648546,unit_mode_chain_amplitude,stellarator-linear-scan:stella-geometry
0.2,173,0.17578125,0.2324704665229791,-0.36753296143923714,0.20746728615465676,-3.1045616489648546,unit_mode_chain_amplitude,stellarator-linear-scan:stella-geometry
0.2,174,0.1796875,-0.2815128094654132,0.3335480122071056,0.20746728615465676,-3.1045616489648546,unit_mode_chain_amplitude,stellarator-linear-scan:stella-geometry
0.2,175,0.18359375,0.27698732870031934,-0.3325605211550286,0.20746728615465676,-3.1045616489648546,unit_mode_chain_amplitude,stellarator-linear-scan:stella-geometry
0.2,176,0.1875,-0.22261585675187714,0.5076119594001023,0.20746728615465676,-3.1045616489648546,unit_mode_chain_amplitude,stellarator-linear-scan:stella-geometry
0.2,177,0.19140625,0.12497087418822125,-0.8135222066655466,0.20746728615465676,-3.1045616489648546,unit_mode_chain_amplitude,stellarator-linear-scan:stella-geometry
0.2,178,0.1953125,0.035312882594220586,0.9783240624584162,0.20746728615465676,-3.1045616489648546,unit_mode_chain_amplitude,stellarator-linear-scan:stella-geometry
0.2,179,0.19921875,0.12080537787772336,-0.9548160426211756,0.20746728615465676,-3.1045616489648546,unit_mode_chain_amplitude,stellarator-linear-scan:stella-geometry
0.2,180,0.203125,-0.3092556216611247,0.8946206150529559,0.20746728615465676,-3.1045616489648546,unit_mode_chain_amplitude,stellarator-linear-scan:stella-geometry
0.2,181,0.20703125,0.5294624629436245,-0.744401852520344,0.20746728615465676,-3.1045616489648546,unit_mode_chain_amplitude,stellarator-linear-scan:stella-geometry
0.2,182,0.2109375,-0.6113240557082175,0.4819567386428274,0.20746728615465676,-3.1045616489648546,unit_mode_chain_amplitude,stellarator-linear-scan:stella-geometry
0.2,183,0.21484375,0.4185633755650904,-0.3275762368997651,0.20746728615465676,-3.1045616489648546,unit_mode_chain_amplitude,stellarator-linear-scan:stella-geometry
0.2,184,0.21875,-0.0992172600878184,0.3993003222635951,0.20746728615465676,-3.1045616489648546,unit_mode_chain_amplitude,stellarator-linear-scan:stella-geometry
0.2,185,0.22265625,0.038010155675751535,-0.6208545043231387,0.20746728615465676,-3.1045616489648546,unit_mode_chain_amplitude,stellarator-linear-scan:stella-geometry
0.2,186,0.2265625,-0.12904160599117767,0.8536267260859398,0.20746728615465676,-3.1045616489648546,unit_mode_chain_amplitude,stellarator-linear-scan:stella-geometry
0.2,187,0.23046875,0.5279784501239521,-1.2926517913332995,0.20746728615465676,-3.1045616489648546,unit_mode_chain_amplitude,stellarator-linear-scan:stella-geometry
0.2,188,0.234375,-1.0813984432684987,1.342264205079672,0.20746728615465676,-3.1045616489648546,unit_mode_chain_amplitude,stellarator-linear-scan:stella-geometry
0.2,189,0.23828125,1.4206473859122764,-0.6652089419968048,0.20746728615465676,-3.1045616489648546,unit_mode_chain_amplitude,stellarator-linear-scan:stella-geometry
0.2,190,0.2421875,-1.0392535609620615,0.0023140603482024054,0.20746728615465676,-3.1045616489648546,unit_mode_chain_amplitude,stellarator-linear-scan:stella-geometry
0.2,191,0.24609375,0.5088393601910606,0.0889906742258481,0.20746728615465676,-3.1045616489648546,unit_mode_chain_amplitude,stellarator-linear-scan:stella-geometry
0.2,192,0.25,-0.23745214140780646,0.10770465923453214,0.20746728615465676,-3.1045616489648546,unit_mode_chain_amplitude,stellarator-linear-scan:stella-geometry
0.2,193,0.25390625,0.30526453493889466,-0.2942368782017757,0.20746728615465676,-3.1045616489648546,unit_mode_chain_amplitude,stellarator-linear-scan:stella-geometry
0.2,194,0.2578125,-0.48874824037919895,0.41784488358198607,0.20746728615465676,-3.1045616489648546,unit_mode_chain_amplitude,stellarator-linear-scan:stella-geometry
0.2,195,0.26171875,0.9885143638753849,-0.6210059514441203,0.20746728615465676,-3.1045616489648546,unit_mode_chain_amplitude,stellarator-linear-scan:stella-geometry
0.2,196,0.265625,-1.65337342511202,0.3980703293183081,0.20746728615465676,-3.1045616489648546,unit_mode_chain_amplitude,stellarator-linear-scan:stella-geometry
0.2,197,0.26953125,1.792043909165692,0.5382611710448807,0.20746728615465676,-3.1045616489648546,unit_mode_chain_amplitude,stellarator-linear-scan:stella-geometry
0.2,198,0.2734375,-0.7395567190954165,-0.9304429420497778,0.20746728615465676,-3.1045616489648546,unit_mode_chain_amplitude,stellarator-linear-scan:stella-geometry
0.2,199,0.27734375,0.1905283468772621,0.5691572593521106,0.20746728615465676,-3.1045616489648546,unit_mode_chain_amplitude,stellarator-linear-scan:stella-geometry
0.2,200,0.28125,-0.16006765669442263,-0.2882616809292695,0.20746728615465676,-3.1045616489648546,unit_mode_chain_amplitude,stellarator-linear-scan:stella-geometry
0.2,201,0.28515625,0.32610885881140717,0.189401050327913,0.20746728615465676,-3.1045616489648546,unit_mode_chain_amplitude,stellarator-linear-scan:stella-geometry
0.2,202,0.2890625,-0.5455210788433338,-0.18997771728299728,0.20746728615465676,-3.1045616489648546,unit_mode_chain_amplitude,stellarator-linear-scan:stella-geometry
0.2,203,0.29296875,0.7458422875925267,0.27342183337595144,0.20746728615465676,-3.1045616489648546,unit_mode_chain_amplitude,stellarator-linear-scan:stella-geometry
0.2,204,0.296875,-0.5242401364184157,-0.3580888359849061,0.20746728615465676,-3.1045616489648546,unit_mode_chain_amplitude,stellarator-linear-scan:stella-geometry
0.2,205,0.30078125,0.37155398451885463,0.3368811711969573,0.20746728615465676,-3.1045616489648546,unit_mode_chain_amplitude,stellarator-linear-scan:stella-geometry
0.2,206,0.3046875,-0.24940222844587248,-0.23231049501994924,0.20746728615465676,-3.1045616489648546,unit_mode_chain_amplitude,stellarator-linear-scan:stella-geometry
0.2,207,0.30859375,0.20043187281098762,0.10240450756232518,0.20746728615465676,-3.1045616489648546,unit_mode_chain_amplitude,stellarator-linear-scan:stella-geometry
0.2,208,0.3125,-0.22025522616683432,-0.03401216425020445,0.20746728615465676,-3.1045616489648546,unit_mode_chain_amplitude,stellarator-linear-scan:stella-geometry
0.2,209,0.31640625,0.30039769153414514,0.050517897007726194,0.20746728615465676,-3.1045616489648546,unit_mode_chain_amplitude,stellarator-linear-scan:stella-geometry
0.2,210,0.3203125,-0.37875656302638006,-0.06376321145122565,0.20746728615465676,-3.1045616489648546,unit_mode_chain_amplitude,stellarator-linear-scan:stella-geometry
0.2,211,0.32421875,0.44702838136500866,0.04664079707334486,0.20746728615465676,-3.1045616489648546,unit_mode_chain_amplitude,stellarator-linear-scan:stella-geometry
0.2,212,0.328125,-0.5579940184382166,0.030647505876230854,0.20746728615465676,-3.1045616489648546,unit_mode_chain_amplitude,stellarator-linear-scan:stella-geometry
0.2,213,0.33203125,0.6599838953449397,-0.22973976904672982,0.20746728615465676,-3.1045616489648546,unit_mode_chain_amplitude,stellarator-linear-scan:stella-geometry
0.2,214,0.3359375,-0.5599098668544689,0.5048340516883022,0.20746728615465676,-3.1045616489648546,unit_mode_chain_amplitude,stellarator-linear-scan:stella-geometry
0.2,215,0.33984375,0.5564906174421536,-0.424206830003568,0.20746728615465676,-3.1045616489648546,unit_mode_chain_amplitude,stellarator-linear-scan:stella-geometry
0.2,216,0.34375,-0.7740643846446499,-0.02039504890906678,0.20746728615465676,-3.1045616489648546,unit_mode_chain_amplitude,stellarator-linear-scan:stella-geometry
0.2,217,0.34765625,0.8209806755929363,0.3621749189510427,0.20746728615465676,-3.1045616489648546,unit_mode_chain_amplitude,stellarator-linear-scan:stella-geometry
0.2,218,0.3515625,-0.6905657448389586,-0.5281226550586524,0.20746728615465676,-3.1045616489648546,unit_mode_chain_amplitude,stellarator-linear-scan:stella-geometry
0.2,219,0.35546875,0.4295768449859662,0.4079057761329395,0.20746728615465676,-3.1045616489648546,unit_mode_chain_amplitude,stellarator-linear-scan:stella-geometry
0.2,220,0.359375,-0.14263368106615207,-0.04077754384689179,0.20746728615465676,-3.1045616489648546,unit_mode_chain_amplitude,stellarator-linear-scan:stella-geometry
0.2,221,0.36328125,0.1093007533005304,-0.16245115421064518,0.20746728615465676,-3.1045616489648546,unit_mode_chain_amplitude,stellarator-linear-scan:stella-geometry
0.2,222,0.3671875,-0.41092761299986474,-0.051468140897635004,0.20746728615465676,-3.1045616489648546,unit_mode_chain_amplitude,stellarator-linear-scan:stella-geometry
0.2,223,0.37109375,1.2304779711498917,0.6352206311004198,0.20746728615465676,-3.1045616489648546,unit_mode_chain_amplitude,stellarator-linear-scan:stella-geometry
0.2,224,0.375,-1.99133708866879,-1.3331039126488136,0.20746728615465676,-3.1045616489648546,unit_mode_chain_amplitude,stellarator-linear-scan:stella-geometry
0.2,225,0.37890625,1.8273715545949147,2.1880864691726005,0.20746728615465676,-3.1045616489648546,unit_mode_chain_amplitude,stellarator-linear-scan:stella-geometry
0.2,226,0.3828125,-0.6836760448093671,-2.1753228670104927,0.20746728615465676,-3.1045616489648546,unit_mode_chain_amplitude,stellarator-linear-scan:stella-geometry
0.2,227,0.38671875,-0.2189741170946321,1.420595954123186,0.20746728615465676,-3.1045616489648546,unit_mode_chain_amplitude,stellarator-linear-scan:stella-geometry
0.2,228,0.390625,0.4115963455181883,-0.6882268054731105,0.20746728615465676,-3.1045616489648546,unit_mode_chain_amplitude,stellarator-linear-scan:stella-geometry
0.2,229,0.39453125,-0.061036804018145735,0.593075682531535,0.20746728615465676,-3.1045616489648546,unit_mode_chain_amplitude,stellarator-linear-scan:stella-geometry
0.2,230,0.3984375,-0.303394667700119,-0.7357230765817887,0.20746728615465676,-3.1045616489648546,unit_mode_chain_amplitude,stellarator-linear-scan:stella-geometry
0.2,231,0.40234375,0.7660481159689397,1.1390862652824385,0.20746728615465676,-3.1045616489648546,unit_mode_chain_amplitude,stellarator-linear-scan:stella-geometry
0.2,232,0.40625,-1.5536018018153075,-3.0180720787511395,0.20746728615465676,-3.1045616489648546,unit_mode_chain_amplitude,stellarator-linear-scan:stella-geometry
0.2,233,0.41015625,-0.09334402505356447,4.842410400737466,0.20746728615465676,-3.1045616489648546,unit_mode_chain_amplitude,stellarator-linear-scan:stella-geometry
0.2,234,0.4140625,2.2295765885479972,-3.216698711300692,0.20746728615465676,-3.1045616489648546,unit_mode_chain_amplitude,stellarator-linear-scan:stella-geometry
0.2,235,0.41796875,-2.0770179904929877,0.8084439685866248,0.20746728615465676,-3.1045616489648546,unit_mode_chain_amplitude,stellarator-linear-scan:stella-geometry
0.2,236,0.421875,1.4501951875372907,-0.2956076776765508,0.20746728615465676,-3.1045616489648546,unit_mode_chain_amplitude,stellarator-linear-scan:stella-geometry
0.2,237,0.42578125,-1.06819439847653,0.5362079632029572,0.20746728615465676,-3.1045616489648546,unit_mode_chain_amplitude,stellarator-linear-scan:stella-geometry
0.2,238,0.4296875,0.9280356490751748,-0.8629235329643348,0.20746728615465676,-3.1045616489648546,unit_mode_chain_amplitude,stellarator-linear-scan:stella-geometry
0.2,239,0.43359375,-1.007953246550305,1.2397808387638936,0.20746728615465676,-3.1045616489648546,unit_mode_chain_amplitude,stellarator-linear-scan:stella-geometry
0.2,240,0.4375,1.1468672674281104,-1.2708413808115047,0.20746728615465676,-3.1045616489648546,unit_mode_chain_amplitude,stellarator-linear-scan:stella-geometry
0.2,241,0.44140625,-1.546267625551903,0.8592515624901966,0.20746728615465676,-3.1045616489648546,unit_mode_chain_amplitude,stellarator-linear-scan:stella-geometry
0.2,242,0.4453125,1.8090225232659194,-0.1550989382254047,0.20746728615465676,-3.1045616489648546,unit_mode_chain_amplitude,stellarator-linear-scan:stella-geometry
0.2,243,0.44921875,-1.1015959330793073,-0.41738832610672405,0.20746728615465676,-3.1045616489648546,unit_mode_chain_amplitude,stellarator-linear-scan:stella-geometry
0.2,244,0.453125,0.6305121376910352,0.2287276372344862,0.20746728615465676,-3.1045616489648546,unit_mode_chain_amplitude,stellarator-linear-scan:stella-geometry
0.2,245,0.45703125,-0.6102461461000681,-0.014484308877833916,0.20746728615465676,-3.1045616489648546,unit_mode_chain_amplitude,stellarator-linear-scan:stella-geometry
0.2,246,0.4609375,0.6821486541633489,-0.10511424379322871,0.20746728615465676,-3.1045616489648546,unit_mode_chain_amplitude,stellarator-linear-scan:stella-geometry
0.2,247,0.46484375,-0.8780073944525415,0.21198640471741526,0.20746728615465676,-3.1045616489648546,unit_mode_chain_amplitude,stellarator-linear-scan:stella-geometry
0.2,248,0.46875,1.002760120384284,-0.05942480733594816,0.20746728615465676,-3.1045616489648546,unit_mode_chain_amplitude,stellarator-linear-scan:stella-geometry
0.2,249,0.47265625,-0.8145280095625211,-0.20072345911053235,0.20746728615465676,-3.1045616489648546,unit_mode_chain_amplitude,stellarator-linear-scan:stella-geometry
0.2,250,0.4765625,0.4710452473528894,0.2570891120543894,0.20746728615465676,-3.1045616489648546,unit_mode_chain_amplitude,stellarator-linear-scan:stella-geometry
0.2,251,0.48046875,-0.4077904546487832,-0.13030032690305526,0.20746728615465676,-3.1045616489648546,unit_mode_chain_amplitude,stellarator-linear-scan:stella-geometry
0.2,252,0.484375,0.568694176420598,0.011231112741575915,0.20746728615465676,-3.1045616489648546,unit_mode_chain_amplitude,stellarator-linear-scan:stella-geometry
0.2,253,0.48828125,-0.5481682687285007,-0.0012028054821855898,0.20746728615465676,-3.1045616489648546,unit_mode_chain_amplitude,stellarator-linear-scan:stella-geometry
0.2,254,0.4921875,0.5002253648098103,0.06565881601966403,0.20746728615465676,-3.1045616489648546,unit_mode_chain_amplitude,stellarator-linear-scan:stella-geometry
0.2,255,0.49609375,-0.41341825871111304,-0.14409165021911652,0.20746728615465676,-3.1045616489648546,unit_mode_chain_amplitude,stellarator-linear-scan:stella-geometry
0.3,0,-0.5,-0.0022337880573095967,-0.17988467478766945,0.2567678446022674,-3.2460936579444257,unit_mode_chain_amplitude,stellarator-linear-scan:stella-geometry
0.3,1,-0.49609375,0.006778975390816761,0.15325850005937572,0.2567678446022674,-3.2460936579444257,unit_mode_chain_amplitude,stellarator-linear-scan:stella-geometry
0.3,2,-0.4921875,-0.007957916639629472,-0.05949682425428959,0.2567678446022674,-3.2460936579444257,unit_mode_chain_amplitude,stellarator-linear-scan:stella-geometry
0.3,3,-0.48828125,-0.012108146149482406,-0.015211131164152326,0.2567678446022674,-3.2460936579444257,unit_mode_chain_amplitude,stellarator-linear-scan:stella-geometry
0.3,4,-0.484375,-0.022470748689761268,-0.09120661461485556,0.2567678446022674,-3.2460936579444257,unit_mode_chain_amplitude,stellarator-linear-scan:stella-geometry
0.3,5,-0.48046875,-0.006483770591516617,0.2075024683202453,0.2567678446022674,-3.2460936579444257,unit_mode_chain_amplitude,stellarator-linear-scan:stella-geometry
0.3,6,-0.4765625,0.03756309414498231,-0.4518351626119069,0.2567678446022674,-3.2460936579444257,unit_mode_chain_amplitude,stellarator-linear-scan:stella-geometry
0.3,7,-0.47265625,0.17101029079190844,0.8408075904083463,0.2567678446022674,-3.2460936579444257,unit_mode_chain_amplitude,stellarator-linear-scan:stella-geometry
0.3,8,-0.46875,-0.461726930242692,-0.8742645165984024,0.2567678446022674,-3.2460936579444257,unit_mode_chain_amplitude,stellarator-linear-scan:stella-geometry
0.3,9,-0.46484375,0.43909637969956866,0.6038487183811417,0.2567678446022674,-3.2460936579444257,unit_mode_chain_amplitude,stellarator-linear-scan:stella-geometry
0.3,10,-0.4609375,-0.23765800965621237,-0.4521239888281734,0.2567678446022674,-3.2460936579444257,unit_mode_chain_amplitude,stellarator-linear-scan:stella-geometry
0.3,11,-0.45703125,0.12133930188486935,0.42370257754611207,0.2567678446022674,-3.2460936579444257,unit_mode_chain_amplitude,stellarator-linear-scan:stella-geometry
0.3,12,-0.453125,0.010944871605000482,-0.5265995151658127,0.2567678446022674,-3.2460936579444257,unit_mode_chain_amplitude,stellarator-linear-scan:stella-geometry
0.3,13,-0.44921875,-0.019727166847955165,0.978433385403424,0.2567678446022674,-3.2460936579444257,unit_mode_chain_amplitude,stellarator-linear-scan:stella-geometry
0.3,14,-0.4453125,-0.6025529871326363,-1.3082435710978297,0.2567678446022674,-3.2460936579444257,unit_mode_chain_amplitude,stellarator-linear-scan:stella-geometry
0.3,15,-0.44140625,0.912992756528138,0.7665655664028967,0.2567678446022674,-3.2460936579444257,unit_mode_chain_amplitude,stellarator-linear-scan:stella-geometry
0.3,16,-0.4375,-0.9931880301066518,-0.41263331451418345,0.2567678446022674,-3.2460936579444257,unit_mode_chain_amplitude,stellarator-linear-scan:stella-geometry
0.3,17,-0.43359375,1.0651238479141656,0.4375257704927114,0.2567678446022674,-3.2460936579444257,unit_mode_chain_amplitude,stellarator-linear-scan:stella-geometry
0.3,18,-0.4296875,-0.9277196995581406,-0.614430429078597,0.2567678446022674,-3.2460936579444257,unit_mode_chain_amplitude,stellarator-linear-scan:stella-geometry
0.3,19,-0.42578125,0.845704082176712,0.9697577470213963,0.2567678446022674,-3.2460936579444257,unit_mode_chain_amplitude,stellarator-linear-scan:stella-geometry
0.3,20,-0.421875,-0.885440110926069,-1.4803599321644068,0.2567678446022674,-3.2460936579444257,unit_mode_chain_amplitude,stellarator-linear-scan:stella-geometry
0.3,21,-0.41796875,1.6587989057809773,1.9005543030746788,0.2567678446022674,-3.2460936579444257,unit_mode_chain_amplitude,stellarator-linear-scan:stella-geometry
0.3,22,-0.4140625,-4.6495847473494845,-1.2850398353462915,0.2567678446022674,-3.2460936579444257,unit_mode_chain_amplitude,stellarator-linear-scan:stella-geometry
0.3,23,-0.41015625,5.6072878559512445,-2.318216919510329,0.2567678446022674,-3.2460936579444257,unit_mode_chain_amplitude,stellarator-linear-scan:stella-geometry
0.3,24,-0.40625,-1.7331228959347513,2.6420606158266393,0.2567678446022674,-3.2460936579444257,unit_mode_chain_amplitude,stellarator-linear-scan:stella-geometry
0.3,25,-0.40234375,0.2509356712175975,-0.6196925900470572,0.2567678446022674,-3.2460936579444257,unit_mode_chain_amplitude,stellarator-linear-scan:stella-geometry
0.3,26,-0.3984375,-0.2680337965600503,0.4655544399043556,0.2567678446022674,-3.2460936579444257,unit_mode_chain_amplitude,stellarator-linear-scan:stella-geometry
0.3,27,-0.39453125,0.44711500650327246,-0.32027913179400297,0.2567678446022674,-3.2460936579444257,unit_mode_chain_amplitude,stellarator-linear-scan:stella-geometry
0.3,28,-0.390625,-0.8163409861589916,0.14724230801479002,0.2567678446022674,-3.2460936579444257,unit_mode_chain_amplitude,stellarator-linear-scan:stella-geometry
0.3,29,-0.38671875,1.3844765629930755,-0.59677130052659,0.2567678446022674,-3.2460936579444257,unit_mode_chain_amplitude,stellarator-linear-scan:stella-geometry
0.3,30,-0.3828125,-1.74104213396616,1.8159775442523707,0.2567678446022674,-3.2460936579444257,unit_mode_chain_amplitude,stellarator-linear-scan:stella-geometry
0.3,31,-0.37890625,1.2948850722546459,-3.475193625456776,0.2567678446022674,-3.2460936579444257,unit_mode_chain_amplitude,stellarator-linear-scan:stella-geometry
0.3,32,-0.375,-0.11744577214236739,3.487649275140039,0.2567678446022674,-3.2460936579444257,unit_mode_chain_amplitude,stellarator-linear-scan:stella-geometry
0.3,33,-0.37109375,-0.2856414966081451,-2.102623809676108,0.2567678446022674,-3.2460936579444257,unit_mode_chain_amplitude,stellarator-linear-scan:stella-geometry
0.3,34,-0.3671875,0.2690735607267337,0.6219103154110109,0.2567678446022674,-3.2460936579444257,unit_mode_chain_amplitude,stellarator-linear-scan:stella-geometry
0.3,35,-0.36328125,-0.13043597976584645,-0.17543507837608122,0.2567678446022674,-3.2460936579444257,unit_mode_chain_amplitude,stellarator-linear-scan:stella-geometry
0.3,36,-0.359375,-0.022692878379620942,0.23090800716050594,0.2567678446022674,-3.2460936579444257,unit_mode_chain_amplitude,stellarator-linear-scan:stella-geometry
0.3,37,-0.35546875,0.13486365339538,-0.5524191727655755,0.2567678446022674,-3.2460936579444257,unit_mode_chain_amplitude,stellarator-linear-scan:stella-geometry
0.3,38,-0.3515625,-0.08886220083760145,0.7365833913158409,0.2567678446022674,-3.2460936579444257,unit_mode_chain_amplitude,stellarator-linear-scan:stella-geometry
0.3,39,-0.34765625,-0.07442506519800982,-0.7393228790192166,0.2567678446022674,-3.2460936579444257,unit_mode_chain_amplitude,stellarator-linear-scan:stella-geometry
0.3,40,-0.34375,0.28578617522921124,0.5930559446047693,0.2567678446022674,-3.2460936579444257,unit_mode_chain_amplitude,stellarator-linear-scan:stella-geometry
0.3,41,-0.33984375,-0.5271087183541102,-0.29259663271406855,0.2567678446022674,-3.2460936579444257,unit_mode_chain_amplitude,stellarator-linear-scan:stella-geometry
0.3,42,-0.3359375,0.589593925388411,0.2891302985583583,0.2567678446022674,-3.2460936579444257,unit_mode_chain_amplitude,stellarator-linear-scan:stella-geometry
0.3,43,-0.33203125,-0.47599677918603006,-0.5642626139896454,0.2567678446022674,-3.2460936579444257,unit_mode_chain_amplitude,stellarator-linear-scan:stella-geometry
0.3,44,-0.328125,0.29813619013574,0.46322602387905815,0.2567678446022674,-3.2460936579444257,unit_mode_chain_amplitude,stellarator-linear-scan:stella-geometry
0.3,45,-0.32421875,-0.18716941751867047,-0.3165121029288738,0.2567678446022674,-3.2460936579444257,unit_mode_chain_amplitude,stellarator-linear-scan:stella-geometry
0.3,46,-0.3203125,0.1266718259225157,0.23704174230282035,0.2567678446022674,-3.2460936579444257,unit_mode_chain_amplitude,stellarator-linear-scan:stella-geometry
0.3,47,-0.31640625,-0.07500955151399821,-0.17008852611342185,0.2567678446022674,-3.2460936579444257,unit_mode_chain_amplitude,stellarator-linear-scan:stella-geometry
0.3,48,-0.3125,0.03692542446710684,0.12676091186196192,0.2567678446022674,-3.2460936579444257,unit_mode_chain_amplitude,stellarator-linear-scan:stella-geometry
0.3,49,-0.30859375,-0.005400092591054295,-0.15498529055514745,0.2567678446022674,-3.2460936579444257,unit_mode_chain_amplitude,stellarator-linear-scan:stella-geometry
0.3,50,-0.3046875,-0.008940763841311292,0.24253779374400772,0.2567678446022674,-3.2460936579444257,unit_mode_chain_amplitude,stellarator-linear-scan:stella-geometry
0.3,51,-0.30078125,-0.016960838121434473,-0.3583253172604979,0.2567678446022674,-3.2460936579444257,unit_mode_chain_amplitude,stellarator-linear-scan:stella-geometry
0.3,52,-0.296875,0.07007599409385427,0.45838342430530304,0.2567678446022674,-3.2460936579444257,unit_mode_chain_amplitude,stellarator-linear-scan:stella-geometry
0.3,53,-0.29296875,-0.196811495103276,-0.5936001272769964,0.2567678446022674,-3.2460936579444257,unit_mode_chain_amplitude,stellarator-linear-scan:stella-geometry
0.3,54,-0.2890625,0.10416440660594806,0.46757462089134605,0.2567678446022674,-3.2460936579444257,unit_mode_chain_amplitude,stellarator-linear-scan:stella-geometry
0.3,55,-0.28515625,0.03680443734578757,-0.33538164285665156,0.2567678446022674,-3.2460936579444257,unit_mode_chain_amplitude,stellarator-linear-scan:stella-geometry
0.3,56,-0.28125,-0.19658565194916144,0.27792076665775767,0.2567678446022674,-3.2460936579444257,unit_mode_chain_amplitude,stellarator-linear-scan:stella-geometry
0.3,57,-0.27734375,0.36903785750334334,-0.4200903966997155,0.2567678446022674,-3.2460936579444257,unit_mode_chain_amplitude,stellarator-linear-scan:stella-geometry
0.3,58,-0.2734375,-0.4095602818433469,0.9996717122594357,0.2567678446022674,-3.2460936579444257,unit_mode_chain_amplitude,stellarator-linear-scan:stella-geometry
0.3,59,-0.26953125,-0.3639497789698526,-1.720784265378827,0.2567678446022674,-3.2460936579444257,unit_mode_chain_amplitude,stellarator-linear-scan:stella-geometry
0.3,60,-0.265625,0.9320061888738949,1.0068422286485372,0.2567678446022674,-3.2460936579444257,unit_mode_chain_amplitude,stellarator-linear-scan:stella-geometry
0.3,61,-0.26171875,-0.656574990357568,-0.3380335420798736,0.2567678446022674,-3.2460936579444257,unit_mode_chain_amplitude,stellarator-linear-scan:stella-geometry
0.3,62,-0.2578125,0.3453061497828943,0.12398972645700806,0.2567678446022674,-3.2460936579444257,unit_mode_chain_amplitude,stellarator-linear-scan:stella-geometry
0.3,63,-0.25390625,-0.24672550467822577,-0.10309403546616337,0.2567678446022674,-3.2460936579444257,unit_mode_chain_amplitude,stellarator-linear-scan:stella-geometry
0.3,64,-0.25,0.12133723009338214,0.16332955115663866,0.2567678446022674,-3.2460936579444257,unit_mode_chain_amplitude,stellarator-linear-scan:stella-geometry
0.3,65,-0.24609375,-0.10773256326157975,-0.42371320106077354,0.2567678446022674,-3.2460936579444257,unit_mode_chain_amplitude,stellarator-linear-scan:stella-geometry
0.3,66,-0.2421875,0.3785146289583774,0.8011958970636252,0.2567678446022674,-3.2460936579444257,unit_mode_chain_amplitude,stellarator-linear-scan:stella-geometry
0.3,67,-0.23828125,-1.138297849509666,-0.9832056196412048,0.2567678446022674,-3.2460936579444257,unit_mode_chain_amplitude,stellarator-linear-scan:stella-geometry
0.3,68,-0.234375,1.7040275242874245,0.4311939429150466,0.2567678446022674,-3.2460936579444257,unit_mode_chain_amplitude,stellarator-linear-scan:stella-geometry
0.3,69,-0.23046875,-1.3597499355533718,0.10335597318654419,0.2567678446022674,-3.2460936579444257,unit_mode_chain_amplitude,stellarator-linear-scan:stella-geometry
0.3,70,-0.2265625,0.6655039241451484,-0.22779900625273686,0.2567678446022674,-3.2460936579444257,unit_mode_chain_amplitude,stellarator-linear-scan:stella-geometry
0.3,71,-0.22265625,-0.4083891028565375,0.1660838833480096,0.2567678446022674,-3.2460936579444257,unit_mode_chain_amplitude,stellarator-linear-scan:stella-geometry
0.3,72,-0.21875,0.2720293693667042,-0.03119106192826864,0.2567678446022674,-3.2460936579444257,unit_mode_chain_amplitude,stellarator-linear-scan:stella-geometry
0.3,73,-0.21484375,-0.37381988704811936,-0.1857092131375848,0.2567678446022674,-3.2460936579444257,unit_mode_chain_amplitude,stellarator-linear-scan:stella-geometry
0.3,74,-0.2109375,0.5820588860203297,0.28223769676912114,0.2567678446022674,-3.2460936579444257,unit_mode_chain_amplitude,stellarator-linear-scan:stella-geometry
0.3,75,-0.20703125,-0.750974609185658,-0.14639612303719637,0.2567678446022674,-3.2460936579444257,unit_mode_chain_amplitude,stellarator-linear-scan:stella-geometry
0.3,76,-0.203125,0.7686958883923335,-0.07287535298909552,0.2567678446022674,-3.2460936579444257,unit_mode_chain_amplitude,stellarator-linear-scan:stella-geometry
0.3,77,-0.19921875,-0.7507259451943972,0.27157433694036337,0.2567678446022674,-3.2460936579444257,unit_mode_chain_amplitude,stellarator-linear-scan:stella-geometry
0.3,78,-0.1953125,0.6990072793379855,-0.4640921306255805,0.2567678446022674,-3.2460936579444257,unit_mode_chain_amplitude,stellarator-linear-scan:stella-geometry
0.3,79,-0.19140625,-0.6499718454586434,0.24029911577510266,0.2567678446022674,-3.2460936579444257,unit_mode_chain_amplitude,stellarator-linear-scan:stella-geometry
0.3,80,-0.1875,0.42590103729232226,-0.021122066597990315,0.2567678446022674,-3.2460936579444257,unit_mode_chain_amplitude,stellarator-linear-scan:stella-geometry
0.3,81,-0.18359375,-0.33177705263391927,-0.058415250882636424,0.2567678446022674,-3.2460936579444257,unit_mode_chain_amplitude,stellarator-linear-scan:stella-geometry
0.3,82,-0.1796875,0.33603764346778014,0.0537519872515414,0.2567678446022674,-3.2460936579444257,unit_mode_chain_amplitude,stellarator-linear-scan:stella-geometry
0.3,83,-0.17578125,-0.3146429680326322,-0.015130829261518552,0.2567678446022674,-3.2460936579444257,unit_mode_chain_amplitude,stellarator-linear-scan:stella-geometry
0.3,84,-0.171875,0.284604199718775,-0.017825149755849163,0.2567678446022674,-3.2460936579444257,unit_mode_chain_amplitude,stellarator-linear-scan:stella-geometry
0.3,85,-0.16796875,-0.2581906484895557,0.0314184135693864,0.2567678446022674,-3.2460936579444257,unit_mode_chain_amplitude,stellarator-linear-scan:stella-geometry
0.3,86,-0.1640625,0.22196532130087168,0.00791704275403827,0.2567678446022674,-3.2460936579444257,unit_mode_chain_amplitude,stellarator-linear-scan:stella-geometry
0.3,87,-0.16015625,-0.246383849008625,-0.06561079108375774,0.2567678446022674,-3.2460936579444257,unit_mode_chain_amplitude,stellarator-linear-scan:stella-geometry
0.3,88,-0.15625,0.31216495708063846,0.09817437946781414,0.2567678446022674,-3.2460936579444257,unit_mode_chain_amplitude,stellarator-linear-scan:stella-geometry
0.3,89,-0.15234375,-0.37402141780516845,-0.07488721530053168,0.2567678446022674,-3.2460936579444257,unit_mode_chain_amplitude,stellarator-linear-scan:stella-geometry
0.3,90,-0.1484375,0.3777710357496828,0.027121781697812795,0.2567678446022674,-3.2460936579444257,unit_mode_chain_amplitude,stellarator-linear-scan:stella-geometry
0.3,91,-0.14453125,-0.3051273221053849,-0.009711955537075509,0.2567678446022674,-3.2460936579444257,unit_mode_chain_amplitude,stellarator-linear-scan:stella-geometry
0.3,92,-0.140625,0.23872993425270533,0.023820395336091853,0.2567678446022674,-3.2460936579444257,unit_mode_chain_amplitude,stellarator-linear-scan:stella-geometry
0.3,93,-0.13671875,-0.19968397432092533,-0.08016841055268646,0.2567678446022674,-3.2460936579444257,unit_mode_chain_amplitude,stellarator-linear-scan:stella-geometry
0.3,94,-0.1328125,0.24491764109870726,0.2099272649467438,0.2567678446022674,-3.2460936579444257,unit_mode_chain_amplitude,stellarator-linear-scan:stella-geometry
0.3,95,-0.12890625,-0.4427812884497242,-0.3060694289204242,0.2567678446022674,-3.2460936579444257,unit_mode_chain_amplitude,stellarator-linear-scan:stella-geometry
0.3,96,-0.125,0.5238067034968491,0.17195567965874117,0.2567678446022674,-3.2460936579444257,unit_mode_chain_amplitude,stellarator-linear-scan:stella-geometry
0.3,97,-0.12109375,-0.4958210617894643,0.028507435555322765,0.2567678446022674,-3.2460936579444257,unit_mode_chain_amplitude,stellarator-linear-scan:stella-geometry
0.3,98,-0.1171875,0.3658581532491639,-0.08723019915590166,0.2567678446022674,-3.2460936579444257,unit_mode_chain_amplitude,stellarator-linear-scan:stella-geometry
0.3,99,-0.11328125,-0.27524229352188384,0.09587368109461233,0.2567678446022674,-3.2460936579444257,unit_mode_chain_amplitude,stellarator-linear-scan:stella-geometry
0.3,100,-0.109375,0.24512920911064603,-0.05769478947211122,0.2567678446022674,-3.2460936579444257,unit_mode_chain_amplitude,stellarator-linear-scan:stella-geometry
0.3,101,-0.10546875,-0.2647044150604923,-0.05631301625934269,0.2567678446022674,-3.2460936579444257,unit_mode_chain_amplitude,stellarator-linear-scan:stella-geometry
0.3,102,-0.1015625,0.3448786307071233,0.1829710731030988,0.2567678446022674,-3.2460936579444257,unit_mode_chain_amplitude,stellarator-linear-scan:stella-geometry
0.3,103,-0.09765625,-0.6634778919847764,-0.16751845377518018,0.2567678446022674,-3.2460936579444257,unit_mode_chain_amplitude,stellarator-linear-scan:stella-geometry
0.3,104,-0.09375,0.968560583086999,-0.1783090072145668,0.2567678446022674,-3.2460936579444257,unit_mode_chain_amplitude,stellarator-linear-scan:stella-geometry
0.3,105,-0.08984375,-0.8734424124235857,0.5892883502626542,0.2567678446022674,-3.2460936579444257,unit_mode_chain_amplitude,stellarator-linear-scan:stella-geometry
0.3,106,-0.0859375,0.5232666959934061,-0.5017273418705331,0.2567678446022674,-3.2460936579444257,unit_mode_chain_amplitude,stellarator-linear-scan:stella-geometry
0.3,107,-0.08203125,-0.36732550337351033,0.38600282334494823,0.2567678446022674,-3.2460936579444257,unit_mode_chain_amplitude,stellarator-linear-scan:stella-geometry
0.3,108,-0.078125,0.33519250245541565,-0.22743256394833736,0.2567678446022674,-3.2460936579444257,unit_mode_chain_amplitude,stellarator-linear-scan:stella-geometry
0.3,109,-0.07421875,-0.36896155503760736,0.07296208486434408,0.2567678446022674,-3.2460936579444257,unit_mode_chain_amplitude,stellarator-linear-scan:stella-geometry
0.3,110,-0.0703125,0.4542372898549691,-0.01424641242189135,0.2567678446022674,-3.2460936579444257,unit_mode_chain_amplitude,stellarator-linear-scan:stella-geometry
0.3,111,-0.06640625,-0.5153762917276495,0.128388285769032,0.2567678446022674,-3.2460936579444257,unit_mode_chain_amplitude,stellarator-linear-scan:stella-geometry
0.3,112,-0.0625,0.537544687682469,-0.3246806223682454,0.2567678446022674,-3.2460936579444257,unit_mode_chain_amplitude,stellarator-linear-scan:stella-geometry
0.3,113,-0.05859375,-0.4916995880480198,0.45060519512622255,0.2567678446022674,-3.2460936579444257,unit_mode_chain_amplitude,stellarator-linear-scan:stella-geometry
0.3,114,-0.0546875,0.5339268328893901,-0.5618005606756362,0.2567678446022674,-3.2460936579444257,unit_mode_chain_amplitude,stellarator-linear-scan:stella-geometry
0.3,115,-0.05078125,-0.5734987498878712,0.5195642576970418,0.2567678446022674,-3.2460936579444257,unit_mode_chain_amplitude,stellarator-linear-scan:stella-geometry
0.3,116,-0.046875,0.48382445122432594,-0.18819169845080003,0.2567678446022674,-3.2460936579444257,unit_mode_chain_amplitude,stellarator-linear-scan:stella-geometry
0.3,117,-0.04296875,-0.3572357828784718,-0.005512466281470893,0.2567678446022674,-3.2460936579444257,unit_mode_chain_amplitude,stellarator-linear-scan:stella-geometry
0.3,118,-0.0390625,0.3436076881247685,-0.00594930271087211,0.2567678446022674,-3.2460936579444257,unit_mode_chain_amplitude,stellarator-linear-scan:stella-geometry
0.3,119,-0.03515625,-0.3213654451468779,0.08524007327742399,0.2567678446022674,-3.2460936579444257,unit_mode_chain_amplitude,stellarator-linear-scan:stella-geometry
0.3,120,-0.03125,0.2993571624286954,-0.1423035330502145,0.2567678446022674,-3.2460936579444257,unit_mode_chain_amplitude,stellarator-linear-scan:stella-geometry
0.3,121,-0.02734375,-0.2903281737115392,0.16382549318289888,0.2567678446022674,-3.2460936579444257,unit_mode_chain_amplitude,stellarator-linear-scan:stella-geometry
0.3,122,-0.0234375,0.2802339962052762,-0.1378734008493756,0.2567678446022674,-3.2460936579444257,unit_mode_chain_amplitude,stellarator-linear-scan:stella-geometry
0.3,123,-0.01953125,-0.28203218158836596,0.04728045755689475,0.2567678446022674,-3.2460936579444257,unit_mode_chain_amplitude,stellarator-linear-scan:stella-geometry
0.3,124,-0.015625,0.31924085665903557,0.0029615708016348424,0.2567678446022674,-3.2460936579444257,unit_mode_chain_amplitude,stellarator-linear-scan:stella-geometry
0.3,125,-0.01171875,-0.32519055550360904,0.00043171609986160907,0.2567678446022674,-3.2460936579444257,unit_mode_chain_amplitude,stellarator-linear-scan:stella-geometry
0.3,126,-0.0078125,0.3099717874180381,-0.0398324652011782,0.2567678446022674,-3.2460936579444257,unit_mode_chain_amplitude,stellarator-linear-scan:stella-geometry
0.3,127,-0.00390625,-0.29326948030940947,0.07539120781396816,0.2567678446022674,-3.2460936579444257,unit_mode_chain_amplitude,stellarator-linear-scan:stella-geometry
0.3,128,0.0,0.28556088762920684,-0.08008702471160566,0.2567678446022674,-3.2460936579444257,unit_mode_chain_amplitude,stellarator-linear-scan:stella-geometry
0.3,129,0.00390625,-0.2779627180551409,0.05978206692070968,0.2567678446022674,-3.2460936579444257,unit_mode_chain_amplitude,stellarator-linear-scan:stella-geometry
0.3,130,0.0078125,0.29415364341797257,-0.017512246575017584,0.2567678446022674,-3.2460936579444257,unit_mode_chain_amplitude,stellarator-linear-scan:stella-geometry
0.3,131,0.01171875,-0.3254432548137595,-0.022327130444832994,0.2567678446022674,-3.2460936579444257,unit_mode_chain_amplitude,stellarator-linear-scan:stella-geometry
0.3,132,0.015625,0.3443926525900209,0.021526514136983168,0.2567678446022674,-3.2460936579444257,unit_mode_chain_amplitude,stellarator-linear-scan:stella-geometry
0.3,133,0.01953125,-0.328853505358954,0.03877263675526611,0.2567678446022674,-3.2460936579444257,unit_mode_chain_amplitude,stellarator-linear-scan:stella-geometry
0.3,134,0.0234375,0.329957003261476,-0.13988802881647633,0.2567678446022674,-3.2460936579444257,unit_mode_chain_amplitude,stellarator-linear-scan:stella-geometry
0.3,135,0.02734375,-0.2974955578325073,0.14986428770992813,0.2567678446022674,-3.2460936579444257,unit_mode_chain_amplitude,stellarator-linear-scan:stella-geometry
0.3,136,0.03125,0.2808354378751122,-0.11810412096082558,0.2567678446022674,-3.2460936579444257,unit_mode_chain_amplitude,stellarator-linear-scan:stella-geometry
0.3,137,0.03515625,-0.2936310126550487,0.053609906683120705,0.2567678446022674,-3.2460936579444257,unit_mode_chain_amplitude,stellarator-linear-scan:stella-geometry
0.3,138,0.0390625,0.33647093764517366,0.02640804396266316,0.2567678446022674,-3.2460936579444257,unit_mode_chain_amplitude,stellarator-linear-scan:stella-geometry
0.3,139,0.04296875,-0.4063318740446125,-0.02725262991895342,0.2567678446022674,-3.2460936579444257,unit_mode_chain_amplitude,stellarator-linear-scan:stella-geometry
0.3,140,0.046875,0.609601615072503,-0.20286564274448737,0.2567678446022674,-3.2460936579444257,unit_mode_chain_amplitude,stellarator-linear-scan:stella-geometry
0.3,141,0.05078125,-0.68188437157896,0.5865400250223496,0.2567678446022674,-3.2460936579444257,unit_mode_chain_amplitude,stellarator-linear-scan:stella-geometry
0.3,142,0.0546875,0.541895944637603,-0.6147320099080213,0.2567678446022674,-3.2460936579444257,unit_mode_chain_amplitude,stellarator-linear-scan:stella-geometry
0.3,143,0.05859375,-0.43036300385869003,0.4497286833308094,0.2567678446022674,-3.2460936579444257,unit_mode_chain_amplitude,stellarator-linear-scan:stella-geometry
0.3,144,0.0625,0.43943094240317504,-0.31041093127160857,0.2567678446022674,-3.2460936579444257,unit_mode_chain_amplitude,stellarator-linear-scan:stella-geometry
0.3,145,0.06640625,-0.42709284374303375,0.13023755482114244,0.2567678446022674,-3.2460936579444257,unit_mode_chain_amplitude,stellarator-linear-scan:stella-geometry
0.3,146,0.0703125,0.41877896794762115,-0.04469470899830805,0.2567678446022674,-3.2460936579444257,unit_mode_chain_amplitude,stellarator-linear-scan:stella-geometry
0.3,147,0.07421875,-0.3874055976132294,0.1278243279558288,0.2567678446022674,-3.2460936579444257,unit_mode_chain_amplitude,stellarator-linear-scan:stella-geometry
0.3,148,0.078125,0.3596982322144667,-0.29117749049305525,0.2567678446022674,-3.2460936579444257,unit_mode_chain_amplitude,stellarator-linear-scan:stella-geometry
0.3,149,0.08203125,-0.355327351467543,0.444180104990506,0.2567678446022674,-3.2460936579444257,unit_mode_chain_amplitude,stellarator-linear-scan:stella-geometry
0.3,150,0.0859375,0.44013462273854276,-0.5210115482170823,0.2567678446022674,-3.2460936579444257,unit_mode_chain_amplitude,stellarator-linear-scan:stella-geometry
0.3,151,0.08984375,-0.6613587567101575,0.5594793859988914,0.2567678446022674,-3.2460936579444257,unit_mode_chain_amplitude,stellarator-linear-scan:stella-geometry
0.3,152,0.09375,0.7159981317736966,-0.2198077209095935,0.2567678446022674,-3.2460936579444257,unit_mode_chain_amplitude,stellarator-linear-scan:stella-geometry
0.3,153,0.09765625,-0.5092094726106595,-0.07640657258219163,0.2567678446022674,-3.2460936579444257,unit_mode_chain_amplitude,stellarator-linear-scan:stella-geometry
0.3,154,0.1015625,0.3085875955754745,0.080604201520894,0.2567678446022674,-3.2460936579444257,unit_mode_chain_amplitude,stellarator-linear-scan:stella-geometry
0.3,155,0.10546875,-0.2611461807224706,0.04017824647489607,0.2567678446022674,-3.2460936579444257,unit_mode_chain_amplitude,stellarator-linear-scan:stella-geometry
0.3,156,0.109375,0.23092432243159647,-0.1365790593843797,0.2567678446022674,-3.2460936579444257,unit_mode_chain_amplitude,stellarator-linear-scan:stella-geometry
0.3,157,0.11328125,-0.23362700161299918,0.1543310381829449,0.2567678446022674,-3.2460936579444257,unit_mode_chain_amplitude,stellarator-linear-scan:stella-geometry
0.3,158,0.1171875,0.286502988973874,-0.13148069336951318,0.2567678446022674,-3.2460936579444257,unit_mode_chain_amplitude,stellarator-linear-scan:stella-geometry
0.3,159,0.12109375,-0.36886199655420876,0.07385863205546318,0.2567678446022674,-3.2460936579444257,unit_mode_chain_amplitude,stellarator-linear-scan:stella-geometry
0.3,160,0.125,0.4010893628077368,0.0751962548105919,0.2567678446022674,-3.2460936579444257,unit_mode_chain_amplitude,stellarator-linear-scan:stella-geometry
0.3,161,0.12890625,-0.3612193822054286,-0.17663237174552524,0.2567678446022674,-3.2460936579444257,unit_mode_chain_amplitude,stellarator-linear-scan:stella-geometry
0.3,162,0.1328125,0.2334582567249067,0.09889403634980894,0.2567678446022674,-3.2460936579444257,unit_mode_chain_amplitude,stellarator-linear-scan:stella-geometry
0.3,163,0.13671875,-0.20005577802187982,0.009672572037138616,0.2567678446022674,-3.2460936579444257,unit_mode_chain_amplitude,stellarator-linear-scan:stella-geometry
0.3,164,0.140625,0.22036331868679745,-0.05061507852640608,0.2567678446022674,-3.2460936579444257,unit_mode_chain_amplitude,stellarator-linear-scan:stella-geometry
0.3,165,0.14453125,-0.26251290640504654,0.05159637533789807,0.2567678446022674,-3.2460936579444257,unit_mode_chain_amplitude,stellarator-linear-scan:stella-geometry
0.3,166,0.1484375,0.3083166252519175,-0.02186614904136247,0.2567678446022674,-3.2460936579444257,unit_mode_chain_amplitude,stellarator-linear-scan:stella-geometry
0.3,167,0.15234375,-0.30833534211599267,-0.026329703845926453,0.2567678446022674,-3.2460936579444257,unit_mode_chain_amplitude,stellarator-linear-scan:stella-geometry
0.3,168,0.15625,0.2738412593525927,0.050764590819197514,0.2567678446022674,-3.2460936579444257,unit_mode_chain_amplitude,stellarator-linear-scan:stella-geometry
0.3,169,0.16015625,-0.23454982842486063,-0.027177908611851556,0.2567678446022674,-3.2460936579444257,unit_mode_chain_amplitude,stellarator-linear-scan:stella-geometry
0.3,170,0.1640625,0.22206383193336138,-0.023649122003725848,0.2567678446022674,-3.2460936579444257,unit_mode_chain_amplitude,stellarator-linear-scan:stella-geometry
0.3,171,0.16796875,-0.2473916588431246,0.06518926687143481,0.2567678446022674,-3.2460936579444257,unit_mode_chain_amplitude,stellarator-linear-scan:stella-geometry
0.3,172,0.171875,0.2485140089407168,-0.048327346485444254,0.2567678446022674,-3.2460936579444257,unit_mode_chain_amplitude,stellarator-linear-scan:stella-geometry
0.3,173,0.17578125,-0.26582618394640917,0.013299418022693984,0.2567678446022674,-3.2460936579444257,unit_mode_chain_amplitude,stellarator-linear-scan:stella-geometry
0.3,174,0.1796875,0.2918198352816537,0.026626066124053296,0.2567678446022674,-3.2460936579444257,unit_mode_chain_amplitude,stellarator-linear-scan:stella-geometry
0.3,175,0.18359375,-0.3179179438341016,-0.03512981448751116,0.2567678446022674,-3.2460936579444257,unit_mode_chain_amplitude,stellarator-linear-scan:stella-geometry
0.3,176,0.1875,0.4562108305480078,-0.051756264476644824,0.2567678446022674,-3.2460936579444257,unit_mode_chain_amplitude,stellarator-linear-scan:stella-geometry
0.3,177,0.19140625,-0.6932457166017918,0.3128978298451833,0.2567678446022674,-3.2460936579444257,unit_mode_chain_amplitude,stellarator-linear-scan:stella-geometry
0.3,178,0.1953125,0.6591697177427776,-0.600098212136505,0.2567678446022674,-3.2460936579444257,unit_mode_chain_amplitude,stellarator-linear-scan:stella-geometry
0.3,179,0.19921875,-0.6024047492593667,0.3834350465761563,0.2567678446022674,-3.2460936579444257,unit_mode_chain_amplitude,stellarator-linear-scan:stella-geometry
0.3,180,0.203125,0.5830422805360356,-0.1768426038364469,0.2567678446022674,-3.2460936579444257,unit_mode_chain_amplitude,stellarator-linear-scan:stella-geometry
0.3,181,0.20703125,-0.57314465411975,-0.019758128488254704,0.2567678446022674,-3.2460936579444257,unit_mode_chain_amplitude,stellarator-linear-scan:stella-geometry
0.3,182,0.2109375,0.47633898409868364,0.13349940753815612,0.2567678446022674,-3.2460936579444257,unit_mode_chain_amplitude,stellarator-linear-scan:stella-geometry
0.3,183,0.21484375,-0.34156646871570573,-0.05560491349942795,0.2567678446022674,-3.2460936579444257,unit_mode_chain_amplitude,stellarator-linear-scan:stella-geometry
0.3,184,0.21875,0.26127158834150926,-0.1495946778223201,0.2567678446022674,-3.2460936579444257,unit_mode_chain_amplitude,stellarator-linear-scan:stella-geometry
0.3,185,0.22265625,-0.3386759503861756,0.28995949950293176,0.2567678446022674,-3.2460936579444257,unit_mode_chain_amplitude,stellarator-linear-scan:stella-geometry
0.3,186,0.2265625,0.48907675667520323,-0.3622024936797475,0.2567678446022674,-3.2460936579444257,unit_mode_chain_amplitude,stellarator-linear-scan:stella-geometry
0.3,187,0.23046875,-0.9739572675533873,0.27402998806544376,0.2567678446022674,-3.2460936579444257,unit_mode_chain_amplitude,stellarator-linear-scan:stella-geometry
0.3,188,0.234375,1.2152224493003032,0.1513057854717801,0.2567678446022674,-3.2460936579444257,unit_mode_chain_amplitude,stellarator-linear-scan:stella-geometry
0.3,189,0.23828125,-0.8378732407920756,-0.6101920488488279,0.2567678446022674,-3.2460936579444257,unit_mode_chain_amplitude,stellarator-linear-scan:stella-geometry
0.3,190,0.2421875,0.31704170151715955,0.5040430597598029,0.2567678446022674,-3.2460936579444257,unit_mode_chain_amplitude,stellarator-linear-scan:stella-geometry
0.3,191,0.24609375,-0.12160868238635358,-0.2153768906454739,0.2567678446022674,-3.2460936579444257,unit_mode_chain_amplitude,stellarator-linear-scan:stella-geometry
0.3,192,0.25,0.11067778510667756,0.007518732266599615,0.2567678446022674,-3.2460936579444257,unit_mode_chain_amplitude,stellarator-linear-scan:stella-geometry
0.3,193,0.25390625,-0.18170537820588875,0.02831111334666937,0.2567678446022674,-3.2460936579444257,unit_mode_chain_amplitude,stellarator-linear-scan:stella-geometry
0.3,194,0.2578125,0.2458098806400336,0.015943100030940193,0.2567678446022674,-3.2460936579444257,unit_mode_chain_amplitude,stellarator-linear-scan:stella-geometry
0.3,195,0.26171875,-0.46900616706668036,-0.16929232448151318,0.2567678446022674,-3.2460936579444257,unit_mode_chain_amplitude,stellarator-linear-scan:stella-geometry
0.3,196,0.265625,0.6684050506371811,0.6336752892232836,0.2567678446022674,-3.2460936579444257,unit_mode_chain_amplitude,stellarator-linear-scan:stella-geometry
0.3,197,0.26953125,-0.2862394827297279,-1.16112566774454,0.2567678446022674,-3.2460936579444257,unit_mode_chain_amplitude,stellarator-linear-scan:stella-geometry
0.3,198,0.2734375,-0.25148399367804763,0.6550484673445756,0.2567678446022674,-3.2460936579444257,unit_mode_chain_amplitude,stellarator-linear-scan:stella-geometry
0.3,199,0.27734375,0.23423260198009885,-0.22494080948413236,0.2567678446022674,-3.2460936579444257,unit_mode_chain_amplitude,stellarator-linear-scan:stella-geometry
0.3,200,0.28125,-0.12281948492791833,0.1111481690758161,0.2567678446022674,-3.2460936579444257,unit_mode_chain_amplitude,stellarator-linear-scan:stella-geometry
0.3,201,0.28515625,0.012399841428812154,-0.15297374687860218,0.2567678446022674,-3.2460936579444257,unit_mode_chain_amplitude,stellarator-linear-scan:stella-geometry
0.3,202,0.2890625,0.09094614990559827,0.2582621141757053,0.2567678446022674,-3.2460936579444257,unit_mode_chain_amplitude,stellarator-linear-scan:stella-geometry
0.3,203,0.29296875,-0.15921245033382608,-0.3724500327612422,0.2567678446022674,-3.2460936579444257,unit_mode_chain_amplitude,stellarator-linear-scan:stella-geometry
0.3,204,0.296875,0.07387070612813154,0.2926226826700157,0.2567678446022674,-3.2460936579444257,unit_mode_chain_amplitude,stellarator-linear-scan:stella-geometry
0.3,205,0.30078125,-0.04182679645393279,-0.22662784553595472,0.2567678446022674,-3.2460936579444257,unit_mode_chain_amplitude,stellarator-linear-scan:stella-geometry
0.3,206,0.3046875,0.025713850957614127,0.14319936763545293,0.2567678446022674,-3.2460936579444257,unit_mode_chain_amplitude,stellarator-linear-scan:stella-geometry
0.3,207,0.30859375,-0.03236867587804436,-0.07600289331346148,0.2567678446022674,-3.2460936579444257,unit_mode_chain_amplitude,stellarator-linear-scan:stella-geometry
0.3,208,0.3125,0.04720890332281566,0.05689787067098817,0.2567678446022674,-3.2460936579444257,unit_mode_chain_amplitude,stellarator-linear-scan:stella-geometry
0.3,209,0.31640625,-0.07235494073798539,-0.09247967936939507,0.2567678446022674,-3.2460936579444257,unit_mode_chain_amplitude,stellarator-linear-scan:stella-geometry
0.3,210,0.3203125,0.11397785159897979,0.14368264321598398,0.2567678446022674,-3.2460936579444257,unit_mode_chain_amplitude,stellarator-linear-scan:stella-geometry
0.3,211,0.32421875,-0.17238410109959143,-0.20404190666876004,0.2567678446022674,-3.2460936579444257,unit_mode_chain_amplitude,stellarator-linear-scan:stella-geometry
0.3,212,0.328125,0.29788568495284845,0.30848406052349214,0.2567678446022674,-3.2460936579444257,unit_mode_chain_amplitude,stellarator-linear-scan:stella-geometry
0.3,213,0.33203125,-0.5198780272469092,-0.35267641601371996,0.2567678446022674,-3.2460936579444257,unit_mode_chain_amplitude,stellarator-linear-scan:stella-geometry
0.3,214,0.3359375,0.6360020511304957,0.06344327770403711,0.2567678446022674,-3.2460936579444257,unit_mode_chain_amplitude,stellarator-linear-scan:stella-geometry
0.3,215,0.33984375,-0.5095855164544673,-0.0016403127936931757,0.2567678446022674,-3.2460936579444257,unit_mode_chain_amplitude,stellarator-linear-scan:stella-geometry
0.3,216,0.34375,0.2566141462891018,0.2881442189812024,0.2567678446022674,-3.2460936579444257,unit_mode_chain_amplitude,stellarator-linear-scan:stella-geometry
0.3,217,0.34765625,-0.09023098449199578,-0.43130439900877837,0.2567678446022674,-3.2460936579444257,unit_mode_chain_amplitude,stellarator-linear-scan:stella-geometry
0.3,218,0.3515625,-0.010328141570736107,0.45151286634616933,0.2567678446022674,-3.2460936579444257,unit_mode_chain_amplitude,stellarator-linear-scan:stella-geometry
0.3,219,0.35546875,0.014370053959638914,-0.31425832962276223,0.2567678446022674,-3.2460936579444257,unit_mode_chain_amplitude,stellarator-linear-scan:stella-geometry
0.3,220,0.359375,0.06811656198235448,0.054298738264421866,0.2567678446022674,-3.2460936579444257,unit_mode_chain_amplitude,stellarator-linear-scan:stella-geometry
0.3,221,0.36328125,-0.1857476099725446,0.09971942031974619,0.2567678446022674,-3.2460936579444257,unit_mode_chain_amplitude,stellarator-linear-scan:stella-geometry
0.3,222,0.3671875,0.22032602455075082,0.0070099038566818995,0.2567678446022674,-3.2460936579444257,unit_mode_chain_amplitude,stellarator-linear-scan:stella-geometry
0.3,223,0.37109375,-0.16176762013162616,-0.9943621255109418,0.2567678446022674,-3.2460936579444257,unit_mode_chain_amplitude,stellarator-linear-scan:stella-geometry
0.3,224,0.375,-0.1148509935422556,2.1099783379156127,0.2567678446022674,-3.2460936579444257,unit_mode_chain_amplitude,stellarator-linear-scan:stella-geometry
0.3,225,0.37890625,0.904418195710624,-2.2752652470144317,0.2567678446022674,-3.2460936579444257,unit_mode_chain_amplitude,stellarator-linear-scan:stella-geometry
0.3,226,0.3828125,-1.191443900426826,1.199357827155817,0.2567678446022674,-3.2460936579444257,unit_mode_chain_amplitude,stellarator-linear-scan:stella-geometry
0.3,227,0.38671875,0.9481020531127519,-0.3142056356857905,0.2567678446022674,-3.2460936579444257,unit_mode_chain_amplitude,stellarator-linear-scan:stella-geometry
0.3,228,0.390625,-0.5970390834637026,-0.04920898718491368,0.2567678446022674,-3.2460936579444257,unit_mode_chain_amplitude,stellarator-linear-scan:stella-geometry
0.3,229,0.39453125,0.35044390143637777,-0.09767581586704589,0.2567678446022674,-3.2460936579444257,unit_mode_chain_amplitude,stellarator-linear-scan:stella-geometry
0.3,230,0.3984375,-0.21834130302755758,0.23980494232834196,0.2567678446022674,-3.2460936579444257,unit_mode_chain_amplitude,stellarator-linear-scan:stella-geometry
0.3,231,0.40234375,0.18764438606763023,-0.3814067073107243,0.2567678446022674,-3.2460936579444257,unit_mode_chain_amplitude,stellarator-linear-scan:stella-geometry
0.3,232,0.40625,-1.2211082170709338,1.7770732046326807,0.2567678446022674,-3.2460936579444257,unit_mode_chain_amplitude,stellarator-linear-scan:stella-geometry
0.3,233,0.41015625,3.981939043405779,-1.660284476361593,0.2567678446022674,-3.2460936579444257,unit_mode_chain_amplitude,stellarator-linear-scan:stella-geometry
0.3,234,0.4140625,-3.338735118766656,-0.8538497226125281,0.2567678446022674,-3.2460936579444257,unit_mode_chain_amplitude,stellarator-linear-scan:stella-geometry
0.3,235,0.41796875,1.2392784076380743,1.3886953963764799,0.2567678446022674,-3.2460936579444257,unit_mode_chain_amplitude,stellarator-linear-scan:stella-geometry
0.3,236,0.421875,-0.7181567150594298,-1.1436380615971435,0.2567678446022674,-3.2460936579444257,unit_mode_chain_amplitude,stellarator-linear-scan:stella-geometry
0.3,237,0.42578125,0.6929250845567179,0.7791088155788439,0.2567678446022674,-3.2460936579444257,unit_mode_chain_amplitude,stellarator-linear-scan:stella-geometry
0.3,238,0.4296875,-0.7308731759621976,-0.5045780380155731,0.2567678446022674,-3.2460936579444257,unit_mode_chain_amplitude,stellarator-linear-scan:stella-geometry
0.3,239,0.43359375,0.7952793687548338,0.3449620456162785,0.2567678446022674,-3.2460936579444257,unit_mode_chain_amplitude,stellarator-linear-scan:stella-geometry
0.3,240,0.4375,-0.7256890354033929,-0.30513519826769814,0.2567678446022674,-3.2460936579444257,unit_mode_chain_amplitude,stellarator-linear-scan:stella-geometry
0.3,241,0.44140625,0.6671151770933245,0.5547053763303831,0.2567678446022674,-3.2460936579444257,unit_mode_chain_amplitude,stellarator-linear-scan:stella-geometry
0.3,242,0.4453125,-0.4516656904490529,-0.954487145190845,0.2567678446022674,-3.2460936579444257,unit_mode_chain_amplitude,stellarator-linear-scan:stella-geometry
0.3,243,0.44921875,0.017109263685497915,0.7627215433892919,0.2567678446022674,-3.2460936579444257,unit_mode_chain_amplitude,stellarator-linear-scan:stella-geometry
0.3,244,0.453125,-0.03160444623430204,-0.44485740351830766,0.2567678446022674,-3.2460936579444257,unit_mode_chain_amplitude,stellarator-linear-scan:stella-geometry
0.3,245,0.45703125,0.11980697116342896,0.35613426951313026,0.2567678446022674,-3.2460936579444257,unit_mode_chain_amplitude,stellarator-linear-scan:stella-geometry
0.3,246,0.4609375,-0.19469048304049458,-0.3722659756203457,0.2567678446022674,-3.2460936579444257,unit_mode_chain_amplitude,stellarator-linear-scan:stella-geometry
0.3,247,0.46484375,0.3262486546240027,0.47403331918448915,0.2567678446022674,-3.2460936579444257,unit_mode_chain_amplitude,stellarator-linear-scan:stella-geometry
0.3,248,0.46875,-0.3205974401752645,-0.6734316089637428,0.2567678446022674,-3.2460936579444257,unit_mode_chain_amplitude,stellarator-linear-scan:stella-geometry
0.3,249,0.47265625,0.07647282815898374,0.6636927583091478,0.2567678446022674,-3.2460936579444257,unit_mode_chain_amplitude,stellarator-linear-scan:stella-geometry
0.3,250,0.4765625,0.08685569313031814,-0.4023314299197188,0.2567678446022674,-3.2460936579444257,unit_mode_chain_amplitude,stellarator-linear-scan:stella-geometry
0.3,251,0.48046875,-0.03888850929834235,0.22107831621878543,0.2567678446022674,-3.2460936579444257,unit_mode_chain_amplitude,stellarator-linear-scan:stella-geometry
0.3,252,0.484375,-0.01336326416408381,-0.09854598911580856,0.2567678446022674,-3.2460936579444257,unit_mode_chain_amplitude,stellarator-linear-scan:stella-geometry
0.3,253,0.48828125,-0.01190881099201658,-0.014322446405993951,0.2567678446022674,-3.2460936579444257,unit_mode_chain_amplitude,stellarator-linear-scan:stella-geometry
0.3,254,0.4921875,-0.009247935014412281,-0.05190686503347369,0.2567678446022674,-3.2460936579444257,unit_mode_chain_amplitude,stellarator-linear-scan:stella-geometry
0.3,255,0.49609375,0.011309813455135702,0.13746629125889326,0.2567678446022674,-3.2460936579444257,unit_mode_chain_amplitude,stellarator-linear-scan:stella-geometry
