ky,z_index,z,phi_real,phi_imag,growth_rate,frequency,normalization,source
0.1,0,-0.5,-0.429614754807141,-0.6083845637040569,0.6571563089603494,-0.011745976924069715,unit_mode_chain_amplitude,stellarator-linear-scan:stella-geometry
0.1,1,-0.49609375,-0.49734741791484577,-0.5070463570646008,0.6571563089603494,-0.011745976924069715,unit_mode_chain_amplitude,stellarator-linear-scan:stella-geometry
0.1,2,-0.4921875,-0.5158203507834547,-0.35511562426991283,0.6571563089603494,-0.011745976924069715,unit_mode_chain_amplitude,stellarator-linear-scan:stella-geometry
0.1,3,-0.48828125,-0.4527900776207938,-0.17150372166079111,0.6571563089603494,-0.011745976924069715,unit_mode_chain_amplitude,stellarator-linear-scan:stella-geometry
0.1,4,-0.484375,-0.24321849771459877,0.04996125383559287,0.6571563089603494,-0.011745976924069715,unit_mode_chain_amplitude,stellarator-linear-scan:stella-geometry
0.1,5,-0.48046875,0.040181099893448056,0.262439834426261,0.6571563089603494,-0.011745976924069715,unit_mode_chain_amplitude,stellarator-linear-scan:stella-geometry
0.1,6,-0.4765625,0.3046171781774651,0.45817611810363656,0.6571563089603494,-0.011745976924069715,unit_mode_chain_amplitude,stellarator-linear-scan:stella-geometry
0.1,7,-0.47265625,0.48355517550773175,0.6372925448364243,0.6571563089603494,-0.011745976924069715,unit_mode_chain_amplitude,stellarator-linear-scan:stella-geometry
0.1,8,-0.46875,0.5532087150543832,0.7827778112769431,0.6571563089603494,-0.011745976924069715,unit_mode_chain_amplitude,stellarator-linear-scan:stella-geometry
0.1,9,-0.46484375,0.5375942032583848,0.8894683648678152,0.6571563089603494,-0.011745976924069715,unit_mode_chain_amplitude,stellarator-linear-scan:stella-geometry
0.1,10,-0.4609375,0.4168005007791027,0.8999833376843748,0.6571563089603494,-0.011745976924069715,unit_mode_chain_amplitude,stellarator-linear-scan:stella-geometry
0.1,11,-0.45703125,0.2084978259067374,0.8006479066962293,0.6571563089603494,-0.011745976924069715,unit_mode_chain_amplitude,stellarator-linear-scan:stella-geometry
0.1,12,-0.453125,-0.03235605337323152,0.636696127166897,0.6571563089603494,-0.011745976924069715,unit_mode_chain_amplitude,stellarator-linear-scan:stella-geometry
0.1,13,-0.44921875,-0.24372983988933233,0.4468827823949523,0.6571563089603494,-0.011745976924069715,unit_mode_chain_amplitude,stellarator-linear-scan:stella-geometry
0.1,14,-0.4453125,-0.408002813178122,0.26303107983601265,0.6571563089603494,-0.011745976924069715,unit_mode_chain_amplitude,stellarator-linear-scan:stella-geometry
0.1,15,-0.44140625,-0.5296993791685763,0.056866982256022366,0.6571563089603494,-0.011745976924069715,unit_mode_chain_amplitude,stellarator-linear-scan:stella-geometry
0.1,16,-0.4375,-0.5924645566102528,-0.183703864692958,0.6571563089603494,-0.011745976924069715,unit_mode_chain_amplitude,stellarator-linear-scan:stella-geometry
0.1,17,-0.43359375,-0.5360094361914008,-0.45964447811756187,0.6571563089603494,-0.011745976924069715,unit_mode_chain_amplitude,stellarator-linear-scan:stella-geometry
0.1,18,-0.4296875,-0.29950461467555456,-0.6838426691268433,0.6571563089603494,-0.011745976924069715,unit_mode_chain_amplitude,stellarator-linear-scan:stella-geometry
0.1,19,-0.42578125,-0.00646328861359009,-0.8018481090388028,0.6571563089603494,-0.011745976924069715,unit_mode_chain_amplitude,stellarator-linear-scan:stella-geometry
0.1,20,-0.421875,0.23005632550981445,-0.8201875402434744,0.6571563089603494,-0.011745976924069715,unit_mode_chain_amplitude,stellarator-linear-scan:stella-geometry
0.1,21,-0.41796875,0.3867501154043467,-0.7896463355231019,0.6571563089603494,-0.011745976924069715,unit_mode_chain_amplitude,stellarator-linear-scan:stella-geometry
0.1,22,-0.4140625,0.5162860494746269,-0.7941311772787505,0.6571563089603494,-0.011745976924069715,unit_mode_chain_amplitude,stellarator-linear-scan:stella-geometry
0.1,23,-0.41015625,0.6021501304096514,-0.7927335902975066,0.6571563089603494,-0.011745976924069715,unit_mode_chain_amplitude,stellarator-linear-scan:stella-geometry
0.1,24,-0.40625,0.6013744113266479,-0.6906540785620259,0.6571563089603494,-0.011745976924069715,unit_mode_chain_amplitude,stellarator-linear-scan:stella-geometry
0.1,25,-0.40234375,0.5020602452741454,-0.4857846188622104,0.6571563089603494,-0.011745976924069715,unit_mode_chain_amplitude,stellarator-linear-scan:stella-geometry
0.1,26,-0.3984375,0.19658907951811924,-0.21111693574341342,0.6571563089603494,-0.011745976924069715,unit_mode_chain_amplitude,stellarator-linear-scan:stella-geometry
0.1,27,-0.39453125,-0.12599645655720162,0.05724082407724881,0.6571563089603494,-0.011745976924069715,unit_mode_chain_amplitude,stellarator-linear-scan:stella-geometry
0.1,28,-0.390625,-0.35020419758569754,0.27880445598286313,0.6571563089603494,-0.011745976924069715,unit_mode_chain_amplitude,stellarator-linear-scan:stella-geometry
0.1,29,-0.38671875,-0.48304743705725905,0.4702571289582743,0.6571563089603494,-0.011745976924069715,unit_mode_chain_amplitude,stellarator-linear-scan:stella-geometry
0.1,30,-0.3828125,-0.5790495287719949,0.6887388339576604,0.6571563089603494,-0.011745976924069715,unit_mode_chain_amplitude,stellarator-linear-scan:stella-geometry
0.1,31,-0.37890625,-0.5940498517689219,0.9280249213954794,0.6571563089603494,-0.011745976924069715,unit_mode_chain_amplitude,stellarator-linear-scan:stella-geometry
0.1,32,-0.375,-0.46107147127748555,1.1153970545759224,0.6571563089603494,-0.011745976924069715,unit_mode_chain_amplitude,stellarator-linear-scan:stella-geometry
0.1,33,-0.37109375,-0.192780922561928,1.1527565915375284,0.6571563089603494,-0.011745976924069715,unit_mode_chain_amplitude,stellarator-linear-scan:stella-geometry
0.1,34,-0.3671875,0.09439985784678807,0.985415075175343,0.6571563089603494,-0.011745976924069715,unit_mode_chain_amplitude,stellarator-linear-scan:stella-geometry
0.1,35,-0.36328125,0.3085913359526647,0.7299449634579293,0.6571563089603494,-0.011745976924069715,unit_mode_chain_amplitude,stellarator-linear-scan:stella-geometry
0.1,36,-0.359375,0.45102650525147214,0.4943873042556448,0.6571563089603494,-0.011745976924069715,unit_mode_chain_amplitude,stellarator-linear-scan:stella-geometry
0.1,37,-0.35546875,0.551278855528911,0.2932150287276931,0.6571563089603494,-0.011745976924069715,unit_mode_chain_amplitude,stellarator-linear-scan:stella-geometry
0.1,38,-0.3515625,0.5932571913390007,0.07143235849459327,0.6571563089603494,-0.011745976924069715,unit_mode_chain_amplitude,stellarator-linear-scan:stella-geometry
0.1,39,-0.34765625,0.5447875875183207,-0.19285937492209454,0.6571563089603494,-0.011745976924069715,unit_mode_chain_amplitude,stellarator-linear-scan:stella-geometry
0.1,40,-0.34375,0.3685543415638023,-0.47808148168288156,0.6571563089603494,-0.011745976924069715,unit_mode_chain_amplitude,stellarator-linear-scan:stella-geometry
0.1,41,-0.33984375,0.042956643490330654,-0.7192371637585946,0.6571563089603494,-0.011745976924069715,unit_mode_chain_amplitude,stellarator-linear-scan:stella-geometry
0.1,42,-0.3359375,-0.2763028934845746,-0.8520630730365191,0.6571563089603494,-0.011745976924069715,unit_mode_chain_amplitude,stellarator-linear-scan:stella-geometry
0.1,43,-0.33203125,-0.4904272844174493,-0.9372791850048678,0.6571563089603494,-0.011745976924069715,unit_mode_chain_amplitude,stellarator-linear-scan:stella-geometry
0.1,44,-0.328125,-0.5943868597168933,-0.9523267715136898,0.6571563089603494,-0.011745976924069715,unit_mode_chain_amplitude,stellarator-linear-scan:stella-geometry
0.1,45,-0.32421875,-0.6268023527964307,-0.9280427319222767,0.6571563089603494,-0.011745976924069715,unit_mode_chain_amplitude,stellarator-linear-scan:stella-geometry
0.1,46,-0.3203125,-0.578000004752932,-0.8532532561939247,0.6571563089603494,-0.011745976924069715,unit_mode_chain_amplitude,stellarator-linear-scan:stella-geometry
0.1,47,-0.31640625,-0.43215141598144274,-0.7085176080875878,0.6571563089603494,-0.011745976924069715,unit_mode_chain_amplitude,stellarator-linear-scan:stella-geometry
0.1,48,-0.3125,-0.1787038891606265,-0.47486647228073015,0.6571563089603494,-0.011745976924069715,unit_mode_chain_amplitude,stellarator-linear-scan:stella-geometry
0.1,49,-0.30859375,0.10622702795394964,-0.21414070504790705,0.6571563089603494,-0.011745976924069715,unit_mode_chain_amplitude,stellarator-linear-scan:stella-geometry
0.1,50,-0.3046875,0.3619761040464977,0.04927803534376032,0.6571563089603494,-0.011745976924069715,unit_mode_chain_amplitude,stellarator-linear-scan:stella-geometry
0.1,51,-0.30078125,0.5670946664340563,0.3144262622997531,0.6571563089603494,-0.011745976924069715,unit_mode_chain_amplitude,stellarator-linear-scan:stella-geometry
0.1,52,-0.296875,0.6714157284232706,0.5821823268123387,0.6571563089603494,-0.011745976924069715,unit_mode_chain_amplitude,stellarator-linear-scan:stella-geometry
0.1,53,-0.29296875,0.6811405133162727,0.8852128987515527,0.6571563089603494,-0.011745976924069715,unit_mode_chain_amplitude,stellarator-linear-scan:stella-geometry
0.1,54,-0.2890625,0.5088585011034649,1.1239041015359819,0.6571563089603494,-0.011745976924069715,unit_mode_chain_amplitude,stellarator-linear-scan:stella-geometry
0.1,55,-0.28515625,0.19242574429399636,1.1835512213678148,0.6571563089603494,-0.011745976924069715,unit_mode_chain_amplitude,stellarator-linear-scan:stella-geometry
0.1,56,-0.28125,-0.1292327686763348,1.1003621746545809,0.6571563089603494,-0.011745976924069715,unit_mode_chain_amplitude,stellarator-linear-scan:stella-geometry
0.1,57,-0.27734375,-0.37868608381491525,0.9448124380064086,0.6571563089603494,-0.011745976924069715,unit_mode_chain_amplitude,stellarator-linear-scan:stella-geometry
0.1,58,-0.2734375,-0.5569422164520389,0.7813764999468588,0.6571563089603494,-0.011745976924069715,unit_mode_chain_amplitude,stellarator-linear-scan:stella-geometry
0.1,59,-0.26953125,-0.6998512710636497,0.6354115014089406,0.6571563089603494,-0.011745976924069715,unit_mode_chain_amplitude,stellarator-linear-scan:stella-geometry
0.1,60,-0.265625,-0.7612051991199639,0.4214720766221706,0.6571563089603494,-0.011745976924069715,unit_mode_chain_amplitude,stellarator-linear-scan:stella-geometry
0.1,61,-0.26171875,-0.6944842616475302,0.11552807554600562,0.6571563089603494,-0.011745976924069715,unit_mode_chain_amplitude,stellarator-linear-scan:stella-geometry
0.1,62,-0.2578125,-0.4279513863628105,-0.23521029727015655,0.6571563089603494,-0.011745976924069715,unit_mode_chain_amplitude,stellarator-linear-scan:stella-geometry
0.1,63,-0.25390625,-0.029752867547424587,-0.5433489092256119,0.6571563089603494,-0.011745976924069715,unit_mode_chain_amplitude,stellarator-linear-scan:stella-geometry
0.1,64,-0.25,0.30444413879098664,-0.7475087946072642,0.6571563089603494,-0.011745976924069715,unit_mode_chain_amplitude,stellarator-linear-scan:stella-geometry
0.1,65,-0.24609375,0.51630920151497,-0.8752169558657261,0.6571563089603494,-0.011745976924069715,unit_mode_chain_amplitude,stellarator-linear-scan:stella-geometry
0.1,66,-0.2421875,0.6598743869235877,-1.0059260637475018,0.6571563089603494,-0.011745976924069715,unit_mode_chain_amplitude,stellarator-linear-scan:stella-geometry
0.1,67,-0.23828125,0.7539366402700212,-1.1763033116026096,0.6571563089603494,-0.011745976924069715,unit_mode_chain_amplitude,stellarator-linear-scan:stella-geometry
0.1,68,-0.234375,0.7142655768652602,-1.2975532700172474,0.6571563089603494,-0.011745976924069715,unit_mode_chain_amplitude,stellarator-linear-scan:stella-geometry
0.1,69,-0.23046875,0.4911870713700231,-1.2641135573015783,0.6571563089603494,-0.011745976924069715,unit_mode_chain_amplitude,stellarator-linear-scan:stella-geometry
0.1,70,-0.2265625,0.12526453978270444,-0.9877223423419071,0.6571563089603494,-0.011745976924069715,unit_mode_chain_amplitude,stellarator-linear-scan:stella-geometry
0.1,71,-0.22265625,-0.23537505223246322,-0.614685860729002,0.6571563089603494,-0.011745976924069715,unit_mode_chain_amplitude,stellarator-linear-scan:stella-geometry
0.1,72,-0.21875,-0.48484660929403894,-0.25374722619369383,0.6571563089603494,-0.011745976924069715,unit_mode_chain_amplitude,stellarator-linear-scan:stella-geometry
0.1,73,-0.21484375,-0.6353320148303385,0.05067399396879141,0.6571563089603494,-0.011745976924069715,unit_mode_chain_amplitude,stellarator-linear-scan:stella-geometry
0.1,74,-0.2109375,-0.740413711521522,0.3580751943517936,0.6571563089603494,-0.011745976924069715,unit_mode_chain_amplitude,stellarator-linear-scan:stella-geometry
0.1,75,-0.20703125,-0.7431828960392676,0.7002526520307317,0.6571563089603494,-0.011745976924069715,unit_mode_chain_amplitude,stellarator-linear-scan:stella-geometry
0.1,76,-0.203125,-0.597896404978677,1.0502040117939384,0.6571563089603494,-0.011745976924069715,unit_mode_chain_amplitude,stellarator-linear-scan:stella-geometry
0.1,77,-0.19921875,-0.2711463138344818,1.3206267510477985,0.6571563089603494,-0.011745976924069715,unit_mode_chain_amplitude,stellarator-linear-scan:stella-geometry
0.1,78,-0.1953125,0.15881342708073426,1.3861304996737964,0.6571563089603494,-0.011745976924069715,unit_mode_chain_amplitude,stellarator-linear-scan:stella-geometry
0.1,79,-0.19140625,0.4824147997407093,1.2761529922821224,0.6571563089603494,-0.011745976924069715,unit_mode_chain_amplitude,stellarator-linear-scan:stella-geometry
0.1,80,-0.1875,0.6664768098638135,1.1108133532187585,0.6571563089603494,-0.011745976924069715,unit_mode_chain_amplitude,stellarator-linear-scan:stella-geometry
0.1,81,-0.18359375,0.7421548696368004,0.908953189862665,0.6571563089603494,-0.011745976924069715,unit_mode_chain_amplitude,stellarator-linear-scan:stella-geometry
0.1,82,-0.1796875,0.7582146170275889,0.7216316804265734,0.6571563089603494,-0.011745976924069715,unit_mode_chain_amplitude,stellarator-linear-scan:stella-geometry
0.1,83,-0.17578125,0.6522956053449719,0.46297804430627515,0.6571563089603494,-0.011745976924069715,unit_mode_chain_amplitude,stellarator-linear-scan:stella-geometry
0.1,84,-0.171875,0.40549674941159275,0.1310805127179486,0.6571563089603494,-0.011745976924069715,unit_mode_chain_amplitude,stellarator-linear-scan:stella-geometry
0.1,85,-0.16796875,0.03887102589332924,-0.231412338487316,0.6571563089603494,-0.011745976924069715,unit_mode_chain_amplitude,stellarator-linear-scan:stella-geometry
0.1,86,-0.1640625,-0.32145368875135233,-0.5475080160398497,0.6571563089603494,-0.011745976924069715,unit_mode_chain_amplitude,stellarator-linear-scan:stella-geometry
0.1,87,-0.16015625,-0.6035423364463719,-0.809695230261125,0.6571563089603494,-0.011745976924069715,unit_mode_chain_amplitude,stellarator-linear-scan:stella-geometry
0.1,88,-0.15625,-0.7826058649921361,-1.044022987785558,0.6571563089603494,-0.011745976924069715,unit_mode_chain_amplitude,stellarator-linear-scan:stella-geometry
0.1,89,-0.15234375,-0.8378527337249702,-1.2510998804062818,0.6571563089603494,-0.011745976924069715,unit_mode_chain_amplitude,stellarator-linear-scan:stella-geometry
0.1,90,-0.1484375,-0.7445037426116295,-1.4077164366146453,0.6571563089603494,-0.011745976924069715,unit_mode_chain_amplitude,stellarator-linear-scan:stella-geometry
0.1,91,-0.14453125,-0.46605472425751066,-1.4067711687271314,0.6571563089603494,-0.011745976924069715,unit_mode_chain_amplitude,stellarator-linear-scan:stella-geometry
0.1,92,-0.140625,-0.0801550151406022,-1.2164649681617263,0.6571563089603494,-0.011745976924069715,unit_mode_chain_amplitude,stellarator-linear-scan:stella-geometry
0.1,93,-0.13671875,0.28451462748201634,-0.9262078151727208,0.6571563089603494,-0.011745976924069715,unit_mode_chain_amplitude,stellarator-linear-scan:stella-geometry
0.1,94,-0.1328125,0.5621738736286404,-0.605578127301805,0.6571563089603494,-0.011745976924069715,unit_mode_chain_amplitude,stellarator-linear-scan:stella-geometry
0.1,95,-0.12890625,0.7762809425044608,-0.29746595843007423,0.6571563089603494,-0.011745976924069715,unit_mode_chain_amplitude,stellarator-linear-scan:stella-geometry
0.1,96,-0.125,0.8846575889166072,0.05182468487837214,0.6571563089603494,-0.011745976924069715,unit_mode_chain_amplitude,stellarator-linear-scan:stella-geometry
0.1,97,-0.12109375,0.8806981084050209,0.4501649392852804,0.6571563089603494,-0.011745976924069715,unit_mode_chain_amplitude,stellarator-linear-scan:stella-geometry
0.1,98,-0.1171875,0.6967795256240381,0.8635163364747008,0.6571563089603494,-0.011745976924069715,unit_mode_chain_amplitude,stellarator-linear-scan:stella-geometry
0.1,99,-0.11328125,0.29516945318616955,1.1603778611679199,0.6571563089603494,-0.011745976924069715,unit_mode_chain_amplitude,stellarator-linear-scan:stella-geometry
0.1,100,-0.109375,-0.1472781883951962,1.2899419834536396,0.6571563089603494,-0.011745976924069715,unit_mode_chain_amplitude,stellarator-linear-scan:stella-geometry
0.1,101,-0.10546875,-0.48326136796014296,1.2874562105121048,0.6571563089603494,-0.011745976924069715,unit_mode_chain_amplitude,stellarator-linear-scan:stella-geometry
0.1,102,-0.1015625,-0.6852072203415343,1.2170131987039665,0.6571563089603494,-0.011745976924069715,unit_mode_chain_amplitude,stellarator-linear-scan:stella-geometry
0.1,103,-0.09765625,-0.8403148598433319,1.2057453913321217,0.6571563089603494,-0.011745976924069715,unit_mode_chain_amplitude,stellarator-linear-scan:stella-geometry
0.1,104,-0.09375,-0.9138871220396841,1.1836878190877083,0.6571563089603494,-0.011745976924069715,unit_mode_chain_amplitude,stellarator-linear-scan:stella-geometry
0.1,105,-0.08984375,-0.7830727524043696,1.0012189015011848,0.6571563089603494,-0.011745976924069715,unit_mode_chain_amplitude,stellarator-linear-scan:stella-geometry
0.1,106,-0.0859375,-0.44248013279438503,0.6361610804433901,0.6571563089603494,-0.011745976924069715,unit_mode_chain_amplitude,stellarator-linear-scan:stella-geometry
0.1,107,-0.08203125,0.023149016841545016,0.16916170678794792,0.6571563089603494,-0.011745976924069715,unit_mode_chain_amplitude,stellarator-linear-scan:stella-geometry
0.1,108,-0.078125,0.40973462331880706,-0.23714534520771835,0.6571563089603494,-0.011745976924069715,unit_mode_chain_amplitude,stellarator-linear-scan:stella-geometry
0.1,109,-0.07421875,0.6534028142085628,-0.5490846655250063,0.6571563089603494,-0.011745976924069715,unit_mode_chain_amplitude,stellarator-linear-scan:stella-geometry
0.1,110,-0.0703125,0.7982024572299663,-0.8283862719030674,0.6571563089603494,-0.011745976924069715,unit_mode_chain_amplitude,stellarator-linear-scan:stella-geometry
0.1,111,-0.06640625,0.8774390803536559,-1.142932489409025,0.6571563089603494,-0.011745976924069715,unit_mode_chain_amplitude,stellarator-linear-scan:stella-geometry
0.1,112,-0.0625,0.8273787802899008,-1.465031042044125,0.6571563089603494,-0.011745976924069715,unit_mode_chain_amplitude,stellarator-linear-scan:stella-geometry
0.1,113,-0.05859375,0.5708074205342794,-1.6824294587448116,0.6571563089603494,-0.011745976924069715,unit_mode_chain_amplitude,stellarator-linear-scan:stella-geometry
0.1,114,-0.0546875,0.11735820144820577,-1.6770700922798323,0.6571563089603494,-0.011745976924069715,unit_mode_chain_amplitude,stellarator-linear-scan:stella-geometry
0.1,115,-0.05078125,-0.3489205156220103,-1.4025656248499032,0.6571563089603494,-0.011745976924069715,unit_mode_chain_amplitude,stellarator-linear-scan:stella-geometry
0.1,116,-0.046875,-0.6381272429597432,-1.007912439659585,0.6571563089603494,-0.011745976924069715,unit_mode_chain_amplitude,stellarator-linear-scan:stella-geometry
0.1,117,-0.04296875,-0.7759721789220224,-0.6379507929383802,0.6571563089603494,-0.011745976924069715,unit_mode_chain_amplitude,stellarator-linear-scan:stella-geometry
0.1,118,-0.0390625,-0.8547930692248372,-0.31829572794020844,0.6571563089603494,-0.011745976924069715,unit_mode_chain_amplitude,stellarator-linear-scan:stella-geometry
0.1,119,-0.03515625,-0.8307769970561919,0.039090633393416854,0.6571563089603494,-0.011745976924069715,unit_mode_chain_amplitude,stellarator-linear-scan:stella-geometry
0.1,120,-0.03125,-0.6518000053903814,0.4522174434849769,0.6571563089603494,-0.011745976924069715,unit_mode_chain_amplitude,stellarator-linear-scan:stella-geometry
0.1,121,-0.02734375,-0.30371111988031685,0.867107797381055,0.6571563089603494,-0.011745976924069715,unit_mode_chain_amplitude,stellarator-linear-scan:stella-geometry
0.1,122,-0.0234375,0.14502361674765718,1.1565580697842384,0.6571563089603494,-0.011745976924069715,unit_mode_chain_amplitude,stellarator-linear-scan:stella-geometry
0.1,123,-0.01953125,0.5195663432904413,1.2766027561058992,0.6571563089603494,-0.011745976924069715,unit_mode_chain_amplitude,stellarator-linear-scan:stella-geometry
0.1,124,-0.015625,0.7821446321171325,1.3665137864148889,0.6571563089603494,-0.011745976924069715,unit_mode_chain_amplitude,stellarator-linear-scan:stella-geometry
0.1,125,-0.01171875,0.8973308204195254,1.3771009499405074,0.6571563089603494,-0.011745976924069715,unit_mode_chain_amplitude,stellarator-linear-scan:stella-geometry
0.1,126,-0.0078125,0.8729264639441312,1.3303619165544112,0.6571563089603494,-0.011745976924069715,unit_mode_chain_amplitude,stellarator-linear-scan:stella-geometry
0.1,127,-0.00390625,0.6885003353823707,1.1895233097639712,0.6571563089603494,-0.011745976924069715,unit_mode_chain_amplitude,stellarator-linear-scan:stella-geometry
0.1,128,0.0,0.35488808502223534,0.935576297559697,0.6571563089603494,-0.011745976924069715,unit_mode_chain_amplitude,stellarator-linear-scan:stella-geometry
0.1,129,0.00390625,-0.06113127769057118,0.5588284794458643,0.6571563089603494,-0.011745976924069715,unit_mode_chain_amplitude,stellarator-linear-scan:stella-geometry
0.1,130,0.0078125,-0.4370113542196525,0.16127185178377046,0.6571563089603494,-0.011745976924069715,unit_mode_chain_amplitude,stellarator-linear-scan:stella-geometry
0.1,131,0.01171875,-0.713536680101158,-0.21979603259090014,0.6571563089603494,-0.011745976924069715,unit_mode_chain_amplitude,stellarator-linear-scan:stella-geometry
0.1,132,0.015625,-0.8785536272705716,-0.5812778360529892,0.6571563089603494,-0.011745976924069715,unit_mode_chain_amplitude,stellarator-linear-scan:stella-geometry
0.1,133,0.01953125,-0.9119153616771817,-0.9189927796860438,0.6571563089603494,-0.011745976924069715,unit_mode_chain_amplitude,stellarator-linear-scan:stella-geometry
0.1,134,0.0234375,-0.8476741979965948,-1.2821000945447532,0.6571563089603494,-0.011745976924069715,unit_mode_chain_amplitude,stellarator-linear-scan:stella-geometry
0.1,135,0.02734375,-0.5719173029761832,-1.521121830705375,0.6571563089603494,-0.011745976924069715,unit_mode_chain_amplitude,stellarator-linear-scan:stella-geometry
0.1,136,0.03125,-0.1353591936835883,-1.5329026938852581,0.6571563089603494,-0.011745976924069715,unit_mode_chain_amplitude,stellarator-linear-scan:stella-geometry
0.1,137,0.03515625,0.28376169200364343,-1.383276606441274,0.6571563089603494,-0.011745976924069715,unit_mode_chain_amplitude,stellarator-linear-scan:stella-geometry
0.1,138,0.0390625,0.585161901393882,-1.155368927080398,0.6571563089603494,-0.011745976924069715,unit_mode_chain_amplitude,stellarator-linear-scan:stella-geometry
0.1,139,0.04296875,0.7768588853053002,-0.9246069480368498,0.6571563089603494,-0.011745976924069715,unit_mode_chain_amplitude,stellarator-linear-scan:stella-geometry
0.1,140,0.046875,0.919871652120492,-0.710934811311792,0.6571563089603494,-0.011745976924069715,unit_mode_chain_amplitude,stellarator-linear-scan:stella-geometry
0.1,141,0.05078125,0.9207672536825516,-0.40160015516673375,0.6571563089603494,-0.011745976924069715,unit_mode_chain_amplitude,stellarator-linear-scan:stella-geometry
0.1,142,0.0546875,0.6973762770065476,0.029686276187710206,0.6571563089603494,-0.011745976924069715,unit_mode_chain_amplitude,stellarator-linear-scan:stella-geometry
0.1,143,0.05859375,0.2787487967316921,0.47802410877910456,0.6571563089603494,-0.011745976924069715,unit_mode_chain_amplitude,stellarator-linear-scan:stella-geometry
0.1,144,0.0625,-0.17582589381642572,0.8180641181019914,0.6571563089603494,-0.011745976924069715,unit_mode_chain_amplitude,stellarator-linear-scan:stella-geometry
0.1,145,0.06640625,-0.511888186150039,1.0141473562650576,0.6571563089603494,-0.011745976924069715,unit_mode_chain_amplitude,stellarator-linear-scan:stella-geometry
0.1,146,0.0703125,-0.7123565452655798,1.130727332268206,0.6571563089603494,-0.011745976924069715,unit_mode_chain_amplitude,stellarator-linear-scan:stella-geometry
0.1,147,0.07421875,-0.8331959160327768,1.2627948517675263,0.6571563089603494,-0.011745976924069715,unit_mode_chain_amplitude,stellarator-linear-scan:stella-geometry
0.1,148,0.078125,-0.8805765414845196,1.4198332451644662,0.6571563089603494,-0.011745976924069715,unit_mode_chain_amplitude,stellarator-linear-scan:stella-geometry
0.1,149,0.08203125,-0.7644515308228442,1.4948373688976062,0.6571563089603494,-0.011745976924069715,unit_mode_chain_amplitude,stellarator-linear-scan:stella-geometry
0.1,150,0.0859375,-0.43443555957942165,1.395770391509097,0.6571563089603494,-0.011745976924069715,unit_mode_chain_amplitude,stellarator-linear-scan:stella-geometry
0.1,151,0.08984375,0.05785562242168911,1.0332101677944494,0.6571563089603494,-0.011745976924069715,unit_mode_chain_amplitude,stellarator-linear-scan:stella-geometry
0.1,152,0.09375,0.45563513979399534,0.5776285790697229,0.6571563089603494,-0.011745976924069715,unit_mode_chain_amplitude,stellarator-linear-scan:stella-geometry
0.1,153,0.09765625,0.6667289428631809,0.16248600133952798,0.6571563089603494,-0.011745976924069715,unit_mode_chain_amplitude,stellarator-linear-scan:stella-geometry
0.1,154,0.1015625,0.7735776610231272,-0.1810800878401851,0.6571563089603494,-0.011745976924069715,unit_mode_chain_amplitude,stellarator-linear-scan:stella-geometry
0.1,155,0.10546875,0.8358436146357965,-0.5344344072055099,0.6571563089603494,-0.011745976924069715,unit_mode_chain_amplitude,stellarator-linear-scan:stella-geometry
0.1,156,0.109375,0.7693555202604542,-0.912967369746382,0.6571563089603494,-0.011745976924069715,unit_mode_chain_amplitude,stellarator-linear-scan:stella-geometry
0.1,157,0.11328125,0.5452606826989493,-1.2661974644608338,0.6571563089603494,-0.011745976924069715,unit_mode_chain_amplitude,stellarator-linear-scan:stella-geometry
0.1,158,0.1171875,0.16531063834943016,-1.4891792256646075,0.6571563089603494,-0.011745976924069715,unit_mode_chain_amplitude,stellarator-linear-scan:stella-geometry
0.1,159,0.12109375,-0.2742978789839065,-1.47701025884924,0.6571563089603494,-0.011745976924069715,unit_mode_chain_amplitude,stellarator-linear-scan:stella-geometry
0.1,160,0.125,-0.6033495181748559,-1.3289119789534607,0.6571563089603494,-0.011745976924069715,unit_mode_chain_amplitude,stellarator-linear-scan:stella-geometry
0.1,161,0.12890625,-0.7804172327291685,-1.1372894780281173,0.6571563089603494,-0.011745976924069715,unit_mode_chain_amplitude,stellarator-linear-scan:stella-geometry
0.1,162,0.1328125,-0.8106085413500683,-0.9037615579376045,0.6571563089603494,-0.011745976924069715,unit_mode_chain_amplitude,stellarator-linear-scan:stella-geometry
0.1,163,0.13671875,-0.754629488642932,-0.6731979705288443,0.6571563089603494,-0.011745976924069715,unit_mode_chain_amplitude,stellarator-linear-scan:stella-geometry
0.1,164,0.140625,-0.5489624688873044,-0.3657516590859459,0.6571563089603494,-0.011745976924069715,unit_mode_chain_amplitude,stellarator-linear-scan:stella-geometry
0.1,165,0.14453125,-0.20390967206314092,0.011382762488555822,0.6571563089603494,-0.011745976924069715,unit_mode_chain_amplitude,stellarator-linear-scan:stella-geometry
0.1,166,0.1484375,0.18920204167323282,0.38874348281933496,0.6571563089603494,-0.011745976924069715,unit_mode_chain_amplitude,stellarator-linear-scan:stella-geometry
0.1,167,0.15234375,0.500914850556191,0.6867737784722467,0.6571563089603494,-0.011745976924069715,unit_mode_chain_amplitude,stellarator-linear-scan:stella-geometry
0.1,168,0.15625,0.698222844446669,0.9123143512882693,0.6571563089603494,-0.011745976924069715,unit_mode_chain_amplitude,stellarator-linear-scan:stella-geometry
0.1,169,0.16015625,0.7917864384820037,1.0885679976310876,0.6571563089603494,-0.011745976924069715,unit_mode_chain_amplitude,stellarator-linear-scan:stella-geometry
0.1,170,0.1640625,0.7954881211160957,1.2373065283055653,0.6571563089603494,-0.011745976924069715,unit_mode_chain_amplitude,stellarator-linear-scan:stella-geometry
0.1,171,0.16796875,0.6742343209660924,1.3260968899621384,0.6571563089603494,-0.011745976924069715,unit_mode_chain_amplitude,stellarator-linear-scan:stella-geometry
0.1,172,0.171875,0.39372654720879113,1.267702514412029,0.6571563089603494,-0.011745976924069715,unit_mode_chain_amplitude,stellarator-linear-scan:stella-geometry
0.1,173,0.17578125,0.0152220417430338,1.0500763554418773,0.6571563089603494,-0.011745976924069715,unit_mode_chain_amplitude,stellarator-linear-scan:stella-geometry
0.1,174,0.1796875,-0.33209577766630943,0.7630907084933779,0.6571563089603494,-0.011745976924069715,unit_mode_chain_amplitude,stellarator-linear-scan:stella-geometry
0.1,175,0.18359375,-0.5766730501267583,0.45760022030556463,0.6571563089603494,-0.011745976924069715,unit_mode_chain_amplitude,stellarator-linear-scan:stella-geometry
0.1,176,0.1875,-0.7569062555613207,0.16091634017078452,0.6571563089603494,-0.011745976924069715,unit_mode_chain_amplitude,stellarator-linear-scan:stella-geometry
0.1,177,0.19140625,-0.8181514753527452,-0.17827804815430076,0.6571563089603494,-0.011745976924069715,unit_mode_chain_amplitude,stellarator-linear-scan:stella-geometry
0.1,178,0.1953125,-0.7425731346651521,-0.5610895192391332,0.6571563089603494,-0.011745976924069715,unit_mode_chain_amplitude,stellarator-linear-scan:stella-geometry
0.1,179,0.19921875,-0.5021392984890098,-0.9152837282644852,0.6571563089603494,-0.011745976924069715,unit_mode_chain_amplitude,stellarator-linear-scan:stella-geometry
0.1,180,0.203125,-0.12329477542735899,-1.1242239494882804,0.6571563089603494,-0.011745976924069715,unit_mode_chain_amplitude,stellarator-linear-scan:stella-geometry
0.1,181,0.20703125,0.24429417248024177,-1.1792966020549256,0.6571563089603494,-0.011745976924069715,unit_mode_chain_amplitude,stellarator-linear-scan:stella-geometry
0.1,182,0.2109375,0.5013674946357987,-1.133640709837318,0.6571563089603494,-0.011745976924069715,unit_mode_chain_amplitude,stellarator-linear-scan:stella-geometry
0.1,183,0.21484375,0.640661200941775,-1.0434619213457514,0.6571563089603494,-0.011745976924069715,unit_mode_chain_amplitude,stellarator-linear-scan:stella-geometry
0.1,184,0.21875,0.7338738616481433,-1.001282558563768,0.6571563089603494,-0.011745976924069715,unit_mode_chain_amplitude,stellarator-linear-scan:stella-geometry
0.1,185,0.22265625,0.7519519278147537,-0.9377410936184687,0.6571563089603494,-0.011745976924069715,unit_mode_chain_amplitude,stellarator-linear-scan:stella-geometry
0.1,186,0.2265625,0.5845428690309157,-0.7387251305795915,0.6571563089603494,-0.011745976924069715,unit_mode_chain_amplitude,stellarator-linear-scan:stella-geometry
0.1,187,0.23046875,0.2225872520165659,-0.40106570521485124,0.6571563089603494,-0.011745976924069715,unit_mode_chain_amplitude,stellarator-linear-scan:stella-geometry
0.1,188,0.234375,-0.17819370618041122,-0.006964480460385569,0.6571563089603494,-0.011745976924069715,unit_mode_chain_amplitude,stellarator-linear-scan:stella-geometry
0.1,189,0.23828125,-0.44983593428751284,0.31120329835816374,0.6571563089603494,-0.011745976924069715,unit_mode_chain_amplitude,stellarator-linear-scan:stella-geometry
0.1,190,0.2421875,-0.5903973133817295,0.5403347344362249,0.6571563089603494,-0.011745976924069715,unit_mode_chain_amplitude,stellarator-linear-scan:stella-geometry
0.1,191,0.24609375,-0.6707332495153101,0.7527405183119128,0.6571563089603494,-0.011745976924069715,unit_mode_chain_amplitude,stellarator-linear-scan:stella-geometry
0.1,192,0.25,-0.693178134298026,0.9885690264894845,0.6571563089603494,-0.011745976924069715,unit_mode_chain_amplitude,stellarator-linear-scan:stella-geometry
0.1,193,0.25390625,-0.6146953981451482,1.2012234125986945,0.6571563089603494,-0.011745976924069715,unit_mode_chain_amplitude,stellarator-linear-scan:stella-geometry
0.1,194,0.2578125,-0.41055967823863093,1.2972837321372934,0.6571563089603494,-0.011745976924069715,unit_mode_chain_amplitude,stellarator-linear-scan:stella-geometry
0.1,195,0.26171875,-0.062446069538033784,1.2266296292172325,0.6571563089603494,-0.011745976924069715,unit_mode_chain_amplitude,stellarator-linear-scan:stella-geometry
0.1,196,0.265625,0.32147607648729937,0.9933180683640818,0.6571563089603494,-0.011745976924069715,unit_mode_chain_amplitude,stellarator-linear-scan:stella-geometry
0.1,197,0.26953125,0.553388553770517,0.6925430438195059,0.6571563089603494,-0.011745976924069715,unit_mode_chain_amplitude,stellarator-linear-scan:stella-geometry
0.1,198,0.2734375,0.6323679964124275,0.4048296071302623,0.6571563089603494,-0.011745976924069715,unit_mode_chain_amplitude,stellarator-linear-scan:stella-geometry
0.1,199,0.27734375,0.6533716763026932,0.14735775325413183,0.6571563089603494,-0.011745976924069715,unit_mode_chain_amplitude,stellarator-linear-scan:stella-geometry
0.1,200,0.28125,0.5813340211032814,-0.14244801560278844,0.6571563089603494,-0.011745976924069715,unit_mode_chain_amplitude,stellarator-linear-scan:stella-geometry
0.1,201,0.28515625,0.3798748362020769,-0.4670034005543657,0.6571563089603494,-0.011745976924069715,unit_mode_chain_amplitude,stellarator-linear-scan:stella-geometry
0.1,202,0.2890625,0.07244075399299454,-0.7673258477547124,0.6571563089603494,-0.011745976924069715,unit_mode_chain_amplitude,stellarator-linear-scan:stella-geometry
0.1,203,0.29296875,-0.23380721318407321,-0.9325206545382954,0.6571563089603494,-0.011745976924069715,unit_mode_chain_amplitude,stellarator-linear-scan:stella-geometry
0.1,204,0.296875,-0.4408293301861971,-0.9640319863172848,0.6571563089603494,-0.011745976924069715,unit_mode_chain_amplitude,stellarator-linear-scan:stella-geometry
0.1,205,0.30078125,-0.575023017722022,-0.9767191080836916,0.6571563089603494,-0.011745976924069715,unit_mode_chain_amplitude,stellarator-linear-scan:stella-geometry
0.1,206,0.3046875,-0.6253661981947968,-0.9356392937436507,0.6571563089603494,-0.011745976924069715,unit_mode_chain_amplitude,stellarator-linear-scan:stella-geometry
0.1,207,0.30859375,-0.605282494087215,-0.8703051512614852,0.6571563089603494,-0.011745976924069715,unit_mode_chain_amplitude,stellarator-linear-scan:stella-geometry
0.1,208,0.3125,-0.4817737981608417,-0.7434839701457833,0.6571563089603494,-0.011745976924069715,unit_mode_chain_amplitude,stellarator-linear-scan:stella-geometry
0.1,209,0.31640625,-0.2514611099653121,-0.5489038454853494,0.6571563089603494,-0.011745976924069715,unit_mode_chain_amplitude,stellarator-linear-scan:stella-geometry
0.1,210,0.3203125,0.05184326952174003,-0.2876839672763686,0.6571563089603494,-0.011745976924069715,unit_mode_chain_amplitude,stellarator-linear-scan:stella-geometry
0.1,211,0.32421875,0.3259799695501428,-0.0187413163332199,0.6571563089603494,-0.011745976924069715,unit_mode_chain_amplitude,stellarator-linear-scan:stella-geometry
0.1,212,0.328125,0.528860446031141,0.24145768079240432,0.6571563089603494,-0.011745976924069715,unit_mode_chain_amplitude,stellarator-linear-scan:stella-geometry
0.1,213,0.33203125,0.6323663363849313,0.49420462551543953,0.6571563089603494,-0.011745976924069715,unit_mode_chain_amplitude,stellarator-linear-scan:stella-geometry
0.1,214,0.3359375,0.618400245155708,0.7207750885985015,0.6571563089603494,-0.011745976924069715,unit_mode_chain_amplitude,stellarator-linear-scan:stella-geometry
0.1,215,0.33984375,0.541189241008682,0.9354218045527705,0.6571563089603494,-0.011745976924069715,unit_mode_chain_amplitude,stellarator-linear-scan:stella-geometry
0.1,216,0.34375,0.35021781939884084,1.0365781657114719,0.6571563089603494,-0.011745976924069715,unit_mode_chain_amplitude,stellarator-linear-scan:stella-geometry
0.1,217,0.34765625,0.053714176756561816,1.0010811227610275,0.6571563089603494,-0.011745976924069715,unit_mode_chain_amplitude,stellarator-linear-scan:stella-geometry
0.1,218,0.3515625,-0.22608677788686637,0.877794755341955,0.6571563089603494,-0.011745976924069715,unit_mode_chain_amplitude,stellarator-linear-scan:stella-geometry
0.1,219,0.35546875,-0.4179633699082065,0.7125239413306164,0.6571563089603494,-0.011745976924069715,unit_mode_chain_amplitude,stellarator-linear-scan:stella-geometry
0.1,220,0.359375,-0.5292365677096708,0.5496208260775921,0.6571563089603494,-0.011745976924069715,unit_mode_chain_amplitude,stellarator-linear-scan:stella-geometry
0.1,221,0.36328125,-0.6055302717779856,0.3905053311729974,0.6571563089603494,-0.011745976924069715,unit_mode_chain_amplitude,stellarator-linear-scan:stella-geometry
0.1,222,0.3671875,-0.577045411099405,0.16648158204305813,0.6571563089603494,-0.011745976924069715,unit_mode_chain_amplitude,stellarator-linear-scan:stella-geometry
0.1,223,0.37109375,-0.369604502757212,-0.13540635591899478,0.6571563089603494,-0.011745976924069715,unit_mode_chain_amplitude,stellarator-linear-scan:stella-geometry
0.1,224,0.375,-0.055916542745390846,-0.42668365028274186,0.6571563089603494,-0.011745976924069715,unit_mode_chain_amplitude,stellarator-linear-scan:stella-geometry
0.1,225,0.37890625,0.21879757469984823,-0.6206231604401214,0.6571563089603494,-0.011745976924069715,unit_mode_chain_amplitude,stellarator-linear-scan:stella-geometry
0.1,226,0.3828125,0.3937792152736751,-0.71386299438006,0.6571563089603494,-0.011745976924069715,unit_mode_chain_amplitude,stellarator-linear-scan:stella-geometry
0.1,227,0.38671875,0.490641946236238,-0.7635619988553244,0.6571563089603494,-0.011745976924069715,unit_mode_chain_amplitude,stellarator-linear-scan:stella-geometry
0.1,228,0.390625,0.5469968831813259,-0.8349847280196436,0.6571563089603494,-0.011745976924069715,unit_mode_chain_amplitude,stellarator-linear-scan:stella-geometry
0.1,229,0.39453125,0.5562250082950372,-0.9017514125824835,0.6571563089603494,-0.011745976924069715,unit_mode_chain_amplitude,stellarator-linear-scan:stella-geometry
0.1,230,0.3984375,0.489179941096182,-0.8914309065183099,0.6571563089603494,-0.011745976924069715,unit_mode_chain_amplitude,stellarator-linear-scan:stella-geometry
0.1,231,0.40234375,0.3235310144473319,-0.7782717505115884,0.6571563089603494,-0.011745976924069715,unit_mode_chain_amplitude,stellarator-linear-scan:stella-geometry
0.1,232,0.40625,-0.03323384375597448,-0.5532374823611452,0.6571563089603494,-0.011745976924069715,unit_mode_chain_amplitude,stellarator-linear-scan:stella-geometry
0.1,233,0.41015625,-0.3325244575065093,-0.27666918079730213,0.6571563089603494,-0.011745976924069715,unit_mode_chain_amplitude,stellarator-linear-scan:stella-geometry
0.1,234,0.4140625,-0.4635407951112612,-0.022739249926221224,0.6571563089603494,-0.011745976924069715,unit_mode_chain_amplitude,stellarator-linear-scan:stella-geometry
0.1,235,0.41796875,-0.5113565157715215,0.19299795016472882,0.6571563089603494,-0.011745976924069715,unit_mode_chain_amplitude,stellarator-linear-scan:stella-geometry
0.1,236,0.421875,-0.5259870628289155,0.42294462850573744,0.6571563089603494,-0.011745976924069715,unit_mode_chain_amplitude,stellarator-linear-scan:stella-geometry
0.1,237,0.42578125,-0.4503729093786612,0.6671028553428452,0.6571563089603494,-0.011745976924069715,unit_mode_chain_amplitude,stellarator-linear-scan:stella-geometry
0.1,238,0.4296875,-0.27666393312686866,0.874457582472571,0.6571563089603494,-0.011745976924069715,unit_mode_chain_amplitude,stellarator-linear-scan:stella-geometry
0.1,239,0.43359375,-0.038024361298235096,0.9719849629104717,0.6571563089603494,-0.011745976924069715,unit_mode_chain_amplitude,stellarator-linear-scan:stella-geometry
0.1,240,0.4375,0.20291850012617765,0.908740212711733,0.6571563089603494,-0.011745976924069715,unit_mode_chain_amplitude,stellarator-linear-scan:stella-geometry
0.1,241,0.44140625,0.38557903529769927,0.7930795280614449,0.6571563089603494,-0.011745976924069715,unit_mode_chain_amplitude,stellarator-linear-scan:stella-geometry
0.1,242,0.4453125,0.4889205826434983,0.6595489995521983,0.6571563089603494,-0.011745976924069715,unit_mode_chain_amplitude,stellarator-linear-scan:stella-geometry
0.1,243,0.44921875,0.5068631447004982,0.511275051858304,0.6571563089603494,-0.011745976924069715,unit_mode_chain_amplitude,stellarator-linear-scan:stella-geometry
0.1,244,0.453125,0.4652467631559132,0.35217783306523553,0.6571563089603494,-0.011745976924069715,unit_mode_chain_amplitude,stellarator-linear-scan:stella-geometry
0.1,245,0.45703125,0.33168132033239345,0.15005671475130056,0.6571563089603494,-0.011745976924069715,unit_mode_chain_amplitude,stellarator-linear-scan:stella-geometry
0.1,246,0.4609375,0.09741175039297345,-0.09225780255329726,0.6571563089603494,-0.011745976924069715,unit_mode_chain_amplitude,stellarator-linear-scan:stella-geometry
0.1,247,0.46484375,-0.17678641783790802,-0.32858147581499736,0.6571563089603494,-0.011745976924069715,unit_mode_chain_amplitude,stellarator-linear-scan:stella-geometry
0.1,248,0.46875,-0.38397728789073987,-0.5151955479112675,0.6571563089603494,-0.011745976924069715,unit_mode_chain_amplitude,stellarator-linear-scan:stella-geometry
0.1,249,0.47265625,-0.49254693461704163,-0.6504268282968699,0.6571563089603494,-0.011745976924069715,unit_mode_chain_amplitude,stellarator-linear-scan:stella-geometry
0.1,250,0.4765625,-0.5171692996657673,-0.7332547125333894,0.6571563089603494,-0.011745976924069715,unit_mode_chain_amplitude,stellarator-linear-scan:stella-geometry
0.1,251,0.48046875,-0.5147563205515862,-0.7854641381446926,0.6571563089603494,-0.011745976924069715,unit_mode_chain_amplitude,stellarator-linear-scan:stella-geometry
0.1,252,0.484375,-0.46292467528032716,-0.7970126867166785,0.6571563089603494,-0.011745976924069715,unit_mode_chain_amplitude,stellarator-linear-scan:stella-geometry
0.1,253,0.48828125,-0.3204853001672211,-0.7261185720853964,0.6571563089603494,-0.011745976924069715,unit_mode_chain_amplitude,stellarator-linear-scan:stella-geometry
0.1,254,0.4921875,-0.06852729081681513,-0.5897773389942707,0.6571563089603494,-0.011745976924069715,unit_mode_chain_amplitude,stellarator-linear-scan:stella-geometry
0.1,255,0.49609375,0.18336562797175288,-0.409470572073027,0.6571563089603494,-0.011745976924069715,unit_mode_chain_amplitude,stellarator-linear-scan:stella-geometry
0.2,0,-0.5,-0.3320307521045782,-0.46834272872191607,0.6361302101447919,-0.010414682724890038,unit_mode_chain_amplitude,stellarator-linear-scan:stella-geometry
0.2,1,-0.49609375,-0.49121964346304925,-0.36968241185062645,0.6361302101447919,-0.010414682724890038,unit_mode_chain_amplitude,stellarator-linear-scan:stella-geometry
0.2,2,-0.4921875,-0.6642359210241906,-0.24306186932153312,0.6361302101447919,-0.010414682724890038,unit_mode_chain_amplitude,stellarator-linear-scan:stella-geometry
0.2,3,-0.48828125,-0.7714744621695003,-0.11464052010190484,0.6361302101447919,-0.010414682724890038,unit_mode_chain_amplitude,stellarator-linear-scan:stella-geometry
0.2,4,-0.484375,-0.6021855867562363,0.0461192527115381,0.6361302101447919,-0.010414682724890038,unit_mode_chain_amplitude,stellarator-linear-scan:stella-geometry
0.2,5,-0.48046875,-0.22517367742815414,0.2295543441645251,0.6361302101447919,-0.010414682724890038,unit_mode_chain_amplitude,stellarator-linear-scan:stella-geometry
0.2,6,-0.4765625,0.2024033635039218,0.4455363110689912,0.6361302101447919,-0.010414682724890038,unit_mode_chain_amplitude,stellarator-linear-scan:stella-geometry
0.2,7,-0.47265625,0.4828159840202089,0.6657406937187865,0.6361302101447919,-0.010414682724890038,unit_mode_chain_amplitude,stellarator-linear-scan:stella-geometry
0.2,8,-0.46875,0.5592572701456413,0.8097784613738858,0.6361302101447919,-0.010414682724890038,unit_mode_chain_amplitude,stellarator-linear-scan:stella-geometry
0.2,9,-0.46484375,0.5496815799027692,0.8648952221379647,0.6361302101447919,-0.010414682724890038,unit_mode_chain_amplitude,stellarator-linear-scan:stella-geometry
0.2,10,-0.4609375,0.4861853987002349,0.8179671503578,0.6361302101447919,-0.010414682724890038,unit_mode_chain_amplitude,stellarator-linear-scan:stella-geometry
0.2,11,-0.45703125,0.3314201852790103,0.6937728356814806,0.6361302101447919,-0.010414682724890038,unit_mode_chain_amplitude,stellarator-linear-scan:stella-geometry
0.2,12,-0.453125,0.09029886886068961,0.5363411084738847,0.6361302101447919,-0.010414682724890038,unit_mode_chain_amplitude,stellarator-linear-scan:stella-geometry
0.2,13,-0.44921875,-0.14812083114790137,0.36144954208294955,0.6361302101447919,-0.010414682724890038,unit_mode_chain_amplitude,stellarator-linear-scan:stella-geometry
0.2,14,-0.4453125,-0.3193492995613202,0.18805103590257877,0.6361302101447919,-0.010414682724890038,unit_mode_chain_amplitude,stellarator-linear-scan:stella-geometry
0.2,15,-0.44140625,-0.47953308786231824,0.0054049250592095545,0.6361302101447919,-0.010414682724890038,unit_mode_chain_amplitude,stellarator-linear-scan:stella-geometry
0.2,16,-0.4375,-0.621558328142794,-0.20345510329239677,0.6361302101447919,-0.010414682724890038,unit_mode_chain_amplitude,stellarator-linear-scan:stella-geometry
0.2,17,-0.43359375,-0.6343325472123824,-0.45970736629372266,0.6361302101447919,-0.010414682724890038,unit_mode_chain_amplitude,stellarator-linear-scan:stella-geometry
0.2,18,-0.4296875,-0.3765386350105309,-0.6917051695673426,0.6361302101447919,-0.010414682724890038,unit_mode_chain_amplitude,stellarator-linear-scan:stella-geometry
0.2,19,-0.42578125,-0.027822233005790308,-0.8179757514373834,0.6361302101447919,-0.010414682724890038,unit_mode_chain_amplitude,stellarator-linear-scan:stella-geometry
0.2,20,-0.421875,0.22668707094208249,-0.8223560080516173,0.6361302101447919,-0.010414682724890038,unit_mode_chain_amplitude,stellarator-linear-scan:stella-geometry
0.2,21,-0.41796875,0.37644499956585203,-0.7656631048808903,0.6361302101447919,-0.010414682724890038,unit_mode_chain_amplitude,stellarator-linear-scan:stella-geometry
0.2,22,-0.4140625,0.5155910485309273,-0.7591791772182556,0.6361302101447919,-0.010414682724890038,unit_mode_chain_amplitude,stellarator-linear-scan:stella-geometry
0.2,23,-0.41015625,0.6042248514319252,-0.7181127372764995,0.6361302101447919,-0.010414682724890038,unit_mode_chain_amplitude,stellarator-linear-scan:stella-geometry
0.2,24,-0.40625,0.7014977574619766,-0.5558147227137581,0.6361302101447919,-0.010414682724890038,unit_mode_chain_amplitude,stellarator-linear-scan:stella-geometry
0.2,25,-0.40234375,0.8040401304569975,-0.35204343264073346,0.6361302101447919,-0.010414682724890038,unit_mode_chain_amplitude,stellarator-linear-scan:stella-geometry
0.2,26,-0.3984375,0.45995934012312245,-0.13368071932490871,0.6361302101447919,-0.010414682724890038,unit_mode_chain_amplitude,stellarator-linear-scan:stella-geometry
0.2,27,-0.39453125,0.0014969501384725044,0.1083333671572474,0.6361302101447919,-0.010414682724890038,unit_mode_chain_amplitude,stellarator-linear-scan:stella-geometry
0.2,28,-0.390625,-0.31839816952300126,0.32528198612719006,0.6361302101447919,-0.010414682724890038,unit_mode_chain_amplitude,stellarator-linear-scan:stella-geometry
0.2,29,-0.38671875,-0.47236243064218464,0.5063367388443755,0.6361302101447919,-0.010414682724890038,unit_mode_chain_amplitude,stellarator-linear-scan:stella-geometry
0.2,30,-0.3828125,-0.5794926261408665,0.7182764916120092,0.6361302101447919,-0.010414682724890038,unit_mode_chain_amplitude,stellarator-linear-scan:stella-geometry
0.2,31,-0.37890625,-0.5900798897976867,0.9681501135259453,0.6361302101447919,-0.010414682724890038,unit_mode_chain_amplitude,stellarator-linear-scan:stella-geometry
0.2,32,-0.375,-0.4210544984844419,1.1575866940764898,0.6361302101447919,-0.010414682724890038,unit_mode_chain_amplitude,stellarator-linear-scan:stella-geometry
0.2,33,-0.37109375,-0.14191261750110315,1.1615631645812283,0.6361302101447919,-0.010414682724890038,unit_mode_chain_amplitude,stellarator-linear-scan:stella-geometry
0.2,34,-0.3671875,0.07208178731359145,0.9284001901645548,0.6361302101447919,-0.010414682724890038,unit_mode_chain_amplitude,stellarator-linear-scan:stella-geometry
0.2,35,-0.36328125,0.23436317705009346,0.6386233271889576,0.6361302101447919,-0.010414682724890038,unit_mode_chain_amplitude,stellarator-linear-scan:stella-geometry
0.2,36,-0.359375,0.39114024603628256,0.40639770963885496,0.6361302101447919,-0.010414682724890038,unit_mode_chain_amplitude,stellarator-linear-scan:stella-geometry
0.2,37,-0.35546875,0.5240015665226332,0.2149358632522423,0.6361302101447919,-0.010414682724890038,unit_mode_chain_amplitude,stellarator-linear-scan:stella-geometry
0.2,38,-0.3515625,0.611124472027672,0.008079635028287199,0.6361302101447919,-0.010414682724890038,unit_mode_chain_amplitude,stellarator-linear-scan:stella-geometry
0.2,39,-0.34765625,0.6571218623783104,-0.21872892991673273,0.6361302101447919,-0.010414682724890038,unit_mode_chain_amplitude,stellarator-linear-scan:stella-geometry
0.2,40,-0.34375,0.5701936566719195,-0.459116625027926,0.6361302101447919,-0.010414682724890038,unit_mode_chain_amplitude,stellarator-linear-scan:stella-geometry
0.2,41,-0.33984375,0.17240242131539726,-0.7095343467530288,0.6361302101447919,-0.010414682724890038,unit_mode_chain_amplitude,stellarator-linear-scan:stella-geometry
0.2,42,-0.3359375,-0.2839603584090716,-0.8862819843807496,0.6361302101447919,-0.010414682724890038,unit_mode_chain_amplitude,stellarator-linear-scan:stella-geometry
0.2,43,-0.33203125,-0.5237962256280435,-0.9699707325225133,0.6361302101447919,-0.010414682724890038,unit_mode_chain_amplitude,stellarator-linear-scan:stella-geometry
0.2,44,-0.328125,-0.5823987661675795,-0.9175234864227606,0.6361302101447919,-0.010414682724890038,unit_mode_chain_amplitude,stellarator-linear-scan:stella-geometry
0.2,45,-0.32421875,-0.6254954757467621,-0.8313225588049263,0.6361302101447919,-0.010414682724890038,unit_mode_chain_amplitude,stellarator-linear-scan:stella-geometry
0.2,46,-0.3203125,-0.6486144876513373,-0.7215619555763808,0.6361302101447919,-0.010414682724890038,unit_mode_chain_amplitude,stellarator-linear-scan:stella-geometry
0.2,47,-0.31640625,-0.6063726050933318,-0.5664801628524786,0.6361302101447919,-0.010414682724890038,unit_mode_chain_amplitude,stellarator-linear-scan:stella-geometry
0.2,48,-0.3125,-0.40405373545132456,-0.3582223907135038,0.6361302101447919,-0.010414682724890038,unit_mode_chain_amplitude,stellarator-linear-scan:stella-geometry
0.2,49,-0.30859375,-0.10309388786687498,-0.13434900520550772,0.6361302101447919,-0.010414682724890038,unit_mode_chain_amplitude,stellarator-linear-scan:stella-geometry
0.2,50,-0.3046875,0.21155191774926563,0.09514561560957221,0.6361302101447919,-0.010414682724890038,unit_mode_chain_amplitude,stellarator-linear-scan:stella-geometry
0.2,51,-0.30078125,0.49964023506072136,0.34410563028842434,0.6361302101447919,-0.010414682724890038,unit_mode_chain_amplitude,stellarator-linear-scan:stella-geometry
0.2,52,-0.296875,0.6632349643677315,0.6127172556327475,0.6361302101447919,-0.010414682724890038,unit_mode_chain_amplitude,stellarator-linear-scan:stella-geometry
0.2,53,-0.29296875,0.6873581772828269,0.9309917631146309,0.6361302101447919,-0.010414682724890038,unit_mode_chain_amplitude,stellarator-linear-scan:stella-geometry
0.2,54,-0.2890625,0.4817884822546751,1.181057903005481,0.6361302101447919,-0.010414682724890038,unit_mode_chain_amplitude,stellarator-linear-scan:stella-geometry
0.2,55,-0.28515625,0.13002975368192532,1.2266866579564726,0.6361302101447919,-0.010414682724890038,unit_mode_chain_amplitude,stellarator-linear-scan:stella-geometry
0.2,56,-0.28125,-0.19737526879505457,1.1131985233976778,0.6361302101447919,-0.010414682724890038,unit_mode_chain_amplitude,stellarator-linear-scan:stella-geometry
0.2,57,-0.27734375,-0.4275179923236788,0.9237137561038632,0.6361302101447919,-0.010414682724890038,unit_mode_chain_amplitude,stellarator-linear-scan:stella-geometry
0.2,58,-0.2734375,-0.5905099445557874,0.7361755888895668,0.6361302101447919,-0.010414682724890038,unit_mode_chain_amplitude,stellarator-linear-scan:stella-geometry
0.2,59,-0.26953125,-0.7104072465019843,0.5597262338881297,0.6361302101447919,-0.010414682724890038,unit_mode_chain_amplitude,stellarator-linear-scan:stella-geometry
0.2,60,-0.265625,-0.7786605773778762,0.3167415216404044,0.6361302101447919,-0.010414682724890038,unit_mode_chain_amplitude,stellarator-linear-scan:stella-geometry
0.2,61,-0.26171875,-0.8333342544987653,0.030071094853367022,0.6361302101447919,-0.010414682724890038,unit_mode_chain_amplitude,stellarator-linear-scan:stella-geometry
0.2,62,-0.2578125,-0.6354015013290558,-0.2796010307827478,0.6361302101447919,-0.010414682724890038,unit_mode_chain_amplitude,stellarator-linear-scan:stella-geometry
0.2,63,-0.25390625,-0.1349227551430358,-0.5856748159891813,0.6361302101447919,-0.010414682724890038,unit_mode_chain_amplitude,stellarator-linear-scan:stella-geometry
0.2,64,-0.25,0.2916092063851391,-0.7957897324261722,0.6361302101447919,-0.010414682724890038,unit_mode_chain_amplitude,stellarator-linear-scan:stella-geometry
0.2,65,-0.24609375,0.5249752875897853,-0.9101423697446906,0.6361302101447919,-0.010414682724890038,unit_mode_chain_amplitude,stellarator-linear-scan:stella-geometry
0.2,66,-0.2421875,0.6705194332225517,-1.025426503548902,0.6361302101447919,-0.010414682724890038,unit_mode_chain_amplitude,stellarator-linear-scan:stella-geometry
0.2,67,-0.23828125,0.7595754021537462,-1.1968539643012786,0.6361302101447919,-0.010414682724890038,unit_mode_chain_amplitude,stellarator-linear-scan:stella-geometry
0.2,68,-0.234375,0.6845955981298292,-1.3021442962921783,0.6361302101447919,-0.010414682724890038,unit_mode_chain_amplitude,stellarator-linear-scan:stella-geometry
0.2,69,-0.23046875,0.45216657424707773,-1.2170774987949218,0.6361302101447919,-0.010414682724890038,unit_mode_chain_amplitude,stellarator-linear-scan:stella-geometry
0.2,70,-0.2265625,0.13551707486660766,-0.8918895727652776,0.6361302101447919,-0.010414682724890038,unit_mode_chain_amplitude,stellarator-linear-scan:stella-geometry
0.2,71,-0.22265625,-0.21140490486071775,-0.510445230781,0.6361302101447919,-0.010414682724890038,unit_mode_chain_amplitude,stellarator-linear-scan:stella-geometry
0.2,72,-0.21875,-0.47757272794801026,-0.15961697087925708,0.6361302101447919,-0.010414682724890038,unit_mode_chain_amplitude,stellarator-linear-scan:stella-geometry
0.2,73,-0.21484375,-0.6398640878676205,0.13751533516906975,0.6361302101447919,-0.010414682724890038,unit_mode_chain_amplitude,stellarator-linear-scan:stella-geometry
0.2,74,-0.2109375,-0.7421587704653191,0.4392132988802483,0.6361302101447919,-0.010414682724890038,unit_mode_chain_amplitude,stellarator-linear-scan:stella-geometry
0.2,75,-0.20703125,-0.7548193338822317,0.7621257625685715,0.6361302101447919,-0.010414682724890038,unit_mode_chain_amplitude,stellarator-linear-scan:stella-geometry
0.2,76,-0.203125,-0.6438490390810967,1.0778392692372603,0.6361302101447919,-0.010414682724890038,unit_mode_chain_amplitude,stellarator-linear-scan:stella-geometry
0.2,77,-0.19921875,-0.31365751716850054,1.3320718230280926,0.6361302101447919,-0.010414682724890038,unit_mode_chain_amplitude,stellarator-linear-scan:stella-geometry
0.2,78,-0.1953125,0.21861916686983435,1.4241667796524742,0.6361302101447919,-0.010414682724890038,unit_mode_chain_amplitude,stellarator-linear-scan:stella-geometry
0.2,79,-0.19140625,0.5635132356236585,1.2969179355904619,0.6361302101447919,-0.010414682724890038,unit_mode_chain_amplitude,stellarator-linear-scan:stella-geometry
0.2,80,-0.1875,0.6860027176299596,1.0688382162321644,0.6361302101447919,-0.010414682724890038,unit_mode_chain_amplitude,stellarator-linear-scan:stella-geometry
0.2,81,-0.18359375,0.7384319887369118,0.8284535006074063,0.6361302101447919,-0.010414682724890038,unit_mode_chain_amplitude,stellarator-linear-scan:stella-geometry
0.2,82,-0.1796875,0.766448565362882,0.617324958919569,0.6361302101447919,-0.010414682724890038,unit_mode_chain_amplitude,stellarator-linear-scan:stella-geometry
0.2,83,-0.17578125,0.7141562559206496,0.3485200386991941,0.6361302101447919,-0.010414682724890038,unit_mode_chain_amplitude,stellarator-linear-scan:stella-geometry
0.2,84,-0.171875,0.5384789416885858,0.0322773116592896,0.6361302101447919,-0.010414682724890038,unit_mode_chain_amplitude,stellarator-linear-scan:stella-geometry
0.2,85,-0.16796875,0.1791076094641316,-0.30138340528746943,0.6361302101447919,-0.010414682724890038,unit_mode_chain_amplitude,stellarator-linear-scan:stella-geometry
0.2,86,-0.1640625,-0.22670760012153668,-0.5928394569952664,0.6361302101447919,-0.010414682724890038,unit_mode_chain_amplitude,stellarator-linear-scan:stella-geometry
0.2,87,-0.16015625,-0.5809151611706453,-0.854198818405937,0.6361302101447919,-0.010414682724890038,unit_mode_chain_amplitude,stellarator-linear-scan:stella-geometry
0.2,88,-0.15625,-0.7993337399006132,-1.1004861926071816,0.6361302101447919,-0.010414682724890038,unit_mode_chain_amplitude,stellarator-linear-scan:stella-geometry
0.2,89,-0.15234375,-0.8441987775738703,-1.3137806756245591,0.6361302101447919,-0.010414682724890038,unit_mode_chain_amplitude,stellarator-linear-scan:stella-geometry
0.2,90,-0.1484375,-0.7048703062374534,-1.460272481488605,0.6361302101447919,-0.010414682724890038,unit_mode_chain_amplitude,stellarator-linear-scan:stella-geometry
0.2,91,-0.14453125,-0.3759586522835681,-1.429056247144831,0.6361302101447919,-0.010414682724890038,unit_mode_chain_amplitude,stellarator-linear-scan:stella-geometry
0.2,92,-0.140625,0.033699512387648754,-1.1986443152868653,0.6361302101447919,-0.010414682724890038,unit_mode_chain_amplitude,stellarator-linear-scan:stella-geometry
0.2,93,-0.13671875,0.39125535594622823,-0.871721012725531,0.6361302101447919,-0.010414682724890038,unit_mode_chain_amplitude,stellarator-linear-scan:stella-geometry
0.2,94,-0.1328125,0.6446534355777337,-0.523884889693985,0.6361302101447919,-0.010414682724890038,unit_mode_chain_amplitude,stellarator-linear-scan:stella-geometry
0.2,95,-0.12890625,0.8246309662468037,-0.19115812394468149,0.6361302101447919,-0.010414682724890038,unit_mode_chain_amplitude,stellarator-linear-scan:stella-geometry
0.2,96,-0.125,0.8934324221575991,0.1662385785316228,0.6361302101447919,-0.010414682724890038,unit_mode_chain_amplitude,stellarator-linear-scan:stella-geometry
0.2,97,-0.12109375,0.9056694623679626,0.5390802570637419,0.6361302101447919,-0.010414682724890038,unit_mode_chain_amplitude,stellarator-linear-scan:stella-geometry
0.2,98,-0.1171875,0.7889376665787452,0.9061661350791624,0.6361302101447919,-0.010414682724890038,unit_mode_chain_amplitude,stellarator-linear-scan:stella-geometry
0.2,99,-0.11328125,0.37058646769734754,1.1873268508723933,0.6361302101447919,-0.010414682724890038,unit_mode_chain_amplitude,stellarator-linear-scan:stella-geometry
0.2,100,-0.109375,-0.15041584121130072,1.3232041953779912,0.6361302101447919,-0.010414682724890038,unit_mode_chain_amplitude,stellarator-linear-scan:stella-geometry
0.2,101,-0.10546875,-0.5266481410297402,1.312911989333734,0.6361302101447919,-0.010414682724890038,unit_mode_chain_amplitude,stellarator-linear-scan:stella-geometry
0.2,102,-0.1015625,-0.7196050559582728,1.2144809384610211,0.6361302101447919,-0.010414682724890038,unit_mode_chain_amplitude,stellarator-linear-scan:stella-geometry
0.2,103,-0.09765625,-0.8653342704253085,1.1843285397311951,0.6361302101447919,-0.010414682724890038,unit_mode_chain_amplitude,stellarator-linear-scan:stella-geometry
0.2,104,-0.09375,-0.9059645779455465,1.1387770629996843,0.6361302101447919,-0.010414682724890038,unit_mode_chain_amplitude,stellarator-linear-scan:stella-geometry
0.2,105,-0.08984375,-0.7360106112055324,0.9071166184941477,0.6361302101447919,-0.010414682724890038,unit_mode_chain_amplitude,stellarator-linear-scan:stella-geometry
0.2,106,-0.0859375,-0.425781749171654,0.5013736914965249,0.6361302101447919,-0.010414682724890038,unit_mode_chain_amplitude,stellarator-linear-scan:stella-geometry
0.2,107,-0.08203125,0.041985237821074606,0.036216361798277176,0.6361302101447919,-0.010414682724890038,unit_mode_chain_amplitude,stellarator-linear-scan:stella-geometry
0.2,108,-0.078125,0.44394564914196094,-0.35627741216040215,0.6361302101447919,-0.010414682724890038,unit_mode_chain_amplitude,stellarator-linear-scan:stella-geometry
0.2,109,-0.07421875,0.6966908797617746,-0.6553700374386039,0.6361302101447919,-0.010414682724890038,unit_mode_chain_amplitude,stellarator-linear-scan:stella-geometry
0.2,110,-0.0703125,0.8262486918652022,-0.9218968947138262,0.6361302101447919,-0.010414682724890038,unit_mode_chain_amplitude,stellarator-linear-scan:stella-geometry
0.2,111,-0.06640625,0.8821621729293053,-1.2132017432319422,0.6361302101447919,-0.010414682724890038,unit_mode_chain_amplitude,stellarator-linear-scan:stella-geometry
0.2,112,-0.0625,0.820273992512492,-1.5046262943926159,0.6361302101447919,-0.010414682724890038,unit_mode_chain_amplitude,stellarator-linear-scan:stella-geometry
0.2,113,-0.05859375,0.5606767883464147,-1.6827055226607437,0.6361302101447919,-0.010414682724890038,unit_mode_chain_amplitude,stellarator-linear-scan:stella-geometry
0.2,114,-0.0546875,0.04960790686208057,-1.666399044731134,0.6361302101447919,-0.010414682724890038,unit_mode_chain_amplitude,stellarator-linear-scan:stella-geometry
0.2,115,-0.05078125,-0.47495794059967766,-1.3792620209773252,0.6361302101447919,-0.010414682724890038,unit_mode_chain_amplitude,stellarator-linear-scan:stella-geometry
0.2,116,-0.046875,-0.7203395055669387,-0.943328609316663,0.6361302101447919,-0.010414682724890038,unit_mode_chain_amplitude,stellarator-linear-scan:stella-geometry
0.2,117,-0.04296875,-0.8072481680609217,-0.5452561366118316,0.6361302101447919,-0.010414682724890038,unit_mode_chain_amplitude,stellarator-linear-scan:stella-geometry
0.2,118,-0.0390625,-0.864694535358694,-0.20967679727803348,0.6361302101447919,-0.010414682724890038,unit_mode_chain_amplitude,stellarator-linear-scan:stella-geometry
0.2,119,-0.03515625,-0.8311079924692392,0.15622280658845344,0.6361302101447919,-0.010414682724890038,unit_mode_chain_amplitude,stellarator-linear-scan:stella-geometry
0.2,120,-0.03125,-0.6840852473240273,0.5532920096977781,0.6361302101447919,-0.010414682724890038,unit_mode_chain_amplitude,stellarator-linear-scan:stella-geometry
0.2,121,-0.02734375,-0.3832651377640043,0.9315014208059379,0.6361302101447919,-0.010414682724890038,unit_mode_chain_amplitude,stellarator-linear-scan:stella-geometry
0.2,122,-0.0234375,0.09237303651454055,1.197619564098227,0.6361302101447919,-0.010414682724890038,unit_mode_chain_amplitude,stellarator-linear-scan:stella-geometry
0.2,123,-0.01953125,0.53580425945572,1.3168188717177922,0.6361302101447919,-0.010414682724890038,unit_mode_chain_amplitude,stellarator-linear-scan:stella-geometry
0.2,124,-0.015625,0.8343675268079801,1.4113433342217048,0.6361302101447919,-0.010414682724890038,unit_mode_chain_amplitude,stellarator-linear-scan:stella-geometry
0.2,125,-0.01171875,0.9338353272943182,1.4094439791014604,0.6361302101447919,-0.010414682724890038,unit_mode_chain_amplitude,stellarator-linear-scan:stella-geometry
0.2,126,-0.0078125,0.8627031470766541,1.3335746294492525,0.6361302101447919,-0.010414682724890038,unit_mode_chain_amplitude,stellarator-linear-scan:stella-geometry
0.2,127,-0.00390625,0.6222286249741336,1.155270679398471,0.6361302101447919,-0.010414682724890038,unit_mode_chain_amplitude,stellarator-linear-scan:stella-geometry
0.2,128,0.0,0.2399297870327611,0.8613100015705288,0.6361302101447919,-0.010414682724890038,unit_mode_chain_amplitude,stellarator-linear-scan:stella-geometry
0.2,129,0.00390625,-0.1938974041056024,0.4526970216251589,0.6361302101447919,-0.010414682724890038,unit_mode_chain_amplitude,stellarator-linear-scan:stella-geometry
0.2,130,0.0078125,-0.5580293745480122,0.03498174525810655,0.6361302101447919,-0.010414682724890038,unit_mode_chain_amplitude,stellarator-linear-scan:stella-geometry
0.2,131,0.01171875,-0.7986895460924189,-0.3529510093282243,0.6361302101447919,-0.010414682724890038,unit_mode_chain_amplitude,stellarator-linear-scan:stella-geometry
0.2,132,0.015625,-0.9139124203520838,-0.7030439779084716,0.6361302101447919,-0.010414682724890038,unit_mode_chain_amplitude,stellarator-linear-scan:stella-geometry
0.2,133,0.01953125,-0.9163450905923166,-1.000564309931275,0.6361302101447919,-0.010414682724890038,unit_mode_chain_amplitude,stellarator-linear-scan:stella-geometry
0.2,134,0.0234375,-0.8761755928260454,-1.3057563295041663,0.6361302101447919,-0.010414682724890038,unit_mode_chain_amplitude,stellarator-linear-scan:stella-geometry
0.2,135,0.02734375,-0.6407918906365815,-1.4941291637270537,0.6361302101447919,-0.010414682724890038,unit_mode_chain_amplitude,stellarator-linear-scan:stella-geometry
0.2,136,0.03125,-0.17689147085056023,-1.493396228884343,0.6361302101447919,-0.010414682724890038,unit_mode_chain_amplitude,stellarator-linear-scan:stella-geometry
0.2,137,0.03515625,0.29849522380225113,-1.3438665620588905,0.6361302101447919,-0.010414682724890038,unit_mode_chain_amplitude,stellarator-linear-scan:stella-geometry
0.2,138,0.0390625,0.6251660554182997,-1.1060714380895782,0.6361302101447919,-0.010414682724890038,unit_mode_chain_amplitude,stellarator-linear-scan:stella-geometry
0.2,139,0.04296875,0.807976440998729,-0.8537244051225744,0.6361302101447919,-0.010414682724890038,unit_mode_chain_amplitude,stellarator-linear-scan:stella-geometry
0.2,140,0.046875,0.939287197051669,-0.6178272071476992,0.6361302101447919,-0.010414682724890038,unit_mode_chain_amplitude,stellarator-linear-scan:stella-geometry
0.2,141,0.05078125,0.8934472965218984,-0.272213797125136,0.6361302101447919,-0.010414682724890038,unit_mode_chain_amplitude,stellarator-linear-scan:stella-geometry
0.2,142,0.0546875,0.6568174975871319,0.1803500841668366,0.6361302101447919,-0.010414682724890038,unit_mode_chain_amplitude,stellarator-linear-scan:stella-geometry
0.2,143,0.05859375,0.2622555473873161,0.6110209302586262,0.6361302101447919,-0.010414682724890038,unit_mode_chain_amplitude,stellarator-linear-scan:stella-geometry
0.2,144,0.0625,-0.20982411085303126,0.9278409459286496,0.6361302101447919,-0.010414682724890038,unit_mode_chain_amplitude,stellarator-linear-scan:stella-geometry
0.2,145,0.06640625,-0.5561362575739304,1.0981579209237422,0.6361302101447919,-0.010414682724890038,unit_mode_chain_amplitude,stellarator-linear-scan:stella-geometry
0.2,146,0.0703125,-0.7538161937168418,1.1934817669695799,0.6361302101447919,-0.010414682724890038,unit_mode_chain_amplitude,stellarator-linear-scan:stella-geometry
0.2,147,0.07421875,-0.8516940563261209,1.2948156528444803,0.6361302101447919,-0.010414682724890038,unit_mode_chain_amplitude,stellarator-linear-scan:stella-geometry
0.2,148,0.078125,-0.8810248806165052,1.4088395755721475,0.6361302101447919,-0.010414682724890038,unit_mode_chain_amplitude,stellarator-linear-scan:stella-geometry
0.2,149,0.08203125,-0.7610165318887406,1.4416143243889286,0.6361302101447919,-0.010414682724890038,unit_mode_chain_amplitude,stellarator-linear-scan:stella-geometry
0.2,150,0.0859375,-0.41767476561653105,1.3097849677494837,0.6361302101447919,-0.010414682724890038,unit_mode_chain_amplitude,stellarator-linear-scan:stella-geometry
0.2,151,0.08984375,0.1585133950248859,0.9424074621567158,0.6361302101447919,-0.010414682724890038,unit_mode_chain_amplitude,stellarator-linear-scan:stella-geometry
0.2,152,0.09375,0.566621556801061,0.47045409240284625,0.6361302101447919,-0.010414682724890038,unit_mode_chain_amplitude,stellarator-linear-scan:stella-geometry
0.2,153,0.09765625,0.7239418042233805,0.05060413824501635,0.6361302101447919,-0.010414682724890038,unit_mode_chain_amplitude,stellarator-linear-scan:stella-geometry
0.2,154,0.1015625,0.7962887256079573,-0.287590496427677,0.6361302101447919,-0.010414682724890038,unit_mode_chain_amplitude,stellarator-linear-scan:stella-geometry
0.2,155,0.10546875,0.8396442338966141,-0.6399138040947897,0.6361302101447919,-0.010414682724890038,unit_mode_chain_amplitude,stellarator-linear-scan:stella-geometry
0.2,156,0.109375,0.7732344150891672,-0.99086784859631,0.6361302101447919,-0.010414682724890038,unit_mode_chain_amplitude,stellarator-linear-scan:stella-geometry
0.2,157,0.11328125,0.6112047024697574,-1.278715091794219,0.6361302101447919,-0.010414682724890038,unit_mode_chain_amplitude,stellarator-linear-scan:stella-geometry
0.2,158,0.1171875,0.29206603889692295,-1.4395093511390609,0.6361302101447919,-0.010414682724890038,unit_mode_chain_amplitude,stellarator-linear-scan:stella-geometry
0.2,159,0.12109375,-0.2111265370557621,-1.4266319598320312,0.6361302101447919,-0.010414682724890038,unit_mode_chain_amplitude,stellarator-linear-scan:stella-geometry
0.2,160,0.125,-0.6289377498692024,-1.300841896904738,0.6361302101447919,-0.010414682724890038,unit_mode_chain_amplitude,stellarator-linear-scan:stella-geometry
0.2,161,0.12890625,-0.8281348349597848,-1.109036405648135,0.6361302101447919,-0.010414682724890038,unit_mode_chain_amplitude,stellarator-linear-scan:stella-geometry
0.2,162,0.1328125,-0.8289718562718194,-0.8524015523461566,0.6361302101447919,-0.010414682724890038,unit_mode_chain_amplitude,stellarator-linear-scan:stella-geometry
0.2,163,0.13671875,-0.7302151974736476,-0.5917279051582172,0.6361302101447919,-0.010414682724890038,unit_mode_chain_amplitude,stellarator-linear-scan:stella-geometry
0.2,164,0.140625,-0.47476925266752085,-0.25368777433232004,0.6361302101447919,-0.010414682724890038,unit_mode_chain_amplitude,stellarator-linear-scan:stella-geometry
0.2,165,0.14453125,-0.09139643354214345,0.1473294492629648,0.6361302101447919,-0.010414682724890038,unit_mode_chain_amplitude,stellarator-linear-scan:stella-geometry
0.2,166,0.1484375,0.3028682919365604,0.5276290811590906,0.6361302101447919,-0.010414682724890038,unit_mode_chain_amplitude,stellarator-linear-scan:stella-geometry
0.2,167,0.15234375,0.5763095888821569,0.8024538890421976,0.6361302101447919,-0.010414682724890038,unit_mode_chain_amplitude,stellarator-linear-scan:stella-geometry
0.2,168,0.15625,0.721802886116068,0.9833428252264648,0.6361302101447919,-0.010414682724890038,unit_mode_chain_amplitude,stellarator-linear-scan:stella-geometry
0.2,169,0.16015625,0.7846825101666254,1.095860227231292,0.6361302101447919,-0.010414682724890038,unit_mode_chain_amplitude,stellarator-linear-scan:stella-geometry
0.2,170,0.1640625,0.8123307377352272,1.1758441859122504,0.6361302101447919,-0.010414682724890038,unit_mode_chain_amplitude,stellarator-linear-scan:stella-geometry
0.2,171,0.16796875,0.7553906609686877,1.216630715673481,0.6361302101447919,-0.010414682724890038,unit_mode_chain_amplitude,stellarator-linear-scan:stella-geometry
0.2,172,0.171875,0.5278460718080824,1.1337439138778944,0.6361302101447919,-0.010414682724890038,unit_mode_chain_amplitude,stellarator-linear-scan:stella-geometry
0.2,173,0.17578125,0.12507384144955444,0.9279441093377545,0.6361302101447919,-0.010414682724890038,unit_mode_chain_amplitude,stellarator-linear-scan:stella-geometry
0.2,174,0.1796875,-0.28419134156927434,0.6594996740050717,0.6361302101447919,-0.010414682724890038,unit_mode_chain_amplitude,stellarator-linear-scan:stella-geometry
0.2,175,0.18359375,-0.5656764265543626,0.36166010935160536,0.6361302101447919,-0.010414682724890038,unit_mode_chain_amplitude,stellarator-linear-scan:stella-geometry
0.2,176,0.1875,-0.770371532444637,0.06002659010024166,0.6361302101447919,-0.010414682724890038,unit_mode_chain_amplitude,stellarator-linear-scan:stella-geometry
0.2,177,0.19140625,-0.8235143200314813,-0.2983514983612505,0.6361302101447919,-0.010414682724890038,unit_mode_chain_amplitude,stellarator-linear-scan:stella-geometry
0.2,178,0.1953125,-0.7239917277305603,-0.6802871486911661,0.6361302101447919,-0.010414682724890038,unit_mode_chain_amplitude,stellarator-linear-scan:stella-geometry
0.2,179,0.19921875,-0.540457005946617,-0.9770448681054545,0.6361302101447919,-0.010414682724890038,unit_mode_chain_amplitude,stellarator-linear-scan:stella-geometry
0.2,180,0.203125,-0.1845821472284586,-1.1409399229330741,0.6361302101447919,-0.010414682724890038,unit_mode_chain_amplitude,stellarator-linear-scan:stella-geometry
0.2,181,0.20703125,0.21775004687874397,-1.1788709487439573,0.6361302101447919,-0.010414682724890038,unit_mode_chain_amplitude,stellarator-linear-scan:stella-geometry
0.2,182,0.2109375,0.5017260978313748,-1.1194746361124917,0.6361302101447919,-0.010414682724890038,unit_mode_chain_amplitude,stellarator-linear-scan:stella-geometry
0.2,183,0.21484375,0.6451080177501172,-1.010167560250039,0.6361302101447919,-0.010414682724890038,unit_mode_chain_amplitude,stellarator-linear-scan:stella-geometry
0.2,184,0.21875,0.7342853302211996,-0.9368337759751398,0.6361302101447919,-0.010414682724890038,unit_mode_chain_amplitude,stellarator-linear-scan:stella-geometry
0.2,185,0.22265625,0.7646281987900708,-0.8451666636214409,0.6361302101447919,-0.010414682724890038,unit_mode_chain_amplitude,stellarator-linear-scan:stella-geometry
0.2,186,0.2265625,0.5967352772618161,-0.6307103876401898,0.6361302101447919,-0.010414682724890038,unit_mode_chain_amplitude,stellarator-linear-scan:stella-geometry
0.2,187,0.23046875,0.17107747749911228,-0.2841405993446348,0.6361302101447919,-0.010414682724890038,unit_mode_chain_amplitude,stellarator-linear-scan:stella-geometry
0.2,188,0.234375,-0.2683845932898883,0.11405904496830285,0.6361302101447919,-0.010414682724890038,unit_mode_chain_amplitude,stellarator-linear-scan:stella-geometry
0.2,189,0.23828125,-0.5066291336515923,0.41646335626261727,0.6361302101447919,-0.010414682724890038,unit_mode_chain_amplitude,stellarator-linear-scan:stella-geometry
0.2,190,0.2421875,-0.6055106637751643,0.6130352747221981,0.6361302101447919,-0.010414682724890038,unit_mode_chain_amplitude,stellarator-linear-scan:stella-geometry
0.2,191,0.24609375,-0.67469469239472,0.8021466833891945,0.6361302101447919,-0.010414682724890038,unit_mode_chain_amplitude,stellarator-linear-scan:stella-geometry
0.2,192,0.25,-0.6979026063228531,1.0059991096792582,0.6361302101447919,-0.010414682724890038,unit_mode_chain_amplitude,stellarator-linear-scan:stella-geometry
0.2,193,0.25390625,-0.6778666988437662,1.142645394066054,0.6361302101447919,-0.010414682724890038,unit_mode_chain_amplitude,stellarator-linear-scan:stella-geometry
0.2,194,0.2578125,-0.620893777722188,1.1420608055579433,0.6361302101447919,-0.010414682724890038,unit_mode_chain_amplitude,stellarator-linear-scan:stella-geometry
0.2,195,0.26171875,-0.3040075595766825,1.0596257950586896,0.6361302101447919,-0.010414682724890038,unit_mode_chain_amplitude,stellarator-linear-scan:stella-geometry
0.2,196,0.265625,0.23676115459517763,0.8877695735009699,0.6361302101447919,-0.010414682724890038,unit_mode_chain_amplitude,stellarator-linear-scan:stella-geometry
0.2,197,0.26953125,0.5745751805419408,0.6209035246702119,0.6361302101447919,-0.010414682724890038,unit_mode_chain_amplitude,stellarator-linear-scan:stella-geometry
0.2,198,0.2734375,0.6541479658477527,0.3295003321233536,0.6361302101447919,-0.010414682724890038,unit_mode_chain_amplitude,stellarator-linear-scan:stella-geometry
0.2,199,0.27734375,0.6561963151111748,0.059846472121509516,0.6361302101447919,-0.010414682724890038,unit_mode_chain_amplitude,stellarator-linear-scan:stella-geometry
0.2,200,0.28125,0.5568414807537575,-0.2444874117752616,0.6361302101447919,-0.010414682724890038,unit_mode_chain_amplitude,stellarator-linear-scan:stella-geometry
0.2,201,0.28515625,0.3289799134128701,-0.576404546645441,0.6361302101447919,-0.010414682724890038,unit_mode_chain_amplitude,stellarator-linear-scan:stella-geometry
0.2,202,0.2890625,0.02610574796694778,-0.8601761736545083,0.6361302101447919,-0.010414682724890038,unit_mode_chain_amplitude,stellarator-linear-scan:stella-geometry
0.2,203,0.29296875,-0.23041331260342388,-0.972534060073029,0.6361302101447919,-0.010414682724890038,unit_mode_chain_amplitude,stellarator-linear-scan:stella-geometry
0.2,204,0.296875,-0.3897722999892844,-0.9381617017917552,0.6361302101447919,-0.010414682724890038,unit_mode_chain_amplitude,stellarator-linear-scan:stella-geometry
0.2,205,0.30078125,-0.5102646269239408,-0.8899876664419815,0.6361302101447919,-0.010414682724890038,unit_mode_chain_amplitude,stellarator-linear-scan:stella-geometry
0.2,206,0.3046875,-0.6013497685272966,-0.8024028669733075,0.6361302101447919,-0.010414682724890038,unit_mode_chain_amplitude,stellarator-linear-scan:stella-geometry
0.2,207,0.30859375,-0.6678393759298558,-0.7190113958995044,0.6361302101447919,-0.010414682724890038,unit_mode_chain_amplitude,stellarator-linear-scan:stella-geometry
0.2,208,0.3125,-0.6399848925610502,-0.5949218263564012,0.6361302101447919,-0.010414682724890038,unit_mode_chain_amplitude,stellarator-linear-scan:stella-geometry
0.2,209,0.31640625,-0.46358737371207437,-0.4244572599291781,0.6361302101447919,-0.010414682724890038,unit_mode_chain_amplitude,stellarator-linear-scan:stella-geometry
0.2,210,0.3203125,-0.11992037785556761,-0.19908275759770097,0.6361302101447919,-0.010414682724890038,unit_mode_chain_amplitude,stellarator-linear-scan:stella-geometry
0.2,211,0.32421875,0.22804426666052705,0.04559866107720752,0.6361302101447919,-0.010414682724890038,unit_mode_chain_amplitude,stellarator-linear-scan:stella-geometry
0.2,212,0.328125,0.5102398892387814,0.3034248308164563,0.6361302101447919,-0.010414682724890038,unit_mode_chain_amplitude,stellarator-linear-scan:stella-geometry
0.2,213,0.33203125,0.6465537340931782,0.572355132252088,0.6361302101447919,-0.010414682724890038,unit_mode_chain_amplitude,stellarator-linear-scan:stella-geometry
0.2,214,0.3359375,0.6204767293633986,0.7698880090365354,0.6361302101447919,-0.010414682724890038,unit_mode_chain_amplitude,stellarator-linear-scan:stella-geometry
0.2,215,0.33984375,0.6177793642799274,0.8884585895536684,0.6361302101447919,-0.010414682724890038,unit_mode_chain_amplitude,stellarator-linear-scan:stella-geometry
0.2,216,0.34375,0.5553991559849255,0.9023613320180814,0.6361302101447919,-0.010414682724890038,unit_mode_chain_amplitude,stellarator-linear-scan:stella-geometry
0.2,217,0.34765625,0.2578441625059539,0.8632478324085705,0.6361302101447919,-0.010414682724890038,unit_mode_chain_amplitude,stellarator-linear-scan:stella-geometry
0.2,218,0.3515625,-0.09514071144009444,0.7658032714789501,0.6361302101447919,-0.010414682724890038,unit_mode_chain_amplitude,stellarator-linear-scan:stella-geometry
0.2,219,0.35546875,-0.35258521832895107,0.6215685834566511,0.6361302101447919,-0.010414682724890038,unit_mode_chain_amplitude,stellarator-linear-scan:stella-geometry
0.2,220,0.359375,-0.4923111249524217,0.46023058988693094,0.6361302101447919,-0.010414682724890038,unit_mode_chain_amplitude,stellarator-linear-scan:stella-geometry
0.2,221,0.36328125,-0.6082859617218126,0.3044996484737268,0.6361302101447919,-0.010414682724890038,unit_mode_chain_amplitude,stellarator-linear-scan:stella-geometry
0.2,222,0.3671875,-0.5918512954144073,0.07920611880889267,0.6361302101447919,-0.010414682724890038,unit_mode_chain_amplitude,stellarator-linear-scan:stella-geometry
0.2,223,0.37109375,-0.3282673161301422,-0.23978666202137736,0.6361302101447919,-0.010414682724890038,unit_mode_chain_amplitude,stellarator-linear-scan:stella-geometry
0.2,224,0.375,0.010239482486368549,-0.5305500171013758,0.6361302101447919,-0.010414682724890038,unit_mode_chain_amplitude,stellarator-linear-scan:stella-geometry
0.2,225,0.37890625,0.2519012502144203,-0.6923684318353213,0.6361302101447919,-0.010414682724890038,unit_mode_chain_amplitude,stellarator-linear-scan:stella-geometry
0.2,226,0.3828125,0.38848566238121657,-0.7401778600606427,0.6361302101447919,-0.010414682724890038,unit_mode_chain_amplitude,stellarator-linear-scan:stella-geometry
0.2,227,0.38671875,0.4804841368774455,-0.760195479237528,0.6361302101447919,-0.010414682724890038,unit_mode_chain_amplitude,stellarator-linear-scan:stella-geometry
0.2,228,0.390625,0.5421293975371948,-0.8017442214677727,0.6361302101447919,-0.010414682724890038,unit_mode_chain_amplitude,stellarator-linear-scan:stella-geometry
0.2,229,0.39453125,0.5968897848242215,-0.8016804828281516,0.6361302101447919,-0.010414682724890038,unit_mode_chain_amplitude,stellarator-linear-scan:stella-geometry
0.2,230,0.3984375,0.6787162613177833,-0.7207387311148152,0.6361302101447919,-0.010414682724890038,unit_mode_chain_amplitude,stellarator-linear-scan:stella-geometry
0.2,231,0.40234375,0.6886181583601398,-0.5857114679900466,0.6361302101447919,-0.010414682724890038,unit_mode_chain_amplitude,stellarator-linear-scan:stella-geometry
0.2,232,0.40625,0.19620627647772826,-0.4327472252440133,0.6361302101447919,-0.010414682724890038,unit_mode_chain_amplitude,stellarator-linear-scan:stella-geometry
0.2,233,0.41015625,-0.28620175322420655,-0.19819587665399854,0.6361302101447919,-0.010414682724890038,unit_mode_chain_amplitude,stellarator-linear-scan:stella-geometry
0.2,234,0.4140625,-0.46202367415252915,0.04434103932279143,0.6361302101447919,-0.010414682724890038,unit_mode_chain_amplitude,stellarator-linear-scan:stella-geometry
0.2,235,0.41796875,-0.5076397192560683,0.247564968342088,0.6361302101447919,-0.010414682724890038,unit_mode_chain_amplitude,stellarator-linear-scan:stella-geometry
0.2,236,0.421875,-0.5282736129385842,0.47410411233918676,0.6361302101447919,-0.010414682724890038,unit_mode_chain_amplitude,stellarator-linear-scan:stella-geometry
0.2,237,0.42578125,-0.4651925957876417,0.700058555164567,0.6361302101447919,-0.010414682724890038,unit_mode_chain_amplitude,stellarator-linear-scan:stella-geometry
0.2,238,0.4296875,-0.3553651306651729,0.8528705104731269,0.6361302101447919,-0.010414682724890038,unit_mode_chain_amplitude,stellarator-linear-scan:stella-geometry
0.2,239,0.43359375,-0.2116881288494262,0.8774442113652504,0.6361302101447919,-0.010414682724890038,unit_mode_chain_amplitude,stellarator-linear-scan:stella-geometry
0.2,240,0.4375,0.01719062096622751,0.7793766481038875,0.6361302101447919,-0.010414682724890038,unit_mode_chain_amplitude,stellarator-linear-scan:stella-geometry
0.2,241,0.44140625,0.26019902298493897,0.6690104820029272,0.6361302101447919,-0.010414682724890038,unit_mode_chain_amplitude,stellarator-linear-scan:stella-geometry
0.2,242,0.4453125,0.43561610234963605,0.5548656658403971,0.6361302101447919,-0.010414682724890038,unit_mode_chain_amplitude,stellarator-linear-scan:stella-geometry
0.2,243,0.44921875,0.507159718195329,0.4224585702759754,0.6361302101447919,-0.010414682724890038,unit_mode_chain_amplitude,stellarator-linear-scan:stella-geometry
0.2,244,0.453125,0.5186175354061081,0.2693292886534972,0.6361302101447919,-0.010414682724890038,unit_mode_chain_amplitude,stellarator-linear-scan:stella-geometry
0.2,245,0.45703125,0.43725251631938805,0.08255297481032749,0.6361302101447919,-0.010414682724890038,unit_mode_chain_amplitude,stellarator-linear-scan:stella-geometry
0.2,246,0.4609375,0.19881308416957635,-0.14361650282056307,0.6361302101447919,-0.010414682724890038,unit_mode_chain_amplitude,stellarator-linear-scan:stella-geometry
0.2,247,0.46484375,-0.14347634599356027,-0.37951185560774,0.6361302101447919,-0.010414682724890038,unit_mode_chain_amplitude,stellarator-linear-scan:stella-geometry
0.2,248,0.46875,-0.402538283473475,-0.5717556935589235,0.6361302101447919,-0.010414682724890038,unit_mode_chain_amplitude,stellarator-linear-scan:stella-geometry
0.2,249,0.47265625,-0.49196646256040905,-0.6772594810517131,0.6361302101447919,-0.010414682724890038,unit_mode_chain_amplitude,stellarator-linear-scan:stella-geometry
0.2,250,0.4765625,-0.5017701456906122,-0.6689406143836534,0.6361302101447919,-0.010414682724890038,unit_mode_chain_amplitude,stellarator-linear-scan:stella-geometry
0.2,251,0.48046875,-0.5978648533578197,-0.6171470353308628,0.6361302101447919,-0.010414682724890038,unit_mode_chain_amplitude,stellarator-linear-scan:stella-geometry
0.2,252,0.484375,-0.7192891149610252,-0.5683031208375664,0.6361302101447919,-0.010414682724890038,unit_mode_chain_amplitude,stellarator-linear-scan:stella-geometry
0.2,253,0.48828125,-0.7115296646009561,-0.4928531894896356,0.6361302101447919,-0.010414682724890038,unit_mode_chain_amplitude,stellarator-linear-scan:stella-geometry
0.2,254,0.4921875,-0.43022998103449894,-0.41058659296400346,0.6361302101447919,-0.010414682724890038,unit_mode_chain_amplitude,stellarator-linear-scan:stella-geometry
0.2,255,0.49609375,-0.06404760829861077,-0.29402170335172406,0.6361302101447919,-0.010414682724890038,unit_mode_chain_amplitude,stellarator-linear-scan:stella-geometry
0.3,0,-0.5,-0.2843415660626945,-0.3292988420398286,0.5526896367666011,-0.009517363777267586,unit_mode_chain_amplitude,stellarator-linear-scan:stella-geometry
0.3,1,-0.49609375,-0.5690447141227629,-0.2518952487460602,0.5526896367666011,-0.009517363777267586,unit_mode_chain_amplitude,stellarator-linear-scan:stella-geometry
0.3,2,-0.4921875,-0.8953945605736536,-0.16875873947379547,0.5526896367666011,-0.009517363777267586,unit_mode_chain_amplitude,stellarator-linear-scan:stella-geometry
0.3,3,-0.48828125,-1.124072496649713,-0.10185945368539122,0.5526896367666011,-0.009517363777267586,unit_mode_chain_amplitude,stellarator-linear-scan:stella-geometry
0.3,4,-0.484375,-0.9793973787483728,-0.0008950595250671224,0.5526896367666011,-0.009517363777267586,unit_mode_chain_amplitude,stellarator-linear-scan:stella-geometry
0.3,5,-0.48046875,-0.5149037004964663,0.15183456839208656,0.5526896367666011,-0.009517363777267586,unit_mode_chain_amplitude,stellarator-linear-scan:stella-geometry
0.3,6,-0.4765625,0.07081387191641582,0.3838535373321672,0.5526896367666011,-0.009517363777267586,unit_mode_chain_amplitude,stellarator-linear-scan:stella-geometry
0.3,7,-0.47265625,0.46502999319922084,0.6538663352243234,0.5526896367666011,-0.009517363777267586,unit_mode_chain_amplitude,stellarator-linear-scan:stella-geometry
0.3,8,-0.46875,0.5624484454842072,0.7986928844726625,0.5526896367666011,-0.009517363777267586,unit_mode_chain_amplitude,stellarator-linear-scan:stella-geometry
0.3,9,-0.46484375,0.5991286367293691,0.7889890413727003,0.5526896367666011,-0.009517363777267586,unit_mode_chain_amplitude,stellarator-linear-scan:stella-geometry
0.3,10,-0.4609375,0.6364964725445541,0.6862480053831269,0.5526896367666011,-0.009517363777267586,unit_mode_chain_amplitude,stellarator-linear-scan:stella-geometry
0.3,11,-0.45703125,0.5415209324250775,0.5532486472511178,0.5526896367666011,-0.009517363777267586,unit_mode_chain_amplitude,stellarator-linear-scan:stella-geometry
0.3,12,-0.453125,0.2798640208027439,0.41910874910599044,0.5526896367666011,-0.009517363777267586,unit_mode_chain_amplitude,stellarator-linear-scan:stella-geometry
0.3,13,-0.44921875,-0.012650656980524921,0.27358623738672566,0.5526896367666011,-0.009517363777267586,unit_mode_chain_amplitude,stellarator-linear-scan:stella-geometry
0.3,14,-0.4453125,-0.2260849260417086,0.1277828908821985,0.5526896367666011,-0.009517363777267586,unit_mode_chain_amplitude,stellarator-linear-scan:stella-geometry
0.3,15,-0.44140625,-0.4682317169156084,-0.014401879532076507,0.5526896367666011,-0.009517363777267586,unit_mode_chain_amplitude,stellarator-linear-scan:stella-geometry
0.3,16,-0.4375,-0.7279833132940063,-0.17527612359808803,0.5526896367666011,-0.009517363777267586,unit_mode_chain_amplitude,stellarator-linear-scan:stella-geometry
0.3,17,-0.43359375,-0.8325923687462518,-0.3978106614204025,0.5526896367666011,-0.009517363777267586,unit_mode_chain_amplitude,stellarator-linear-scan:stella-geometry
0.3,18,-0.4296875,-0.5428685052368958,-0.6377440855040614,0.5526896367666011,-0.009517363777267586,unit_mode_chain_amplitude,stellarator-linear-scan:stella-geometry
0.3,19,-0.42578125,-0.11091820026053463,-0.7824580980293755,0.5526896367666011,-0.009517363777267586,unit_mode_chain_amplitude,stellarator-linear-scan:stella-geometry
0.3,20,-0.421875,0.17954517106374923,-0.7795584577449249,0.5526896367666011,-0.009517363777267586,unit_mode_chain_amplitude,stellarator-linear-scan:stella-geometry
0.3,21,-0.41796875,0.33778434918949035,-0.7004566954840828,0.5526896367666011,-0.009517363777267586,unit_mode_chain_amplitude,stellarator-linear-scan:stella-geometry
0.3,22,-0.4140625,0.5042023391442896,-0.6881580101820374,0.5526896367666011,-0.009517363777267586,unit_mode_chain_amplitude,stellarator-linear-scan:stella-geometry
0.3,23,-0.41015625,0.6333637933923212,-0.6105095417301458,0.5526896367666011,-0.009517363777267586,unit_mode_chain_amplitude,stellarator-linear-scan:stella-geometry
0.3,24,-0.40625,0.9062112932739812,-0.4136965358143558,0.5526896367666011,-0.009517363777267586,unit_mode_chain_amplitude,stellarator-linear-scan:stella-geometry
0.3,25,-0.40234375,1.208255255843891,-0.24773633323146024,0.5526896367666011,-0.009517363777267586,unit_mode_chain_amplitude,stellarator-linear-scan:stella-geometry
0.3,26,-0.3984375,0.8151366725045629,-0.091110346260492,0.5526896367666011,-0.009517363777267586,unit_mode_chain_amplitude,stellarator-linear-scan:stella-geometry
0.3,27,-0.39453125,0.19712384434377014,0.12337011597980961,0.5526896367666011,-0.009517363777267586,unit_mode_chain_amplitude,stellarator-linear-scan:stella-geometry
0.3,28,-0.390625,-0.24909795693021045,0.33779555853846804,0.5526896367666011,-0.009517363777267586,unit_mode_chain_amplitude,stellarator-linear-scan:stella-geometry
0.3,29,-0.38671875,-0.44588777574699967,0.5041122224864402,0.5526896367666011,-0.009517363777267586,unit_mode_chain_amplitude,stellarator-linear-scan:stella-geometry
0.3,30,-0.3828125,-0.5843295455346542,0.7032431195800676,0.5526896367666011,-0.009517363777267586,unit_mode_chain_amplitude,stellarator-linear-scan:stella-geometry
0.3,31,-0.37890625,-0.5992664253155261,0.9663007970607412,0.5526896367666011,-0.009517363777267586,unit_mode_chain_amplitude,stellarator-linear-scan:stella-geometry
0.3,32,-0.375,-0.39227629864455393,1.1638381897641066,0.5526896367666011,-0.009517363777267586,unit_mode_chain_amplitude,stellarator-linear-scan:stella-geometry
0.3,33,-0.37109375,-0.12184326385929675,1.1303235287888242,0.5526896367666011,-0.009517363777267586,unit_mode_chain_amplitude,stellarator-linear-scan:stella-geometry
0.3,34,-0.3671875,-0.018522007409637983,0.8273811278575757,0.5526896367666011,-0.009517363777267586,unit_mode_chain_amplitude,stellarator-linear-scan:stella-geometry
0.3,35,-0.36328125,0.10865333162408254,0.5219966796574287,0.5526896367666011,-0.009517363777267586,unit_mode_chain_amplitude,stellarator-linear-scan:stella-geometry
0.3,36,-0.359375,0.315418620898528,0.3124734018717116,0.5526896367666011,-0.009517363777267586,unit_mode_chain_amplitude,stellarator-linear-scan:stella-geometry
0.3,37,-0.35546875,0.512425693408044,0.145310854330879,0.5526896367666011,-0.009517363777267586,unit_mode_chain_amplitude,stellarator-linear-scan:stella-geometry
0.3,38,-0.3515625,0.6913382019396616,-0.02555309162681936,0.5526896367666011,-0.009517363777267586,unit_mode_chain_amplitude,stellarator-linear-scan:stella-geometry
0.3,39,-0.34765625,0.8737679585864492,-0.1926976976358747,0.5526896367666011,-0.009517363777267586,unit_mode_chain_amplitude,stellarator-linear-scan:stella-geometry
0.3,40,-0.34375,0.8878001099900558,-0.37193795412243286,0.5526896367666011,-0.009517363777267586,unit_mode_chain_amplitude,stellarator-linear-scan:stella-geometry
0.3,41,-0.33984375,0.39741741117942,-0.6300221444735942,0.5526896367666011,-0.009517363777267586,unit_mode_chain_amplitude,stellarator-linear-scan:stella-geometry
0.3,42,-0.3359375,-0.24346720332266963,-0.8722661609978841,0.5526896367666011,-0.009517363777267586,unit_mode_chain_amplitude,stellarator-linear-scan:stella-geometry
0.3,43,-0.33203125,-0.5288075852152755,-0.9635144948251702,0.5526896367666011,-0.009517363777267586,unit_mode_chain_amplitude,stellarator-linear-scan:stella-geometry
0.3,44,-0.328125,-0.5624005784544638,-0.8311184337527776,0.5526896367666011,-0.009517363777267586,unit_mode_chain_amplitude,stellarator-linear-scan:stella-geometry
0.3,45,-0.32421875,-0.668360372357669,-0.6891171392625969,0.5526896367666011,-0.009517363777267586,unit_mode_chain_amplitude,stellarator-linear-scan:stella-geometry
0.3,46,-0.3203125,-0.8100614904149377,-0.5619713048441337,0.5526896367666011,-0.009517363777267586,unit_mode_chain_amplitude,stellarator-linear-scan:stella-geometry
0.3,47,-0.31640625,-0.891657045370487,-0.41986150935954547,0.5526896367666011,-0.009517363777267586,unit_mode_chain_amplitude,stellarator-linear-scan:stella-geometry
0.3,48,-0.3125,-0.7231149361220682,-0.25734207094325173,0.5526896367666011,-0.009517363777267586,unit_mode_chain_amplitude,stellarator-linear-scan:stella-geometry
0.3,49,-0.30859375,-0.3747423528933037,-0.0848380708742211,0.5526896367666011,-0.009517363777267586,unit_mode_chain_amplitude,stellarator-linear-scan:stella-geometry
0.3,50,-0.3046875,0.032955375487938886,0.10002327037818796,0.5526896367666011,-0.009517363777267586,unit_mode_chain_amplitude,stellarator-linear-scan:stella-geometry
0.3,51,-0.30078125,0.43037501659293864,0.32427923221414456,0.5526896367666011,-0.009517363777267586,unit_mode_chain_amplitude,stellarator-linear-scan:stella-geometry
0.3,52,-0.296875,0.6750218323124985,0.5886312436955882,0.5526896367666011,-0.009517363777267586,unit_mode_chain_amplitude,stellarator-linear-scan:stella-geometry
0.3,53,-0.29296875,0.7267507888437674,0.9213813986542196,0.5526896367666011,-0.009517363777267586,unit_mode_chain_amplitude,stellarator-linear-scan:stella-geometry
0.3,54,-0.2890625,0.48385965361147937,1.1910963143841706,0.5526896367666011,-0.009517363777267586,unit_mode_chain_amplitude,stellarator-linear-scan:stella-geometry
0.3,55,-0.28515625,0.09220384729143394,1.2300289056859457,0.5526896367666011,-0.009517363777267586,unit_mode_chain_amplitude,stellarator-linear-scan:stella-geometry
0.3,56,-0.28125,-0.23752641834299745,1.0898083429505547,0.5526896367666011,-0.009517363777267586,unit_mode_chain_amplitude,stellarator-linear-scan:stella-geometry
0.3,57,-0.27734375,-0.4445669976250855,0.8695221765720145,0.5526896367666011,-0.009517363777267586,unit_mode_chain_amplitude,stellarator-linear-scan:stella-geometry
0.3,58,-0.2734375,-0.5988328265372006,0.6648485410595826,0.5526896367666011,-0.009517363777267586,unit_mode_chain_amplitude,stellarator-linear-scan:stella-geometry
0.3,59,-0.26953125,-0.7109451219360791,0.46566448344469374,0.5526896367666011,-0.009517363777267586,unit_mode_chain_amplitude,stellarator-linear-scan:stella-geometry
0.3,60,-0.265625,-0.8517387542186352,0.21794453110818648,0.5526896367666011,-0.009517363777267586,unit_mode_chain_amplitude,stellarator-linear-scan:stella-geometry
0.3,61,-0.26171875,-1.1056728357501442,-0.01133542132981399,0.5526896367666011,-0.009517363777267586,unit_mode_chain_amplitude,stellarator-linear-scan:stella-geometry
0.3,62,-0.2578125,-0.9837824477382778,-0.2592209738332795,0.5526896367666011,-0.009517363777267586,unit_mode_chain_amplitude,stellarator-linear-scan:stella-geometry
0.3,63,-0.25390625,-0.343417378864747,-0.5644474988942826,0.5526896367666011,-0.009517363777267586,unit_mode_chain_amplitude,stellarator-linear-scan:stella-geometry
0.3,64,-0.25,0.2192462398882884,-0.7908271020550319,0.5526896367666011,-0.009517363777267586,unit_mode_chain_amplitude,stellarator-linear-scan:stella-geometry
0.3,65,-0.24609375,0.49861081346392505,-0.895509337550693,0.5526896367666011,-0.009517363777267586,unit_mode_chain_amplitude,stellarator-linear-scan:stella-geometry
0.3,66,-0.2421875,0.6647424917238715,-0.9955649576226904,0.5526896367666011,-0.009517363777267586,unit_mode_chain_amplitude,stellarator-linear-scan:stella-geometry
0.3,67,-0.23828125,0.7593376447928492,-1.174391732915062,0.5526896367666011,-0.009517363777267586,unit_mode_chain_amplitude,stellarator-linear-scan:stella-geometry
0.3,68,-0.234375,0.655336913603581,-1.2673851009914188,0.5526896367666011,-0.009517363777267586,unit_mode_chain_amplitude,stellarator-linear-scan:stella-geometry
0.3,69,-0.23046875,0.45333947259097757,-1.1265391953297925,0.5526896367666011,-0.009517363777267586,unit_mode_chain_amplitude,stellarator-linear-scan:stella-geometry
0.3,70,-0.2265625,0.23101695182773774,-0.7628687729996116,0.5526896367666011,-0.009517363777267586,unit_mode_chain_amplitude,stellarator-linear-scan:stella-geometry
0.3,71,-0.22265625,-0.11100454834599666,-0.39479148865706193,0.5526896367666011,-0.009517363777267586,unit_mode_chain_amplitude,stellarator-linear-scan:stella-geometry
0.3,72,-0.21875,-0.4233097154375672,-0.07161225695118048,0.5526896367666011,-0.009517363777267586,unit_mode_chain_amplitude,stellarator-linear-scan:stella-geometry
0.3,73,-0.21484375,-0.6217075405800071,0.20615235823943626,0.5526896367666011,-0.009517363777267586,unit_mode_chain_amplitude,stellarator-linear-scan:stella-geometry
0.3,74,-0.2109375,-0.7475575719729995,0.48554189173625745,0.5526896367666011,-0.009517363777267586,unit_mode_chain_amplitude,stellarator-linear-scan:stella-geometry
0.3,75,-0.20703125,-0.8114406437874515,0.767190679640883,0.5526896367666011,-0.009517363777267586,unit_mode_chain_amplitude,stellarator-linear-scan:stella-geometry
0.3,76,-0.203125,-0.7817128968151146,1.0268550784904444,0.5526896367666011,-0.009517363777267586,unit_mode_chain_amplitude,stellarator-linear-scan:stella-geometry
0.3,77,-0.19921875,-0.45785313917588627,1.2605880613243257,0.5526896367666011,-0.009517363777267586,unit_mode_chain_amplitude,stellarator-linear-scan:stella-geometry
0.3,78,-0.1953125,0.22795536324204624,1.4074206472145359,0.5526896367666011,-0.009517363777267586,unit_mode_chain_amplitude,stellarator-linear-scan:stella-geometry
0.3,79,-0.19140625,0.6136931668946989,1.2778351810916182,0.5526896367666011,-0.009517363777267586,unit_mode_chain_amplitude,stellarator-linear-scan:stella-geometry
0.3,80,-0.1875,0.6730187123821312,0.982153139301547,0.5526896367666011,-0.009517363777267586,unit_mode_chain_amplitude,stellarator-linear-scan:stella-geometry
0.3,81,-0.18359375,0.7320021291739395,0.713912543491957,0.5526896367666011,-0.009517363777267586,unit_mode_chain_amplitude,stellarator-linear-scan:stella-geometry
0.3,82,-0.1796875,0.8157720749966876,0.4953170164265532,0.5526896367666011,-0.009517363777267586,unit_mode_chain_amplitude,stellarator-linear-scan:stella-geometry
0.3,83,-0.17578125,0.8719038747683263,0.24170043797790564,0.5526896367666011,-0.009517363777267586,unit_mode_chain_amplitude,stellarator-linear-scan:stella-geometry
0.3,84,-0.171875,0.7990757268761449,-0.030660754866231568,0.5526896367666011,-0.009517363777267586,unit_mode_chain_amplitude,stellarator-linear-scan:stella-geometry
0.3,85,-0.16796875,0.4343989354306231,-0.31614024690940684,0.5526896367666011,-0.009517363777267586,unit_mode_chain_amplitude,stellarator-linear-scan:stella-geometry
0.3,86,-0.1640625,-0.05230438844653091,-0.5745372125852644,0.5526896367666011,-0.009517363777267586,unit_mode_chain_amplitude,stellarator-linear-scan:stella-geometry
0.3,87,-0.16015625,-0.5147299696103075,-0.8371144118295638,0.5526896367666011,-0.009517363777267586,unit_mode_chain_amplitude,stellarator-linear-scan:stella-geometry
0.3,88,-0.15625,-0.7964755938150548,-1.1040101564974296,0.5526896367666011,-0.009517363777267586,unit_mode_chain_amplitude,stellarator-linear-scan:stella-geometry
0.3,89,-0.15234375,-0.8397024294368614,-1.3336653338753603,0.5526896367666011,-0.009517363777267586,unit_mode_chain_amplitude,stellarator-linear-scan:stella-geometry
0.3,90,-0.1484375,-0.6544000082973161,-1.4761053391624395,0.5526896367666011,-0.009517363777267586,unit_mode_chain_amplitude,stellarator-linear-scan:stella-geometry
0.3,91,-0.14453125,-0.2789951462835215,-1.4171626779076687,0.5526896367666011,-0.009517363777267586,unit_mode_chain_amplitude,stellarator-linear-scan:stella-geometry
0.3,92,-0.140625,0.1420296362279128,-1.149419215404485,0.5526896367666011,-0.009517363777267586,unit_mode_chain_amplitude,stellarator-linear-scan:stella-geometry
0.3,93,-0.13671875,0.47861984089939547,-0.7910886749950997,0.5526896367666011,-0.009517363777267586,unit_mode_chain_amplitude,stellarator-linear-scan:stella-geometry
0.3,94,-0.1328125,0.7008352522232325,-0.42434877692415457,0.5526896367666011,-0.009517363777267586,unit_mode_chain_amplitude,stellarator-linear-scan:stella-geometry
0.3,95,-0.12890625,0.8462144767197124,-0.078307679041588,0.5526896367666011,-0.009517363777267586,unit_mode_chain_amplitude,stellarator-linear-scan:stella-geometry
0.3,96,-0.125,0.9002527483460813,0.26260984226145645,0.5526896367666011,-0.009517363777267586,unit_mode_chain_amplitude,stellarator-linear-scan:stella-geometry
0.3,97,-0.12109375,0.9976176637348085,0.5714711343522043,0.5526896367666011,-0.009517363777267586,unit_mode_chain_amplitude,stellarator-linear-scan:stella-geometry
0.3,98,-0.1171875,1.0091778720398823,0.8613840707568946,0.5526896367666011,-0.009517363777267586,unit_mode_chain_amplitude,stellarator-linear-scan:stella-geometry
0.3,99,-0.11328125,0.5664264433028444,1.1252179727055365,0.5526896367666011,-0.009517363777267586,unit_mode_chain_amplitude,stellarator-linear-scan:stella-geometry
0.3,100,-0.109375,-0.07531192737295424,1.284813779884367,0.5526896367666011,-0.009517363777267586,unit_mode_chain_amplitude,stellarator-linear-scan:stella-geometry
0.3,101,-0.10546875,-0.5226189391738028,1.2829074417279196,0.5526896367666011,-0.009517363777267586,unit_mode_chain_amplitude,stellarator-linear-scan:stella-geometry
0.3,102,-0.1015625,-0.7221922662672057,1.1634224339589934,0.5526896367666011,-0.009517363777267586,unit_mode_chain_amplitude,stellarator-linear-scan:stella-geometry
0.3,103,-0.09765625,-0.8715868473661458,1.121929107891743,0.5526896367666011,-0.009517363777267586,unit_mode_chain_amplitude,stellarator-linear-scan:stella-geometry
0.3,104,-0.09375,-0.8825719638625935,1.06034079549363,0.5526896367666011,-0.009517363777267586,unit_mode_chain_amplitude,stellarator-linear-scan:stella-geometry
0.3,105,-0.08984375,-0.7007880939380752,0.783796091260883,0.5526896367666011,-0.009517363777267586,unit_mode_chain_amplitude,stellarator-linear-scan:stella-geometry
0.3,106,-0.0859375,-0.4885232286568825,0.3564061069909251,0.5526896367666011,-0.009517363777267586,unit_mode_chain_amplitude,stellarator-linear-scan:stella-geometry
0.3,107,-0.08203125,-0.021177018281543093,-0.08495432324230624,0.5526896367666011,-0.009517363777267586,unit_mode_chain_amplitude,stellarator-linear-scan:stella-geometry
0.3,108,-0.078125,0.4177733592712544,-0.44993376881529334,0.5526896367666011,-0.009517363777267586,unit_mode_chain_amplitude,stellarator-linear-scan:stella-geometry
0.3,109,-0.07421875,0.7025881404540818,-0.7311191852895981,0.5526896367666011,-0.009517363777267586,unit_mode_chain_amplitude,stellarator-linear-scan:stella-geometry
0.3,110,-0.0703125,0.8318513445863617,-0.9773709374948247,0.5526896367666011,-0.009517363777267586,unit_mode_chain_amplitude,stellarator-linear-scan:stella-geometry
0.3,111,-0.06640625,0.8877814265033449,-1.2291504293289963,0.5526896367666011,-0.009517363777267586,unit_mode_chain_amplitude,stellarator-linear-scan:stella-geometry
0.3,112,-0.0625,0.8504155762524861,-1.4747483199599867,0.5526896367666011,-0.009517363777267586,unit_mode_chain_amplitude,stellarator-linear-scan:stella-geometry
0.3,113,-0.05859375,0.6244964946651779,-1.605737833524774,0.5526896367666011,-0.009517363777267586,unit_mode_chain_amplitude,stellarator-linear-scan:stella-geometry
0.3,114,-0.0546875,0.04076339185753454,-1.5946083260842872,0.5526896367666011,-0.009517363777267586,unit_mode_chain_amplitude,stellarator-linear-scan:stella-geometry
0.3,115,-0.05078125,-0.575117037140289,-1.317205979360936,0.5526896367666011,-0.009517363777267586,unit_mode_chain_amplitude,stellarator-linear-scan:stella-geometry
0.3,116,-0.046875,-0.7681150412363518,-0.8482772298982264,0.5526896367666011,-0.009517363777267586,unit_mode_chain_amplitude,stellarator-linear-scan:stella-geometry
0.3,117,-0.04296875,-0.8105348544499269,-0.43551861327927255,0.5526896367666011,-0.009517363777267586,unit_mode_chain_amplitude,stellarator-linear-scan:stella-geometry
0.3,118,-0.0390625,-0.8672475010693828,-0.09916624910105394,0.5526896367666011,-0.009517363777267586,unit_mode_chain_amplitude,stellarator-linear-scan:stella-geometry
0.3,119,-0.03515625,-0.8637901641463253,0.2523165694887372,0.5526896367666011,-0.009517363777267586,unit_mode_chain_amplitude,stellarator-linear-scan:stella-geometry
0.3,120,-0.03125,-0.8065393862785027,0.6012666979002118,0.5526896367666011,-0.009517363777267586,unit_mode_chain_amplitude,stellarator-linear-scan:stella-geometry
0.3,121,-0.02734375,-0.5884164677582907,0.9149702598111468,0.5526896367666011,-0.009517363777267586,unit_mode_chain_amplitude,stellarator-linear-scan:stella-geometry
0.3,122,-0.0234375,-0.06462463947599217,1.1541875102206547,0.5526896367666011,-0.009517363777267586,unit_mode_chain_amplitude,stellarator-linear-scan:stella-geometry
0.3,123,-0.01953125,0.491166246539189,1.2887508904401799,0.5526896367666011,-0.009517363777267586,unit_mode_chain_amplitude,stellarator-linear-scan:stella-geometry
0.3,124,-0.015625,0.8531527806525263,1.4053393568884196,0.5526896367666011,-0.009517363777267586,unit_mode_chain_amplitude,stellarator-linear-scan:stella-geometry
0.3,125,-0.01171875,0.9463599405584775,1.40332068040848,0.5526896367666011,-0.009517363777267586,unit_mode_chain_amplitude,stellarator-linear-scan:stella-geometry
0.3,126,-0.0078125,0.8308122931644399,1.3032395872522078,0.5526896367666011,-0.009517363777267586,unit_mode_chain_amplitude,stellarator-linear-scan:stella-geometry
0.3,127,-0.00390625,0.5381286228600842,1.0908242496283975,0.5526896367666011,-0.009517363777267586,unit_mode_chain_amplitude,stellarator-linear-scan:stella-geometry
0.3,128,0.0,0.11535151320286256,0.7611644561851806,0.5526896367666011,-0.009517363777267586,unit_mode_chain_amplitude,stellarator-linear-scan:stella-geometry
0.3,129,0.00390625,-0.3220311558931014,0.32805915506548516,0.5526896367666011,-0.009517363777267586,unit_mode_chain_amplitude,stellarator-linear-scan:stella-geometry
0.3,130,0.0078125,-0.6603210418303114,-0.09996623520801624,0.5526896367666011,-0.009517363777267586,unit_mode_chain_amplitude,stellarator-linear-scan:stella-geometry
0.3,131,0.01171875,-0.855498645968534,-0.48127851049184583,0.5526896367666011,-0.009517363777267586,unit_mode_chain_amplitude,stellarator-linear-scan:stella-geometry
0.3,132,0.015625,-0.9248317423193319,-0.7976375909107525,0.5526896367666011,-0.009517363777267586,unit_mode_chain_amplitude,stellarator-linear-scan:stella-geometry
0.3,133,0.01953125,-0.9327558731407097,-1.024530196222994,0.5526896367666011,-0.009517363777267586,unit_mode_chain_amplitude,stellarator-linear-scan:stella-geometry
0.3,134,0.0234375,-0.9814759910997853,-1.2417674904851739,0.5526896367666011,-0.009517363777267586,unit_mode_chain_amplitude,stellarator-linear-scan:stella-geometry
0.3,135,0.02734375,-0.8288253874539203,-1.3694763784288297,0.5526896367666011,-0.009517363777267586,unit_mode_chain_amplitude,stellarator-linear-scan:stella-geometry
0.3,136,0.03125,-0.32359159625874284,-1.3706723229170874,0.5526896367666011,-0.009517363777267586,unit_mode_chain_amplitude,stellarator-linear-scan:stella-geometry
0.3,137,0.03515625,0.2429150423528315,-1.2434096559454468,0.5526896367666011,-0.009517363777267586,unit_mode_chain_amplitude,stellarator-linear-scan:stella-geometry
0.3,138,0.0390625,0.6209773664752826,-1.0139490987537383,0.5526896367666011,-0.009517363777267586,unit_mode_chain_amplitude,stellarator-linear-scan:stella-geometry
0.3,139,0.04296875,0.8112815390632937,-0.7524059097719087,0.5526896367666011,-0.009517363777267586,unit_mode_chain_amplitude,stellarator-linear-scan:stella-geometry
0.3,140,0.046875,0.9407263661495885,-0.5042778091658632,0.5526896367666011,-0.009517363777267586,unit_mode_chain_amplitude,stellarator-linear-scan:stella-geometry
0.3,141,0.05078125,0.8520364410256135,-0.12997660856879495,0.5526896367666011,-0.009517363777267586,unit_mode_chain_amplitude,stellarator-linear-scan:stella-geometry
0.3,142,0.0546875,0.6559372517887511,0.3192168263541316,0.5526896367666011,-0.009517363777267586,unit_mode_chain_amplitude,stellarator-linear-scan:stella-geometry
0.3,143,0.05859375,0.3292817565266198,0.7029734579541478,0.5526896367666011,-0.009517363777267586,unit_mode_chain_amplitude,stellarator-linear-scan:stella-geometry
0.3,144,0.0625,-0.1725370288963149,0.9876938614726998,0.5526896367666011,-0.009517363777267586,unit_mode_chain_amplitude,stellarator-linear-scan:stella-geometry
0.3,145,0.06640625,-0.5504627497043146,1.1317480958096913,0.5526896367666011,-0.009517363777267586,unit_mode_chain_amplitude,stellarator-linear-scan:stella-geometry
0.3,146,0.0703125,-0.7636009361025552,1.2090178344803009,0.5526896367666011,-0.009517363777267586,unit_mode_chain_amplitude,stellarator-linear-scan:stella-geometry
0.3,147,0.07421875,-0.8543797387708004,1.274631858288533,0.5526896367666011,-0.009517363777267586,unit_mode_chain_amplitude,stellarator-linear-scan:stella-geometry
0.3,148,0.078125,-0.8971848271936653,1.336722355061434,0.5526896367666011,-0.009517363777267586,unit_mode_chain_amplitude,stellarator-linear-scan:stella-geometry
0.3,149,0.08203125,-0.8135823233056728,1.3267509676267935,0.5526896367666011,-0.009517363777267586,unit_mode_chain_amplitude,stellarator-linear-scan:stella-geometry
0.3,150,0.0859375,-0.4806000308142521,1.1729677583032665,0.5526896367666011,-0.009517363777267586,unit_mode_chain_amplitude,stellarator-linear-scan:stella-geometry
0.3,151,0.08984375,0.21989489592932954,0.8210573138964,0.5526896367666011,-0.009517363777267586,unit_mode_chain_amplitude,stellarator-linear-scan:stella-geometry
0.3,152,0.09375,0.6491958002051688,0.34593398236413847,0.5526896367666011,-0.009517363777267586,unit_mode_chain_amplitude,stellarator-linear-scan:stella-geometry
0.3,153,0.09765625,0.7471902782868196,-0.061519538097035045,0.5526896367666011,-0.009517363777267586,unit_mode_chain_amplitude,stellarator-linear-scan:stella-geometry
0.3,154,0.1015625,0.7981180667456717,-0.37707742330249283,0.5526896367666011,-0.009517363777267586,unit_mode_chain_amplitude,stellarator-linear-scan:stella-geometry
0.3,155,0.10546875,0.8440418563513293,-0.7127683701986701,0.5526896367666011,-0.009517363777267586,unit_mode_chain_amplitude,stellarator-linear-scan:stella-geometry
0.3,156,0.109375,0.8251320524616652,-1.008247035849919,0.5526896367666011,-0.009517363777267586,unit_mode_chain_amplitude,stellarator-linear-scan:stella-geometry
0.3,157,0.11328125,0.7914684314640558,-1.199256320223705,0.5526896367666011,-0.009517363777267586,unit_mode_chain_amplitude,stellarator-linear-scan:stella-geometry
0.3,158,0.1171875,0.5559815795115854,-1.2869841311994006,0.5526896367666011,-0.009517363777267586,unit_mode_chain_amplitude,stellarator-linear-scan:stella-geometry
0.3,159,0.12109375,-0.05110123530512668,-1.2919864808987949,0.5526896367666011,-0.009517363777267586,unit_mode_chain_amplitude,stellarator-linear-scan:stella-geometry
0.3,160,0.125,-0.6050533533104642,-1.2162800862795855,0.5526896367666011,-0.009517363777267586,unit_mode_chain_amplitude,stellarator-linear-scan:stella-geometry
0.3,161,0.12890625,-0.8492944626505209,-1.0444973883050763,0.5526896367666011,-0.009517363777267586,unit_mode_chain_amplitude,stellarator-linear-scan:stella-geometry
0.3,162,0.1328125,-0.8283672773943159,-0.7747461559219335,0.5526896367666011,-0.009517363777267586,unit_mode_chain_amplitude,stellarator-linear-scan:stella-geometry
0.3,163,0.13671875,-0.6921197045915537,-0.49044696445587693,0.5526896367666011,-0.009517363777267586,unit_mode_chain_amplitude,stellarator-linear-scan:stella-geometry
0.3,164,0.140625,-0.3917154747406171,-0.12841508843388308,0.5526896367666011,-0.009517363777267586,unit_mode_chain_amplitude,stellarator-linear-scan:stella-geometry
0.3,165,0.14453125,0.020012612686551197,0.28825234374796177,0.5526896367666011,-0.009517363777267586,unit_mode_chain_amplitude,stellarator-linear-scan:stella-geometry
0.3,166,0.1484375,0.3979647753162722,0.6589619599352546,0.5526896367666011,-0.009517363777267586,unit_mode_chain_amplitude,stellarator-linear-scan:stella-geometry
0.3,167,0.15234375,0.6169847500906263,0.8921583037935532,0.5526896367666011,-0.009517363777267586,unit_mode_chain_amplitude,stellarator-linear-scan:stella-geometry
0.3,168,0.15625,0.7126497694203899,1.0054085687497196,0.5526896367666011,-0.009517363777267586,unit_mode_chain_amplitude,stellarator-linear-scan:stella-geometry
0.3,169,0.16015625,0.7793674229191262,1.0339326776286517,0.5526896367666011,-0.009517363777267586,unit_mode_chain_amplitude,stellarator-linear-scan:stella-geometry
0.3,170,0.1640625,0.8894494145977491,1.0357867848153366,0.5526896367666011,-0.009517363777267586,unit_mode_chain_amplitude,stellarator-linear-scan:stella-geometry
0.3,171,0.16796875,0.9458103404754858,1.031757581350256,0.5526896367666011,-0.009517363777267586,unit_mode_chain_amplitude,stellarator-linear-scan:stella-geometry
0.3,172,0.171875,0.7896774264991602,0.9390555566836107,0.5526896367666011,-0.009517363777267586,unit_mode_chain_amplitude,stellarator-linear-scan:stella-geometry
0.3,173,0.17578125,0.3405682641449502,0.7659316319522618,0.5526896367666011,-0.009517363777267586,unit_mode_chain_amplitude,stellarator-linear-scan:stella-geometry
0.3,174,0.1796875,-0.16613220823461497,0.5351111090932476,0.5526896367666011,-0.009517363777267586,unit_mode_chain_amplitude,stellarator-linear-scan:stella-geometry
0.3,175,0.18359375,-0.5150864096991425,0.2612380549945111,0.5526896367666011,-0.009517363777267586,unit_mode_chain_amplitude,stellarator-linear-scan:stella-geometry
0.3,176,0.1875,-0.7663268118770481,-0.03443746644742135,0.5526896367666011,-0.009517363777267586,unit_mode_chain_amplitude,stellarator-linear-scan:stella-geometry
0.3,177,0.19140625,-0.8164772429359807,-0.4109297413242963,0.5526896367666011,-0.009517363777267586,unit_mode_chain_amplitude,stellarator-linear-scan:stella-geometry
0.3,178,0.1953125,-0.7253905176655874,-0.7695421870241874,0.5526896367666011,-0.009517363777267586,unit_mode_chain_amplitude,stellarator-linear-scan:stella-geometry
0.3,179,0.19921875,-0.6740363900560499,-0.9679413833189666,0.5526896367666011,-0.009517363777267586,unit_mode_chain_amplitude,stellarator-linear-scan:stella-geometry
0.3,180,0.203125,-0.35001145480666757,-1.0775130119281733,0.5526896367666011,-0.009517363777267586,unit_mode_chain_amplitude,stellarator-linear-scan:stella-geometry
0.3,181,0.20703125,0.11649896306278583,-1.1083446100570322,0.5526896367666011,-0.009517363777267586,unit_mode_chain_amplitude,stellarator-linear-scan:stella-geometry
0.3,182,0.2109375,0.4567518199393599,-1.0479355176618237,0.5526896367666011,-0.009517363777267586,unit_mode_chain_amplitude,stellarator-linear-scan:stella-geometry
0.3,183,0.21484375,0.6278386424687217,-0.9294821191345856,0.5526896367666011,-0.009517363777267586,unit_mode_chain_amplitude,stellarator-linear-scan:stella-geometry
0.3,184,0.21875,0.7419971772724908,-0.8303700678019231,0.5526896367666011,-0.009517363777267586,unit_mode_chain_amplitude,stellarator-linear-scan:stella-geometry
0.3,185,0.22265625,0.8239368821427399,-0.7197431249139404,0.5526896367666011,-0.009517363777267586,unit_mode_chain_amplitude,stellarator-linear-scan:stella-geometry
0.3,186,0.2265625,0.6798948749520121,-0.5049173550525529,0.5526896367666011,-0.009517363777267586,unit_mode_chain_amplitude,stellarator-linear-scan:stella-geometry
0.3,187,0.23046875,0.1686463854309806,-0.16087519380170962,0.5526896367666011,-0.009517363777267586,unit_mode_chain_amplitude,stellarator-linear-scan:stella-geometry
0.3,188,0.234375,-0.329083146269813,0.23386142031248125,0.5526896367666011,-0.009517363777267586,unit_mode_chain_amplitude,stellarator-linear-scan:stella-geometry
0.3,189,0.23828125,-0.5276402021370458,0.5047429979973584,0.5526896367666011,-0.009517363777267586,unit_mode_chain_amplitude,stellarator-linear-scan:stella-geometry
0.3,190,0.2421875,-0.5925755861655055,0.6503565565786424,0.5526896367666011,-0.009517363777267586,unit_mode_chain_amplitude,stellarator-linear-scan:stella-geometry
0.3,191,0.24609375,-0.6722241862369738,0.8056397086612587,0.5526896367666011,-0.009517363777267586,unit_mode_chain_amplitude,stellarator-linear-scan:stella-geometry
0.3,192,0.25,-0.7304699353892129,0.9633851636517535,0.5526896367666011,-0.009517363777267586,unit_mode_chain_amplitude,stellarator-linear-scan:stella-geometry
0.3,193,0.25390625,-0.8351340194054294,1.00574232386515,0.5526896367666011,-0.009517363777267586,unit_mode_chain_amplitude,stellarator-linear-scan:stella-geometry
0.3,194,0.2578125,-0.9717877786663222,0.9117290465545487,0.5526896367666011,-0.009517363777267586,unit_mode_chain_amplitude,stellarator-linear-scan:stella-geometry
0.3,195,0.26171875,-0.6663003696144646,0.8349906176879516,0.5526896367666011,-0.009517363777267586,unit_mode_chain_amplitude,stellarator-linear-scan:stella-geometry
0.3,196,0.265625,0.0761816255841024,0.7423882615119953,0.5526896367666011,-0.009517363777267586,unit_mode_chain_amplitude,stellarator-linear-scan:stella-geometry
0.3,197,0.26953125,0.5618971226837216,0.5275773680956269,0.5526896367666011,-0.009517363777267586,unit_mode_chain_amplitude,stellarator-linear-scan:stella-geometry
0.3,198,0.2734375,0.6586324020605705,0.24429532258166256,0.5526896367666011,-0.009517363777267586,unit_mode_chain_amplitude,stellarator-linear-scan:stella-geometry
0.3,199,0.27734375,0.6543493964734642,-0.027611419383685616,0.5526896367666011,-0.009517363777267586,unit_mode_chain_amplitude,stellarator-linear-scan:stella-geometry
0.3,200,0.28125,0.5362725919833798,-0.3387975294153035,0.5526896367666011,-0.009517363777267586,unit_mode_chain_amplitude,stellarator-linear-scan:stella-geometry
0.3,201,0.28515625,0.2964116870669936,-0.6672370279840579,0.5526896367666011,-0.009517363777267586,unit_mode_chain_amplitude,stellarator-linear-scan:stella-geometry
0.3,202,0.2890625,0.023652470842316156,-0.9166371205568216,0.5526896367666011,-0.009517363777267586,unit_mode_chain_amplitude,stellarator-linear-scan:stella-geometry
0.3,203,0.29296875,-0.16444778724302683,-0.9558085180245959,0.5526896367666011,-0.009517363777267586,unit_mode_chain_amplitude,stellarator-linear-scan:stella-geometry
0.3,204,0.296875,-0.29396997210956305,-0.8486072359968893,0.5526896367666011,-0.009517363777267586,unit_mode_chain_amplitude,stellarator-linear-scan:stella-geometry
0.3,205,0.30078125,-0.4461278769227509,-0.7446666819727518,0.5526896367666011,-0.009517363777267586,unit_mode_chain_amplitude,stellarator-linear-scan:stella-geometry
0.3,206,0.3046875,-0.6324452312608905,-0.6276629997684137,0.5526896367666011,-0.009517363777267586,unit_mode_chain_amplitude,stellarator-linear-scan:stella-geometry
0.3,207,0.30859375,-0.8233166326266093,-0.5433340654756501,0.5526896367666011,-0.009517363777267586,unit_mode_chain_amplitude,stellarator-linear-scan:stella-geometry
0.3,208,0.3125,-0.9074280868466855,-0.439684956020081,0.5526896367666011,-0.009517363777267586,unit_mode_chain_amplitude,stellarator-linear-scan:stella-geometry
0.3,209,0.31640625,-0.7787575055899097,-0.30904799813533407,0.5526896367666011,-0.009517363777267586,unit_mode_chain_amplitude,stellarator-linear-scan:stella-geometry
0.3,210,0.3203125,-0.3704565529844858,-0.13119315007201998,0.5526896367666011,-0.009517363777267586,unit_mode_chain_amplitude,stellarator-linear-scan:stella-geometry
0.3,211,0.32421875,0.08058729785408547,0.07990439204992744,0.5526896367666011,-0.009517363777267586,unit_mode_chain_amplitude,stellarator-linear-scan:stella-geometry
0.3,212,0.328125,0.46732682714187307,0.3328320518509057,0.5526896367666011,-0.009517363777267586,unit_mode_chain_amplitude,stellarator-linear-scan:stella-geometry
0.3,213,0.33203125,0.6495144950685033,0.6247892405842986,0.5526896367666011,-0.009517363777267586,unit_mode_chain_amplitude,stellarator-linear-scan:stella-geometry
0.3,214,0.3359375,0.6405326912067378,0.7747739072116139,0.5526896367666011,-0.009517363777267586,unit_mode_chain_amplitude,stellarator-linear-scan:stella-geometry
0.3,215,0.33984375,0.7879520647465712,0.7688963040966537,0.5526896367666011,-0.009517363777267586,unit_mode_chain_amplitude,stellarator-linear-scan:stella-geometry
0.3,216,0.34375,0.8759805118496047,0.7010937080430165,0.5526896367666011,-0.009517363777267586,unit_mode_chain_amplitude,stellarator-linear-scan:stella-geometry
0.3,217,0.34765625,0.5504695103178927,0.6728398768033916,0.5526896367666011,-0.009517363777267586,unit_mode_chain_amplitude,stellarator-linear-scan:stella-geometry
0.3,218,0.3515625,0.09112610097401602,0.6148908378321929,0.5526896367666011,-0.009517363777267586,unit_mode_chain_amplitude,stellarator-linear-scan:stella-geometry
0.3,219,0.35546875,-0.2625863621833221,0.5052350267339388,0.5526896367666011,-0.009517363777267586,unit_mode_chain_amplitude,stellarator-linear-scan:stella-geometry
0.3,220,0.359375,-0.4633170425371525,0.3601781988892619,0.5526896367666011,-0.009517363777267586,unit_mode_chain_amplitude,stellarator-linear-scan:stella-geometry
0.3,221,0.36328125,-0.649124660669014,0.22067610305014793,0.5526896367666011,-0.009517363777267586,unit_mode_chain_amplitude,stellarator-linear-scan:stella-geometry
0.3,222,0.3671875,-0.6550232260171485,0.002718072194904008,0.5526896367666011,-0.009517363777267586,unit_mode_chain_amplitude,stellarator-linear-scan:stella-geometry
0.3,223,0.37109375,-0.3119255317392158,-0.3343307502579519,0.5526896367666011,-0.009517363777267586,unit_mode_chain_amplitude,stellarator-linear-scan:stella-geometry
0.3,224,0.375,0.051934990416123976,-0.6186455241492044,0.5526896367666011,-0.009517363777267586,unit_mode_chain_amplitude,stellarator-linear-scan:stella-geometry
0.3,225,0.37890625,0.2439489087393481,-0.7314813781724849,0.5526896367666011,-0.009517363777267586,unit_mode_chain_amplitude,stellarator-linear-scan:stella-geometry
0.3,226,0.3828125,0.34718507973887874,-0.7212351699347249,0.5526896367666011,-0.009517363777267586,unit_mode_chain_amplitude,stellarator-linear-scan:stella-geometry
0.3,227,0.38671875,0.45625723626315473,-0.710567153770945,0.5526896367666011,-0.009517363777267586,unit_mode_chain_amplitude,stellarator-linear-scan:stella-geometry
0.3,228,0.390625,0.5513579705119526,-0.7206381763231924,0.5526896367666011,-0.009517363777267586,unit_mode_chain_amplitude,stellarator-linear-scan:stella-geometry
0.3,229,0.39453125,0.7084483175829596,-0.6550090164014727,0.5526896367666011,-0.009517363777267586,unit_mode_chain_amplitude,stellarator-linear-scan:stella-geometry
0.3,230,0.3984375,0.9800366749517593,-0.5262771493945699,0.5526896367666011,-0.009517363777267586,unit_mode_chain_amplitude,stellarator-linear-scan:stella-geometry
0.3,231,0.40234375,1.1323978590453205,-0.4001428624616006,0.5526896367666011,-0.009517363777267586,unit_mode_chain_amplitude,stellarator-linear-scan:stella-geometry
0.3,232,0.40625,0.5044308764985406,-0.31712766166576467,0.5526896367666011,-0.009517363777267586,unit_mode_chain_amplitude,stellarator-linear-scan:stella-geometry
0.3,233,0.41015625,-0.19113830001241763,-0.12559376432464844,0.5526896367666011,-0.009517363777267586,unit_mode_chain_amplitude,stellarator-linear-scan:stella-geometry
0.3,234,0.4140625,-0.4385783624887995,0.09892356327453057,0.5526896367666011,-0.009517363777267586,unit_mode_chain_amplitude,stellarator-linear-scan:stella-geometry
0.3,235,0.41796875,-0.5038231542319511,0.27745900408358876,0.5526896367666011,-0.009517363777267586,unit_mode_chain_amplitude,stellarator-linear-scan:stella-geometry
0.3,236,0.421875,-0.5494112571258325,0.4918691817476189,0.5526896367666011,-0.009517363777267586,unit_mode_chain_amplitude,stellarator-linear-scan:stella-geometry
0.3,237,0.42578125,-0.5285357382044518,0.6853447655524767,0.5526896367666011,-0.009517363777267586,unit_mode_chain_amplitude,stellarator-linear-scan:stella-geometry
0.3,238,0.4296875,-0.5237039343997227,0.7653976440338628,0.5526896367666011,-0.009517363777267586,unit_mode_chain_amplitude,stellarator-linear-scan:stella-geometry
0.3,239,0.43359375,-0.4778895546801433,0.7153482596553632,0.5526896367666011,-0.009517363777267586,unit_mode_chain_amplitude,stellarator-linear-scan:stella-geometry
0.3,240,0.4375,-0.21609024284791042,0.602158099163626,0.5526896367666011,-0.009517363777267586,unit_mode_chain_amplitude,stellarator-linear-scan:stella-geometry
0.3,241,0.44140625,0.12795970022766245,0.5143025192656896,0.5526896367666011,-0.009517363777267586,unit_mode_chain_amplitude,stellarator-linear-scan:stella-geometry
0.3,242,0.4453125,0.40318534595877326,0.43136784480400187,0.5526896367666011,-0.009517363777267586,unit_mode_chain_amplitude,stellarator-linear-scan:stella-geometry
0.3,243,0.44921875,0.5499590653898798,0.32582578838123816,0.5526896367666011,-0.009517363777267586,unit_mode_chain_amplitude,stellarator-linear-scan:stella-geometry
0.3,244,0.453125,0.6435106246268666,0.19380030555297195,0.5526896367666011,-0.009517363777267586,unit_mode_chain_amplitude,stellarator-linear-scan:stella-geometry
0.3,245,0.45703125,0.6311911359983934,0.038004617622694296,0.5526896367666011,-0.009517363777267586,unit_mode_chain_amplitude,stellarator-linear-scan:stella-geometry
0.3,246,0.4609375,0.38328822942733776,-0.16063270052702788,0.5526896367666011,-0.009517363777267586,unit_mode_chain_amplitude,stellarator-linear-scan:stella-geometry
0.3,247,0.46484375,-0.05339218462403237,-0.39449590059714734,0.5526896367666011,-0.009517363777267586,unit_mode_chain_amplitude,stellarator-linear-scan:stella-geometry
0.3,248,0.46875,-0.3911461843878742,-0.5983070302817841,0.5526896367666011,-0.009517363777267586,unit_mode_chain_amplitude,stellarator-linear-scan:stella-geometry
0.3,249,0.47265625,-0.47619341433256795,-0.6633873002624697,0.5526896367666011,-0.009517363777267586,unit_mode_chain_amplitude,stellarator-linear-scan:stella-geometry
0.3,250,0.4765625,-0.5245674181202918,-0.5533457065623792,0.5526896367666011,-0.009517363777267586,unit_mode_chain_amplitude,stellarator-linear-scan:stella-geometry
0.3,251,0.48046875,-0.7714677463396232,-0.42252109272235666,0.5526896367666011,-0.009517363777267586,unit_mode_chain_amplitude,stellarator-linear-scan:stella-geometry
0.3,252,0.484375,-1.0414468684153626,-0.34667704236199826,0.5526896367666011,-0.009517363777267586,unit_mode_chain_amplitude,stellarator-linear-scan:stella-geometry
0.3,253,0.48828125,-1.100019005037229,-0.28971263907399325,0.5526896367666011,-0.009517363777267586,unit_mode_chain_amplitude,stellarator-linear-scan:stella-geometry
0.3,254,0.4921875,-0.7724740765241861,-0.2612502754990553,0.5526896367666011,-0.009517363777267586,unit_mode_chain_amplitude,stellarator-linear-scan:stella-geometry
0.3,255,0.49609375,-0.2940290408904697,-0.20281925263012515,0.5526896367666011,-0.009517363777267586,unit_mode_chain_amplitude,stellarator-linear-scan:stella-geometry
